DEBUG - 2026-04-28 01:32:41 --> Session: Class initialized using 'CodeIgniter\Session\Handlers\FileHandler' driver.
DEBUG - 2026-04-28 01:32:47 --> Session: Class initialized using 'CodeIgniter\Session\Handlers\FileHandler' driver.
DEBUG - 2026-04-28 01:32:47 --> Session: Class initialized using 'CodeIgniter\Session\Handlers\FileHandler' driver.
DEBUG - 2026-04-28 01:32:51 --> Session: Class initialized using 'CodeIgniter\Session\Handlers\FileHandler' driver.
DEBUG - 2026-04-28 01:32:52 --> Session: Class initialized using 'CodeIgniter\Session\Handlers\FileHandler' driver.
CRITICAL - 2026-04-28 01:32:54 --> ParseError: Unmatched '}'
[Method: GET, Route: peminjaman]
in APPPATH\Controllers\peminjaman.php on line 249.
 1 SYSTEMPATH\Autoloader\Autoloader.php(295): CodeIgniter\Autoloader\Autoloader->includeFile('C:\\xampp\\htdocs\\perpuska\\app\\Controllers\\Peminjaman.php')
 2 SYSTEMPATH\Autoloader\Autoloader.php(271): CodeIgniter\Autoloader\Autoloader->loadInNamespace('App\\Controllers\\Peminjaman')
 3 [internal function]: CodeIgniter\Autoloader\Autoloader->loadClass('App\\Controllers\\Peminjaman')
 4 SYSTEMPATH\CodeIgniter.php(885): class_exists('\\App\\Controllers\\Peminjaman', true)
 5 SYSTEMPATH\CodeIgniter.php(494): CodeIgniter\CodeIgniter->startController()
 6 SYSTEMPATH\CodeIgniter.php(354): CodeIgniter\CodeIgniter->handleRequest(null, Object(Config\Cache), false)
 7 SYSTEMPATH\Boot.php(363): CodeIgniter\CodeIgniter->run()
 8 SYSTEMPATH\Boot.php(68): CodeIgniter\Boot::runCodeIgniter(Object(CodeIgniter\CodeIgniter))
 9 FCPATH\index.php(59): CodeIgniter\Boot::bootWeb(Object(Config\Paths))
DEBUG - 2026-04-28 01:37:23 --> Session: Class initialized using 'CodeIgniter\Session\Handlers\FileHandler' driver.
DEBUG - 2026-04-28 01:37:31 --> Session: Class initialized using 'CodeIgniter\Session\Handlers\FileHandler' driver.
DEBUG - 2026-04-28 01:37:42 --> Session: Class initialized using 'CodeIgniter\Session\Handlers\FileHandler' driver.
DEBUG - 2026-04-28 01:37:42 --> Session: Class initialized using 'CodeIgniter\Session\Handlers\FileHandler' driver.
DEBUG - 2026-04-28 01:37:44 --> Session: Class initialized using 'CodeIgniter\Session\Handlers\FileHandler' driver.
DEBUG - 2026-04-28 01:37:47 --> Session: Class initialized using 'CodeIgniter\Session\Handlers\FileHandler' driver.
DEBUG - 2026-04-28 01:37:55 --> Session: Class initialized using 'CodeIgniter\Session\Handlers\FileHandler' driver.
DEBUG - 2026-04-28 01:37:56 --> Session: Class initialized using 'CodeIgniter\Session\Handlers\FileHandler' driver.
DEBUG - 2026-04-28 01:38:06 --> Session: Class initialized using 'CodeIgniter\Session\Handlers\FileHandler' driver.
DEBUG - 2026-04-28 01:38:25 --> Session: Class initialized using 'CodeIgniter\Session\Handlers\FileHandler' driver.
CRITICAL - 2026-04-28 01:41:01 --> ParseError: syntax error, unexpected variable "$this", expecting "function" or "const"
[Method: GET, Route: peminjaman]
in APPPATH\Controllers\peminjaman.php on line 155.
 1 SYSTEMPATH\Autoloader\Autoloader.php(295): CodeIgniter\Autoloader\Autoloader->includeFile('C:\\xampp\\htdocs\\perpuska\\app\\Controllers\\Peminjaman.php')
 2 SYSTEMPATH\Autoloader\Autoloader.php(271): CodeIgniter\Autoloader\Autoloader->loadInNamespace('App\\Controllers\\Peminjaman')
 3 [internal function]: CodeIgniter\Autoloader\Autoloader->loadClass('App\\Controllers\\Peminjaman')
 4 SYSTEMPATH\CodeIgniter.php(885): class_exists('\\App\\Controllers\\Peminjaman', true)
 5 SYSTEMPATH\CodeIgniter.php(494): CodeIgniter\CodeIgniter->startController()
 6 SYSTEMPATH\CodeIgniter.php(354): CodeIgniter\CodeIgniter->handleRequest(null, Object(Config\Cache), false)
 7 SYSTEMPATH\Boot.php(363): CodeIgniter\CodeIgniter->run()
 8 SYSTEMPATH\Boot.php(68): CodeIgniter\Boot::runCodeIgniter(Object(CodeIgniter\CodeIgniter))
 9 FCPATH\index.php(59): CodeIgniter\Boot::bootWeb(Object(Config\Paths))
CRITICAL - 2026-04-28 01:42:34 --> ParseError: syntax error, unexpected variable "$id_peminjaman", expecting "function" or "const"
[Method: GET, Route: peminjaman]
in APPPATH\Controllers\peminjaman.php on line 156.
 1 SYSTEMPATH\Autoloader\Autoloader.php(295): CodeIgniter\Autoloader\Autoloader->includeFile('C:\\xampp\\htdocs\\perpuska\\app\\Controllers\\Peminjaman.php')
 2 SYSTEMPATH\Autoloader\Autoloader.php(271): CodeIgniter\Autoloader\Autoloader->loadInNamespace('App\\Controllers\\Peminjaman')
 3 [internal function]: CodeIgniter\Autoloader\Autoloader->loadClass('App\\Controllers\\Peminjaman')
 4 SYSTEMPATH\CodeIgniter.php(885): class_exists('\\App\\Controllers\\Peminjaman', true)
 5 SYSTEMPATH\CodeIgniter.php(494): CodeIgniter\CodeIgniter->startController()
 6 SYSTEMPATH\CodeIgniter.php(354): CodeIgniter\CodeIgniter->handleRequest(null, Object(Config\Cache), false)
 7 SYSTEMPATH\Boot.php(363): CodeIgniter\CodeIgniter->run()
 8 SYSTEMPATH\Boot.php(68): CodeIgniter\Boot::runCodeIgniter(Object(CodeIgniter\CodeIgniter))
 9 FCPATH\index.php(59): CodeIgniter\Boot::bootWeb(Object(Config\Paths))
DEBUG - 2026-04-28 01:44:22 --> Session: Class initialized using 'CodeIgniter\Session\Handlers\FileHandler' driver.
DEBUG - 2026-04-28 01:44:28 --> Session: Class initialized using 'CodeIgniter\Session\Handlers\FileHandler' driver.
DEBUG - 2026-04-28 01:44:39 --> Session: Class initialized using 'CodeIgniter\Session\Handlers\FileHandler' driver.
DEBUG - 2026-04-28 01:44:39 --> Session: Class initialized using 'CodeIgniter\Session\Handlers\FileHandler' driver.
DEBUG - 2026-04-28 01:44:40 --> Session: Class initialized using 'CodeIgniter\Session\Handlers\FileHandler' driver.
DEBUG - 2026-04-28 01:44:43 --> Session: Class initialized using 'CodeIgniter\Session\Handlers\FileHandler' driver.
DEBUG - 2026-04-28 01:46:27 --> Session: Class initialized using 'CodeIgniter\Session\Handlers\FileHandler' driver.
DEBUG - 2026-04-28 01:47:43 --> Session: Class initialized using 'CodeIgniter\Session\Handlers\FileHandler' driver.
DEBUG - 2026-04-28 01:49:42 --> Session: Class initialized using 'CodeIgniter\Session\Handlers\FileHandler' driver.
DEBUG - 2026-04-28 01:49:45 --> Session: Class initialized using 'CodeIgniter\Session\Handlers\FileHandler' driver.
DEBUG - 2026-04-28 01:50:38 --> Session: Class initialized using 'CodeIgniter\Session\Handlers\FileHandler' driver.
DEBUG - 2026-04-28 01:50:40 --> Session: Class initialized using 'CodeIgniter\Session\Handlers\FileHandler' driver.
DEBUG - 2026-04-28 01:50:50 --> Session: Class initialized using 'CodeIgniter\Session\Handlers\FileHandler' driver.
DEBUG - 2026-04-28 01:50:50 --> Session: Class initialized using 'CodeIgniter\Session\Handlers\FileHandler' driver.
DEBUG - 2026-04-28 01:50:51 --> Session: Class initialized using 'CodeIgniter\Session\Handlers\FileHandler' driver.
DEBUG - 2026-04-28 01:50:54 --> Session: Class initialized using 'CodeIgniter\Session\Handlers\FileHandler' driver.
DEBUG - 2026-04-28 01:50:58 --> Session: Class initialized using 'CodeIgniter\Session\Handlers\FileHandler' driver.
DEBUG - 2026-04-28 01:51:02 --> Session: Class initialized using 'CodeIgniter\Session\Handlers\FileHandler' driver.
DEBUG - 2026-04-28 01:51:03 --> Session: Class initialized using 'CodeIgniter\Session\Handlers\FileHandler' driver.
DEBUG - 2026-04-28 01:51:08 --> Session: Class initialized using 'CodeIgniter\Session\Handlers\FileHandler' driver.
DEBUG - 2026-04-28 01:51:08 --> Session: Class initialized using 'CodeIgniter\Session\Handlers\FileHandler' driver.
DEBUG - 2026-04-28 01:51:14 --> Session: Class initialized using 'CodeIgniter\Session\Handlers\FileHandler' driver.
DEBUG - 2026-04-28 01:51:18 --> Session: Class initialized using 'CodeIgniter\Session\Handlers\FileHandler' driver.
DEBUG - 2026-04-28 01:51:25 --> Session: Class initialized using 'CodeIgniter\Session\Handlers\FileHandler' driver.
DEBUG - 2026-04-28 01:51:27 --> Session: Class initialized using 'CodeIgniter\Session\Handlers\FileHandler' driver.
DEBUG - 2026-04-28 01:51:32 --> Session: Class initialized using 'CodeIgniter\Session\Handlers\FileHandler' driver.
DEBUG - 2026-04-28 01:51:39 --> Session: Class initialized using 'CodeIgniter\Session\Handlers\FileHandler' driver.
DEBUG - 2026-04-28 01:51:39 --> Session: Class initialized using 'CodeIgniter\Session\Handlers\FileHandler' driver.
DEBUG - 2026-04-28 01:51:40 --> Session: Class initialized using 'CodeIgniter\Session\Handlers\FileHandler' driver.
DEBUG - 2026-04-28 01:53:02 --> Session: Class initialized using 'CodeIgniter\Session\Handlers\FileHandler' driver.
DEBUG - 2026-04-28 01:53:06 --> Session: Class initialized using 'CodeIgniter\Session\Handlers\FileHandler' driver.
DEBUG - 2026-04-28 01:53:40 --> Session: Class initialized using 'CodeIgniter\Session\Handlers\FileHandler' driver.
DEBUG - 2026-04-28 01:55:10 --> Session: Class initialized using 'CodeIgniter\Session\Handlers\FileHandler' driver.
DEBUG - 2026-04-28 01:57:56 --> Session: Class initialized using 'CodeIgniter\Session\Handlers\FileHandler' driver.
DEBUG - 2026-04-28 01:59:38 --> Session: Class initialized using 'CodeIgniter\Session\Handlers\FileHandler' driver.
DEBUG - 2026-04-28 02:00:05 --> Session: Class initialized using 'CodeIgniter\Session\Handlers\FileHandler' driver.
DEBUG - 2026-04-28 02:00:07 --> Session: Class initialized using 'CodeIgniter\Session\Handlers\FileHandler' driver.
DEBUG - 2026-04-28 02:00:09 --> Session: Class initialized using 'CodeIgniter\Session\Handlers\FileHandler' driver.
DEBUG - 2026-04-28 02:00:14 --> Session: Class initialized using 'CodeIgniter\Session\Handlers\FileHandler' driver.
DEBUG - 2026-04-28 02:00:16 --> Session: Class initialized using 'CodeIgniter\Session\Handlers\FileHandler' driver.
DEBUG - 2026-04-28 02:00:27 --> Session: Class initialized using 'CodeIgniter\Session\Handlers\FileHandler' driver.
DEBUG - 2026-04-28 02:00:29 --> Session: Class initialized using 'CodeIgniter\Session\Handlers\FileHandler' driver.
DEBUG - 2026-04-28 02:00:31 --> Session: Class initialized using 'CodeIgniter\Session\Handlers\FileHandler' driver.
DEBUG - 2026-04-28 02:00:33 --> Session: Class initialized using 'CodeIgniter\Session\Handlers\FileHandler' driver.
DEBUG - 2026-04-28 02:04:57 --> Session: Class initialized using 'CodeIgniter\Session\Handlers\FileHandler' driver.
DEBUG - 2026-04-28 02:04:59 --> Session: Class initialized using 'CodeIgniter\Session\Handlers\FileHandler' driver.
DEBUG - 2026-04-28 02:06:48 --> Session: Class initialized using 'CodeIgniter\Session\Handlers\FileHandler' driver.
DEBUG - 2026-04-28 02:06:51 --> Session: Class initialized using 'CodeIgniter\Session\Handlers\FileHandler' driver.
DEBUG - 2026-04-28 02:06:53 --> Session: Class initialized using 'CodeIgniter\Session\Handlers\FileHandler' driver.
DEBUG - 2026-04-28 02:06:54 --> Session: Class initialized using 'CodeIgniter\Session\Handlers\FileHandler' driver.
DEBUG - 2026-04-28 02:06:57 --> Session: Class initialized using 'CodeIgniter\Session\Handlers\FileHandler' driver.
DEBUG - 2026-04-28 02:07:10 --> Session: Class initialized using 'CodeIgniter\Session\Handlers\FileHandler' driver.
DEBUG - 2026-04-28 02:07:10 --> Session: Class initialized using 'CodeIgniter\Session\Handlers\FileHandler' driver.
DEBUG - 2026-04-28 02:07:12 --> Session: Class initialized using 'CodeIgniter\Session\Handlers\FileHandler' driver.
DEBUG - 2026-04-28 02:07:17 --> Session: Class initialized using 'CodeIgniter\Session\Handlers\FileHandler' driver.
DEBUG - 2026-04-28 02:07:17 --> Session: Class initialized using 'CodeIgniter\Session\Handlers\FileHandler' driver.
DEBUG - 2026-04-28 02:07:23 --> Session: Class initialized using 'CodeIgniter\Session\Handlers\FileHandler' driver.
DEBUG - 2026-04-28 02:07:24 --> Session: Class initialized using 'CodeIgniter\Session\Handlers\FileHandler' driver.
DEBUG - 2026-04-28 02:07:25 --> Session: Class initialized using 'CodeIgniter\Session\Handlers\FileHandler' driver.
DEBUG - 2026-04-28 02:08:17 --> Session: Class initialized using 'CodeIgniter\Session\Handlers\FileHandler' driver.
DEBUG - 2026-04-28 02:08:19 --> Session: Class initialized using 'CodeIgniter\Session\Handlers\FileHandler' driver.
DEBUG - 2026-04-28 02:08:25 --> Session: Class initialized using 'CodeIgniter\Session\Handlers\FileHandler' driver.
DEBUG - 2026-04-28 02:08:28 --> Session: Class initialized using 'CodeIgniter\Session\Handlers\FileHandler' driver.
DEBUG - 2026-04-28 02:11:06 --> Session: Class initialized using 'CodeIgniter\Session\Handlers\FileHandler' driver.
DEBUG - 2026-04-28 02:11:08 --> Session: Class initialized using 'CodeIgniter\Session\Handlers\FileHandler' driver.
DEBUG - 2026-04-28 02:11:14 --> Session: Class initialized using 'CodeIgniter\Session\Handlers\FileHandler' driver.
DEBUG - 2026-04-28 02:11:16 --> Session: Class initialized using 'CodeIgniter\Session\Handlers\FileHandler' driver.
DEBUG - 2026-04-28 02:11:28 --> Session: Class initialized using 'CodeIgniter\Session\Handlers\FileHandler' driver.
DEBUG - 2026-04-28 02:11:28 --> Session: Class initialized using 'CodeIgniter\Session\Handlers\FileHandler' driver.
DEBUG - 2026-04-28 02:11:33 --> Session: Class initialized using 'CodeIgniter\Session\Handlers\FileHandler' driver.
DEBUG - 2026-04-28 02:11:33 --> Session: Class initialized using 'CodeIgniter\Session\Handlers\FileHandler' driver.
DEBUG - 2026-04-28 02:11:35 --> Session: Class initialized using 'CodeIgniter\Session\Handlers\FileHandler' driver.
DEBUG - 2026-04-28 02:11:37 --> Session: Class initialized using 'CodeIgniter\Session\Handlers\FileHandler' driver.
DEBUG - 2026-04-28 02:11:44 --> Session: Class initialized using 'CodeIgniter\Session\Handlers\FileHandler' driver.
DEBUG - 2026-04-28 02:11:47 --> Session: Class initialized using 'CodeIgniter\Session\Handlers\FileHandler' driver.
DEBUG - 2026-04-28 02:11:48 --> Session: Class initialized using 'CodeIgniter\Session\Handlers\FileHandler' driver.
DEBUG - 2026-04-28 02:11:54 --> Session: Class initialized using 'CodeIgniter\Session\Handlers\FileHandler' driver.
DEBUG - 2026-04-28 02:12:02 --> Session: Class initialized using 'CodeIgniter\Session\Handlers\FileHandler' driver.
DEBUG - 2026-04-28 02:12:04 --> Session: Class initialized using 'CodeIgniter\Session\Handlers\FileHandler' driver.
DEBUG - 2026-04-28 02:12:52 --> Session: Class initialized using 'CodeIgniter\Session\Handlers\FileHandler' driver.
DEBUG - 2026-04-28 02:12:56 --> Session: Class initialized using 'CodeIgniter\Session\Handlers\FileHandler' driver.
DEBUG - 2026-04-28 02:12:57 --> Session: Class initialized using 'CodeIgniter\Session\Handlers\FileHandler' driver.
DEBUG - 2026-04-28 02:13:11 --> Session: Class initialized using 'CodeIgniter\Session\Handlers\FileHandler' driver.
DEBUG - 2026-04-28 02:13:11 --> Session: Class initialized using 'CodeIgniter\Session\Handlers\FileHandler' driver.
DEBUG - 2026-04-28 02:13:14 --> Session: Class initialized using 'CodeIgniter\Session\Handlers\FileHandler' driver.
DEBUG - 2026-04-28 02:13:16 --> Session: Class initialized using 'CodeIgniter\Session\Handlers\FileHandler' driver.
DEBUG - 2026-04-28 02:13:19 --> Session: Class initialized using 'CodeIgniter\Session\Handlers\FileHandler' driver.
DEBUG - 2026-04-28 02:13:21 --> Session: Class initialized using 'CodeIgniter\Session\Handlers\FileHandler' driver.
DEBUG - 2026-04-28 02:13:24 --> Session: Class initialized using 'CodeIgniter\Session\Handlers\FileHandler' driver.
DEBUG - 2026-04-28 02:13:26 --> Session: Class initialized using 'CodeIgniter\Session\Handlers\FileHandler' driver.
DEBUG - 2026-04-28 02:13:32 --> Session: Class initialized using 'CodeIgniter\Session\Handlers\FileHandler' driver.
DEBUG - 2026-04-28 02:13:36 --> Session: Class initialized using 'CodeIgniter\Session\Handlers\FileHandler' driver.
DEBUG - 2026-04-28 02:15:32 --> Session: Class initialized using 'CodeIgniter\Session\Handlers\FileHandler' driver.
DEBUG - 2026-04-28 02:15:34 --> Session: Class initialized using 'CodeIgniter\Session\Handlers\FileHandler' driver.
DEBUG - 2026-04-28 02:16:29 --> Session: Class initialized using 'CodeIgniter\Session\Handlers\FileHandler' driver.
DEBUG - 2026-04-28 02:16:31 --> Session: Class initialized using 'CodeIgniter\Session\Handlers\FileHandler' driver.
DEBUG - 2026-04-28 02:19:56 --> Session: Class initialized using 'CodeIgniter\Session\Handlers\FileHandler' driver.
DEBUG - 2026-04-28 02:19:57 --> Session: Class initialized using 'CodeIgniter\Session\Handlers\FileHandler' driver.
DEBUG - 2026-04-28 02:20:00 --> Session: Class initialized using 'CodeIgniter\Session\Handlers\FileHandler' driver.
DEBUG - 2026-04-28 02:20:13 --> Session: Class initialized using 'CodeIgniter\Session\Handlers\FileHandler' driver.
ERROR - 2026-04-28 02:20:13 --> mysqli_sql_exception: Column 'id_anggota' cannot be null in C:\xampp\htdocs\perpuska\system\Database\MySQLi\Connection.php:327
Stack trace:
#0 C:\xampp\htdocs\perpuska\system\Database\MySQLi\Connection.php(327): mysqli->query('INSERT INTO `pe...', 0)
#1 C:\xampp\htdocs\perpuska\system\Database\BaseConnection.php(729): CodeIgniter\Database\MySQLi\Connection->execute('INSERT INTO `pe...')
#2 C:\xampp\htdocs\perpuska\system\Database\BaseConnection.php(646): CodeIgniter\Database\BaseConnection->simpleQuery('INSERT INTO `pe...')
#3 C:\xampp\htdocs\perpuska\system\Database\BaseBuilder.php(2345): CodeIgniter\Database\BaseConnection->query('INSERT INTO `pe...', Array, false)
#4 C:\xampp\htdocs\perpuska\app\Controllers\peminjaman.php(135): CodeIgniter\Database\BaseBuilder->insert(Array)
#5 C:\xampp\htdocs\perpuska\system\CodeIgniter.php(933): App\Controllers\Peminjaman->pinjam('35')
#6 C:\xampp\htdocs\perpuska\system\CodeIgniter.php(507): CodeIgniter\CodeIgniter->runController(Object(App\Controllers\Peminjaman))
#7 C:\xampp\htdocs\perpuska\system\CodeIgniter.php(354): CodeIgniter\CodeIgniter->handleRequest(NULL, Object(Config\Cache), false)
#8 C:\xampp\htdocs\perpuska\system\Boot.php(363): CodeIgniter\CodeIgniter->run()
#9 C:\xampp\htdocs\perpuska\system\Boot.php(68): CodeIgniter\Boot::runCodeIgniter(Object(CodeIgniter\CodeIgniter))
#10 C:\xampp\htdocs\perpuska\index.php(59): CodeIgniter\Boot::bootWeb(Object(Config\Paths))
#11 {main}
CRITICAL - 2026-04-28 02:20:13 --> CodeIgniter\Database\Exceptions\DatabaseException: Column 'id_anggota' cannot be null
[Method: GET, Route: anggota/pinjam/35]
in SYSTEMPATH\Database\BaseConnection.php on line 684.
 1 SYSTEMPATH\Database\BaseBuilder.php(2345): CodeIgniter\Database\BaseConnection->query('INSERT INTO `peminjaman` (`id_anggota`, `tanggal_pinjam`, `tanggal_kembali`, `status`) VALUES (:id_anggota:, :tanggal_pinjam:, :tanggal_kembali:, :status:)', [...], false)
 2 APPPATH\Controllers\peminjaman.php(135): CodeIgniter\Database\BaseBuilder->insert([...])
 3 SYSTEMPATH\CodeIgniter.php(933): App\Controllers\Peminjaman->pinjam('35')
 4 SYSTEMPATH\CodeIgniter.php(507): CodeIgniter\CodeIgniter->runController(Object(App\Controllers\Peminjaman))
 5 SYSTEMPATH\CodeIgniter.php(354): CodeIgniter\CodeIgniter->handleRequest(null, Object(Config\Cache), false)
 6 SYSTEMPATH\Boot.php(363): CodeIgniter\CodeIgniter->run()
 7 SYSTEMPATH\Boot.php(68): CodeIgniter\Boot::runCodeIgniter(Object(CodeIgniter\CodeIgniter))
 8 FCPATH\index.php(59): CodeIgniter\Boot::bootWeb(Object(Config\Paths))
CRITICAL - 2026-04-28 02:20:13 --> [Caused by] CodeIgniter\Database\Exceptions\DatabaseException: Column 'id_anggota' cannot be null
in SYSTEMPATH\Database\MySQLi\Connection.php on line 332.
 1 SYSTEMPATH\Database\BaseConnection.php(729): CodeIgniter\Database\MySQLi\Connection->execute('INSERT INTO `peminjaman` (`id_anggota`, `tanggal_pinjam`, `tanggal_kembali`, `status`) VALUES (NULL, \'2026-04-28\', \'2026-05-05\', \'dipinjam\')')
 2 SYSTEMPATH\Database\BaseConnection.php(646): CodeIgniter\Database\BaseConnection->simpleQuery('INSERT INTO `peminjaman` (`id_anggota`, `tanggal_pinjam`, `tanggal_kembali`, `status`) VALUES (NULL, \'2026-04-28\', \'2026-05-05\', \'dipinjam\')')
 3 SYSTEMPATH\Database\BaseBuilder.php(2345): CodeIgniter\Database\BaseConnection->query('INSERT INTO `peminjaman` (`id_anggota`, `tanggal_pinjam`, `tanggal_kembali`, `status`) VALUES (:id_anggota:, :tanggal_pinjam:, :tanggal_kembali:, :status:)', [...], false)
 4 APPPATH\Controllers\peminjaman.php(135): CodeIgniter\Database\BaseBuilder->insert([...])
 5 SYSTEMPATH\CodeIgniter.php(933): App\Controllers\Peminjaman->pinjam('35')
 6 SYSTEMPATH\CodeIgniter.php(507): CodeIgniter\CodeIgniter->runController(Object(App\Controllers\Peminjaman))
 7 SYSTEMPATH\CodeIgniter.php(354): CodeIgniter\CodeIgniter->handleRequest(null, Object(Config\Cache), false)
 8 SYSTEMPATH\Boot.php(363): CodeIgniter\CodeIgniter->run()
 9 SYSTEMPATH\Boot.php(68): CodeIgniter\Boot::runCodeIgniter(Object(CodeIgniter\CodeIgniter))
10 FCPATH\index.php(59): CodeIgniter\Boot::bootWeb(Object(Config\Paths))
CRITICAL - 2026-04-28 02:20:13 --> [Caused by] mysqli_sql_exception: Column 'id_anggota' cannot be null
in SYSTEMPATH\Database\MySQLi\Connection.php on line 327.
 1 SYSTEMPATH\Database\MySQLi\Connection.php(327): mysqli->query('INSERT INTO `peminjaman` (`id_anggota`, `tanggal_pinjam`, `tanggal_kembali`, `status`) VALUES (NULL, \'2026-04-28\', \'2026-05-05\', \'dipinjam\')', 0)
 2 SYSTEMPATH\Database\BaseConnection.php(729): CodeIgniter\Database\MySQLi\Connection->execute('INSERT INTO `peminjaman` (`id_anggota`, `tanggal_pinjam`, `tanggal_kembali`, `status`) VALUES (NULL, \'2026-04-28\', \'2026-05-05\', \'dipinjam\')')
 3 SYSTEMPATH\Database\BaseConnection.php(646): CodeIgniter\Database\BaseConnection->simpleQuery('INSERT INTO `peminjaman` (`id_anggota`, `tanggal_pinjam`, `tanggal_kembali`, `status`) VALUES (NULL, \'2026-04-28\', \'2026-05-05\', \'dipinjam\')')
 4 SYSTEMPATH\Database\BaseBuilder.php(2345): CodeIgniter\Database\BaseConnection->query('INSERT INTO `peminjaman` (`id_anggota`, `tanggal_pinjam`, `tanggal_kembali`, `status`) VALUES (:id_anggota:, :tanggal_pinjam:, :tanggal_kembali:, :status:)', [...], false)
 5 APPPATH\Controllers\peminjaman.php(135): CodeIgniter\Database\BaseBuilder->insert([...])
 6 SYSTEMPATH\CodeIgniter.php(933): App\Controllers\Peminjaman->pinjam('35')
 7 SYSTEMPATH\CodeIgniter.php(507): CodeIgniter\CodeIgniter->runController(Object(App\Controllers\Peminjaman))
 8 SYSTEMPATH\CodeIgniter.php(354): CodeIgniter\CodeIgniter->handleRequest(null, Object(Config\Cache), false)
 9 SYSTEMPATH\Boot.php(363): CodeIgniter\CodeIgniter->run()
10 SYSTEMPATH\Boot.php(68): CodeIgniter\Boot::runCodeIgniter(Object(CodeIgniter\CodeIgniter))
11 FCPATH\index.php(59): CodeIgniter\Boot::bootWeb(Object(Config\Paths))
DEBUG - 2026-04-28 02:21:51 --> Session: Class initialized using 'CodeIgniter\Session\Handlers\FileHandler' driver.
ERROR - 2026-04-28 02:21:51 --> mysqli_sql_exception: Column 'id_anggota' cannot be null in C:\xampp\htdocs\perpuska\system\Database\MySQLi\Connection.php:327
Stack trace:
#0 C:\xampp\htdocs\perpuska\system\Database\MySQLi\Connection.php(327): mysqli->query('INSERT INTO `pe...', 0)
#1 C:\xampp\htdocs\perpuska\system\Database\BaseConnection.php(729): CodeIgniter\Database\MySQLi\Connection->execute('INSERT INTO `pe...')
#2 C:\xampp\htdocs\perpuska\system\Database\BaseConnection.php(646): CodeIgniter\Database\BaseConnection->simpleQuery('INSERT INTO `pe...')
#3 C:\xampp\htdocs\perpuska\system\Database\BaseBuilder.php(2345): CodeIgniter\Database\BaseConnection->query('INSERT INTO `pe...', Array, false)
#4 C:\xampp\htdocs\perpuska\app\Controllers\peminjaman.php(135): CodeIgniter\Database\BaseBuilder->insert(Array)
#5 C:\xampp\htdocs\perpuska\system\CodeIgniter.php(933): App\Controllers\Peminjaman->pinjam('35')
#6 C:\xampp\htdocs\perpuska\system\CodeIgniter.php(507): CodeIgniter\CodeIgniter->runController(Object(App\Controllers\Peminjaman))
#7 C:\xampp\htdocs\perpuska\system\CodeIgniter.php(354): CodeIgniter\CodeIgniter->handleRequest(NULL, Object(Config\Cache), false)
#8 C:\xampp\htdocs\perpuska\system\Boot.php(363): CodeIgniter\CodeIgniter->run()
#9 C:\xampp\htdocs\perpuska\system\Boot.php(68): CodeIgniter\Boot::runCodeIgniter(Object(CodeIgniter\CodeIgniter))
#10 C:\xampp\htdocs\perpuska\index.php(59): CodeIgniter\Boot::bootWeb(Object(Config\Paths))
#11 {main}
CRITICAL - 2026-04-28 02:21:51 --> CodeIgniter\Database\Exceptions\DatabaseException: Column 'id_anggota' cannot be null
[Method: GET, Route: anggota/pinjam/35]
in SYSTEMPATH\Database\BaseConnection.php on line 684.
 1 SYSTEMPATH\Database\BaseBuilder.php(2345): CodeIgniter\Database\BaseConnection->query('INSERT INTO `peminjaman` (`id_anggota`, `tanggal_pinjam`, `tanggal_kembali`, `status`) VALUES (:id_anggota:, :tanggal_pinjam:, :tanggal_kembali:, :status:)', [...], false)
 2 APPPATH\Controllers\peminjaman.php(135): CodeIgniter\Database\BaseBuilder->insert([...])
 3 SYSTEMPATH\CodeIgniter.php(933): App\Controllers\Peminjaman->pinjam('35')
 4 SYSTEMPATH\CodeIgniter.php(507): CodeIgniter\CodeIgniter->runController(Object(App\Controllers\Peminjaman))
 5 SYSTEMPATH\CodeIgniter.php(354): CodeIgniter\CodeIgniter->handleRequest(null, Object(Config\Cache), false)
 6 SYSTEMPATH\Boot.php(363): CodeIgniter\CodeIgniter->run()
 7 SYSTEMPATH\Boot.php(68): CodeIgniter\Boot::runCodeIgniter(Object(CodeIgniter\CodeIgniter))
 8 FCPATH\index.php(59): CodeIgniter\Boot::bootWeb(Object(Config\Paths))
CRITICAL - 2026-04-28 02:21:51 --> [Caused by] CodeIgniter\Database\Exceptions\DatabaseException: Column 'id_anggota' cannot be null
in SYSTEMPATH\Database\MySQLi\Connection.php on line 332.
 1 SYSTEMPATH\Database\BaseConnection.php(729): CodeIgniter\Database\MySQLi\Connection->execute('INSERT INTO `peminjaman` (`id_anggota`, `tanggal_pinjam`, `tanggal_kembali`, `status`) VALUES (NULL, \'2026-04-28\', \'2026-05-05\', \'dipinjam\')')
 2 SYSTEMPATH\Database\BaseConnection.php(646): CodeIgniter\Database\BaseConnection->simpleQuery('INSERT INTO `peminjaman` (`id_anggota`, `tanggal_pinjam`, `tanggal_kembali`, `status`) VALUES (NULL, \'2026-04-28\', \'2026-05-05\', \'dipinjam\')')
 3 SYSTEMPATH\Database\BaseBuilder.php(2345): CodeIgniter\Database\BaseConnection->query('INSERT INTO `peminjaman` (`id_anggota`, `tanggal_pinjam`, `tanggal_kembali`, `status`) VALUES (:id_anggota:, :tanggal_pinjam:, :tanggal_kembali:, :status:)', [...], false)
 4 APPPATH\Controllers\peminjaman.php(135): CodeIgniter\Database\BaseBuilder->insert([...])
 5 SYSTEMPATH\CodeIgniter.php(933): App\Controllers\Peminjaman->pinjam('35')
 6 SYSTEMPATH\CodeIgniter.php(507): CodeIgniter\CodeIgniter->runController(Object(App\Controllers\Peminjaman))
 7 SYSTEMPATH\CodeIgniter.php(354): CodeIgniter\CodeIgniter->handleRequest(null, Object(Config\Cache), false)
 8 SYSTEMPATH\Boot.php(363): CodeIgniter\CodeIgniter->run()
 9 SYSTEMPATH\Boot.php(68): CodeIgniter\Boot::runCodeIgniter(Object(CodeIgniter\CodeIgniter))
10 FCPATH\index.php(59): CodeIgniter\Boot::bootWeb(Object(Config\Paths))
CRITICAL - 2026-04-28 02:21:51 --> [Caused by] mysqli_sql_exception: Column 'id_anggota' cannot be null
in SYSTEMPATH\Database\MySQLi\Connection.php on line 327.
 1 SYSTEMPATH\Database\MySQLi\Connection.php(327): mysqli->query('INSERT INTO `peminjaman` (`id_anggota`, `tanggal_pinjam`, `tanggal_kembali`, `status`) VALUES (NULL, \'2026-04-28\', \'2026-05-05\', \'dipinjam\')', 0)
 2 SYSTEMPATH\Database\BaseConnection.php(729): CodeIgniter\Database\MySQLi\Connection->execute('INSERT INTO `peminjaman` (`id_anggota`, `tanggal_pinjam`, `tanggal_kembali`, `status`) VALUES (NULL, \'2026-04-28\', \'2026-05-05\', \'dipinjam\')')
 3 SYSTEMPATH\Database\BaseConnection.php(646): CodeIgniter\Database\BaseConnection->simpleQuery('INSERT INTO `peminjaman` (`id_anggota`, `tanggal_pinjam`, `tanggal_kembali`, `status`) VALUES (NULL, \'2026-04-28\', \'2026-05-05\', \'dipinjam\')')
 4 SYSTEMPATH\Database\BaseBuilder.php(2345): CodeIgniter\Database\BaseConnection->query('INSERT INTO `peminjaman` (`id_anggota`, `tanggal_pinjam`, `tanggal_kembali`, `status`) VALUES (:id_anggota:, :tanggal_pinjam:, :tanggal_kembali:, :status:)', [...], false)
 5 APPPATH\Controllers\peminjaman.php(135): CodeIgniter\Database\BaseBuilder->insert([...])
 6 SYSTEMPATH\CodeIgniter.php(933): App\Controllers\Peminjaman->pinjam('35')
 7 SYSTEMPATH\CodeIgniter.php(507): CodeIgniter\CodeIgniter->runController(Object(App\Controllers\Peminjaman))
 8 SYSTEMPATH\CodeIgniter.php(354): CodeIgniter\CodeIgniter->handleRequest(null, Object(Config\Cache), false)
 9 SYSTEMPATH\Boot.php(363): CodeIgniter\CodeIgniter->run()
10 SYSTEMPATH\Boot.php(68): CodeIgniter\Boot::runCodeIgniter(Object(CodeIgniter\CodeIgniter))
11 FCPATH\index.php(59): CodeIgniter\Boot::bootWeb(Object(Config\Paths))
CRITICAL - 2026-04-28 02:22:55 --> ParseError: syntax error, unexpected variable "$id_user", expecting "function" or "const"
[Method: GET, Route: anggota/pinjam/35]
in APPPATH\Controllers\peminjaman.php on line 131.
 1 SYSTEMPATH\Autoloader\Autoloader.php(295): CodeIgniter\Autoloader\Autoloader->includeFile('C:\\xampp\\htdocs\\perpuska\\app\\Controllers\\Peminjaman.php')
 2 SYSTEMPATH\Autoloader\Autoloader.php(271): CodeIgniter\Autoloader\Autoloader->loadInNamespace('App\\Controllers\\Peminjaman')
 3 [internal function]: CodeIgniter\Autoloader\Autoloader->loadClass('App\\Controllers\\Peminjaman')
 4 SYSTEMPATH\CodeIgniter.php(885): class_exists('\\App\\Controllers\\Peminjaman', true)
 5 SYSTEMPATH\CodeIgniter.php(494): CodeIgniter\CodeIgniter->startController()
 6 SYSTEMPATH\CodeIgniter.php(354): CodeIgniter\CodeIgniter->handleRequest(null, Object(Config\Cache), false)
 7 SYSTEMPATH\Boot.php(363): CodeIgniter\CodeIgniter->run()
 8 SYSTEMPATH\Boot.php(68): CodeIgniter\Boot::runCodeIgniter(Object(CodeIgniter\CodeIgniter))
 9 FCPATH\index.php(59): CodeIgniter\Boot::bootWeb(Object(Config\Paths))
DEBUG - 2026-04-28 02:23:56 --> Session: Class initialized using 'CodeIgniter\Session\Handlers\FileHandler' driver.
DEBUG - 2026-04-28 02:23:56 --> Session: Class initialized using 'CodeIgniter\Session\Handlers\FileHandler' driver.
DEBUG - 2026-04-28 02:24:04 --> Session: Class initialized using 'CodeIgniter\Session\Handlers\FileHandler' driver.
DEBUG - 2026-04-28 02:24:04 --> Session: Class initialized using 'CodeIgniter\Session\Handlers\FileHandler' driver.
DEBUG - 2026-04-28 02:24:06 --> Session: Class initialized using 'CodeIgniter\Session\Handlers\FileHandler' driver.
DEBUG - 2026-04-28 02:24:10 --> Session: Class initialized using 'CodeIgniter\Session\Handlers\FileHandler' driver.
DEBUG - 2026-04-28 02:24:10 --> Session: Class initialized using 'CodeIgniter\Session\Handlers\FileHandler' driver.
DEBUG - 2026-04-28 02:39:46 --> Session: Class initialized using 'CodeIgniter\Session\Handlers\FileHandler' driver.
DEBUG - 2026-04-28 02:39:47 --> Session: Class initialized using 'CodeIgniter\Session\Handlers\FileHandler' driver.
CRITICAL - 2026-04-28 02:39:49 --> ParseError: syntax error, unexpected variable "$id_user", expecting "function" or "const"
[Method: GET, Route: peminjaman]
in APPPATH\Controllers\peminjaman.php on line 131.
 1 SYSTEMPATH\Autoloader\Autoloader.php(295): CodeIgniter\Autoloader\Autoloader->includeFile('C:\\xampp\\htdocs\\perpuska\\app\\Controllers\\Peminjaman.php')
 2 SYSTEMPATH\Autoloader\Autoloader.php(271): CodeIgniter\Autoloader\Autoloader->loadInNamespace('App\\Controllers\\Peminjaman')
 3 [internal function]: CodeIgniter\Autoloader\Autoloader->loadClass('App\\Controllers\\Peminjaman')
 4 SYSTEMPATH\CodeIgniter.php(885): class_exists('\\App\\Controllers\\Peminjaman', true)
 5 SYSTEMPATH\CodeIgniter.php(494): CodeIgniter\CodeIgniter->startController()
 6 SYSTEMPATH\CodeIgniter.php(354): CodeIgniter\CodeIgniter->handleRequest(null, Object(Config\Cache), false)
 7 SYSTEMPATH\Boot.php(363): CodeIgniter\CodeIgniter->run()
 8 SYSTEMPATH\Boot.php(68): CodeIgniter\Boot::runCodeIgniter(Object(CodeIgniter\CodeIgniter))
 9 FCPATH\index.php(59): CodeIgniter\Boot::bootWeb(Object(Config\Paths))
DEBUG - 2026-04-28 02:40:36 --> Session: Class initialized using 'CodeIgniter\Session\Handlers\FileHandler' driver.
DEBUG - 2026-04-28 02:40:43 --> Session: Class initialized using 'CodeIgniter\Session\Handlers\FileHandler' driver.
DEBUG - 2026-04-28 02:40:43 --> Session: Class initialized using 'CodeIgniter\Session\Handlers\FileHandler' driver.
DEBUG - 2026-04-28 02:40:48 --> Session: Class initialized using 'CodeIgniter\Session\Handlers\FileHandler' driver.
DEBUG - 2026-04-28 02:40:48 --> Session: Class initialized using 'CodeIgniter\Session\Handlers\FileHandler' driver.
DEBUG - 2026-04-28 02:40:50 --> Session: Class initialized using 'CodeIgniter\Session\Handlers\FileHandler' driver.
DEBUG - 2026-04-28 02:54:21 --> Session: Class initialized using 'CodeIgniter\Session\Handlers\FileHandler' driver.
DEBUG - 2026-04-28 02:58:04 --> Session: Class initialized using 'CodeIgniter\Session\Handlers\FileHandler' driver.
DEBUG - 2026-04-28 02:58:06 --> Session: Class initialized using 'CodeIgniter\Session\Handlers\FileHandler' driver.
DEBUG - 2026-04-28 02:58:15 --> Session: Class initialized using 'CodeIgniter\Session\Handlers\FileHandler' driver.
DEBUG - 2026-04-28 02:58:17 --> Session: Class initialized using 'CodeIgniter\Session\Handlers\FileHandler' driver.
DEBUG - 2026-04-28 02:59:33 --> Session: Class initialized using 'CodeIgniter\Session\Handlers\FileHandler' driver.
DEBUG - 2026-04-28 02:59:36 --> Session: Class initialized using 'CodeIgniter\Session\Handlers\FileHandler' driver.
DEBUG - 2026-04-28 03:00:06 --> Session: Class initialized using 'CodeIgniter\Session\Handlers\FileHandler' driver.
DEBUG - 2026-04-28 03:00:39 --> Session: Class initialized using 'CodeIgniter\Session\Handlers\FileHandler' driver.
DEBUG - 2026-04-28 03:00:44 --> Session: Class initialized using 'CodeIgniter\Session\Handlers\FileHandler' driver.
DEBUG - 2026-04-28 03:03:17 --> Session: Class initialized using 'CodeIgniter\Session\Handlers\FileHandler' driver.
DEBUG - 2026-04-28 03:03:19 --> Session: Class initialized using 'CodeIgniter\Session\Handlers\FileHandler' driver.
DEBUG - 2026-04-28 03:03:35 --> Session: Class initialized using 'CodeIgniter\Session\Handlers\FileHandler' driver.
DEBUG - 2026-04-28 03:03:39 --> Session: Class initialized using 'CodeIgniter\Session\Handlers\FileHandler' driver.
DEBUG - 2026-04-28 03:03:40 --> Session: Class initialized using 'CodeIgniter\Session\Handlers\FileHandler' driver.
DEBUG - 2026-04-28 03:03:51 --> Session: Class initialized using 'CodeIgniter\Session\Handlers\FileHandler' driver.
DEBUG - 2026-04-28 03:03:52 --> Session: Class initialized using 'CodeIgniter\Session\Handlers\FileHandler' driver.
DEBUG - 2026-04-28 03:03:54 --> Session: Class initialized using 'CodeIgniter\Session\Handlers\FileHandler' driver.
DEBUG - 2026-04-28 03:03:56 --> Session: Class initialized using 'CodeIgniter\Session\Handlers\FileHandler' driver.
DEBUG - 2026-04-28 03:04:00 --> Session: Class initialized using 'CodeIgniter\Session\Handlers\FileHandler' driver.
DEBUG - 2026-04-28 03:06:53 --> Session: Class initialized using 'CodeIgniter\Session\Handlers\FileHandler' driver.
DEBUG - 2026-04-28 03:12:05 --> Session: Class initialized using 'CodeIgniter\Session\Handlers\FileHandler' driver.
DEBUG - 2026-04-28 03:12:11 --> Session: Class initialized using 'CodeIgniter\Session\Handlers\FileHandler' driver.
DEBUG - 2026-04-28 03:12:11 --> Session: Class initialized using 'CodeIgniter\Session\Handlers\FileHandler' driver.
DEBUG - 2026-04-28 03:12:17 --> Session: Class initialized using 'CodeIgniter\Session\Handlers\FileHandler' driver.
DEBUG - 2026-04-28 03:12:17 --> Session: Class initialized using 'CodeIgniter\Session\Handlers\FileHandler' driver.
DEBUG - 2026-04-28 03:12:19 --> Session: Class initialized using 'CodeIgniter\Session\Handlers\FileHandler' driver.
CRITICAL - 2026-04-28 03:12:19 --> ErrorException: Undefined variable $p
[Method: GET, Route: anggota/peminjaman]
in APPPATH\Views\anggota\peminjaman.php on line 60.
 1 APPPATH\Views\anggota\peminjaman.php(60): CodeIgniter\Debug\Exceptions->errorHandler(2, 'Undefined variable $p', 'C:\\xampp\\htdocs\\perpuska\\app\\Views\\anggota\\peminjaman.php', 60)
 2 SYSTEMPATH\View\View.php(226): include('C:\\xampp\\htdocs\\perpuska\\app\\Views\\anggota\\peminjaman.php')
 3 SYSTEMPATH\View\View.php(229): CodeIgniter\View\View->CodeIgniter\View\{closure}()
 4 SYSTEMPATH\Common.php(1167): CodeIgniter\View\View->render('anggota/peminjaman', [], true)
 5 APPPATH\Controllers\peminjaman.php(172): view('anggota/peminjaman', [...])
 6 SYSTEMPATH\CodeIgniter.php(933): App\Controllers\Peminjaman->peminjamanSaya()
 7 SYSTEMPATH\CodeIgniter.php(507): CodeIgniter\CodeIgniter->runController(Object(App\Controllers\Peminjaman))
 8 SYSTEMPATH\CodeIgniter.php(354): CodeIgniter\CodeIgniter->handleRequest(null, Object(Config\Cache), false)
 9 SYSTEMPATH\Boot.php(363): CodeIgniter\CodeIgniter->run()
10 SYSTEMPATH\Boot.php(68): CodeIgniter\Boot::runCodeIgniter(Object(CodeIgniter\CodeIgniter))
11 FCPATH\index.php(59): CodeIgniter\Boot::bootWeb(Object(Config\Paths))
DEBUG - 2026-04-28 04:13:20 --> Session: Class initialized using 'CodeIgniter\Session\Handlers\FileHandler' driver.
DEBUG - 2026-04-28 04:13:30 --> Session: Class initialized using 'CodeIgniter\Session\Handlers\FileHandler' driver.
DEBUG - 2026-04-28 04:13:30 --> Session: Class initialized using 'CodeIgniter\Session\Handlers\FileHandler' driver.
DEBUG - 2026-04-28 04:17:12 --> Session: Class initialized using 'CodeIgniter\Session\Handlers\FileHandler' driver.
DEBUG - 2026-04-28 04:17:12 --> Session: Class initialized using 'CodeIgniter\Session\Handlers\FileHandler' driver.
DEBUG - 2026-04-28 04:17:57 --> Session: Class initialized using 'CodeIgniter\Session\Handlers\FileHandler' driver.
DEBUG - 2026-04-28 04:17:57 --> Session: Class initialized using 'CodeIgniter\Session\Handlers\FileHandler' driver.
DEBUG - 2026-04-28 04:17:59 --> Session: Class initialized using 'CodeIgniter\Session\Handlers\FileHandler' driver.
DEBUG - 2026-04-28 04:18:01 --> Session: Class initialized using 'CodeIgniter\Session\Handlers\FileHandler' driver.
DEBUG - 2026-04-28 04:18:43 --> Session: Class initialized using 'CodeIgniter\Session\Handlers\FileHandler' driver.
DEBUG - 2026-04-28 04:18:46 --> Session: Class initialized using 'CodeIgniter\Session\Handlers\FileHandler' driver.
DEBUG - 2026-04-28 04:18:47 --> Session: Class initialized using 'CodeIgniter\Session\Handlers\FileHandler' driver.
DEBUG - 2026-04-28 04:18:51 --> Session: Class initialized using 'CodeIgniter\Session\Handlers\FileHandler' driver.
DEBUG - 2026-04-28 04:18:51 --> Session: Class initialized using 'CodeIgniter\Session\Handlers\FileHandler' driver.
DEBUG - 2026-04-28 04:18:53 --> Session: Class initialized using 'CodeIgniter\Session\Handlers\FileHandler' driver.
DEBUG - 2026-04-28 04:19:02 --> Session: Class initialized using 'CodeIgniter\Session\Handlers\FileHandler' driver.
DEBUG - 2026-04-28 04:19:19 --> Session: Class initialized using 'CodeIgniter\Session\Handlers\FileHandler' driver.
CRITICAL - 2026-04-28 04:19:21 --> ErrorException: Undefined variable $anggota
[Method: GET, Route: anggota/buku]
in APPPATH\Views\anggota\buku.php on line 154.
 1 APPPATH\Views\anggota\buku.php(154): CodeIgniter\Debug\Exceptions->errorHandler(2, 'Undefined variable $anggota', 'C:\\xampp\\htdocs\\perpuska\\app\\Views\\anggota\\buku.php', 154)
 2 SYSTEMPATH\View\View.php(226): include('C:\\xampp\\htdocs\\perpuska\\app\\Views\\anggota\\buku.php')
 3 SYSTEMPATH\View\View.php(229): CodeIgniter\View\View->CodeIgniter\View\{closure}()
 4 SYSTEMPATH\Common.php(1167): CodeIgniter\View\View->render('anggota/buku', [], true)
 5 APPPATH\Controllers\Buku.php(249): view('anggota/buku', [...])
 6 SYSTEMPATH\CodeIgniter.php(933): App\Controllers\Buku->anggota()
 7 SYSTEMPATH\CodeIgniter.php(507): CodeIgniter\CodeIgniter->runController(Object(App\Controllers\Buku))
 8 SYSTEMPATH\CodeIgniter.php(354): CodeIgniter\CodeIgniter->handleRequest(null, Object(Config\Cache), false)
 9 SYSTEMPATH\Boot.php(363): CodeIgniter\CodeIgniter->run()
10 SYSTEMPATH\Boot.php(68): CodeIgniter\Boot::runCodeIgniter(Object(CodeIgniter\CodeIgniter))
11 FCPATH\index.php(59): CodeIgniter\Boot::bootWeb(Object(Config\Paths))
CRITICAL - 2026-04-28 04:24:06 --> ErrorException: Undefined variable $anggota
[Method: GET, Route: anggota/buku]
in APPPATH\Views\anggota\buku.php on line 154.
 1 APPPATH\Views\anggota\buku.php(154): CodeIgniter\Debug\Exceptions->errorHandler(2, 'Undefined variable $anggota', 'C:\\xampp\\htdocs\\perpuska\\app\\Views\\anggota\\buku.php', 154)
 2 SYSTEMPATH\View\View.php(226): include('C:\\xampp\\htdocs\\perpuska\\app\\Views\\anggota\\buku.php')
 3 SYSTEMPATH\View\View.php(229): CodeIgniter\View\View->CodeIgniter\View\{closure}()
 4 SYSTEMPATH\Common.php(1167): CodeIgniter\View\View->render('anggota/buku', [], true)
 5 APPPATH\Controllers\Buku.php(249): view('anggota/buku', [...])
 6 SYSTEMPATH\CodeIgniter.php(933): App\Controllers\Buku->anggota()
 7 SYSTEMPATH\CodeIgniter.php(507): CodeIgniter\CodeIgniter->runController(Object(App\Controllers\Buku))
 8 SYSTEMPATH\CodeIgniter.php(354): CodeIgniter\CodeIgniter->handleRequest(null, Object(Config\Cache), false)
 9 SYSTEMPATH\Boot.php(363): CodeIgniter\CodeIgniter->run()
10 SYSTEMPATH\Boot.php(68): CodeIgniter\Boot::runCodeIgniter(Object(CodeIgniter\CodeIgniter))
11 FCPATH\index.php(59): CodeIgniter\Boot::bootWeb(Object(Config\Paths))
CRITICAL - 2026-04-28 04:25:30 --> ErrorException: Undefined property: App\Controllers\Buku::$anggotaModel
[Method: GET, Route: anggota/buku]
in APPPATH\Controllers\Buku.php on line 248.
 1 APPPATH\Controllers\Buku.php(248): CodeIgniter\Debug\Exceptions->errorHandler(2, 'Undefined property: App\\Controllers\\Buku::$anggotaModel', 'C:\\xampp\\htdocs\\perpuska\\app\\Controllers\\Buku.php', 248)
 2 SYSTEMPATH\CodeIgniter.php(933): App\Controllers\Buku->anggota()
 3 SYSTEMPATH\CodeIgniter.php(507): CodeIgniter\CodeIgniter->runController(Object(App\Controllers\Buku))
 4 SYSTEMPATH\CodeIgniter.php(354): CodeIgniter\CodeIgniter->handleRequest(null, Object(Config\Cache), false)
 5 SYSTEMPATH\Boot.php(363): CodeIgniter\CodeIgniter->run()
 6 SYSTEMPATH\Boot.php(68): CodeIgniter\Boot::runCodeIgniter(Object(CodeIgniter\CodeIgniter))
 7 FCPATH\index.php(59): CodeIgniter\Boot::bootWeb(Object(Config\Paths))
DEBUG - 2026-04-28 04:31:06 --> Session: Class initialized using 'CodeIgniter\Session\Handlers\FileHandler' driver.
DEBUG - 2026-04-28 04:31:09 --> Session: Class initialized using 'CodeIgniter\Session\Handlers\FileHandler' driver.
CRITICAL - 2026-04-28 04:31:11 --> ErrorException: Undefined property: App\Controllers\Buku::$anggotaModel
[Method: GET, Route: anggota/buku]
in APPPATH\Controllers\Buku.php on line 249.
 1 APPPATH\Controllers\Buku.php(249): CodeIgniter\Debug\Exceptions->errorHandler(2, 'Undefined property: App\\Controllers\\Buku::$anggotaModel', 'C:\\xampp\\htdocs\\perpuska\\app\\Controllers\\Buku.php', 249)
 2 SYSTEMPATH\CodeIgniter.php(933): App\Controllers\Buku->anggota()
 3 SYSTEMPATH\CodeIgniter.php(507): CodeIgniter\CodeIgniter->runController(Object(App\Controllers\Buku))
 4 SYSTEMPATH\CodeIgniter.php(354): CodeIgniter\CodeIgniter->handleRequest(null, Object(Config\Cache), false)
 5 SYSTEMPATH\Boot.php(363): CodeIgniter\CodeIgniter->run()
 6 SYSTEMPATH\Boot.php(68): CodeIgniter\Boot::runCodeIgniter(Object(CodeIgniter\CodeIgniter))
 7 FCPATH\index.php(59): CodeIgniter\Boot::bootWeb(Object(Config\Paths))
CRITICAL - 2026-04-28 04:33:10 --> ParseError: syntax error, unexpected token "public", expecting ";" or "{"
[Method: GET, Route: anggota/buku]
in APPPATH\Controllers\Buku.php on line 248.
 1 SYSTEMPATH\Autoloader\Autoloader.php(295): CodeIgniter\Autoloader\Autoloader->includeFile('C:\\xampp\\htdocs\\perpuska\\app\\Controllers\\Buku.php')
 2 SYSTEMPATH\Autoloader\Autoloader.php(271): CodeIgniter\Autoloader\Autoloader->loadInNamespace('App\\Controllers\\Buku')
 3 [internal function]: CodeIgniter\Autoloader\Autoloader->loadClass('App\\Controllers\\Buku')
 4 SYSTEMPATH\CodeIgniter.php(885): class_exists('\\App\\Controllers\\Buku', true)
 5 SYSTEMPATH\CodeIgniter.php(494): CodeIgniter\CodeIgniter->startController()
 6 SYSTEMPATH\CodeIgniter.php(354): CodeIgniter\CodeIgniter->handleRequest(null, Object(Config\Cache), false)
 7 SYSTEMPATH\Boot.php(363): CodeIgniter\CodeIgniter->run()
 8 SYSTEMPATH\Boot.php(68): CodeIgniter\Boot::runCodeIgniter(Object(CodeIgniter\CodeIgniter))
 9 FCPATH\index.php(59): CodeIgniter\Boot::bootWeb(Object(Config\Paths))
CRITICAL - 2026-04-28 05:01:22 --> ParseError: syntax error, unexpected token "public", expecting ";" or "{"
[Method: GET, Route: anggota/buku]
in APPPATH\Controllers\Buku.php on line 248.
 1 SYSTEMPATH\Autoloader\Autoloader.php(295): CodeIgniter\Autoloader\Autoloader->includeFile('C:\\xampp\\htdocs\\perpuska\\app\\Controllers\\Buku.php')
 2 SYSTEMPATH\Autoloader\Autoloader.php(271): CodeIgniter\Autoloader\Autoloader->loadInNamespace('App\\Controllers\\Buku')
 3 [internal function]: CodeIgniter\Autoloader\Autoloader->loadClass('App\\Controllers\\Buku')
 4 SYSTEMPATH\CodeIgniter.php(885): class_exists('\\App\\Controllers\\Buku', true)
 5 SYSTEMPATH\CodeIgniter.php(494): CodeIgniter\CodeIgniter->startController()
 6 SYSTEMPATH\CodeIgniter.php(354): CodeIgniter\CodeIgniter->handleRequest(null, Object(Config\Cache), false)
 7 SYSTEMPATH\Boot.php(363): CodeIgniter\CodeIgniter->run()
 8 SYSTEMPATH\Boot.php(68): CodeIgniter\Boot::runCodeIgniter(Object(CodeIgniter\CodeIgniter))
 9 FCPATH\index.php(59): CodeIgniter\Boot::bootWeb(Object(Config\Paths))
DEBUG - 2026-04-28 06:42:14 --> Session: Class initialized using 'CodeIgniter\Session\Handlers\FileHandler' driver.
DEBUG - 2026-04-28 06:42:22 --> Session: Class initialized using 'CodeIgniter\Session\Handlers\FileHandler' driver.
DEBUG - 2026-04-28 06:42:22 --> Session: Class initialized using 'CodeIgniter\Session\Handlers\FileHandler' driver.
DEBUG - 2026-04-28 06:42:29 --> Session: Class initialized using 'CodeIgniter\Session\Handlers\FileHandler' driver.
DEBUG - 2026-04-28 06:42:29 --> Session: Class initialized using 'CodeIgniter\Session\Handlers\FileHandler' driver.
DEBUG - 2026-04-28 06:43:24 --> Session: Class initialized using 'CodeIgniter\Session\Handlers\FileHandler' driver.
DEBUG - 2026-04-28 06:43:24 --> Session: Class initialized using 'CodeIgniter\Session\Handlers\FileHandler' driver.
DEBUG - 2026-04-28 06:43:31 --> Session: Class initialized using 'CodeIgniter\Session\Handlers\FileHandler' driver.
DEBUG - 2026-04-28 06:43:31 --> Session: Class initialized using 'CodeIgniter\Session\Handlers\FileHandler' driver.
DEBUG - 2026-04-28 06:43:35 --> Session: Class initialized using 'CodeIgniter\Session\Handlers\FileHandler' driver.
DEBUG - 2026-04-28 06:43:38 --> Session: Class initialized using 'CodeIgniter\Session\Handlers\FileHandler' driver.
DEBUG - 2026-04-28 07:01:23 --> Session: Class initialized using 'CodeIgniter\Session\Handlers\FileHandler' driver.
DEBUG - 2026-04-28 07:01:26 --> Session: Class initialized using 'CodeIgniter\Session\Handlers\FileHandler' driver.
CRITICAL - 2026-04-28 07:01:33 --> ParseError: syntax error, unexpected token "public", expecting ";" or "{"
[Method: GET, Route: anggota/buku]
in APPPATH\Controllers\Buku.php on line 248.
 1 SYSTEMPATH\Autoloader\Autoloader.php(295): CodeIgniter\Autoloader\Autoloader->includeFile('C:\\xampp\\htdocs\\perpuska\\app\\Controllers\\Buku.php')
 2 SYSTEMPATH\Autoloader\Autoloader.php(271): CodeIgniter\Autoloader\Autoloader->loadInNamespace('App\\Controllers\\Buku')
 3 [internal function]: CodeIgniter\Autoloader\Autoloader->loadClass('App\\Controllers\\Buku')
 4 SYSTEMPATH\CodeIgniter.php(885): class_exists('\\App\\Controllers\\Buku', true)
 5 SYSTEMPATH\CodeIgniter.php(494): CodeIgniter\CodeIgniter->startController()
 6 SYSTEMPATH\CodeIgniter.php(354): CodeIgniter\CodeIgniter->handleRequest(null, Object(Config\Cache), false)
 7 SYSTEMPATH\Boot.php(363): CodeIgniter\CodeIgniter->run()
 8 SYSTEMPATH\Boot.php(68): CodeIgniter\Boot::runCodeIgniter(Object(CodeIgniter\CodeIgniter))
 9 FCPATH\index.php(59): CodeIgniter\Boot::bootWeb(Object(Config\Paths))
DEBUG - 2026-04-28 07:04:45 --> Session: Class initialized using 'CodeIgniter\Session\Handlers\FileHandler' driver.
DEBUG - 2026-04-28 07:04:45 --> Session: Class initialized using 'CodeIgniter\Session\Handlers\FileHandler' driver.
DEBUG - 2026-04-28 07:04:52 --> Session: Class initialized using 'CodeIgniter\Session\Handlers\FileHandler' driver.
DEBUG - 2026-04-28 07:04:54 --> Session: Class initialized using 'CodeIgniter\Session\Handlers\FileHandler' driver.
DEBUG - 2026-04-28 07:04:59 --> Session: Class initialized using 'CodeIgniter\Session\Handlers\FileHandler' driver.
DEBUG - 2026-04-28 07:04:59 --> Session: Class initialized using 'CodeIgniter\Session\Handlers\FileHandler' driver.
DEBUG - 2026-04-28 07:05:04 --> Session: Class initialized using 'CodeIgniter\Session\Handlers\FileHandler' driver.
DEBUG - 2026-04-28 07:05:04 --> Session: Class initialized using 'CodeIgniter\Session\Handlers\FileHandler' driver.
DEBUG - 2026-04-28 07:05:05 --> Session: Class initialized using 'CodeIgniter\Session\Handlers\FileHandler' driver.
DEBUG - 2026-04-28 07:05:06 --> Session: Class initialized using 'CodeIgniter\Session\Handlers\FileHandler' driver.
DEBUG - 2026-04-28 07:05:45 --> Session: Class initialized using 'CodeIgniter\Session\Handlers\FileHandler' driver.
DEBUG - 2026-04-28 07:09:45 --> Session: Class initialized using 'CodeIgniter\Session\Handlers\FileHandler' driver.
DEBUG - 2026-04-28 07:09:47 --> Session: Class initialized using 'CodeIgniter\Session\Handlers\FileHandler' driver.
DEBUG - 2026-04-28 07:12:58 --> Session: Class initialized using 'CodeIgniter\Session\Handlers\FileHandler' driver.
DEBUG - 2026-04-28 07:12:58 --> Session: Class initialized using 'CodeIgniter\Session\Handlers\FileHandler' driver.
DEBUG - 2026-04-28 07:13:05 --> Session: Class initialized using 'CodeIgniter\Session\Handlers\FileHandler' driver.
DEBUG - 2026-04-28 07:13:05 --> Session: Class initialized using 'CodeIgniter\Session\Handlers\FileHandler' driver.
DEBUG - 2026-04-28 07:13:09 --> Session: Class initialized using 'CodeIgniter\Session\Handlers\FileHandler' driver.
DEBUG - 2026-04-28 07:13:10 --> Session: Class initialized using 'CodeIgniter\Session\Handlers\FileHandler' driver.
DEBUG - 2026-04-28 07:21:32 --> Session: Class initialized using 'CodeIgniter\Session\Handlers\FileHandler' driver.
DEBUG - 2026-04-28 07:21:34 --> Session: Class initialized using 'CodeIgniter\Session\Handlers\FileHandler' driver.
DEBUG - 2026-04-28 07:21:35 --> Session: Class initialized using 'CodeIgniter\Session\Handlers\FileHandler' driver.
DEBUG - 2026-04-28 07:21:36 --> Session: Class initialized using 'CodeIgniter\Session\Handlers\FileHandler' driver.
DEBUG - 2026-04-28 07:21:41 --> Session: Class initialized using 'CodeIgniter\Session\Handlers\FileHandler' driver.
DEBUG - 2026-04-28 07:21:41 --> Session: Class initialized using 'CodeIgniter\Session\Handlers\FileHandler' driver.
DEBUG - 2026-04-28 07:21:45 --> Session: Class initialized using 'CodeIgniter\Session\Handlers\FileHandler' driver.
DEBUG - 2026-04-28 07:21:45 --> Session: Class initialized using 'CodeIgniter\Session\Handlers\FileHandler' driver.
CRITICAL - 2026-04-28 07:21:47 --> ErrorException: Undefined array key "judul"
[Method: GET, Route: peminjaman]
in APPPATH\Views\peminjaman\index.php on line 90.
 1 APPPATH\Views\peminjaman\index.php(90): CodeIgniter\Debug\Exceptions->errorHandler(2, 'Undefined array key "judul"', 'C:\\xampp\\htdocs\\perpuska\\app\\Views\\peminjaman\\index.php', 90)
 2 SYSTEMPATH\View\View.php(226): include('C:\\xampp\\htdocs\\perpuska\\app\\Views\\peminjaman\\index.php')
 3 SYSTEMPATH\View\View.php(229): CodeIgniter\View\View->CodeIgniter\View\{closure}()
 4 SYSTEMPATH\Common.php(1167): CodeIgniter\View\View->render('peminjaman/index', [], true)
 5 APPPATH\Controllers\peminjaman.php(59): view('peminjaman/index', [...])
 6 SYSTEMPATH\CodeIgniter.php(933): App\Controllers\Peminjaman->index()
 7 SYSTEMPATH\CodeIgniter.php(507): CodeIgniter\CodeIgniter->runController(Object(App\Controllers\Peminjaman))
 8 SYSTEMPATH\CodeIgniter.php(354): CodeIgniter\CodeIgniter->handleRequest(null, Object(Config\Cache), false)
 9 SYSTEMPATH\Boot.php(363): CodeIgniter\CodeIgniter->run()
10 SYSTEMPATH\Boot.php(68): CodeIgniter\Boot::runCodeIgniter(Object(CodeIgniter\CodeIgniter))
11 FCPATH\index.php(59): CodeIgniter\Boot::bootWeb(Object(Config\Paths))
DEBUG - 2026-04-28 07:21:57 --> Session: Class initialized using 'CodeIgniter\Session\Handlers\FileHandler' driver.
CRITICAL - 2026-04-28 07:26:02 --> ErrorException: Cannot redeclare App\Controllers\Peminjaman::pinjam()
[Method: GET, Route: peminjaman]
in APPPATH\Controllers\peminjaman.php on line 252.
 1 [internal function]: CodeIgniter\Debug\Exceptions->shutdownHandler()
CRITICAL - 2026-04-28 07:28:17 --> ErrorException: Cannot redeclare App\Controllers\Peminjaman::pinjam()
[Method: GET, Route: peminjaman]
in APPPATH\Controllers\peminjaman.php on line 252.
 1 [internal function]: CodeIgniter\Debug\Exceptions->shutdownHandler()
DEBUG - 2026-04-28 07:30:29 --> Session: Class initialized using 'CodeIgniter\Session\Handlers\FileHandler' driver.
DEBUG - 2026-04-28 07:30:33 --> Session: Class initialized using 'CodeIgniter\Session\Handlers\FileHandler' driver.
DEBUG - 2026-04-28 07:30:38 --> Session: Class initialized using 'CodeIgniter\Session\Handlers\FileHandler' driver.
DEBUG - 2026-04-28 07:31:01 --> Session: Class initialized using 'CodeIgniter\Session\Handlers\FileHandler' driver.
DEBUG - 2026-04-28 07:31:06 --> Session: Class initialized using 'CodeIgniter\Session\Handlers\FileHandler' driver.
DEBUG - 2026-04-28 07:31:07 --> Session: Class initialized using 'CodeIgniter\Session\Handlers\FileHandler' driver.
DEBUG - 2026-04-28 07:42:38 --> Session: Class initialized using 'CodeIgniter\Session\Handlers\FileHandler' driver.
DEBUG - 2026-04-28 07:44:04 --> Session: Class initialized using 'CodeIgniter\Session\Handlers\FileHandler' driver.
DEBUG - 2026-04-28 07:44:23 --> Session: Class initialized using 'CodeIgniter\Session\Handlers\FileHandler' driver.
DEBUG - 2026-04-28 07:44:29 --> Session: Class initialized using 'CodeIgniter\Session\Handlers\FileHandler' driver.
DEBUG - 2026-04-28 07:44:38 --> Session: Class initialized using 'CodeIgniter\Session\Handlers\FileHandler' driver.
DEBUG - 2026-04-28 07:44:46 --> Session: Class initialized using 'CodeIgniter\Session\Handlers\FileHandler' driver.
DEBUG - 2026-04-28 07:45:00 --> Session: Class initialized using 'CodeIgniter\Session\Handlers\FileHandler' driver.
DEBUG - 2026-04-28 07:47:05 --> Session: Class initialized using 'CodeIgniter\Session\Handlers\FileHandler' driver.
DEBUG - 2026-04-28 07:49:08 --> Session: Class initialized using 'CodeIgniter\Session\Handlers\FileHandler' driver.
DEBUG - 2026-04-28 07:49:13 --> Session: Class initialized using 'CodeIgniter\Session\Handlers\FileHandler' driver.
DEBUG - 2026-04-28 07:49:25 --> Session: Class initialized using 'CodeIgniter\Session\Handlers\FileHandler' driver.
DEBUG - 2026-04-28 07:49:32 --> Session: Class initialized using 'CodeIgniter\Session\Handlers\FileHandler' driver.
DEBUG - 2026-04-28 07:49:44 --> Session: Class initialized using 'CodeIgniter\Session\Handlers\FileHandler' driver.
DEBUG - 2026-04-28 07:49:48 --> Session: Class initialized using 'CodeIgniter\Session\Handlers\FileHandler' driver.
DEBUG - 2026-04-28 07:49:57 --> Session: Class initialized using 'CodeIgniter\Session\Handlers\FileHandler' driver.
DEBUG - 2026-04-28 07:50:10 --> Session: Class initialized using 'CodeIgniter\Session\Handlers\FileHandler' driver.
DEBUG - 2026-04-28 07:50:16 --> Session: Class initialized using 'CodeIgniter\Session\Handlers\FileHandler' driver.
DEBUG - 2026-04-28 07:50:25 --> Session: Class initialized using 'CodeIgniter\Session\Handlers\FileHandler' driver.
DEBUG - 2026-04-28 07:50:29 --> Session: Class initialized using 'CodeIgniter\Session\Handlers\FileHandler' driver.
DEBUG - 2026-04-28 07:50:39 --> Session: Class initialized using 'CodeIgniter\Session\Handlers\FileHandler' driver.
DEBUG - 2026-04-28 07:50:44 --> Session: Class initialized using 'CodeIgniter\Session\Handlers\FileHandler' driver.
DEBUG - 2026-04-28 07:50:55 --> Session: Class initialized using 'CodeIgniter\Session\Handlers\FileHandler' driver.
DEBUG - 2026-04-28 07:51:00 --> Session: Class initialized using 'CodeIgniter\Session\Handlers\FileHandler' driver.
DEBUG - 2026-04-28 07:51:16 --> Session: Class initialized using 'CodeIgniter\Session\Handlers\FileHandler' driver.
DEBUG - 2026-04-28 07:51:19 --> Session: Class initialized using 'CodeIgniter\Session\Handlers\FileHandler' driver.
DEBUG - 2026-04-28 07:51:33 --> Session: Class initialized using 'CodeIgniter\Session\Handlers\FileHandler' driver.
DEBUG - 2026-04-28 07:51:36 --> Session: Class initialized using 'CodeIgniter\Session\Handlers\FileHandler' driver.
DEBUG - 2026-04-28 07:51:43 --> Session: Class initialized using 'CodeIgniter\Session\Handlers\FileHandler' driver.
DEBUG - 2026-04-28 07:51:46 --> Session: Class initialized using 'CodeIgniter\Session\Handlers\FileHandler' driver.
DEBUG - 2026-04-28 07:51:49 --> Session: Class initialized using 'CodeIgniter\Session\Handlers\FileHandler' driver.
DEBUG - 2026-04-28 07:52:01 --> Session: Class initialized using 'CodeIgniter\Session\Handlers\FileHandler' driver.
DEBUG - 2026-04-28 07:52:06 --> Session: Class initialized using 'CodeIgniter\Session\Handlers\FileHandler' driver.
DEBUG - 2026-04-28 07:52:13 --> Session: Class initialized using 'CodeIgniter\Session\Handlers\FileHandler' driver.
DEBUG - 2026-04-28 07:52:16 --> Session: Class initialized using 'CodeIgniter\Session\Handlers\FileHandler' driver.
DEBUG - 2026-04-28 07:52:25 --> Session: Class initialized using 'CodeIgniter\Session\Handlers\FileHandler' driver.
DEBUG - 2026-04-28 07:52:29 --> Session: Class initialized using 'CodeIgniter\Session\Handlers\FileHandler' driver.
DEBUG - 2026-04-28 07:52:31 --> Session: Class initialized using 'CodeIgniter\Session\Handlers\FileHandler' driver.
DEBUG - 2026-04-28 07:52:41 --> Session: Class initialized using 'CodeIgniter\Session\Handlers\FileHandler' driver.
DEBUG - 2026-04-28 07:52:44 --> Session: Class initialized using 'CodeIgniter\Session\Handlers\FileHandler' driver.
DEBUG - 2026-04-28 08:01:56 --> Session: Class initialized using 'CodeIgniter\Session\Handlers\FileHandler' driver.
DEBUG - 2026-04-28 08:01:59 --> Session: Class initialized using 'CodeIgniter\Session\Handlers\FileHandler' driver.
DEBUG - 2026-04-28 08:02:42 --> Session: Class initialized using 'CodeIgniter\Session\Handlers\FileHandler' driver.
DEBUG - 2026-04-28 08:04:22 --> Session: Class initialized using 'CodeIgniter\Session\Handlers\FileHandler' driver.
CRITICAL - 2026-04-28 08:06:14 --> ErrorException: Trying to access array offset on value of type null
[Method: GET, Route: peminjaman/edit/92]
in APPPATH\Views\buku\edit.php on line 80.
 1 APPPATH\Views\buku\edit.php(80): CodeIgniter\Debug\Exceptions->errorHandler(2, 'Trying to access array offset on value of type null', 'C:\\xampp\\htdocs\\perpuska\\app\\Views\\buku\\edit.php', 80)
 2 SYSTEMPATH\View\View.php(226): include('C:\\xampp\\htdocs\\perpuska\\app\\Views\\buku\\edit.php')
 3 SYSTEMPATH\View\View.php(229): CodeIgniter\View\View->CodeIgniter\View\{closure}()
 4 SYSTEMPATH\Common.php(1167): CodeIgniter\View\View->render('buku/edit', [], true)
 5 APPPATH\Controllers\peminjaman.php(285): view('buku/edit', [...])
 6 SYSTEMPATH\CodeIgniter.php(933): App\Controllers\Peminjaman->edit('92')
 7 SYSTEMPATH\CodeIgniter.php(507): CodeIgniter\CodeIgniter->runController(Object(App\Controllers\Peminjaman))
 8 SYSTEMPATH\CodeIgniter.php(354): CodeIgniter\CodeIgniter->handleRequest(null, Object(Config\Cache), false)
 9 SYSTEMPATH\Boot.php(363): CodeIgniter\CodeIgniter->run()
10 SYSTEMPATH\Boot.php(68): CodeIgniter\Boot::runCodeIgniter(Object(CodeIgniter\CodeIgniter))
11 FCPATH\index.php(59): CodeIgniter\Boot::bootWeb(Object(Config\Paths))
CRITICAL - 2026-04-28 08:06:36 --> ErrorException: Trying to access array offset on value of type null
[Method: GET, Route: peminjaman/edit/92]
in APPPATH\Views\buku\edit.php on line 80.
 1 APPPATH\Views\buku\edit.php(80): CodeIgniter\Debug\Exceptions->errorHandler(2, 'Trying to access array offset on value of type null', 'C:\\xampp\\htdocs\\perpuska\\app\\Views\\buku\\edit.php', 80)
 2 SYSTEMPATH\View\View.php(226): include('C:\\xampp\\htdocs\\perpuska\\app\\Views\\buku\\edit.php')
 3 SYSTEMPATH\View\View.php(229): CodeIgniter\View\View->CodeIgniter\View\{closure}()
 4 SYSTEMPATH\Common.php(1167): CodeIgniter\View\View->render('buku/edit', [], true)
 5 APPPATH\Controllers\peminjaman.php(285): view('buku/edit', [...])
 6 SYSTEMPATH\CodeIgniter.php(933): App\Controllers\Peminjaman->edit('92')
 7 SYSTEMPATH\CodeIgniter.php(507): CodeIgniter\CodeIgniter->runController(Object(App\Controllers\Peminjaman))
 8 SYSTEMPATH\CodeIgniter.php(354): CodeIgniter\CodeIgniter->handleRequest(null, Object(Config\Cache), false)
 9 SYSTEMPATH\Boot.php(363): CodeIgniter\CodeIgniter->run()
10 SYSTEMPATH\Boot.php(68): CodeIgniter\Boot::runCodeIgniter(Object(CodeIgniter\CodeIgniter))
11 FCPATH\index.php(59): CodeIgniter\Boot::bootWeb(Object(Config\Paths))
CRITICAL - 2026-04-28 08:07:12 --> ErrorException: Trying to access array offset on value of type null
[Method: GET, Route: peminjaman/edit/92]
in APPPATH\Views\buku\edit.php on line 80.
 1 APPPATH\Views\buku\edit.php(80): CodeIgniter\Debug\Exceptions->errorHandler(2, 'Trying to access array offset on value of type null', 'C:\\xampp\\htdocs\\perpuska\\app\\Views\\buku\\edit.php', 80)
 2 SYSTEMPATH\View\View.php(226): include('C:\\xampp\\htdocs\\perpuska\\app\\Views\\buku\\edit.php')
 3 SYSTEMPATH\View\View.php(229): CodeIgniter\View\View->CodeIgniter\View\{closure}()
 4 SYSTEMPATH\Common.php(1167): CodeIgniter\View\View->render('buku/edit', [], true)
 5 APPPATH\Controllers\peminjaman.php(285): view('buku/edit', [...])
 6 SYSTEMPATH\CodeIgniter.php(933): App\Controllers\Peminjaman->edit('92')
 7 SYSTEMPATH\CodeIgniter.php(507): CodeIgniter\CodeIgniter->runController(Object(App\Controllers\Peminjaman))
 8 SYSTEMPATH\CodeIgniter.php(354): CodeIgniter\CodeIgniter->handleRequest(null, Object(Config\Cache), false)
 9 SYSTEMPATH\Boot.php(363): CodeIgniter\CodeIgniter->run()
10 SYSTEMPATH\Boot.php(68): CodeIgniter\Boot::runCodeIgniter(Object(CodeIgniter\CodeIgniter))
11 FCPATH\index.php(59): CodeIgniter\Boot::bootWeb(Object(Config\Paths))
DEBUG - 2026-04-28 08:07:42 --> Session: Class initialized using 'CodeIgniter\Session\Handlers\FileHandler' driver.
CRITICAL - 2026-04-28 08:07:44 --> ErrorException: Trying to access array offset on value of type null
[Method: GET, Route: peminjaman/edit/90]
in APPPATH\Views\buku\edit.php on line 80.
 1 APPPATH\Views\buku\edit.php(80): CodeIgniter\Debug\Exceptions->errorHandler(2, 'Trying to access array offset on value of type null', 'C:\\xampp\\htdocs\\perpuska\\app\\Views\\buku\\edit.php', 80)
 2 SYSTEMPATH\View\View.php(226): include('C:\\xampp\\htdocs\\perpuska\\app\\Views\\buku\\edit.php')
 3 SYSTEMPATH\View\View.php(229): CodeIgniter\View\View->CodeIgniter\View\{closure}()
 4 SYSTEMPATH\Common.php(1167): CodeIgniter\View\View->render('buku/edit', [], true)
 5 APPPATH\Controllers\peminjaman.php(285): view('buku/edit', [...])
 6 SYSTEMPATH\CodeIgniter.php(933): App\Controllers\Peminjaman->edit('90')
 7 SYSTEMPATH\CodeIgniter.php(507): CodeIgniter\CodeIgniter->runController(Object(App\Controllers\Peminjaman))
 8 SYSTEMPATH\CodeIgniter.php(354): CodeIgniter\CodeIgniter->handleRequest(null, Object(Config\Cache), false)
 9 SYSTEMPATH\Boot.php(363): CodeIgniter\CodeIgniter->run()
10 SYSTEMPATH\Boot.php(68): CodeIgniter\Boot::runCodeIgniter(Object(CodeIgniter\CodeIgniter))
11 FCPATH\index.php(59): CodeIgniter\Boot::bootWeb(Object(Config\Paths))
DEBUG - 2026-04-28 08:07:53 --> Session: Class initialized using 'CodeIgniter\Session\Handlers\FileHandler' driver.
DEBUG - 2026-04-28 08:07:55 --> Session: Class initialized using 'CodeIgniter\Session\Handlers\FileHandler' driver.
CRITICAL - 2026-04-28 08:08:03 --> ErrorException: Trying to access array offset on value of type null
[Method: GET, Route: peminjaman/edit/90]
in APPPATH\Views\buku\edit.php on line 80.
 1 APPPATH\Views\buku\edit.php(80): CodeIgniter\Debug\Exceptions->errorHandler(2, 'Trying to access array offset on value of type null', 'C:\\xampp\\htdocs\\perpuska\\app\\Views\\buku\\edit.php', 80)
 2 SYSTEMPATH\View\View.php(226): include('C:\\xampp\\htdocs\\perpuska\\app\\Views\\buku\\edit.php')
 3 SYSTEMPATH\View\View.php(229): CodeIgniter\View\View->CodeIgniter\View\{closure}()
 4 SYSTEMPATH\Common.php(1167): CodeIgniter\View\View->render('buku/edit', [], true)
 5 APPPATH\Controllers\peminjaman.php(285): view('buku/edit', [...])
 6 SYSTEMPATH\CodeIgniter.php(933): App\Controllers\Peminjaman->edit('90')
 7 SYSTEMPATH\CodeIgniter.php(507): CodeIgniter\CodeIgniter->runController(Object(App\Controllers\Peminjaman))
 8 SYSTEMPATH\CodeIgniter.php(354): CodeIgniter\CodeIgniter->handleRequest(null, Object(Config\Cache), false)
 9 SYSTEMPATH\Boot.php(363): CodeIgniter\CodeIgniter->run()
10 SYSTEMPATH\Boot.php(68): CodeIgniter\Boot::runCodeIgniter(Object(CodeIgniter\CodeIgniter))
11 FCPATH\index.php(59): CodeIgniter\Boot::bootWeb(Object(Config\Paths))
CRITICAL - 2026-04-28 08:08:05 --> ErrorException: Trying to access array offset on value of type null
[Method: GET, Route: peminjaman/edit/90]
in APPPATH\Views\buku\edit.php on line 80.
 1 APPPATH\Views\buku\edit.php(80): CodeIgniter\Debug\Exceptions->errorHandler(2, 'Trying to access array offset on value of type null', 'C:\\xampp\\htdocs\\perpuska\\app\\Views\\buku\\edit.php', 80)
 2 SYSTEMPATH\View\View.php(226): include('C:\\xampp\\htdocs\\perpuska\\app\\Views\\buku\\edit.php')
 3 SYSTEMPATH\View\View.php(229): CodeIgniter\View\View->CodeIgniter\View\{closure}()
 4 SYSTEMPATH\Common.php(1167): CodeIgniter\View\View->render('buku/edit', [], true)
 5 APPPATH\Controllers\peminjaman.php(285): view('buku/edit', [...])
 6 SYSTEMPATH\CodeIgniter.php(933): App\Controllers\Peminjaman->edit('90')
 7 SYSTEMPATH\CodeIgniter.php(507): CodeIgniter\CodeIgniter->runController(Object(App\Controllers\Peminjaman))
 8 SYSTEMPATH\CodeIgniter.php(354): CodeIgniter\CodeIgniter->handleRequest(null, Object(Config\Cache), false)
 9 SYSTEMPATH\Boot.php(363): CodeIgniter\CodeIgniter->run()
10 SYSTEMPATH\Boot.php(68): CodeIgniter\Boot::runCodeIgniter(Object(CodeIgniter\CodeIgniter))
11 FCPATH\index.php(59): CodeIgniter\Boot::bootWeb(Object(Config\Paths))
DEBUG - 2026-04-28 08:08:53 --> Session: Class initialized using 'CodeIgniter\Session\Handlers\FileHandler' driver.
ERROR - 2026-04-28 08:09:35 --> mysqli_sql_exception: Column 'id_buku' cannot be null in C:\xampp\htdocs\perpuska\system\Database\MySQLi\Connection.php:327
Stack trace:
#0 C:\xampp\htdocs\perpuska\system\Database\MySQLi\Connection.php(327): mysqli->query('INSERT INTO `de...', 0)
#1 C:\xampp\htdocs\perpuska\system\Database\BaseConnection.php(729): CodeIgniter\Database\MySQLi\Connection->execute('INSERT INTO `de...')
#2 C:\xampp\htdocs\perpuska\system\Database\BaseConnection.php(646): CodeIgniter\Database\BaseConnection->simpleQuery('INSERT INTO `de...')
#3 C:\xampp\htdocs\perpuska\system\Database\BaseBuilder.php(2345): CodeIgniter\Database\BaseConnection->query('INSERT INTO `de...', Array, false)
#4 C:\xampp\htdocs\perpuska\app\Controllers\peminjaman.php(321): CodeIgniter\Database\BaseBuilder->insert(Array)
#5 C:\xampp\htdocs\perpuska\system\CodeIgniter.php(933): App\Controllers\Peminjaman->update('90')
#6 C:\xampp\htdocs\perpuska\system\CodeIgniter.php(507): CodeIgniter\CodeIgniter->runController(Object(App\Controllers\Peminjaman))
#7 C:\xampp\htdocs\perpuska\system\CodeIgniter.php(354): CodeIgniter\CodeIgniter->handleRequest(NULL, Object(Config\Cache), false)
#8 C:\xampp\htdocs\perpuska\system\Boot.php(363): CodeIgniter\CodeIgniter->run()
#9 C:\xampp\htdocs\perpuska\system\Boot.php(68): CodeIgniter\Boot::runCodeIgniter(Object(CodeIgniter\CodeIgniter))
#10 C:\xampp\htdocs\perpuska\index.php(59): CodeIgniter\Boot::bootWeb(Object(Config\Paths))
#11 {main}
CRITICAL - 2026-04-28 08:09:35 --> CodeIgniter\Database\Exceptions\DatabaseException: Column 'id_buku' cannot be null
[Method: POST, Route: peminjaman/update/90]
in SYSTEMPATH\Database\BaseConnection.php on line 684.
 1 SYSTEMPATH\Database\BaseBuilder.php(2345): CodeIgniter\Database\BaseConnection->query('INSERT INTO `detail_peminjaman` (`id_peminjaman`, `id_buku`) VALUES (:id_peminjaman:, :id_buku:)', [...], false)
 2 APPPATH\Controllers\peminjaman.php(321): CodeIgniter\Database\BaseBuilder->insert([...])
 3 SYSTEMPATH\CodeIgniter.php(933): App\Controllers\Peminjaman->update('90')
 4 SYSTEMPATH\CodeIgniter.php(507): CodeIgniter\CodeIgniter->runController(Object(App\Controllers\Peminjaman))
 5 SYSTEMPATH\CodeIgniter.php(354): CodeIgniter\CodeIgniter->handleRequest(null, Object(Config\Cache), false)
 6 SYSTEMPATH\Boot.php(363): CodeIgniter\CodeIgniter->run()
 7 SYSTEMPATH\Boot.php(68): CodeIgniter\Boot::runCodeIgniter(Object(CodeIgniter\CodeIgniter))
 8 FCPATH\index.php(59): CodeIgniter\Boot::bootWeb(Object(Config\Paths))
CRITICAL - 2026-04-28 08:09:35 --> [Caused by] CodeIgniter\Database\Exceptions\DatabaseException: Column 'id_buku' cannot be null
in SYSTEMPATH\Database\MySQLi\Connection.php on line 332.
 1 SYSTEMPATH\Database\BaseConnection.php(729): CodeIgniter\Database\MySQLi\Connection->execute('INSERT INTO `detail_peminjaman` (`id_peminjaman`, `id_buku`) VALUES (\'90\', NULL)')
 2 SYSTEMPATH\Database\BaseConnection.php(646): CodeIgniter\Database\BaseConnection->simpleQuery('INSERT INTO `detail_peminjaman` (`id_peminjaman`, `id_buku`) VALUES (\'90\', NULL)')
 3 SYSTEMPATH\Database\BaseBuilder.php(2345): CodeIgniter\Database\BaseConnection->query('INSERT INTO `detail_peminjaman` (`id_peminjaman`, `id_buku`) VALUES (:id_peminjaman:, :id_buku:)', [...], false)
 4 APPPATH\Controllers\peminjaman.php(321): CodeIgniter\Database\BaseBuilder->insert([...])
 5 SYSTEMPATH\CodeIgniter.php(933): App\Controllers\Peminjaman->update('90')
 6 SYSTEMPATH\CodeIgniter.php(507): CodeIgniter\CodeIgniter->runController(Object(App\Controllers\Peminjaman))
 7 SYSTEMPATH\CodeIgniter.php(354): CodeIgniter\CodeIgniter->handleRequest(null, Object(Config\Cache), false)
 8 SYSTEMPATH\Boot.php(363): CodeIgniter\CodeIgniter->run()
 9 SYSTEMPATH\Boot.php(68): CodeIgniter\Boot::runCodeIgniter(Object(CodeIgniter\CodeIgniter))
10 FCPATH\index.php(59): CodeIgniter\Boot::bootWeb(Object(Config\Paths))
CRITICAL - 2026-04-28 08:09:35 --> [Caused by] mysqli_sql_exception: Column 'id_buku' cannot be null
in SYSTEMPATH\Database\MySQLi\Connection.php on line 327.
 1 SYSTEMPATH\Database\MySQLi\Connection.php(327): mysqli->query('INSERT INTO `detail_peminjaman` (`id_peminjaman`, `id_buku`) VALUES (\'90\', NULL)', 0)
 2 SYSTEMPATH\Database\BaseConnection.php(729): CodeIgniter\Database\MySQLi\Connection->execute('INSERT INTO `detail_peminjaman` (`id_peminjaman`, `id_buku`) VALUES (\'90\', NULL)')
 3 SYSTEMPATH\Database\BaseConnection.php(646): CodeIgniter\Database\BaseConnection->simpleQuery('INSERT INTO `detail_peminjaman` (`id_peminjaman`, `id_buku`) VALUES (\'90\', NULL)')
 4 SYSTEMPATH\Database\BaseBuilder.php(2345): CodeIgniter\Database\BaseConnection->query('INSERT INTO `detail_peminjaman` (`id_peminjaman`, `id_buku`) VALUES (:id_peminjaman:, :id_buku:)', [...], false)
 5 APPPATH\Controllers\peminjaman.php(321): CodeIgniter\Database\BaseBuilder->insert([...])
 6 SYSTEMPATH\CodeIgniter.php(933): App\Controllers\Peminjaman->update('90')
 7 SYSTEMPATH\CodeIgniter.php(507): CodeIgniter\CodeIgniter->runController(Object(App\Controllers\Peminjaman))
 8 SYSTEMPATH\CodeIgniter.php(354): CodeIgniter\CodeIgniter->handleRequest(null, Object(Config\Cache), false)
 9 SYSTEMPATH\Boot.php(363): CodeIgniter\CodeIgniter->run()
10 SYSTEMPATH\Boot.php(68): CodeIgniter\Boot::runCodeIgniter(Object(CodeIgniter\CodeIgniter))
11 FCPATH\index.php(59): CodeIgniter\Boot::bootWeb(Object(Config\Paths))
CRITICAL - 2026-04-28 08:12:40 --> ParseError: syntax error, unexpected token "return", expecting "function" or "const"
[Method: POST, Route: peminjaman/update/90]
in APPPATH\Controllers\peminjaman.php on line 117.
 1 SYSTEMPATH\Autoloader\Autoloader.php(295): CodeIgniter\Autoloader\Autoloader->includeFile('C:\\xampp\\htdocs\\perpuska\\app\\Controllers\\Peminjaman.php')
 2 SYSTEMPATH\Autoloader\Autoloader.php(271): CodeIgniter\Autoloader\Autoloader->loadInNamespace('App\\Controllers\\Peminjaman')
 3 [internal function]: CodeIgniter\Autoloader\Autoloader->loadClass('App\\Controllers\\Peminjaman')
 4 SYSTEMPATH\CodeIgniter.php(885): class_exists('\\App\\Controllers\\Peminjaman', true)
 5 SYSTEMPATH\CodeIgniter.php(494): CodeIgniter\CodeIgniter->startController()
 6 SYSTEMPATH\CodeIgniter.php(354): CodeIgniter\CodeIgniter->handleRequest(null, Object(Config\Cache), false)
 7 SYSTEMPATH\Boot.php(363): CodeIgniter\CodeIgniter->run()
 8 SYSTEMPATH\Boot.php(68): CodeIgniter\Boot::runCodeIgniter(Object(CodeIgniter\CodeIgniter))
 9 FCPATH\index.php(59): CodeIgniter\Boot::bootWeb(Object(Config\Paths))
CRITICAL - 2026-04-28 08:14:35 --> ErrorException: foreach() argument must be of type array|object, null given
[Method: POST, Route: peminjaman/update/90]
in APPPATH\Controllers\peminjaman.php on line 312.
 1 APPPATH\Controllers\peminjaman.php(312): CodeIgniter\Debug\Exceptions->errorHandler(2, 'foreach() argument must be of type array|object, null given', 'C:\\xampp\\htdocs\\perpuska\\app\\Controllers\\peminjaman.php', 312)
 2 SYSTEMPATH\CodeIgniter.php(933): App\Controllers\Peminjaman->update('90')
 3 SYSTEMPATH\CodeIgniter.php(507): CodeIgniter\CodeIgniter->runController(Object(App\Controllers\Peminjaman))
 4 SYSTEMPATH\CodeIgniter.php(354): CodeIgniter\CodeIgniter->handleRequest(null, Object(Config\Cache), false)
 5 SYSTEMPATH\Boot.php(363): CodeIgniter\CodeIgniter->run()
 6 SYSTEMPATH\Boot.php(68): CodeIgniter\Boot::runCodeIgniter(Object(CodeIgniter\CodeIgniter))
 7 FCPATH\index.php(59): CodeIgniter\Boot::bootWeb(Object(Config\Paths))
DEBUG - 2026-04-28 08:15:38 --> Session: Class initialized using 'CodeIgniter\Session\Handlers\FileHandler' driver.
DEBUG - 2026-04-28 08:15:38 --> Session: Class initialized using 'CodeIgniter\Session\Handlers\FileHandler' driver.
DEBUG - 2026-04-28 08:16:26 --> Session: Class initialized using 'CodeIgniter\Session\Handlers\FileHandler' driver.
DEBUG - 2026-04-28 08:16:26 --> Session: Class initialized using 'CodeIgniter\Session\Handlers\FileHandler' driver.
DEBUG - 2026-04-28 08:16:28 --> Session: Class initialized using 'CodeIgniter\Session\Handlers\FileHandler' driver.
DEBUG - 2026-04-28 08:16:31 --> Session: Class initialized using 'CodeIgniter\Session\Handlers\FileHandler' driver.
DEBUG - 2026-04-28 08:16:32 --> Session: Class initialized using 'CodeIgniter\Session\Handlers\FileHandler' driver.
DEBUG - 2026-04-28 08:16:34 --> Session: Class initialized using 'CodeIgniter\Session\Handlers\FileHandler' driver.
DEBUG - 2026-04-28 08:16:44 --> Session: Class initialized using 'CodeIgniter\Session\Handlers\FileHandler' driver.
DEBUG - 2026-04-28 08:16:53 --> Session: Class initialized using 'CodeIgniter\Session\Handlers\FileHandler' driver.
DEBUG - 2026-04-28 08:17:00 --> Session: Class initialized using 'CodeIgniter\Session\Handlers\FileHandler' driver.
DEBUG - 2026-04-28 08:17:04 --> Session: Class initialized using 'CodeIgniter\Session\Handlers\FileHandler' driver.
DEBUG - 2026-04-28 08:17:05 --> Session: Class initialized using 'CodeIgniter\Session\Handlers\FileHandler' driver.
DEBUG - 2026-04-28 08:17:11 --> Session: Class initialized using 'CodeIgniter\Session\Handlers\FileHandler' driver.
DEBUG - 2026-04-28 08:17:11 --> Session: Class initialized using 'CodeIgniter\Session\Handlers\FileHandler' driver.
DEBUG - 2026-04-28 08:17:14 --> Session: Class initialized using 'CodeIgniter\Session\Handlers\FileHandler' driver.
DEBUG - 2026-04-28 08:18:43 --> Session: Class initialized using 'CodeIgniter\Session\Handlers\FileHandler' driver.
DEBUG - 2026-04-28 08:18:46 --> Session: Class initialized using 'CodeIgniter\Session\Handlers\FileHandler' driver.
DEBUG - 2026-04-28 08:18:51 --> Session: Class initialized using 'CodeIgniter\Session\Handlers\FileHandler' driver.
DEBUG - 2026-04-28 08:19:40 --> Session: Class initialized using 'CodeIgniter\Session\Handlers\FileHandler' driver.
DEBUG - 2026-04-28 08:19:44 --> Session: Class initialized using 'CodeIgniter\Session\Handlers\FileHandler' driver.
DEBUG - 2026-04-28 08:19:45 --> Session: Class initialized using 'CodeIgniter\Session\Handlers\FileHandler' driver.
DEBUG - 2026-04-28 08:19:49 --> Session: Class initialized using 'CodeIgniter\Session\Handlers\FileHandler' driver.
DEBUG - 2026-04-28 08:19:49 --> Session: Class initialized using 'CodeIgniter\Session\Handlers\FileHandler' driver.
DEBUG - 2026-04-28 08:19:51 --> Session: Class initialized using 'CodeIgniter\Session\Handlers\FileHandler' driver.
DEBUG - 2026-04-28 08:19:53 --> Session: Class initialized using 'CodeIgniter\Session\Handlers\FileHandler' driver.
DEBUG - 2026-04-28 08:19:57 --> Session: Class initialized using 'CodeIgniter\Session\Handlers\FileHandler' driver.
DEBUG - 2026-04-28 08:19:57 --> Session: Class initialized using 'CodeIgniter\Session\Handlers\FileHandler' driver.
DEBUG - 2026-04-28 08:20:01 --> Session: Class initialized using 'CodeIgniter\Session\Handlers\FileHandler' driver.
DEBUG - 2026-04-28 08:20:01 --> Session: Class initialized using 'CodeIgniter\Session\Handlers\FileHandler' driver.
DEBUG - 2026-04-28 08:20:39 --> Session: Class initialized using 'CodeIgniter\Session\Handlers\FileHandler' driver.
DEBUG - 2026-04-28 08:20:41 --> Session: Class initialized using 'CodeIgniter\Session\Handlers\FileHandler' driver.
DEBUG - 2026-04-28 08:24:09 --> Session: Class initialized using 'CodeIgniter\Session\Handlers\FileHandler' driver.
DEBUG - 2026-04-28 08:24:12 --> Session: Class initialized using 'CodeIgniter\Session\Handlers\FileHandler' driver.
DEBUG - 2026-04-28 08:24:13 --> Session: Class initialized using 'CodeIgniter\Session\Handlers\FileHandler' driver.
DEBUG - 2026-04-28 08:24:16 --> Session: Class initialized using 'CodeIgniter\Session\Handlers\FileHandler' driver.
DEBUG - 2026-04-28 08:25:49 --> Session: Class initialized using 'CodeIgniter\Session\Handlers\FileHandler' driver.
DEBUG - 2026-04-28 08:27:09 --> Session: Class initialized using 'CodeIgniter\Session\Handlers\FileHandler' driver.
DEBUG - 2026-04-28 08:27:37 --> Session: Class initialized using 'CodeIgniter\Session\Handlers\FileHandler' driver.
CRITICAL - 2026-04-28 08:27:37 --> ParseError: syntax error, unexpected token "endforeach", expecting end of file
[Method: GET, Route: anggota/peminjaman]
in APPPATH\Views\anggota\peminjaman.php on line 96.
 1 SYSTEMPATH\View\View.php(229): CodeIgniter\View\View->CodeIgniter\View\{closure}()
 2 SYSTEMPATH\Common.php(1167): CodeIgniter\View\View->render('anggota/peminjaman', [], true)
 3 APPPATH\Controllers\peminjaman.php(134): view('anggota/peminjaman', [...])
 4 SYSTEMPATH\CodeIgniter.php(933): App\Controllers\Peminjaman->peminjamanSaya()
 5 SYSTEMPATH\CodeIgniter.php(507): CodeIgniter\CodeIgniter->runController(Object(App\Controllers\Peminjaman))
 6 SYSTEMPATH\CodeIgniter.php(354): CodeIgniter\CodeIgniter->handleRequest(null, Object(Config\Cache), false)
 7 SYSTEMPATH\Boot.php(363): CodeIgniter\CodeIgniter->run()
 8 SYSTEMPATH\Boot.php(68): CodeIgniter\Boot::runCodeIgniter(Object(CodeIgniter\CodeIgniter))
 9 FCPATH\index.php(59): CodeIgniter\Boot::bootWeb(Object(Config\Paths))
DEBUG - 2026-04-28 08:28:32 --> Session: Class initialized using 'CodeIgniter\Session\Handlers\FileHandler' driver.
DEBUG - 2026-04-28 08:29:41 --> Session: Class initialized using 'CodeIgniter\Session\Handlers\FileHandler' driver.
DEBUG - 2026-04-28 08:30:33 --> Session: Class initialized using 'CodeIgniter\Session\Handlers\FileHandler' driver.
CRITICAL - 2026-04-28 08:31:53 --> ParseError: syntax error, unexpected token "return", expecting "function" or "const"
[Method: GET, Route: anggota/peminjaman]
in APPPATH\Controllers\peminjaman.php on line 148.
 1 SYSTEMPATH\Autoloader\Autoloader.php(295): CodeIgniter\Autoloader\Autoloader->includeFile('C:\\xampp\\htdocs\\perpuska\\app\\Controllers\\Peminjaman.php')
 2 SYSTEMPATH\Autoloader\Autoloader.php(271): CodeIgniter\Autoloader\Autoloader->loadInNamespace('App\\Controllers\\Peminjaman')
 3 [internal function]: CodeIgniter\Autoloader\Autoloader->loadClass('App\\Controllers\\Peminjaman')
 4 SYSTEMPATH\CodeIgniter.php(885): class_exists('\\App\\Controllers\\Peminjaman', true)
 5 SYSTEMPATH\CodeIgniter.php(494): CodeIgniter\CodeIgniter->startController()
 6 SYSTEMPATH\CodeIgniter.php(354): CodeIgniter\CodeIgniter->handleRequest(null, Object(Config\Cache), false)
 7 SYSTEMPATH\Boot.php(363): CodeIgniter\CodeIgniter->run()
 8 SYSTEMPATH\Boot.php(68): CodeIgniter\Boot::runCodeIgniter(Object(CodeIgniter\CodeIgniter))
 9 FCPATH\index.php(59): CodeIgniter\Boot::bootWeb(Object(Config\Paths))
DEBUG - 2026-04-28 08:32:03 --> Session: Class initialized using 'CodeIgniter\Session\Handlers\FileHandler' driver.
DEBUG - 2026-04-28 08:33:39 --> Session: Class initialized using 'CodeIgniter\Session\Handlers\FileHandler' driver.
CRITICAL - 2026-04-28 08:33:41 --> ErrorException: Undefined array key "nama_kategori"
[Method: GET, Route: anggota/buku]
in APPPATH\Views\anggota\buku.php on line 15.
 1 APPPATH\Views\anggota\buku.php(15): CodeIgniter\Debug\Exceptions->errorHandler(2, 'Undefined array key "nama_kategori"', 'C:\\xampp\\htdocs\\perpuska\\app\\Views\\anggota\\buku.php', 15)
 2 SYSTEMPATH\View\View.php(226): include('C:\\xampp\\htdocs\\perpuska\\app\\Views\\anggota\\buku.php')
 3 SYSTEMPATH\View\View.php(229): CodeIgniter\View\View->CodeIgniter\View\{closure}()
 4 SYSTEMPATH\Common.php(1167): CodeIgniter\View\View->render('anggota/buku', [], true)
 5 APPPATH\Controllers\Buku.php(38): view('anggota/buku', [...])
 6 SYSTEMPATH\CodeIgniter.php(933): App\Controllers\Buku->anggota()
 7 SYSTEMPATH\CodeIgniter.php(507): CodeIgniter\CodeIgniter->runController(Object(App\Controllers\Buku))
 8 SYSTEMPATH\CodeIgniter.php(354): CodeIgniter\CodeIgniter->handleRequest(null, Object(Config\Cache), false)
 9 SYSTEMPATH\Boot.php(363): CodeIgniter\CodeIgniter->run()
10 SYSTEMPATH\Boot.php(68): CodeIgniter\Boot::runCodeIgniter(Object(CodeIgniter\CodeIgniter))
11 FCPATH\index.php(59): CodeIgniter\Boot::bootWeb(Object(Config\Paths))
DEBUG - 2026-04-28 08:38:53 --> Session: Class initialized using 'CodeIgniter\Session\Handlers\FileHandler' driver.
DEBUG - 2026-04-28 08:38:53 --> Session: Class initialized using 'CodeIgniter\Session\Handlers\FileHandler' driver.
DEBUG - 2026-04-28 08:39:05 --> Session: Class initialized using 'CodeIgniter\Session\Handlers\FileHandler' driver.
DEBUG - 2026-04-28 08:39:05 --> Session: Class initialized using 'CodeIgniter\Session\Handlers\FileHandler' driver.
DEBUG - 2026-04-28 08:39:07 --> Session: Class initialized using 'CodeIgniter\Session\Handlers\FileHandler' driver.
DEBUG - 2026-04-28 08:39:17 --> Session: Class initialized using 'CodeIgniter\Session\Handlers\FileHandler' driver.
DEBUG - 2026-04-28 08:39:19 --> Session: Class initialized using 'CodeIgniter\Session\Handlers\FileHandler' driver.
DEBUG - 2026-04-28 08:40:33 --> Session: Class initialized using 'CodeIgniter\Session\Handlers\FileHandler' driver.
DEBUG - 2026-04-28 08:42:01 --> Session: Class initialized using 'CodeIgniter\Session\Handlers\FileHandler' driver.
DEBUG - 2026-04-28 08:42:03 --> Session: Class initialized using 'CodeIgniter\Session\Handlers\FileHandler' driver.
DEBUG - 2026-04-28 08:42:04 --> Session: Class initialized using 'CodeIgniter\Session\Handlers\FileHandler' driver.
DEBUG - 2026-04-28 08:43:22 --> Session: Class initialized using 'CodeIgniter\Session\Handlers\FileHandler' driver.
DEBUG - 2026-04-28 08:46:20 --> Session: Class initialized using 'CodeIgniter\Session\Handlers\FileHandler' driver.
DEBUG - 2026-04-28 08:46:29 --> Session: Class initialized using 'CodeIgniter\Session\Handlers\FileHandler' driver.
DEBUG - 2026-04-28 08:47:09 --> Session: Class initialized using 'CodeIgniter\Session\Handlers\FileHandler' driver.
DEBUG - 2026-04-28 08:47:12 --> Session: Class initialized using 'CodeIgniter\Session\Handlers\FileHandler' driver.
DEBUG - 2026-04-28 08:47:17 --> Session: Class initialized using 'CodeIgniter\Session\Handlers\FileHandler' driver.
DEBUG - 2026-04-28 08:47:17 --> Session: Class initialized using 'CodeIgniter\Session\Handlers\FileHandler' driver.
DEBUG - 2026-04-28 08:47:18 --> Session: Class initialized using 'CodeIgniter\Session\Handlers\FileHandler' driver.
DEBUG - 2026-04-28 08:47:25 --> Session: Class initialized using 'CodeIgniter\Session\Handlers\FileHandler' driver.
DEBUG - 2026-04-28 08:47:34 --> Session: Class initialized using 'CodeIgniter\Session\Handlers\FileHandler' driver.
DEBUG - 2026-04-28 08:47:38 --> Session: Class initialized using 'CodeIgniter\Session\Handlers\FileHandler' driver.
DEBUG - 2026-04-28 08:49:02 --> Session: Class initialized using 'CodeIgniter\Session\Handlers\FileHandler' driver.
DEBUG - 2026-04-28 08:49:06 --> Session: Class initialized using 'CodeIgniter\Session\Handlers\FileHandler' driver.
DEBUG - 2026-04-28 08:49:13 --> Session: Class initialized using 'CodeIgniter\Session\Handlers\FileHandler' driver.
DEBUG - 2026-04-28 08:49:13 --> Session: Class initialized using 'CodeIgniter\Session\Handlers\FileHandler' driver.
DEBUG - 2026-04-28 08:49:15 --> Session: Class initialized using 'CodeIgniter\Session\Handlers\FileHandler' driver.
DEBUG - 2026-04-28 08:49:18 --> Session: Class initialized using 'CodeIgniter\Session\Handlers\FileHandler' driver.
DEBUG - 2026-04-28 08:49:23 --> Session: Class initialized using 'CodeIgniter\Session\Handlers\FileHandler' driver.
DEBUG - 2026-04-28 08:53:44 --> Session: Class initialized using 'CodeIgniter\Session\Handlers\FileHandler' driver.
CRITICAL - 2026-04-28 08:54:41 --> ParseError: syntax error, unexpected token "public"
[Method: GET, Route: peminjaman]
in APPPATH\Controllers\peminjaman.php on line 131.
 1 SYSTEMPATH\Autoloader\Autoloader.php(295): CodeIgniter\Autoloader\Autoloader->includeFile('C:\\xampp\\htdocs\\perpuska\\app\\Controllers\\Peminjaman.php')
 2 SYSTEMPATH\Autoloader\Autoloader.php(271): CodeIgniter\Autoloader\Autoloader->loadInNamespace('App\\Controllers\\Peminjaman')
 3 [internal function]: CodeIgniter\Autoloader\Autoloader->loadClass('App\\Controllers\\Peminjaman')
 4 SYSTEMPATH\CodeIgniter.php(885): class_exists('\\App\\Controllers\\Peminjaman', true)
 5 SYSTEMPATH\CodeIgniter.php(494): CodeIgniter\CodeIgniter->startController()
 6 SYSTEMPATH\CodeIgniter.php(354): CodeIgniter\CodeIgniter->handleRequest(null, Object(Config\Cache), false)
 7 SYSTEMPATH\Boot.php(363): CodeIgniter\CodeIgniter->run()
 8 SYSTEMPATH\Boot.php(68): CodeIgniter\Boot::runCodeIgniter(Object(CodeIgniter\CodeIgniter))
 9 FCPATH\index.php(59): CodeIgniter\Boot::bootWeb(Object(Config\Paths))
DEBUG - 2026-04-28 08:55:37 --> Session: Class initialized using 'CodeIgniter\Session\Handlers\FileHandler' driver.
DEBUG - 2026-04-28 08:56:06 --> Session: Class initialized using 'CodeIgniter\Session\Handlers\FileHandler' driver.
DEBUG - 2026-04-28 08:56:11 --> Session: Class initialized using 'CodeIgniter\Session\Handlers\FileHandler' driver.
DEBUG - 2026-04-28 08:56:54 --> Session: Class initialized using 'CodeIgniter\Session\Handlers\FileHandler' driver.
DEBUG - 2026-04-28 08:58:02 --> Session: Class initialized using 'CodeIgniter\Session\Handlers\FileHandler' driver.
DEBUG - 2026-04-28 08:58:10 --> Session: Class initialized using 'CodeIgniter\Session\Handlers\FileHandler' driver.
DEBUG - 2026-04-28 08:58:15 --> Session: Class initialized using 'CodeIgniter\Session\Handlers\FileHandler' driver.
DEBUG - 2026-04-28 08:58:28 --> Session: Class initialized using 'CodeIgniter\Session\Handlers\FileHandler' driver.
DEBUG - 2026-04-28 08:59:09 --> Session: Class initialized using 'CodeIgniter\Session\Handlers\FileHandler' driver.
DEBUG - 2026-04-28 08:59:20 --> Session: Class initialized using 'CodeIgniter\Session\Handlers\FileHandler' driver.
DEBUG - 2026-04-28 08:59:23 --> Session: Class initialized using 'CodeIgniter\Session\Handlers\FileHandler' driver.
DEBUG - 2026-04-28 08:59:31 --> Session: Class initialized using 'CodeIgniter\Session\Handlers\FileHandler' driver.
DEBUG - 2026-04-28 08:59:33 --> Session: Class initialized using 'CodeIgniter\Session\Handlers\FileHandler' driver.
DEBUG - 2026-04-28 08:59:35 --> Session: Class initialized using 'CodeIgniter\Session\Handlers\FileHandler' driver.
DEBUG - 2026-04-28 08:59:42 --> Session: Class initialized using 'CodeIgniter\Session\Handlers\FileHandler' driver.
DEBUG - 2026-04-28 08:59:46 --> Session: Class initialized using 'CodeIgniter\Session\Handlers\FileHandler' driver.
DEBUG - 2026-04-28 08:59:54 --> Session: Class initialized using 'CodeIgniter\Session\Handlers\FileHandler' driver.
DEBUG - 2026-04-28 08:59:59 --> Session: Class initialized using 'CodeIgniter\Session\Handlers\FileHandler' driver.
DEBUG - 2026-04-28 09:01:19 --> Session: Class initialized using 'CodeIgniter\Session\Handlers\FileHandler' driver.
DEBUG - 2026-04-28 09:03:50 --> Session: Class initialized using 'CodeIgniter\Session\Handlers\FileHandler' driver.
DEBUG - 2026-04-28 09:03:52 --> Session: Class initialized using 'CodeIgniter\Session\Handlers\FileHandler' driver.
DEBUG - 2026-04-28 09:04:23 --> Session: Class initialized using 'CodeIgniter\Session\Handlers\FileHandler' driver.
DEBUG - 2026-04-28 09:04:45 --> Session: Class initialized using 'CodeIgniter\Session\Handlers\FileHandler' driver.
DEBUG - 2026-04-28 09:08:38 --> Session: Class initialized using 'CodeIgniter\Session\Handlers\FileHandler' driver.
DEBUG - 2026-04-28 09:08:47 --> Session: Class initialized using 'CodeIgniter\Session\Handlers\FileHandler' driver.
CRITICAL - 2026-04-28 09:10:27 --> ErrorException: Undefined variable $denda
[Method: GET, Route: peminjaman/edit/95]
in APPPATH\Views\peminjaman\edit.php on line 64.
 1 APPPATH\Views\peminjaman\edit.php(64): CodeIgniter\Debug\Exceptions->errorHandler(2, 'Undefined variable $denda', 'C:\\xampp\\htdocs\\perpuska\\app\\Views\\peminjaman\\edit.php', 64)
 2 SYSTEMPATH\View\View.php(226): include('C:\\xampp\\htdocs\\perpuska\\app\\Views\\peminjaman\\edit.php')
 3 SYSTEMPATH\View\View.php(229): CodeIgniter\View\View->CodeIgniter\View\{closure}()
 4 SYSTEMPATH\Common.php(1167): CodeIgniter\View\View->render('peminjaman/edit', [], true)
 5 APPPATH\Controllers\peminjaman.php(291): view('peminjaman/edit', [...])
 6 SYSTEMPATH\CodeIgniter.php(933): App\Controllers\Peminjaman->edit('95')
 7 SYSTEMPATH\CodeIgniter.php(507): CodeIgniter\CodeIgniter->runController(Object(App\Controllers\Peminjaman))
 8 SYSTEMPATH\CodeIgniter.php(354): CodeIgniter\CodeIgniter->handleRequest(null, Object(Config\Cache), false)
 9 SYSTEMPATH\Boot.php(363): CodeIgniter\CodeIgniter->run()
10 SYSTEMPATH\Boot.php(68): CodeIgniter\Boot::runCodeIgniter(Object(CodeIgniter\CodeIgniter))
11 FCPATH\index.php(59): CodeIgniter\Boot::bootWeb(Object(Config\Paths))
DEBUG - 2026-04-28 09:10:43 --> Session: Class initialized using 'CodeIgniter\Session\Handlers\FileHandler' driver.
DEBUG - 2026-04-28 09:10:45 --> Session: Class initialized using 'CodeIgniter\Session\Handlers\FileHandler' driver.
DEBUG - 2026-04-28 09:10:53 --> Session: Class initialized using 'CodeIgniter\Session\Handlers\FileHandler' driver.
DEBUG - 2026-04-28 09:11:07 --> Session: Class initialized using 'CodeIgniter\Session\Handlers\FileHandler' driver.
DEBUG - 2026-04-28 09:11:10 --> Session: Class initialized using 'CodeIgniter\Session\Handlers\FileHandler' driver.
DEBUG - 2026-04-28 09:11:21 --> Session: Class initialized using 'CodeIgniter\Session\Handlers\FileHandler' driver.
DEBUG - 2026-04-28 09:11:21 --> Session: Class initialized using 'CodeIgniter\Session\Handlers\FileHandler' driver.
CRITICAL - 2026-04-28 09:14:04 --> ErrorException: Undefined array key "id"
[Method: GET, Route: pengembalian]
in APPPATH\Views\pengembalian\index.php on line 134.
 1 APPPATH\Views\pengembalian\index.php(134): CodeIgniter\Debug\Exceptions->errorHandler(2, 'Undefined array key "id"', 'C:\\xampp\\htdocs\\perpuska\\app\\Views\\pengembalian\\index.php', 134)
 2 SYSTEMPATH\View\View.php(226): include('C:\\xampp\\htdocs\\perpuska\\app\\Views\\pengembalian\\index.php')
 3 SYSTEMPATH\View\View.php(229): CodeIgniter\View\View->CodeIgniter\View\{closure}()
 4 SYSTEMPATH\Common.php(1167): CodeIgniter\View\View->render('pengembalian/index', [], true)
 5 APPPATH\Controllers\Pengembalian.php(24): view('pengembalian/index', [...])
 6 SYSTEMPATH\CodeIgniter.php(933): App\Controllers\Pengembalian->index()
 7 SYSTEMPATH\CodeIgniter.php(507): CodeIgniter\CodeIgniter->runController(Object(App\Controllers\Pengembalian))
 8 SYSTEMPATH\CodeIgniter.php(354): CodeIgniter\CodeIgniter->handleRequest(null, Object(Config\Cache), false)
 9 SYSTEMPATH\Boot.php(363): CodeIgniter\CodeIgniter->run()
10 SYSTEMPATH\Boot.php(68): CodeIgniter\Boot::runCodeIgniter(Object(CodeIgniter\CodeIgniter))
11 FCPATH\index.php(59): CodeIgniter\Boot::bootWeb(Object(Config\Paths))
DEBUG - 2026-04-28 09:15:30 --> Session: Class initialized using 'CodeIgniter\Session\Handlers\FileHandler' driver.
DEBUG - 2026-04-28 09:15:34 --> Session: Class initialized using 'CodeIgniter\Session\Handlers\FileHandler' driver.
DEBUG - 2026-04-28 09:15:34 --> Session: Class initialized using 'CodeIgniter\Session\Handlers\FileHandler' driver.
DEBUG - 2026-04-28 09:15:35 --> Session: Class initialized using 'CodeIgniter\Session\Handlers\FileHandler' driver.
DEBUG - 2026-04-28 09:15:36 --> Session: Class initialized using 'CodeIgniter\Session\Handlers\FileHandler' driver.
DEBUG - 2026-04-28 09:15:36 --> Session: Class initialized using 'CodeIgniter\Session\Handlers\FileHandler' driver.
DEBUG - 2026-04-28 09:15:36 --> Session: Class initialized using 'CodeIgniter\Session\Handlers\FileHandler' driver.
DEBUG - 2026-04-28 09:15:36 --> Session: Class initialized using 'CodeIgniter\Session\Handlers\FileHandler' driver.
DEBUG - 2026-04-28 09:15:36 --> Session: Class initialized using 'CodeIgniter\Session\Handlers\FileHandler' driver.
DEBUG - 2026-04-28 09:15:36 --> Session: Class initialized using 'CodeIgniter\Session\Handlers\FileHandler' driver.
DEBUG - 2026-04-28 09:15:36 --> Session: Class initialized using 'CodeIgniter\Session\Handlers\FileHandler' driver.
DEBUG - 2026-04-28 09:15:43 --> Session: Class initialized using 'CodeIgniter\Session\Handlers\FileHandler' driver.
DEBUG - 2026-04-28 09:15:45 --> Session: Class initialized using 'CodeIgniter\Session\Handlers\FileHandler' driver.
DEBUG - 2026-04-28 09:16:51 --> Session: Class initialized using 'CodeIgniter\Session\Handlers\FileHandler' driver.
DEBUG - 2026-04-28 09:17:34 --> Session: Class initialized using 'CodeIgniter\Session\Handlers\FileHandler' driver.
DEBUG - 2026-04-28 09:20:31 --> Session: Class initialized using 'CodeIgniter\Session\Handlers\FileHandler' driver.
DEBUG - 2026-04-28 09:20:34 --> Session: Class initialized using 'CodeIgniter\Session\Handlers\FileHandler' driver.
DEBUG - 2026-04-28 09:20:50 --> Session: Class initialized using 'CodeIgniter\Session\Handlers\FileHandler' driver.
DEBUG - 2026-04-28 09:21:03 --> Session: Class initialized using 'CodeIgniter\Session\Handlers\FileHandler' driver.
DEBUG - 2026-04-28 09:21:03 --> Session: Class initialized using 'CodeIgniter\Session\Handlers\FileHandler' driver.
DEBUG - 2026-04-28 09:21:34 --> Session: Class initialized using 'CodeIgniter\Session\Handlers\FileHandler' driver.
DEBUG - 2026-04-28 09:21:34 --> Session: Class initialized using 'CodeIgniter\Session\Handlers\FileHandler' driver.
DEBUG - 2026-04-28 09:21:36 --> Session: Class initialized using 'CodeIgniter\Session\Handlers\FileHandler' driver.
DEBUG - 2026-04-28 09:22:42 --> Session: Class initialized using 'CodeIgniter\Session\Handlers\FileHandler' driver.
ERROR - 2026-04-28 09:22:42 --> mysqli_sql_exception: Column 'id_petugas' cannot be null in C:\xampp\htdocs\perpuska\system\Database\MySQLi\Connection.php:327
Stack trace:
#0 C:\xampp\htdocs\perpuska\system\Database\MySQLi\Connection.php(327): mysqli->query('INSERT INTO `pe...', 0)
#1 C:\xampp\htdocs\perpuska\system\Database\BaseConnection.php(729): CodeIgniter\Database\MySQLi\Connection->execute('INSERT INTO `pe...')
#2 C:\xampp\htdocs\perpuska\system\Database\BaseConnection.php(646): CodeIgniter\Database\BaseConnection->simpleQuery('INSERT INTO `pe...')
#3 C:\xampp\htdocs\perpuska\system\Database\BaseBuilder.php(2345): CodeIgniter\Database\BaseConnection->query('INSERT INTO `pe...', Array, false)
#4 C:\xampp\htdocs\perpuska\app\Controllers\peminjaman.php(191): CodeIgniter\Database\BaseBuilder->insert(Array)
#5 C:\xampp\htdocs\perpuska\system\CodeIgniter.php(933): App\Controllers\Peminjaman->prosesPinjam()
#6 C:\xampp\htdocs\perpuska\system\CodeIgniter.php(507): CodeIgniter\CodeIgniter->runController(Object(App\Controllers\Peminjaman))
#7 C:\xampp\htdocs\perpuska\system\CodeIgniter.php(354): CodeIgniter\CodeIgniter->handleRequest(NULL, Object(Config\Cache), false)
#8 C:\xampp\htdocs\perpuska\system\Boot.php(363): CodeIgniter\CodeIgniter->run()
#9 C:\xampp\htdocs\perpuska\system\Boot.php(68): CodeIgniter\Boot::runCodeIgniter(Object(CodeIgniter\CodeIgniter))
#10 C:\xampp\htdocs\perpuska\index.php(59): CodeIgniter\Boot::bootWeb(Object(Config\Paths))
#11 {main}
CRITICAL - 2026-04-28 09:22:42 --> CodeIgniter\Database\Exceptions\DatabaseException: Column 'id_petugas' cannot be null
[Method: POST, Route: peminjaman/prosesPinjam]
in SYSTEMPATH\Database\BaseConnection.php on line 684.
 1 SYSTEMPATH\Database\BaseBuilder.php(2345): CodeIgniter\Database\BaseConnection->query('INSERT INTO `peminjaman` (`id_anggota`, `id_petugas`, `tanggal_pinjam`, `tanggal_kembali`, `status`) VALUES (:id_anggota:, :id_petugas:, :tanggal_pinjam:, :tanggal_kembali:, :status:)', [...], false)
 2 APPPATH\Controllers\peminjaman.php(191): CodeIgniter\Database\BaseBuilder->insert([...])
 3 SYSTEMPATH\CodeIgniter.php(933): App\Controllers\Peminjaman->prosesPinjam()
 4 SYSTEMPATH\CodeIgniter.php(507): CodeIgniter\CodeIgniter->runController(Object(App\Controllers\Peminjaman))
 5 SYSTEMPATH\CodeIgniter.php(354): CodeIgniter\CodeIgniter->handleRequest(null, Object(Config\Cache), false)
 6 SYSTEMPATH\Boot.php(363): CodeIgniter\CodeIgniter->run()
 7 SYSTEMPATH\Boot.php(68): CodeIgniter\Boot::runCodeIgniter(Object(CodeIgniter\CodeIgniter))
 8 FCPATH\index.php(59): CodeIgniter\Boot::bootWeb(Object(Config\Paths))
CRITICAL - 2026-04-28 09:22:42 --> [Caused by] CodeIgniter\Database\Exceptions\DatabaseException: Column 'id_petugas' cannot be null
in SYSTEMPATH\Database\MySQLi\Connection.php on line 332.
 1 SYSTEMPATH\Database\BaseConnection.php(729): CodeIgniter\Database\MySQLi\Connection->execute('INSERT INTO `peminjaman` (`id_anggota`, `id_petugas`, `tanggal_pinjam`, `tanggal_kembali`, `status`) VALUES (\'9\', NULL, \'2026-04-01\', \'2026-04-08\', \'dipinjam\')')
 2 SYSTEMPATH\Database\BaseConnection.php(646): CodeIgniter\Database\BaseConnection->simpleQuery('INSERT INTO `peminjaman` (`id_anggota`, `id_petugas`, `tanggal_pinjam`, `tanggal_kembali`, `status`) VALUES (\'9\', NULL, \'2026-04-01\', \'2026-04-08\', \'dipinjam\')')
 3 SYSTEMPATH\Database\BaseBuilder.php(2345): CodeIgniter\Database\BaseConnection->query('INSERT INTO `peminjaman` (`id_anggota`, `id_petugas`, `tanggal_pinjam`, `tanggal_kembali`, `status`) VALUES (:id_anggota:, :id_petugas:, :tanggal_pinjam:, :tanggal_kembali:, :status:)', [...], false)
 4 APPPATH\Controllers\peminjaman.php(191): CodeIgniter\Database\BaseBuilder->insert([...])
 5 SYSTEMPATH\CodeIgniter.php(933): App\Controllers\Peminjaman->prosesPinjam()
 6 SYSTEMPATH\CodeIgniter.php(507): CodeIgniter\CodeIgniter->runController(Object(App\Controllers\Peminjaman))
 7 SYSTEMPATH\CodeIgniter.php(354): CodeIgniter\CodeIgniter->handleRequest(null, Object(Config\Cache), false)
 8 SYSTEMPATH\Boot.php(363): CodeIgniter\CodeIgniter->run()
 9 SYSTEMPATH\Boot.php(68): CodeIgniter\Boot::runCodeIgniter(Object(CodeIgniter\CodeIgniter))
10 FCPATH\index.php(59): CodeIgniter\Boot::bootWeb(Object(Config\Paths))
CRITICAL - 2026-04-28 09:22:42 --> [Caused by] mysqli_sql_exception: Column 'id_petugas' cannot be null
in SYSTEMPATH\Database\MySQLi\Connection.php on line 327.
 1 SYSTEMPATH\Database\MySQLi\Connection.php(327): mysqli->query('INSERT INTO `peminjaman` (`id_anggota`, `id_petugas`, `tanggal_pinjam`, `tanggal_kembali`, `status`) VALUES (\'9\', NULL, \'2026-04-01\', \'2026-04-08\', \'dipinjam\')', 0)
 2 SYSTEMPATH\Database\BaseConnection.php(729): CodeIgniter\Database\MySQLi\Connection->execute('INSERT INTO `peminjaman` (`id_anggota`, `id_petugas`, `tanggal_pinjam`, `tanggal_kembali`, `status`) VALUES (\'9\', NULL, \'2026-04-01\', \'2026-04-08\', \'dipinjam\')')
 3 SYSTEMPATH\Database\BaseConnection.php(646): CodeIgniter\Database\BaseConnection->simpleQuery('INSERT INTO `peminjaman` (`id_anggota`, `id_petugas`, `tanggal_pinjam`, `tanggal_kembali`, `status`) VALUES (\'9\', NULL, \'2026-04-01\', \'2026-04-08\', \'dipinjam\')')
 4 SYSTEMPATH\Database\BaseBuilder.php(2345): CodeIgniter\Database\BaseConnection->query('INSERT INTO `peminjaman` (`id_anggota`, `id_petugas`, `tanggal_pinjam`, `tanggal_kembali`, `status`) VALUES (:id_anggota:, :id_petugas:, :tanggal_pinjam:, :tanggal_kembali:, :status:)', [...], false)
 5 APPPATH\Controllers\peminjaman.php(191): CodeIgniter\Database\BaseBuilder->insert([...])
 6 SYSTEMPATH\CodeIgniter.php(933): App\Controllers\Peminjaman->prosesPinjam()
 7 SYSTEMPATH\CodeIgniter.php(507): CodeIgniter\CodeIgniter->runController(Object(App\Controllers\Peminjaman))
 8 SYSTEMPATH\CodeIgniter.php(354): CodeIgniter\CodeIgniter->handleRequest(null, Object(Config\Cache), false)
 9 SYSTEMPATH\Boot.php(363): CodeIgniter\CodeIgniter->run()
10 SYSTEMPATH\Boot.php(68): CodeIgniter\Boot::runCodeIgniter(Object(CodeIgniter\CodeIgniter))
11 FCPATH\index.php(59): CodeIgniter\Boot::bootWeb(Object(Config\Paths))
DEBUG - 2026-04-28 09:23:55 --> Session: Class initialized using 'CodeIgniter\Session\Handlers\FileHandler' driver.
DEBUG - 2026-04-28 09:23:55 --> Session: Class initialized using 'CodeIgniter\Session\Handlers\FileHandler' driver.
DEBUG - 2026-04-28 09:24:02 --> Session: Class initialized using 'CodeIgniter\Session\Handlers\FileHandler' driver.
DEBUG - 2026-04-28 09:24:02 --> Session: Class initialized using 'CodeIgniter\Session\Handlers\FileHandler' driver.
DEBUG - 2026-04-28 09:24:08 --> Session: Class initialized using 'CodeIgniter\Session\Handlers\FileHandler' driver.
DEBUG - 2026-04-28 09:24:08 --> Session: Class initialized using 'CodeIgniter\Session\Handlers\FileHandler' driver.
DEBUG - 2026-04-28 09:24:10 --> Session: Class initialized using 'CodeIgniter\Session\Handlers\FileHandler' driver.
DEBUG - 2026-04-28 09:26:50 --> Session: Class initialized using 'CodeIgniter\Session\Handlers\FileHandler' driver.
DEBUG - 2026-04-28 09:28:38 --> Session: Class initialized using 'CodeIgniter\Session\Handlers\FileHandler' driver.
DEBUG - 2026-04-28 09:28:40 --> Session: Class initialized using 'CodeIgniter\Session\Handlers\FileHandler' driver.
DEBUG - 2026-04-28 09:28:44 --> Session: Class initialized using 'CodeIgniter\Session\Handlers\FileHandler' driver.
DEBUG - 2026-04-28 09:28:54 --> Session: Class initialized using 'CodeIgniter\Session\Handlers\FileHandler' driver.
DEBUG - 2026-04-28 09:28:56 --> Session: Class initialized using 'CodeIgniter\Session\Handlers\FileHandler' driver.
DEBUG - 2026-04-28 09:28:56 --> Session: Class initialized using 'CodeIgniter\Session\Handlers\FileHandler' driver.
DEBUG - 2026-04-28 09:29:00 --> Session: Class initialized using 'CodeIgniter\Session\Handlers\FileHandler' driver.
DEBUG - 2026-04-28 09:29:01 --> Session: Class initialized using 'CodeIgniter\Session\Handlers\FileHandler' driver.
DEBUG - 2026-04-28 09:29:03 --> Session: Class initialized using 'CodeIgniter\Session\Handlers\FileHandler' driver.
DEBUG - 2026-04-28 09:30:51 --> Session: Class initialized using 'CodeIgniter\Session\Handlers\FileHandler' driver.
DEBUG - 2026-04-28 09:30:54 --> Session: Class initialized using 'CodeIgniter\Session\Handlers\FileHandler' driver.
DEBUG - 2026-04-28 09:30:58 --> Session: Class initialized using 'CodeIgniter\Session\Handlers\FileHandler' driver.
DEBUG - 2026-04-28 09:30:59 --> Session: Class initialized using 'CodeIgniter\Session\Handlers\FileHandler' driver.
DEBUG - 2026-04-28 09:31:01 --> Session: Class initialized using 'CodeIgniter\Session\Handlers\FileHandler' driver.
DEBUG - 2026-04-28 09:31:04 --> Session: Class initialized using 'CodeIgniter\Session\Handlers\FileHandler' driver.
DEBUG - 2026-04-28 09:36:17 --> Session: Class initialized using 'CodeIgniter\Session\Handlers\FileHandler' driver.
DEBUG - 2026-04-28 09:36:21 --> Session: Class initialized using 'CodeIgniter\Session\Handlers\FileHandler' driver.
DEBUG - 2026-04-28 09:36:22 --> Session: Class initialized using 'CodeIgniter\Session\Handlers\FileHandler' driver.
DEBUG - 2026-04-28 09:36:28 --> Session: Class initialized using 'CodeIgniter\Session\Handlers\FileHandler' driver.
DEBUG - 2026-04-28 09:36:28 --> Session: Class initialized using 'CodeIgniter\Session\Handlers\FileHandler' driver.
DEBUG - 2026-04-28 09:36:32 --> Session: Class initialized using 'CodeIgniter\Session\Handlers\FileHandler' driver.
DEBUG - 2026-04-28 09:36:32 --> Session: Class initialized using 'CodeIgniter\Session\Handlers\FileHandler' driver.
DEBUG - 2026-04-28 09:36:34 --> Session: Class initialized using 'CodeIgniter\Session\Handlers\FileHandler' driver.
DEBUG - 2026-04-28 09:36:37 --> Session: Class initialized using 'CodeIgniter\Session\Handlers\FileHandler' driver.
DEBUG - 2026-04-28 09:38:47 --> Session: Class initialized using 'CodeIgniter\Session\Handlers\FileHandler' driver.
DEBUG - 2026-04-28 09:39:17 --> Session: Class initialized using 'CodeIgniter\Session\Handlers\FileHandler' driver.
DEBUG - 2026-04-28 09:39:20 --> Session: Class initialized using 'CodeIgniter\Session\Handlers\FileHandler' driver.
DEBUG - 2026-04-28 09:39:27 --> Session: Class initialized using 'CodeIgniter\Session\Handlers\FileHandler' driver.
DEBUG - 2026-04-28 09:39:51 --> Session: Class initialized using 'CodeIgniter\Session\Handlers\FileHandler' driver.
DEBUG - 2026-04-28 09:39:56 --> Session: Class initialized using 'CodeIgniter\Session\Handlers\FileHandler' driver.
DEBUG - 2026-04-28 09:39:57 --> Session: Class initialized using 'CodeIgniter\Session\Handlers\FileHandler' driver.
DEBUG - 2026-04-28 09:40:01 --> Session: Class initialized using 'CodeIgniter\Session\Handlers\FileHandler' driver.
DEBUG - 2026-04-28 09:40:01 --> Session: Class initialized using 'CodeIgniter\Session\Handlers\FileHandler' driver.
DEBUG - 2026-04-28 09:40:03 --> Session: Class initialized using 'CodeIgniter\Session\Handlers\FileHandler' driver.
DEBUG - 2026-04-28 09:40:29 --> Session: Class initialized using 'CodeIgniter\Session\Handlers\FileHandler' driver.
CRITICAL - 2026-04-28 09:43:05 --> ErrorException: Cannot redeclare App\Controllers\Peminjaman::peminjamanSaya()
[Method: GET, Route: anggota/peminjaman]
in APPPATH\Controllers\peminjaman.php on line 304.
 1 [internal function]: CodeIgniter\Debug\Exceptions->shutdownHandler()
CRITICAL - 2026-04-28 09:43:45 --> ErrorException: Cannot redeclare App\Controllers\Peminjaman::peminjamanSaya()
[Method: GET, Route: anggota/peminjaman]
in APPPATH\Controllers\peminjaman.php on line 304.
 1 [internal function]: CodeIgniter\Debug\Exceptions->shutdownHandler()
DEBUG - 2026-04-28 09:44:57 --> Session: Class initialized using 'CodeIgniter\Session\Handlers\FileHandler' driver.
DEBUG - 2026-04-28 09:47:01 --> Session: Class initialized using 'CodeIgniter\Session\Handlers\FileHandler' driver.
DEBUG - 2026-04-28 09:50:55 --> Session: Class initialized using 'CodeIgniter\Session\Handlers\FileHandler' driver.
ERROR - 2026-04-28 09:50:55 --> mysqli_sql_exception: Column 'id_anggota' cannot be null in C:\xampp\htdocs\perpuska\system\Database\MySQLi\Connection.php:327
Stack trace:
#0 C:\xampp\htdocs\perpuska\system\Database\MySQLi\Connection.php(327): mysqli->query('INSERT INTO `pe...', 0)
#1 C:\xampp\htdocs\perpuska\system\Database\BaseConnection.php(729): CodeIgniter\Database\MySQLi\Connection->execute('INSERT INTO `pe...')
#2 C:\xampp\htdocs\perpuska\system\Database\BaseConnection.php(646): CodeIgniter\Database\BaseConnection->simpleQuery('INSERT INTO `pe...')
#3 C:\xampp\htdocs\perpuska\system\Database\BaseBuilder.php(2345): CodeIgniter\Database\BaseConnection->query('INSERT INTO `pe...', Array, false)
#4 C:\xampp\htdocs\perpuska\app\Controllers\peminjaman.php(23): CodeIgniter\Database\BaseBuilder->insert(Array)
#5 C:\xampp\htdocs\perpuska\system\CodeIgniter.php(933): App\Controllers\Peminjaman->prosesPinjam()
#6 C:\xampp\htdocs\perpuska\system\CodeIgniter.php(507): CodeIgniter\CodeIgniter->runController(Object(App\Controllers\Peminjaman))
#7 C:\xampp\htdocs\perpuska\system\CodeIgniter.php(354): CodeIgniter\CodeIgniter->handleRequest(NULL, Object(Config\Cache), false)
#8 C:\xampp\htdocs\perpuska\system\Boot.php(363): CodeIgniter\CodeIgniter->run()
#9 C:\xampp\htdocs\perpuska\system\Boot.php(68): CodeIgniter\Boot::runCodeIgniter(Object(CodeIgniter\CodeIgniter))
#10 C:\xampp\htdocs\perpuska\index.php(59): CodeIgniter\Boot::bootWeb(Object(Config\Paths))
#11 {main}
CRITICAL - 2026-04-28 09:50:55 --> CodeIgniter\Database\Exceptions\DatabaseException: Column 'id_anggota' cannot be null
[Method: POST, Route: peminjaman/prosesPinjam]
in SYSTEMPATH\Database\BaseConnection.php on line 684.
 1 SYSTEMPATH\Database\BaseBuilder.php(2345): CodeIgniter\Database\BaseConnection->query('INSERT INTO `peminjaman` (`id_anggota`, `tanggal_pinjam`, `tanggal_kembali`, `status`) VALUES (:id_anggota:, :tanggal_pinjam:, :tanggal_kembali:, :status:)', [...], false)
 2 APPPATH\Controllers\peminjaman.php(23): CodeIgniter\Database\BaseBuilder->insert([...])
 3 SYSTEMPATH\CodeIgniter.php(933): App\Controllers\Peminjaman->prosesPinjam()
 4 SYSTEMPATH\CodeIgniter.php(507): CodeIgniter\CodeIgniter->runController(Object(App\Controllers\Peminjaman))
 5 SYSTEMPATH\CodeIgniter.php(354): CodeIgniter\CodeIgniter->handleRequest(null, Object(Config\Cache), false)
 6 SYSTEMPATH\Boot.php(363): CodeIgniter\CodeIgniter->run()
 7 SYSTEMPATH\Boot.php(68): CodeIgniter\Boot::runCodeIgniter(Object(CodeIgniter\CodeIgniter))
 8 FCPATH\index.php(59): CodeIgniter\Boot::bootWeb(Object(Config\Paths))
CRITICAL - 2026-04-28 09:50:55 --> [Caused by] CodeIgniter\Database\Exceptions\DatabaseException: Column 'id_anggota' cannot be null
in SYSTEMPATH\Database\MySQLi\Connection.php on line 332.
 1 SYSTEMPATH\Database\BaseConnection.php(729): CodeIgniter\Database\MySQLi\Connection->execute('INSERT INTO `peminjaman` (`id_anggota`, `tanggal_pinjam`, `tanggal_kembali`, `status`) VALUES (NULL, \'2026-04-28\', \'2026-05-05\', \'dipinjam\')')
 2 SYSTEMPATH\Database\BaseConnection.php(646): CodeIgniter\Database\BaseConnection->simpleQuery('INSERT INTO `peminjaman` (`id_anggota`, `tanggal_pinjam`, `tanggal_kembali`, `status`) VALUES (NULL, \'2026-04-28\', \'2026-05-05\', \'dipinjam\')')
 3 SYSTEMPATH\Database\BaseBuilder.php(2345): CodeIgniter\Database\BaseConnection->query('INSERT INTO `peminjaman` (`id_anggota`, `tanggal_pinjam`, `tanggal_kembali`, `status`) VALUES (:id_anggota:, :tanggal_pinjam:, :tanggal_kembali:, :status:)', [...], false)
 4 APPPATH\Controllers\peminjaman.php(23): CodeIgniter\Database\BaseBuilder->insert([...])
 5 SYSTEMPATH\CodeIgniter.php(933): App\Controllers\Peminjaman->prosesPinjam()
 6 SYSTEMPATH\CodeIgniter.php(507): CodeIgniter\CodeIgniter->runController(Object(App\Controllers\Peminjaman))
 7 SYSTEMPATH\CodeIgniter.php(354): CodeIgniter\CodeIgniter->handleRequest(null, Object(Config\Cache), false)
 8 SYSTEMPATH\Boot.php(363): CodeIgniter\CodeIgniter->run()
 9 SYSTEMPATH\Boot.php(68): CodeIgniter\Boot::runCodeIgniter(Object(CodeIgniter\CodeIgniter))
10 FCPATH\index.php(59): CodeIgniter\Boot::bootWeb(Object(Config\Paths))
CRITICAL - 2026-04-28 09:50:55 --> [Caused by] mysqli_sql_exception: Column 'id_anggota' cannot be null
in SYSTEMPATH\Database\MySQLi\Connection.php on line 327.
 1 SYSTEMPATH\Database\MySQLi\Connection.php(327): mysqli->query('INSERT INTO `peminjaman` (`id_anggota`, `tanggal_pinjam`, `tanggal_kembali`, `status`) VALUES (NULL, \'2026-04-28\', \'2026-05-05\', \'dipinjam\')', 0)
 2 SYSTEMPATH\Database\BaseConnection.php(729): CodeIgniter\Database\MySQLi\Connection->execute('INSERT INTO `peminjaman` (`id_anggota`, `tanggal_pinjam`, `tanggal_kembali`, `status`) VALUES (NULL, \'2026-04-28\', \'2026-05-05\', \'dipinjam\')')
 3 SYSTEMPATH\Database\BaseConnection.php(646): CodeIgniter\Database\BaseConnection->simpleQuery('INSERT INTO `peminjaman` (`id_anggota`, `tanggal_pinjam`, `tanggal_kembali`, `status`) VALUES (NULL, \'2026-04-28\', \'2026-05-05\', \'dipinjam\')')
 4 SYSTEMPATH\Database\BaseBuilder.php(2345): CodeIgniter\Database\BaseConnection->query('INSERT INTO `peminjaman` (`id_anggota`, `tanggal_pinjam`, `tanggal_kembali`, `status`) VALUES (:id_anggota:, :tanggal_pinjam:, :tanggal_kembali:, :status:)', [...], false)
 5 APPPATH\Controllers\peminjaman.php(23): CodeIgniter\Database\BaseBuilder->insert([...])
 6 SYSTEMPATH\CodeIgniter.php(933): App\Controllers\Peminjaman->prosesPinjam()
 7 SYSTEMPATH\CodeIgniter.php(507): CodeIgniter\CodeIgniter->runController(Object(App\Controllers\Peminjaman))
 8 SYSTEMPATH\CodeIgniter.php(354): CodeIgniter\CodeIgniter->handleRequest(null, Object(Config\Cache), false)
 9 SYSTEMPATH\Boot.php(363): CodeIgniter\CodeIgniter->run()
10 SYSTEMPATH\Boot.php(68): CodeIgniter\Boot::runCodeIgniter(Object(CodeIgniter\CodeIgniter))
11 FCPATH\index.php(59): CodeIgniter\Boot::bootWeb(Object(Config\Paths))
DEBUG - 2026-04-28 09:52:47 --> Session: Class initialized using 'CodeIgniter\Session\Handlers\FileHandler' driver.
DEBUG - 2026-04-28 09:52:47 --> Session: Class initialized using 'CodeIgniter\Session\Handlers\FileHandler' driver.
DEBUG - 2026-04-28 09:52:53 --> Session: Class initialized using 'CodeIgniter\Session\Handlers\FileHandler' driver.
DEBUG - 2026-04-28 09:52:53 --> Session: Class initialized using 'CodeIgniter\Session\Handlers\FileHandler' driver.
DEBUG - 2026-04-28 09:52:55 --> Session: Class initialized using 'CodeIgniter\Session\Handlers\FileHandler' driver.
DEBUG - 2026-04-28 09:54:25 --> Session: Class initialized using 'CodeIgniter\Session\Handlers\FileHandler' driver.
DEBUG - 2026-04-28 09:55:59 --> Session: Class initialized using 'CodeIgniter\Session\Handlers\FileHandler' driver.
CRITICAL - 2026-04-28 09:56:01 --> ErrorException: Undefined array key "id"
[Method: GET, Route: anggota/buku]
in APPPATH\Views\anggota\buku.php on line 2.
 1 APPPATH\Views\anggota\buku.php(2): CodeIgniter\Debug\Exceptions->errorHandler(2, 'Undefined array key "id"', 'C:\\xampp\\htdocs\\perpuska\\app\\Views\\anggota\\buku.php', 2)
 2 SYSTEMPATH\View\View.php(226): include('C:\\xampp\\htdocs\\perpuska\\app\\Views\\anggota\\buku.php')
 3 SYSTEMPATH\View\View.php(229): CodeIgniter\View\View->CodeIgniter\View\{closure}()
 4 SYSTEMPATH\Common.php(1167): CodeIgniter\View\View->render('anggota/buku', [], true)
 5 APPPATH\Controllers\Buku.php(38): view('anggota/buku', [...])
 6 SYSTEMPATH\CodeIgniter.php(933): App\Controllers\Buku->anggota()
 7 SYSTEMPATH\CodeIgniter.php(507): CodeIgniter\CodeIgniter->runController(Object(App\Controllers\Buku))
 8 SYSTEMPATH\CodeIgniter.php(354): CodeIgniter\CodeIgniter->handleRequest(null, Object(Config\Cache), false)
 9 SYSTEMPATH\Boot.php(363): CodeIgniter\CodeIgniter->run()
10 SYSTEMPATH\Boot.php(68): CodeIgniter\Boot::runCodeIgniter(Object(CodeIgniter\CodeIgniter))
11 FCPATH\index.php(59): CodeIgniter\Boot::bootWeb(Object(Config\Paths))
CRITICAL - 2026-04-28 09:56:43 --> ErrorException: Undefined array key "id"
[Method: GET, Route: anggota/buku]
in APPPATH\Views\anggota\buku.php on line 11.
 1 APPPATH\Views\anggota\buku.php(11): CodeIgniter\Debug\Exceptions->errorHandler(2, 'Undefined array key "id"', 'C:\\xampp\\htdocs\\perpuska\\app\\Views\\anggota\\buku.php', 11)
 2 SYSTEMPATH\View\View.php(226): include('C:\\xampp\\htdocs\\perpuska\\app\\Views\\anggota\\buku.php')
 3 SYSTEMPATH\View\View.php(229): CodeIgniter\View\View->CodeIgniter\View\{closure}()
 4 SYSTEMPATH\Common.php(1167): CodeIgniter\View\View->render('anggota/buku', [], true)
 5 APPPATH\Controllers\Buku.php(38): view('anggota/buku', [...])
 6 SYSTEMPATH\CodeIgniter.php(933): App\Controllers\Buku->anggota()
 7 SYSTEMPATH\CodeIgniter.php(507): CodeIgniter\CodeIgniter->runController(Object(App\Controllers\Buku))
 8 SYSTEMPATH\CodeIgniter.php(354): CodeIgniter\CodeIgniter->handleRequest(null, Object(Config\Cache), false)
 9 SYSTEMPATH\Boot.php(363): CodeIgniter\CodeIgniter->run()
10 SYSTEMPATH\Boot.php(68): CodeIgniter\Boot::runCodeIgniter(Object(CodeIgniter\CodeIgniter))
11 FCPATH\index.php(59): CodeIgniter\Boot::bootWeb(Object(Config\Paths))
CRITICAL - 2026-04-28 09:56:44 --> ErrorException: Undefined array key "id"
[Method: GET, Route: anggota/buku]
in APPPATH\Views\anggota\buku.php on line 11.
 1 APPPATH\Views\anggota\buku.php(11): CodeIgniter\Debug\Exceptions->errorHandler(2, 'Undefined array key "id"', 'C:\\xampp\\htdocs\\perpuska\\app\\Views\\anggota\\buku.php', 11)
 2 SYSTEMPATH\View\View.php(226): include('C:\\xampp\\htdocs\\perpuska\\app\\Views\\anggota\\buku.php')
 3 SYSTEMPATH\View\View.php(229): CodeIgniter\View\View->CodeIgniter\View\{closure}()
 4 SYSTEMPATH\Common.php(1167): CodeIgniter\View\View->render('anggota/buku', [], true)
 5 APPPATH\Controllers\Buku.php(38): view('anggota/buku', [...])
 6 SYSTEMPATH\CodeIgniter.php(933): App\Controllers\Buku->anggota()
 7 SYSTEMPATH\CodeIgniter.php(507): CodeIgniter\CodeIgniter->runController(Object(App\Controllers\Buku))
 8 SYSTEMPATH\CodeIgniter.php(354): CodeIgniter\CodeIgniter->handleRequest(null, Object(Config\Cache), false)
 9 SYSTEMPATH\Boot.php(363): CodeIgniter\CodeIgniter->run()
10 SYSTEMPATH\Boot.php(68): CodeIgniter\Boot::runCodeIgniter(Object(CodeIgniter\CodeIgniter))
11 FCPATH\index.php(59): CodeIgniter\Boot::bootWeb(Object(Config\Paths))
CRITICAL - 2026-04-28 09:57:45 --> ErrorException: Undefined array key "id"
[Method: GET, Route: anggota/buku]
in APPPATH\Views\anggota\buku.php on line 16.
 1 APPPATH\Views\anggota\buku.php(16): CodeIgniter\Debug\Exceptions->errorHandler(2, 'Undefined array key "id"', 'C:\\xampp\\htdocs\\perpuska\\app\\Views\\anggota\\buku.php', 16)
 2 SYSTEMPATH\View\View.php(226): include('C:\\xampp\\htdocs\\perpuska\\app\\Views\\anggota\\buku.php')
 3 SYSTEMPATH\View\View.php(229): CodeIgniter\View\View->CodeIgniter\View\{closure}()
 4 SYSTEMPATH\Common.php(1167): CodeIgniter\View\View->render('anggota/buku', [], true)
 5 APPPATH\Controllers\Buku.php(38): view('anggota/buku', [...])
 6 SYSTEMPATH\CodeIgniter.php(933): App\Controllers\Buku->anggota()
 7 SYSTEMPATH\CodeIgniter.php(507): CodeIgniter\CodeIgniter->runController(Object(App\Controllers\Buku))
 8 SYSTEMPATH\CodeIgniter.php(354): CodeIgniter\CodeIgniter->handleRequest(null, Object(Config\Cache), false)
 9 SYSTEMPATH\Boot.php(363): CodeIgniter\CodeIgniter->run()
10 SYSTEMPATH\Boot.php(68): CodeIgniter\Boot::runCodeIgniter(Object(CodeIgniter\CodeIgniter))
11 FCPATH\index.php(59): CodeIgniter\Boot::bootWeb(Object(Config\Paths))
CRITICAL - 2026-04-28 09:57:46 --> ErrorException: Undefined array key "id"
[Method: GET, Route: anggota/buku]
in APPPATH\Views\anggota\buku.php on line 16.
 1 APPPATH\Views\anggota\buku.php(16): CodeIgniter\Debug\Exceptions->errorHandler(2, 'Undefined array key "id"', 'C:\\xampp\\htdocs\\perpuska\\app\\Views\\anggota\\buku.php', 16)
 2 SYSTEMPATH\View\View.php(226): include('C:\\xampp\\htdocs\\perpuska\\app\\Views\\anggota\\buku.php')
 3 SYSTEMPATH\View\View.php(229): CodeIgniter\View\View->CodeIgniter\View\{closure}()
 4 SYSTEMPATH\Common.php(1167): CodeIgniter\View\View->render('anggota/buku', [], true)
 5 APPPATH\Controllers\Buku.php(38): view('anggota/buku', [...])
 6 SYSTEMPATH\CodeIgniter.php(933): App\Controllers\Buku->anggota()
 7 SYSTEMPATH\CodeIgniter.php(507): CodeIgniter\CodeIgniter->runController(Object(App\Controllers\Buku))
 8 SYSTEMPATH\CodeIgniter.php(354): CodeIgniter\CodeIgniter->handleRequest(null, Object(Config\Cache), false)
 9 SYSTEMPATH\Boot.php(363): CodeIgniter\CodeIgniter->run()
10 SYSTEMPATH\Boot.php(68): CodeIgniter\Boot::runCodeIgniter(Object(CodeIgniter\CodeIgniter))
11 FCPATH\index.php(59): CodeIgniter\Boot::bootWeb(Object(Config\Paths))
DEBUG - 2026-04-28 09:58:54 --> Session: Class initialized using 'CodeIgniter\Session\Handlers\FileHandler' driver.
DEBUG - 2026-04-28 09:58:54 --> Session: Class initialized using 'CodeIgniter\Session\Handlers\FileHandler' driver.
DEBUG - 2026-04-28 10:00:29 --> Session: Class initialized using 'CodeIgniter\Session\Handlers\FileHandler' driver.
CRITICAL - 2026-04-28 10:00:32 --> ParseError: syntax error, unexpected end of file, expecting "elseif" or "else" or "endif"
[Method: GET, Route: anggota/buku]
in APPPATH\Views\anggota\buku.php on line 63.
 1 SYSTEMPATH\View\View.php(229): CodeIgniter\View\View->CodeIgniter\View\{closure}()
 2 SYSTEMPATH\Common.php(1167): CodeIgniter\View\View->render('anggota/buku', [], true)
 3 APPPATH\Controllers\Buku.php(38): view('anggota/buku', [...])
 4 SYSTEMPATH\CodeIgniter.php(933): App\Controllers\Buku->anggota()
 5 SYSTEMPATH\CodeIgniter.php(507): CodeIgniter\CodeIgniter->runController(Object(App\Controllers\Buku))
 6 SYSTEMPATH\CodeIgniter.php(354): CodeIgniter\CodeIgniter->handleRequest(null, Object(Config\Cache), false)
 7 SYSTEMPATH\Boot.php(363): CodeIgniter\CodeIgniter->run()
 8 SYSTEMPATH\Boot.php(68): CodeIgniter\Boot::runCodeIgniter(Object(CodeIgniter\CodeIgniter))
 9 FCPATH\index.php(59): CodeIgniter\Boot::bootWeb(Object(Config\Paths))
DEBUG - 2026-04-28 10:02:11 --> Session: Class initialized using 'CodeIgniter\Session\Handlers\FileHandler' driver.
DEBUG - 2026-04-28 10:02:12 --> Session: Class initialized using 'CodeIgniter\Session\Handlers\FileHandler' driver.
DEBUG - 2026-04-28 10:02:18 --> Session: Class initialized using 'CodeIgniter\Session\Handlers\FileHandler' driver.
DEBUG - 2026-04-28 10:02:19 --> Session: Class initialized using 'CodeIgniter\Session\Handlers\FileHandler' driver.
DEBUG - 2026-04-28 10:02:19 --> Session: Class initialized using 'CodeIgniter\Session\Handlers\FileHandler' driver.
DEBUG - 2026-04-28 10:02:24 --> Session: Class initialized using 'CodeIgniter\Session\Handlers\FileHandler' driver.
DEBUG - 2026-04-28 10:02:24 --> Session: Class initialized using 'CodeIgniter\Session\Handlers\FileHandler' driver.
DEBUG - 2026-04-28 10:02:26 --> Session: Class initialized using 'CodeIgniter\Session\Handlers\FileHandler' driver.
DEBUG - 2026-04-28 10:02:28 --> Session: Class initialized using 'CodeIgniter\Session\Handlers\FileHandler' driver.
DEBUG - 2026-04-28 10:02:40 --> Session: Class initialized using 'CodeIgniter\Session\Handlers\FileHandler' driver.
DEBUG - 2026-04-28 10:02:43 --> Session: Class initialized using 'CodeIgniter\Session\Handlers\FileHandler' driver.
DEBUG - 2026-04-28 10:02:46 --> Session: Class initialized using 'CodeIgniter\Session\Handlers\FileHandler' driver.
DEBUG - 2026-04-28 10:02:46 --> Session: Class initialized using 'CodeIgniter\Session\Handlers\FileHandler' driver.
DEBUG - 2026-04-28 10:02:51 --> Session: Class initialized using 'CodeIgniter\Session\Handlers\FileHandler' driver.
DEBUG - 2026-04-28 10:02:51 --> Session: Class initialized using 'CodeIgniter\Session\Handlers\FileHandler' driver.
DEBUG - 2026-04-28 10:02:53 --> Session: Class initialized using 'CodeIgniter\Session\Handlers\FileHandler' driver.
DEBUG - 2026-04-28 10:02:55 --> Session: Class initialized using 'CodeIgniter\Session\Handlers\FileHandler' driver.
DEBUG - 2026-04-28 10:04:09 --> Session: Class initialized using 'CodeIgniter\Session\Handlers\FileHandler' driver.
DEBUG - 2026-04-28 10:04:12 --> Session: Class initialized using 'CodeIgniter\Session\Handlers\FileHandler' driver.
DEBUG - 2026-04-28 10:04:12 --> Session: Class initialized using 'CodeIgniter\Session\Handlers\FileHandler' driver.
DEBUG - 2026-04-28 10:04:45 --> Session: Class initialized using 'CodeIgniter\Session\Handlers\FileHandler' driver.
DEBUG - 2026-04-28 10:04:45 --> Session: Class initialized using 'CodeIgniter\Session\Handlers\FileHandler' driver.
DEBUG - 2026-04-28 10:04:49 --> Session: Class initialized using 'CodeIgniter\Session\Handlers\FileHandler' driver.
DEBUG - 2026-04-28 10:04:49 --> Session: Class initialized using 'CodeIgniter\Session\Handlers\FileHandler' driver.
DEBUG - 2026-04-28 10:04:52 --> Session: Class initialized using 'CodeIgniter\Session\Handlers\FileHandler' driver.
DEBUG - 2026-04-28 10:04:55 --> Session: Class initialized using 'CodeIgniter\Session\Handlers\FileHandler' driver.
DEBUG - 2026-04-28 10:04:55 --> Session: Class initialized using 'CodeIgniter\Session\Handlers\FileHandler' driver.
DEBUG - 2026-04-28 10:04:59 --> Session: Class initialized using 'CodeIgniter\Session\Handlers\FileHandler' driver.
DEBUG - 2026-04-28 10:04:59 --> Session: Class initialized using 'CodeIgniter\Session\Handlers\FileHandler' driver.
DEBUG - 2026-04-28 10:05:01 --> Session: Class initialized using 'CodeIgniter\Session\Handlers\FileHandler' driver.
DEBUG - 2026-04-28 10:05:16 --> Session: Class initialized using 'CodeIgniter\Session\Handlers\FileHandler' driver.
DEBUG - 2026-04-28 10:05:19 --> Session: Class initialized using 'CodeIgniter\Session\Handlers\FileHandler' driver.
DEBUG - 2026-04-28 10:05:19 --> Session: Class initialized using 'CodeIgniter\Session\Handlers\FileHandler' driver.
DEBUG - 2026-04-28 10:05:21 --> Session: Class initialized using 'CodeIgniter\Session\Handlers\FileHandler' driver.
DEBUG - 2026-04-28 10:05:46 --> Session: Class initialized using 'CodeIgniter\Session\Handlers\FileHandler' driver.
DEBUG - 2026-04-28 10:06:01 --> Session: Class initialized using 'CodeIgniter\Session\Handlers\FileHandler' driver.
DEBUG - 2026-04-28 10:06:08 --> Session: Class initialized using 'CodeIgniter\Session\Handlers\FileHandler' driver.
DEBUG - 2026-04-28 10:06:09 --> Session: Class initialized using 'CodeIgniter\Session\Handlers\FileHandler' driver.
DEBUG - 2026-04-28 10:06:09 --> Session: Class initialized using 'CodeIgniter\Session\Handlers\FileHandler' driver.
DEBUG - 2026-04-28 10:06:16 --> Session: Class initialized using 'CodeIgniter\Session\Handlers\FileHandler' driver.
DEBUG - 2026-04-28 10:06:16 --> Session: Class initialized using 'CodeIgniter\Session\Handlers\FileHandler' driver.
DEBUG - 2026-04-28 10:06:21 --> Session: Class initialized using 'CodeIgniter\Session\Handlers\FileHandler' driver.
DEBUG - 2026-04-28 10:06:24 --> Session: Class initialized using 'CodeIgniter\Session\Handlers\FileHandler' driver.
DEBUG - 2026-04-28 10:06:24 --> Session: Class initialized using 'CodeIgniter\Session\Handlers\FileHandler' driver.
DEBUG - 2026-04-28 10:06:28 --> Session: Class initialized using 'CodeIgniter\Session\Handlers\FileHandler' driver.
DEBUG - 2026-04-28 10:06:29 --> Session: Class initialized using 'CodeIgniter\Session\Handlers\FileHandler' driver.
DEBUG - 2026-04-28 10:06:33 --> Session: Class initialized using 'CodeIgniter\Session\Handlers\FileHandler' driver.
DEBUG - 2026-04-28 10:06:33 --> Session: Class initialized using 'CodeIgniter\Session\Handlers\FileHandler' driver.
DEBUG - 2026-04-28 10:06:35 --> Session: Class initialized using 'CodeIgniter\Session\Handlers\FileHandler' driver.
DEBUG - 2026-04-28 10:06:45 --> Session: Class initialized using 'CodeIgniter\Session\Handlers\FileHandler' driver.
DEBUG - 2026-04-28 10:06:49 --> Session: Class initialized using 'CodeIgniter\Session\Handlers\FileHandler' driver.
DEBUG - 2026-04-28 10:06:52 --> Session: Class initialized using 'CodeIgniter\Session\Handlers\FileHandler' driver.
CRITICAL - 2026-04-28 10:18:33 --> ParseError: syntax error, unexpected identifier "perpuska"
[Method: GET, Route: restore]
in APPPATH\Controllers\Restore.php on line 58.
 1 SYSTEMPATH\Autoloader\Autoloader.php(295): CodeIgniter\Autoloader\Autoloader->includeFile('C:\\xampp\\htdocs\\perpuska\\app\\Controllers\\Restore.php')
 2 SYSTEMPATH\Autoloader\Autoloader.php(271): CodeIgniter\Autoloader\Autoloader->loadInNamespace('App\\Controllers\\Restore')
 3 [internal function]: CodeIgniter\Autoloader\Autoloader->loadClass('App\\Controllers\\Restore')
 4 SYSTEMPATH\CodeIgniter.php(885): class_exists('\\App\\Controllers\\Restore', true)
 5 SYSTEMPATH\CodeIgniter.php(494): CodeIgniter\CodeIgniter->startController()
 6 SYSTEMPATH\CodeIgniter.php(354): CodeIgniter\CodeIgniter->handleRequest(null, Object(Config\Cache), false)
 7 SYSTEMPATH\Boot.php(363): CodeIgniter\CodeIgniter->run()
 8 SYSTEMPATH\Boot.php(68): CodeIgniter\Boot::runCodeIgniter(Object(CodeIgniter\CodeIgniter))
 9 FCPATH\index.php(59): CodeIgniter\Boot::bootWeb(Object(Config\Paths))
DEBUG - 2026-04-28 10:22:22 --> Session: Class initialized using 'CodeIgniter\Session\Handlers\FileHandler' driver.
DEBUG - 2026-04-28 10:22:37 --> Session: Class initialized using 'CodeIgniter\Session\Handlers\FileHandler' driver.
DEBUG - 2026-04-28 10:22:37 --> Session: Class initialized using 'CodeIgniter\Session\Handlers\FileHandler' driver.
DEBUG - 2026-04-28 10:22:38 --> Session: Class initialized using 'CodeIgniter\Session\Handlers\FileHandler' driver.
DEBUG - 2026-04-28 10:22:42 --> Session: Class initialized using 'CodeIgniter\Session\Handlers\FileHandler' driver.
DEBUG - 2026-04-28 10:22:42 --> Session: Class initialized using 'CodeIgniter\Session\Handlers\FileHandler' driver.
DEBUG - 2026-04-28 10:22:45 --> Session: Class initialized using 'CodeIgniter\Session\Handlers\FileHandler' driver.
DEBUG - 2026-04-28 10:22:55 --> Session: Class initialized using 'CodeIgniter\Session\Handlers\FileHandler' driver.
DEBUG - 2026-04-28 10:22:55 --> Session: Class initialized using 'CodeIgniter\Session\Handlers\FileHandler' driver.
DEBUG - 2026-04-28 10:22:59 --> Session: Class initialized using 'CodeIgniter\Session\Handlers\FileHandler' driver.
DEBUG - 2026-04-28 10:23:02 --> Session: Class initialized using 'CodeIgniter\Session\Handlers\FileHandler' driver.
DEBUG - 2026-04-28 10:23:02 --> Session: Class initialized using 'CodeIgniter\Session\Handlers\FileHandler' driver.
DEBUG - 2026-04-28 10:23:26 --> Session: Class initialized using 'CodeIgniter\Session\Handlers\FileHandler' driver.
DEBUG - 2026-04-28 10:23:26 --> Session: Class initialized using 'CodeIgniter\Session\Handlers\FileHandler' driver.
DEBUG - 2026-04-28 10:23:27 --> Session: Class initialized using 'CodeIgniter\Session\Handlers\FileHandler' driver.
DEBUG - 2026-04-28 10:23:38 --> Session: Class initialized using 'CodeIgniter\Session\Handlers\FileHandler' driver.
DEBUG - 2026-04-28 10:23:38 --> Session: Class initialized using 'CodeIgniter\Session\Handlers\FileHandler' driver.
DEBUG - 2026-04-28 10:23:48 --> Session: Class initialized using 'CodeIgniter\Session\Handlers\FileHandler' driver.
DEBUG - 2026-04-28 10:23:48 --> Session: Class initialized using 'CodeIgniter\Session\Handlers\FileHandler' driver.
DEBUG - 2026-04-28 10:23:53 --> Session: Class initialized using 'CodeIgniter\Session\Handlers\FileHandler' driver.
DEBUG - 2026-04-28 10:23:53 --> Session: Class initialized using 'CodeIgniter\Session\Handlers\FileHandler' driver.
DEBUG - 2026-04-28 10:23:57 --> Session: Class initialized using 'CodeIgniter\Session\Handlers\FileHandler' driver.
DEBUG - 2026-04-28 10:23:57 --> Session: Class initialized using 'CodeIgniter\Session\Handlers\FileHandler' driver.
DEBUG - 2026-04-28 10:23:59 --> Session: Class initialized using 'CodeIgniter\Session\Handlers\FileHandler' driver.
DEBUG - 2026-04-28 10:25:10 --> Session: Class initialized using 'CodeIgniter\Session\Handlers\FileHandler' driver.
DEBUG - 2026-04-28 10:25:28 --> Session: Class initialized using 'CodeIgniter\Session\Handlers\FileHandler' driver.
DEBUG - 2026-04-28 10:27:39 --> Session: Class initialized using 'CodeIgniter\Session\Handlers\FileHandler' driver.
DEBUG - 2026-04-28 10:27:46 --> Session: Class initialized using 'CodeIgniter\Session\Handlers\FileHandler' driver.
DEBUG - 2026-04-28 10:27:46 --> Session: Class initialized using 'CodeIgniter\Session\Handlers\FileHandler' driver.
DEBUG - 2026-04-28 10:28:48 --> Session: Class initialized using 'CodeIgniter\Session\Handlers\FileHandler' driver.
DEBUG - 2026-04-28 10:29:31 --> Session: Class initialized using 'CodeIgniter\Session\Handlers\FileHandler' driver.
DEBUG - 2026-04-28 10:29:33 --> Session: Class initialized using 'CodeIgniter\Session\Handlers\FileHandler' driver.
DEBUG - 2026-04-28 10:30:00 --> Session: Class initialized using 'CodeIgniter\Session\Handlers\FileHandler' driver.
DEBUG - 2026-04-28 10:30:07 --> Session: Class initialized using 'CodeIgniter\Session\Handlers\FileHandler' driver.
DEBUG - 2026-04-28 10:30:07 --> Session: Class initialized using 'CodeIgniter\Session\Handlers\FileHandler' driver.
DEBUG - 2026-04-28 10:30:17 --> Session: Class initialized using 'CodeIgniter\Session\Handlers\FileHandler' driver.
DEBUG - 2026-04-28 10:30:19 --> Session: Class initialized using 'CodeIgniter\Session\Handlers\FileHandler' driver.
DEBUG - 2026-04-28 10:30:24 --> Session: Class initialized using 'CodeIgniter\Session\Handlers\FileHandler' driver.
DEBUG - 2026-04-28 10:30:28 --> Session: Class initialized using 'CodeIgniter\Session\Handlers\FileHandler' driver.
DEBUG - 2026-04-28 10:39:39 --> Session: Class initialized using 'CodeIgniter\Session\Handlers\FileHandler' driver.
DEBUG - 2026-04-28 10:39:59 --> Session: Class initialized using 'CodeIgniter\Session\Handlers\FileHandler' driver.
DEBUG - 2026-04-28 10:40:01 --> Session: Class initialized using 'CodeIgniter\Session\Handlers\FileHandler' driver.
DEBUG - 2026-04-28 10:40:13 --> Session: Class initialized using 'CodeIgniter\Session\Handlers\FileHandler' driver.
DEBUG - 2026-04-28 10:40:21 --> Session: Class initialized using 'CodeIgniter\Session\Handlers\FileHandler' driver.
DEBUG - 2026-04-28 10:40:22 --> Session: Class initialized using 'CodeIgniter\Session\Handlers\FileHandler' driver.
DEBUG - 2026-04-28 10:40:30 --> Session: Class initialized using 'CodeIgniter\Session\Handlers\FileHandler' driver.
DEBUG - 2026-04-28 10:40:30 --> Session: Class initialized using 'CodeIgniter\Session\Handlers\FileHandler' driver.
DEBUG - 2026-04-28 10:40:33 --> Session: Class initialized using 'CodeIgniter\Session\Handlers\FileHandler' driver.
DEBUG - 2026-04-28 10:48:33 --> Session: Class initialized using 'CodeIgniter\Session\Handlers\FileHandler' driver.
DEBUG - 2026-04-28 10:49:16 --> Session: Class initialized using 'CodeIgniter\Session\Handlers\FileHandler' driver.
DEBUG - 2026-04-28 10:49:25 --> Session: Class initialized using 'CodeIgniter\Session\Handlers\FileHandler' driver.
DEBUG - 2026-04-28 10:49:33 --> Session: Class initialized using 'CodeIgniter\Session\Handlers\FileHandler' driver.
DEBUG - 2026-04-28 10:49:38 --> Session: Class initialized using 'CodeIgniter\Session\Handlers\FileHandler' driver.
DEBUG - 2026-04-28 10:49:41 --> Session: Class initialized using 'CodeIgniter\Session\Handlers\FileHandler' driver.
DEBUG - 2026-04-28 10:49:45 --> Session: Class initialized using 'CodeIgniter\Session\Handlers\FileHandler' driver.
DEBUG - 2026-04-28 10:49:48 --> Session: Class initialized using 'CodeIgniter\Session\Handlers\FileHandler' driver.
DEBUG - 2026-04-28 10:49:51 --> Session: Class initialized using 'CodeIgniter\Session\Handlers\FileHandler' driver.
DEBUG - 2026-04-28 10:49:54 --> Session: Class initialized using 'CodeIgniter\Session\Handlers\FileHandler' driver.
DEBUG - 2026-04-28 10:49:56 --> Session: Class initialized using 'CodeIgniter\Session\Handlers\FileHandler' driver.
DEBUG - 2026-04-28 10:50:42 --> Session: Class initialized using 'CodeIgniter\Session\Handlers\FileHandler' driver.
DEBUG - 2026-04-28 10:50:44 --> Session: Class initialized using 'CodeIgniter\Session\Handlers\FileHandler' driver.
DEBUG - 2026-04-28 10:51:34 --> Session: Class initialized using 'CodeIgniter\Session\Handlers\FileHandler' driver.
DEBUG - 2026-04-28 10:51:35 --> Session: Class initialized using 'CodeIgniter\Session\Handlers\FileHandler' driver.
DEBUG - 2026-04-28 10:51:42 --> Session: Class initialized using 'CodeIgniter\Session\Handlers\FileHandler' driver.
DEBUG - 2026-04-28 10:51:42 --> Session: Class initialized using 'CodeIgniter\Session\Handlers\FileHandler' driver.
DEBUG - 2026-04-28 10:51:43 --> Session: Class initialized using 'CodeIgniter\Session\Handlers\FileHandler' driver.
DEBUG - 2026-04-28 10:51:45 --> Session: Class initialized using 'CodeIgniter\Session\Handlers\FileHandler' driver.
DEBUG - 2026-04-28 10:51:55 --> Session: Class initialized using 'CodeIgniter\Session\Handlers\FileHandler' driver.
DEBUG - 2026-04-28 10:52:01 --> Session: Class initialized using 'CodeIgniter\Session\Handlers\FileHandler' driver.
DEBUG - 2026-04-28 10:52:01 --> Session: Class initialized using 'CodeIgniter\Session\Handlers\FileHandler' driver.
DEBUG - 2026-04-28 10:52:05 --> Session: Class initialized using 'CodeIgniter\Session\Handlers\FileHandler' driver.
DEBUG - 2026-04-28 10:52:06 --> Session: Class initialized using 'CodeIgniter\Session\Handlers\FileHandler' driver.
DEBUG - 2026-04-28 10:52:07 --> Session: Class initialized using 'CodeIgniter\Session\Handlers\FileHandler' driver.
DEBUG - 2026-04-28 10:56:37 --> Session: Class initialized using 'CodeIgniter\Session\Handlers\FileHandler' driver.
DEBUG - 2026-04-28 10:56:46 --> Session: Class initialized using 'CodeIgniter\Session\Handlers\FileHandler' driver.
DEBUG - 2026-04-28 11:00:41 --> Session: Class initialized using 'CodeIgniter\Session\Handlers\FileHandler' driver.
DEBUG - 2026-04-28 11:01:05 --> Session: Class initialized using 'CodeIgniter\Session\Handlers\FileHandler' driver.
DEBUG - 2026-04-28 11:06:31 --> Session: Class initialized using 'CodeIgniter\Session\Handlers\FileHandler' driver.
DEBUG - 2026-04-28 11:06:50 --> Session: Class initialized using 'CodeIgniter\Session\Handlers\FileHandler' driver.
DEBUG - 2026-04-28 11:06:50 --> Session: Class initialized using 'CodeIgniter\Session\Handlers\FileHandler' driver.
DEBUG - 2026-04-28 11:07:13 --> Session: Class initialized using 'CodeIgniter\Session\Handlers\FileHandler' driver.
DEBUG - 2026-04-28 11:07:13 --> Session: Class initialized using 'CodeIgniter\Session\Handlers\FileHandler' driver.
DEBUG - 2026-04-28 11:07:21 --> Session: Class initialized using 'CodeIgniter\Session\Handlers\FileHandler' driver.
DEBUG - 2026-04-28 11:07:59 --> Session: Class initialized using 'CodeIgniter\Session\Handlers\FileHandler' driver.
ERROR - 2026-04-28 11:14:07 --> mysqli_sql_exception: Unknown column 'pengembalian.tanggal_kembali' in 'field list' in C:\xampp\htdocs\perpuska\system\Database\MySQLi\Connection.php:327
Stack trace:
#0 C:\xampp\htdocs\perpuska\system\Database\MySQLi\Connection.php(327): mysqli->query('SELECT `peminja...', 0)
#1 C:\xampp\htdocs\perpuska\system\Database\BaseConnection.php(729): CodeIgniter\Database\MySQLi\Connection->execute('SELECT `peminja...')
#2 C:\xampp\htdocs\perpuska\system\Database\BaseConnection.php(646): CodeIgniter\Database\BaseConnection->simpleQuery('SELECT `peminja...')
#3 C:\xampp\htdocs\perpuska\system\Database\BaseBuilder.php(1649): CodeIgniter\Database\BaseConnection->query('SELECT `peminja...', Array, false)
#4 C:\xampp\htdocs\perpuska\app\Controllers\peminjaman.php(71): CodeIgniter\Database\BaseBuilder->get()
#5 C:\xampp\htdocs\perpuska\system\CodeIgniter.php(933): App\Controllers\Peminjaman->index()
#6 C:\xampp\htdocs\perpuska\system\CodeIgniter.php(507): CodeIgniter\CodeIgniter->runController(Object(App\Controllers\Peminjaman))
#7 C:\xampp\htdocs\perpuska\system\CodeIgniter.php(354): CodeIgniter\CodeIgniter->handleRequest(NULL, Object(Config\Cache), false)
#8 C:\xampp\htdocs\perpuska\system\Boot.php(363): CodeIgniter\CodeIgniter->run()
#9 C:\xampp\htdocs\perpuska\system\Boot.php(68): CodeIgniter\Boot::runCodeIgniter(Object(CodeIgniter\CodeIgniter))
#10 C:\xampp\htdocs\perpuska\index.php(59): CodeIgniter\Boot::bootWeb(Object(Config\Paths))
#11 {main}
CRITICAL - 2026-04-28 11:14:07 --> CodeIgniter\Database\Exceptions\DatabaseException: Unknown column 'pengembalian.tanggal_kembali' in 'field list'
[Method: GET, Route: anggota/peminjaman]
in SYSTEMPATH\Database\BaseConnection.php on line 684.
 1 SYSTEMPATH\Database\BaseBuilder.php(1649): CodeIgniter\Database\BaseConnection->query('SELECT `peminjaman`.*, `pengembalian`.`tanggal_kembali` as `tanggal_kembali_real`, `pengembalian`.`denda` as `denda_pengembalian`, `anggota`.`username` as `nama_anggota`, `petugas`.`username` as `nama_petugas`, GROUP_CONCAT(buku.cover) as cover, GROUP_CONCAT(buku.judul SEPARATOR "<br>") as judul_buku
FROM `peminjaman`
LEFT JOIN `users` as `anggota` ON `anggota`.`id` = `peminjaman`.`id_anggota`
LEFT JOIN `users` as `petugas` ON `petugas`.`id` = `peminjaman`.`id_petugas`
LEFT JOIN `detail_peminjaman` ON `detail_peminjaman`.`id_peminjaman` = `peminjaman`.`id_peminjaman`
LEFT JOIN `buku` ON `buku`.`id_buku` = `detail_peminjaman`.`id_buku`
LEFT JOIN `pengembalian` ON `pengembalian`.`id_peminjaman` = `peminjaman`.`id_peminjaman`
GROUP BY `peminjaman`.`id_peminjaman`
ORDER BY `peminjaman`.`id_peminjaman` DESC', [], false)
 2 APPPATH\Controllers\peminjaman.php(71): CodeIgniter\Database\BaseBuilder->get()
 3 SYSTEMPATH\CodeIgniter.php(933): App\Controllers\Peminjaman->index()
 4 SYSTEMPATH\CodeIgniter.php(507): CodeIgniter\CodeIgniter->runController(Object(App\Controllers\Peminjaman))
 5 SYSTEMPATH\CodeIgniter.php(354): CodeIgniter\CodeIgniter->handleRequest(null, Object(Config\Cache), false)
 6 SYSTEMPATH\Boot.php(363): CodeIgniter\CodeIgniter->run()
 7 SYSTEMPATH\Boot.php(68): CodeIgniter\Boot::runCodeIgniter(Object(CodeIgniter\CodeIgniter))
 8 FCPATH\index.php(59): CodeIgniter\Boot::bootWeb(Object(Config\Paths))
CRITICAL - 2026-04-28 11:14:07 --> [Caused by] CodeIgniter\Database\Exceptions\DatabaseException: Unknown column 'pengembalian.tanggal_kembali' in 'field list'
in SYSTEMPATH\Database\MySQLi\Connection.php on line 332.
 1 SYSTEMPATH\Database\BaseConnection.php(729): CodeIgniter\Database\MySQLi\Connection->execute('SELECT `peminjaman`.*, `pengembalian`.`tanggal_kembali` as `tanggal_kembali_real`, `pengembalian`.`denda` as `denda_pengembalian`, `anggota`.`username` as `nama_anggota`, `petugas`.`username` as `nama_petugas`, GROUP_CONCAT(buku.cover) as cover, GROUP_CONCAT(buku.judul SEPARATOR "<br>") as judul_buku
FROM `peminjaman`
LEFT JOIN `users` as `anggota` ON `anggota`.`id` = `peminjaman`.`id_anggota`
LEFT JOIN `users` as `petugas` ON `petugas`.`id` = `peminjaman`.`id_petugas`
LEFT JOIN `detail_peminjaman` ON `detail_peminjaman`.`id_peminjaman` = `peminjaman`.`id_peminjaman`
LEFT JOIN `buku` ON `buku`.`id_buku` = `detail_peminjaman`.`id_buku`
LEFT JOIN `pengembalian` ON `pengembalian`.`id_peminjaman` = `peminjaman`.`id_peminjaman`
GROUP BY `peminjaman`.`id_peminjaman`
ORDER BY `peminjaman`.`id_peminjaman` DESC')
 2 SYSTEMPATH\Database\BaseConnection.php(646): CodeIgniter\Database\BaseConnection->simpleQuery('SELECT `peminjaman`.*, `pengembalian`.`tanggal_kembali` as `tanggal_kembali_real`, `pengembalian`.`denda` as `denda_pengembalian`, `anggota`.`username` as `nama_anggota`, `petugas`.`username` as `nama_petugas`, GROUP_CONCAT(buku.cover) as cover, GROUP_CONCAT(buku.judul SEPARATOR "<br>") as judul_buku
FROM `peminjaman`
LEFT JOIN `users` as `anggota` ON `anggota`.`id` = `peminjaman`.`id_anggota`
LEFT JOIN `users` as `petugas` ON `petugas`.`id` = `peminjaman`.`id_petugas`
LEFT JOIN `detail_peminjaman` ON `detail_peminjaman`.`id_peminjaman` = `peminjaman`.`id_peminjaman`
LEFT JOIN `buku` ON `buku`.`id_buku` = `detail_peminjaman`.`id_buku`
LEFT JOIN `pengembalian` ON `pengembalian`.`id_peminjaman` = `peminjaman`.`id_peminjaman`
GROUP BY `peminjaman`.`id_peminjaman`
ORDER BY `peminjaman`.`id_peminjaman` DESC')
 3 SYSTEMPATH\Database\BaseBuilder.php(1649): CodeIgniter\Database\BaseConnection->query('SELECT `peminjaman`.*, `pengembalian`.`tanggal_kembali` as `tanggal_kembali_real`, `pengembalian`.`denda` as `denda_pengembalian`, `anggota`.`username` as `nama_anggota`, `petugas`.`username` as `nama_petugas`, GROUP_CONCAT(buku.cover) as cover, GROUP_CONCAT(buku.judul SEPARATOR "<br>") as judul_buku
FROM `peminjaman`
LEFT JOIN `users` as `anggota` ON `anggota`.`id` = `peminjaman`.`id_anggota`
LEFT JOIN `users` as `petugas` ON `petugas`.`id` = `peminjaman`.`id_petugas`
LEFT JOIN `detail_peminjaman` ON `detail_peminjaman`.`id_peminjaman` = `peminjaman`.`id_peminjaman`
LEFT JOIN `buku` ON `buku`.`id_buku` = `detail_peminjaman`.`id_buku`
LEFT JOIN `pengembalian` ON `pengembalian`.`id_peminjaman` = `peminjaman`.`id_peminjaman`
GROUP BY `peminjaman`.`id_peminjaman`
ORDER BY `peminjaman`.`id_peminjaman` DESC', [], false)
 4 APPPATH\Controllers\peminjaman.php(71): CodeIgniter\Database\BaseBuilder->get()
 5 SYSTEMPATH\CodeIgniter.php(933): App\Controllers\Peminjaman->index()
 6 SYSTEMPATH\CodeIgniter.php(507): CodeIgniter\CodeIgniter->runController(Object(App\Controllers\Peminjaman))
 7 SYSTEMPATH\CodeIgniter.php(354): CodeIgniter\CodeIgniter->handleRequest(null, Object(Config\Cache), false)
 8 SYSTEMPATH\Boot.php(363): CodeIgniter\CodeIgniter->run()
 9 SYSTEMPATH\Boot.php(68): CodeIgniter\Boot::runCodeIgniter(Object(CodeIgniter\CodeIgniter))
10 FCPATH\index.php(59): CodeIgniter\Boot::bootWeb(Object(Config\Paths))
CRITICAL - 2026-04-28 11:14:07 --> [Caused by] mysqli_sql_exception: Unknown column 'pengembalian.tanggal_kembali' in 'field list'
in SYSTEMPATH\Database\MySQLi\Connection.php on line 327.
 1 SYSTEMPATH\Database\MySQLi\Connection.php(327): mysqli->query('SELECT `peminjaman`.*, `pengembalian`.`tanggal_kembali` as `tanggal_kembali_real`, `pengembalian`.`denda` as `denda_pengembalian`, `anggota`.`username` as `nama_anggota`, `petugas`.`username` as `nama_petugas`, GROUP_CONCAT(buku.cover) as cover, GROUP_CONCAT(buku.judul SEPARATOR "<br>") as judul_buku
FROM `peminjaman`
LEFT JOIN `users` as `anggota` ON `anggota`.`id` = `peminjaman`.`id_anggota`
LEFT JOIN `users` as `petugas` ON `petugas`.`id` = `peminjaman`.`id_petugas`
LEFT JOIN `detail_peminjaman` ON `detail_peminjaman`.`id_peminjaman` = `peminjaman`.`id_peminjaman`
LEFT JOIN `buku` ON `buku`.`id_buku` = `detail_peminjaman`.`id_buku`
LEFT JOIN `pengembalian` ON `pengembalian`.`id_peminjaman` = `peminjaman`.`id_peminjaman`
GROUP BY `peminjaman`.`id_peminjaman`
ORDER BY `peminjaman`.`id_peminjaman` DESC', 0)
 2 SYSTEMPATH\Database\BaseConnection.php(729): CodeIgniter\Database\MySQLi\Connection->execute('SELECT `peminjaman`.*, `pengembalian`.`tanggal_kembali` as `tanggal_kembali_real`, `pengembalian`.`denda` as `denda_pengembalian`, `anggota`.`username` as `nama_anggota`, `petugas`.`username` as `nama_petugas`, GROUP_CONCAT(buku.cover) as cover, GROUP_CONCAT(buku.judul SEPARATOR "<br>") as judul_buku
FROM `peminjaman`
LEFT JOIN `users` as `anggota` ON `anggota`.`id` = `peminjaman`.`id_anggota`
LEFT JOIN `users` as `petugas` ON `petugas`.`id` = `peminjaman`.`id_petugas`
LEFT JOIN `detail_peminjaman` ON `detail_peminjaman`.`id_peminjaman` = `peminjaman`.`id_peminjaman`
LEFT JOIN `buku` ON `buku`.`id_buku` = `detail_peminjaman`.`id_buku`
LEFT JOIN `pengembalian` ON `pengembalian`.`id_peminjaman` = `peminjaman`.`id_peminjaman`
GROUP BY `peminjaman`.`id_peminjaman`
ORDER BY `peminjaman`.`id_peminjaman` DESC')
 3 SYSTEMPATH\Database\BaseConnection.php(646): CodeIgniter\Database\BaseConnection->simpleQuery('SELECT `peminjaman`.*, `pengembalian`.`tanggal_kembali` as `tanggal_kembali_real`, `pengembalian`.`denda` as `denda_pengembalian`, `anggota`.`username` as `nama_anggota`, `petugas`.`username` as `nama_petugas`, GROUP_CONCAT(buku.cover) as cover, GROUP_CONCAT(buku.judul SEPARATOR "<br>") as judul_buku
FROM `peminjaman`
LEFT JOIN `users` as `anggota` ON `anggota`.`id` = `peminjaman`.`id_anggota`
LEFT JOIN `users` as `petugas` ON `petugas`.`id` = `peminjaman`.`id_petugas`
LEFT JOIN `detail_peminjaman` ON `detail_peminjaman`.`id_peminjaman` = `peminjaman`.`id_peminjaman`
LEFT JOIN `buku` ON `buku`.`id_buku` = `detail_peminjaman`.`id_buku`
LEFT JOIN `pengembalian` ON `pengembalian`.`id_peminjaman` = `peminjaman`.`id_peminjaman`
GROUP BY `peminjaman`.`id_peminjaman`
ORDER BY `peminjaman`.`id_peminjaman` DESC')
 4 SYSTEMPATH\Database\BaseBuilder.php(1649): CodeIgniter\Database\BaseConnection->query('SELECT `peminjaman`.*, `pengembalian`.`tanggal_kembali` as `tanggal_kembali_real`, `pengembalian`.`denda` as `denda_pengembalian`, `anggota`.`username` as `nama_anggota`, `petugas`.`username` as `nama_petugas`, GROUP_CONCAT(buku.cover) as cover, GROUP_CONCAT(buku.judul SEPARATOR "<br>") as judul_buku
FROM `peminjaman`
LEFT JOIN `users` as `anggota` ON `anggota`.`id` = `peminjaman`.`id_anggota`
LEFT JOIN `users` as `petugas` ON `petugas`.`id` = `peminjaman`.`id_petugas`
LEFT JOIN `detail_peminjaman` ON `detail_peminjaman`.`id_peminjaman` = `peminjaman`.`id_peminjaman`
LEFT JOIN `buku` ON `buku`.`id_buku` = `detail_peminjaman`.`id_buku`
LEFT JOIN `pengembalian` ON `pengembalian`.`id_peminjaman` = `peminjaman`.`id_peminjaman`
GROUP BY `peminjaman`.`id_peminjaman`
ORDER BY `peminjaman`.`id_peminjaman` DESC', [], false)
 5 APPPATH\Controllers\peminjaman.php(71): CodeIgniter\Database\BaseBuilder->get()
 6 SYSTEMPATH\CodeIgniter.php(933): App\Controllers\Peminjaman->index()
 7 SYSTEMPATH\CodeIgniter.php(507): CodeIgniter\CodeIgniter->runController(Object(App\Controllers\Peminjaman))
 8 SYSTEMPATH\CodeIgniter.php(354): CodeIgniter\CodeIgniter->handleRequest(null, Object(Config\Cache), false)
 9 SYSTEMPATH\Boot.php(363): CodeIgniter\CodeIgniter->run()
10 SYSTEMPATH\Boot.php(68): CodeIgniter\Boot::runCodeIgniter(Object(CodeIgniter\CodeIgniter))
11 FCPATH\index.php(59): CodeIgniter\Boot::bootWeb(Object(Config\Paths))
ERROR - 2026-04-28 11:14:11 --> mysqli_sql_exception: Unknown column 'pengembalian.tanggal_kembali' in 'field list' in C:\xampp\htdocs\perpuska\system\Database\MySQLi\Connection.php:327
Stack trace:
#0 C:\xampp\htdocs\perpuska\system\Database\MySQLi\Connection.php(327): mysqli->query('SELECT `peminja...', 0)
#1 C:\xampp\htdocs\perpuska\system\Database\BaseConnection.php(729): CodeIgniter\Database\MySQLi\Connection->execute('SELECT `peminja...')
#2 C:\xampp\htdocs\perpuska\system\Database\BaseConnection.php(646): CodeIgniter\Database\BaseConnection->simpleQuery('SELECT `peminja...')
#3 C:\xampp\htdocs\perpuska\system\Database\BaseBuilder.php(1649): CodeIgniter\Database\BaseConnection->query('SELECT `peminja...', Array, false)
#4 C:\xampp\htdocs\perpuska\app\Controllers\peminjaman.php(71): CodeIgniter\Database\BaseBuilder->get()
#5 C:\xampp\htdocs\perpuska\system\CodeIgniter.php(933): App\Controllers\Peminjaman->index()
#6 C:\xampp\htdocs\perpuska\system\CodeIgniter.php(507): CodeIgniter\CodeIgniter->runController(Object(App\Controllers\Peminjaman))
#7 C:\xampp\htdocs\perpuska\system\CodeIgniter.php(354): CodeIgniter\CodeIgniter->handleRequest(NULL, Object(Config\Cache), false)
#8 C:\xampp\htdocs\perpuska\system\Boot.php(363): CodeIgniter\CodeIgniter->run()
#9 C:\xampp\htdocs\perpuska\system\Boot.php(68): CodeIgniter\Boot::runCodeIgniter(Object(CodeIgniter\CodeIgniter))
#10 C:\xampp\htdocs\perpuska\index.php(59): CodeIgniter\Boot::bootWeb(Object(Config\Paths))
#11 {main}
CRITICAL - 2026-04-28 11:14:11 --> CodeIgniter\Database\Exceptions\DatabaseException: Unknown column 'pengembalian.tanggal_kembali' in 'field list'
[Method: GET, Route: anggota/peminjaman]
in SYSTEMPATH\Database\BaseConnection.php on line 684.
 1 SYSTEMPATH\Database\BaseBuilder.php(1649): CodeIgniter\Database\BaseConnection->query('SELECT `peminjaman`.*, `pengembalian`.`tanggal_kembali` as `tanggal_kembali_real`, `pengembalian`.`denda` as `denda_pengembalian`, `anggota`.`username` as `nama_anggota`, `petugas`.`username` as `nama_petugas`, GROUP_CONCAT(buku.cover) as cover, GROUP_CONCAT(buku.judul SEPARATOR "<br>") as judul_buku
FROM `peminjaman`
LEFT JOIN `users` as `anggota` ON `anggota`.`id` = `peminjaman`.`id_anggota`
LEFT JOIN `users` as `petugas` ON `petugas`.`id` = `peminjaman`.`id_petugas`
LEFT JOIN `detail_peminjaman` ON `detail_peminjaman`.`id_peminjaman` = `peminjaman`.`id_peminjaman`
LEFT JOIN `buku` ON `buku`.`id_buku` = `detail_peminjaman`.`id_buku`
LEFT JOIN `pengembalian` ON `pengembalian`.`id_peminjaman` = `peminjaman`.`id_peminjaman`
GROUP BY `peminjaman`.`id_peminjaman`
ORDER BY `peminjaman`.`id_peminjaman` DESC', [], false)
 2 APPPATH\Controllers\peminjaman.php(71): CodeIgniter\Database\BaseBuilder->get()
 3 SYSTEMPATH\CodeIgniter.php(933): App\Controllers\Peminjaman->index()
 4 SYSTEMPATH\CodeIgniter.php(507): CodeIgniter\CodeIgniter->runController(Object(App\Controllers\Peminjaman))
 5 SYSTEMPATH\CodeIgniter.php(354): CodeIgniter\CodeIgniter->handleRequest(null, Object(Config\Cache), false)
 6 SYSTEMPATH\Boot.php(363): CodeIgniter\CodeIgniter->run()
 7 SYSTEMPATH\Boot.php(68): CodeIgniter\Boot::runCodeIgniter(Object(CodeIgniter\CodeIgniter))
 8 FCPATH\index.php(59): CodeIgniter\Boot::bootWeb(Object(Config\Paths))
CRITICAL - 2026-04-28 11:14:11 --> [Caused by] CodeIgniter\Database\Exceptions\DatabaseException: Unknown column 'pengembalian.tanggal_kembali' in 'field list'
in SYSTEMPATH\Database\MySQLi\Connection.php on line 332.
 1 SYSTEMPATH\Database\BaseConnection.php(729): CodeIgniter\Database\MySQLi\Connection->execute('SELECT `peminjaman`.*, `pengembalian`.`tanggal_kembali` as `tanggal_kembali_real`, `pengembalian`.`denda` as `denda_pengembalian`, `anggota`.`username` as `nama_anggota`, `petugas`.`username` as `nama_petugas`, GROUP_CONCAT(buku.cover) as cover, GROUP_CONCAT(buku.judul SEPARATOR "<br>") as judul_buku
FROM `peminjaman`
LEFT JOIN `users` as `anggota` ON `anggota`.`id` = `peminjaman`.`id_anggota`
LEFT JOIN `users` as `petugas` ON `petugas`.`id` = `peminjaman`.`id_petugas`
LEFT JOIN `detail_peminjaman` ON `detail_peminjaman`.`id_peminjaman` = `peminjaman`.`id_peminjaman`
LEFT JOIN `buku` ON `buku`.`id_buku` = `detail_peminjaman`.`id_buku`
LEFT JOIN `pengembalian` ON `pengembalian`.`id_peminjaman` = `peminjaman`.`id_peminjaman`
GROUP BY `peminjaman`.`id_peminjaman`
ORDER BY `peminjaman`.`id_peminjaman` DESC')
 2 SYSTEMPATH\Database\BaseConnection.php(646): CodeIgniter\Database\BaseConnection->simpleQuery('SELECT `peminjaman`.*, `pengembalian`.`tanggal_kembali` as `tanggal_kembali_real`, `pengembalian`.`denda` as `denda_pengembalian`, `anggota`.`username` as `nama_anggota`, `petugas`.`username` as `nama_petugas`, GROUP_CONCAT(buku.cover) as cover, GROUP_CONCAT(buku.judul SEPARATOR "<br>") as judul_buku
FROM `peminjaman`
LEFT JOIN `users` as `anggota` ON `anggota`.`id` = `peminjaman`.`id_anggota`
LEFT JOIN `users` as `petugas` ON `petugas`.`id` = `peminjaman`.`id_petugas`
LEFT JOIN `detail_peminjaman` ON `detail_peminjaman`.`id_peminjaman` = `peminjaman`.`id_peminjaman`
LEFT JOIN `buku` ON `buku`.`id_buku` = `detail_peminjaman`.`id_buku`
LEFT JOIN `pengembalian` ON `pengembalian`.`id_peminjaman` = `peminjaman`.`id_peminjaman`
GROUP BY `peminjaman`.`id_peminjaman`
ORDER BY `peminjaman`.`id_peminjaman` DESC')
 3 SYSTEMPATH\Database\BaseBuilder.php(1649): CodeIgniter\Database\BaseConnection->query('SELECT `peminjaman`.*, `pengembalian`.`tanggal_kembali` as `tanggal_kembali_real`, `pengembalian`.`denda` as `denda_pengembalian`, `anggota`.`username` as `nama_anggota`, `petugas`.`username` as `nama_petugas`, GROUP_CONCAT(buku.cover) as cover, GROUP_CONCAT(buku.judul SEPARATOR "<br>") as judul_buku
FROM `peminjaman`
LEFT JOIN `users` as `anggota` ON `anggota`.`id` = `peminjaman`.`id_anggota`
LEFT JOIN `users` as `petugas` ON `petugas`.`id` = `peminjaman`.`id_petugas`
LEFT JOIN `detail_peminjaman` ON `detail_peminjaman`.`id_peminjaman` = `peminjaman`.`id_peminjaman`
LEFT JOIN `buku` ON `buku`.`id_buku` = `detail_peminjaman`.`id_buku`
LEFT JOIN `pengembalian` ON `pengembalian`.`id_peminjaman` = `peminjaman`.`id_peminjaman`
GROUP BY `peminjaman`.`id_peminjaman`
ORDER BY `peminjaman`.`id_peminjaman` DESC', [], false)
 4 APPPATH\Controllers\peminjaman.php(71): CodeIgniter\Database\BaseBuilder->get()
 5 SYSTEMPATH\CodeIgniter.php(933): App\Controllers\Peminjaman->index()
 6 SYSTEMPATH\CodeIgniter.php(507): CodeIgniter\CodeIgniter->runController(Object(App\Controllers\Peminjaman))
 7 SYSTEMPATH\CodeIgniter.php(354): CodeIgniter\CodeIgniter->handleRequest(null, Object(Config\Cache), false)
 8 SYSTEMPATH\Boot.php(363): CodeIgniter\CodeIgniter->run()
 9 SYSTEMPATH\Boot.php(68): CodeIgniter\Boot::runCodeIgniter(Object(CodeIgniter\CodeIgniter))
10 FCPATH\index.php(59): CodeIgniter\Boot::bootWeb(Object(Config\Paths))
CRITICAL - 2026-04-28 11:14:11 --> [Caused by] mysqli_sql_exception: Unknown column 'pengembalian.tanggal_kembali' in 'field list'
in SYSTEMPATH\Database\MySQLi\Connection.php on line 327.
 1 SYSTEMPATH\Database\MySQLi\Connection.php(327): mysqli->query('SELECT `peminjaman`.*, `pengembalian`.`tanggal_kembali` as `tanggal_kembali_real`, `pengembalian`.`denda` as `denda_pengembalian`, `anggota`.`username` as `nama_anggota`, `petugas`.`username` as `nama_petugas`, GROUP_CONCAT(buku.cover) as cover, GROUP_CONCAT(buku.judul SEPARATOR "<br>") as judul_buku
FROM `peminjaman`
LEFT JOIN `users` as `anggota` ON `anggota`.`id` = `peminjaman`.`id_anggota`
LEFT JOIN `users` as `petugas` ON `petugas`.`id` = `peminjaman`.`id_petugas`
LEFT JOIN `detail_peminjaman` ON `detail_peminjaman`.`id_peminjaman` = `peminjaman`.`id_peminjaman`
LEFT JOIN `buku` ON `buku`.`id_buku` = `detail_peminjaman`.`id_buku`
LEFT JOIN `pengembalian` ON `pengembalian`.`id_peminjaman` = `peminjaman`.`id_peminjaman`
GROUP BY `peminjaman`.`id_peminjaman`
ORDER BY `peminjaman`.`id_peminjaman` DESC', 0)
 2 SYSTEMPATH\Database\BaseConnection.php(729): CodeIgniter\Database\MySQLi\Connection->execute('SELECT `peminjaman`.*, `pengembalian`.`tanggal_kembali` as `tanggal_kembali_real`, `pengembalian`.`denda` as `denda_pengembalian`, `anggota`.`username` as `nama_anggota`, `petugas`.`username` as `nama_petugas`, GROUP_CONCAT(buku.cover) as cover, GROUP_CONCAT(buku.judul SEPARATOR "<br>") as judul_buku
FROM `peminjaman`
LEFT JOIN `users` as `anggota` ON `anggota`.`id` = `peminjaman`.`id_anggota`
LEFT JOIN `users` as `petugas` ON `petugas`.`id` = `peminjaman`.`id_petugas`
LEFT JOIN `detail_peminjaman` ON `detail_peminjaman`.`id_peminjaman` = `peminjaman`.`id_peminjaman`
LEFT JOIN `buku` ON `buku`.`id_buku` = `detail_peminjaman`.`id_buku`
LEFT JOIN `pengembalian` ON `pengembalian`.`id_peminjaman` = `peminjaman`.`id_peminjaman`
GROUP BY `peminjaman`.`id_peminjaman`
ORDER BY `peminjaman`.`id_peminjaman` DESC')
 3 SYSTEMPATH\Database\BaseConnection.php(646): CodeIgniter\Database\BaseConnection->simpleQuery('SELECT `peminjaman`.*, `pengembalian`.`tanggal_kembali` as `tanggal_kembali_real`, `pengembalian`.`denda` as `denda_pengembalian`, `anggota`.`username` as `nama_anggota`, `petugas`.`username` as `nama_petugas`, GROUP_CONCAT(buku.cover) as cover, GROUP_CONCAT(buku.judul SEPARATOR "<br>") as judul_buku
FROM `peminjaman`
LEFT JOIN `users` as `anggota` ON `anggota`.`id` = `peminjaman`.`id_anggota`
LEFT JOIN `users` as `petugas` ON `petugas`.`id` = `peminjaman`.`id_petugas`
LEFT JOIN `detail_peminjaman` ON `detail_peminjaman`.`id_peminjaman` = `peminjaman`.`id_peminjaman`
LEFT JOIN `buku` ON `buku`.`id_buku` = `detail_peminjaman`.`id_buku`
LEFT JOIN `pengembalian` ON `pengembalian`.`id_peminjaman` = `peminjaman`.`id_peminjaman`
GROUP BY `peminjaman`.`id_peminjaman`
ORDER BY `peminjaman`.`id_peminjaman` DESC')
 4 SYSTEMPATH\Database\BaseBuilder.php(1649): CodeIgniter\Database\BaseConnection->query('SELECT `peminjaman`.*, `pengembalian`.`tanggal_kembali` as `tanggal_kembali_real`, `pengembalian`.`denda` as `denda_pengembalian`, `anggota`.`username` as `nama_anggota`, `petugas`.`username` as `nama_petugas`, GROUP_CONCAT(buku.cover) as cover, GROUP_CONCAT(buku.judul SEPARATOR "<br>") as judul_buku
FROM `peminjaman`
LEFT JOIN `users` as `anggota` ON `anggota`.`id` = `peminjaman`.`id_anggota`
LEFT JOIN `users` as `petugas` ON `petugas`.`id` = `peminjaman`.`id_petugas`
LEFT JOIN `detail_peminjaman` ON `detail_peminjaman`.`id_peminjaman` = `peminjaman`.`id_peminjaman`
LEFT JOIN `buku` ON `buku`.`id_buku` = `detail_peminjaman`.`id_buku`
LEFT JOIN `pengembalian` ON `pengembalian`.`id_peminjaman` = `peminjaman`.`id_peminjaman`
GROUP BY `peminjaman`.`id_peminjaman`
ORDER BY `peminjaman`.`id_peminjaman` DESC', [], false)
 5 APPPATH\Controllers\peminjaman.php(71): CodeIgniter\Database\BaseBuilder->get()
 6 SYSTEMPATH\CodeIgniter.php(933): App\Controllers\Peminjaman->index()
 7 SYSTEMPATH\CodeIgniter.php(507): CodeIgniter\CodeIgniter->runController(Object(App\Controllers\Peminjaman))
 8 SYSTEMPATH\CodeIgniter.php(354): CodeIgniter\CodeIgniter->handleRequest(null, Object(Config\Cache), false)
 9 SYSTEMPATH\Boot.php(363): CodeIgniter\CodeIgniter->run()
10 SYSTEMPATH\Boot.php(68): CodeIgniter\Boot::runCodeIgniter(Object(CodeIgniter\CodeIgniter))
11 FCPATH\index.php(59): CodeIgniter\Boot::bootWeb(Object(Config\Paths))
ERROR - 2026-04-28 11:15:57 --> mysqli_sql_exception: Unknown column 'pengembalian.tanggal_kembali' in 'field list' in C:\xampp\htdocs\perpuska\system\Database\MySQLi\Connection.php:327
Stack trace:
#0 C:\xampp\htdocs\perpuska\system\Database\MySQLi\Connection.php(327): mysqli->query('SELECT `peminja...', 0)
#1 C:\xampp\htdocs\perpuska\system\Database\BaseConnection.php(729): CodeIgniter\Database\MySQLi\Connection->execute('SELECT `peminja...')
#2 C:\xampp\htdocs\perpuska\system\Database\BaseConnection.php(646): CodeIgniter\Database\BaseConnection->simpleQuery('SELECT `peminja...')
#3 C:\xampp\htdocs\perpuska\system\Database\BaseBuilder.php(1649): CodeIgniter\Database\BaseConnection->query('SELECT `peminja...', Array, false)
#4 C:\xampp\htdocs\perpuska\app\Controllers\peminjaman.php(71): CodeIgniter\Database\BaseBuilder->get()
#5 C:\xampp\htdocs\perpuska\system\CodeIgniter.php(933): App\Controllers\Peminjaman->index()
#6 C:\xampp\htdocs\perpuska\system\CodeIgniter.php(507): CodeIgniter\CodeIgniter->runController(Object(App\Controllers\Peminjaman))
#7 C:\xampp\htdocs\perpuska\system\CodeIgniter.php(354): CodeIgniter\CodeIgniter->handleRequest(NULL, Object(Config\Cache), false)
#8 C:\xampp\htdocs\perpuska\system\Boot.php(363): CodeIgniter\CodeIgniter->run()
#9 C:\xampp\htdocs\perpuska\system\Boot.php(68): CodeIgniter\Boot::runCodeIgniter(Object(CodeIgniter\CodeIgniter))
#10 C:\xampp\htdocs\perpuska\index.php(59): CodeIgniter\Boot::bootWeb(Object(Config\Paths))
#11 {main}
CRITICAL - 2026-04-28 11:15:57 --> CodeIgniter\Database\Exceptions\DatabaseException: Unknown column 'pengembalian.tanggal_kembali' in 'field list'
[Method: GET, Route: anggota/peminjaman]
in SYSTEMPATH\Database\BaseConnection.php on line 684.
 1 SYSTEMPATH\Database\BaseBuilder.php(1649): CodeIgniter\Database\BaseConnection->query('SELECT `peminjaman`.*, `pengembalian`.`tanggal_kembali` as `tanggal_kembali_real`, `pengembalian`.`denda` as `denda_pengembalian`, `anggota`.`username` as `nama_anggota`, `petugas`.`username` as `nama_petugas`, GROUP_CONCAT(buku.cover) as cover, GROUP_CONCAT(buku.judul SEPARATOR "<br>") as judul_buku
FROM `peminjaman`
LEFT JOIN `users` as `anggota` ON `anggota`.`id` = `peminjaman`.`id_anggota`
LEFT JOIN `users` as `petugas` ON `petugas`.`id` = `peminjaman`.`id_petugas`
LEFT JOIN `detail_peminjaman` ON `detail_peminjaman`.`id_peminjaman` = `peminjaman`.`id_peminjaman`
LEFT JOIN `buku` ON `buku`.`id_buku` = `detail_peminjaman`.`id_buku`
LEFT JOIN `pengembalian` ON `pengembalian`.`id_peminjaman` = `peminjaman`.`id_peminjaman`
GROUP BY `peminjaman`.`id_peminjaman`
ORDER BY `peminjaman`.`id_peminjaman` DESC', [], false)
 2 APPPATH\Controllers\peminjaman.php(71): CodeIgniter\Database\BaseBuilder->get()
 3 SYSTEMPATH\CodeIgniter.php(933): App\Controllers\Peminjaman->index()
 4 SYSTEMPATH\CodeIgniter.php(507): CodeIgniter\CodeIgniter->runController(Object(App\Controllers\Peminjaman))
 5 SYSTEMPATH\CodeIgniter.php(354): CodeIgniter\CodeIgniter->handleRequest(null, Object(Config\Cache), false)
 6 SYSTEMPATH\Boot.php(363): CodeIgniter\CodeIgniter->run()
 7 SYSTEMPATH\Boot.php(68): CodeIgniter\Boot::runCodeIgniter(Object(CodeIgniter\CodeIgniter))
 8 FCPATH\index.php(59): CodeIgniter\Boot::bootWeb(Object(Config\Paths))
CRITICAL - 2026-04-28 11:15:57 --> [Caused by] CodeIgniter\Database\Exceptions\DatabaseException: Unknown column 'pengembalian.tanggal_kembali' in 'field list'
in SYSTEMPATH\Database\MySQLi\Connection.php on line 332.
 1 SYSTEMPATH\Database\BaseConnection.php(729): CodeIgniter\Database\MySQLi\Connection->execute('SELECT `peminjaman`.*, `pengembalian`.`tanggal_kembali` as `tanggal_kembali_real`, `pengembalian`.`denda` as `denda_pengembalian`, `anggota`.`username` as `nama_anggota`, `petugas`.`username` as `nama_petugas`, GROUP_CONCAT(buku.cover) as cover, GROUP_CONCAT(buku.judul SEPARATOR "<br>") as judul_buku
FROM `peminjaman`
LEFT JOIN `users` as `anggota` ON `anggota`.`id` = `peminjaman`.`id_anggota`
LEFT JOIN `users` as `petugas` ON `petugas`.`id` = `peminjaman`.`id_petugas`
LEFT JOIN `detail_peminjaman` ON `detail_peminjaman`.`id_peminjaman` = `peminjaman`.`id_peminjaman`
LEFT JOIN `buku` ON `buku`.`id_buku` = `detail_peminjaman`.`id_buku`
LEFT JOIN `pengembalian` ON `pengembalian`.`id_peminjaman` = `peminjaman`.`id_peminjaman`
GROUP BY `peminjaman`.`id_peminjaman`
ORDER BY `peminjaman`.`id_peminjaman` DESC')
 2 SYSTEMPATH\Database\BaseConnection.php(646): CodeIgniter\Database\BaseConnection->simpleQuery('SELECT `peminjaman`.*, `pengembalian`.`tanggal_kembali` as `tanggal_kembali_real`, `pengembalian`.`denda` as `denda_pengembalian`, `anggota`.`username` as `nama_anggota`, `petugas`.`username` as `nama_petugas`, GROUP_CONCAT(buku.cover) as cover, GROUP_CONCAT(buku.judul SEPARATOR "<br>") as judul_buku
FROM `peminjaman`
LEFT JOIN `users` as `anggota` ON `anggota`.`id` = `peminjaman`.`id_anggota`
LEFT JOIN `users` as `petugas` ON `petugas`.`id` = `peminjaman`.`id_petugas`
LEFT JOIN `detail_peminjaman` ON `detail_peminjaman`.`id_peminjaman` = `peminjaman`.`id_peminjaman`
LEFT JOIN `buku` ON `buku`.`id_buku` = `detail_peminjaman`.`id_buku`
LEFT JOIN `pengembalian` ON `pengembalian`.`id_peminjaman` = `peminjaman`.`id_peminjaman`
GROUP BY `peminjaman`.`id_peminjaman`
ORDER BY `peminjaman`.`id_peminjaman` DESC')
 3 SYSTEMPATH\Database\BaseBuilder.php(1649): CodeIgniter\Database\BaseConnection->query('SELECT `peminjaman`.*, `pengembalian`.`tanggal_kembali` as `tanggal_kembali_real`, `pengembalian`.`denda` as `denda_pengembalian`, `anggota`.`username` as `nama_anggota`, `petugas`.`username` as `nama_petugas`, GROUP_CONCAT(buku.cover) as cover, GROUP_CONCAT(buku.judul SEPARATOR "<br>") as judul_buku
FROM `peminjaman`
LEFT JOIN `users` as `anggota` ON `anggota`.`id` = `peminjaman`.`id_anggota`
LEFT JOIN `users` as `petugas` ON `petugas`.`id` = `peminjaman`.`id_petugas`
LEFT JOIN `detail_peminjaman` ON `detail_peminjaman`.`id_peminjaman` = `peminjaman`.`id_peminjaman`
LEFT JOIN `buku` ON `buku`.`id_buku` = `detail_peminjaman`.`id_buku`
LEFT JOIN `pengembalian` ON `pengembalian`.`id_peminjaman` = `peminjaman`.`id_peminjaman`
GROUP BY `peminjaman`.`id_peminjaman`
ORDER BY `peminjaman`.`id_peminjaman` DESC', [], false)
 4 APPPATH\Controllers\peminjaman.php(71): CodeIgniter\Database\BaseBuilder->get()
 5 SYSTEMPATH\CodeIgniter.php(933): App\Controllers\Peminjaman->index()
 6 SYSTEMPATH\CodeIgniter.php(507): CodeIgniter\CodeIgniter->runController(Object(App\Controllers\Peminjaman))
 7 SYSTEMPATH\CodeIgniter.php(354): CodeIgniter\CodeIgniter->handleRequest(null, Object(Config\Cache), false)
 8 SYSTEMPATH\Boot.php(363): CodeIgniter\CodeIgniter->run()
 9 SYSTEMPATH\Boot.php(68): CodeIgniter\Boot::runCodeIgniter(Object(CodeIgniter\CodeIgniter))
10 FCPATH\index.php(59): CodeIgniter\Boot::bootWeb(Object(Config\Paths))
CRITICAL - 2026-04-28 11:15:57 --> [Caused by] mysqli_sql_exception: Unknown column 'pengembalian.tanggal_kembali' in 'field list'
in SYSTEMPATH\Database\MySQLi\Connection.php on line 327.
 1 SYSTEMPATH\Database\MySQLi\Connection.php(327): mysqli->query('SELECT `peminjaman`.*, `pengembalian`.`tanggal_kembali` as `tanggal_kembali_real`, `pengembalian`.`denda` as `denda_pengembalian`, `anggota`.`username` as `nama_anggota`, `petugas`.`username` as `nama_petugas`, GROUP_CONCAT(buku.cover) as cover, GROUP_CONCAT(buku.judul SEPARATOR "<br>") as judul_buku
FROM `peminjaman`
LEFT JOIN `users` as `anggota` ON `anggota`.`id` = `peminjaman`.`id_anggota`
LEFT JOIN `users` as `petugas` ON `petugas`.`id` = `peminjaman`.`id_petugas`
LEFT JOIN `detail_peminjaman` ON `detail_peminjaman`.`id_peminjaman` = `peminjaman`.`id_peminjaman`
LEFT JOIN `buku` ON `buku`.`id_buku` = `detail_peminjaman`.`id_buku`
LEFT JOIN `pengembalian` ON `pengembalian`.`id_peminjaman` = `peminjaman`.`id_peminjaman`
GROUP BY `peminjaman`.`id_peminjaman`
ORDER BY `peminjaman`.`id_peminjaman` DESC', 0)
 2 SYSTEMPATH\Database\BaseConnection.php(729): CodeIgniter\Database\MySQLi\Connection->execute('SELECT `peminjaman`.*, `pengembalian`.`tanggal_kembali` as `tanggal_kembali_real`, `pengembalian`.`denda` as `denda_pengembalian`, `anggota`.`username` as `nama_anggota`, `petugas`.`username` as `nama_petugas`, GROUP_CONCAT(buku.cover) as cover, GROUP_CONCAT(buku.judul SEPARATOR "<br>") as judul_buku
FROM `peminjaman`
LEFT JOIN `users` as `anggota` ON `anggota`.`id` = `peminjaman`.`id_anggota`
LEFT JOIN `users` as `petugas` ON `petugas`.`id` = `peminjaman`.`id_petugas`
LEFT JOIN `detail_peminjaman` ON `detail_peminjaman`.`id_peminjaman` = `peminjaman`.`id_peminjaman`
LEFT JOIN `buku` ON `buku`.`id_buku` = `detail_peminjaman`.`id_buku`
LEFT JOIN `pengembalian` ON `pengembalian`.`id_peminjaman` = `peminjaman`.`id_peminjaman`
GROUP BY `peminjaman`.`id_peminjaman`
ORDER BY `peminjaman`.`id_peminjaman` DESC')
 3 SYSTEMPATH\Database\BaseConnection.php(646): CodeIgniter\Database\BaseConnection->simpleQuery('SELECT `peminjaman`.*, `pengembalian`.`tanggal_kembali` as `tanggal_kembali_real`, `pengembalian`.`denda` as `denda_pengembalian`, `anggota`.`username` as `nama_anggota`, `petugas`.`username` as `nama_petugas`, GROUP_CONCAT(buku.cover) as cover, GROUP_CONCAT(buku.judul SEPARATOR "<br>") as judul_buku
FROM `peminjaman`
LEFT JOIN `users` as `anggota` ON `anggota`.`id` = `peminjaman`.`id_anggota`
LEFT JOIN `users` as `petugas` ON `petugas`.`id` = `peminjaman`.`id_petugas`
LEFT JOIN `detail_peminjaman` ON `detail_peminjaman`.`id_peminjaman` = `peminjaman`.`id_peminjaman`
LEFT JOIN `buku` ON `buku`.`id_buku` = `detail_peminjaman`.`id_buku`
LEFT JOIN `pengembalian` ON `pengembalian`.`id_peminjaman` = `peminjaman`.`id_peminjaman`
GROUP BY `peminjaman`.`id_peminjaman`
ORDER BY `peminjaman`.`id_peminjaman` DESC')
 4 SYSTEMPATH\Database\BaseBuilder.php(1649): CodeIgniter\Database\BaseConnection->query('SELECT `peminjaman`.*, `pengembalian`.`tanggal_kembali` as `tanggal_kembali_real`, `pengembalian`.`denda` as `denda_pengembalian`, `anggota`.`username` as `nama_anggota`, `petugas`.`username` as `nama_petugas`, GROUP_CONCAT(buku.cover) as cover, GROUP_CONCAT(buku.judul SEPARATOR "<br>") as judul_buku
FROM `peminjaman`
LEFT JOIN `users` as `anggota` ON `anggota`.`id` = `peminjaman`.`id_anggota`
LEFT JOIN `users` as `petugas` ON `petugas`.`id` = `peminjaman`.`id_petugas`
LEFT JOIN `detail_peminjaman` ON `detail_peminjaman`.`id_peminjaman` = `peminjaman`.`id_peminjaman`
LEFT JOIN `buku` ON `buku`.`id_buku` = `detail_peminjaman`.`id_buku`
LEFT JOIN `pengembalian` ON `pengembalian`.`id_peminjaman` = `peminjaman`.`id_peminjaman`
GROUP BY `peminjaman`.`id_peminjaman`
ORDER BY `peminjaman`.`id_peminjaman` DESC', [], false)
 5 APPPATH\Controllers\peminjaman.php(71): CodeIgniter\Database\BaseBuilder->get()
 6 SYSTEMPATH\CodeIgniter.php(933): App\Controllers\Peminjaman->index()
 7 SYSTEMPATH\CodeIgniter.php(507): CodeIgniter\CodeIgniter->runController(Object(App\Controllers\Peminjaman))
 8 SYSTEMPATH\CodeIgniter.php(354): CodeIgniter\CodeIgniter->handleRequest(null, Object(Config\Cache), false)
 9 SYSTEMPATH\Boot.php(363): CodeIgniter\CodeIgniter->run()
10 SYSTEMPATH\Boot.php(68): CodeIgniter\Boot::runCodeIgniter(Object(CodeIgniter\CodeIgniter))
11 FCPATH\index.php(59): CodeIgniter\Boot::bootWeb(Object(Config\Paths))
ERROR - 2026-04-28 11:17:52 --> mysqli_sql_exception: Unknown column 'pengembalian.tanggal_kembali' in 'field list' in C:\xampp\htdocs\perpuska\system\Database\MySQLi\Connection.php:327
Stack trace:
#0 C:\xampp\htdocs\perpuska\system\Database\MySQLi\Connection.php(327): mysqli->query('SELECT `peminja...', 0)
#1 C:\xampp\htdocs\perpuska\system\Database\BaseConnection.php(729): CodeIgniter\Database\MySQLi\Connection->execute('SELECT `peminja...')
#2 C:\xampp\htdocs\perpuska\system\Database\BaseConnection.php(646): CodeIgniter\Database\BaseConnection->simpleQuery('SELECT `peminja...')
#3 C:\xampp\htdocs\perpuska\system\Database\BaseBuilder.php(1649): CodeIgniter\Database\BaseConnection->query('SELECT `peminja...', Array, false)
#4 C:\xampp\htdocs\perpuska\app\Controllers\peminjaman.php(71): CodeIgniter\Database\BaseBuilder->get()
#5 C:\xampp\htdocs\perpuska\system\CodeIgniter.php(933): App\Controllers\Peminjaman->index()
#6 C:\xampp\htdocs\perpuska\system\CodeIgniter.php(507): CodeIgniter\CodeIgniter->runController(Object(App\Controllers\Peminjaman))
#7 C:\xampp\htdocs\perpuska\system\CodeIgniter.php(354): CodeIgniter\CodeIgniter->handleRequest(NULL, Object(Config\Cache), false)
#8 C:\xampp\htdocs\perpuska\system\Boot.php(363): CodeIgniter\CodeIgniter->run()
#9 C:\xampp\htdocs\perpuska\system\Boot.php(68): CodeIgniter\Boot::runCodeIgniter(Object(CodeIgniter\CodeIgniter))
#10 C:\xampp\htdocs\perpuska\index.php(59): CodeIgniter\Boot::bootWeb(Object(Config\Paths))
#11 {main}
CRITICAL - 2026-04-28 11:17:52 --> CodeIgniter\Database\Exceptions\DatabaseException: Unknown column 'pengembalian.tanggal_kembali' in 'field list'
[Method: GET, Route: anggota/peminjaman]
in SYSTEMPATH\Database\BaseConnection.php on line 684.
 1 SYSTEMPATH\Database\BaseBuilder.php(1649): CodeIgniter\Database\BaseConnection->query('SELECT `peminjaman`.*, `pengembalian`.`tanggal_kembali` as `tanggal_kembali_real`, `pengembalian`.`denda` as `denda_pengembalian`, `anggota`.`username` as `nama_anggota`, `petugas`.`username` as `nama_petugas`, GROUP_CONCAT(buku.cover) as cover, GROUP_CONCAT(buku.judul SEPARATOR "<br>") as judul_buku
FROM `peminjaman`
LEFT JOIN `users` as `anggota` ON `anggota`.`id` = `peminjaman`.`id_anggota`
LEFT JOIN `users` as `petugas` ON `petugas`.`id` = `peminjaman`.`id_petugas`
LEFT JOIN `detail_peminjaman` ON `detail_peminjaman`.`id_peminjaman` = `peminjaman`.`id_peminjaman`
LEFT JOIN `buku` ON `buku`.`id_buku` = `detail_peminjaman`.`id_buku`
LEFT JOIN `pengembalian` ON `pengembalian`.`id_peminjaman` = `peminjaman`.`id_peminjaman`
GROUP BY `peminjaman`.`id_peminjaman`
ORDER BY `peminjaman`.`id_peminjaman` DESC', [], false)
 2 APPPATH\Controllers\peminjaman.php(71): CodeIgniter\Database\BaseBuilder->get()
 3 SYSTEMPATH\CodeIgniter.php(933): App\Controllers\Peminjaman->index()
 4 SYSTEMPATH\CodeIgniter.php(507): CodeIgniter\CodeIgniter->runController(Object(App\Controllers\Peminjaman))
 5 SYSTEMPATH\CodeIgniter.php(354): CodeIgniter\CodeIgniter->handleRequest(null, Object(Config\Cache), false)
 6 SYSTEMPATH\Boot.php(363): CodeIgniter\CodeIgniter->run()
 7 SYSTEMPATH\Boot.php(68): CodeIgniter\Boot::runCodeIgniter(Object(CodeIgniter\CodeIgniter))
 8 FCPATH\index.php(59): CodeIgniter\Boot::bootWeb(Object(Config\Paths))
CRITICAL - 2026-04-28 11:17:52 --> [Caused by] CodeIgniter\Database\Exceptions\DatabaseException: Unknown column 'pengembalian.tanggal_kembali' in 'field list'
in SYSTEMPATH\Database\MySQLi\Connection.php on line 332.
 1 SYSTEMPATH\Database\BaseConnection.php(729): CodeIgniter\Database\MySQLi\Connection->execute('SELECT `peminjaman`.*, `pengembalian`.`tanggal_kembali` as `tanggal_kembali_real`, `pengembalian`.`denda` as `denda_pengembalian`, `anggota`.`username` as `nama_anggota`, `petugas`.`username` as `nama_petugas`, GROUP_CONCAT(buku.cover) as cover, GROUP_CONCAT(buku.judul SEPARATOR "<br>") as judul_buku
FROM `peminjaman`
LEFT JOIN `users` as `anggota` ON `anggota`.`id` = `peminjaman`.`id_anggota`
LEFT JOIN `users` as `petugas` ON `petugas`.`id` = `peminjaman`.`id_petugas`
LEFT JOIN `detail_peminjaman` ON `detail_peminjaman`.`id_peminjaman` = `peminjaman`.`id_peminjaman`
LEFT JOIN `buku` ON `buku`.`id_buku` = `detail_peminjaman`.`id_buku`
LEFT JOIN `pengembalian` ON `pengembalian`.`id_peminjaman` = `peminjaman`.`id_peminjaman`
GROUP BY `peminjaman`.`id_peminjaman`
ORDER BY `peminjaman`.`id_peminjaman` DESC')
 2 SYSTEMPATH\Database\BaseConnection.php(646): CodeIgniter\Database\BaseConnection->simpleQuery('SELECT `peminjaman`.*, `pengembalian`.`tanggal_kembali` as `tanggal_kembali_real`, `pengembalian`.`denda` as `denda_pengembalian`, `anggota`.`username` as `nama_anggota`, `petugas`.`username` as `nama_petugas`, GROUP_CONCAT(buku.cover) as cover, GROUP_CONCAT(buku.judul SEPARATOR "<br>") as judul_buku
FROM `peminjaman`
LEFT JOIN `users` as `anggota` ON `anggota`.`id` = `peminjaman`.`id_anggota`
LEFT JOIN `users` as `petugas` ON `petugas`.`id` = `peminjaman`.`id_petugas`
LEFT JOIN `detail_peminjaman` ON `detail_peminjaman`.`id_peminjaman` = `peminjaman`.`id_peminjaman`
LEFT JOIN `buku` ON `buku`.`id_buku` = `detail_peminjaman`.`id_buku`
LEFT JOIN `pengembalian` ON `pengembalian`.`id_peminjaman` = `peminjaman`.`id_peminjaman`
GROUP BY `peminjaman`.`id_peminjaman`
ORDER BY `peminjaman`.`id_peminjaman` DESC')
 3 SYSTEMPATH\Database\BaseBuilder.php(1649): CodeIgniter\Database\BaseConnection->query('SELECT `peminjaman`.*, `pengembalian`.`tanggal_kembali` as `tanggal_kembali_real`, `pengembalian`.`denda` as `denda_pengembalian`, `anggota`.`username` as `nama_anggota`, `petugas`.`username` as `nama_petugas`, GROUP_CONCAT(buku.cover) as cover, GROUP_CONCAT(buku.judul SEPARATOR "<br>") as judul_buku
FROM `peminjaman`
LEFT JOIN `users` as `anggota` ON `anggota`.`id` = `peminjaman`.`id_anggota`
LEFT JOIN `users` as `petugas` ON `petugas`.`id` = `peminjaman`.`id_petugas`
LEFT JOIN `detail_peminjaman` ON `detail_peminjaman`.`id_peminjaman` = `peminjaman`.`id_peminjaman`
LEFT JOIN `buku` ON `buku`.`id_buku` = `detail_peminjaman`.`id_buku`
LEFT JOIN `pengembalian` ON `pengembalian`.`id_peminjaman` = `peminjaman`.`id_peminjaman`
GROUP BY `peminjaman`.`id_peminjaman`
ORDER BY `peminjaman`.`id_peminjaman` DESC', [], false)
 4 APPPATH\Controllers\peminjaman.php(71): CodeIgniter\Database\BaseBuilder->get()
 5 SYSTEMPATH\CodeIgniter.php(933): App\Controllers\Peminjaman->index()
 6 SYSTEMPATH\CodeIgniter.php(507): CodeIgniter\CodeIgniter->runController(Object(App\Controllers\Peminjaman))
 7 SYSTEMPATH\CodeIgniter.php(354): CodeIgniter\CodeIgniter->handleRequest(null, Object(Config\Cache), false)
 8 SYSTEMPATH\Boot.php(363): CodeIgniter\CodeIgniter->run()
 9 SYSTEMPATH\Boot.php(68): CodeIgniter\Boot::runCodeIgniter(Object(CodeIgniter\CodeIgniter))
10 FCPATH\index.php(59): CodeIgniter\Boot::bootWeb(Object(Config\Paths))
CRITICAL - 2026-04-28 11:17:52 --> [Caused by] mysqli_sql_exception: Unknown column 'pengembalian.tanggal_kembali' in 'field list'
in SYSTEMPATH\Database\MySQLi\Connection.php on line 327.
 1 SYSTEMPATH\Database\MySQLi\Connection.php(327): mysqli->query('SELECT `peminjaman`.*, `pengembalian`.`tanggal_kembali` as `tanggal_kembali_real`, `pengembalian`.`denda` as `denda_pengembalian`, `anggota`.`username` as `nama_anggota`, `petugas`.`username` as `nama_petugas`, GROUP_CONCAT(buku.cover) as cover, GROUP_CONCAT(buku.judul SEPARATOR "<br>") as judul_buku
FROM `peminjaman`
LEFT JOIN `users` as `anggota` ON `anggota`.`id` = `peminjaman`.`id_anggota`
LEFT JOIN `users` as `petugas` ON `petugas`.`id` = `peminjaman`.`id_petugas`
LEFT JOIN `detail_peminjaman` ON `detail_peminjaman`.`id_peminjaman` = `peminjaman`.`id_peminjaman`
LEFT JOIN `buku` ON `buku`.`id_buku` = `detail_peminjaman`.`id_buku`
LEFT JOIN `pengembalian` ON `pengembalian`.`id_peminjaman` = `peminjaman`.`id_peminjaman`
GROUP BY `peminjaman`.`id_peminjaman`
ORDER BY `peminjaman`.`id_peminjaman` DESC', 0)
 2 SYSTEMPATH\Database\BaseConnection.php(729): CodeIgniter\Database\MySQLi\Connection->execute('SELECT `peminjaman`.*, `pengembalian`.`tanggal_kembali` as `tanggal_kembali_real`, `pengembalian`.`denda` as `denda_pengembalian`, `anggota`.`username` as `nama_anggota`, `petugas`.`username` as `nama_petugas`, GROUP_CONCAT(buku.cover) as cover, GROUP_CONCAT(buku.judul SEPARATOR "<br>") as judul_buku
FROM `peminjaman`
LEFT JOIN `users` as `anggota` ON `anggota`.`id` = `peminjaman`.`id_anggota`
LEFT JOIN `users` as `petugas` ON `petugas`.`id` = `peminjaman`.`id_petugas`
LEFT JOIN `detail_peminjaman` ON `detail_peminjaman`.`id_peminjaman` = `peminjaman`.`id_peminjaman`
LEFT JOIN `buku` ON `buku`.`id_buku` = `detail_peminjaman`.`id_buku`
LEFT JOIN `pengembalian` ON `pengembalian`.`id_peminjaman` = `peminjaman`.`id_peminjaman`
GROUP BY `peminjaman`.`id_peminjaman`
ORDER BY `peminjaman`.`id_peminjaman` DESC')
 3 SYSTEMPATH\Database\BaseConnection.php(646): CodeIgniter\Database\BaseConnection->simpleQuery('SELECT `peminjaman`.*, `pengembalian`.`tanggal_kembali` as `tanggal_kembali_real`, `pengembalian`.`denda` as `denda_pengembalian`, `anggota`.`username` as `nama_anggota`, `petugas`.`username` as `nama_petugas`, GROUP_CONCAT(buku.cover) as cover, GROUP_CONCAT(buku.judul SEPARATOR "<br>") as judul_buku
FROM `peminjaman`
LEFT JOIN `users` as `anggota` ON `anggota`.`id` = `peminjaman`.`id_anggota`
LEFT JOIN `users` as `petugas` ON `petugas`.`id` = `peminjaman`.`id_petugas`
LEFT JOIN `detail_peminjaman` ON `detail_peminjaman`.`id_peminjaman` = `peminjaman`.`id_peminjaman`
LEFT JOIN `buku` ON `buku`.`id_buku` = `detail_peminjaman`.`id_buku`
LEFT JOIN `pengembalian` ON `pengembalian`.`id_peminjaman` = `peminjaman`.`id_peminjaman`
GROUP BY `peminjaman`.`id_peminjaman`
ORDER BY `peminjaman`.`id_peminjaman` DESC')
 4 SYSTEMPATH\Database\BaseBuilder.php(1649): CodeIgniter\Database\BaseConnection->query('SELECT `peminjaman`.*, `pengembalian`.`tanggal_kembali` as `tanggal_kembali_real`, `pengembalian`.`denda` as `denda_pengembalian`, `anggota`.`username` as `nama_anggota`, `petugas`.`username` as `nama_petugas`, GROUP_CONCAT(buku.cover) as cover, GROUP_CONCAT(buku.judul SEPARATOR "<br>") as judul_buku
FROM `peminjaman`
LEFT JOIN `users` as `anggota` ON `anggota`.`id` = `peminjaman`.`id_anggota`
LEFT JOIN `users` as `petugas` ON `petugas`.`id` = `peminjaman`.`id_petugas`
LEFT JOIN `detail_peminjaman` ON `detail_peminjaman`.`id_peminjaman` = `peminjaman`.`id_peminjaman`
LEFT JOIN `buku` ON `buku`.`id_buku` = `detail_peminjaman`.`id_buku`
LEFT JOIN `pengembalian` ON `pengembalian`.`id_peminjaman` = `peminjaman`.`id_peminjaman`
GROUP BY `peminjaman`.`id_peminjaman`
ORDER BY `peminjaman`.`id_peminjaman` DESC', [], false)
 5 APPPATH\Controllers\peminjaman.php(71): CodeIgniter\Database\BaseBuilder->get()
 6 SYSTEMPATH\CodeIgniter.php(933): App\Controllers\Peminjaman->index()
 7 SYSTEMPATH\CodeIgniter.php(507): CodeIgniter\CodeIgniter->runController(Object(App\Controllers\Peminjaman))
 8 SYSTEMPATH\CodeIgniter.php(354): CodeIgniter\CodeIgniter->handleRequest(null, Object(Config\Cache), false)
 9 SYSTEMPATH\Boot.php(363): CodeIgniter\CodeIgniter->run()
10 SYSTEMPATH\Boot.php(68): CodeIgniter\Boot::runCodeIgniter(Object(CodeIgniter\CodeIgniter))
11 FCPATH\index.php(59): CodeIgniter\Boot::bootWeb(Object(Config\Paths))
ERROR - 2026-04-28 11:17:57 --> mysqli_sql_exception: Unknown column 'pengembalian.tanggal_kembali' in 'field list' in C:\xampp\htdocs\perpuska\system\Database\MySQLi\Connection.php:327
Stack trace:
#0 C:\xampp\htdocs\perpuska\system\Database\MySQLi\Connection.php(327): mysqli->query('SELECT `peminja...', 0)
#1 C:\xampp\htdocs\perpuska\system\Database\BaseConnection.php(729): CodeIgniter\Database\MySQLi\Connection->execute('SELECT `peminja...')
#2 C:\xampp\htdocs\perpuska\system\Database\BaseConnection.php(646): CodeIgniter\Database\BaseConnection->simpleQuery('SELECT `peminja...')
#3 C:\xampp\htdocs\perpuska\system\Database\BaseBuilder.php(1649): CodeIgniter\Database\BaseConnection->query('SELECT `peminja...', Array, false)
#4 C:\xampp\htdocs\perpuska\app\Controllers\peminjaman.php(71): CodeIgniter\Database\BaseBuilder->get()
#5 C:\xampp\htdocs\perpuska\system\CodeIgniter.php(933): App\Controllers\Peminjaman->index()
#6 C:\xampp\htdocs\perpuska\system\CodeIgniter.php(507): CodeIgniter\CodeIgniter->runController(Object(App\Controllers\Peminjaman))
#7 C:\xampp\htdocs\perpuska\system\CodeIgniter.php(354): CodeIgniter\CodeIgniter->handleRequest(NULL, Object(Config\Cache), false)
#8 C:\xampp\htdocs\perpuska\system\Boot.php(363): CodeIgniter\CodeIgniter->run()
#9 C:\xampp\htdocs\perpuska\system\Boot.php(68): CodeIgniter\Boot::runCodeIgniter(Object(CodeIgniter\CodeIgniter))
#10 C:\xampp\htdocs\perpuska\index.php(59): CodeIgniter\Boot::bootWeb(Object(Config\Paths))
#11 {main}
CRITICAL - 2026-04-28 11:17:57 --> CodeIgniter\Database\Exceptions\DatabaseException: Unknown column 'pengembalian.tanggal_kembali' in 'field list'
[Method: GET, Route: anggota/peminjaman]
in SYSTEMPATH\Database\BaseConnection.php on line 684.
 1 SYSTEMPATH\Database\BaseBuilder.php(1649): CodeIgniter\Database\BaseConnection->query('SELECT `peminjaman`.*, `pengembalian`.`tanggal_kembali` as `tanggal_kembali_real`, `pengembalian`.`denda` as `denda_pengembalian`, `anggota`.`username` as `nama_anggota`, `petugas`.`username` as `nama_petugas`, GROUP_CONCAT(buku.cover) as cover, GROUP_CONCAT(buku.judul SEPARATOR "<br>") as judul_buku
FROM `peminjaman`
LEFT JOIN `users` as `anggota` ON `anggota`.`id` = `peminjaman`.`id_anggota`
LEFT JOIN `users` as `petugas` ON `petugas`.`id` = `peminjaman`.`id_petugas`
LEFT JOIN `detail_peminjaman` ON `detail_peminjaman`.`id_peminjaman` = `peminjaman`.`id_peminjaman`
LEFT JOIN `buku` ON `buku`.`id_buku` = `detail_peminjaman`.`id_buku`
LEFT JOIN `pengembalian` ON `pengembalian`.`id_peminjaman` = `peminjaman`.`id_peminjaman`
GROUP BY `peminjaman`.`id_peminjaman`
ORDER BY `peminjaman`.`id_peminjaman` DESC', [], false)
 2 APPPATH\Controllers\peminjaman.php(71): CodeIgniter\Database\BaseBuilder->get()
 3 SYSTEMPATH\CodeIgniter.php(933): App\Controllers\Peminjaman->index()
 4 SYSTEMPATH\CodeIgniter.php(507): CodeIgniter\CodeIgniter->runController(Object(App\Controllers\Peminjaman))
 5 SYSTEMPATH\CodeIgniter.php(354): CodeIgniter\CodeIgniter->handleRequest(null, Object(Config\Cache), false)
 6 SYSTEMPATH\Boot.php(363): CodeIgniter\CodeIgniter->run()
 7 SYSTEMPATH\Boot.php(68): CodeIgniter\Boot::runCodeIgniter(Object(CodeIgniter\CodeIgniter))
 8 FCPATH\index.php(59): CodeIgniter\Boot::bootWeb(Object(Config\Paths))
CRITICAL - 2026-04-28 11:17:57 --> [Caused by] CodeIgniter\Database\Exceptions\DatabaseException: Unknown column 'pengembalian.tanggal_kembali' in 'field list'
in SYSTEMPATH\Database\MySQLi\Connection.php on line 332.
 1 SYSTEMPATH\Database\BaseConnection.php(729): CodeIgniter\Database\MySQLi\Connection->execute('SELECT `peminjaman`.*, `pengembalian`.`tanggal_kembali` as `tanggal_kembali_real`, `pengembalian`.`denda` as `denda_pengembalian`, `anggota`.`username` as `nama_anggota`, `petugas`.`username` as `nama_petugas`, GROUP_CONCAT(buku.cover) as cover, GROUP_CONCAT(buku.judul SEPARATOR "<br>") as judul_buku
FROM `peminjaman`
LEFT JOIN `users` as `anggota` ON `anggota`.`id` = `peminjaman`.`id_anggota`
LEFT JOIN `users` as `petugas` ON `petugas`.`id` = `peminjaman`.`id_petugas`
LEFT JOIN `detail_peminjaman` ON `detail_peminjaman`.`id_peminjaman` = `peminjaman`.`id_peminjaman`
LEFT JOIN `buku` ON `buku`.`id_buku` = `detail_peminjaman`.`id_buku`
LEFT JOIN `pengembalian` ON `pengembalian`.`id_peminjaman` = `peminjaman`.`id_peminjaman`
GROUP BY `peminjaman`.`id_peminjaman`
ORDER BY `peminjaman`.`id_peminjaman` DESC')
 2 SYSTEMPATH\Database\BaseConnection.php(646): CodeIgniter\Database\BaseConnection->simpleQuery('SELECT `peminjaman`.*, `pengembalian`.`tanggal_kembali` as `tanggal_kembali_real`, `pengembalian`.`denda` as `denda_pengembalian`, `anggota`.`username` as `nama_anggota`, `petugas`.`username` as `nama_petugas`, GROUP_CONCAT(buku.cover) as cover, GROUP_CONCAT(buku.judul SEPARATOR "<br>") as judul_buku
FROM `peminjaman`
LEFT JOIN `users` as `anggota` ON `anggota`.`id` = `peminjaman`.`id_anggota`
LEFT JOIN `users` as `petugas` ON `petugas`.`id` = `peminjaman`.`id_petugas`
LEFT JOIN `detail_peminjaman` ON `detail_peminjaman`.`id_peminjaman` = `peminjaman`.`id_peminjaman`
LEFT JOIN `buku` ON `buku`.`id_buku` = `detail_peminjaman`.`id_buku`
LEFT JOIN `pengembalian` ON `pengembalian`.`id_peminjaman` = `peminjaman`.`id_peminjaman`
GROUP BY `peminjaman`.`id_peminjaman`
ORDER BY `peminjaman`.`id_peminjaman` DESC')
 3 SYSTEMPATH\Database\BaseBuilder.php(1649): CodeIgniter\Database\BaseConnection->query('SELECT `peminjaman`.*, `pengembalian`.`tanggal_kembali` as `tanggal_kembali_real`, `pengembalian`.`denda` as `denda_pengembalian`, `anggota`.`username` as `nama_anggota`, `petugas`.`username` as `nama_petugas`, GROUP_CONCAT(buku.cover) as cover, GROUP_CONCAT(buku.judul SEPARATOR "<br>") as judul_buku
FROM `peminjaman`
LEFT JOIN `users` as `anggota` ON `anggota`.`id` = `peminjaman`.`id_anggota`
LEFT JOIN `users` as `petugas` ON `petugas`.`id` = `peminjaman`.`id_petugas`
LEFT JOIN `detail_peminjaman` ON `detail_peminjaman`.`id_peminjaman` = `peminjaman`.`id_peminjaman`
LEFT JOIN `buku` ON `buku`.`id_buku` = `detail_peminjaman`.`id_buku`
LEFT JOIN `pengembalian` ON `pengembalian`.`id_peminjaman` = `peminjaman`.`id_peminjaman`
GROUP BY `peminjaman`.`id_peminjaman`
ORDER BY `peminjaman`.`id_peminjaman` DESC', [], false)
 4 APPPATH\Controllers\peminjaman.php(71): CodeIgniter\Database\BaseBuilder->get()
 5 SYSTEMPATH\CodeIgniter.php(933): App\Controllers\Peminjaman->index()
 6 SYSTEMPATH\CodeIgniter.php(507): CodeIgniter\CodeIgniter->runController(Object(App\Controllers\Peminjaman))
 7 SYSTEMPATH\CodeIgniter.php(354): CodeIgniter\CodeIgniter->handleRequest(null, Object(Config\Cache), false)
 8 SYSTEMPATH\Boot.php(363): CodeIgniter\CodeIgniter->run()
 9 SYSTEMPATH\Boot.php(68): CodeIgniter\Boot::runCodeIgniter(Object(CodeIgniter\CodeIgniter))
10 FCPATH\index.php(59): CodeIgniter\Boot::bootWeb(Object(Config\Paths))
CRITICAL - 2026-04-28 11:17:57 --> [Caused by] mysqli_sql_exception: Unknown column 'pengembalian.tanggal_kembali' in 'field list'
in SYSTEMPATH\Database\MySQLi\Connection.php on line 327.
 1 SYSTEMPATH\Database\MySQLi\Connection.php(327): mysqli->query('SELECT `peminjaman`.*, `pengembalian`.`tanggal_kembali` as `tanggal_kembali_real`, `pengembalian`.`denda` as `denda_pengembalian`, `anggota`.`username` as `nama_anggota`, `petugas`.`username` as `nama_petugas`, GROUP_CONCAT(buku.cover) as cover, GROUP_CONCAT(buku.judul SEPARATOR "<br>") as judul_buku
FROM `peminjaman`
LEFT JOIN `users` as `anggota` ON `anggota`.`id` = `peminjaman`.`id_anggota`
LEFT JOIN `users` as `petugas` ON `petugas`.`id` = `peminjaman`.`id_petugas`
LEFT JOIN `detail_peminjaman` ON `detail_peminjaman`.`id_peminjaman` = `peminjaman`.`id_peminjaman`
LEFT JOIN `buku` ON `buku`.`id_buku` = `detail_peminjaman`.`id_buku`
LEFT JOIN `pengembalian` ON `pengembalian`.`id_peminjaman` = `peminjaman`.`id_peminjaman`
GROUP BY `peminjaman`.`id_peminjaman`
ORDER BY `peminjaman`.`id_peminjaman` DESC', 0)
 2 SYSTEMPATH\Database\BaseConnection.php(729): CodeIgniter\Database\MySQLi\Connection->execute('SELECT `peminjaman`.*, `pengembalian`.`tanggal_kembali` as `tanggal_kembali_real`, `pengembalian`.`denda` as `denda_pengembalian`, `anggota`.`username` as `nama_anggota`, `petugas`.`username` as `nama_petugas`, GROUP_CONCAT(buku.cover) as cover, GROUP_CONCAT(buku.judul SEPARATOR "<br>") as judul_buku
FROM `peminjaman`
LEFT JOIN `users` as `anggota` ON `anggota`.`id` = `peminjaman`.`id_anggota`
LEFT JOIN `users` as `petugas` ON `petugas`.`id` = `peminjaman`.`id_petugas`
LEFT JOIN `detail_peminjaman` ON `detail_peminjaman`.`id_peminjaman` = `peminjaman`.`id_peminjaman`
LEFT JOIN `buku` ON `buku`.`id_buku` = `detail_peminjaman`.`id_buku`
LEFT JOIN `pengembalian` ON `pengembalian`.`id_peminjaman` = `peminjaman`.`id_peminjaman`
GROUP BY `peminjaman`.`id_peminjaman`
ORDER BY `peminjaman`.`id_peminjaman` DESC')
 3 SYSTEMPATH\Database\BaseConnection.php(646): CodeIgniter\Database\BaseConnection->simpleQuery('SELECT `peminjaman`.*, `pengembalian`.`tanggal_kembali` as `tanggal_kembali_real`, `pengembalian`.`denda` as `denda_pengembalian`, `anggota`.`username` as `nama_anggota`, `petugas`.`username` as `nama_petugas`, GROUP_CONCAT(buku.cover) as cover, GROUP_CONCAT(buku.judul SEPARATOR "<br>") as judul_buku
FROM `peminjaman`
LEFT JOIN `users` as `anggota` ON `anggota`.`id` = `peminjaman`.`id_anggota`
LEFT JOIN `users` as `petugas` ON `petugas`.`id` = `peminjaman`.`id_petugas`
LEFT JOIN `detail_peminjaman` ON `detail_peminjaman`.`id_peminjaman` = `peminjaman`.`id_peminjaman`
LEFT JOIN `buku` ON `buku`.`id_buku` = `detail_peminjaman`.`id_buku`
LEFT JOIN `pengembalian` ON `pengembalian`.`id_peminjaman` = `peminjaman`.`id_peminjaman`
GROUP BY `peminjaman`.`id_peminjaman`
ORDER BY `peminjaman`.`id_peminjaman` DESC')
 4 SYSTEMPATH\Database\BaseBuilder.php(1649): CodeIgniter\Database\BaseConnection->query('SELECT `peminjaman`.*, `pengembalian`.`tanggal_kembali` as `tanggal_kembali_real`, `pengembalian`.`denda` as `denda_pengembalian`, `anggota`.`username` as `nama_anggota`, `petugas`.`username` as `nama_petugas`, GROUP_CONCAT(buku.cover) as cover, GROUP_CONCAT(buku.judul SEPARATOR "<br>") as judul_buku
FROM `peminjaman`
LEFT JOIN `users` as `anggota` ON `anggota`.`id` = `peminjaman`.`id_anggota`
LEFT JOIN `users` as `petugas` ON `petugas`.`id` = `peminjaman`.`id_petugas`
LEFT JOIN `detail_peminjaman` ON `detail_peminjaman`.`id_peminjaman` = `peminjaman`.`id_peminjaman`
LEFT JOIN `buku` ON `buku`.`id_buku` = `detail_peminjaman`.`id_buku`
LEFT JOIN `pengembalian` ON `pengembalian`.`id_peminjaman` = `peminjaman`.`id_peminjaman`
GROUP BY `peminjaman`.`id_peminjaman`
ORDER BY `peminjaman`.`id_peminjaman` DESC', [], false)
 5 APPPATH\Controllers\peminjaman.php(71): CodeIgniter\Database\BaseBuilder->get()
 6 SYSTEMPATH\CodeIgniter.php(933): App\Controllers\Peminjaman->index()
 7 SYSTEMPATH\CodeIgniter.php(507): CodeIgniter\CodeIgniter->runController(Object(App\Controllers\Peminjaman))
 8 SYSTEMPATH\CodeIgniter.php(354): CodeIgniter\CodeIgniter->handleRequest(null, Object(Config\Cache), false)
 9 SYSTEMPATH\Boot.php(363): CodeIgniter\CodeIgniter->run()
10 SYSTEMPATH\Boot.php(68): CodeIgniter\Boot::runCodeIgniter(Object(CodeIgniter\CodeIgniter))
11 FCPATH\index.php(59): CodeIgniter\Boot::bootWeb(Object(Config\Paths))
ERROR - 2026-04-28 11:19:24 --> mysqli_sql_exception: Unknown column 'pengembalian.tanggal_kembali' in 'field list' in C:\xampp\htdocs\perpuska\system\Database\MySQLi\Connection.php:327
Stack trace:
#0 C:\xampp\htdocs\perpuska\system\Database\MySQLi\Connection.php(327): mysqli->query('SELECT `peminja...', 0)
#1 C:\xampp\htdocs\perpuska\system\Database\BaseConnection.php(729): CodeIgniter\Database\MySQLi\Connection->execute('SELECT `peminja...')
#2 C:\xampp\htdocs\perpuska\system\Database\BaseConnection.php(646): CodeIgniter\Database\BaseConnection->simpleQuery('SELECT `peminja...')
#3 C:\xampp\htdocs\perpuska\system\Database\BaseBuilder.php(1649): CodeIgniter\Database\BaseConnection->query('SELECT `peminja...', Array, false)
#4 C:\xampp\htdocs\perpuska\app\Controllers\peminjaman.php(71): CodeIgniter\Database\BaseBuilder->get()
#5 C:\xampp\htdocs\perpuska\system\CodeIgniter.php(933): App\Controllers\Peminjaman->index()
#6 C:\xampp\htdocs\perpuska\system\CodeIgniter.php(507): CodeIgniter\CodeIgniter->runController(Object(App\Controllers\Peminjaman))
#7 C:\xampp\htdocs\perpuska\system\CodeIgniter.php(354): CodeIgniter\CodeIgniter->handleRequest(NULL, Object(Config\Cache), false)
#8 C:\xampp\htdocs\perpuska\system\Boot.php(363): CodeIgniter\CodeIgniter->run()
#9 C:\xampp\htdocs\perpuska\system\Boot.php(68): CodeIgniter\Boot::runCodeIgniter(Object(CodeIgniter\CodeIgniter))
#10 C:\xampp\htdocs\perpuska\index.php(59): CodeIgniter\Boot::bootWeb(Object(Config\Paths))
#11 {main}
CRITICAL - 2026-04-28 11:19:24 --> CodeIgniter\Database\Exceptions\DatabaseException: Unknown column 'pengembalian.tanggal_kembali' in 'field list'
[Method: GET, Route: anggota/peminjaman]
in SYSTEMPATH\Database\BaseConnection.php on line 684.
 1 SYSTEMPATH\Database\BaseBuilder.php(1649): CodeIgniter\Database\BaseConnection->query('SELECT `peminjaman`.*, `pengembalian`.`tanggal_kembali` as `tanggal_kembali_real`, `pengembalian`.`denda` as `denda_pengembalian`, `anggota`.`username` as `nama_anggota`, `petugas`.`username` as `nama_petugas`, GROUP_CONCAT(buku.cover) as cover, GROUP_CONCAT(buku.judul SEPARATOR "<br>") as judul_buku
FROM `peminjaman`
LEFT JOIN `users` as `anggota` ON `anggota`.`id` = `peminjaman`.`id_anggota`
LEFT JOIN `users` as `petugas` ON `petugas`.`id` = `peminjaman`.`id_petugas`
LEFT JOIN `detail_peminjaman` ON `detail_peminjaman`.`id_peminjaman` = `peminjaman`.`id_peminjaman`
LEFT JOIN `buku` ON `buku`.`id_buku` = `detail_peminjaman`.`id_buku`
LEFT JOIN `pengembalian` ON `pengembalian`.`id_peminjaman` = `peminjaman`.`id_peminjaman`
GROUP BY `peminjaman`.`id_peminjaman`
ORDER BY `peminjaman`.`id_peminjaman` DESC', [], false)
 2 APPPATH\Controllers\peminjaman.php(71): CodeIgniter\Database\BaseBuilder->get()
 3 SYSTEMPATH\CodeIgniter.php(933): App\Controllers\Peminjaman->index()
 4 SYSTEMPATH\CodeIgniter.php(507): CodeIgniter\CodeIgniter->runController(Object(App\Controllers\Peminjaman))
 5 SYSTEMPATH\CodeIgniter.php(354): CodeIgniter\CodeIgniter->handleRequest(null, Object(Config\Cache), false)
 6 SYSTEMPATH\Boot.php(363): CodeIgniter\CodeIgniter->run()
 7 SYSTEMPATH\Boot.php(68): CodeIgniter\Boot::runCodeIgniter(Object(CodeIgniter\CodeIgniter))
 8 FCPATH\index.php(59): CodeIgniter\Boot::bootWeb(Object(Config\Paths))
CRITICAL - 2026-04-28 11:19:24 --> [Caused by] CodeIgniter\Database\Exceptions\DatabaseException: Unknown column 'pengembalian.tanggal_kembali' in 'field list'
in SYSTEMPATH\Database\MySQLi\Connection.php on line 332.
 1 SYSTEMPATH\Database\BaseConnection.php(729): CodeIgniter\Database\MySQLi\Connection->execute('SELECT `peminjaman`.*, `pengembalian`.`tanggal_kembali` as `tanggal_kembali_real`, `pengembalian`.`denda` as `denda_pengembalian`, `anggota`.`username` as `nama_anggota`, `petugas`.`username` as `nama_petugas`, GROUP_CONCAT(buku.cover) as cover, GROUP_CONCAT(buku.judul SEPARATOR "<br>") as judul_buku
FROM `peminjaman`
LEFT JOIN `users` as `anggota` ON `anggota`.`id` = `peminjaman`.`id_anggota`
LEFT JOIN `users` as `petugas` ON `petugas`.`id` = `peminjaman`.`id_petugas`
LEFT JOIN `detail_peminjaman` ON `detail_peminjaman`.`id_peminjaman` = `peminjaman`.`id_peminjaman`
LEFT JOIN `buku` ON `buku`.`id_buku` = `detail_peminjaman`.`id_buku`
LEFT JOIN `pengembalian` ON `pengembalian`.`id_peminjaman` = `peminjaman`.`id_peminjaman`
GROUP BY `peminjaman`.`id_peminjaman`
ORDER BY `peminjaman`.`id_peminjaman` DESC')
 2 SYSTEMPATH\Database\BaseConnection.php(646): CodeIgniter\Database\BaseConnection->simpleQuery('SELECT `peminjaman`.*, `pengembalian`.`tanggal_kembali` as `tanggal_kembali_real`, `pengembalian`.`denda` as `denda_pengembalian`, `anggota`.`username` as `nama_anggota`, `petugas`.`username` as `nama_petugas`, GROUP_CONCAT(buku.cover) as cover, GROUP_CONCAT(buku.judul SEPARATOR "<br>") as judul_buku
FROM `peminjaman`
LEFT JOIN `users` as `anggota` ON `anggota`.`id` = `peminjaman`.`id_anggota`
LEFT JOIN `users` as `petugas` ON `petugas`.`id` = `peminjaman`.`id_petugas`
LEFT JOIN `detail_peminjaman` ON `detail_peminjaman`.`id_peminjaman` = `peminjaman`.`id_peminjaman`
LEFT JOIN `buku` ON `buku`.`id_buku` = `detail_peminjaman`.`id_buku`
LEFT JOIN `pengembalian` ON `pengembalian`.`id_peminjaman` = `peminjaman`.`id_peminjaman`
GROUP BY `peminjaman`.`id_peminjaman`
ORDER BY `peminjaman`.`id_peminjaman` DESC')
 3 SYSTEMPATH\Database\BaseBuilder.php(1649): CodeIgniter\Database\BaseConnection->query('SELECT `peminjaman`.*, `pengembalian`.`tanggal_kembali` as `tanggal_kembali_real`, `pengembalian`.`denda` as `denda_pengembalian`, `anggota`.`username` as `nama_anggota`, `petugas`.`username` as `nama_petugas`, GROUP_CONCAT(buku.cover) as cover, GROUP_CONCAT(buku.judul SEPARATOR "<br>") as judul_buku
FROM `peminjaman`
LEFT JOIN `users` as `anggota` ON `anggota`.`id` = `peminjaman`.`id_anggota`
LEFT JOIN `users` as `petugas` ON `petugas`.`id` = `peminjaman`.`id_petugas`
LEFT JOIN `detail_peminjaman` ON `detail_peminjaman`.`id_peminjaman` = `peminjaman`.`id_peminjaman`
LEFT JOIN `buku` ON `buku`.`id_buku` = `detail_peminjaman`.`id_buku`
LEFT JOIN `pengembalian` ON `pengembalian`.`id_peminjaman` = `peminjaman`.`id_peminjaman`
GROUP BY `peminjaman`.`id_peminjaman`
ORDER BY `peminjaman`.`id_peminjaman` DESC', [], false)
 4 APPPATH\Controllers\peminjaman.php(71): CodeIgniter\Database\BaseBuilder->get()
 5 SYSTEMPATH\CodeIgniter.php(933): App\Controllers\Peminjaman->index()
 6 SYSTEMPATH\CodeIgniter.php(507): CodeIgniter\CodeIgniter->runController(Object(App\Controllers\Peminjaman))
 7 SYSTEMPATH\CodeIgniter.php(354): CodeIgniter\CodeIgniter->handleRequest(null, Object(Config\Cache), false)
 8 SYSTEMPATH\Boot.php(363): CodeIgniter\CodeIgniter->run()
 9 SYSTEMPATH\Boot.php(68): CodeIgniter\Boot::runCodeIgniter(Object(CodeIgniter\CodeIgniter))
10 FCPATH\index.php(59): CodeIgniter\Boot::bootWeb(Object(Config\Paths))
CRITICAL - 2026-04-28 11:19:24 --> [Caused by] mysqli_sql_exception: Unknown column 'pengembalian.tanggal_kembali' in 'field list'
in SYSTEMPATH\Database\MySQLi\Connection.php on line 327.
 1 SYSTEMPATH\Database\MySQLi\Connection.php(327): mysqli->query('SELECT `peminjaman`.*, `pengembalian`.`tanggal_kembali` as `tanggal_kembali_real`, `pengembalian`.`denda` as `denda_pengembalian`, `anggota`.`username` as `nama_anggota`, `petugas`.`username` as `nama_petugas`, GROUP_CONCAT(buku.cover) as cover, GROUP_CONCAT(buku.judul SEPARATOR "<br>") as judul_buku
FROM `peminjaman`
LEFT JOIN `users` as `anggota` ON `anggota`.`id` = `peminjaman`.`id_anggota`
LEFT JOIN `users` as `petugas` ON `petugas`.`id` = `peminjaman`.`id_petugas`
LEFT JOIN `detail_peminjaman` ON `detail_peminjaman`.`id_peminjaman` = `peminjaman`.`id_peminjaman`
LEFT JOIN `buku` ON `buku`.`id_buku` = `detail_peminjaman`.`id_buku`
LEFT JOIN `pengembalian` ON `pengembalian`.`id_peminjaman` = `peminjaman`.`id_peminjaman`
GROUP BY `peminjaman`.`id_peminjaman`
ORDER BY `peminjaman`.`id_peminjaman` DESC', 0)
 2 SYSTEMPATH\Database\BaseConnection.php(729): CodeIgniter\Database\MySQLi\Connection->execute('SELECT `peminjaman`.*, `pengembalian`.`tanggal_kembali` as `tanggal_kembali_real`, `pengembalian`.`denda` as `denda_pengembalian`, `anggota`.`username` as `nama_anggota`, `petugas`.`username` as `nama_petugas`, GROUP_CONCAT(buku.cover) as cover, GROUP_CONCAT(buku.judul SEPARATOR "<br>") as judul_buku
FROM `peminjaman`
LEFT JOIN `users` as `anggota` ON `anggota`.`id` = `peminjaman`.`id_anggota`
LEFT JOIN `users` as `petugas` ON `petugas`.`id` = `peminjaman`.`id_petugas`
LEFT JOIN `detail_peminjaman` ON `detail_peminjaman`.`id_peminjaman` = `peminjaman`.`id_peminjaman`
LEFT JOIN `buku` ON `buku`.`id_buku` = `detail_peminjaman`.`id_buku`
LEFT JOIN `pengembalian` ON `pengembalian`.`id_peminjaman` = `peminjaman`.`id_peminjaman`
GROUP BY `peminjaman`.`id_peminjaman`
ORDER BY `peminjaman`.`id_peminjaman` DESC')
 3 SYSTEMPATH\Database\BaseConnection.php(646): CodeIgniter\Database\BaseConnection->simpleQuery('SELECT `peminjaman`.*, `pengembalian`.`tanggal_kembali` as `tanggal_kembali_real`, `pengembalian`.`denda` as `denda_pengembalian`, `anggota`.`username` as `nama_anggota`, `petugas`.`username` as `nama_petugas`, GROUP_CONCAT(buku.cover) as cover, GROUP_CONCAT(buku.judul SEPARATOR "<br>") as judul_buku
FROM `peminjaman`
LEFT JOIN `users` as `anggota` ON `anggota`.`id` = `peminjaman`.`id_anggota`
LEFT JOIN `users` as `petugas` ON `petugas`.`id` = `peminjaman`.`id_petugas`
LEFT JOIN `detail_peminjaman` ON `detail_peminjaman`.`id_peminjaman` = `peminjaman`.`id_peminjaman`
LEFT JOIN `buku` ON `buku`.`id_buku` = `detail_peminjaman`.`id_buku`
LEFT JOIN `pengembalian` ON `pengembalian`.`id_peminjaman` = `peminjaman`.`id_peminjaman`
GROUP BY `peminjaman`.`id_peminjaman`
ORDER BY `peminjaman`.`id_peminjaman` DESC')
 4 SYSTEMPATH\Database\BaseBuilder.php(1649): CodeIgniter\Database\BaseConnection->query('SELECT `peminjaman`.*, `pengembalian`.`tanggal_kembali` as `tanggal_kembali_real`, `pengembalian`.`denda` as `denda_pengembalian`, `anggota`.`username` as `nama_anggota`, `petugas`.`username` as `nama_petugas`, GROUP_CONCAT(buku.cover) as cover, GROUP_CONCAT(buku.judul SEPARATOR "<br>") as judul_buku
FROM `peminjaman`
LEFT JOIN `users` as `anggota` ON `anggota`.`id` = `peminjaman`.`id_anggota`
LEFT JOIN `users` as `petugas` ON `petugas`.`id` = `peminjaman`.`id_petugas`
LEFT JOIN `detail_peminjaman` ON `detail_peminjaman`.`id_peminjaman` = `peminjaman`.`id_peminjaman`
LEFT JOIN `buku` ON `buku`.`id_buku` = `detail_peminjaman`.`id_buku`
LEFT JOIN `pengembalian` ON `pengembalian`.`id_peminjaman` = `peminjaman`.`id_peminjaman`
GROUP BY `peminjaman`.`id_peminjaman`
ORDER BY `peminjaman`.`id_peminjaman` DESC', [], false)
 5 APPPATH\Controllers\peminjaman.php(71): CodeIgniter\Database\BaseBuilder->get()
 6 SYSTEMPATH\CodeIgniter.php(933): App\Controllers\Peminjaman->index()
 7 SYSTEMPATH\CodeIgniter.php(507): CodeIgniter\CodeIgniter->runController(Object(App\Controllers\Peminjaman))
 8 SYSTEMPATH\CodeIgniter.php(354): CodeIgniter\CodeIgniter->handleRequest(null, Object(Config\Cache), false)
 9 SYSTEMPATH\Boot.php(363): CodeIgniter\CodeIgniter->run()
10 SYSTEMPATH\Boot.php(68): CodeIgniter\Boot::runCodeIgniter(Object(CodeIgniter\CodeIgniter))
11 FCPATH\index.php(59): CodeIgniter\Boot::bootWeb(Object(Config\Paths))
ERROR - 2026-04-28 11:19:54 --> mysqli_sql_exception: Unknown column 'pengembalian.tanggal_kembali' in 'field list' in C:\xampp\htdocs\perpuska\system\Database\MySQLi\Connection.php:327
Stack trace:
#0 C:\xampp\htdocs\perpuska\system\Database\MySQLi\Connection.php(327): mysqli->query('SELECT `peminja...', 0)
#1 C:\xampp\htdocs\perpuska\system\Database\BaseConnection.php(729): CodeIgniter\Database\MySQLi\Connection->execute('SELECT `peminja...')
#2 C:\xampp\htdocs\perpuska\system\Database\BaseConnection.php(646): CodeIgniter\Database\BaseConnection->simpleQuery('SELECT `peminja...')
#3 C:\xampp\htdocs\perpuska\system\Database\BaseBuilder.php(1649): CodeIgniter\Database\BaseConnection->query('SELECT `peminja...', Array, false)
#4 C:\xampp\htdocs\perpuska\app\Controllers\peminjaman.php(71): CodeIgniter\Database\BaseBuilder->get()
#5 C:\xampp\htdocs\perpuska\system\CodeIgniter.php(933): App\Controllers\Peminjaman->index()
#6 C:\xampp\htdocs\perpuska\system\CodeIgniter.php(507): CodeIgniter\CodeIgniter->runController(Object(App\Controllers\Peminjaman))
#7 C:\xampp\htdocs\perpuska\system\CodeIgniter.php(354): CodeIgniter\CodeIgniter->handleRequest(NULL, Object(Config\Cache), false)
#8 C:\xampp\htdocs\perpuska\system\Boot.php(363): CodeIgniter\CodeIgniter->run()
#9 C:\xampp\htdocs\perpuska\system\Boot.php(68): CodeIgniter\Boot::runCodeIgniter(Object(CodeIgniter\CodeIgniter))
#10 C:\xampp\htdocs\perpuska\index.php(59): CodeIgniter\Boot::bootWeb(Object(Config\Paths))
#11 {main}
CRITICAL - 2026-04-28 11:19:54 --> CodeIgniter\Database\Exceptions\DatabaseException: Unknown column 'pengembalian.tanggal_kembali' in 'field list'
[Method: GET, Route: anggota/peminjaman]
in SYSTEMPATH\Database\BaseConnection.php on line 684.
 1 SYSTEMPATH\Database\BaseBuilder.php(1649): CodeIgniter\Database\BaseConnection->query('SELECT `peminjaman`.*, `pengembalian`.`tanggal_kembali` as `tanggal_kembali_real`, `pengembalian`.`denda` as `denda_pengembalian`, `anggota`.`username` as `nama_anggota`, `petugas`.`username` as `nama_petugas`, GROUP_CONCAT(buku.cover) as cover, GROUP_CONCAT(buku.judul SEPARATOR "<br>") as judul_buku
FROM `peminjaman`
LEFT JOIN `users` as `anggota` ON `anggota`.`id` = `peminjaman`.`id_anggota`
LEFT JOIN `users` as `petugas` ON `petugas`.`id` = `peminjaman`.`id_petugas`
LEFT JOIN `detail_peminjaman` ON `detail_peminjaman`.`id_peminjaman` = `peminjaman`.`id_peminjaman`
LEFT JOIN `buku` ON `buku`.`id_buku` = `detail_peminjaman`.`id_buku`
LEFT JOIN `pengembalian` ON `pengembalian`.`id_peminjaman` = `peminjaman`.`id_peminjaman`
GROUP BY `peminjaman`.`id_peminjaman`
ORDER BY `peminjaman`.`id_peminjaman` DESC', [], false)
 2 APPPATH\Controllers\peminjaman.php(71): CodeIgniter\Database\BaseBuilder->get()
 3 SYSTEMPATH\CodeIgniter.php(933): App\Controllers\Peminjaman->index()
 4 SYSTEMPATH\CodeIgniter.php(507): CodeIgniter\CodeIgniter->runController(Object(App\Controllers\Peminjaman))
 5 SYSTEMPATH\CodeIgniter.php(354): CodeIgniter\CodeIgniter->handleRequest(null, Object(Config\Cache), false)
 6 SYSTEMPATH\Boot.php(363): CodeIgniter\CodeIgniter->run()
 7 SYSTEMPATH\Boot.php(68): CodeIgniter\Boot::runCodeIgniter(Object(CodeIgniter\CodeIgniter))
 8 FCPATH\index.php(59): CodeIgniter\Boot::bootWeb(Object(Config\Paths))
CRITICAL - 2026-04-28 11:19:54 --> [Caused by] CodeIgniter\Database\Exceptions\DatabaseException: Unknown column 'pengembalian.tanggal_kembali' in 'field list'
in SYSTEMPATH\Database\MySQLi\Connection.php on line 332.
 1 SYSTEMPATH\Database\BaseConnection.php(729): CodeIgniter\Database\MySQLi\Connection->execute('SELECT `peminjaman`.*, `pengembalian`.`tanggal_kembali` as `tanggal_kembali_real`, `pengembalian`.`denda` as `denda_pengembalian`, `anggota`.`username` as `nama_anggota`, `petugas`.`username` as `nama_petugas`, GROUP_CONCAT(buku.cover) as cover, GROUP_CONCAT(buku.judul SEPARATOR "<br>") as judul_buku
FROM `peminjaman`
LEFT JOIN `users` as `anggota` ON `anggota`.`id` = `peminjaman`.`id_anggota`
LEFT JOIN `users` as `petugas` ON `petugas`.`id` = `peminjaman`.`id_petugas`
LEFT JOIN `detail_peminjaman` ON `detail_peminjaman`.`id_peminjaman` = `peminjaman`.`id_peminjaman`
LEFT JOIN `buku` ON `buku`.`id_buku` = `detail_peminjaman`.`id_buku`
LEFT JOIN `pengembalian` ON `pengembalian`.`id_peminjaman` = `peminjaman`.`id_peminjaman`
GROUP BY `peminjaman`.`id_peminjaman`
ORDER BY `peminjaman`.`id_peminjaman` DESC')
 2 SYSTEMPATH\Database\BaseConnection.php(646): CodeIgniter\Database\BaseConnection->simpleQuery('SELECT `peminjaman`.*, `pengembalian`.`tanggal_kembali` as `tanggal_kembali_real`, `pengembalian`.`denda` as `denda_pengembalian`, `anggota`.`username` as `nama_anggota`, `petugas`.`username` as `nama_petugas`, GROUP_CONCAT(buku.cover) as cover, GROUP_CONCAT(buku.judul SEPARATOR "<br>") as judul_buku
FROM `peminjaman`
LEFT JOIN `users` as `anggota` ON `anggota`.`id` = `peminjaman`.`id_anggota`
LEFT JOIN `users` as `petugas` ON `petugas`.`id` = `peminjaman`.`id_petugas`
LEFT JOIN `detail_peminjaman` ON `detail_peminjaman`.`id_peminjaman` = `peminjaman`.`id_peminjaman`
LEFT JOIN `buku` ON `buku`.`id_buku` = `detail_peminjaman`.`id_buku`
LEFT JOIN `pengembalian` ON `pengembalian`.`id_peminjaman` = `peminjaman`.`id_peminjaman`
GROUP BY `peminjaman`.`id_peminjaman`
ORDER BY `peminjaman`.`id_peminjaman` DESC')
 3 SYSTEMPATH\Database\BaseBuilder.php(1649): CodeIgniter\Database\BaseConnection->query('SELECT `peminjaman`.*, `pengembalian`.`tanggal_kembali` as `tanggal_kembali_real`, `pengembalian`.`denda` as `denda_pengembalian`, `anggota`.`username` as `nama_anggota`, `petugas`.`username` as `nama_petugas`, GROUP_CONCAT(buku.cover) as cover, GROUP_CONCAT(buku.judul SEPARATOR "<br>") as judul_buku
FROM `peminjaman`
LEFT JOIN `users` as `anggota` ON `anggota`.`id` = `peminjaman`.`id_anggota`
LEFT JOIN `users` as `petugas` ON `petugas`.`id` = `peminjaman`.`id_petugas`
LEFT JOIN `detail_peminjaman` ON `detail_peminjaman`.`id_peminjaman` = `peminjaman`.`id_peminjaman`
LEFT JOIN `buku` ON `buku`.`id_buku` = `detail_peminjaman`.`id_buku`
LEFT JOIN `pengembalian` ON `pengembalian`.`id_peminjaman` = `peminjaman`.`id_peminjaman`
GROUP BY `peminjaman`.`id_peminjaman`
ORDER BY `peminjaman`.`id_peminjaman` DESC', [], false)
 4 APPPATH\Controllers\peminjaman.php(71): CodeIgniter\Database\BaseBuilder->get()
 5 SYSTEMPATH\CodeIgniter.php(933): App\Controllers\Peminjaman->index()
 6 SYSTEMPATH\CodeIgniter.php(507): CodeIgniter\CodeIgniter->runController(Object(App\Controllers\Peminjaman))
 7 SYSTEMPATH\CodeIgniter.php(354): CodeIgniter\CodeIgniter->handleRequest(null, Object(Config\Cache), false)
 8 SYSTEMPATH\Boot.php(363): CodeIgniter\CodeIgniter->run()
 9 SYSTEMPATH\Boot.php(68): CodeIgniter\Boot::runCodeIgniter(Object(CodeIgniter\CodeIgniter))
10 FCPATH\index.php(59): CodeIgniter\Boot::bootWeb(Object(Config\Paths))
CRITICAL - 2026-04-28 11:19:54 --> [Caused by] mysqli_sql_exception: Unknown column 'pengembalian.tanggal_kembali' in 'field list'
in SYSTEMPATH\Database\MySQLi\Connection.php on line 327.
 1 SYSTEMPATH\Database\MySQLi\Connection.php(327): mysqli->query('SELECT `peminjaman`.*, `pengembalian`.`tanggal_kembali` as `tanggal_kembali_real`, `pengembalian`.`denda` as `denda_pengembalian`, `anggota`.`username` as `nama_anggota`, `petugas`.`username` as `nama_petugas`, GROUP_CONCAT(buku.cover) as cover, GROUP_CONCAT(buku.judul SEPARATOR "<br>") as judul_buku
FROM `peminjaman`
LEFT JOIN `users` as `anggota` ON `anggota`.`id` = `peminjaman`.`id_anggota`
LEFT JOIN `users` as `petugas` ON `petugas`.`id` = `peminjaman`.`id_petugas`
LEFT JOIN `detail_peminjaman` ON `detail_peminjaman`.`id_peminjaman` = `peminjaman`.`id_peminjaman`
LEFT JOIN `buku` ON `buku`.`id_buku` = `detail_peminjaman`.`id_buku`
LEFT JOIN `pengembalian` ON `pengembalian`.`id_peminjaman` = `peminjaman`.`id_peminjaman`
GROUP BY `peminjaman`.`id_peminjaman`
ORDER BY `peminjaman`.`id_peminjaman` DESC', 0)
 2 SYSTEMPATH\Database\BaseConnection.php(729): CodeIgniter\Database\MySQLi\Connection->execute('SELECT `peminjaman`.*, `pengembalian`.`tanggal_kembali` as `tanggal_kembali_real`, `pengembalian`.`denda` as `denda_pengembalian`, `anggota`.`username` as `nama_anggota`, `petugas`.`username` as `nama_petugas`, GROUP_CONCAT(buku.cover) as cover, GROUP_CONCAT(buku.judul SEPARATOR "<br>") as judul_buku
FROM `peminjaman`
LEFT JOIN `users` as `anggota` ON `anggota`.`id` = `peminjaman`.`id_anggota`
LEFT JOIN `users` as `petugas` ON `petugas`.`id` = `peminjaman`.`id_petugas`
LEFT JOIN `detail_peminjaman` ON `detail_peminjaman`.`id_peminjaman` = `peminjaman`.`id_peminjaman`
LEFT JOIN `buku` ON `buku`.`id_buku` = `detail_peminjaman`.`id_buku`
LEFT JOIN `pengembalian` ON `pengembalian`.`id_peminjaman` = `peminjaman`.`id_peminjaman`
GROUP BY `peminjaman`.`id_peminjaman`
ORDER BY `peminjaman`.`id_peminjaman` DESC')
 3 SYSTEMPATH\Database\BaseConnection.php(646): CodeIgniter\Database\BaseConnection->simpleQuery('SELECT `peminjaman`.*, `pengembalian`.`tanggal_kembali` as `tanggal_kembali_real`, `pengembalian`.`denda` as `denda_pengembalian`, `anggota`.`username` as `nama_anggota`, `petugas`.`username` as `nama_petugas`, GROUP_CONCAT(buku.cover) as cover, GROUP_CONCAT(buku.judul SEPARATOR "<br>") as judul_buku
FROM `peminjaman`
LEFT JOIN `users` as `anggota` ON `anggota`.`id` = `peminjaman`.`id_anggota`
LEFT JOIN `users` as `petugas` ON `petugas`.`id` = `peminjaman`.`id_petugas`
LEFT JOIN `detail_peminjaman` ON `detail_peminjaman`.`id_peminjaman` = `peminjaman`.`id_peminjaman`
LEFT JOIN `buku` ON `buku`.`id_buku` = `detail_peminjaman`.`id_buku`
LEFT JOIN `pengembalian` ON `pengembalian`.`id_peminjaman` = `peminjaman`.`id_peminjaman`
GROUP BY `peminjaman`.`id_peminjaman`
ORDER BY `peminjaman`.`id_peminjaman` DESC')
 4 SYSTEMPATH\Database\BaseBuilder.php(1649): CodeIgniter\Database\BaseConnection->query('SELECT `peminjaman`.*, `pengembalian`.`tanggal_kembali` as `tanggal_kembali_real`, `pengembalian`.`denda` as `denda_pengembalian`, `anggota`.`username` as `nama_anggota`, `petugas`.`username` as `nama_petugas`, GROUP_CONCAT(buku.cover) as cover, GROUP_CONCAT(buku.judul SEPARATOR "<br>") as judul_buku
FROM `peminjaman`
LEFT JOIN `users` as `anggota` ON `anggota`.`id` = `peminjaman`.`id_anggota`
LEFT JOIN `users` as `petugas` ON `petugas`.`id` = `peminjaman`.`id_petugas`
LEFT JOIN `detail_peminjaman` ON `detail_peminjaman`.`id_peminjaman` = `peminjaman`.`id_peminjaman`
LEFT JOIN `buku` ON `buku`.`id_buku` = `detail_peminjaman`.`id_buku`
LEFT JOIN `pengembalian` ON `pengembalian`.`id_peminjaman` = `peminjaman`.`id_peminjaman`
GROUP BY `peminjaman`.`id_peminjaman`
ORDER BY `peminjaman`.`id_peminjaman` DESC', [], false)
 5 APPPATH\Controllers\peminjaman.php(71): CodeIgniter\Database\BaseBuilder->get()
 6 SYSTEMPATH\CodeIgniter.php(933): App\Controllers\Peminjaman->index()
 7 SYSTEMPATH\CodeIgniter.php(507): CodeIgniter\CodeIgniter->runController(Object(App\Controllers\Peminjaman))
 8 SYSTEMPATH\CodeIgniter.php(354): CodeIgniter\CodeIgniter->handleRequest(null, Object(Config\Cache), false)
 9 SYSTEMPATH\Boot.php(363): CodeIgniter\CodeIgniter->run()
10 SYSTEMPATH\Boot.php(68): CodeIgniter\Boot::runCodeIgniter(Object(CodeIgniter\CodeIgniter))
11 FCPATH\index.php(59): CodeIgniter\Boot::bootWeb(Object(Config\Paths))
DEBUG - 2026-04-28 11:20:51 --> Session: Class initialized using 'CodeIgniter\Session\Handlers\FileHandler' driver.
DEBUG - 2026-04-28 11:20:54 --> Session: Class initialized using 'CodeIgniter\Session\Handlers\FileHandler' driver.
DEBUG - 2026-04-28 11:21:03 --> Session: Class initialized using 'CodeIgniter\Session\Handlers\FileHandler' driver.
DEBUG - 2026-04-28 11:21:25 --> Session: Class initialized using 'CodeIgniter\Session\Handlers\FileHandler' driver.
ERROR - 2026-04-28 11:22:29 --> mysqli_sql_exception: Unknown column 'pengembalian.tanggal_kembali' in 'field list' in C:\xampp\htdocs\perpuska\system\Database\MySQLi\Connection.php:327
Stack trace:
#0 C:\xampp\htdocs\perpuska\system\Database\MySQLi\Connection.php(327): mysqli->query('SELECT `peminja...', 0)
#1 C:\xampp\htdocs\perpuska\system\Database\BaseConnection.php(729): CodeIgniter\Database\MySQLi\Connection->execute('SELECT `peminja...')
#2 C:\xampp\htdocs\perpuska\system\Database\BaseConnection.php(646): CodeIgniter\Database\BaseConnection->simpleQuery('SELECT `peminja...')
#3 C:\xampp\htdocs\perpuska\system\Database\BaseBuilder.php(1649): CodeIgniter\Database\BaseConnection->query('SELECT `peminja...', Array, false)
#4 C:\xampp\htdocs\perpuska\app\Controllers\peminjaman.php(71): CodeIgniter\Database\BaseBuilder->get()
#5 C:\xampp\htdocs\perpuska\system\CodeIgniter.php(933): App\Controllers\Peminjaman->index()
#6 C:\xampp\htdocs\perpuska\system\CodeIgniter.php(507): CodeIgniter\CodeIgniter->runController(Object(App\Controllers\Peminjaman))
#7 C:\xampp\htdocs\perpuska\system\CodeIgniter.php(354): CodeIgniter\CodeIgniter->handleRequest(NULL, Object(Config\Cache), false)
#8 C:\xampp\htdocs\perpuska\system\Boot.php(363): CodeIgniter\CodeIgniter->run()
#9 C:\xampp\htdocs\perpuska\system\Boot.php(68): CodeIgniter\Boot::runCodeIgniter(Object(CodeIgniter\CodeIgniter))
#10 C:\xampp\htdocs\perpuska\index.php(59): CodeIgniter\Boot::bootWeb(Object(Config\Paths))
#11 {main}
CRITICAL - 2026-04-28 11:22:29 --> CodeIgniter\Database\Exceptions\DatabaseException: Unknown column 'pengembalian.tanggal_kembali' in 'field list'
[Method: GET, Route: peminjaman]
in SYSTEMPATH\Database\BaseConnection.php on line 684.
 1 SYSTEMPATH\Database\BaseBuilder.php(1649): CodeIgniter\Database\BaseConnection->query('SELECT `peminjaman`.*, `pengembalian`.`tanggal_kembali` as `tanggal_kembali_real`, `pengembalian`.`denda` as `denda_pengembalian`, `anggota`.`username` as `nama_anggota`, `petugas`.`username` as `nama_petugas`, GROUP_CONCAT(buku.cover) as cover, GROUP_CONCAT(buku.judul SEPARATOR "<br>") as judul_buku
FROM `peminjaman`
LEFT JOIN `users` as `anggota` ON `anggota`.`id` = `peminjaman`.`id_anggota`
LEFT JOIN `users` as `petugas` ON `petugas`.`id` = `peminjaman`.`id_petugas`
LEFT JOIN `detail_peminjaman` ON `detail_peminjaman`.`id_peminjaman` = `peminjaman`.`id_peminjaman`
LEFT JOIN `buku` ON `buku`.`id_buku` = `detail_peminjaman`.`id_buku`
LEFT JOIN `pengembalian` ON `pengembalian`.`id_peminjaman` = `peminjaman`.`id_peminjaman`
GROUP BY `peminjaman`.`id_peminjaman`
ORDER BY `peminjaman`.`id_peminjaman` DESC', [], false)
 2 APPPATH\Controllers\peminjaman.php(71): CodeIgniter\Database\BaseBuilder->get()
 3 SYSTEMPATH\CodeIgniter.php(933): App\Controllers\Peminjaman->index()
 4 SYSTEMPATH\CodeIgniter.php(507): CodeIgniter\CodeIgniter->runController(Object(App\Controllers\Peminjaman))
 5 SYSTEMPATH\CodeIgniter.php(354): CodeIgniter\CodeIgniter->handleRequest(null, Object(Config\Cache), false)
 6 SYSTEMPATH\Boot.php(363): CodeIgniter\CodeIgniter->run()
 7 SYSTEMPATH\Boot.php(68): CodeIgniter\Boot::runCodeIgniter(Object(CodeIgniter\CodeIgniter))
 8 FCPATH\index.php(59): CodeIgniter\Boot::bootWeb(Object(Config\Paths))
CRITICAL - 2026-04-28 11:22:29 --> [Caused by] CodeIgniter\Database\Exceptions\DatabaseException: Unknown column 'pengembalian.tanggal_kembali' in 'field list'
in SYSTEMPATH\Database\MySQLi\Connection.php on line 332.
 1 SYSTEMPATH\Database\BaseConnection.php(729): CodeIgniter\Database\MySQLi\Connection->execute('SELECT `peminjaman`.*, `pengembalian`.`tanggal_kembali` as `tanggal_kembali_real`, `pengembalian`.`denda` as `denda_pengembalian`, `anggota`.`username` as `nama_anggota`, `petugas`.`username` as `nama_petugas`, GROUP_CONCAT(buku.cover) as cover, GROUP_CONCAT(buku.judul SEPARATOR "<br>") as judul_buku
FROM `peminjaman`
LEFT JOIN `users` as `anggota` ON `anggota`.`id` = `peminjaman`.`id_anggota`
LEFT JOIN `users` as `petugas` ON `petugas`.`id` = `peminjaman`.`id_petugas`
LEFT JOIN `detail_peminjaman` ON `detail_peminjaman`.`id_peminjaman` = `peminjaman`.`id_peminjaman`
LEFT JOIN `buku` ON `buku`.`id_buku` = `detail_peminjaman`.`id_buku`
LEFT JOIN `pengembalian` ON `pengembalian`.`id_peminjaman` = `peminjaman`.`id_peminjaman`
GROUP BY `peminjaman`.`id_peminjaman`
ORDER BY `peminjaman`.`id_peminjaman` DESC')
 2 SYSTEMPATH\Database\BaseConnection.php(646): CodeIgniter\Database\BaseConnection->simpleQuery('SELECT `peminjaman`.*, `pengembalian`.`tanggal_kembali` as `tanggal_kembali_real`, `pengembalian`.`denda` as `denda_pengembalian`, `anggota`.`username` as `nama_anggota`, `petugas`.`username` as `nama_petugas`, GROUP_CONCAT(buku.cover) as cover, GROUP_CONCAT(buku.judul SEPARATOR "<br>") as judul_buku
FROM `peminjaman`
LEFT JOIN `users` as `anggota` ON `anggota`.`id` = `peminjaman`.`id_anggota`
LEFT JOIN `users` as `petugas` ON `petugas`.`id` = `peminjaman`.`id_petugas`
LEFT JOIN `detail_peminjaman` ON `detail_peminjaman`.`id_peminjaman` = `peminjaman`.`id_peminjaman`
LEFT JOIN `buku` ON `buku`.`id_buku` = `detail_peminjaman`.`id_buku`
LEFT JOIN `pengembalian` ON `pengembalian`.`id_peminjaman` = `peminjaman`.`id_peminjaman`
GROUP BY `peminjaman`.`id_peminjaman`
ORDER BY `peminjaman`.`id_peminjaman` DESC')
 3 SYSTEMPATH\Database\BaseBuilder.php(1649): CodeIgniter\Database\BaseConnection->query('SELECT `peminjaman`.*, `pengembalian`.`tanggal_kembali` as `tanggal_kembali_real`, `pengembalian`.`denda` as `denda_pengembalian`, `anggota`.`username` as `nama_anggota`, `petugas`.`username` as `nama_petugas`, GROUP_CONCAT(buku.cover) as cover, GROUP_CONCAT(buku.judul SEPARATOR "<br>") as judul_buku
FROM `peminjaman`
LEFT JOIN `users` as `anggota` ON `anggota`.`id` = `peminjaman`.`id_anggota`
LEFT JOIN `users` as `petugas` ON `petugas`.`id` = `peminjaman`.`id_petugas`
LEFT JOIN `detail_peminjaman` ON `detail_peminjaman`.`id_peminjaman` = `peminjaman`.`id_peminjaman`
LEFT JOIN `buku` ON `buku`.`id_buku` = `detail_peminjaman`.`id_buku`
LEFT JOIN `pengembalian` ON `pengembalian`.`id_peminjaman` = `peminjaman`.`id_peminjaman`
GROUP BY `peminjaman`.`id_peminjaman`
ORDER BY `peminjaman`.`id_peminjaman` DESC', [], false)
 4 APPPATH\Controllers\peminjaman.php(71): CodeIgniter\Database\BaseBuilder->get()
 5 SYSTEMPATH\CodeIgniter.php(933): App\Controllers\Peminjaman->index()
 6 SYSTEMPATH\CodeIgniter.php(507): CodeIgniter\CodeIgniter->runController(Object(App\Controllers\Peminjaman))
 7 SYSTEMPATH\CodeIgniter.php(354): CodeIgniter\CodeIgniter->handleRequest(null, Object(Config\Cache), false)
 8 SYSTEMPATH\Boot.php(363): CodeIgniter\CodeIgniter->run()
 9 SYSTEMPATH\Boot.php(68): CodeIgniter\Boot::runCodeIgniter(Object(CodeIgniter\CodeIgniter))
10 FCPATH\index.php(59): CodeIgniter\Boot::bootWeb(Object(Config\Paths))
CRITICAL - 2026-04-28 11:22:29 --> [Caused by] mysqli_sql_exception: Unknown column 'pengembalian.tanggal_kembali' in 'field list'
in SYSTEMPATH\Database\MySQLi\Connection.php on line 327.
 1 SYSTEMPATH\Database\MySQLi\Connection.php(327): mysqli->query('SELECT `peminjaman`.*, `pengembalian`.`tanggal_kembali` as `tanggal_kembali_real`, `pengembalian`.`denda` as `denda_pengembalian`, `anggota`.`username` as `nama_anggota`, `petugas`.`username` as `nama_petugas`, GROUP_CONCAT(buku.cover) as cover, GROUP_CONCAT(buku.judul SEPARATOR "<br>") as judul_buku
FROM `peminjaman`
LEFT JOIN `users` as `anggota` ON `anggota`.`id` = `peminjaman`.`id_anggota`
LEFT JOIN `users` as `petugas` ON `petugas`.`id` = `peminjaman`.`id_petugas`
LEFT JOIN `detail_peminjaman` ON `detail_peminjaman`.`id_peminjaman` = `peminjaman`.`id_peminjaman`
LEFT JOIN `buku` ON `buku`.`id_buku` = `detail_peminjaman`.`id_buku`
LEFT JOIN `pengembalian` ON `pengembalian`.`id_peminjaman` = `peminjaman`.`id_peminjaman`
GROUP BY `peminjaman`.`id_peminjaman`
ORDER BY `peminjaman`.`id_peminjaman` DESC', 0)
 2 SYSTEMPATH\Database\BaseConnection.php(729): CodeIgniter\Database\MySQLi\Connection->execute('SELECT `peminjaman`.*, `pengembalian`.`tanggal_kembali` as `tanggal_kembali_real`, `pengembalian`.`denda` as `denda_pengembalian`, `anggota`.`username` as `nama_anggota`, `petugas`.`username` as `nama_petugas`, GROUP_CONCAT(buku.cover) as cover, GROUP_CONCAT(buku.judul SEPARATOR "<br>") as judul_buku
FROM `peminjaman`
LEFT JOIN `users` as `anggota` ON `anggota`.`id` = `peminjaman`.`id_anggota`
LEFT JOIN `users` as `petugas` ON `petugas`.`id` = `peminjaman`.`id_petugas`
LEFT JOIN `detail_peminjaman` ON `detail_peminjaman`.`id_peminjaman` = `peminjaman`.`id_peminjaman`
LEFT JOIN `buku` ON `buku`.`id_buku` = `detail_peminjaman`.`id_buku`
LEFT JOIN `pengembalian` ON `pengembalian`.`id_peminjaman` = `peminjaman`.`id_peminjaman`
GROUP BY `peminjaman`.`id_peminjaman`
ORDER BY `peminjaman`.`id_peminjaman` DESC')
 3 SYSTEMPATH\Database\BaseConnection.php(646): CodeIgniter\Database\BaseConnection->simpleQuery('SELECT `peminjaman`.*, `pengembalian`.`tanggal_kembali` as `tanggal_kembali_real`, `pengembalian`.`denda` as `denda_pengembalian`, `anggota`.`username` as `nama_anggota`, `petugas`.`username` as `nama_petugas`, GROUP_CONCAT(buku.cover) as cover, GROUP_CONCAT(buku.judul SEPARATOR "<br>") as judul_buku
FROM `peminjaman`
LEFT JOIN `users` as `anggota` ON `anggota`.`id` = `peminjaman`.`id_anggota`
LEFT JOIN `users` as `petugas` ON `petugas`.`id` = `peminjaman`.`id_petugas`
LEFT JOIN `detail_peminjaman` ON `detail_peminjaman`.`id_peminjaman` = `peminjaman`.`id_peminjaman`
LEFT JOIN `buku` ON `buku`.`id_buku` = `detail_peminjaman`.`id_buku`
LEFT JOIN `pengembalian` ON `pengembalian`.`id_peminjaman` = `peminjaman`.`id_peminjaman`
GROUP BY `peminjaman`.`id_peminjaman`
ORDER BY `peminjaman`.`id_peminjaman` DESC')
 4 SYSTEMPATH\Database\BaseBuilder.php(1649): CodeIgniter\Database\BaseConnection->query('SELECT `peminjaman`.*, `pengembalian`.`tanggal_kembali` as `tanggal_kembali_real`, `pengembalian`.`denda` as `denda_pengembalian`, `anggota`.`username` as `nama_anggota`, `petugas`.`username` as `nama_petugas`, GROUP_CONCAT(buku.cover) as cover, GROUP_CONCAT(buku.judul SEPARATOR "<br>") as judul_buku
FROM `peminjaman`
LEFT JOIN `users` as `anggota` ON `anggota`.`id` = `peminjaman`.`id_anggota`
LEFT JOIN `users` as `petugas` ON `petugas`.`id` = `peminjaman`.`id_petugas`
LEFT JOIN `detail_peminjaman` ON `detail_peminjaman`.`id_peminjaman` = `peminjaman`.`id_peminjaman`
LEFT JOIN `buku` ON `buku`.`id_buku` = `detail_peminjaman`.`id_buku`
LEFT JOIN `pengembalian` ON `pengembalian`.`id_peminjaman` = `peminjaman`.`id_peminjaman`
GROUP BY `peminjaman`.`id_peminjaman`
ORDER BY `peminjaman`.`id_peminjaman` DESC', [], false)
 5 APPPATH\Controllers\peminjaman.php(71): CodeIgniter\Database\BaseBuilder->get()
 6 SYSTEMPATH\CodeIgniter.php(933): App\Controllers\Peminjaman->index()
 7 SYSTEMPATH\CodeIgniter.php(507): CodeIgniter\CodeIgniter->runController(Object(App\Controllers\Peminjaman))
 8 SYSTEMPATH\CodeIgniter.php(354): CodeIgniter\CodeIgniter->handleRequest(null, Object(Config\Cache), false)
 9 SYSTEMPATH\Boot.php(363): CodeIgniter\CodeIgniter->run()
10 SYSTEMPATH\Boot.php(68): CodeIgniter\Boot::runCodeIgniter(Object(CodeIgniter\CodeIgniter))
11 FCPATH\index.php(59): CodeIgniter\Boot::bootWeb(Object(Config\Paths))
ERROR - 2026-04-28 11:25:09 --> mysqli_sql_exception: Unknown column 'pengembalian.tanggal_kembali' in 'field list' in C:\xampp\htdocs\perpuska\system\Database\MySQLi\Connection.php:327
Stack trace:
#0 C:\xampp\htdocs\perpuska\system\Database\MySQLi\Connection.php(327): mysqli->query('SELECT `peminja...', 0)
#1 C:\xampp\htdocs\perpuska\system\Database\BaseConnection.php(729): CodeIgniter\Database\MySQLi\Connection->execute('SELECT `peminja...')
#2 C:\xampp\htdocs\perpuska\system\Database\BaseConnection.php(646): CodeIgniter\Database\BaseConnection->simpleQuery('SELECT `peminja...')
#3 C:\xampp\htdocs\perpuska\system\Database\BaseBuilder.php(1649): CodeIgniter\Database\BaseConnection->query('SELECT `peminja...', Array, false)
#4 C:\xampp\htdocs\perpuska\app\Controllers\peminjaman.php(71): CodeIgniter\Database\BaseBuilder->get()
#5 C:\xampp\htdocs\perpuska\system\CodeIgniter.php(933): App\Controllers\Peminjaman->index()
#6 C:\xampp\htdocs\perpuska\system\CodeIgniter.php(507): CodeIgniter\CodeIgniter->runController(Object(App\Controllers\Peminjaman))
#7 C:\xampp\htdocs\perpuska\system\CodeIgniter.php(354): CodeIgniter\CodeIgniter->handleRequest(NULL, Object(Config\Cache), false)
#8 C:\xampp\htdocs\perpuska\system\Boot.php(363): CodeIgniter\CodeIgniter->run()
#9 C:\xampp\htdocs\perpuska\system\Boot.php(68): CodeIgniter\Boot::runCodeIgniter(Object(CodeIgniter\CodeIgniter))
#10 C:\xampp\htdocs\perpuska\index.php(59): CodeIgniter\Boot::bootWeb(Object(Config\Paths))
#11 {main}
CRITICAL - 2026-04-28 11:25:09 --> CodeIgniter\Database\Exceptions\DatabaseException: Unknown column 'pengembalian.tanggal_kembali' in 'field list'
[Method: GET, Route: anggota/peminjaman]
in SYSTEMPATH\Database\BaseConnection.php on line 684.
 1 SYSTEMPATH\Database\BaseBuilder.php(1649): CodeIgniter\Database\BaseConnection->query('SELECT `peminjaman`.*, `pengembalian`.`tanggal_kembali` as `tanggal_kembali_real`, `pengembalian`.`denda` as `denda_pengembalian`, `anggota`.`username` as `nama_anggota`, `petugas`.`username` as `nama_petugas`, GROUP_CONCAT(buku.cover) as cover, GROUP_CONCAT(buku.judul SEPARATOR "<br>") as judul_buku
FROM `peminjaman`
LEFT JOIN `users` as `anggota` ON `anggota`.`id` = `peminjaman`.`id_anggota`
LEFT JOIN `users` as `petugas` ON `petugas`.`id` = `peminjaman`.`id_petugas`
LEFT JOIN `detail_peminjaman` ON `detail_peminjaman`.`id_peminjaman` = `peminjaman`.`id_peminjaman`
LEFT JOIN `buku` ON `buku`.`id_buku` = `detail_peminjaman`.`id_buku`
LEFT JOIN `pengembalian` ON `pengembalian`.`id_peminjaman` = `peminjaman`.`id_peminjaman`
GROUP BY `peminjaman`.`id_peminjaman`
ORDER BY `peminjaman`.`id_peminjaman` DESC', [], false)
 2 APPPATH\Controllers\peminjaman.php(71): CodeIgniter\Database\BaseBuilder->get()
 3 SYSTEMPATH\CodeIgniter.php(933): App\Controllers\Peminjaman->index()
 4 SYSTEMPATH\CodeIgniter.php(507): CodeIgniter\CodeIgniter->runController(Object(App\Controllers\Peminjaman))
 5 SYSTEMPATH\CodeIgniter.php(354): CodeIgniter\CodeIgniter->handleRequest(null, Object(Config\Cache), false)
 6 SYSTEMPATH\Boot.php(363): CodeIgniter\CodeIgniter->run()
 7 SYSTEMPATH\Boot.php(68): CodeIgniter\Boot::runCodeIgniter(Object(CodeIgniter\CodeIgniter))
 8 FCPATH\index.php(59): CodeIgniter\Boot::bootWeb(Object(Config\Paths))
CRITICAL - 2026-04-28 11:25:09 --> [Caused by] CodeIgniter\Database\Exceptions\DatabaseException: Unknown column 'pengembalian.tanggal_kembali' in 'field list'
in SYSTEMPATH\Database\MySQLi\Connection.php on line 332.
 1 SYSTEMPATH\Database\BaseConnection.php(729): CodeIgniter\Database\MySQLi\Connection->execute('SELECT `peminjaman`.*, `pengembalian`.`tanggal_kembali` as `tanggal_kembali_real`, `pengembalian`.`denda` as `denda_pengembalian`, `anggota`.`username` as `nama_anggota`, `petugas`.`username` as `nama_petugas`, GROUP_CONCAT(buku.cover) as cover, GROUP_CONCAT(buku.judul SEPARATOR "<br>") as judul_buku
FROM `peminjaman`
LEFT JOIN `users` as `anggota` ON `anggota`.`id` = `peminjaman`.`id_anggota`
LEFT JOIN `users` as `petugas` ON `petugas`.`id` = `peminjaman`.`id_petugas`
LEFT JOIN `detail_peminjaman` ON `detail_peminjaman`.`id_peminjaman` = `peminjaman`.`id_peminjaman`
LEFT JOIN `buku` ON `buku`.`id_buku` = `detail_peminjaman`.`id_buku`
LEFT JOIN `pengembalian` ON `pengembalian`.`id_peminjaman` = `peminjaman`.`id_peminjaman`
GROUP BY `peminjaman`.`id_peminjaman`
ORDER BY `peminjaman`.`id_peminjaman` DESC')
 2 SYSTEMPATH\Database\BaseConnection.php(646): CodeIgniter\Database\BaseConnection->simpleQuery('SELECT `peminjaman`.*, `pengembalian`.`tanggal_kembali` as `tanggal_kembali_real`, `pengembalian`.`denda` as `denda_pengembalian`, `anggota`.`username` as `nama_anggota`, `petugas`.`username` as `nama_petugas`, GROUP_CONCAT(buku.cover) as cover, GROUP_CONCAT(buku.judul SEPARATOR "<br>") as judul_buku
FROM `peminjaman`
LEFT JOIN `users` as `anggota` ON `anggota`.`id` = `peminjaman`.`id_anggota`
LEFT JOIN `users` as `petugas` ON `petugas`.`id` = `peminjaman`.`id_petugas`
LEFT JOIN `detail_peminjaman` ON `detail_peminjaman`.`id_peminjaman` = `peminjaman`.`id_peminjaman`
LEFT JOIN `buku` ON `buku`.`id_buku` = `detail_peminjaman`.`id_buku`
LEFT JOIN `pengembalian` ON `pengembalian`.`id_peminjaman` = `peminjaman`.`id_peminjaman`
GROUP BY `peminjaman`.`id_peminjaman`
ORDER BY `peminjaman`.`id_peminjaman` DESC')
 3 SYSTEMPATH\Database\BaseBuilder.php(1649): CodeIgniter\Database\BaseConnection->query('SELECT `peminjaman`.*, `pengembalian`.`tanggal_kembali` as `tanggal_kembali_real`, `pengembalian`.`denda` as `denda_pengembalian`, `anggota`.`username` as `nama_anggota`, `petugas`.`username` as `nama_petugas`, GROUP_CONCAT(buku.cover) as cover, GROUP_CONCAT(buku.judul SEPARATOR "<br>") as judul_buku
FROM `peminjaman`
LEFT JOIN `users` as `anggota` ON `anggota`.`id` = `peminjaman`.`id_anggota`
LEFT JOIN `users` as `petugas` ON `petugas`.`id` = `peminjaman`.`id_petugas`
LEFT JOIN `detail_peminjaman` ON `detail_peminjaman`.`id_peminjaman` = `peminjaman`.`id_peminjaman`
LEFT JOIN `buku` ON `buku`.`id_buku` = `detail_peminjaman`.`id_buku`
LEFT JOIN `pengembalian` ON `pengembalian`.`id_peminjaman` = `peminjaman`.`id_peminjaman`
GROUP BY `peminjaman`.`id_peminjaman`
ORDER BY `peminjaman`.`id_peminjaman` DESC', [], false)
 4 APPPATH\Controllers\peminjaman.php(71): CodeIgniter\Database\BaseBuilder->get()
 5 SYSTEMPATH\CodeIgniter.php(933): App\Controllers\Peminjaman->index()
 6 SYSTEMPATH\CodeIgniter.php(507): CodeIgniter\CodeIgniter->runController(Object(App\Controllers\Peminjaman))
 7 SYSTEMPATH\CodeIgniter.php(354): CodeIgniter\CodeIgniter->handleRequest(null, Object(Config\Cache), false)
 8 SYSTEMPATH\Boot.php(363): CodeIgniter\CodeIgniter->run()
 9 SYSTEMPATH\Boot.php(68): CodeIgniter\Boot::runCodeIgniter(Object(CodeIgniter\CodeIgniter))
10 FCPATH\index.php(59): CodeIgniter\Boot::bootWeb(Object(Config\Paths))
CRITICAL - 2026-04-28 11:25:09 --> [Caused by] mysqli_sql_exception: Unknown column 'pengembalian.tanggal_kembali' in 'field list'
in SYSTEMPATH\Database\MySQLi\Connection.php on line 327.
 1 SYSTEMPATH\Database\MySQLi\Connection.php(327): mysqli->query('SELECT `peminjaman`.*, `pengembalian`.`tanggal_kembali` as `tanggal_kembali_real`, `pengembalian`.`denda` as `denda_pengembalian`, `anggota`.`username` as `nama_anggota`, `petugas`.`username` as `nama_petugas`, GROUP_CONCAT(buku.cover) as cover, GROUP_CONCAT(buku.judul SEPARATOR "<br>") as judul_buku
FROM `peminjaman`
LEFT JOIN `users` as `anggota` ON `anggota`.`id` = `peminjaman`.`id_anggota`
LEFT JOIN `users` as `petugas` ON `petugas`.`id` = `peminjaman`.`id_petugas`
LEFT JOIN `detail_peminjaman` ON `detail_peminjaman`.`id_peminjaman` = `peminjaman`.`id_peminjaman`
LEFT JOIN `buku` ON `buku`.`id_buku` = `detail_peminjaman`.`id_buku`
LEFT JOIN `pengembalian` ON `pengembalian`.`id_peminjaman` = `peminjaman`.`id_peminjaman`
GROUP BY `peminjaman`.`id_peminjaman`
ORDER BY `peminjaman`.`id_peminjaman` DESC', 0)
 2 SYSTEMPATH\Database\BaseConnection.php(729): CodeIgniter\Database\MySQLi\Connection->execute('SELECT `peminjaman`.*, `pengembalian`.`tanggal_kembali` as `tanggal_kembali_real`, `pengembalian`.`denda` as `denda_pengembalian`, `anggota`.`username` as `nama_anggota`, `petugas`.`username` as `nama_petugas`, GROUP_CONCAT(buku.cover) as cover, GROUP_CONCAT(buku.judul SEPARATOR "<br>") as judul_buku
FROM `peminjaman`
LEFT JOIN `users` as `anggota` ON `anggota`.`id` = `peminjaman`.`id_anggota`
LEFT JOIN `users` as `petugas` ON `petugas`.`id` = `peminjaman`.`id_petugas`
LEFT JOIN `detail_peminjaman` ON `detail_peminjaman`.`id_peminjaman` = `peminjaman`.`id_peminjaman`
LEFT JOIN `buku` ON `buku`.`id_buku` = `detail_peminjaman`.`id_buku`
LEFT JOIN `pengembalian` ON `pengembalian`.`id_peminjaman` = `peminjaman`.`id_peminjaman`
GROUP BY `peminjaman`.`id_peminjaman`
ORDER BY `peminjaman`.`id_peminjaman` DESC')
 3 SYSTEMPATH\Database\BaseConnection.php(646): CodeIgniter\Database\BaseConnection->simpleQuery('SELECT `peminjaman`.*, `pengembalian`.`tanggal_kembali` as `tanggal_kembali_real`, `pengembalian`.`denda` as `denda_pengembalian`, `anggota`.`username` as `nama_anggota`, `petugas`.`username` as `nama_petugas`, GROUP_CONCAT(buku.cover) as cover, GROUP_CONCAT(buku.judul SEPARATOR "<br>") as judul_buku
FROM `peminjaman`
LEFT JOIN `users` as `anggota` ON `anggota`.`id` = `peminjaman`.`id_anggota`
LEFT JOIN `users` as `petugas` ON `petugas`.`id` = `peminjaman`.`id_petugas`
LEFT JOIN `detail_peminjaman` ON `detail_peminjaman`.`id_peminjaman` = `peminjaman`.`id_peminjaman`
LEFT JOIN `buku` ON `buku`.`id_buku` = `detail_peminjaman`.`id_buku`
LEFT JOIN `pengembalian` ON `pengembalian`.`id_peminjaman` = `peminjaman`.`id_peminjaman`
GROUP BY `peminjaman`.`id_peminjaman`
ORDER BY `peminjaman`.`id_peminjaman` DESC')
 4 SYSTEMPATH\Database\BaseBuilder.php(1649): CodeIgniter\Database\BaseConnection->query('SELECT `peminjaman`.*, `pengembalian`.`tanggal_kembali` as `tanggal_kembali_real`, `pengembalian`.`denda` as `denda_pengembalian`, `anggota`.`username` as `nama_anggota`, `petugas`.`username` as `nama_petugas`, GROUP_CONCAT(buku.cover) as cover, GROUP_CONCAT(buku.judul SEPARATOR "<br>") as judul_buku
FROM `peminjaman`
LEFT JOIN `users` as `anggota` ON `anggota`.`id` = `peminjaman`.`id_anggota`
LEFT JOIN `users` as `petugas` ON `petugas`.`id` = `peminjaman`.`id_petugas`
LEFT JOIN `detail_peminjaman` ON `detail_peminjaman`.`id_peminjaman` = `peminjaman`.`id_peminjaman`
LEFT JOIN `buku` ON `buku`.`id_buku` = `detail_peminjaman`.`id_buku`
LEFT JOIN `pengembalian` ON `pengembalian`.`id_peminjaman` = `peminjaman`.`id_peminjaman`
GROUP BY `peminjaman`.`id_peminjaman`
ORDER BY `peminjaman`.`id_peminjaman` DESC', [], false)
 5 APPPATH\Controllers\peminjaman.php(71): CodeIgniter\Database\BaseBuilder->get()
 6 SYSTEMPATH\CodeIgniter.php(933): App\Controllers\Peminjaman->index()
 7 SYSTEMPATH\CodeIgniter.php(507): CodeIgniter\CodeIgniter->runController(Object(App\Controllers\Peminjaman))
 8 SYSTEMPATH\CodeIgniter.php(354): CodeIgniter\CodeIgniter->handleRequest(null, Object(Config\Cache), false)
 9 SYSTEMPATH\Boot.php(363): CodeIgniter\CodeIgniter->run()
10 SYSTEMPATH\Boot.php(68): CodeIgniter\Boot::runCodeIgniter(Object(CodeIgniter\CodeIgniter))
11 FCPATH\index.php(59): CodeIgniter\Boot::bootWeb(Object(Config\Paths))
DEBUG - 2026-04-28 11:25:14 --> Session: Class initialized using 'CodeIgniter\Session\Handlers\FileHandler' driver.
ERROR - 2026-04-28 11:25:17 --> mysqli_sql_exception: Unknown column 'pengembalian.tanggal_kembali' in 'field list' in C:\xampp\htdocs\perpuska\system\Database\MySQLi\Connection.php:327
Stack trace:
#0 C:\xampp\htdocs\perpuska\system\Database\MySQLi\Connection.php(327): mysqli->query('SELECT `peminja...', 0)
#1 C:\xampp\htdocs\perpuska\system\Database\BaseConnection.php(729): CodeIgniter\Database\MySQLi\Connection->execute('SELECT `peminja...')
#2 C:\xampp\htdocs\perpuska\system\Database\BaseConnection.php(646): CodeIgniter\Database\BaseConnection->simpleQuery('SELECT `peminja...')
#3 C:\xampp\htdocs\perpuska\system\Database\BaseBuilder.php(1649): CodeIgniter\Database\BaseConnection->query('SELECT `peminja...', Array, false)
#4 C:\xampp\htdocs\perpuska\app\Controllers\peminjaman.php(71): CodeIgniter\Database\BaseBuilder->get()
#5 C:\xampp\htdocs\perpuska\system\CodeIgniter.php(933): App\Controllers\Peminjaman->index()
#6 C:\xampp\htdocs\perpuska\system\CodeIgniter.php(507): CodeIgniter\CodeIgniter->runController(Object(App\Controllers\Peminjaman))
#7 C:\xampp\htdocs\perpuska\system\CodeIgniter.php(354): CodeIgniter\CodeIgniter->handleRequest(NULL, Object(Config\Cache), false)
#8 C:\xampp\htdocs\perpuska\system\Boot.php(363): CodeIgniter\CodeIgniter->run()
#9 C:\xampp\htdocs\perpuska\system\Boot.php(68): CodeIgniter\Boot::runCodeIgniter(Object(CodeIgniter\CodeIgniter))
#10 C:\xampp\htdocs\perpuska\index.php(59): CodeIgniter\Boot::bootWeb(Object(Config\Paths))
#11 {main}
CRITICAL - 2026-04-28 11:25:17 --> CodeIgniter\Database\Exceptions\DatabaseException: Unknown column 'pengembalian.tanggal_kembali' in 'field list'
[Method: GET, Route: anggota/peminjaman]
in SYSTEMPATH\Database\BaseConnection.php on line 684.
 1 SYSTEMPATH\Database\BaseBuilder.php(1649): CodeIgniter\Database\BaseConnection->query('SELECT `peminjaman`.*, `pengembalian`.`tanggal_kembali` as `tanggal_kembali_real`, `pengembalian`.`denda` as `denda_pengembalian`, `anggota`.`username` as `nama_anggota`, `petugas`.`username` as `nama_petugas`, GROUP_CONCAT(buku.cover) as cover, GROUP_CONCAT(buku.judul SEPARATOR "<br>") as judul_buku
FROM `peminjaman`
LEFT JOIN `users` as `anggota` ON `anggota`.`id` = `peminjaman`.`id_anggota`
LEFT JOIN `users` as `petugas` ON `petugas`.`id` = `peminjaman`.`id_petugas`
LEFT JOIN `detail_peminjaman` ON `detail_peminjaman`.`id_peminjaman` = `peminjaman`.`id_peminjaman`
LEFT JOIN `buku` ON `buku`.`id_buku` = `detail_peminjaman`.`id_buku`
LEFT JOIN `pengembalian` ON `pengembalian`.`id_peminjaman` = `peminjaman`.`id_peminjaman`
GROUP BY `peminjaman`.`id_peminjaman`
ORDER BY `peminjaman`.`id_peminjaman` DESC', [], false)
 2 APPPATH\Controllers\peminjaman.php(71): CodeIgniter\Database\BaseBuilder->get()
 3 SYSTEMPATH\CodeIgniter.php(933): App\Controllers\Peminjaman->index()
 4 SYSTEMPATH\CodeIgniter.php(507): CodeIgniter\CodeIgniter->runController(Object(App\Controllers\Peminjaman))
 5 SYSTEMPATH\CodeIgniter.php(354): CodeIgniter\CodeIgniter->handleRequest(null, Object(Config\Cache), false)
 6 SYSTEMPATH\Boot.php(363): CodeIgniter\CodeIgniter->run()
 7 SYSTEMPATH\Boot.php(68): CodeIgniter\Boot::runCodeIgniter(Object(CodeIgniter\CodeIgniter))
 8 FCPATH\index.php(59): CodeIgniter\Boot::bootWeb(Object(Config\Paths))
CRITICAL - 2026-04-28 11:25:17 --> [Caused by] CodeIgniter\Database\Exceptions\DatabaseException: Unknown column 'pengembalian.tanggal_kembali' in 'field list'
in SYSTEMPATH\Database\MySQLi\Connection.php on line 332.
 1 SYSTEMPATH\Database\BaseConnection.php(729): CodeIgniter\Database\MySQLi\Connection->execute('SELECT `peminjaman`.*, `pengembalian`.`tanggal_kembali` as `tanggal_kembali_real`, `pengembalian`.`denda` as `denda_pengembalian`, `anggota`.`username` as `nama_anggota`, `petugas`.`username` as `nama_petugas`, GROUP_CONCAT(buku.cover) as cover, GROUP_CONCAT(buku.judul SEPARATOR "<br>") as judul_buku
FROM `peminjaman`
LEFT JOIN `users` as `anggota` ON `anggota`.`id` = `peminjaman`.`id_anggota`
LEFT JOIN `users` as `petugas` ON `petugas`.`id` = `peminjaman`.`id_petugas`
LEFT JOIN `detail_peminjaman` ON `detail_peminjaman`.`id_peminjaman` = `peminjaman`.`id_peminjaman`
LEFT JOIN `buku` ON `buku`.`id_buku` = `detail_peminjaman`.`id_buku`
LEFT JOIN `pengembalian` ON `pengembalian`.`id_peminjaman` = `peminjaman`.`id_peminjaman`
GROUP BY `peminjaman`.`id_peminjaman`
ORDER BY `peminjaman`.`id_peminjaman` DESC')
 2 SYSTEMPATH\Database\BaseConnection.php(646): CodeIgniter\Database\BaseConnection->simpleQuery('SELECT `peminjaman`.*, `pengembalian`.`tanggal_kembali` as `tanggal_kembali_real`, `pengembalian`.`denda` as `denda_pengembalian`, `anggota`.`username` as `nama_anggota`, `petugas`.`username` as `nama_petugas`, GROUP_CONCAT(buku.cover) as cover, GROUP_CONCAT(buku.judul SEPARATOR "<br>") as judul_buku
FROM `peminjaman`
LEFT JOIN `users` as `anggota` ON `anggota`.`id` = `peminjaman`.`id_anggota`
LEFT JOIN `users` as `petugas` ON `petugas`.`id` = `peminjaman`.`id_petugas`
LEFT JOIN `detail_peminjaman` ON `detail_peminjaman`.`id_peminjaman` = `peminjaman`.`id_peminjaman`
LEFT JOIN `buku` ON `buku`.`id_buku` = `detail_peminjaman`.`id_buku`
LEFT JOIN `pengembalian` ON `pengembalian`.`id_peminjaman` = `peminjaman`.`id_peminjaman`
GROUP BY `peminjaman`.`id_peminjaman`
ORDER BY `peminjaman`.`id_peminjaman` DESC')
 3 SYSTEMPATH\Database\BaseBuilder.php(1649): CodeIgniter\Database\BaseConnection->query('SELECT `peminjaman`.*, `pengembalian`.`tanggal_kembali` as `tanggal_kembali_real`, `pengembalian`.`denda` as `denda_pengembalian`, `anggota`.`username` as `nama_anggota`, `petugas`.`username` as `nama_petugas`, GROUP_CONCAT(buku.cover) as cover, GROUP_CONCAT(buku.judul SEPARATOR "<br>") as judul_buku
FROM `peminjaman`
LEFT JOIN `users` as `anggota` ON `anggota`.`id` = `peminjaman`.`id_anggota`
LEFT JOIN `users` as `petugas` ON `petugas`.`id` = `peminjaman`.`id_petugas`
LEFT JOIN `detail_peminjaman` ON `detail_peminjaman`.`id_peminjaman` = `peminjaman`.`id_peminjaman`
LEFT JOIN `buku` ON `buku`.`id_buku` = `detail_peminjaman`.`id_buku`
LEFT JOIN `pengembalian` ON `pengembalian`.`id_peminjaman` = `peminjaman`.`id_peminjaman`
GROUP BY `peminjaman`.`id_peminjaman`
ORDER BY `peminjaman`.`id_peminjaman` DESC', [], false)
 4 APPPATH\Controllers\peminjaman.php(71): CodeIgniter\Database\BaseBuilder->get()
 5 SYSTEMPATH\CodeIgniter.php(933): App\Controllers\Peminjaman->index()
 6 SYSTEMPATH\CodeIgniter.php(507): CodeIgniter\CodeIgniter->runController(Object(App\Controllers\Peminjaman))
 7 SYSTEMPATH\CodeIgniter.php(354): CodeIgniter\CodeIgniter->handleRequest(null, Object(Config\Cache), false)
 8 SYSTEMPATH\Boot.php(363): CodeIgniter\CodeIgniter->run()
 9 SYSTEMPATH\Boot.php(68): CodeIgniter\Boot::runCodeIgniter(Object(CodeIgniter\CodeIgniter))
10 FCPATH\index.php(59): CodeIgniter\Boot::bootWeb(Object(Config\Paths))
CRITICAL - 2026-04-28 11:25:17 --> [Caused by] mysqli_sql_exception: Unknown column 'pengembalian.tanggal_kembali' in 'field list'
in SYSTEMPATH\Database\MySQLi\Connection.php on line 327.
 1 SYSTEMPATH\Database\MySQLi\Connection.php(327): mysqli->query('SELECT `peminjaman`.*, `pengembalian`.`tanggal_kembali` as `tanggal_kembali_real`, `pengembalian`.`denda` as `denda_pengembalian`, `anggota`.`username` as `nama_anggota`, `petugas`.`username` as `nama_petugas`, GROUP_CONCAT(buku.cover) as cover, GROUP_CONCAT(buku.judul SEPARATOR "<br>") as judul_buku
FROM `peminjaman`
LEFT JOIN `users` as `anggota` ON `anggota`.`id` = `peminjaman`.`id_anggota`
LEFT JOIN `users` as `petugas` ON `petugas`.`id` = `peminjaman`.`id_petugas`
LEFT JOIN `detail_peminjaman` ON `detail_peminjaman`.`id_peminjaman` = `peminjaman`.`id_peminjaman`
LEFT JOIN `buku` ON `buku`.`id_buku` = `detail_peminjaman`.`id_buku`
LEFT JOIN `pengembalian` ON `pengembalian`.`id_peminjaman` = `peminjaman`.`id_peminjaman`
GROUP BY `peminjaman`.`id_peminjaman`
ORDER BY `peminjaman`.`id_peminjaman` DESC', 0)
 2 SYSTEMPATH\Database\BaseConnection.php(729): CodeIgniter\Database\MySQLi\Connection->execute('SELECT `peminjaman`.*, `pengembalian`.`tanggal_kembali` as `tanggal_kembali_real`, `pengembalian`.`denda` as `denda_pengembalian`, `anggota`.`username` as `nama_anggota`, `petugas`.`username` as `nama_petugas`, GROUP_CONCAT(buku.cover) as cover, GROUP_CONCAT(buku.judul SEPARATOR "<br>") as judul_buku
FROM `peminjaman`
LEFT JOIN `users` as `anggota` ON `anggota`.`id` = `peminjaman`.`id_anggota`
LEFT JOIN `users` as `petugas` ON `petugas`.`id` = `peminjaman`.`id_petugas`
LEFT JOIN `detail_peminjaman` ON `detail_peminjaman`.`id_peminjaman` = `peminjaman`.`id_peminjaman`
LEFT JOIN `buku` ON `buku`.`id_buku` = `detail_peminjaman`.`id_buku`
LEFT JOIN `pengembalian` ON `pengembalian`.`id_peminjaman` = `peminjaman`.`id_peminjaman`
GROUP BY `peminjaman`.`id_peminjaman`
ORDER BY `peminjaman`.`id_peminjaman` DESC')
 3 SYSTEMPATH\Database\BaseConnection.php(646): CodeIgniter\Database\BaseConnection->simpleQuery('SELECT `peminjaman`.*, `pengembalian`.`tanggal_kembali` as `tanggal_kembali_real`, `pengembalian`.`denda` as `denda_pengembalian`, `anggota`.`username` as `nama_anggota`, `petugas`.`username` as `nama_petugas`, GROUP_CONCAT(buku.cover) as cover, GROUP_CONCAT(buku.judul SEPARATOR "<br>") as judul_buku
FROM `peminjaman`
LEFT JOIN `users` as `anggota` ON `anggota`.`id` = `peminjaman`.`id_anggota`
LEFT JOIN `users` as `petugas` ON `petugas`.`id` = `peminjaman`.`id_petugas`
LEFT JOIN `detail_peminjaman` ON `detail_peminjaman`.`id_peminjaman` = `peminjaman`.`id_peminjaman`
LEFT JOIN `buku` ON `buku`.`id_buku` = `detail_peminjaman`.`id_buku`
LEFT JOIN `pengembalian` ON `pengembalian`.`id_peminjaman` = `peminjaman`.`id_peminjaman`
GROUP BY `peminjaman`.`id_peminjaman`
ORDER BY `peminjaman`.`id_peminjaman` DESC')
 4 SYSTEMPATH\Database\BaseBuilder.php(1649): CodeIgniter\Database\BaseConnection->query('SELECT `peminjaman`.*, `pengembalian`.`tanggal_kembali` as `tanggal_kembali_real`, `pengembalian`.`denda` as `denda_pengembalian`, `anggota`.`username` as `nama_anggota`, `petugas`.`username` as `nama_petugas`, GROUP_CONCAT(buku.cover) as cover, GROUP_CONCAT(buku.judul SEPARATOR "<br>") as judul_buku
FROM `peminjaman`
LEFT JOIN `users` as `anggota` ON `anggota`.`id` = `peminjaman`.`id_anggota`
LEFT JOIN `users` as `petugas` ON `petugas`.`id` = `peminjaman`.`id_petugas`
LEFT JOIN `detail_peminjaman` ON `detail_peminjaman`.`id_peminjaman` = `peminjaman`.`id_peminjaman`
LEFT JOIN `buku` ON `buku`.`id_buku` = `detail_peminjaman`.`id_buku`
LEFT JOIN `pengembalian` ON `pengembalian`.`id_peminjaman` = `peminjaman`.`id_peminjaman`
GROUP BY `peminjaman`.`id_peminjaman`
ORDER BY `peminjaman`.`id_peminjaman` DESC', [], false)
 5 APPPATH\Controllers\peminjaman.php(71): CodeIgniter\Database\BaseBuilder->get()
 6 SYSTEMPATH\CodeIgniter.php(933): App\Controllers\Peminjaman->index()
 7 SYSTEMPATH\CodeIgniter.php(507): CodeIgniter\CodeIgniter->runController(Object(App\Controllers\Peminjaman))
 8 SYSTEMPATH\CodeIgniter.php(354): CodeIgniter\CodeIgniter->handleRequest(null, Object(Config\Cache), false)
 9 SYSTEMPATH\Boot.php(363): CodeIgniter\CodeIgniter->run()
10 SYSTEMPATH\Boot.php(68): CodeIgniter\Boot::runCodeIgniter(Object(CodeIgniter\CodeIgniter))
11 FCPATH\index.php(59): CodeIgniter\Boot::bootWeb(Object(Config\Paths))
DEBUG - 2026-04-28 11:25:20 --> Session: Class initialized using 'CodeIgniter\Session\Handlers\FileHandler' driver.
DEBUG - 2026-04-28 11:25:20 --> Session: Class initialized using 'CodeIgniter\Session\Handlers\FileHandler' driver.
DEBUG - 2026-04-28 11:25:30 --> Session: Class initialized using 'CodeIgniter\Session\Handlers\FileHandler' driver.
DEBUG - 2026-04-28 11:25:30 --> Session: Class initialized using 'CodeIgniter\Session\Handlers\FileHandler' driver.
ERROR - 2026-04-28 11:25:33 --> mysqli_sql_exception: Unknown column 'pengembalian.tanggal_kembali' in 'field list' in C:\xampp\htdocs\perpuska\system\Database\MySQLi\Connection.php:327
Stack trace:
#0 C:\xampp\htdocs\perpuska\system\Database\MySQLi\Connection.php(327): mysqli->query('SELECT `peminja...', 0)
#1 C:\xampp\htdocs\perpuska\system\Database\BaseConnection.php(729): CodeIgniter\Database\MySQLi\Connection->execute('SELECT `peminja...')
#2 C:\xampp\htdocs\perpuska\system\Database\BaseConnection.php(646): CodeIgniter\Database\BaseConnection->simpleQuery('SELECT `peminja...')
#3 C:\xampp\htdocs\perpuska\system\Database\BaseBuilder.php(1649): CodeIgniter\Database\BaseConnection->query('SELECT `peminja...', Array, false)
#4 C:\xampp\htdocs\perpuska\app\Controllers\peminjaman.php(71): CodeIgniter\Database\BaseBuilder->get()
#5 C:\xampp\htdocs\perpuska\system\CodeIgniter.php(933): App\Controllers\Peminjaman->index()
#6 C:\xampp\htdocs\perpuska\system\CodeIgniter.php(507): CodeIgniter\CodeIgniter->runController(Object(App\Controllers\Peminjaman))
#7 C:\xampp\htdocs\perpuska\system\CodeIgniter.php(354): CodeIgniter\CodeIgniter->handleRequest(NULL, Object(Config\Cache), false)
#8 C:\xampp\htdocs\perpuska\system\Boot.php(363): CodeIgniter\CodeIgniter->run()
#9 C:\xampp\htdocs\perpuska\system\Boot.php(68): CodeIgniter\Boot::runCodeIgniter(Object(CodeIgniter\CodeIgniter))
#10 C:\xampp\htdocs\perpuska\index.php(59): CodeIgniter\Boot::bootWeb(Object(Config\Paths))
#11 {main}
CRITICAL - 2026-04-28 11:25:33 --> CodeIgniter\Database\Exceptions\DatabaseException: Unknown column 'pengembalian.tanggal_kembali' in 'field list'
[Method: GET, Route: peminjaman]
in SYSTEMPATH\Database\BaseConnection.php on line 684.
 1 SYSTEMPATH\Database\BaseBuilder.php(1649): CodeIgniter\Database\BaseConnection->query('SELECT `peminjaman`.*, `pengembalian`.`tanggal_kembali` as `tanggal_kembali_real`, `pengembalian`.`denda` as `denda_pengembalian`, `anggota`.`username` as `nama_anggota`, `petugas`.`username` as `nama_petugas`, GROUP_CONCAT(buku.cover) as cover, GROUP_CONCAT(buku.judul SEPARATOR "<br>") as judul_buku
FROM `peminjaman`
LEFT JOIN `users` as `anggota` ON `anggota`.`id` = `peminjaman`.`id_anggota`
LEFT JOIN `users` as `petugas` ON `petugas`.`id` = `peminjaman`.`id_petugas`
LEFT JOIN `detail_peminjaman` ON `detail_peminjaman`.`id_peminjaman` = `peminjaman`.`id_peminjaman`
LEFT JOIN `buku` ON `buku`.`id_buku` = `detail_peminjaman`.`id_buku`
LEFT JOIN `pengembalian` ON `pengembalian`.`id_peminjaman` = `peminjaman`.`id_peminjaman`
GROUP BY `peminjaman`.`id_peminjaman`
ORDER BY `peminjaman`.`id_peminjaman` DESC', [], false)
 2 APPPATH\Controllers\peminjaman.php(71): CodeIgniter\Database\BaseBuilder->get()
 3 SYSTEMPATH\CodeIgniter.php(933): App\Controllers\Peminjaman->index()
 4 SYSTEMPATH\CodeIgniter.php(507): CodeIgniter\CodeIgniter->runController(Object(App\Controllers\Peminjaman))
 5 SYSTEMPATH\CodeIgniter.php(354): CodeIgniter\CodeIgniter->handleRequest(null, Object(Config\Cache), false)
 6 SYSTEMPATH\Boot.php(363): CodeIgniter\CodeIgniter->run()
 7 SYSTEMPATH\Boot.php(68): CodeIgniter\Boot::runCodeIgniter(Object(CodeIgniter\CodeIgniter))
 8 FCPATH\index.php(59): CodeIgniter\Boot::bootWeb(Object(Config\Paths))
CRITICAL - 2026-04-28 11:25:33 --> [Caused by] CodeIgniter\Database\Exceptions\DatabaseException: Unknown column 'pengembalian.tanggal_kembali' in 'field list'
in SYSTEMPATH\Database\MySQLi\Connection.php on line 332.
 1 SYSTEMPATH\Database\BaseConnection.php(729): CodeIgniter\Database\MySQLi\Connection->execute('SELECT `peminjaman`.*, `pengembalian`.`tanggal_kembali` as `tanggal_kembali_real`, `pengembalian`.`denda` as `denda_pengembalian`, `anggota`.`username` as `nama_anggota`, `petugas`.`username` as `nama_petugas`, GROUP_CONCAT(buku.cover) as cover, GROUP_CONCAT(buku.judul SEPARATOR "<br>") as judul_buku
FROM `peminjaman`
LEFT JOIN `users` as `anggota` ON `anggota`.`id` = `peminjaman`.`id_anggota`
LEFT JOIN `users` as `petugas` ON `petugas`.`id` = `peminjaman`.`id_petugas`
LEFT JOIN `detail_peminjaman` ON `detail_peminjaman`.`id_peminjaman` = `peminjaman`.`id_peminjaman`
LEFT JOIN `buku` ON `buku`.`id_buku` = `detail_peminjaman`.`id_buku`
LEFT JOIN `pengembalian` ON `pengembalian`.`id_peminjaman` = `peminjaman`.`id_peminjaman`
GROUP BY `peminjaman`.`id_peminjaman`
ORDER BY `peminjaman`.`id_peminjaman` DESC')
 2 SYSTEMPATH\Database\BaseConnection.php(646): CodeIgniter\Database\BaseConnection->simpleQuery('SELECT `peminjaman`.*, `pengembalian`.`tanggal_kembali` as `tanggal_kembali_real`, `pengembalian`.`denda` as `denda_pengembalian`, `anggota`.`username` as `nama_anggota`, `petugas`.`username` as `nama_petugas`, GROUP_CONCAT(buku.cover) as cover, GROUP_CONCAT(buku.judul SEPARATOR "<br>") as judul_buku
FROM `peminjaman`
LEFT JOIN `users` as `anggota` ON `anggota`.`id` = `peminjaman`.`id_anggota`
LEFT JOIN `users` as `petugas` ON `petugas`.`id` = `peminjaman`.`id_petugas`
LEFT JOIN `detail_peminjaman` ON `detail_peminjaman`.`id_peminjaman` = `peminjaman`.`id_peminjaman`
LEFT JOIN `buku` ON `buku`.`id_buku` = `detail_peminjaman`.`id_buku`
LEFT JOIN `pengembalian` ON `pengembalian`.`id_peminjaman` = `peminjaman`.`id_peminjaman`
GROUP BY `peminjaman`.`id_peminjaman`
ORDER BY `peminjaman`.`id_peminjaman` DESC')
 3 SYSTEMPATH\Database\BaseBuilder.php(1649): CodeIgniter\Database\BaseConnection->query('SELECT `peminjaman`.*, `pengembalian`.`tanggal_kembali` as `tanggal_kembali_real`, `pengembalian`.`denda` as `denda_pengembalian`, `anggota`.`username` as `nama_anggota`, `petugas`.`username` as `nama_petugas`, GROUP_CONCAT(buku.cover) as cover, GROUP_CONCAT(buku.judul SEPARATOR "<br>") as judul_buku
FROM `peminjaman`
LEFT JOIN `users` as `anggota` ON `anggota`.`id` = `peminjaman`.`id_anggota`
LEFT JOIN `users` as `petugas` ON `petugas`.`id` = `peminjaman`.`id_petugas`
LEFT JOIN `detail_peminjaman` ON `detail_peminjaman`.`id_peminjaman` = `peminjaman`.`id_peminjaman`
LEFT JOIN `buku` ON `buku`.`id_buku` = `detail_peminjaman`.`id_buku`
LEFT JOIN `pengembalian` ON `pengembalian`.`id_peminjaman` = `peminjaman`.`id_peminjaman`
GROUP BY `peminjaman`.`id_peminjaman`
ORDER BY `peminjaman`.`id_peminjaman` DESC', [], false)
 4 APPPATH\Controllers\peminjaman.php(71): CodeIgniter\Database\BaseBuilder->get()
 5 SYSTEMPATH\CodeIgniter.php(933): App\Controllers\Peminjaman->index()
 6 SYSTEMPATH\CodeIgniter.php(507): CodeIgniter\CodeIgniter->runController(Object(App\Controllers\Peminjaman))
 7 SYSTEMPATH\CodeIgniter.php(354): CodeIgniter\CodeIgniter->handleRequest(null, Object(Config\Cache), false)
 8 SYSTEMPATH\Boot.php(363): CodeIgniter\CodeIgniter->run()
 9 SYSTEMPATH\Boot.php(68): CodeIgniter\Boot::runCodeIgniter(Object(CodeIgniter\CodeIgniter))
10 FCPATH\index.php(59): CodeIgniter\Boot::bootWeb(Object(Config\Paths))
CRITICAL - 2026-04-28 11:25:33 --> [Caused by] mysqli_sql_exception: Unknown column 'pengembalian.tanggal_kembali' in 'field list'
in SYSTEMPATH\Database\MySQLi\Connection.php on line 327.
 1 SYSTEMPATH\Database\MySQLi\Connection.php(327): mysqli->query('SELECT `peminjaman`.*, `pengembalian`.`tanggal_kembali` as `tanggal_kembali_real`, `pengembalian`.`denda` as `denda_pengembalian`, `anggota`.`username` as `nama_anggota`, `petugas`.`username` as `nama_petugas`, GROUP_CONCAT(buku.cover) as cover, GROUP_CONCAT(buku.judul SEPARATOR "<br>") as judul_buku
FROM `peminjaman`
LEFT JOIN `users` as `anggota` ON `anggota`.`id` = `peminjaman`.`id_anggota`
LEFT JOIN `users` as `petugas` ON `petugas`.`id` = `peminjaman`.`id_petugas`
LEFT JOIN `detail_peminjaman` ON `detail_peminjaman`.`id_peminjaman` = `peminjaman`.`id_peminjaman`
LEFT JOIN `buku` ON `buku`.`id_buku` = `detail_peminjaman`.`id_buku`
LEFT JOIN `pengembalian` ON `pengembalian`.`id_peminjaman` = `peminjaman`.`id_peminjaman`
GROUP BY `peminjaman`.`id_peminjaman`
ORDER BY `peminjaman`.`id_peminjaman` DESC', 0)
 2 SYSTEMPATH\Database\BaseConnection.php(729): CodeIgniter\Database\MySQLi\Connection->execute('SELECT `peminjaman`.*, `pengembalian`.`tanggal_kembali` as `tanggal_kembali_real`, `pengembalian`.`denda` as `denda_pengembalian`, `anggota`.`username` as `nama_anggota`, `petugas`.`username` as `nama_petugas`, GROUP_CONCAT(buku.cover) as cover, GROUP_CONCAT(buku.judul SEPARATOR "<br>") as judul_buku
FROM `peminjaman`
LEFT JOIN `users` as `anggota` ON `anggota`.`id` = `peminjaman`.`id_anggota`
LEFT JOIN `users` as `petugas` ON `petugas`.`id` = `peminjaman`.`id_petugas`
LEFT JOIN `detail_peminjaman` ON `detail_peminjaman`.`id_peminjaman` = `peminjaman`.`id_peminjaman`
LEFT JOIN `buku` ON `buku`.`id_buku` = `detail_peminjaman`.`id_buku`
LEFT JOIN `pengembalian` ON `pengembalian`.`id_peminjaman` = `peminjaman`.`id_peminjaman`
GROUP BY `peminjaman`.`id_peminjaman`
ORDER BY `peminjaman`.`id_peminjaman` DESC')
 3 SYSTEMPATH\Database\BaseConnection.php(646): CodeIgniter\Database\BaseConnection->simpleQuery('SELECT `peminjaman`.*, `pengembalian`.`tanggal_kembali` as `tanggal_kembali_real`, `pengembalian`.`denda` as `denda_pengembalian`, `anggota`.`username` as `nama_anggota`, `petugas`.`username` as `nama_petugas`, GROUP_CONCAT(buku.cover) as cover, GROUP_CONCAT(buku.judul SEPARATOR "<br>") as judul_buku
FROM `peminjaman`
LEFT JOIN `users` as `anggota` ON `anggota`.`id` = `peminjaman`.`id_anggota`
LEFT JOIN `users` as `petugas` ON `petugas`.`id` = `peminjaman`.`id_petugas`
LEFT JOIN `detail_peminjaman` ON `detail_peminjaman`.`id_peminjaman` = `peminjaman`.`id_peminjaman`
LEFT JOIN `buku` ON `buku`.`id_buku` = `detail_peminjaman`.`id_buku`
LEFT JOIN `pengembalian` ON `pengembalian`.`id_peminjaman` = `peminjaman`.`id_peminjaman`
GROUP BY `peminjaman`.`id_peminjaman`
ORDER BY `peminjaman`.`id_peminjaman` DESC')
 4 SYSTEMPATH\Database\BaseBuilder.php(1649): CodeIgniter\Database\BaseConnection->query('SELECT `peminjaman`.*, `pengembalian`.`tanggal_kembali` as `tanggal_kembali_real`, `pengembalian`.`denda` as `denda_pengembalian`, `anggota`.`username` as `nama_anggota`, `petugas`.`username` as `nama_petugas`, GROUP_CONCAT(buku.cover) as cover, GROUP_CONCAT(buku.judul SEPARATOR "<br>") as judul_buku
FROM `peminjaman`
LEFT JOIN `users` as `anggota` ON `anggota`.`id` = `peminjaman`.`id_anggota`
LEFT JOIN `users` as `petugas` ON `petugas`.`id` = `peminjaman`.`id_petugas`
LEFT JOIN `detail_peminjaman` ON `detail_peminjaman`.`id_peminjaman` = `peminjaman`.`id_peminjaman`
LEFT JOIN `buku` ON `buku`.`id_buku` = `detail_peminjaman`.`id_buku`
LEFT JOIN `pengembalian` ON `pengembalian`.`id_peminjaman` = `peminjaman`.`id_peminjaman`
GROUP BY `peminjaman`.`id_peminjaman`
ORDER BY `peminjaman`.`id_peminjaman` DESC', [], false)
 5 APPPATH\Controllers\peminjaman.php(71): CodeIgniter\Database\BaseBuilder->get()
 6 SYSTEMPATH\CodeIgniter.php(933): App\Controllers\Peminjaman->index()
 7 SYSTEMPATH\CodeIgniter.php(507): CodeIgniter\CodeIgniter->runController(Object(App\Controllers\Peminjaman))
 8 SYSTEMPATH\CodeIgniter.php(354): CodeIgniter\CodeIgniter->handleRequest(null, Object(Config\Cache), false)
 9 SYSTEMPATH\Boot.php(363): CodeIgniter\CodeIgniter->run()
10 SYSTEMPATH\Boot.php(68): CodeIgniter\Boot::runCodeIgniter(Object(CodeIgniter\CodeIgniter))
11 FCPATH\index.php(59): CodeIgniter\Boot::bootWeb(Object(Config\Paths))
DEBUG - 2026-04-28 11:25:39 --> Session: Class initialized using 'CodeIgniter\Session\Handlers\FileHandler' driver.
DEBUG - 2026-04-28 11:25:41 --> Session: Class initialized using 'CodeIgniter\Session\Handlers\FileHandler' driver.
DEBUG - 2026-04-28 11:25:42 --> Session: Class initialized using 'CodeIgniter\Session\Handlers\FileHandler' driver.
ERROR - 2026-04-28 11:25:51 --> mysqli_sql_exception: Unknown column 'pengembalian.tanggal_kembali' in 'field list' in C:\xampp\htdocs\perpuska\system\Database\MySQLi\Connection.php:327
Stack trace:
#0 C:\xampp\htdocs\perpuska\system\Database\MySQLi\Connection.php(327): mysqli->query('SELECT `peminja...', 0)
#1 C:\xampp\htdocs\perpuska\system\Database\BaseConnection.php(729): CodeIgniter\Database\MySQLi\Connection->execute('SELECT `peminja...')
#2 C:\xampp\htdocs\perpuska\system\Database\BaseConnection.php(646): CodeIgniter\Database\BaseConnection->simpleQuery('SELECT `peminja...')
#3 C:\xampp\htdocs\perpuska\system\Database\BaseBuilder.php(1649): CodeIgniter\Database\BaseConnection->query('SELECT `peminja...', Array, false)
#4 C:\xampp\htdocs\perpuska\app\Controllers\peminjaman.php(71): CodeIgniter\Database\BaseBuilder->get()
#5 C:\xampp\htdocs\perpuska\system\CodeIgniter.php(933): App\Controllers\Peminjaman->index()
#6 C:\xampp\htdocs\perpuska\system\CodeIgniter.php(507): CodeIgniter\CodeIgniter->runController(Object(App\Controllers\Peminjaman))
#7 C:\xampp\htdocs\perpuska\system\CodeIgniter.php(354): CodeIgniter\CodeIgniter->handleRequest(NULL, Object(Config\Cache), false)
#8 C:\xampp\htdocs\perpuska\system\Boot.php(363): CodeIgniter\CodeIgniter->run()
#9 C:\xampp\htdocs\perpuska\system\Boot.php(68): CodeIgniter\Boot::runCodeIgniter(Object(CodeIgniter\CodeIgniter))
#10 C:\xampp\htdocs\perpuska\index.php(59): CodeIgniter\Boot::bootWeb(Object(Config\Paths))
#11 {main}
CRITICAL - 2026-04-28 11:25:51 --> CodeIgniter\Database\Exceptions\DatabaseException: Unknown column 'pengembalian.tanggal_kembali' in 'field list'
[Method: GET, Route: peminjaman]
in SYSTEMPATH\Database\BaseConnection.php on line 684.
 1 SYSTEMPATH\Database\BaseBuilder.php(1649): CodeIgniter\Database\BaseConnection->query('SELECT `peminjaman`.*, `pengembalian`.`tanggal_kembali` as `tanggal_kembali_real`, `pengembalian`.`denda` as `denda_pengembalian`, `anggota`.`username` as `nama_anggota`, `petugas`.`username` as `nama_petugas`, GROUP_CONCAT(buku.cover) as cover, GROUP_CONCAT(buku.judul SEPARATOR "<br>") as judul_buku
FROM `peminjaman`
LEFT JOIN `users` as `anggota` ON `anggota`.`id` = `peminjaman`.`id_anggota`
LEFT JOIN `users` as `petugas` ON `petugas`.`id` = `peminjaman`.`id_petugas`
LEFT JOIN `detail_peminjaman` ON `detail_peminjaman`.`id_peminjaman` = `peminjaman`.`id_peminjaman`
LEFT JOIN `buku` ON `buku`.`id_buku` = `detail_peminjaman`.`id_buku`
LEFT JOIN `pengembalian` ON `pengembalian`.`id_peminjaman` = `peminjaman`.`id_peminjaman`
GROUP BY `peminjaman`.`id_peminjaman`
ORDER BY `peminjaman`.`id_peminjaman` DESC', [], false)
 2 APPPATH\Controllers\peminjaman.php(71): CodeIgniter\Database\BaseBuilder->get()
 3 SYSTEMPATH\CodeIgniter.php(933): App\Controllers\Peminjaman->index()
 4 SYSTEMPATH\CodeIgniter.php(507): CodeIgniter\CodeIgniter->runController(Object(App\Controllers\Peminjaman))
 5 SYSTEMPATH\CodeIgniter.php(354): CodeIgniter\CodeIgniter->handleRequest(null, Object(Config\Cache), false)
 6 SYSTEMPATH\Boot.php(363): CodeIgniter\CodeIgniter->run()
 7 SYSTEMPATH\Boot.php(68): CodeIgniter\Boot::runCodeIgniter(Object(CodeIgniter\CodeIgniter))
 8 FCPATH\index.php(59): CodeIgniter\Boot::bootWeb(Object(Config\Paths))
CRITICAL - 2026-04-28 11:25:51 --> [Caused by] CodeIgniter\Database\Exceptions\DatabaseException: Unknown column 'pengembalian.tanggal_kembali' in 'field list'
in SYSTEMPATH\Database\MySQLi\Connection.php on line 332.
 1 SYSTEMPATH\Database\BaseConnection.php(729): CodeIgniter\Database\MySQLi\Connection->execute('SELECT `peminjaman`.*, `pengembalian`.`tanggal_kembali` as `tanggal_kembali_real`, `pengembalian`.`denda` as `denda_pengembalian`, `anggota`.`username` as `nama_anggota`, `petugas`.`username` as `nama_petugas`, GROUP_CONCAT(buku.cover) as cover, GROUP_CONCAT(buku.judul SEPARATOR "<br>") as judul_buku
FROM `peminjaman`
LEFT JOIN `users` as `anggota` ON `anggota`.`id` = `peminjaman`.`id_anggota`
LEFT JOIN `users` as `petugas` ON `petugas`.`id` = `peminjaman`.`id_petugas`
LEFT JOIN `detail_peminjaman` ON `detail_peminjaman`.`id_peminjaman` = `peminjaman`.`id_peminjaman`
LEFT JOIN `buku` ON `buku`.`id_buku` = `detail_peminjaman`.`id_buku`
LEFT JOIN `pengembalian` ON `pengembalian`.`id_peminjaman` = `peminjaman`.`id_peminjaman`
GROUP BY `peminjaman`.`id_peminjaman`
ORDER BY `peminjaman`.`id_peminjaman` DESC')
 2 SYSTEMPATH\Database\BaseConnection.php(646): CodeIgniter\Database\BaseConnection->simpleQuery('SELECT `peminjaman`.*, `pengembalian`.`tanggal_kembali` as `tanggal_kembali_real`, `pengembalian`.`denda` as `denda_pengembalian`, `anggota`.`username` as `nama_anggota`, `petugas`.`username` as `nama_petugas`, GROUP_CONCAT(buku.cover) as cover, GROUP_CONCAT(buku.judul SEPARATOR "<br>") as judul_buku
FROM `peminjaman`
LEFT JOIN `users` as `anggota` ON `anggota`.`id` = `peminjaman`.`id_anggota`
LEFT JOIN `users` as `petugas` ON `petugas`.`id` = `peminjaman`.`id_petugas`
LEFT JOIN `detail_peminjaman` ON `detail_peminjaman`.`id_peminjaman` = `peminjaman`.`id_peminjaman`
LEFT JOIN `buku` ON `buku`.`id_buku` = `detail_peminjaman`.`id_buku`
LEFT JOIN `pengembalian` ON `pengembalian`.`id_peminjaman` = `peminjaman`.`id_peminjaman`
GROUP BY `peminjaman`.`id_peminjaman`
ORDER BY `peminjaman`.`id_peminjaman` DESC')
 3 SYSTEMPATH\Database\BaseBuilder.php(1649): CodeIgniter\Database\BaseConnection->query('SELECT `peminjaman`.*, `pengembalian`.`tanggal_kembali` as `tanggal_kembali_real`, `pengembalian`.`denda` as `denda_pengembalian`, `anggota`.`username` as `nama_anggota`, `petugas`.`username` as `nama_petugas`, GROUP_CONCAT(buku.cover) as cover, GROUP_CONCAT(buku.judul SEPARATOR "<br>") as judul_buku
FROM `peminjaman`
LEFT JOIN `users` as `anggota` ON `anggota`.`id` = `peminjaman`.`id_anggota`
LEFT JOIN `users` as `petugas` ON `petugas`.`id` = `peminjaman`.`id_petugas`
LEFT JOIN `detail_peminjaman` ON `detail_peminjaman`.`id_peminjaman` = `peminjaman`.`id_peminjaman`
LEFT JOIN `buku` ON `buku`.`id_buku` = `detail_peminjaman`.`id_buku`
LEFT JOIN `pengembalian` ON `pengembalian`.`id_peminjaman` = `peminjaman`.`id_peminjaman`
GROUP BY `peminjaman`.`id_peminjaman`
ORDER BY `peminjaman`.`id_peminjaman` DESC', [], false)
 4 APPPATH\Controllers\peminjaman.php(71): CodeIgniter\Database\BaseBuilder->get()
 5 SYSTEMPATH\CodeIgniter.php(933): App\Controllers\Peminjaman->index()
 6 SYSTEMPATH\CodeIgniter.php(507): CodeIgniter\CodeIgniter->runController(Object(App\Controllers\Peminjaman))
 7 SYSTEMPATH\CodeIgniter.php(354): CodeIgniter\CodeIgniter->handleRequest(null, Object(Config\Cache), false)
 8 SYSTEMPATH\Boot.php(363): CodeIgniter\CodeIgniter->run()
 9 SYSTEMPATH\Boot.php(68): CodeIgniter\Boot::runCodeIgniter(Object(CodeIgniter\CodeIgniter))
10 FCPATH\index.php(59): CodeIgniter\Boot::bootWeb(Object(Config\Paths))
CRITICAL - 2026-04-28 11:25:51 --> [Caused by] mysqli_sql_exception: Unknown column 'pengembalian.tanggal_kembali' in 'field list'
in SYSTEMPATH\Database\MySQLi\Connection.php on line 327.
 1 SYSTEMPATH\Database\MySQLi\Connection.php(327): mysqli->query('SELECT `peminjaman`.*, `pengembalian`.`tanggal_kembali` as `tanggal_kembali_real`, `pengembalian`.`denda` as `denda_pengembalian`, `anggota`.`username` as `nama_anggota`, `petugas`.`username` as `nama_petugas`, GROUP_CONCAT(buku.cover) as cover, GROUP_CONCAT(buku.judul SEPARATOR "<br>") as judul_buku
FROM `peminjaman`
LEFT JOIN `users` as `anggota` ON `anggota`.`id` = `peminjaman`.`id_anggota`
LEFT JOIN `users` as `petugas` ON `petugas`.`id` = `peminjaman`.`id_petugas`
LEFT JOIN `detail_peminjaman` ON `detail_peminjaman`.`id_peminjaman` = `peminjaman`.`id_peminjaman`
LEFT JOIN `buku` ON `buku`.`id_buku` = `detail_peminjaman`.`id_buku`
LEFT JOIN `pengembalian` ON `pengembalian`.`id_peminjaman` = `peminjaman`.`id_peminjaman`
GROUP BY `peminjaman`.`id_peminjaman`
ORDER BY `peminjaman`.`id_peminjaman` DESC', 0)
 2 SYSTEMPATH\Database\BaseConnection.php(729): CodeIgniter\Database\MySQLi\Connection->execute('SELECT `peminjaman`.*, `pengembalian`.`tanggal_kembali` as `tanggal_kembali_real`, `pengembalian`.`denda` as `denda_pengembalian`, `anggota`.`username` as `nama_anggota`, `petugas`.`username` as `nama_petugas`, GROUP_CONCAT(buku.cover) as cover, GROUP_CONCAT(buku.judul SEPARATOR "<br>") as judul_buku
FROM `peminjaman`
LEFT JOIN `users` as `anggota` ON `anggota`.`id` = `peminjaman`.`id_anggota`
LEFT JOIN `users` as `petugas` ON `petugas`.`id` = `peminjaman`.`id_petugas`
LEFT JOIN `detail_peminjaman` ON `detail_peminjaman`.`id_peminjaman` = `peminjaman`.`id_peminjaman`
LEFT JOIN `buku` ON `buku`.`id_buku` = `detail_peminjaman`.`id_buku`
LEFT JOIN `pengembalian` ON `pengembalian`.`id_peminjaman` = `peminjaman`.`id_peminjaman`
GROUP BY `peminjaman`.`id_peminjaman`
ORDER BY `peminjaman`.`id_peminjaman` DESC')
 3 SYSTEMPATH\Database\BaseConnection.php(646): CodeIgniter\Database\BaseConnection->simpleQuery('SELECT `peminjaman`.*, `pengembalian`.`tanggal_kembali` as `tanggal_kembali_real`, `pengembalian`.`denda` as `denda_pengembalian`, `anggota`.`username` as `nama_anggota`, `petugas`.`username` as `nama_petugas`, GROUP_CONCAT(buku.cover) as cover, GROUP_CONCAT(buku.judul SEPARATOR "<br>") as judul_buku
FROM `peminjaman`
LEFT JOIN `users` as `anggota` ON `anggota`.`id` = `peminjaman`.`id_anggota`
LEFT JOIN `users` as `petugas` ON `petugas`.`id` = `peminjaman`.`id_petugas`
LEFT JOIN `detail_peminjaman` ON `detail_peminjaman`.`id_peminjaman` = `peminjaman`.`id_peminjaman`
LEFT JOIN `buku` ON `buku`.`id_buku` = `detail_peminjaman`.`id_buku`
LEFT JOIN `pengembalian` ON `pengembalian`.`id_peminjaman` = `peminjaman`.`id_peminjaman`
GROUP BY `peminjaman`.`id_peminjaman`
ORDER BY `peminjaman`.`id_peminjaman` DESC')
 4 SYSTEMPATH\Database\BaseBuilder.php(1649): CodeIgniter\Database\BaseConnection->query('SELECT `peminjaman`.*, `pengembalian`.`tanggal_kembali` as `tanggal_kembali_real`, `pengembalian`.`denda` as `denda_pengembalian`, `anggota`.`username` as `nama_anggota`, `petugas`.`username` as `nama_petugas`, GROUP_CONCAT(buku.cover) as cover, GROUP_CONCAT(buku.judul SEPARATOR "<br>") as judul_buku
FROM `peminjaman`
LEFT JOIN `users` as `anggota` ON `anggota`.`id` = `peminjaman`.`id_anggota`
LEFT JOIN `users` as `petugas` ON `petugas`.`id` = `peminjaman`.`id_petugas`
LEFT JOIN `detail_peminjaman` ON `detail_peminjaman`.`id_peminjaman` = `peminjaman`.`id_peminjaman`
LEFT JOIN `buku` ON `buku`.`id_buku` = `detail_peminjaman`.`id_buku`
LEFT JOIN `pengembalian` ON `pengembalian`.`id_peminjaman` = `peminjaman`.`id_peminjaman`
GROUP BY `peminjaman`.`id_peminjaman`
ORDER BY `peminjaman`.`id_peminjaman` DESC', [], false)
 5 APPPATH\Controllers\peminjaman.php(71): CodeIgniter\Database\BaseBuilder->get()
 6 SYSTEMPATH\CodeIgniter.php(933): App\Controllers\Peminjaman->index()
 7 SYSTEMPATH\CodeIgniter.php(507): CodeIgniter\CodeIgniter->runController(Object(App\Controllers\Peminjaman))
 8 SYSTEMPATH\CodeIgniter.php(354): CodeIgniter\CodeIgniter->handleRequest(null, Object(Config\Cache), false)
 9 SYSTEMPATH\Boot.php(363): CodeIgniter\CodeIgniter->run()
10 SYSTEMPATH\Boot.php(68): CodeIgniter\Boot::runCodeIgniter(Object(CodeIgniter\CodeIgniter))
11 FCPATH\index.php(59): CodeIgniter\Boot::bootWeb(Object(Config\Paths))
DEBUG - 2026-04-28 11:26:19 --> Session: Class initialized using 'CodeIgniter\Session\Handlers\FileHandler' driver.
DEBUG - 2026-04-28 11:26:21 --> Session: Class initialized using 'CodeIgniter\Session\Handlers\FileHandler' driver.
DEBUG - 2026-04-28 11:26:23 --> Session: Class initialized using 'CodeIgniter\Session\Handlers\FileHandler' driver.
DEBUG - 2026-04-28 11:26:31 --> Session: Class initialized using 'CodeIgniter\Session\Handlers\FileHandler' driver.
DEBUG - 2026-04-28 11:26:35 --> Session: Class initialized using 'CodeIgniter\Session\Handlers\FileHandler' driver.
DEBUG - 2026-04-28 11:26:36 --> Session: Class initialized using 'CodeIgniter\Session\Handlers\FileHandler' driver.
DEBUG - 2026-04-28 11:26:38 --> Session: Class initialized using 'CodeIgniter\Session\Handlers\FileHandler' driver.
DEBUG - 2026-04-28 11:26:58 --> Session: Class initialized using 'CodeIgniter\Session\Handlers\FileHandler' driver.
DEBUG - 2026-04-28 11:27:00 --> Session: Class initialized using 'CodeIgniter\Session\Handlers\FileHandler' driver.
DEBUG - 2026-04-28 11:27:07 --> Session: Class initialized using 'CodeIgniter\Session\Handlers\FileHandler' driver.
CRITICAL - 2026-04-28 11:28:31 --> ParseError: syntax error, unexpected token "public"
[Method: GET, Route: peminjaman]
in APPPATH\Controllers\peminjaman.php on line 69.
 1 SYSTEMPATH\Autoloader\Autoloader.php(295): CodeIgniter\Autoloader\Autoloader->includeFile('C:\\xampp\\htdocs\\perpuska\\app\\Controllers\\Peminjaman.php')
 2 SYSTEMPATH\Autoloader\Autoloader.php(271): CodeIgniter\Autoloader\Autoloader->loadInNamespace('App\\Controllers\\Peminjaman')
 3 [internal function]: CodeIgniter\Autoloader\Autoloader->loadClass('App\\Controllers\\Peminjaman')
 4 SYSTEMPATH\CodeIgniter.php(885): class_exists('\\App\\Controllers\\Peminjaman', true)
 5 SYSTEMPATH\CodeIgniter.php(494): CodeIgniter\CodeIgniter->startController()
 6 SYSTEMPATH\CodeIgniter.php(354): CodeIgniter\CodeIgniter->handleRequest(null, Object(Config\Cache), false)
 7 SYSTEMPATH\Boot.php(363): CodeIgniter\CodeIgniter->run()
 8 SYSTEMPATH\Boot.php(68): CodeIgniter\Boot::runCodeIgniter(Object(CodeIgniter\CodeIgniter))
 9 FCPATH\index.php(59): CodeIgniter\Boot::bootWeb(Object(Config\Paths))
DEBUG - 2026-04-28 11:29:36 --> Session: Class initialized using 'CodeIgniter\Session\Handlers\FileHandler' driver.
DEBUG - 2026-04-28 11:31:09 --> Session: Class initialized using 'CodeIgniter\Session\Handlers\FileHandler' driver.
CRITICAL - 2026-04-28 11:32:41 --> ErrorException: Undefined array key "tanggal_dikembalikan"
[Method: GET, Route: peminjaman]
in APPPATH\Views\peminjaman\index.php on line 114.
 1 APPPATH\Views\peminjaman\index.php(114): CodeIgniter\Debug\Exceptions->errorHandler(2, 'Undefined array key "tanggal_dikembalikan"', 'C:\\xampp\\htdocs\\perpuska\\app\\Views\\peminjaman\\index.php', 114)
 2 SYSTEMPATH\View\View.php(226): include('C:\\xampp\\htdocs\\perpuska\\app\\Views\\peminjaman\\index.php')
 3 SYSTEMPATH\View\View.php(229): CodeIgniter\View\View->CodeIgniter\View\{closure}()
 4 SYSTEMPATH\Common.php(1167): CodeIgniter\View\View->render('peminjaman/index', [], true)
 5 APPPATH\Controllers\peminjaman.php(86): view('peminjaman/index', [...])
 6 SYSTEMPATH\CodeIgniter.php(933): App\Controllers\Peminjaman->index()
 7 SYSTEMPATH\CodeIgniter.php(507): CodeIgniter\CodeIgniter->runController(Object(App\Controllers\Peminjaman))
 8 SYSTEMPATH\CodeIgniter.php(354): CodeIgniter\CodeIgniter->handleRequest(null, Object(Config\Cache), false)
 9 SYSTEMPATH\Boot.php(363): CodeIgniter\CodeIgniter->run()
10 SYSTEMPATH\Boot.php(68): CodeIgniter\Boot::runCodeIgniter(Object(CodeIgniter\CodeIgniter))
11 FCPATH\index.php(59): CodeIgniter\Boot::bootWeb(Object(Config\Paths))
CRITICAL - 2026-04-28 11:34:34 --> ErrorException: Undefined array key "tanggal_dikembalikan"
[Method: GET, Route: peminjaman]
in APPPATH\Views\peminjaman\index.php on line 114.
 1 APPPATH\Views\peminjaman\index.php(114): CodeIgniter\Debug\Exceptions->errorHandler(2, 'Undefined array key "tanggal_dikembalikan"', 'C:\\xampp\\htdocs\\perpuska\\app\\Views\\peminjaman\\index.php', 114)
 2 SYSTEMPATH\View\View.php(226): include('C:\\xampp\\htdocs\\perpuska\\app\\Views\\peminjaman\\index.php')
 3 SYSTEMPATH\View\View.php(229): CodeIgniter\View\View->CodeIgniter\View\{closure}()
 4 SYSTEMPATH\Common.php(1167): CodeIgniter\View\View->render('peminjaman/index', [], true)
 5 APPPATH\Controllers\peminjaman.php(86): view('peminjaman/index', [...])
 6 SYSTEMPATH\CodeIgniter.php(933): App\Controllers\Peminjaman->index()
 7 SYSTEMPATH\CodeIgniter.php(507): CodeIgniter\CodeIgniter->runController(Object(App\Controllers\Peminjaman))
 8 SYSTEMPATH\CodeIgniter.php(354): CodeIgniter\CodeIgniter->handleRequest(null, Object(Config\Cache), false)
 9 SYSTEMPATH\Boot.php(363): CodeIgniter\CodeIgniter->run()
10 SYSTEMPATH\Boot.php(68): CodeIgniter\Boot::runCodeIgniter(Object(CodeIgniter\CodeIgniter))
11 FCPATH\index.php(59): CodeIgniter\Boot::bootWeb(Object(Config\Paths))
CRITICAL - 2026-04-28 11:37:48 --> ErrorException: Undefined array key "tanggal_dikembalikan"
[Method: GET, Route: peminjaman]
in APPPATH\Controllers\peminjaman.php on line 71.
 1 APPPATH\Controllers\peminjaman.php(71): CodeIgniter\Debug\Exceptions->errorHandler(2, 'Undefined array key "tanggal_dikembalikan"', 'C:\\xampp\\htdocs\\perpuska\\app\\Controllers\\peminjaman.php', 71)
 2 SYSTEMPATH\CodeIgniter.php(933): App\Controllers\Peminjaman->index()
 3 SYSTEMPATH\CodeIgniter.php(507): CodeIgniter\CodeIgniter->runController(Object(App\Controllers\Peminjaman))
 4 SYSTEMPATH\CodeIgniter.php(354): CodeIgniter\CodeIgniter->handleRequest(null, Object(Config\Cache), false)
 5 SYSTEMPATH\Boot.php(363): CodeIgniter\CodeIgniter->run()
 6 SYSTEMPATH\Boot.php(68): CodeIgniter\Boot::runCodeIgniter(Object(CodeIgniter\CodeIgniter))
 7 FCPATH\index.php(59): CodeIgniter\Boot::bootWeb(Object(Config\Paths))
CRITICAL - 2026-04-28 11:38:54 --> ErrorException: Undefined array key "tanggal_dikembalikan"
[Method: GET, Route: peminjaman]
in APPPATH\Controllers\peminjaman.php on line 71.
 1 APPPATH\Controllers\peminjaman.php(71): CodeIgniter\Debug\Exceptions->errorHandler(2, 'Undefined array key "tanggal_dikembalikan"', 'C:\\xampp\\htdocs\\perpuska\\app\\Controllers\\peminjaman.php', 71)
 2 SYSTEMPATH\CodeIgniter.php(933): App\Controllers\Peminjaman->index()
 3 SYSTEMPATH\CodeIgniter.php(507): CodeIgniter\CodeIgniter->runController(Object(App\Controllers\Peminjaman))
 4 SYSTEMPATH\CodeIgniter.php(354): CodeIgniter\CodeIgniter->handleRequest(null, Object(Config\Cache), false)
 5 SYSTEMPATH\Boot.php(363): CodeIgniter\CodeIgniter->run()
 6 SYSTEMPATH\Boot.php(68): CodeIgniter\Boot::runCodeIgniter(Object(CodeIgniter\CodeIgniter))
 7 FCPATH\index.php(59): CodeIgniter\Boot::bootWeb(Object(Config\Paths))
DEBUG - 2026-04-28 11:42:38 --> Session: Class initialized using 'CodeIgniter\Session\Handlers\FileHandler' driver.
DEBUG - 2026-04-28 11:42:46 --> Session: Class initialized using 'CodeIgniter\Session\Handlers\FileHandler' driver.
DEBUG - 2026-04-28 11:42:48 --> Session: Class initialized using 'CodeIgniter\Session\Handlers\FileHandler' driver.
DEBUG - 2026-04-28 11:42:50 --> Session: Class initialized using 'CodeIgniter\Session\Handlers\FileHandler' driver.
DEBUG - 2026-04-28 11:42:53 --> Session: Class initialized using 'CodeIgniter\Session\Handlers\FileHandler' driver.
DEBUG - 2026-04-28 11:42:55 --> Session: Class initialized using 'CodeIgniter\Session\Handlers\FileHandler' driver.
DEBUG - 2026-04-28 11:42:57 --> Session: Class initialized using 'CodeIgniter\Session\Handlers\FileHandler' driver.
DEBUG - 2026-04-28 11:42:58 --> Session: Class initialized using 'CodeIgniter\Session\Handlers\FileHandler' driver.
DEBUG - 2026-04-28 11:43:07 --> Session: Class initialized using 'CodeIgniter\Session\Handlers\FileHandler' driver.
DEBUG - 2026-04-28 11:44:31 --> Session: Class initialized using 'CodeIgniter\Session\Handlers\FileHandler' driver.
DEBUG - 2026-04-28 11:44:33 --> Session: Class initialized using 'CodeIgniter\Session\Handlers\FileHandler' driver.
DEBUG - 2026-04-28 11:44:42 --> Session: Class initialized using 'CodeIgniter\Session\Handlers\FileHandler' driver.
DEBUG - 2026-04-28 11:45:16 --> Session: Class initialized using 'CodeIgniter\Session\Handlers\FileHandler' driver.
DEBUG - 2026-04-28 11:45:31 --> Session: Class initialized using 'CodeIgniter\Session\Handlers\FileHandler' driver.
DEBUG - 2026-04-28 11:46:40 --> Session: Class initialized using 'CodeIgniter\Session\Handlers\FileHandler' driver.
DEBUG - 2026-04-28 11:46:43 --> Session: Class initialized using 'CodeIgniter\Session\Handlers\FileHandler' driver.
DEBUG - 2026-04-28 11:46:52 --> Session: Class initialized using 'CodeIgniter\Session\Handlers\FileHandler' driver.
DEBUG - 2026-04-28 11:46:58 --> Session: Class initialized using 'CodeIgniter\Session\Handlers\FileHandler' driver.
DEBUG - 2026-04-28 11:47:01 --> Session: Class initialized using 'CodeIgniter\Session\Handlers\FileHandler' driver.
DEBUG - 2026-04-28 11:47:03 --> Session: Class initialized using 'CodeIgniter\Session\Handlers\FileHandler' driver.
DEBUG - 2026-04-28 11:47:20 --> Session: Class initialized using 'CodeIgniter\Session\Handlers\FileHandler' driver.
DEBUG - 2026-04-28 11:47:21 --> Session: Class initialized using 'CodeIgniter\Session\Handlers\FileHandler' driver.
DEBUG - 2026-04-28 11:47:23 --> Session: Class initialized using 'CodeIgniter\Session\Handlers\FileHandler' driver.
DEBUG - 2026-04-28 11:47:23 --> Session: Class initialized using 'CodeIgniter\Session\Handlers\FileHandler' driver.
DEBUG - 2026-04-28 11:47:38 --> Session: Class initialized using 'CodeIgniter\Session\Handlers\FileHandler' driver.
DEBUG - 2026-04-28 11:47:41 --> Session: Class initialized using 'CodeIgniter\Session\Handlers\FileHandler' driver.
DEBUG - 2026-04-28 11:47:44 --> Session: Class initialized using 'CodeIgniter\Session\Handlers\FileHandler' driver.
DEBUG - 2026-04-28 11:47:52 --> Session: Class initialized using 'CodeIgniter\Session\Handlers\FileHandler' driver.
DEBUG - 2026-04-28 11:47:52 --> Session: Class initialized using 'CodeIgniter\Session\Handlers\FileHandler' driver.
DEBUG - 2026-04-28 11:47:54 --> Session: Class initialized using 'CodeIgniter\Session\Handlers\FileHandler' driver.
DEBUG - 2026-04-28 11:48:02 --> Session: Class initialized using 'CodeIgniter\Session\Handlers\FileHandler' driver.
DEBUG - 2026-04-28 11:48:11 --> Session: Class initialized using 'CodeIgniter\Session\Handlers\FileHandler' driver.
DEBUG - 2026-04-28 11:49:32 --> Session: Class initialized using 'CodeIgniter\Session\Handlers\FileHandler' driver.
DEBUG - 2026-04-28 11:49:43 --> Session: Class initialized using 'CodeIgniter\Session\Handlers\FileHandler' driver.
DEBUG - 2026-04-28 11:50:00 --> Session: Class initialized using 'CodeIgniter\Session\Handlers\FileHandler' driver.
DEBUG - 2026-04-28 11:50:04 --> Session: Class initialized using 'CodeIgniter\Session\Handlers\FileHandler' driver.
DEBUG - 2026-04-28 11:50:06 --> Session: Class initialized using 'CodeIgniter\Session\Handlers\FileHandler' driver.
DEBUG - 2026-04-28 11:50:06 --> Session: Class initialized using 'CodeIgniter\Session\Handlers\FileHandler' driver.
DEBUG - 2026-04-28 11:50:23 --> Session: Class initialized using 'CodeIgniter\Session\Handlers\FileHandler' driver.
DEBUG - 2026-04-28 11:50:25 --> Session: Class initialized using 'CodeIgniter\Session\Handlers\FileHandler' driver.
DEBUG - 2026-04-28 11:50:29 --> Session: Class initialized using 'CodeIgniter\Session\Handlers\FileHandler' driver.
DEBUG - 2026-04-28 11:50:31 --> Session: Class initialized using 'CodeIgniter\Session\Handlers\FileHandler' driver.
DEBUG - 2026-04-28 11:50:33 --> Session: Class initialized using 'CodeIgniter\Session\Handlers\FileHandler' driver.
DEBUG - 2026-04-28 11:50:36 --> Session: Class initialized using 'CodeIgniter\Session\Handlers\FileHandler' driver.
DEBUG - 2026-04-28 11:50:38 --> Session: Class initialized using 'CodeIgniter\Session\Handlers\FileHandler' driver.
DEBUG - 2026-04-28 11:50:40 --> Session: Class initialized using 'CodeIgniter\Session\Handlers\FileHandler' driver.
DEBUG - 2026-04-28 11:50:42 --> Session: Class initialized using 'CodeIgniter\Session\Handlers\FileHandler' driver.
DEBUG - 2026-04-28 11:50:43 --> Session: Class initialized using 'CodeIgniter\Session\Handlers\FileHandler' driver.
DEBUG - 2026-04-28 11:50:45 --> Session: Class initialized using 'CodeIgniter\Session\Handlers\FileHandler' driver.
DEBUG - 2026-04-28 11:50:47 --> Session: Class initialized using 'CodeIgniter\Session\Handlers\FileHandler' driver.
DEBUG - 2026-04-28 11:50:51 --> Session: Class initialized using 'CodeIgniter\Session\Handlers\FileHandler' driver.
DEBUG - 2026-04-28 11:50:51 --> Session: Class initialized using 'CodeIgniter\Session\Handlers\FileHandler' driver.
DEBUG - 2026-04-28 11:50:56 --> Session: Class initialized using 'CodeIgniter\Session\Handlers\FileHandler' driver.
DEBUG - 2026-04-28 11:50:56 --> Session: Class initialized using 'CodeIgniter\Session\Handlers\FileHandler' driver.
DEBUG - 2026-04-28 11:50:58 --> Session: Class initialized using 'CodeIgniter\Session\Handlers\FileHandler' driver.
DEBUG - 2026-04-28 11:51:01 --> Session: Class initialized using 'CodeIgniter\Session\Handlers\FileHandler' driver.
DEBUG - 2026-04-28 11:51:05 --> Session: Class initialized using 'CodeIgniter\Session\Handlers\FileHandler' driver.
DEBUG - 2026-04-28 11:51:07 --> Session: Class initialized using 'CodeIgniter\Session\Handlers\FileHandler' driver.
DEBUG - 2026-04-28 11:51:11 --> Session: Class initialized using 'CodeIgniter\Session\Handlers\FileHandler' driver.
DEBUG - 2026-04-28 11:51:12 --> Session: Class initialized using 'CodeIgniter\Session\Handlers\FileHandler' driver.
DEBUG - 2026-04-28 11:53:49 --> Session: Class initialized using 'CodeIgniter\Session\Handlers\FileHandler' driver.
DEBUG - 2026-04-28 11:53:54 --> Session: Class initialized using 'CodeIgniter\Session\Handlers\FileHandler' driver.
DEBUG - 2026-04-28 11:53:54 --> Session: Class initialized using 'CodeIgniter\Session\Handlers\FileHandler' driver.
DEBUG - 2026-04-28 11:53:55 --> Session: Class initialized using 'CodeIgniter\Session\Handlers\FileHandler' driver.
DEBUG - 2026-04-28 11:54:31 --> Session: Class initialized using 'CodeIgniter\Session\Handlers\FileHandler' driver.
DEBUG - 2026-04-28 11:54:37 --> Session: Class initialized using 'CodeIgniter\Session\Handlers\FileHandler' driver.
DEBUG - 2026-04-28 11:54:37 --> Session: Class initialized using 'CodeIgniter\Session\Handlers\FileHandler' driver.
DEBUG - 2026-04-28 11:54:47 --> Session: Class initialized using 'CodeIgniter\Session\Handlers\FileHandler' driver.
DEBUG - 2026-04-28 11:54:48 --> Session: Class initialized using 'CodeIgniter\Session\Handlers\FileHandler' driver.
DEBUG - 2026-04-28 11:54:50 --> Session: Class initialized using 'CodeIgniter\Session\Handlers\FileHandler' driver.
DEBUG - 2026-04-28 11:54:57 --> Session: Class initialized using 'CodeIgniter\Session\Handlers\FileHandler' driver.
DEBUG - 2026-04-28 11:54:57 --> Session: Class initialized using 'CodeIgniter\Session\Handlers\FileHandler' driver.
DEBUG - 2026-04-28 11:55:15 --> Session: Class initialized using 'CodeIgniter\Session\Handlers\FileHandler' driver.
DEBUG - 2026-04-28 11:55:16 --> Session: Class initialized using 'CodeIgniter\Session\Handlers\FileHandler' driver.
DEBUG - 2026-04-28 11:55:23 --> Session: Class initialized using 'CodeIgniter\Session\Handlers\FileHandler' driver.
DEBUG - 2026-04-28 11:55:24 --> Session: Class initialized using 'CodeIgniter\Session\Handlers\FileHandler' driver.
DEBUG - 2026-04-28 11:55:25 --> Session: Class initialized using 'CodeIgniter\Session\Handlers\FileHandler' driver.
DEBUG - 2026-04-28 11:55:25 --> Session: Class initialized using 'CodeIgniter\Session\Handlers\FileHandler' driver.
DEBUG - 2026-04-28 11:56:01 --> Session: Class initialized using 'CodeIgniter\Session\Handlers\FileHandler' driver.
DEBUG - 2026-04-28 11:56:02 --> Session: Class initialized using 'CodeIgniter\Session\Handlers\FileHandler' driver.
DEBUG - 2026-04-28 11:56:10 --> Session: Class initialized using 'CodeIgniter\Session\Handlers\FileHandler' driver.
DEBUG - 2026-04-28 11:56:10 --> Session: Class initialized using 'CodeIgniter\Session\Handlers\FileHandler' driver.
DEBUG - 2026-04-28 11:56:23 --> Session: Class initialized using 'CodeIgniter\Session\Handlers\FileHandler' driver.
DEBUG - 2026-04-28 11:56:23 --> Session: Class initialized using 'CodeIgniter\Session\Handlers\FileHandler' driver.
DEBUG - 2026-04-28 11:56:41 --> Session: Class initialized using 'CodeIgniter\Session\Handlers\FileHandler' driver.
DEBUG - 2026-04-28 11:56:41 --> Session: Class initialized using 'CodeIgniter\Session\Handlers\FileHandler' driver.
DEBUG - 2026-04-28 11:56:47 --> Session: Class initialized using 'CodeIgniter\Session\Handlers\FileHandler' driver.
DEBUG - 2026-04-28 11:56:48 --> Session: Class initialized using 'CodeIgniter\Session\Handlers\FileHandler' driver.
DEBUG - 2026-04-28 11:57:06 --> Session: Class initialized using 'CodeIgniter\Session\Handlers\FileHandler' driver.
DEBUG - 2026-04-28 11:57:06 --> Session: Class initialized using 'CodeIgniter\Session\Handlers\FileHandler' driver.
DEBUG - 2026-04-28 11:57:12 --> Session: Class initialized using 'CodeIgniter\Session\Handlers\FileHandler' driver.
DEBUG - 2026-04-28 11:57:12 --> Session: Class initialized using 'CodeIgniter\Session\Handlers\FileHandler' driver.
DEBUG - 2026-04-28 11:57:15 --> Session: Class initialized using 'CodeIgniter\Session\Handlers\FileHandler' driver.
DEBUG - 2026-04-28 11:57:19 --> Session: Class initialized using 'CodeIgniter\Session\Handlers\FileHandler' driver.
DEBUG - 2026-04-28 11:57:23 --> Session: Class initialized using 'CodeIgniter\Session\Handlers\FileHandler' driver.
CRITICAL - 2026-04-28 11:57:27 --> ErrorException: Undefined array key "tanggal_kembali"
[Method: POST, Route: pengembalian/store]
in APPPATH\Controllers\Pengembalian.php on line 58.
 1 APPPATH\Controllers\Pengembalian.php(58): CodeIgniter\Debug\Exceptions->errorHandler(2, 'Undefined array key "tanggal_kembali"', 'C:\\xampp\\htdocs\\perpuska\\app\\Controllers\\Pengembalian.php', 58)
 2 SYSTEMPATH\CodeIgniter.php(933): App\Controllers\Pengembalian->store()
 3 SYSTEMPATH\CodeIgniter.php(507): CodeIgniter\CodeIgniter->runController(Object(App\Controllers\Pengembalian))
 4 SYSTEMPATH\CodeIgniter.php(354): CodeIgniter\CodeIgniter->handleRequest(null, Object(Config\Cache), false)
 5 SYSTEMPATH\Boot.php(363): CodeIgniter\CodeIgniter->run()
 6 SYSTEMPATH\Boot.php(68): CodeIgniter\Boot::runCodeIgniter(Object(CodeIgniter\CodeIgniter))
 7 FCPATH\index.php(59): CodeIgniter\Boot::bootWeb(Object(Config\Paths))
CRITICAL - 2026-04-28 11:58:55 --> ErrorException: Undefined array key "tanggal_kembali"
[Method: POST, Route: pengembalian/store]
in APPPATH\Controllers\Pengembalian.php on line 58.
 1 APPPATH\Controllers\Pengembalian.php(58): CodeIgniter\Debug\Exceptions->errorHandler(2, 'Undefined array key "tanggal_kembali"', 'C:\\xampp\\htdocs\\perpuska\\app\\Controllers\\Pengembalian.php', 58)
 2 SYSTEMPATH\CodeIgniter.php(933): App\Controllers\Pengembalian->store()
 3 SYSTEMPATH\CodeIgniter.php(507): CodeIgniter\CodeIgniter->runController(Object(App\Controllers\Pengembalian))
 4 SYSTEMPATH\CodeIgniter.php(354): CodeIgniter\CodeIgniter->handleRequest(null, Object(Config\Cache), false)
 5 SYSTEMPATH\Boot.php(363): CodeIgniter\CodeIgniter->run()
 6 SYSTEMPATH\Boot.php(68): CodeIgniter\Boot::runCodeIgniter(Object(CodeIgniter\CodeIgniter))
 7 FCPATH\index.php(59): CodeIgniter\Boot::bootWeb(Object(Config\Paths))
CRITICAL - 2026-04-28 11:59:42 --> ErrorException: Undefined array key "tanggal_kembali"
[Method: POST, Route: pengembalian/store]
in APPPATH\Controllers\Pengembalian.php on line 58.
 1 APPPATH\Controllers\Pengembalian.php(58): CodeIgniter\Debug\Exceptions->errorHandler(2, 'Undefined array key "tanggal_kembali"', 'C:\\xampp\\htdocs\\perpuska\\app\\Controllers\\Pengembalian.php', 58)
 2 SYSTEMPATH\CodeIgniter.php(933): App\Controllers\Pengembalian->store()
 3 SYSTEMPATH\CodeIgniter.php(507): CodeIgniter\CodeIgniter->runController(Object(App\Controllers\Pengembalian))
 4 SYSTEMPATH\CodeIgniter.php(354): CodeIgniter\CodeIgniter->handleRequest(null, Object(Config\Cache), false)
 5 SYSTEMPATH\Boot.php(363): CodeIgniter\CodeIgniter->run()
 6 SYSTEMPATH\Boot.php(68): CodeIgniter\Boot::runCodeIgniter(Object(CodeIgniter\CodeIgniter))
 7 FCPATH\index.php(59): CodeIgniter\Boot::bootWeb(Object(Config\Paths))
CRITICAL - 2026-04-28 12:00:16 --> ErrorException: Undefined array key "tanggal_kembali"
[Method: POST, Route: pengembalian/store]
in APPPATH\Controllers\Pengembalian.php on line 58.
 1 APPPATH\Controllers\Pengembalian.php(58): CodeIgniter\Debug\Exceptions->errorHandler(2, 'Undefined array key "tanggal_kembali"', 'C:\\xampp\\htdocs\\perpuska\\app\\Controllers\\Pengembalian.php', 58)
 2 SYSTEMPATH\CodeIgniter.php(933): App\Controllers\Pengembalian->store()
 3 SYSTEMPATH\CodeIgniter.php(507): CodeIgniter\CodeIgniter->runController(Object(App\Controllers\Pengembalian))
 4 SYSTEMPATH\CodeIgniter.php(354): CodeIgniter\CodeIgniter->handleRequest(null, Object(Config\Cache), false)
 5 SYSTEMPATH\Boot.php(363): CodeIgniter\CodeIgniter->run()
 6 SYSTEMPATH\Boot.php(68): CodeIgniter\Boot::runCodeIgniter(Object(CodeIgniter\CodeIgniter))
 7 FCPATH\index.php(59): CodeIgniter\Boot::bootWeb(Object(Config\Paths))
DEBUG - 2026-04-28 12:00:21 --> Session: Class initialized using 'CodeIgniter\Session\Handlers\FileHandler' driver.
CRITICAL - 2026-04-28 12:00:24 --> ParseError: syntax error, unexpected token "public"
[Method: GET, Route: anggota/peminjaman]
in APPPATH\Controllers\peminjaman.php on line 123.
 1 SYSTEMPATH\Autoloader\Autoloader.php(295): CodeIgniter\Autoloader\Autoloader->includeFile('C:\\xampp\\htdocs\\perpuska\\app\\Controllers\\Peminjaman.php')
 2 SYSTEMPATH\Autoloader\Autoloader.php(271): CodeIgniter\Autoloader\Autoloader->loadInNamespace('App\\Controllers\\Peminjaman')
 3 [internal function]: CodeIgniter\Autoloader\Autoloader->loadClass('App\\Controllers\\Peminjaman')
 4 SYSTEMPATH\CodeIgniter.php(885): class_exists('\\App\\Controllers\\Peminjaman', true)
 5 SYSTEMPATH\CodeIgniter.php(494): CodeIgniter\CodeIgniter->startController()
 6 SYSTEMPATH\CodeIgniter.php(354): CodeIgniter\CodeIgniter->handleRequest(null, Object(Config\Cache), false)
 7 SYSTEMPATH\Boot.php(363): CodeIgniter\CodeIgniter->run()
 8 SYSTEMPATH\Boot.php(68): CodeIgniter\Boot::runCodeIgniter(Object(CodeIgniter\CodeIgniter))
 9 FCPATH\index.php(59): CodeIgniter\Boot::bootWeb(Object(Config\Paths))
DEBUG - 2026-04-28 12:01:23 --> Session: Class initialized using 'CodeIgniter\Session\Handlers\FileHandler' driver.
DEBUG - 2026-04-28 12:01:26 --> Session: Class initialized using 'CodeIgniter\Session\Handlers\FileHandler' driver.
DEBUG - 2026-04-28 12:01:26 --> Session: Class initialized using 'CodeIgniter\Session\Handlers\FileHandler' driver.
DEBUG - 2026-04-28 12:01:30 --> Session: Class initialized using 'CodeIgniter\Session\Handlers\FileHandler' driver.
DEBUG - 2026-04-28 12:01:30 --> Session: Class initialized using 'CodeIgniter\Session\Handlers\FileHandler' driver.
DEBUG - 2026-04-28 12:01:37 --> Session: Class initialized using 'CodeIgniter\Session\Handlers\FileHandler' driver.
DEBUG - 2026-04-28 12:01:38 --> Session: Class initialized using 'CodeIgniter\Session\Handlers\FileHandler' driver.
DEBUG - 2026-04-28 12:02:26 --> Session: Class initialized using 'CodeIgniter\Session\Handlers\FileHandler' driver.
DEBUG - 2026-04-28 12:04:54 --> Session: Class initialized using 'CodeIgniter\Session\Handlers\FileHandler' driver.
DEBUG - 2026-04-28 12:06:20 --> Session: Class initialized using 'CodeIgniter\Session\Handlers\FileHandler' driver.
DEBUG - 2026-04-28 12:07:19 --> Session: Class initialized using 'CodeIgniter\Session\Handlers\FileHandler' driver.
DEBUG - 2026-04-28 12:07:29 --> Session: Class initialized using 'CodeIgniter\Session\Handlers\FileHandler' driver.
DEBUG - 2026-04-28 12:07:39 --> Session: Class initialized using 'CodeIgniter\Session\Handlers\FileHandler' driver.
DEBUG - 2026-04-28 12:07:44 --> Session: Class initialized using 'CodeIgniter\Session\Handlers\FileHandler' driver.
DEBUG - 2026-04-28 12:15:33 --> Session: Class initialized using 'CodeIgniter\Session\Handlers\FileHandler' driver.
DEBUG - 2026-04-28 12:15:33 --> Session: Class initialized using 'CodeIgniter\Session\Handlers\FileHandler' driver.
DEBUG - 2026-04-28 12:15:38 --> Session: Class initialized using 'CodeIgniter\Session\Handlers\FileHandler' driver.
