DEBUG - 2026-04-25 03:22:10 --> Session: Class initialized using 'CodeIgniter\Session\Handlers\FileHandler' driver.
DEBUG - 2026-04-25 03:22:17 --> Session: Class initialized using 'CodeIgniter\Session\Handlers\FileHandler' driver.
DEBUG - 2026-04-25 03:22:17 --> Session: Class initialized using 'CodeIgniter\Session\Handlers\FileHandler' driver.
DEBUG - 2026-04-25 03:22:23 --> Session: Class initialized using 'CodeIgniter\Session\Handlers\FileHandler' driver.
DEBUG - 2026-04-25 03:22:24 --> Session: Class initialized using 'CodeIgniter\Session\Handlers\FileHandler' driver.
DEBUG - 2026-04-25 03:22:26 --> Session: Class initialized using 'CodeIgniter\Session\Handlers\FileHandler' driver.
DEBUG - 2026-04-25 03:22:30 --> Session: Class initialized using 'CodeIgniter\Session\Handlers\FileHandler' driver.
DEBUG - 2026-04-25 03:22:44 --> Session: Class initialized using 'CodeIgniter\Session\Handlers\FileHandler' driver.
DEBUG - 2026-04-25 03:22:47 --> Session: Class initialized using 'CodeIgniter\Session\Handlers\FileHandler' driver.
DEBUG - 2026-04-25 03:24:28 --> Session: Class initialized using 'CodeIgniter\Session\Handlers\FileHandler' driver.
ERROR - 2026-04-25 03:24:29 --> Error connecting to the database: mysqli_sql_exception: Unknown database 'duyek' in C:\xampp\htdocs\perpus\system\Database\MySQLi\Connection.php:201
Stack trace:
#0 C:\xampp\htdocs\perpus\system\Database\MySQLi\Connection.php(201): mysqli->real_connect('localhost', 'root', Object(SensitiveParameterValue), 'duyek', 3306, '', 0)
#1 C:\xampp\htdocs\perpus\system\Database\BaseConnection.php(419): CodeIgniter\Database\MySQLi\Connection->connect(false)
#2 C:\xampp\htdocs\perpus\system\Database\BaseConnection.php(614): CodeIgniter\Database\BaseConnection->initialize()
#3 C:\xampp\htdocs\perpus\system\Database\BaseBuilder.php(1649): CodeIgniter\Database\BaseConnection->query('SELECT *\nFROM `...', Array, false)
#4 C:\xampp\htdocs\perpus\system\Model.php(286): CodeIgniter\Database\BaseBuilder->get()
#5 C:\xampp\htdocs\perpus\system\BaseModel.php(677): CodeIgniter\Model->doFindAll(0, 0)
#6 C:\xampp\htdocs\perpus\app\Controllers\peminjaman.php(55): CodeIgniter\BaseModel->findAll()
#7 C:\xampp\htdocs\perpus\system\CodeIgniter.php(933): App\Controllers\Peminjaman->create()
#8 C:\xampp\htdocs\perpus\system\CodeIgniter.php(507): CodeIgniter\CodeIgniter->runController(Object(App\Controllers\Peminjaman))
#9 C:\xampp\htdocs\perpus\system\CodeIgniter.php(354): CodeIgniter\CodeIgniter->handleRequest(NULL, Object(Config\Cache), false)
#10 C:\xampp\htdocs\perpus\system\Boot.php(363): CodeIgniter\CodeIgniter->run()
#11 C:\xampp\htdocs\perpus\system\Boot.php(68): CodeIgniter\Boot::runCodeIgniter(Object(CodeIgniter\CodeIgniter))
#12 C:\xampp\htdocs\perpus\index.php(59): CodeIgniter\Boot::bootWeb(Object(Config\Paths))
#13 {main}

Next CodeIgniter\Database\Exceptions\DatabaseException: Unknown database 'duyek' in C:\xampp\htdocs\perpus\system\Database\MySQLi\Connection.php:246
Stack trace:
#0 C:\xampp\htdocs\perpus\system\Database\BaseConnection.php(419): CodeIgniter\Database\MySQLi\Connection->connect(false)
#1 C:\xampp\htdocs\perpus\system\Database\BaseConnection.php(614): CodeIgniter\Database\BaseConnection->initialize()
#2 C:\xampp\htdocs\perpus\system\Database\BaseBuilder.php(1649): CodeIgniter\Database\BaseConnection->query('SELECT *\nFROM `...', Array, false)
#3 C:\xampp\htdocs\perpus\system\Model.php(286): CodeIgniter\Database\BaseBuilder->get()
#4 C:\xampp\htdocs\perpus\system\BaseModel.php(677): CodeIgniter\Model->doFindAll(0, 0)
#5 C:\xampp\htdocs\perpus\app\Controllers\peminjaman.php(55): CodeIgniter\BaseModel->findAll()
#6 C:\xampp\htdocs\perpus\system\CodeIgniter.php(933): App\Controllers\Peminjaman->create()
#7 C:\xampp\htdocs\perpus\system\CodeIgniter.php(507): CodeIgniter\CodeIgniter->runController(Object(App\Controllers\Peminjaman))
#8 C:\xampp\htdocs\perpus\system\CodeIgniter.php(354): CodeIgniter\CodeIgniter->handleRequest(NULL, Object(Config\Cache), false)
#9 C:\xampp\htdocs\perpus\system\Boot.php(363): CodeIgniter\CodeIgniter->run()
#10 C:\xampp\htdocs\perpus\system\Boot.php(68): CodeIgniter\Boot::runCodeIgniter(Object(CodeIgniter\CodeIgniter))
#11 C:\xampp\htdocs\perpus\index.php(59): CodeIgniter\Boot::bootWeb(Object(Config\Paths))
#12 {main}
CRITICAL - 2026-04-25 03:24:29 --> CodeIgniter\Database\Exceptions\DatabaseException: Unable to connect to the database.
Main connection [MySQLi]: Unknown database 'duyek'
[Method: GET, Route: peminjaman/create]
in SYSTEMPATH\Database\BaseConnection.php on line 465.
 1 SYSTEMPATH\Database\BaseConnection.php(614): CodeIgniter\Database\BaseConnection->initialize()
 2 SYSTEMPATH\Database\BaseBuilder.php(1649): CodeIgniter\Database\BaseConnection->query('SELECT *
FROM `users`', [], false)
 3 SYSTEMPATH\Model.php(286): CodeIgniter\Database\BaseBuilder->get()
 4 SYSTEMPATH\BaseModel.php(677): CodeIgniter\Model->doFindAll(0, 0)
 5 APPPATH\Controllers\peminjaman.php(55): CodeIgniter\BaseModel->findAll()
 6 SYSTEMPATH\CodeIgniter.php(933): App\Controllers\Peminjaman->create()
 7 SYSTEMPATH\CodeIgniter.php(507): CodeIgniter\CodeIgniter->runController(Object(App\Controllers\Peminjaman))
 8 SYSTEMPATH\CodeIgniter.php(354): CodeIgniter\CodeIgniter->handleRequest(null, Object(Config\Cache), false)
 9 SYSTEMPATH\Boot.php(363): CodeIgniter\CodeIgniter->run()
10 SYSTEMPATH\Boot.php(68): CodeIgniter\Boot::runCodeIgniter(Object(CodeIgniter\CodeIgniter))
11 FCPATH\index.php(59): CodeIgniter\Boot::bootWeb(Object(Config\Paths))
DEBUG - 2026-04-25 03:27:38 --> Session: Class initialized using 'CodeIgniter\Session\Handlers\FileHandler' driver.
ERROR - 2026-04-25 03:27:38 --> Error connecting to the database: mysqli_sql_exception: Unknown database 'duyek' in C:\xampp\htdocs\perpus\system\Database\MySQLi\Connection.php:201
Stack trace:
#0 C:\xampp\htdocs\perpus\system\Database\MySQLi\Connection.php(201): mysqli->real_connect('localhost', 'root', Object(SensitiveParameterValue), 'duyek', 3306, '', 0)
#1 C:\xampp\htdocs\perpus\system\Database\BaseConnection.php(419): CodeIgniter\Database\MySQLi\Connection->connect(false)
#2 C:\xampp\htdocs\perpus\system\Database\BaseConnection.php(614): CodeIgniter\Database\BaseConnection->initialize()
#3 C:\xampp\htdocs\perpus\system\Database\BaseBuilder.php(1649): CodeIgniter\Database\BaseConnection->query('SELECT *\nFROM `...', Array, false)
#4 C:\xampp\htdocs\perpus\system\Model.php(286): CodeIgniter\Database\BaseBuilder->get()
#5 C:\xampp\htdocs\perpus\system\BaseModel.php(677): CodeIgniter\Model->doFindAll(0, 0)
#6 C:\xampp\htdocs\perpus\app\Controllers\peminjaman.php(55): CodeIgniter\BaseModel->findAll()
#7 C:\xampp\htdocs\perpus\system\CodeIgniter.php(933): App\Controllers\Peminjaman->create()
#8 C:\xampp\htdocs\perpus\system\CodeIgniter.php(507): CodeIgniter\CodeIgniter->runController(Object(App\Controllers\Peminjaman))
#9 C:\xampp\htdocs\perpus\system\CodeIgniter.php(354): CodeIgniter\CodeIgniter->handleRequest(NULL, Object(Config\Cache), false)
#10 C:\xampp\htdocs\perpus\system\Boot.php(363): CodeIgniter\CodeIgniter->run()
#11 C:\xampp\htdocs\perpus\system\Boot.php(68): CodeIgniter\Boot::runCodeIgniter(Object(CodeIgniter\CodeIgniter))
#12 C:\xampp\htdocs\perpus\index.php(59): CodeIgniter\Boot::bootWeb(Object(Config\Paths))
#13 {main}

Next CodeIgniter\Database\Exceptions\DatabaseException: Unknown database 'duyek' in C:\xampp\htdocs\perpus\system\Database\MySQLi\Connection.php:246
Stack trace:
#0 C:\xampp\htdocs\perpus\system\Database\BaseConnection.php(419): CodeIgniter\Database\MySQLi\Connection->connect(false)
#1 C:\xampp\htdocs\perpus\system\Database\BaseConnection.php(614): CodeIgniter\Database\BaseConnection->initialize()
#2 C:\xampp\htdocs\perpus\system\Database\BaseBuilder.php(1649): CodeIgniter\Database\BaseConnection->query('SELECT *\nFROM `...', Array, false)
#3 C:\xampp\htdocs\perpus\system\Model.php(286): CodeIgniter\Database\BaseBuilder->get()
#4 C:\xampp\htdocs\perpus\system\BaseModel.php(677): CodeIgniter\Model->doFindAll(0, 0)
#5 C:\xampp\htdocs\perpus\app\Controllers\peminjaman.php(55): CodeIgniter\BaseModel->findAll()
#6 C:\xampp\htdocs\perpus\system\CodeIgniter.php(933): App\Controllers\Peminjaman->create()
#7 C:\xampp\htdocs\perpus\system\CodeIgniter.php(507): CodeIgniter\CodeIgniter->runController(Object(App\Controllers\Peminjaman))
#8 C:\xampp\htdocs\perpus\system\CodeIgniter.php(354): CodeIgniter\CodeIgniter->handleRequest(NULL, Object(Config\Cache), false)
#9 C:\xampp\htdocs\perpus\system\Boot.php(363): CodeIgniter\CodeIgniter->run()
#10 C:\xampp\htdocs\perpus\system\Boot.php(68): CodeIgniter\Boot::runCodeIgniter(Object(CodeIgniter\CodeIgniter))
#11 C:\xampp\htdocs\perpus\index.php(59): CodeIgniter\Boot::bootWeb(Object(Config\Paths))
#12 {main}
CRITICAL - 2026-04-25 03:27:38 --> CodeIgniter\Database\Exceptions\DatabaseException: Unable to connect to the database.
Main connection [MySQLi]: Unknown database 'duyek'
[Method: GET, Route: peminjaman/create]
in SYSTEMPATH\Database\BaseConnection.php on line 465.
 1 SYSTEMPATH\Database\BaseConnection.php(614): CodeIgniter\Database\BaseConnection->initialize()
 2 SYSTEMPATH\Database\BaseBuilder.php(1649): CodeIgniter\Database\BaseConnection->query('SELECT *
FROM `users`', [], false)
 3 SYSTEMPATH\Model.php(286): CodeIgniter\Database\BaseBuilder->get()
 4 SYSTEMPATH\BaseModel.php(677): CodeIgniter\Model->doFindAll(0, 0)
 5 APPPATH\Controllers\peminjaman.php(55): CodeIgniter\BaseModel->findAll()
 6 SYSTEMPATH\CodeIgniter.php(933): App\Controllers\Peminjaman->create()
 7 SYSTEMPATH\CodeIgniter.php(507): CodeIgniter\CodeIgniter->runController(Object(App\Controllers\Peminjaman))
 8 SYSTEMPATH\CodeIgniter.php(354): CodeIgniter\CodeIgniter->handleRequest(null, Object(Config\Cache), false)
 9 SYSTEMPATH\Boot.php(363): CodeIgniter\CodeIgniter->run()
10 SYSTEMPATH\Boot.php(68): CodeIgniter\Boot::runCodeIgniter(Object(CodeIgniter\CodeIgniter))
11 FCPATH\index.php(59): CodeIgniter\Boot::bootWeb(Object(Config\Paths))
DEBUG - 2026-04-25 03:28:21 --> Session: Class initialized using 'CodeIgniter\Session\Handlers\FileHandler' driver.
ERROR - 2026-04-25 03:28:21 --> Error connecting to the database: mysqli_sql_exception: Unknown database 'duyek' in C:\xampp\htdocs\perpus\system\Database\MySQLi\Connection.php:201
Stack trace:
#0 C:\xampp\htdocs\perpus\system\Database\MySQLi\Connection.php(201): mysqli->real_connect('localhost', 'root', Object(SensitiveParameterValue), 'duyek', 3306, '', 0)
#1 C:\xampp\htdocs\perpus\system\Database\BaseConnection.php(419): CodeIgniter\Database\MySQLi\Connection->connect(false)
#2 C:\xampp\htdocs\perpus\system\Database\BaseConnection.php(614): CodeIgniter\Database\BaseConnection->initialize()
#3 C:\xampp\htdocs\perpus\system\Database\BaseBuilder.php(1649): CodeIgniter\Database\BaseConnection->query('SELECT *\nFROM `...', Array, false)
#4 C:\xampp\htdocs\perpus\system\Model.php(286): CodeIgniter\Database\BaseBuilder->get()
#5 C:\xampp\htdocs\perpus\system\BaseModel.php(677): CodeIgniter\Model->doFindAll(0, 0)
#6 C:\xampp\htdocs\perpus\app\Controllers\peminjaman.php(55): CodeIgniter\BaseModel->findAll()
#7 C:\xampp\htdocs\perpus\system\CodeIgniter.php(933): App\Controllers\Peminjaman->create()
#8 C:\xampp\htdocs\perpus\system\CodeIgniter.php(507): CodeIgniter\CodeIgniter->runController(Object(App\Controllers\Peminjaman))
#9 C:\xampp\htdocs\perpus\system\CodeIgniter.php(354): CodeIgniter\CodeIgniter->handleRequest(NULL, Object(Config\Cache), false)
#10 C:\xampp\htdocs\perpus\system\Boot.php(363): CodeIgniter\CodeIgniter->run()
#11 C:\xampp\htdocs\perpus\system\Boot.php(68): CodeIgniter\Boot::runCodeIgniter(Object(CodeIgniter\CodeIgniter))
#12 C:\xampp\htdocs\perpus\index.php(59): CodeIgniter\Boot::bootWeb(Object(Config\Paths))
#13 {main}

Next CodeIgniter\Database\Exceptions\DatabaseException: Unknown database 'duyek' in C:\xampp\htdocs\perpus\system\Database\MySQLi\Connection.php:246
Stack trace:
#0 C:\xampp\htdocs\perpus\system\Database\BaseConnection.php(419): CodeIgniter\Database\MySQLi\Connection->connect(false)
#1 C:\xampp\htdocs\perpus\system\Database\BaseConnection.php(614): CodeIgniter\Database\BaseConnection->initialize()
#2 C:\xampp\htdocs\perpus\system\Database\BaseBuilder.php(1649): CodeIgniter\Database\BaseConnection->query('SELECT *\nFROM `...', Array, false)
#3 C:\xampp\htdocs\perpus\system\Model.php(286): CodeIgniter\Database\BaseBuilder->get()
#4 C:\xampp\htdocs\perpus\system\BaseModel.php(677): CodeIgniter\Model->doFindAll(0, 0)
#5 C:\xampp\htdocs\perpus\app\Controllers\peminjaman.php(55): CodeIgniter\BaseModel->findAll()
#6 C:\xampp\htdocs\perpus\system\CodeIgniter.php(933): App\Controllers\Peminjaman->create()
#7 C:\xampp\htdocs\perpus\system\CodeIgniter.php(507): CodeIgniter\CodeIgniter->runController(Object(App\Controllers\Peminjaman))
#8 C:\xampp\htdocs\perpus\system\CodeIgniter.php(354): CodeIgniter\CodeIgniter->handleRequest(NULL, Object(Config\Cache), false)
#9 C:\xampp\htdocs\perpus\system\Boot.php(363): CodeIgniter\CodeIgniter->run()
#10 C:\xampp\htdocs\perpus\system\Boot.php(68): CodeIgniter\Boot::runCodeIgniter(Object(CodeIgniter\CodeIgniter))
#11 C:\xampp\htdocs\perpus\index.php(59): CodeIgniter\Boot::bootWeb(Object(Config\Paths))
#12 {main}
CRITICAL - 2026-04-25 03:28:21 --> CodeIgniter\Database\Exceptions\DatabaseException: Unable to connect to the database.
Main connection [MySQLi]: Unknown database 'duyek'
[Method: GET, Route: peminjaman/create]
in SYSTEMPATH\Database\BaseConnection.php on line 465.
 1 SYSTEMPATH\Database\BaseConnection.php(614): CodeIgniter\Database\BaseConnection->initialize()
 2 SYSTEMPATH\Database\BaseBuilder.php(1649): CodeIgniter\Database\BaseConnection->query('SELECT *
FROM `users`', [], false)
 3 SYSTEMPATH\Model.php(286): CodeIgniter\Database\BaseBuilder->get()
 4 SYSTEMPATH\BaseModel.php(677): CodeIgniter\Model->doFindAll(0, 0)
 5 APPPATH\Controllers\peminjaman.php(55): CodeIgniter\BaseModel->findAll()
 6 SYSTEMPATH\CodeIgniter.php(933): App\Controllers\Peminjaman->create()
 7 SYSTEMPATH\CodeIgniter.php(507): CodeIgniter\CodeIgniter->runController(Object(App\Controllers\Peminjaman))
 8 SYSTEMPATH\CodeIgniter.php(354): CodeIgniter\CodeIgniter->handleRequest(null, Object(Config\Cache), false)
 9 SYSTEMPATH\Boot.php(363): CodeIgniter\CodeIgniter->run()
10 SYSTEMPATH\Boot.php(68): CodeIgniter\Boot::runCodeIgniter(Object(CodeIgniter\CodeIgniter))
11 FCPATH\index.php(59): CodeIgniter\Boot::bootWeb(Object(Config\Paths))
DEBUG - 2026-04-25 03:28:25 --> Session: Class initialized using 'CodeIgniter\Session\Handlers\FileHandler' driver.
ERROR - 2026-04-25 03:28:25 --> Error connecting to the database: mysqli_sql_exception: Unknown database 'duyek' in C:\xampp\htdocs\perpus\system\Database\MySQLi\Connection.php:201
Stack trace:
#0 C:\xampp\htdocs\perpus\system\Database\MySQLi\Connection.php(201): mysqli->real_connect('localhost', 'root', Object(SensitiveParameterValue), 'duyek', 3306, '', 0)
#1 C:\xampp\htdocs\perpus\system\Database\BaseConnection.php(419): CodeIgniter\Database\MySQLi\Connection->connect(false)
#2 C:\xampp\htdocs\perpus\system\Database\BaseConnection.php(614): CodeIgniter\Database\BaseConnection->initialize()
#3 C:\xampp\htdocs\perpus\system\Database\BaseBuilder.php(1649): CodeIgniter\Database\BaseConnection->query('SELECT `peminja...', Array, false)
#4 C:\xampp\htdocs\perpus\system\Model.php(286): CodeIgniter\Database\BaseBuilder->get()
#5 C:\xampp\htdocs\perpus\system\BaseModel.php(677): CodeIgniter\Model->doFindAll(0, 0)
#6 C:\xampp\htdocs\perpus\app\Controllers\peminjaman.php(47): CodeIgniter\BaseModel->findAll()
#7 C:\xampp\htdocs\perpus\system\CodeIgniter.php(933): App\Controllers\Peminjaman->index()
#8 C:\xampp\htdocs\perpus\system\CodeIgniter.php(507): CodeIgniter\CodeIgniter->runController(Object(App\Controllers\Peminjaman))
#9 C:\xampp\htdocs\perpus\system\CodeIgniter.php(354): CodeIgniter\CodeIgniter->handleRequest(NULL, Object(Config\Cache), false)
#10 C:\xampp\htdocs\perpus\system\Boot.php(363): CodeIgniter\CodeIgniter->run()
#11 C:\xampp\htdocs\perpus\system\Boot.php(68): CodeIgniter\Boot::runCodeIgniter(Object(CodeIgniter\CodeIgniter))
#12 C:\xampp\htdocs\perpus\index.php(59): CodeIgniter\Boot::bootWeb(Object(Config\Paths))
#13 {main}

Next CodeIgniter\Database\Exceptions\DatabaseException: Unknown database 'duyek' in C:\xampp\htdocs\perpus\system\Database\MySQLi\Connection.php:246
Stack trace:
#0 C:\xampp\htdocs\perpus\system\Database\BaseConnection.php(419): CodeIgniter\Database\MySQLi\Connection->connect(false)
#1 C:\xampp\htdocs\perpus\system\Database\BaseConnection.php(614): CodeIgniter\Database\BaseConnection->initialize()
#2 C:\xampp\htdocs\perpus\system\Database\BaseBuilder.php(1649): CodeIgniter\Database\BaseConnection->query('SELECT `peminja...', Array, false)
#3 C:\xampp\htdocs\perpus\system\Model.php(286): CodeIgniter\Database\BaseBuilder->get()
#4 C:\xampp\htdocs\perpus\system\BaseModel.php(677): CodeIgniter\Model->doFindAll(0, 0)
#5 C:\xampp\htdocs\perpus\app\Controllers\peminjaman.php(47): CodeIgniter\BaseModel->findAll()
#6 C:\xampp\htdocs\perpus\system\CodeIgniter.php(933): App\Controllers\Peminjaman->index()
#7 C:\xampp\htdocs\perpus\system\CodeIgniter.php(507): CodeIgniter\CodeIgniter->runController(Object(App\Controllers\Peminjaman))
#8 C:\xampp\htdocs\perpus\system\CodeIgniter.php(354): CodeIgniter\CodeIgniter->handleRequest(NULL, Object(Config\Cache), false)
#9 C:\xampp\htdocs\perpus\system\Boot.php(363): CodeIgniter\CodeIgniter->run()
#10 C:\xampp\htdocs\perpus\system\Boot.php(68): CodeIgniter\Boot::runCodeIgniter(Object(CodeIgniter\CodeIgniter))
#11 C:\xampp\htdocs\perpus\index.php(59): CodeIgniter\Boot::bootWeb(Object(Config\Paths))
#12 {main}
CRITICAL - 2026-04-25 03:28:25 --> CodeIgniter\Database\Exceptions\DatabaseException: Unable to connect to the database.
Main connection [MySQLi]: Unknown database 'duyek'
[Method: GET, Route: peminjaman]
in SYSTEMPATH\Database\BaseConnection.php on line 465.
 1 SYSTEMPATH\Database\BaseConnection.php(614): CodeIgniter\Database\BaseConnection->initialize()
 2 SYSTEMPATH\Database\BaseBuilder.php(1649): CodeIgniter\Database\BaseConnection->query('SELECT `peminjaman`.*, `users`.`nama`, `buku`.`judul`, `denda`.`denda` as `jumlah_denda`
FROM `peminjaman`
JOIN `users` ON `users`.`id_user` = `peminjaman`.`id_user`
JOIN `buku` ON `buku`.`id_buku` = `peminjaman`.`id_buku`
LEFT JOIN `denda` ON `denda`.`id_pinjam` = `peminjaman`.`id_pinjam`
ORDER BY `peminjaman`.`id_pinjam` DESC', [], false)
 3 SYSTEMPATH\Model.php(286): CodeIgniter\Database\BaseBuilder->get()
 4 SYSTEMPATH\BaseModel.php(677): CodeIgniter\Model->doFindAll(0, 0)
 5 APPPATH\Controllers\peminjaman.php(47): CodeIgniter\BaseModel->findAll()
 6 SYSTEMPATH\CodeIgniter.php(933): App\Controllers\Peminjaman->index()
 7 SYSTEMPATH\CodeIgniter.php(507): CodeIgniter\CodeIgniter->runController(Object(App\Controllers\Peminjaman))
 8 SYSTEMPATH\CodeIgniter.php(354): CodeIgniter\CodeIgniter->handleRequest(null, Object(Config\Cache), false)
 9 SYSTEMPATH\Boot.php(363): CodeIgniter\CodeIgniter->run()
10 SYSTEMPATH\Boot.php(68): CodeIgniter\Boot::runCodeIgniter(Object(CodeIgniter\CodeIgniter))
11 FCPATH\index.php(59): CodeIgniter\Boot::bootWeb(Object(Config\Paths))
DEBUG - 2026-04-25 03:28:26 --> Session: Class initialized using 'CodeIgniter\Session\Handlers\FileHandler' driver.
DEBUG - 2026-04-25 03:28:37 --> Session: Class initialized using 'CodeIgniter\Session\Handlers\FileHandler' driver.
DEBUG - 2026-04-25 03:32:47 --> Session: Class initialized using 'CodeIgniter\Session\Handlers\FileHandler' driver.
DEBUG - 2026-04-25 03:35:21 --> Session: Class initialized using 'CodeIgniter\Session\Handlers\FileHandler' driver.
DEBUG - 2026-04-25 07:56:57 --> Session: Class initialized using 'CodeIgniter\Session\Handlers\FileHandler' driver.
DEBUG - 2026-04-25 07:57:01 --> Session: Class initialized using 'CodeIgniter\Session\Handlers\FileHandler' driver.
DEBUG - 2026-04-25 07:57:51 --> Session: Class initialized using 'CodeIgniter\Session\Handlers\FileHandler' driver.
DEBUG - 2026-04-25 07:57:54 --> Session: Class initialized using 'CodeIgniter\Session\Handlers\FileHandler' driver.
DEBUG - 2026-04-25 07:58:29 --> Session: Class initialized using 'CodeIgniter\Session\Handlers\FileHandler' driver.
DEBUG - 2026-04-25 07:58:31 --> Session: Class initialized using 'CodeIgniter\Session\Handlers\FileHandler' driver.
DEBUG - 2026-04-25 07:58:37 --> Session: Class initialized using 'CodeIgniter\Session\Handlers\FileHandler' driver.
DEBUG - 2026-04-25 07:58:43 --> Session: Class initialized using 'CodeIgniter\Session\Handlers\FileHandler' driver.
DEBUG - 2026-04-25 08:39:12 --> Session: Class initialized using 'CodeIgniter\Session\Handlers\FileHandler' driver.
DEBUG - 2026-04-25 08:40:21 --> Session: Class initialized using 'CodeIgniter\Session\Handlers\FileHandler' driver.
DEBUG - 2026-04-25 08:40:38 --> Session: Class initialized using 'CodeIgniter\Session\Handlers\FileHandler' driver.
DEBUG - 2026-04-25 08:40:40 --> Session: Class initialized using 'CodeIgniter\Session\Handlers\FileHandler' driver.
DEBUG - 2026-04-25 08:48:16 --> Session: Class initialized using 'CodeIgniter\Session\Handlers\FileHandler' driver.
DEBUG - 2026-04-25 08:48:17 --> Session: Class initialized using 'CodeIgniter\Session\Handlers\FileHandler' driver.
DEBUG - 2026-04-25 08:48:30 --> Session: Class initialized using 'CodeIgniter\Session\Handlers\FileHandler' driver.
CRITICAL - 2026-04-25 08:48:31 --> ErrorException: Undefined array key "id_user"
[Method: POST, Route: proses-login]
in APPPATH\Controllers\Auth.php on line 29.
 1 APPPATH\Controllers\Auth.php(29): CodeIgniter\Debug\Exceptions->errorHandler(2, 'Undefined array key "id_user"', 'C:\\xampp\\htdocs\\perpus\\app\\Controllers\\Auth.php', 29)
 2 SYSTEMPATH\CodeIgniter.php(933): App\Controllers\Auth->prosesLogin()
 3 SYSTEMPATH\CodeIgniter.php(507): CodeIgniter\CodeIgniter->runController(Object(App\Controllers\Auth))
 4 SYSTEMPATH\CodeIgniter.php(354): CodeIgniter\CodeIgniter->handleRequest(null, Object(Config\Cache), false)
 5 SYSTEMPATH\Boot.php(363): CodeIgniter\CodeIgniter->run()
 6 SYSTEMPATH\Boot.php(68): CodeIgniter\Boot::runCodeIgniter(Object(CodeIgniter\CodeIgniter))
 7 FCPATH\index.php(59): CodeIgniter\Boot::bootWeb(Object(Config\Paths))
DEBUG - 2026-04-25 08:49:08 --> Session: Class initialized using 'CodeIgniter\Session\Handlers\FileHandler' driver.
CRITICAL - 2026-04-25 08:49:08 --> ErrorException: Undefined array key "id_user"
[Method: POST, Route: proses-login]
in APPPATH\Controllers\Auth.php on line 29.
 1 APPPATH\Controllers\Auth.php(29): CodeIgniter\Debug\Exceptions->errorHandler(2, 'Undefined array key "id_user"', 'C:\\xampp\\htdocs\\perpus\\app\\Controllers\\Auth.php', 29)
 2 SYSTEMPATH\CodeIgniter.php(933): App\Controllers\Auth->prosesLogin()
 3 SYSTEMPATH\CodeIgniter.php(507): CodeIgniter\CodeIgniter->runController(Object(App\Controllers\Auth))
 4 SYSTEMPATH\CodeIgniter.php(354): CodeIgniter\CodeIgniter->handleRequest(null, Object(Config\Cache), false)
 5 SYSTEMPATH\Boot.php(363): CodeIgniter\CodeIgniter->run()
 6 SYSTEMPATH\Boot.php(68): CodeIgniter\Boot::runCodeIgniter(Object(CodeIgniter\CodeIgniter))
 7 FCPATH\index.php(59): CodeIgniter\Boot::bootWeb(Object(Config\Paths))
CRITICAL - 2026-04-25 08:54:56 --> ParseError: syntax error, unexpected token "return", expecting "]"
[Method: POST, Route: proses-login]
in APPPATH\Controllers\Auth.php on line 37.
 1 SYSTEMPATH\Autoloader\Autoloader.php(295): CodeIgniter\Autoloader\Autoloader->includeFile('C:\\xampp\\htdocs\\perpus\\app\\Controllers\\Auth.php')
 2 SYSTEMPATH\Autoloader\Autoloader.php(271): CodeIgniter\Autoloader\Autoloader->loadInNamespace('App\\Controllers\\Auth')
 3 [internal function]: CodeIgniter\Autoloader\Autoloader->loadClass('App\\Controllers\\Auth')
 4 SYSTEMPATH\CodeIgniter.php(885): class_exists('\\App\\Controllers\\Auth', true)
 5 SYSTEMPATH\CodeIgniter.php(494): CodeIgniter\CodeIgniter->startController()
 6 SYSTEMPATH\CodeIgniter.php(354): CodeIgniter\CodeIgniter->handleRequest(null, Object(Config\Cache), false)
 7 SYSTEMPATH\Boot.php(363): CodeIgniter\CodeIgniter->run()
 8 SYSTEMPATH\Boot.php(68): CodeIgniter\Boot::runCodeIgniter(Object(CodeIgniter\CodeIgniter))
 9 FCPATH\index.php(59): CodeIgniter\Boot::bootWeb(Object(Config\Paths))
DEBUG - 2026-04-25 08:55:34 --> Session: Class initialized using 'CodeIgniter\Session\Handlers\FileHandler' driver.
CRITICAL - 2026-04-25 08:55:34 --> ErrorException: Undefined array key "id_user"
[Method: POST, Route: proses-login]
in APPPATH\Controllers\Auth.php on line 29.
 1 APPPATH\Controllers\Auth.php(29): CodeIgniter\Debug\Exceptions->errorHandler(2, 'Undefined array key "id_user"', 'C:\\xampp\\htdocs\\perpus\\app\\Controllers\\Auth.php', 29)
 2 SYSTEMPATH\CodeIgniter.php(933): App\Controllers\Auth->prosesLogin()
 3 SYSTEMPATH\CodeIgniter.php(507): CodeIgniter\CodeIgniter->runController(Object(App\Controllers\Auth))
 4 SYSTEMPATH\CodeIgniter.php(354): CodeIgniter\CodeIgniter->handleRequest(null, Object(Config\Cache), false)
 5 SYSTEMPATH\Boot.php(363): CodeIgniter\CodeIgniter->run()
 6 SYSTEMPATH\Boot.php(68): CodeIgniter\Boot::runCodeIgniter(Object(CodeIgniter\CodeIgniter))
 7 FCPATH\index.php(59): CodeIgniter\Boot::bootWeb(Object(Config\Paths))
CRITICAL - 2026-04-25 08:57:48 --> ParseError: syntax error, unexpected single-quoted string "nama", expecting "]"
[Method: POST, Route: proses-login]
in APPPATH\Controllers\Auth.php on line 30.
 1 SYSTEMPATH\Autoloader\Autoloader.php(295): CodeIgniter\Autoloader\Autoloader->includeFile('C:\\xampp\\htdocs\\perpus\\app\\Controllers\\Auth.php')
 2 SYSTEMPATH\Autoloader\Autoloader.php(271): CodeIgniter\Autoloader\Autoloader->loadInNamespace('App\\Controllers\\Auth')
 3 [internal function]: CodeIgniter\Autoloader\Autoloader->loadClass('App\\Controllers\\Auth')
 4 SYSTEMPATH\CodeIgniter.php(885): class_exists('\\App\\Controllers\\Auth', true)
 5 SYSTEMPATH\CodeIgniter.php(494): CodeIgniter\CodeIgniter->startController()
 6 SYSTEMPATH\CodeIgniter.php(354): CodeIgniter\CodeIgniter->handleRequest(null, Object(Config\Cache), false)
 7 SYSTEMPATH\Boot.php(363): CodeIgniter\CodeIgniter->run()
 8 SYSTEMPATH\Boot.php(68): CodeIgniter\Boot::runCodeIgniter(Object(CodeIgniter\CodeIgniter))
 9 FCPATH\index.php(59): CodeIgniter\Boot::bootWeb(Object(Config\Paths))
DEBUG - 2026-04-25 08:58:56 --> Session: Class initialized using 'CodeIgniter\Session\Handlers\FileHandler' driver.
DEBUG - 2026-04-25 08:58:57 --> Session: Class initialized using 'CodeIgniter\Session\Handlers\FileHandler' driver.
DEBUG - 2026-04-25 08:59:09 --> Session: Class initialized using 'CodeIgniter\Session\Handlers\FileHandler' driver.
CRITICAL - 2026-04-25 08:59:09 --> ErrorException: Undefined array key "id_user"
[Method: GET, Route: users]
in APPPATH\Views\users\index.php on line 115.
 1 APPPATH\Views\users\index.php(115): CodeIgniter\Debug\Exceptions->errorHandler(2, 'Undefined array key "id_user"', 'C:\\xampp\\htdocs\\perpus\\app\\Views\\users\\index.php', 115)
 2 SYSTEMPATH\View\View.php(226): include('C:\\xampp\\htdocs\\perpus\\app\\Views\\users\\index.php')
 3 SYSTEMPATH\View\View.php(229): CodeIgniter\View\View->CodeIgniter\View\{closure}()
 4 SYSTEMPATH\Common.php(1167): CodeIgniter\View\View->render('users/index', [], true)
 5 APPPATH\Controllers\Users.php(61): view('users/index', [...])
 6 SYSTEMPATH\CodeIgniter.php(933): App\Controllers\Users->index()
 7 SYSTEMPATH\CodeIgniter.php(507): CodeIgniter\CodeIgniter->runController(Object(App\Controllers\Users))
 8 SYSTEMPATH\CodeIgniter.php(354): CodeIgniter\CodeIgniter->handleRequest(null, Object(Config\Cache), false)
 9 SYSTEMPATH\Boot.php(363): CodeIgniter\CodeIgniter->run()
10 SYSTEMPATH\Boot.php(68): CodeIgniter\Boot::runCodeIgniter(Object(CodeIgniter\CodeIgniter))
11 FCPATH\index.php(59): CodeIgniter\Boot::bootWeb(Object(Config\Paths))
DEBUG - 2026-04-25 09:02:10 --> Session: Class initialized using 'CodeIgniter\Session\Handlers\FileHandler' driver.
CRITICAL - 2026-04-25 09:02:10 --> ErrorException: Undefined variable $user
[Method: GET, Route: users]
in APPPATH\Views\users\index.php on line 115.
 1 APPPATH\Views\users\index.php(115): CodeIgniter\Debug\Exceptions->errorHandler(2, 'Undefined variable $user', 'C:\\xampp\\htdocs\\perpus\\app\\Views\\users\\index.php', 115)
 2 SYSTEMPATH\View\View.php(226): include('C:\\xampp\\htdocs\\perpus\\app\\Views\\users\\index.php')
 3 SYSTEMPATH\View\View.php(229): CodeIgniter\View\View->CodeIgniter\View\{closure}()
 4 SYSTEMPATH\Common.php(1167): CodeIgniter\View\View->render('users/index', [], true)
 5 APPPATH\Controllers\Users.php(61): view('users/index', [...])
 6 SYSTEMPATH\CodeIgniter.php(933): App\Controllers\Users->index()
 7 SYSTEMPATH\CodeIgniter.php(507): CodeIgniter\CodeIgniter->runController(Object(App\Controllers\Users))
 8 SYSTEMPATH\CodeIgniter.php(354): CodeIgniter\CodeIgniter->handleRequest(null, Object(Config\Cache), false)
 9 SYSTEMPATH\Boot.php(363): CodeIgniter\CodeIgniter->run()
10 SYSTEMPATH\Boot.php(68): CodeIgniter\Boot::runCodeIgniter(Object(CodeIgniter\CodeIgniter))
11 FCPATH\index.php(59): CodeIgniter\Boot::bootWeb(Object(Config\Paths))
DEBUG - 2026-04-25 09:03:04 --> Session: Class initialized using 'CodeIgniter\Session\Handlers\FileHandler' driver.
CRITICAL - 2026-04-25 09:03:04 --> ParseError: syntax error, unexpected variable "$user", expecting "," or ";"
[Method: GET, Route: users]
in APPPATH\Views\users\index.php on line 115.
 1 SYSTEMPATH\View\View.php(229): CodeIgniter\View\View->CodeIgniter\View\{closure}()
 2 SYSTEMPATH\Common.php(1167): CodeIgniter\View\View->render('users/index', [], true)
 3 APPPATH\Controllers\Users.php(61): view('users/index', [...])
 4 SYSTEMPATH\CodeIgniter.php(933): App\Controllers\Users->index()
 5 SYSTEMPATH\CodeIgniter.php(507): CodeIgniter\CodeIgniter->runController(Object(App\Controllers\Users))
 6 SYSTEMPATH\CodeIgniter.php(354): CodeIgniter\CodeIgniter->handleRequest(null, Object(Config\Cache), false)
 7 SYSTEMPATH\Boot.php(363): CodeIgniter\CodeIgniter->run()
 8 SYSTEMPATH\Boot.php(68): CodeIgniter\Boot::runCodeIgniter(Object(CodeIgniter\CodeIgniter))
 9 FCPATH\index.php(59): CodeIgniter\Boot::bootWeb(Object(Config\Paths))
DEBUG - 2026-04-25 09:05:45 --> Session: Class initialized using 'CodeIgniter\Session\Handlers\FileHandler' driver.
DEBUG - 2026-04-25 09:05:57 --> Session: Class initialized using 'CodeIgniter\Session\Handlers\FileHandler' driver.
DEBUG - 2026-04-25 09:06:09 --> Session: Class initialized using 'CodeIgniter\Session\Handlers\FileHandler' driver.
CRITICAL - 2026-04-25 09:06:09 --> ErrorException: Undefined array key "penulis"
[Method: GET, Route: buku]
in APPPATH\Views\buku\index.php on line 179.
 1 APPPATH\Views\buku\index.php(179): CodeIgniter\Debug\Exceptions->errorHandler(2, 'Undefined array key "penulis"', 'C:\\xampp\\htdocs\\perpus\\app\\Views\\buku\\index.php', 179)
 2 SYSTEMPATH\View\View.php(226): include('C:\\xampp\\htdocs\\perpus\\app\\Views\\buku\\index.php')
 3 SYSTEMPATH\View\View.php(229): CodeIgniter\View\View->CodeIgniter\View\{closure}()
 4 SYSTEMPATH\Common.php(1167): CodeIgniter\View\View->render('buku/index', [], true)
 5 APPPATH\Controllers\Buku.php(28): view('buku/index', [...])
 6 SYSTEMPATH\CodeIgniter.php(933): App\Controllers\Buku->index()
 7 SYSTEMPATH\CodeIgniter.php(507): CodeIgniter\CodeIgniter->runController(Object(App\Controllers\Buku))
 8 SYSTEMPATH\CodeIgniter.php(354): CodeIgniter\CodeIgniter->handleRequest(null, Object(Config\Cache), false)
 9 SYSTEMPATH\Boot.php(363): CodeIgniter\CodeIgniter->run()
10 SYSTEMPATH\Boot.php(68): CodeIgniter\Boot::runCodeIgniter(Object(CodeIgniter\CodeIgniter))
11 FCPATH\index.php(59): CodeIgniter\Boot::bootWeb(Object(Config\Paths))
DEBUG - 2026-04-25 09:07:51 --> Session: Class initialized using 'CodeIgniter\Session\Handlers\FileHandler' driver.
CRITICAL - 2026-04-25 09:07:51 --> ErrorException: Undefined array key "stok"
[Method: GET, Route: buku]
in APPPATH\Views\buku\index.php on line 185.
 1 APPPATH\Views\buku\index.php(185): CodeIgniter\Debug\Exceptions->errorHandler(2, 'Undefined array key "stok"', 'C:\\xampp\\htdocs\\perpus\\app\\Views\\buku\\index.php', 185)
 2 SYSTEMPATH\View\View.php(226): include('C:\\xampp\\htdocs\\perpus\\app\\Views\\buku\\index.php')
 3 SYSTEMPATH\View\View.php(229): CodeIgniter\View\View->CodeIgniter\View\{closure}()
 4 SYSTEMPATH\Common.php(1167): CodeIgniter\View\View->render('buku/index', [], true)
 5 APPPATH\Controllers\Buku.php(28): view('buku/index', [...])
 6 SYSTEMPATH\CodeIgniter.php(933): App\Controllers\Buku->index()
 7 SYSTEMPATH\CodeIgniter.php(507): CodeIgniter\CodeIgniter->runController(Object(App\Controllers\Buku))
 8 SYSTEMPATH\CodeIgniter.php(354): CodeIgniter\CodeIgniter->handleRequest(null, Object(Config\Cache), false)
 9 SYSTEMPATH\Boot.php(363): CodeIgniter\CodeIgniter->run()
10 SYSTEMPATH\Boot.php(68): CodeIgniter\Boot::runCodeIgniter(Object(CodeIgniter\CodeIgniter))
11 FCPATH\index.php(59): CodeIgniter\Boot::bootWeb(Object(Config\Paths))
DEBUG - 2026-04-25 09:08:38 --> Session: Class initialized using 'CodeIgniter\Session\Handlers\FileHandler' driver.
DEBUG - 2026-04-25 09:09:16 --> Session: Class initialized using 'CodeIgniter\Session\Handlers\FileHandler' driver.
DEBUG - 2026-04-25 09:09:16 --> Session: Class initialized using 'CodeIgniter\Session\Handlers\FileHandler' driver.
DEBUG - 2026-04-25 09:09:19 --> Session: Class initialized using 'CodeIgniter\Session\Handlers\FileHandler' driver.
ERROR - 2026-04-25 09:09:19 --> mysqli_sql_exception: Unknown column 'denda.denda' in 'field list' in C:\xampp\htdocs\perpus\system\Database\MySQLi\Connection.php:327
Stack trace:
#0 C:\xampp\htdocs\perpus\system\Database\MySQLi\Connection.php(327): mysqli->query('SELECT `peminja...', 0)
#1 C:\xampp\htdocs\perpus\system\Database\BaseConnection.php(729): CodeIgniter\Database\MySQLi\Connection->execute('SELECT `peminja...')
#2 C:\xampp\htdocs\perpus\system\Database\BaseConnection.php(646): CodeIgniter\Database\BaseConnection->simpleQuery('SELECT `peminja...')
#3 C:\xampp\htdocs\perpus\system\Database\BaseBuilder.php(1649): CodeIgniter\Database\BaseConnection->query('SELECT `peminja...', Array, false)
#4 C:\xampp\htdocs\perpus\system\Model.php(286): CodeIgniter\Database\BaseBuilder->get()
#5 C:\xampp\htdocs\perpus\system\BaseModel.php(677): CodeIgniter\Model->doFindAll(0, 0)
#6 C:\xampp\htdocs\perpus\app\Controllers\peminjaman.php(47): CodeIgniter\BaseModel->findAll()
#7 C:\xampp\htdocs\perpus\system\CodeIgniter.php(933): App\Controllers\Peminjaman->index()
#8 C:\xampp\htdocs\perpus\system\CodeIgniter.php(507): CodeIgniter\CodeIgniter->runController(Object(App\Controllers\Peminjaman))
#9 C:\xampp\htdocs\perpus\system\CodeIgniter.php(354): CodeIgniter\CodeIgniter->handleRequest(NULL, Object(Config\Cache), false)
#10 C:\xampp\htdocs\perpus\system\Boot.php(363): CodeIgniter\CodeIgniter->run()
#11 C:\xampp\htdocs\perpus\system\Boot.php(68): CodeIgniter\Boot::runCodeIgniter(Object(CodeIgniter\CodeIgniter))
#12 C:\xampp\htdocs\perpus\index.php(59): CodeIgniter\Boot::bootWeb(Object(Config\Paths))
#13 {main}
CRITICAL - 2026-04-25 09:09:19 --> CodeIgniter\Database\Exceptions\DatabaseException: Unknown column 'denda.denda' in 'field list'
[Method: GET, Route: peminjaman]
in SYSTEMPATH\Database\BaseConnection.php on line 684.
 1 SYSTEMPATH\Database\BaseBuilder.php(1649): CodeIgniter\Database\BaseConnection->query('SELECT `peminjaman`.*, `users`.`nama`, `buku`.`judul`, `denda`.`denda` as `jumlah_denda`
FROM `peminjaman`
JOIN `users` ON `users`.`id_user` = `peminjaman`.`id_user`
JOIN `buku` ON `buku`.`id_buku` = `peminjaman`.`id_buku`
LEFT JOIN `denda` ON `denda`.`id_pinjam` = `peminjaman`.`id_pinjam`
ORDER BY `peminjaman`.`id_pinjam` DESC', [], false)
 2 SYSTEMPATH\Model.php(286): CodeIgniter\Database\BaseBuilder->get()
 3 SYSTEMPATH\BaseModel.php(677): CodeIgniter\Model->doFindAll(0, 0)
 4 APPPATH\Controllers\peminjaman.php(47): CodeIgniter\BaseModel->findAll()
 5 SYSTEMPATH\CodeIgniter.php(933): App\Controllers\Peminjaman->index()
 6 SYSTEMPATH\CodeIgniter.php(507): CodeIgniter\CodeIgniter->runController(Object(App\Controllers\Peminjaman))
 7 SYSTEMPATH\CodeIgniter.php(354): CodeIgniter\CodeIgniter->handleRequest(null, Object(Config\Cache), false)
 8 SYSTEMPATH\Boot.php(363): CodeIgniter\CodeIgniter->run()
 9 SYSTEMPATH\Boot.php(68): CodeIgniter\Boot::runCodeIgniter(Object(CodeIgniter\CodeIgniter))
10 FCPATH\index.php(59): CodeIgniter\Boot::bootWeb(Object(Config\Paths))
CRITICAL - 2026-04-25 09:09:19 --> [Caused by] CodeIgniter\Database\Exceptions\DatabaseException: Unknown column 'denda.denda' in 'field list'
in SYSTEMPATH\Database\MySQLi\Connection.php on line 332.
 1 SYSTEMPATH\Database\BaseConnection.php(729): CodeIgniter\Database\MySQLi\Connection->execute('SELECT `peminjaman`.*, `users`.`nama`, `buku`.`judul`, `denda`.`denda` as `jumlah_denda`
FROM `peminjaman`
JOIN `users` ON `users`.`id_user` = `peminjaman`.`id_user`
JOIN `buku` ON `buku`.`id_buku` = `peminjaman`.`id_buku`
LEFT JOIN `denda` ON `denda`.`id_pinjam` = `peminjaman`.`id_pinjam`
ORDER BY `peminjaman`.`id_pinjam` DESC')
 2 SYSTEMPATH\Database\BaseConnection.php(646): CodeIgniter\Database\BaseConnection->simpleQuery('SELECT `peminjaman`.*, `users`.`nama`, `buku`.`judul`, `denda`.`denda` as `jumlah_denda`
FROM `peminjaman`
JOIN `users` ON `users`.`id_user` = `peminjaman`.`id_user`
JOIN `buku` ON `buku`.`id_buku` = `peminjaman`.`id_buku`
LEFT JOIN `denda` ON `denda`.`id_pinjam` = `peminjaman`.`id_pinjam`
ORDER BY `peminjaman`.`id_pinjam` DESC')
 3 SYSTEMPATH\Database\BaseBuilder.php(1649): CodeIgniter\Database\BaseConnection->query('SELECT `peminjaman`.*, `users`.`nama`, `buku`.`judul`, `denda`.`denda` as `jumlah_denda`
FROM `peminjaman`
JOIN `users` ON `users`.`id_user` = `peminjaman`.`id_user`
JOIN `buku` ON `buku`.`id_buku` = `peminjaman`.`id_buku`
LEFT JOIN `denda` ON `denda`.`id_pinjam` = `peminjaman`.`id_pinjam`
ORDER BY `peminjaman`.`id_pinjam` DESC', [], false)
 4 SYSTEMPATH\Model.php(286): CodeIgniter\Database\BaseBuilder->get()
 5 SYSTEMPATH\BaseModel.php(677): CodeIgniter\Model->doFindAll(0, 0)
 6 APPPATH\Controllers\peminjaman.php(47): CodeIgniter\BaseModel->findAll()
 7 SYSTEMPATH\CodeIgniter.php(933): App\Controllers\Peminjaman->index()
 8 SYSTEMPATH\CodeIgniter.php(507): CodeIgniter\CodeIgniter->runController(Object(App\Controllers\Peminjaman))
 9 SYSTEMPATH\CodeIgniter.php(354): CodeIgniter\CodeIgniter->handleRequest(null, Object(Config\Cache), false)
10 SYSTEMPATH\Boot.php(363): CodeIgniter\CodeIgniter->run()
11 SYSTEMPATH\Boot.php(68): CodeIgniter\Boot::runCodeIgniter(Object(CodeIgniter\CodeIgniter))
12 FCPATH\index.php(59): CodeIgniter\Boot::bootWeb(Object(Config\Paths))
CRITICAL - 2026-04-25 09:09:19 --> [Caused by] mysqli_sql_exception: Unknown column 'denda.denda' in 'field list'
in SYSTEMPATH\Database\MySQLi\Connection.php on line 327.
 1 SYSTEMPATH\Database\MySQLi\Connection.php(327): mysqli->query('SELECT `peminjaman`.*, `users`.`nama`, `buku`.`judul`, `denda`.`denda` as `jumlah_denda`
FROM `peminjaman`
JOIN `users` ON `users`.`id_user` = `peminjaman`.`id_user`
JOIN `buku` ON `buku`.`id_buku` = `peminjaman`.`id_buku`
LEFT JOIN `denda` ON `denda`.`id_pinjam` = `peminjaman`.`id_pinjam`
ORDER BY `peminjaman`.`id_pinjam` DESC', 0)
 2 SYSTEMPATH\Database\BaseConnection.php(729): CodeIgniter\Database\MySQLi\Connection->execute('SELECT `peminjaman`.*, `users`.`nama`, `buku`.`judul`, `denda`.`denda` as `jumlah_denda`
FROM `peminjaman`
JOIN `users` ON `users`.`id_user` = `peminjaman`.`id_user`
JOIN `buku` ON `buku`.`id_buku` = `peminjaman`.`id_buku`
LEFT JOIN `denda` ON `denda`.`id_pinjam` = `peminjaman`.`id_pinjam`
ORDER BY `peminjaman`.`id_pinjam` DESC')
 3 SYSTEMPATH\Database\BaseConnection.php(646): CodeIgniter\Database\BaseConnection->simpleQuery('SELECT `peminjaman`.*, `users`.`nama`, `buku`.`judul`, `denda`.`denda` as `jumlah_denda`
FROM `peminjaman`
JOIN `users` ON `users`.`id_user` = `peminjaman`.`id_user`
JOIN `buku` ON `buku`.`id_buku` = `peminjaman`.`id_buku`
LEFT JOIN `denda` ON `denda`.`id_pinjam` = `peminjaman`.`id_pinjam`
ORDER BY `peminjaman`.`id_pinjam` DESC')
 4 SYSTEMPATH\Database\BaseBuilder.php(1649): CodeIgniter\Database\BaseConnection->query('SELECT `peminjaman`.*, `users`.`nama`, `buku`.`judul`, `denda`.`denda` as `jumlah_denda`
FROM `peminjaman`
JOIN `users` ON `users`.`id_user` = `peminjaman`.`id_user`
JOIN `buku` ON `buku`.`id_buku` = `peminjaman`.`id_buku`
LEFT JOIN `denda` ON `denda`.`id_pinjam` = `peminjaman`.`id_pinjam`
ORDER BY `peminjaman`.`id_pinjam` DESC', [], false)
 5 SYSTEMPATH\Model.php(286): CodeIgniter\Database\BaseBuilder->get()
 6 SYSTEMPATH\BaseModel.php(677): CodeIgniter\Model->doFindAll(0, 0)
 7 APPPATH\Controllers\peminjaman.php(47): CodeIgniter\BaseModel->findAll()
 8 SYSTEMPATH\CodeIgniter.php(933): App\Controllers\Peminjaman->index()
 9 SYSTEMPATH\CodeIgniter.php(507): CodeIgniter\CodeIgniter->runController(Object(App\Controllers\Peminjaman))
10 SYSTEMPATH\CodeIgniter.php(354): CodeIgniter\CodeIgniter->handleRequest(null, Object(Config\Cache), false)
11 SYSTEMPATH\Boot.php(363): CodeIgniter\CodeIgniter->run()
12 SYSTEMPATH\Boot.php(68): CodeIgniter\Boot::runCodeIgniter(Object(CodeIgniter\CodeIgniter))
13 FCPATH\index.php(59): CodeIgniter\Boot::bootWeb(Object(Config\Paths))
DEBUG - 2026-04-25 09:09:38 --> Session: Class initialized using 'CodeIgniter\Session\Handlers\FileHandler' driver.
DEBUG - 2026-04-25 09:12:26 --> Session: Class initialized using 'CodeIgniter\Session\Handlers\FileHandler' driver.
ERROR - 2026-04-25 09:12:26 --> mysqli_sql_exception: Unknown column 'denda.denda' in 'field list' in C:\xampp\htdocs\perpus\system\Database\MySQLi\Connection.php:327
Stack trace:
#0 C:\xampp\htdocs\perpus\system\Database\MySQLi\Connection.php(327): mysqli->query('SELECT `peminja...', 0)
#1 C:\xampp\htdocs\perpus\system\Database\BaseConnection.php(729): CodeIgniter\Database\MySQLi\Connection->execute('SELECT `peminja...')
#2 C:\xampp\htdocs\perpus\system\Database\BaseConnection.php(646): CodeIgniter\Database\BaseConnection->simpleQuery('SELECT `peminja...')
#3 C:\xampp\htdocs\perpus\system\Database\BaseBuilder.php(1649): CodeIgniter\Database\BaseConnection->query('SELECT `peminja...', Array, false)
#4 C:\xampp\htdocs\perpus\system\Model.php(286): CodeIgniter\Database\BaseBuilder->get()
#5 C:\xampp\htdocs\perpus\system\BaseModel.php(677): CodeIgniter\Model->doFindAll(0, 0)
#6 C:\xampp\htdocs\perpus\app\Controllers\peminjaman.php(47): CodeIgniter\BaseModel->findAll()
#7 C:\xampp\htdocs\perpus\system\CodeIgniter.php(933): App\Controllers\Peminjaman->index()
#8 C:\xampp\htdocs\perpus\system\CodeIgniter.php(507): CodeIgniter\CodeIgniter->runController(Object(App\Controllers\Peminjaman))
#9 C:\xampp\htdocs\perpus\system\CodeIgniter.php(354): CodeIgniter\CodeIgniter->handleRequest(NULL, Object(Config\Cache), false)
#10 C:\xampp\htdocs\perpus\system\Boot.php(363): CodeIgniter\CodeIgniter->run()
#11 C:\xampp\htdocs\perpus\system\Boot.php(68): CodeIgniter\Boot::runCodeIgniter(Object(CodeIgniter\CodeIgniter))
#12 C:\xampp\htdocs\perpus\index.php(59): CodeIgniter\Boot::bootWeb(Object(Config\Paths))
#13 {main}
CRITICAL - 2026-04-25 09:12:26 --> CodeIgniter\Database\Exceptions\DatabaseException: Unknown column 'denda.denda' in 'field list'
[Method: GET, Route: peminjaman]
in SYSTEMPATH\Database\BaseConnection.php on line 684.
 1 SYSTEMPATH\Database\BaseBuilder.php(1649): CodeIgniter\Database\BaseConnection->query('SELECT `peminjaman`.*, `users`.`nama`, `buku`.`judul`, `denda`.`denda` as `jumlah_denda`
FROM `peminjaman`
JOIN `users` ON `users`.`id_user` = `peminjaman`.`id_user`
JOIN `buku` ON `buku`.`id_buku` = `peminjaman`.`id_buku`
LEFT JOIN `denda` ON `denda`.`id_pinjam` = `peminjaman`.`id_pinjam`
ORDER BY `peminjaman`.`id_pinjam` DESC', [], false)
 2 SYSTEMPATH\Model.php(286): CodeIgniter\Database\BaseBuilder->get()
 3 SYSTEMPATH\BaseModel.php(677): CodeIgniter\Model->doFindAll(0, 0)
 4 APPPATH\Controllers\peminjaman.php(47): CodeIgniter\BaseModel->findAll()
 5 SYSTEMPATH\CodeIgniter.php(933): App\Controllers\Peminjaman->index()
 6 SYSTEMPATH\CodeIgniter.php(507): CodeIgniter\CodeIgniter->runController(Object(App\Controllers\Peminjaman))
 7 SYSTEMPATH\CodeIgniter.php(354): CodeIgniter\CodeIgniter->handleRequest(null, Object(Config\Cache), false)
 8 SYSTEMPATH\Boot.php(363): CodeIgniter\CodeIgniter->run()
 9 SYSTEMPATH\Boot.php(68): CodeIgniter\Boot::runCodeIgniter(Object(CodeIgniter\CodeIgniter))
10 FCPATH\index.php(59): CodeIgniter\Boot::bootWeb(Object(Config\Paths))
CRITICAL - 2026-04-25 09:12:26 --> [Caused by] CodeIgniter\Database\Exceptions\DatabaseException: Unknown column 'denda.denda' in 'field list'
in SYSTEMPATH\Database\MySQLi\Connection.php on line 332.
 1 SYSTEMPATH\Database\BaseConnection.php(729): CodeIgniter\Database\MySQLi\Connection->execute('SELECT `peminjaman`.*, `users`.`nama`, `buku`.`judul`, `denda`.`denda` as `jumlah_denda`
FROM `peminjaman`
JOIN `users` ON `users`.`id_user` = `peminjaman`.`id_user`
JOIN `buku` ON `buku`.`id_buku` = `peminjaman`.`id_buku`
LEFT JOIN `denda` ON `denda`.`id_pinjam` = `peminjaman`.`id_pinjam`
ORDER BY `peminjaman`.`id_pinjam` DESC')
 2 SYSTEMPATH\Database\BaseConnection.php(646): CodeIgniter\Database\BaseConnection->simpleQuery('SELECT `peminjaman`.*, `users`.`nama`, `buku`.`judul`, `denda`.`denda` as `jumlah_denda`
FROM `peminjaman`
JOIN `users` ON `users`.`id_user` = `peminjaman`.`id_user`
JOIN `buku` ON `buku`.`id_buku` = `peminjaman`.`id_buku`
LEFT JOIN `denda` ON `denda`.`id_pinjam` = `peminjaman`.`id_pinjam`
ORDER BY `peminjaman`.`id_pinjam` DESC')
 3 SYSTEMPATH\Database\BaseBuilder.php(1649): CodeIgniter\Database\BaseConnection->query('SELECT `peminjaman`.*, `users`.`nama`, `buku`.`judul`, `denda`.`denda` as `jumlah_denda`
FROM `peminjaman`
JOIN `users` ON `users`.`id_user` = `peminjaman`.`id_user`
JOIN `buku` ON `buku`.`id_buku` = `peminjaman`.`id_buku`
LEFT JOIN `denda` ON `denda`.`id_pinjam` = `peminjaman`.`id_pinjam`
ORDER BY `peminjaman`.`id_pinjam` DESC', [], false)
 4 SYSTEMPATH\Model.php(286): CodeIgniter\Database\BaseBuilder->get()
 5 SYSTEMPATH\BaseModel.php(677): CodeIgniter\Model->doFindAll(0, 0)
 6 APPPATH\Controllers\peminjaman.php(47): CodeIgniter\BaseModel->findAll()
 7 SYSTEMPATH\CodeIgniter.php(933): App\Controllers\Peminjaman->index()
 8 SYSTEMPATH\CodeIgniter.php(507): CodeIgniter\CodeIgniter->runController(Object(App\Controllers\Peminjaman))
 9 SYSTEMPATH\CodeIgniter.php(354): CodeIgniter\CodeIgniter->handleRequest(null, Object(Config\Cache), false)
10 SYSTEMPATH\Boot.php(363): CodeIgniter\CodeIgniter->run()
11 SYSTEMPATH\Boot.php(68): CodeIgniter\Boot::runCodeIgniter(Object(CodeIgniter\CodeIgniter))
12 FCPATH\index.php(59): CodeIgniter\Boot::bootWeb(Object(Config\Paths))
CRITICAL - 2026-04-25 09:12:26 --> [Caused by] mysqli_sql_exception: Unknown column 'denda.denda' in 'field list'
in SYSTEMPATH\Database\MySQLi\Connection.php on line 327.
 1 SYSTEMPATH\Database\MySQLi\Connection.php(327): mysqli->query('SELECT `peminjaman`.*, `users`.`nama`, `buku`.`judul`, `denda`.`denda` as `jumlah_denda`
FROM `peminjaman`
JOIN `users` ON `users`.`id_user` = `peminjaman`.`id_user`
JOIN `buku` ON `buku`.`id_buku` = `peminjaman`.`id_buku`
LEFT JOIN `denda` ON `denda`.`id_pinjam` = `peminjaman`.`id_pinjam`
ORDER BY `peminjaman`.`id_pinjam` DESC', 0)
 2 SYSTEMPATH\Database\BaseConnection.php(729): CodeIgniter\Database\MySQLi\Connection->execute('SELECT `peminjaman`.*, `users`.`nama`, `buku`.`judul`, `denda`.`denda` as `jumlah_denda`
FROM `peminjaman`
JOIN `users` ON `users`.`id_user` = `peminjaman`.`id_user`
JOIN `buku` ON `buku`.`id_buku` = `peminjaman`.`id_buku`
LEFT JOIN `denda` ON `denda`.`id_pinjam` = `peminjaman`.`id_pinjam`
ORDER BY `peminjaman`.`id_pinjam` DESC')
 3 SYSTEMPATH\Database\BaseConnection.php(646): CodeIgniter\Database\BaseConnection->simpleQuery('SELECT `peminjaman`.*, `users`.`nama`, `buku`.`judul`, `denda`.`denda` as `jumlah_denda`
FROM `peminjaman`
JOIN `users` ON `users`.`id_user` = `peminjaman`.`id_user`
JOIN `buku` ON `buku`.`id_buku` = `peminjaman`.`id_buku`
LEFT JOIN `denda` ON `denda`.`id_pinjam` = `peminjaman`.`id_pinjam`
ORDER BY `peminjaman`.`id_pinjam` DESC')
 4 SYSTEMPATH\Database\BaseBuilder.php(1649): CodeIgniter\Database\BaseConnection->query('SELECT `peminjaman`.*, `users`.`nama`, `buku`.`judul`, `denda`.`denda` as `jumlah_denda`
FROM `peminjaman`
JOIN `users` ON `users`.`id_user` = `peminjaman`.`id_user`
JOIN `buku` ON `buku`.`id_buku` = `peminjaman`.`id_buku`
LEFT JOIN `denda` ON `denda`.`id_pinjam` = `peminjaman`.`id_pinjam`
ORDER BY `peminjaman`.`id_pinjam` DESC', [], false)
 5 SYSTEMPATH\Model.php(286): CodeIgniter\Database\BaseBuilder->get()
 6 SYSTEMPATH\BaseModel.php(677): CodeIgniter\Model->doFindAll(0, 0)
 7 APPPATH\Controllers\peminjaman.php(47): CodeIgniter\BaseModel->findAll()
 8 SYSTEMPATH\CodeIgniter.php(933): App\Controllers\Peminjaman->index()
 9 SYSTEMPATH\CodeIgniter.php(507): CodeIgniter\CodeIgniter->runController(Object(App\Controllers\Peminjaman))
10 SYSTEMPATH\CodeIgniter.php(354): CodeIgniter\CodeIgniter->handleRequest(null, Object(Config\Cache), false)
11 SYSTEMPATH\Boot.php(363): CodeIgniter\CodeIgniter->run()
12 SYSTEMPATH\Boot.php(68): CodeIgniter\Boot::runCodeIgniter(Object(CodeIgniter\CodeIgniter))
13 FCPATH\index.php(59): CodeIgniter\Boot::bootWeb(Object(Config\Paths))
DEBUG - 2026-04-25 09:14:54 --> Session: Class initialized using 'CodeIgniter\Session\Handlers\FileHandler' driver.
ERROR - 2026-04-25 09:14:54 --> mysqli_sql_exception: Unknown column 'denda.denda' in 'field list' in C:\xampp\htdocs\perpus\system\Database\MySQLi\Connection.php:327
Stack trace:
#0 C:\xampp\htdocs\perpus\system\Database\MySQLi\Connection.php(327): mysqli->query('SELECT `peminja...', 0)
#1 C:\xampp\htdocs\perpus\system\Database\BaseConnection.php(729): CodeIgniter\Database\MySQLi\Connection->execute('SELECT `peminja...')
#2 C:\xampp\htdocs\perpus\system\Database\BaseConnection.php(646): CodeIgniter\Database\BaseConnection->simpleQuery('SELECT `peminja...')
#3 C:\xampp\htdocs\perpus\system\Database\BaseBuilder.php(1649): CodeIgniter\Database\BaseConnection->query('SELECT `peminja...', Array, false)
#4 C:\xampp\htdocs\perpus\system\Model.php(286): CodeIgniter\Database\BaseBuilder->get()
#5 C:\xampp\htdocs\perpus\system\BaseModel.php(677): CodeIgniter\Model->doFindAll(0, 0)
#6 C:\xampp\htdocs\perpus\app\Controllers\peminjaman.php(47): CodeIgniter\BaseModel->findAll()
#7 C:\xampp\htdocs\perpus\system\CodeIgniter.php(933): App\Controllers\Peminjaman->index()
#8 C:\xampp\htdocs\perpus\system\CodeIgniter.php(507): CodeIgniter\CodeIgniter->runController(Object(App\Controllers\Peminjaman))
#9 C:\xampp\htdocs\perpus\system\CodeIgniter.php(354): CodeIgniter\CodeIgniter->handleRequest(NULL, Object(Config\Cache), false)
#10 C:\xampp\htdocs\perpus\system\Boot.php(363): CodeIgniter\CodeIgniter->run()
#11 C:\xampp\htdocs\perpus\system\Boot.php(68): CodeIgniter\Boot::runCodeIgniter(Object(CodeIgniter\CodeIgniter))
#12 C:\xampp\htdocs\perpus\index.php(59): CodeIgniter\Boot::bootWeb(Object(Config\Paths))
#13 {main}
CRITICAL - 2026-04-25 09:14:54 --> CodeIgniter\Database\Exceptions\DatabaseException: Unknown column 'denda.denda' in 'field list'
[Method: GET, Route: peminjaman]
in SYSTEMPATH\Database\BaseConnection.php on line 684.
 1 SYSTEMPATH\Database\BaseBuilder.php(1649): CodeIgniter\Database\BaseConnection->query('SELECT `peminjaman`.*, `users`.`nama`, `buku`.`judul`, `denda`.`denda` as `jumlah_denda`
FROM `peminjaman`
JOIN `users` ON `users`.`id_user` = `peminjaman`.`id_user`
JOIN `buku` ON `buku`.`id_buku` = `peminjaman`.`id_buku`
LEFT JOIN `denda` ON `denda`.`id_pinjam` = `peminjaman`.`id_pinjam`
ORDER BY `peminjaman`.`id_pinjam` DESC', [], false)
 2 SYSTEMPATH\Model.php(286): CodeIgniter\Database\BaseBuilder->get()
 3 SYSTEMPATH\BaseModel.php(677): CodeIgniter\Model->doFindAll(0, 0)
 4 APPPATH\Controllers\peminjaman.php(47): CodeIgniter\BaseModel->findAll()
 5 SYSTEMPATH\CodeIgniter.php(933): App\Controllers\Peminjaman->index()
 6 SYSTEMPATH\CodeIgniter.php(507): CodeIgniter\CodeIgniter->runController(Object(App\Controllers\Peminjaman))
 7 SYSTEMPATH\CodeIgniter.php(354): CodeIgniter\CodeIgniter->handleRequest(null, Object(Config\Cache), false)
 8 SYSTEMPATH\Boot.php(363): CodeIgniter\CodeIgniter->run()
 9 SYSTEMPATH\Boot.php(68): CodeIgniter\Boot::runCodeIgniter(Object(CodeIgniter\CodeIgniter))
10 FCPATH\index.php(59): CodeIgniter\Boot::bootWeb(Object(Config\Paths))
CRITICAL - 2026-04-25 09:14:54 --> [Caused by] CodeIgniter\Database\Exceptions\DatabaseException: Unknown column 'denda.denda' in 'field list'
in SYSTEMPATH\Database\MySQLi\Connection.php on line 332.
 1 SYSTEMPATH\Database\BaseConnection.php(729): CodeIgniter\Database\MySQLi\Connection->execute('SELECT `peminjaman`.*, `users`.`nama`, `buku`.`judul`, `denda`.`denda` as `jumlah_denda`
FROM `peminjaman`
JOIN `users` ON `users`.`id_user` = `peminjaman`.`id_user`
JOIN `buku` ON `buku`.`id_buku` = `peminjaman`.`id_buku`
LEFT JOIN `denda` ON `denda`.`id_pinjam` = `peminjaman`.`id_pinjam`
ORDER BY `peminjaman`.`id_pinjam` DESC')
 2 SYSTEMPATH\Database\BaseConnection.php(646): CodeIgniter\Database\BaseConnection->simpleQuery('SELECT `peminjaman`.*, `users`.`nama`, `buku`.`judul`, `denda`.`denda` as `jumlah_denda`
FROM `peminjaman`
JOIN `users` ON `users`.`id_user` = `peminjaman`.`id_user`
JOIN `buku` ON `buku`.`id_buku` = `peminjaman`.`id_buku`
LEFT JOIN `denda` ON `denda`.`id_pinjam` = `peminjaman`.`id_pinjam`
ORDER BY `peminjaman`.`id_pinjam` DESC')
 3 SYSTEMPATH\Database\BaseBuilder.php(1649): CodeIgniter\Database\BaseConnection->query('SELECT `peminjaman`.*, `users`.`nama`, `buku`.`judul`, `denda`.`denda` as `jumlah_denda`
FROM `peminjaman`
JOIN `users` ON `users`.`id_user` = `peminjaman`.`id_user`
JOIN `buku` ON `buku`.`id_buku` = `peminjaman`.`id_buku`
LEFT JOIN `denda` ON `denda`.`id_pinjam` = `peminjaman`.`id_pinjam`
ORDER BY `peminjaman`.`id_pinjam` DESC', [], false)
 4 SYSTEMPATH\Model.php(286): CodeIgniter\Database\BaseBuilder->get()
 5 SYSTEMPATH\BaseModel.php(677): CodeIgniter\Model->doFindAll(0, 0)
 6 APPPATH\Controllers\peminjaman.php(47): CodeIgniter\BaseModel->findAll()
 7 SYSTEMPATH\CodeIgniter.php(933): App\Controllers\Peminjaman->index()
 8 SYSTEMPATH\CodeIgniter.php(507): CodeIgniter\CodeIgniter->runController(Object(App\Controllers\Peminjaman))
 9 SYSTEMPATH\CodeIgniter.php(354): CodeIgniter\CodeIgniter->handleRequest(null, Object(Config\Cache), false)
10 SYSTEMPATH\Boot.php(363): CodeIgniter\CodeIgniter->run()
11 SYSTEMPATH\Boot.php(68): CodeIgniter\Boot::runCodeIgniter(Object(CodeIgniter\CodeIgniter))
12 FCPATH\index.php(59): CodeIgniter\Boot::bootWeb(Object(Config\Paths))
CRITICAL - 2026-04-25 09:14:54 --> [Caused by] mysqli_sql_exception: Unknown column 'denda.denda' in 'field list'
in SYSTEMPATH\Database\MySQLi\Connection.php on line 327.
 1 SYSTEMPATH\Database\MySQLi\Connection.php(327): mysqli->query('SELECT `peminjaman`.*, `users`.`nama`, `buku`.`judul`, `denda`.`denda` as `jumlah_denda`
FROM `peminjaman`
JOIN `users` ON `users`.`id_user` = `peminjaman`.`id_user`
JOIN `buku` ON `buku`.`id_buku` = `peminjaman`.`id_buku`
LEFT JOIN `denda` ON `denda`.`id_pinjam` = `peminjaman`.`id_pinjam`
ORDER BY `peminjaman`.`id_pinjam` DESC', 0)
 2 SYSTEMPATH\Database\BaseConnection.php(729): CodeIgniter\Database\MySQLi\Connection->execute('SELECT `peminjaman`.*, `users`.`nama`, `buku`.`judul`, `denda`.`denda` as `jumlah_denda`
FROM `peminjaman`
JOIN `users` ON `users`.`id_user` = `peminjaman`.`id_user`
JOIN `buku` ON `buku`.`id_buku` = `peminjaman`.`id_buku`
LEFT JOIN `denda` ON `denda`.`id_pinjam` = `peminjaman`.`id_pinjam`
ORDER BY `peminjaman`.`id_pinjam` DESC')
 3 SYSTEMPATH\Database\BaseConnection.php(646): CodeIgniter\Database\BaseConnection->simpleQuery('SELECT `peminjaman`.*, `users`.`nama`, `buku`.`judul`, `denda`.`denda` as `jumlah_denda`
FROM `peminjaman`
JOIN `users` ON `users`.`id_user` = `peminjaman`.`id_user`
JOIN `buku` ON `buku`.`id_buku` = `peminjaman`.`id_buku`
LEFT JOIN `denda` ON `denda`.`id_pinjam` = `peminjaman`.`id_pinjam`
ORDER BY `peminjaman`.`id_pinjam` DESC')
 4 SYSTEMPATH\Database\BaseBuilder.php(1649): CodeIgniter\Database\BaseConnection->query('SELECT `peminjaman`.*, `users`.`nama`, `buku`.`judul`, `denda`.`denda` as `jumlah_denda`
FROM `peminjaman`
JOIN `users` ON `users`.`id_user` = `peminjaman`.`id_user`
JOIN `buku` ON `buku`.`id_buku` = `peminjaman`.`id_buku`
LEFT JOIN `denda` ON `denda`.`id_pinjam` = `peminjaman`.`id_pinjam`
ORDER BY `peminjaman`.`id_pinjam` DESC', [], false)
 5 SYSTEMPATH\Model.php(286): CodeIgniter\Database\BaseBuilder->get()
 6 SYSTEMPATH\BaseModel.php(677): CodeIgniter\Model->doFindAll(0, 0)
 7 APPPATH\Controllers\peminjaman.php(47): CodeIgniter\BaseModel->findAll()
 8 SYSTEMPATH\CodeIgniter.php(933): App\Controllers\Peminjaman->index()
 9 SYSTEMPATH\CodeIgniter.php(507): CodeIgniter\CodeIgniter->runController(Object(App\Controllers\Peminjaman))
10 SYSTEMPATH\CodeIgniter.php(354): CodeIgniter\CodeIgniter->handleRequest(null, Object(Config\Cache), false)
11 SYSTEMPATH\Boot.php(363): CodeIgniter\CodeIgniter->run()
12 SYSTEMPATH\Boot.php(68): CodeIgniter\Boot::runCodeIgniter(Object(CodeIgniter\CodeIgniter))
13 FCPATH\index.php(59): CodeIgniter\Boot::bootWeb(Object(Config\Paths))
DEBUG - 2026-04-25 09:15:53 --> Session: Class initialized using 'CodeIgniter\Session\Handlers\FileHandler' driver.
ERROR - 2026-04-25 09:15:53 --> mysqli_sql_exception: Unknown column 'denda.denda' in 'field list' in C:\xampp\htdocs\perpus\system\Database\MySQLi\Connection.php:327
Stack trace:
#0 C:\xampp\htdocs\perpus\system\Database\MySQLi\Connection.php(327): mysqli->query('SELECT `peminja...', 0)
#1 C:\xampp\htdocs\perpus\system\Database\BaseConnection.php(729): CodeIgniter\Database\MySQLi\Connection->execute('SELECT `peminja...')
#2 C:\xampp\htdocs\perpus\system\Database\BaseConnection.php(646): CodeIgniter\Database\BaseConnection->simpleQuery('SELECT `peminja...')
#3 C:\xampp\htdocs\perpus\system\Database\BaseBuilder.php(1649): CodeIgniter\Database\BaseConnection->query('SELECT `peminja...', Array, false)
#4 C:\xampp\htdocs\perpus\system\Model.php(286): CodeIgniter\Database\BaseBuilder->get()
#5 C:\xampp\htdocs\perpus\system\BaseModel.php(677): CodeIgniter\Model->doFindAll(0, 0)
#6 C:\xampp\htdocs\perpus\app\Controllers\peminjaman.php(47): CodeIgniter\BaseModel->findAll()
#7 C:\xampp\htdocs\perpus\system\CodeIgniter.php(933): App\Controllers\Peminjaman->index()
#8 C:\xampp\htdocs\perpus\system\CodeIgniter.php(507): CodeIgniter\CodeIgniter->runController(Object(App\Controllers\Peminjaman))
#9 C:\xampp\htdocs\perpus\system\CodeIgniter.php(354): CodeIgniter\CodeIgniter->handleRequest(NULL, Object(Config\Cache), false)
#10 C:\xampp\htdocs\perpus\system\Boot.php(363): CodeIgniter\CodeIgniter->run()
#11 C:\xampp\htdocs\perpus\system\Boot.php(68): CodeIgniter\Boot::runCodeIgniter(Object(CodeIgniter\CodeIgniter))
#12 C:\xampp\htdocs\perpus\index.php(59): CodeIgniter\Boot::bootWeb(Object(Config\Paths))
#13 {main}
CRITICAL - 2026-04-25 09:15:53 --> CodeIgniter\Database\Exceptions\DatabaseException: Unknown column 'denda.denda' in 'field list'
[Method: GET, Route: peminjaman]
in SYSTEMPATH\Database\BaseConnection.php on line 684.
 1 SYSTEMPATH\Database\BaseBuilder.php(1649): CodeIgniter\Database\BaseConnection->query('SELECT `peminjaman`.*, `users`.`nama`, `buku`.`judul`, `denda`.`denda` as `jumlah_denda`
FROM `peminjaman`
JOIN `users` ON `users`.`id_user` = `peminjaman`.`id_user`
JOIN `buku` ON `buku`.`id_buku` = `peminjaman`.`id_buku`
LEFT JOIN `denda` ON `denda`.`id_pinjam` = `peminjaman`.`id_pinjam`
ORDER BY `peminjaman`.`id_pinjam` DESC', [], false)
 2 SYSTEMPATH\Model.php(286): CodeIgniter\Database\BaseBuilder->get()
 3 SYSTEMPATH\BaseModel.php(677): CodeIgniter\Model->doFindAll(0, 0)
 4 APPPATH\Controllers\peminjaman.php(47): CodeIgniter\BaseModel->findAll()
 5 SYSTEMPATH\CodeIgniter.php(933): App\Controllers\Peminjaman->index()
 6 SYSTEMPATH\CodeIgniter.php(507): CodeIgniter\CodeIgniter->runController(Object(App\Controllers\Peminjaman))
 7 SYSTEMPATH\CodeIgniter.php(354): CodeIgniter\CodeIgniter->handleRequest(null, Object(Config\Cache), false)
 8 SYSTEMPATH\Boot.php(363): CodeIgniter\CodeIgniter->run()
 9 SYSTEMPATH\Boot.php(68): CodeIgniter\Boot::runCodeIgniter(Object(CodeIgniter\CodeIgniter))
10 FCPATH\index.php(59): CodeIgniter\Boot::bootWeb(Object(Config\Paths))
CRITICAL - 2026-04-25 09:15:53 --> [Caused by] CodeIgniter\Database\Exceptions\DatabaseException: Unknown column 'denda.denda' in 'field list'
in SYSTEMPATH\Database\MySQLi\Connection.php on line 332.
 1 SYSTEMPATH\Database\BaseConnection.php(729): CodeIgniter\Database\MySQLi\Connection->execute('SELECT `peminjaman`.*, `users`.`nama`, `buku`.`judul`, `denda`.`denda` as `jumlah_denda`
FROM `peminjaman`
JOIN `users` ON `users`.`id_user` = `peminjaman`.`id_user`
JOIN `buku` ON `buku`.`id_buku` = `peminjaman`.`id_buku`
LEFT JOIN `denda` ON `denda`.`id_pinjam` = `peminjaman`.`id_pinjam`
ORDER BY `peminjaman`.`id_pinjam` DESC')
 2 SYSTEMPATH\Database\BaseConnection.php(646): CodeIgniter\Database\BaseConnection->simpleQuery('SELECT `peminjaman`.*, `users`.`nama`, `buku`.`judul`, `denda`.`denda` as `jumlah_denda`
FROM `peminjaman`
JOIN `users` ON `users`.`id_user` = `peminjaman`.`id_user`
JOIN `buku` ON `buku`.`id_buku` = `peminjaman`.`id_buku`
LEFT JOIN `denda` ON `denda`.`id_pinjam` = `peminjaman`.`id_pinjam`
ORDER BY `peminjaman`.`id_pinjam` DESC')
 3 SYSTEMPATH\Database\BaseBuilder.php(1649): CodeIgniter\Database\BaseConnection->query('SELECT `peminjaman`.*, `users`.`nama`, `buku`.`judul`, `denda`.`denda` as `jumlah_denda`
FROM `peminjaman`
JOIN `users` ON `users`.`id_user` = `peminjaman`.`id_user`
JOIN `buku` ON `buku`.`id_buku` = `peminjaman`.`id_buku`
LEFT JOIN `denda` ON `denda`.`id_pinjam` = `peminjaman`.`id_pinjam`
ORDER BY `peminjaman`.`id_pinjam` DESC', [], false)
 4 SYSTEMPATH\Model.php(286): CodeIgniter\Database\BaseBuilder->get()
 5 SYSTEMPATH\BaseModel.php(677): CodeIgniter\Model->doFindAll(0, 0)
 6 APPPATH\Controllers\peminjaman.php(47): CodeIgniter\BaseModel->findAll()
 7 SYSTEMPATH\CodeIgniter.php(933): App\Controllers\Peminjaman->index()
 8 SYSTEMPATH\CodeIgniter.php(507): CodeIgniter\CodeIgniter->runController(Object(App\Controllers\Peminjaman))
 9 SYSTEMPATH\CodeIgniter.php(354): CodeIgniter\CodeIgniter->handleRequest(null, Object(Config\Cache), false)
10 SYSTEMPATH\Boot.php(363): CodeIgniter\CodeIgniter->run()
11 SYSTEMPATH\Boot.php(68): CodeIgniter\Boot::runCodeIgniter(Object(CodeIgniter\CodeIgniter))
12 FCPATH\index.php(59): CodeIgniter\Boot::bootWeb(Object(Config\Paths))
CRITICAL - 2026-04-25 09:15:53 --> [Caused by] mysqli_sql_exception: Unknown column 'denda.denda' in 'field list'
in SYSTEMPATH\Database\MySQLi\Connection.php on line 327.
 1 SYSTEMPATH\Database\MySQLi\Connection.php(327): mysqli->query('SELECT `peminjaman`.*, `users`.`nama`, `buku`.`judul`, `denda`.`denda` as `jumlah_denda`
FROM `peminjaman`
JOIN `users` ON `users`.`id_user` = `peminjaman`.`id_user`
JOIN `buku` ON `buku`.`id_buku` = `peminjaman`.`id_buku`
LEFT JOIN `denda` ON `denda`.`id_pinjam` = `peminjaman`.`id_pinjam`
ORDER BY `peminjaman`.`id_pinjam` DESC', 0)
 2 SYSTEMPATH\Database\BaseConnection.php(729): CodeIgniter\Database\MySQLi\Connection->execute('SELECT `peminjaman`.*, `users`.`nama`, `buku`.`judul`, `denda`.`denda` as `jumlah_denda`
FROM `peminjaman`
JOIN `users` ON `users`.`id_user` = `peminjaman`.`id_user`
JOIN `buku` ON `buku`.`id_buku` = `peminjaman`.`id_buku`
LEFT JOIN `denda` ON `denda`.`id_pinjam` = `peminjaman`.`id_pinjam`
ORDER BY `peminjaman`.`id_pinjam` DESC')
 3 SYSTEMPATH\Database\BaseConnection.php(646): CodeIgniter\Database\BaseConnection->simpleQuery('SELECT `peminjaman`.*, `users`.`nama`, `buku`.`judul`, `denda`.`denda` as `jumlah_denda`
FROM `peminjaman`
JOIN `users` ON `users`.`id_user` = `peminjaman`.`id_user`
JOIN `buku` ON `buku`.`id_buku` = `peminjaman`.`id_buku`
LEFT JOIN `denda` ON `denda`.`id_pinjam` = `peminjaman`.`id_pinjam`
ORDER BY `peminjaman`.`id_pinjam` DESC')
 4 SYSTEMPATH\Database\BaseBuilder.php(1649): CodeIgniter\Database\BaseConnection->query('SELECT `peminjaman`.*, `users`.`nama`, `buku`.`judul`, `denda`.`denda` as `jumlah_denda`
FROM `peminjaman`
JOIN `users` ON `users`.`id_user` = `peminjaman`.`id_user`
JOIN `buku` ON `buku`.`id_buku` = `peminjaman`.`id_buku`
LEFT JOIN `denda` ON `denda`.`id_pinjam` = `peminjaman`.`id_pinjam`
ORDER BY `peminjaman`.`id_pinjam` DESC', [], false)
 5 SYSTEMPATH\Model.php(286): CodeIgniter\Database\BaseBuilder->get()
 6 SYSTEMPATH\BaseModel.php(677): CodeIgniter\Model->doFindAll(0, 0)
 7 APPPATH\Controllers\peminjaman.php(47): CodeIgniter\BaseModel->findAll()
 8 SYSTEMPATH\CodeIgniter.php(933): App\Controllers\Peminjaman->index()
 9 SYSTEMPATH\CodeIgniter.php(507): CodeIgniter\CodeIgniter->runController(Object(App\Controllers\Peminjaman))
10 SYSTEMPATH\CodeIgniter.php(354): CodeIgniter\CodeIgniter->handleRequest(null, Object(Config\Cache), false)
11 SYSTEMPATH\Boot.php(363): CodeIgniter\CodeIgniter->run()
12 SYSTEMPATH\Boot.php(68): CodeIgniter\Boot::runCodeIgniter(Object(CodeIgniter\CodeIgniter))
13 FCPATH\index.php(59): CodeIgniter\Boot::bootWeb(Object(Config\Paths))
DEBUG - 2026-04-25 09:17:39 --> Session: Class initialized using 'CodeIgniter\Session\Handlers\FileHandler' driver.
CRITICAL - 2026-04-25 09:17:39 --> ParseError: syntax error, unexpected token "->"
[Method: GET, Route: peminjaman]
in APPPATH\Controllers\peminjaman.php on line 37.
 1 SYSTEMPATH\Autoloader\Autoloader.php(295): CodeIgniter\Autoloader\Autoloader->includeFile('C:\\xampp\\htdocs\\perpus\\app\\Controllers\\Peminjaman.php')
 2 SYSTEMPATH\Autoloader\Autoloader.php(271): CodeIgniter\Autoloader\Autoloader->loadInNamespace('App\\Controllers\\Peminjaman')
 3 [internal function]: CodeIgniter\Autoloader\Autoloader->loadClass('App\\Controllers\\Peminjaman')
 4 SYSTEMPATH\CodeIgniter.php(885): class_exists('\\App\\Controllers\\Peminjaman', true)
 5 SYSTEMPATH\CodeIgniter.php(494): CodeIgniter\CodeIgniter->startController()
 6 SYSTEMPATH\CodeIgniter.php(354): CodeIgniter\CodeIgniter->handleRequest(null, Object(Config\Cache), false)
 7 SYSTEMPATH\Boot.php(363): CodeIgniter\CodeIgniter->run()
 8 SYSTEMPATH\Boot.php(68): CodeIgniter\Boot::runCodeIgniter(Object(CodeIgniter\CodeIgniter))
 9 FCPATH\index.php(59): CodeIgniter\Boot::bootWeb(Object(Config\Paths))
DEBUG - 2026-04-25 09:18:25 --> Session: Class initialized using 'CodeIgniter\Session\Handlers\FileHandler' driver.
ERROR - 2026-04-25 09:18:25 --> mysqli_sql_exception: Unknown column 'users.id_user' in 'on clause' in C:\xampp\htdocs\perpus\system\Database\MySQLi\Connection.php:327
Stack trace:
#0 C:\xampp\htdocs\perpus\system\Database\MySQLi\Connection.php(327): mysqli->query('SELECT `peminja...', 0)
#1 C:\xampp\htdocs\perpus\system\Database\BaseConnection.php(729): CodeIgniter\Database\MySQLi\Connection->execute('SELECT `peminja...')
#2 C:\xampp\htdocs\perpus\system\Database\BaseConnection.php(646): CodeIgniter\Database\BaseConnection->simpleQuery('SELECT `peminja...')
#3 C:\xampp\htdocs\perpus\system\Database\BaseBuilder.php(1649): CodeIgniter\Database\BaseConnection->query('SELECT `peminja...', Array, false)
#4 C:\xampp\htdocs\perpus\system\Model.php(286): CodeIgniter\Database\BaseBuilder->get()
#5 C:\xampp\htdocs\perpus\system\BaseModel.php(677): CodeIgniter\Model->doFindAll(0, 0)
#6 C:\xampp\htdocs\perpus\app\Controllers\peminjaman.php(49): CodeIgniter\BaseModel->findAll()
#7 C:\xampp\htdocs\perpus\system\CodeIgniter.php(933): App\Controllers\Peminjaman->index()
#8 C:\xampp\htdocs\perpus\system\CodeIgniter.php(507): CodeIgniter\CodeIgniter->runController(Object(App\Controllers\Peminjaman))
#9 C:\xampp\htdocs\perpus\system\CodeIgniter.php(354): CodeIgniter\CodeIgniter->handleRequest(NULL, Object(Config\Cache), false)
#10 C:\xampp\htdocs\perpus\system\Boot.php(363): CodeIgniter\CodeIgniter->run()
#11 C:\xampp\htdocs\perpus\system\Boot.php(68): CodeIgniter\Boot::runCodeIgniter(Object(CodeIgniter\CodeIgniter))
#12 C:\xampp\htdocs\perpus\index.php(59): CodeIgniter\Boot::bootWeb(Object(Config\Paths))
#13 {main}
CRITICAL - 2026-04-25 09:18:25 --> CodeIgniter\Database\Exceptions\DatabaseException: Unknown column 'users.id_user' in 'on clause'
[Method: GET, Route: peminjaman]
in SYSTEMPATH\Database\BaseConnection.php on line 684.
 1 SYSTEMPATH\Database\BaseBuilder.php(1649): CodeIgniter\Database\BaseConnection->query('SELECT `peminjaman`.*, `users`.`nama`, `buku`.`judul`, `denda`.`jumlah_denda` as `jumlah_denda`, `peminjaman`.*, `users`.`nama`, `buku`.`judul`, `denda`.`jumlah_denda` as `jumlah_denda`
FROM `peminjaman`
JOIN `users` ON `users`.`id_user` = `peminjaman`.`id_user`
JOIN `buku` ON `buku`.`id_buku` = `peminjaman`.`id_buku`
LEFT JOIN `denda` ON `denda`.`id_peminjaman` = `peminjaman`.`id_peminjaman`
ORDER BY `peminjaman`.`id_pinjam` DESC', [], false)
 2 SYSTEMPATH\Model.php(286): CodeIgniter\Database\BaseBuilder->get()
 3 SYSTEMPATH\BaseModel.php(677): CodeIgniter\Model->doFindAll(0, 0)
 4 APPPATH\Controllers\peminjaman.php(49): CodeIgniter\BaseModel->findAll()
 5 SYSTEMPATH\CodeIgniter.php(933): App\Controllers\Peminjaman->index()
 6 SYSTEMPATH\CodeIgniter.php(507): CodeIgniter\CodeIgniter->runController(Object(App\Controllers\Peminjaman))
 7 SYSTEMPATH\CodeIgniter.php(354): CodeIgniter\CodeIgniter->handleRequest(null, Object(Config\Cache), false)
 8 SYSTEMPATH\Boot.php(363): CodeIgniter\CodeIgniter->run()
 9 SYSTEMPATH\Boot.php(68): CodeIgniter\Boot::runCodeIgniter(Object(CodeIgniter\CodeIgniter))
10 FCPATH\index.php(59): CodeIgniter\Boot::bootWeb(Object(Config\Paths))
CRITICAL - 2026-04-25 09:18:25 --> [Caused by] CodeIgniter\Database\Exceptions\DatabaseException: Unknown column 'users.id_user' in 'on clause'
in SYSTEMPATH\Database\MySQLi\Connection.php on line 332.
 1 SYSTEMPATH\Database\BaseConnection.php(729): CodeIgniter\Database\MySQLi\Connection->execute('SELECT `peminjaman`.*, `users`.`nama`, `buku`.`judul`, `denda`.`jumlah_denda` as `jumlah_denda`, `peminjaman`.*, `users`.`nama`, `buku`.`judul`, `denda`.`jumlah_denda` as `jumlah_denda`
FROM `peminjaman`
JOIN `users` ON `users`.`id_user` = `peminjaman`.`id_user`
JOIN `buku` ON `buku`.`id_buku` = `peminjaman`.`id_buku`
LEFT JOIN `denda` ON `denda`.`id_peminjaman` = `peminjaman`.`id_peminjaman`
ORDER BY `peminjaman`.`id_pinjam` DESC')
 2 SYSTEMPATH\Database\BaseConnection.php(646): CodeIgniter\Database\BaseConnection->simpleQuery('SELECT `peminjaman`.*, `users`.`nama`, `buku`.`judul`, `denda`.`jumlah_denda` as `jumlah_denda`, `peminjaman`.*, `users`.`nama`, `buku`.`judul`, `denda`.`jumlah_denda` as `jumlah_denda`
FROM `peminjaman`
JOIN `users` ON `users`.`id_user` = `peminjaman`.`id_user`
JOIN `buku` ON `buku`.`id_buku` = `peminjaman`.`id_buku`
LEFT JOIN `denda` ON `denda`.`id_peminjaman` = `peminjaman`.`id_peminjaman`
ORDER BY `peminjaman`.`id_pinjam` DESC')
 3 SYSTEMPATH\Database\BaseBuilder.php(1649): CodeIgniter\Database\BaseConnection->query('SELECT `peminjaman`.*, `users`.`nama`, `buku`.`judul`, `denda`.`jumlah_denda` as `jumlah_denda`, `peminjaman`.*, `users`.`nama`, `buku`.`judul`, `denda`.`jumlah_denda` as `jumlah_denda`
FROM `peminjaman`
JOIN `users` ON `users`.`id_user` = `peminjaman`.`id_user`
JOIN `buku` ON `buku`.`id_buku` = `peminjaman`.`id_buku`
LEFT JOIN `denda` ON `denda`.`id_peminjaman` = `peminjaman`.`id_peminjaman`
ORDER BY `peminjaman`.`id_pinjam` DESC', [], false)
 4 SYSTEMPATH\Model.php(286): CodeIgniter\Database\BaseBuilder->get()
 5 SYSTEMPATH\BaseModel.php(677): CodeIgniter\Model->doFindAll(0, 0)
 6 APPPATH\Controllers\peminjaman.php(49): CodeIgniter\BaseModel->findAll()
 7 SYSTEMPATH\CodeIgniter.php(933): App\Controllers\Peminjaman->index()
 8 SYSTEMPATH\CodeIgniter.php(507): CodeIgniter\CodeIgniter->runController(Object(App\Controllers\Peminjaman))
 9 SYSTEMPATH\CodeIgniter.php(354): CodeIgniter\CodeIgniter->handleRequest(null, Object(Config\Cache), false)
10 SYSTEMPATH\Boot.php(363): CodeIgniter\CodeIgniter->run()
11 SYSTEMPATH\Boot.php(68): CodeIgniter\Boot::runCodeIgniter(Object(CodeIgniter\CodeIgniter))
12 FCPATH\index.php(59): CodeIgniter\Boot::bootWeb(Object(Config\Paths))
CRITICAL - 2026-04-25 09:18:25 --> [Caused by] mysqli_sql_exception: Unknown column 'users.id_user' in 'on clause'
in SYSTEMPATH\Database\MySQLi\Connection.php on line 327.
 1 SYSTEMPATH\Database\MySQLi\Connection.php(327): mysqli->query('SELECT `peminjaman`.*, `users`.`nama`, `buku`.`judul`, `denda`.`jumlah_denda` as `jumlah_denda`, `peminjaman`.*, `users`.`nama`, `buku`.`judul`, `denda`.`jumlah_denda` as `jumlah_denda`
FROM `peminjaman`
JOIN `users` ON `users`.`id_user` = `peminjaman`.`id_user`
JOIN `buku` ON `buku`.`id_buku` = `peminjaman`.`id_buku`
LEFT JOIN `denda` ON `denda`.`id_peminjaman` = `peminjaman`.`id_peminjaman`
ORDER BY `peminjaman`.`id_pinjam` DESC', 0)
 2 SYSTEMPATH\Database\BaseConnection.php(729): CodeIgniter\Database\MySQLi\Connection->execute('SELECT `peminjaman`.*, `users`.`nama`, `buku`.`judul`, `denda`.`jumlah_denda` as `jumlah_denda`, `peminjaman`.*, `users`.`nama`, `buku`.`judul`, `denda`.`jumlah_denda` as `jumlah_denda`
FROM `peminjaman`
JOIN `users` ON `users`.`id_user` = `peminjaman`.`id_user`
JOIN `buku` ON `buku`.`id_buku` = `peminjaman`.`id_buku`
LEFT JOIN `denda` ON `denda`.`id_peminjaman` = `peminjaman`.`id_peminjaman`
ORDER BY `peminjaman`.`id_pinjam` DESC')
 3 SYSTEMPATH\Database\BaseConnection.php(646): CodeIgniter\Database\BaseConnection->simpleQuery('SELECT `peminjaman`.*, `users`.`nama`, `buku`.`judul`, `denda`.`jumlah_denda` as `jumlah_denda`, `peminjaman`.*, `users`.`nama`, `buku`.`judul`, `denda`.`jumlah_denda` as `jumlah_denda`
FROM `peminjaman`
JOIN `users` ON `users`.`id_user` = `peminjaman`.`id_user`
JOIN `buku` ON `buku`.`id_buku` = `peminjaman`.`id_buku`
LEFT JOIN `denda` ON `denda`.`id_peminjaman` = `peminjaman`.`id_peminjaman`
ORDER BY `peminjaman`.`id_pinjam` DESC')
 4 SYSTEMPATH\Database\BaseBuilder.php(1649): CodeIgniter\Database\BaseConnection->query('SELECT `peminjaman`.*, `users`.`nama`, `buku`.`judul`, `denda`.`jumlah_denda` as `jumlah_denda`, `peminjaman`.*, `users`.`nama`, `buku`.`judul`, `denda`.`jumlah_denda` as `jumlah_denda`
FROM `peminjaman`
JOIN `users` ON `users`.`id_user` = `peminjaman`.`id_user`
JOIN `buku` ON `buku`.`id_buku` = `peminjaman`.`id_buku`
LEFT JOIN `denda` ON `denda`.`id_peminjaman` = `peminjaman`.`id_peminjaman`
ORDER BY `peminjaman`.`id_pinjam` DESC', [], false)
 5 SYSTEMPATH\Model.php(286): CodeIgniter\Database\BaseBuilder->get()
 6 SYSTEMPATH\BaseModel.php(677): CodeIgniter\Model->doFindAll(0, 0)
 7 APPPATH\Controllers\peminjaman.php(49): CodeIgniter\BaseModel->findAll()
 8 SYSTEMPATH\CodeIgniter.php(933): App\Controllers\Peminjaman->index()
 9 SYSTEMPATH\CodeIgniter.php(507): CodeIgniter\CodeIgniter->runController(Object(App\Controllers\Peminjaman))
10 SYSTEMPATH\CodeIgniter.php(354): CodeIgniter\CodeIgniter->handleRequest(null, Object(Config\Cache), false)
11 SYSTEMPATH\Boot.php(363): CodeIgniter\CodeIgniter->run()
12 SYSTEMPATH\Boot.php(68): CodeIgniter\Boot::runCodeIgniter(Object(CodeIgniter\CodeIgniter))
13 FCPATH\index.php(59): CodeIgniter\Boot::bootWeb(Object(Config\Paths))
DEBUG - 2026-04-25 09:19:53 --> Session: Class initialized using 'CodeIgniter\Session\Handlers\FileHandler' driver.
ERROR - 2026-04-25 09:19:53 --> mysqli_sql_exception: Unknown column 'peminjaman.id_user' in 'on clause' in C:\xampp\htdocs\perpus\system\Database\MySQLi\Connection.php:327
Stack trace:
#0 C:\xampp\htdocs\perpus\system\Database\MySQLi\Connection.php(327): mysqli->query('SELECT `peminja...', 0)
#1 C:\xampp\htdocs\perpus\system\Database\BaseConnection.php(729): CodeIgniter\Database\MySQLi\Connection->execute('SELECT `peminja...')
#2 C:\xampp\htdocs\perpus\system\Database\BaseConnection.php(646): CodeIgniter\Database\BaseConnection->simpleQuery('SELECT `peminja...')
#3 C:\xampp\htdocs\perpus\system\Database\BaseBuilder.php(1649): CodeIgniter\Database\BaseConnection->query('SELECT `peminja...', Array, false)
#4 C:\xampp\htdocs\perpus\system\Model.php(286): CodeIgniter\Database\BaseBuilder->get()
#5 C:\xampp\htdocs\perpus\system\BaseModel.php(677): CodeIgniter\Model->doFindAll(0, 0)
#6 C:\xampp\htdocs\perpus\app\Controllers\peminjaman.php(49): CodeIgniter\BaseModel->findAll()
#7 C:\xampp\htdocs\perpus\system\CodeIgniter.php(933): App\Controllers\Peminjaman->index()
#8 C:\xampp\htdocs\perpus\system\CodeIgniter.php(507): CodeIgniter\CodeIgniter->runController(Object(App\Controllers\Peminjaman))
#9 C:\xampp\htdocs\perpus\system\CodeIgniter.php(354): CodeIgniter\CodeIgniter->handleRequest(NULL, Object(Config\Cache), false)
#10 C:\xampp\htdocs\perpus\system\Boot.php(363): CodeIgniter\CodeIgniter->run()
#11 C:\xampp\htdocs\perpus\system\Boot.php(68): CodeIgniter\Boot::runCodeIgniter(Object(CodeIgniter\CodeIgniter))
#12 C:\xampp\htdocs\perpus\index.php(59): CodeIgniter\Boot::bootWeb(Object(Config\Paths))
#13 {main}
CRITICAL - 2026-04-25 09:19:53 --> CodeIgniter\Database\Exceptions\DatabaseException: Unknown column 'peminjaman.id_user' in 'on clause'
[Method: GET, Route: peminjaman]
in SYSTEMPATH\Database\BaseConnection.php on line 684.
 1 SYSTEMPATH\Database\BaseBuilder.php(1649): CodeIgniter\Database\BaseConnection->query('SELECT `peminjaman`.*, `users`.`nama`, `buku`.`judul`, `denda`.`jumlah_denda` as `jumlah_denda`, `peminjaman`.*, `users`.`nama`, `buku`.`judul`, `denda`.`jumlah_denda` as `jumlah_denda`
FROM `peminjaman`
JOIN `users` ON `users`.`id` = `peminjaman`.`id_user`
JOIN `buku` ON `buku`.`id_buku` = `peminjaman`.`id_buku`
LEFT JOIN `denda` ON `denda`.`id_peminjaman` = `peminjaman`.`id_peminjaman`
ORDER BY `peminjaman`.`id_pinjam` DESC', [], false)
 2 SYSTEMPATH\Model.php(286): CodeIgniter\Database\BaseBuilder->get()
 3 SYSTEMPATH\BaseModel.php(677): CodeIgniter\Model->doFindAll(0, 0)
 4 APPPATH\Controllers\peminjaman.php(49): CodeIgniter\BaseModel->findAll()
 5 SYSTEMPATH\CodeIgniter.php(933): App\Controllers\Peminjaman->index()
 6 SYSTEMPATH\CodeIgniter.php(507): CodeIgniter\CodeIgniter->runController(Object(App\Controllers\Peminjaman))
 7 SYSTEMPATH\CodeIgniter.php(354): CodeIgniter\CodeIgniter->handleRequest(null, Object(Config\Cache), false)
 8 SYSTEMPATH\Boot.php(363): CodeIgniter\CodeIgniter->run()
 9 SYSTEMPATH\Boot.php(68): CodeIgniter\Boot::runCodeIgniter(Object(CodeIgniter\CodeIgniter))
10 FCPATH\index.php(59): CodeIgniter\Boot::bootWeb(Object(Config\Paths))
CRITICAL - 2026-04-25 09:19:53 --> [Caused by] CodeIgniter\Database\Exceptions\DatabaseException: Unknown column 'peminjaman.id_user' in 'on clause'
in SYSTEMPATH\Database\MySQLi\Connection.php on line 332.
 1 SYSTEMPATH\Database\BaseConnection.php(729): CodeIgniter\Database\MySQLi\Connection->execute('SELECT `peminjaman`.*, `users`.`nama`, `buku`.`judul`, `denda`.`jumlah_denda` as `jumlah_denda`, `peminjaman`.*, `users`.`nama`, `buku`.`judul`, `denda`.`jumlah_denda` as `jumlah_denda`
FROM `peminjaman`
JOIN `users` ON `users`.`id` = `peminjaman`.`id_user`
JOIN `buku` ON `buku`.`id_buku` = `peminjaman`.`id_buku`
LEFT JOIN `denda` ON `denda`.`id_peminjaman` = `peminjaman`.`id_peminjaman`
ORDER BY `peminjaman`.`id_pinjam` DESC')
 2 SYSTEMPATH\Database\BaseConnection.php(646): CodeIgniter\Database\BaseConnection->simpleQuery('SELECT `peminjaman`.*, `users`.`nama`, `buku`.`judul`, `denda`.`jumlah_denda` as `jumlah_denda`, `peminjaman`.*, `users`.`nama`, `buku`.`judul`, `denda`.`jumlah_denda` as `jumlah_denda`
FROM `peminjaman`
JOIN `users` ON `users`.`id` = `peminjaman`.`id_user`
JOIN `buku` ON `buku`.`id_buku` = `peminjaman`.`id_buku`
LEFT JOIN `denda` ON `denda`.`id_peminjaman` = `peminjaman`.`id_peminjaman`
ORDER BY `peminjaman`.`id_pinjam` DESC')
 3 SYSTEMPATH\Database\BaseBuilder.php(1649): CodeIgniter\Database\BaseConnection->query('SELECT `peminjaman`.*, `users`.`nama`, `buku`.`judul`, `denda`.`jumlah_denda` as `jumlah_denda`, `peminjaman`.*, `users`.`nama`, `buku`.`judul`, `denda`.`jumlah_denda` as `jumlah_denda`
FROM `peminjaman`
JOIN `users` ON `users`.`id` = `peminjaman`.`id_user`
JOIN `buku` ON `buku`.`id_buku` = `peminjaman`.`id_buku`
LEFT JOIN `denda` ON `denda`.`id_peminjaman` = `peminjaman`.`id_peminjaman`
ORDER BY `peminjaman`.`id_pinjam` DESC', [], false)
 4 SYSTEMPATH\Model.php(286): CodeIgniter\Database\BaseBuilder->get()
 5 SYSTEMPATH\BaseModel.php(677): CodeIgniter\Model->doFindAll(0, 0)
 6 APPPATH\Controllers\peminjaman.php(49): CodeIgniter\BaseModel->findAll()
 7 SYSTEMPATH\CodeIgniter.php(933): App\Controllers\Peminjaman->index()
 8 SYSTEMPATH\CodeIgniter.php(507): CodeIgniter\CodeIgniter->runController(Object(App\Controllers\Peminjaman))
 9 SYSTEMPATH\CodeIgniter.php(354): CodeIgniter\CodeIgniter->handleRequest(null, Object(Config\Cache), false)
10 SYSTEMPATH\Boot.php(363): CodeIgniter\CodeIgniter->run()
11 SYSTEMPATH\Boot.php(68): CodeIgniter\Boot::runCodeIgniter(Object(CodeIgniter\CodeIgniter))
12 FCPATH\index.php(59): CodeIgniter\Boot::bootWeb(Object(Config\Paths))
CRITICAL - 2026-04-25 09:19:53 --> [Caused by] mysqli_sql_exception: Unknown column 'peminjaman.id_user' in 'on clause'
in SYSTEMPATH\Database\MySQLi\Connection.php on line 327.
 1 SYSTEMPATH\Database\MySQLi\Connection.php(327): mysqli->query('SELECT `peminjaman`.*, `users`.`nama`, `buku`.`judul`, `denda`.`jumlah_denda` as `jumlah_denda`, `peminjaman`.*, `users`.`nama`, `buku`.`judul`, `denda`.`jumlah_denda` as `jumlah_denda`
FROM `peminjaman`
JOIN `users` ON `users`.`id` = `peminjaman`.`id_user`
JOIN `buku` ON `buku`.`id_buku` = `peminjaman`.`id_buku`
LEFT JOIN `denda` ON `denda`.`id_peminjaman` = `peminjaman`.`id_peminjaman`
ORDER BY `peminjaman`.`id_pinjam` DESC', 0)
 2 SYSTEMPATH\Database\BaseConnection.php(729): CodeIgniter\Database\MySQLi\Connection->execute('SELECT `peminjaman`.*, `users`.`nama`, `buku`.`judul`, `denda`.`jumlah_denda` as `jumlah_denda`, `peminjaman`.*, `users`.`nama`, `buku`.`judul`, `denda`.`jumlah_denda` as `jumlah_denda`
FROM `peminjaman`
JOIN `users` ON `users`.`id` = `peminjaman`.`id_user`
JOIN `buku` ON `buku`.`id_buku` = `peminjaman`.`id_buku`
LEFT JOIN `denda` ON `denda`.`id_peminjaman` = `peminjaman`.`id_peminjaman`
ORDER BY `peminjaman`.`id_pinjam` DESC')
 3 SYSTEMPATH\Database\BaseConnection.php(646): CodeIgniter\Database\BaseConnection->simpleQuery('SELECT `peminjaman`.*, `users`.`nama`, `buku`.`judul`, `denda`.`jumlah_denda` as `jumlah_denda`, `peminjaman`.*, `users`.`nama`, `buku`.`judul`, `denda`.`jumlah_denda` as `jumlah_denda`
FROM `peminjaman`
JOIN `users` ON `users`.`id` = `peminjaman`.`id_user`
JOIN `buku` ON `buku`.`id_buku` = `peminjaman`.`id_buku`
LEFT JOIN `denda` ON `denda`.`id_peminjaman` = `peminjaman`.`id_peminjaman`
ORDER BY `peminjaman`.`id_pinjam` DESC')
 4 SYSTEMPATH\Database\BaseBuilder.php(1649): CodeIgniter\Database\BaseConnection->query('SELECT `peminjaman`.*, `users`.`nama`, `buku`.`judul`, `denda`.`jumlah_denda` as `jumlah_denda`, `peminjaman`.*, `users`.`nama`, `buku`.`judul`, `denda`.`jumlah_denda` as `jumlah_denda`
FROM `peminjaman`
JOIN `users` ON `users`.`id` = `peminjaman`.`id_user`
JOIN `buku` ON `buku`.`id_buku` = `peminjaman`.`id_buku`
LEFT JOIN `denda` ON `denda`.`id_peminjaman` = `peminjaman`.`id_peminjaman`
ORDER BY `peminjaman`.`id_pinjam` DESC', [], false)
 5 SYSTEMPATH\Model.php(286): CodeIgniter\Database\BaseBuilder->get()
 6 SYSTEMPATH\BaseModel.php(677): CodeIgniter\Model->doFindAll(0, 0)
 7 APPPATH\Controllers\peminjaman.php(49): CodeIgniter\BaseModel->findAll()
 8 SYSTEMPATH\CodeIgniter.php(933): App\Controllers\Peminjaman->index()
 9 SYSTEMPATH\CodeIgniter.php(507): CodeIgniter\CodeIgniter->runController(Object(App\Controllers\Peminjaman))
10 SYSTEMPATH\CodeIgniter.php(354): CodeIgniter\CodeIgniter->handleRequest(null, Object(Config\Cache), false)
11 SYSTEMPATH\Boot.php(363): CodeIgniter\CodeIgniter->run()
12 SYSTEMPATH\Boot.php(68): CodeIgniter\Boot::runCodeIgniter(Object(CodeIgniter\CodeIgniter))
13 FCPATH\index.php(59): CodeIgniter\Boot::bootWeb(Object(Config\Paths))
DEBUG - 2026-04-25 09:20:35 --> Session: Class initialized using 'CodeIgniter\Session\Handlers\FileHandler' driver.
ERROR - 2026-04-25 09:20:35 --> mysqli_sql_exception: Not unique table/alias: 'users' in C:\xampp\htdocs\perpus\system\Database\MySQLi\Connection.php:327
Stack trace:
#0 C:\xampp\htdocs\perpus\system\Database\MySQLi\Connection.php(327): mysqli->query('SELECT `peminja...', 0)
#1 C:\xampp\htdocs\perpus\system\Database\BaseConnection.php(729): CodeIgniter\Database\MySQLi\Connection->execute('SELECT `peminja...')
#2 C:\xampp\htdocs\perpus\system\Database\BaseConnection.php(646): CodeIgniter\Database\BaseConnection->simpleQuery('SELECT `peminja...')
#3 C:\xampp\htdocs\perpus\system\Database\BaseBuilder.php(1649): CodeIgniter\Database\BaseConnection->query('SELECT `peminja...', Array, false)
#4 C:\xampp\htdocs\perpus\system\Model.php(286): CodeIgniter\Database\BaseBuilder->get()
#5 C:\xampp\htdocs\perpus\system\BaseModel.php(677): CodeIgniter\Model->doFindAll(0, 0)
#6 C:\xampp\htdocs\perpus\app\Controllers\peminjaman.php(49): CodeIgniter\BaseModel->findAll()
#7 C:\xampp\htdocs\perpus\system\CodeIgniter.php(933): App\Controllers\Peminjaman->index()
#8 C:\xampp\htdocs\perpus\system\CodeIgniter.php(507): CodeIgniter\CodeIgniter->runController(Object(App\Controllers\Peminjaman))
#9 C:\xampp\htdocs\perpus\system\CodeIgniter.php(354): CodeIgniter\CodeIgniter->handleRequest(NULL, Object(Config\Cache), false)
#10 C:\xampp\htdocs\perpus\system\Boot.php(363): CodeIgniter\CodeIgniter->run()
#11 C:\xampp\htdocs\perpus\system\Boot.php(68): CodeIgniter\Boot::runCodeIgniter(Object(CodeIgniter\CodeIgniter))
#12 C:\xampp\htdocs\perpus\index.php(59): CodeIgniter\Boot::bootWeb(Object(Config\Paths))
#13 {main}
CRITICAL - 2026-04-25 09:20:36 --> CodeIgniter\Database\Exceptions\DatabaseException: Not unique table/alias: 'users'
[Method: GET, Route: peminjaman]
in SYSTEMPATH\Database\BaseConnection.php on line 684.
 1 SYSTEMPATH\Database\BaseBuilder.php(1649): CodeIgniter\Database\BaseConnection->query('SELECT `peminjaman`.*, `users`.`nama`, `buku`.`judul`, `denda`.`jumlah_denda` as `jumlah_denda`, `peminjaman`.*, `users`.`nama`, `buku`.`judul`, `denda`.`jumlah_denda` as `jumlah_denda`
FROM `peminjaman`
JOIN `users` ON `users`.`id` = `peminjaman`.`id_user`
JOIN `users` ON `users`.`id` = `peminjaman`.`id_users`
LEFT JOIN `denda` ON `denda`.`id_peminjaman` = `peminjaman`.`id_peminjaman`
ORDER BY `peminjaman`.`id_pinjam` DESC', [], false)
 2 SYSTEMPATH\Model.php(286): CodeIgniter\Database\BaseBuilder->get()
 3 SYSTEMPATH\BaseModel.php(677): CodeIgniter\Model->doFindAll(0, 0)
 4 APPPATH\Controllers\peminjaman.php(49): CodeIgniter\BaseModel->findAll()
 5 SYSTEMPATH\CodeIgniter.php(933): App\Controllers\Peminjaman->index()
 6 SYSTEMPATH\CodeIgniter.php(507): CodeIgniter\CodeIgniter->runController(Object(App\Controllers\Peminjaman))
 7 SYSTEMPATH\CodeIgniter.php(354): CodeIgniter\CodeIgniter->handleRequest(null, Object(Config\Cache), false)
 8 SYSTEMPATH\Boot.php(363): CodeIgniter\CodeIgniter->run()
 9 SYSTEMPATH\Boot.php(68): CodeIgniter\Boot::runCodeIgniter(Object(CodeIgniter\CodeIgniter))
10 FCPATH\index.php(59): CodeIgniter\Boot::bootWeb(Object(Config\Paths))
CRITICAL - 2026-04-25 09:20:36 --> [Caused by] CodeIgniter\Database\Exceptions\DatabaseException: Not unique table/alias: 'users'
in SYSTEMPATH\Database\MySQLi\Connection.php on line 332.
 1 SYSTEMPATH\Database\BaseConnection.php(729): CodeIgniter\Database\MySQLi\Connection->execute('SELECT `peminjaman`.*, `users`.`nama`, `buku`.`judul`, `denda`.`jumlah_denda` as `jumlah_denda`, `peminjaman`.*, `users`.`nama`, `buku`.`judul`, `denda`.`jumlah_denda` as `jumlah_denda`
FROM `peminjaman`
JOIN `users` ON `users`.`id` = `peminjaman`.`id_user`
JOIN `users` ON `users`.`id` = `peminjaman`.`id_users`
LEFT JOIN `denda` ON `denda`.`id_peminjaman` = `peminjaman`.`id_peminjaman`
ORDER BY `peminjaman`.`id_pinjam` DESC')
 2 SYSTEMPATH\Database\BaseConnection.php(646): CodeIgniter\Database\BaseConnection->simpleQuery('SELECT `peminjaman`.*, `users`.`nama`, `buku`.`judul`, `denda`.`jumlah_denda` as `jumlah_denda`, `peminjaman`.*, `users`.`nama`, `buku`.`judul`, `denda`.`jumlah_denda` as `jumlah_denda`
FROM `peminjaman`
JOIN `users` ON `users`.`id` = `peminjaman`.`id_user`
JOIN `users` ON `users`.`id` = `peminjaman`.`id_users`
LEFT JOIN `denda` ON `denda`.`id_peminjaman` = `peminjaman`.`id_peminjaman`
ORDER BY `peminjaman`.`id_pinjam` DESC')
 3 SYSTEMPATH\Database\BaseBuilder.php(1649): CodeIgniter\Database\BaseConnection->query('SELECT `peminjaman`.*, `users`.`nama`, `buku`.`judul`, `denda`.`jumlah_denda` as `jumlah_denda`, `peminjaman`.*, `users`.`nama`, `buku`.`judul`, `denda`.`jumlah_denda` as `jumlah_denda`
FROM `peminjaman`
JOIN `users` ON `users`.`id` = `peminjaman`.`id_user`
JOIN `users` ON `users`.`id` = `peminjaman`.`id_users`
LEFT JOIN `denda` ON `denda`.`id_peminjaman` = `peminjaman`.`id_peminjaman`
ORDER BY `peminjaman`.`id_pinjam` DESC', [], false)
 4 SYSTEMPATH\Model.php(286): CodeIgniter\Database\BaseBuilder->get()
 5 SYSTEMPATH\BaseModel.php(677): CodeIgniter\Model->doFindAll(0, 0)
 6 APPPATH\Controllers\peminjaman.php(49): CodeIgniter\BaseModel->findAll()
 7 SYSTEMPATH\CodeIgniter.php(933): App\Controllers\Peminjaman->index()
 8 SYSTEMPATH\CodeIgniter.php(507): CodeIgniter\CodeIgniter->runController(Object(App\Controllers\Peminjaman))
 9 SYSTEMPATH\CodeIgniter.php(354): CodeIgniter\CodeIgniter->handleRequest(null, Object(Config\Cache), false)
10 SYSTEMPATH\Boot.php(363): CodeIgniter\CodeIgniter->run()
11 SYSTEMPATH\Boot.php(68): CodeIgniter\Boot::runCodeIgniter(Object(CodeIgniter\CodeIgniter))
12 FCPATH\index.php(59): CodeIgniter\Boot::bootWeb(Object(Config\Paths))
CRITICAL - 2026-04-25 09:20:36 --> [Caused by] mysqli_sql_exception: Not unique table/alias: 'users'
in SYSTEMPATH\Database\MySQLi\Connection.php on line 327.
 1 SYSTEMPATH\Database\MySQLi\Connection.php(327): mysqli->query('SELECT `peminjaman`.*, `users`.`nama`, `buku`.`judul`, `denda`.`jumlah_denda` as `jumlah_denda`, `peminjaman`.*, `users`.`nama`, `buku`.`judul`, `denda`.`jumlah_denda` as `jumlah_denda`
FROM `peminjaman`
JOIN `users` ON `users`.`id` = `peminjaman`.`id_user`
JOIN `users` ON `users`.`id` = `peminjaman`.`id_users`
LEFT JOIN `denda` ON `denda`.`id_peminjaman` = `peminjaman`.`id_peminjaman`
ORDER BY `peminjaman`.`id_pinjam` DESC', 0)
 2 SYSTEMPATH\Database\BaseConnection.php(729): CodeIgniter\Database\MySQLi\Connection->execute('SELECT `peminjaman`.*, `users`.`nama`, `buku`.`judul`, `denda`.`jumlah_denda` as `jumlah_denda`, `peminjaman`.*, `users`.`nama`, `buku`.`judul`, `denda`.`jumlah_denda` as `jumlah_denda`
FROM `peminjaman`
JOIN `users` ON `users`.`id` = `peminjaman`.`id_user`
JOIN `users` ON `users`.`id` = `peminjaman`.`id_users`
LEFT JOIN `denda` ON `denda`.`id_peminjaman` = `peminjaman`.`id_peminjaman`
ORDER BY `peminjaman`.`id_pinjam` DESC')
 3 SYSTEMPATH\Database\BaseConnection.php(646): CodeIgniter\Database\BaseConnection->simpleQuery('SELECT `peminjaman`.*, `users`.`nama`, `buku`.`judul`, `denda`.`jumlah_denda` as `jumlah_denda`, `peminjaman`.*, `users`.`nama`, `buku`.`judul`, `denda`.`jumlah_denda` as `jumlah_denda`
FROM `peminjaman`
JOIN `users` ON `users`.`id` = `peminjaman`.`id_user`
JOIN `users` ON `users`.`id` = `peminjaman`.`id_users`
LEFT JOIN `denda` ON `denda`.`id_peminjaman` = `peminjaman`.`id_peminjaman`
ORDER BY `peminjaman`.`id_pinjam` DESC')
 4 SYSTEMPATH\Database\BaseBuilder.php(1649): CodeIgniter\Database\BaseConnection->query('SELECT `peminjaman`.*, `users`.`nama`, `buku`.`judul`, `denda`.`jumlah_denda` as `jumlah_denda`, `peminjaman`.*, `users`.`nama`, `buku`.`judul`, `denda`.`jumlah_denda` as `jumlah_denda`
FROM `peminjaman`
JOIN `users` ON `users`.`id` = `peminjaman`.`id_user`
JOIN `users` ON `users`.`id` = `peminjaman`.`id_users`
LEFT JOIN `denda` ON `denda`.`id_peminjaman` = `peminjaman`.`id_peminjaman`
ORDER BY `peminjaman`.`id_pinjam` DESC', [], false)
 5 SYSTEMPATH\Model.php(286): CodeIgniter\Database\BaseBuilder->get()
 6 SYSTEMPATH\BaseModel.php(677): CodeIgniter\Model->doFindAll(0, 0)
 7 APPPATH\Controllers\peminjaman.php(49): CodeIgniter\BaseModel->findAll()
 8 SYSTEMPATH\CodeIgniter.php(933): App\Controllers\Peminjaman->index()
 9 SYSTEMPATH\CodeIgniter.php(507): CodeIgniter\CodeIgniter->runController(Object(App\Controllers\Peminjaman))
10 SYSTEMPATH\CodeIgniter.php(354): CodeIgniter\CodeIgniter->handleRequest(null, Object(Config\Cache), false)
11 SYSTEMPATH\Boot.php(363): CodeIgniter\CodeIgniter->run()
12 SYSTEMPATH\Boot.php(68): CodeIgniter\Boot::runCodeIgniter(Object(CodeIgniter\CodeIgniter))
13 FCPATH\index.php(59): CodeIgniter\Boot::bootWeb(Object(Config\Paths))
DEBUG - 2026-04-25 09:21:14 --> Session: Class initialized using 'CodeIgniter\Session\Handlers\FileHandler' driver.
ERROR - 2026-04-25 09:21:14 --> mysqli_sql_exception: Unknown column 'peminjaman.user_id' in 'on clause' in C:\xampp\htdocs\perpus\system\Database\MySQLi\Connection.php:327
Stack trace:
#0 C:\xampp\htdocs\perpus\system\Database\MySQLi\Connection.php(327): mysqli->query('SELECT `peminja...', 0)
#1 C:\xampp\htdocs\perpus\system\Database\BaseConnection.php(729): CodeIgniter\Database\MySQLi\Connection->execute('SELECT `peminja...')
#2 C:\xampp\htdocs\perpus\system\Database\BaseConnection.php(646): CodeIgniter\Database\BaseConnection->simpleQuery('SELECT `peminja...')
#3 C:\xampp\htdocs\perpus\system\Database\BaseBuilder.php(1649): CodeIgniter\Database\BaseConnection->query('SELECT `peminja...', Array, false)
#4 C:\xampp\htdocs\perpus\system\Model.php(286): CodeIgniter\Database\BaseBuilder->get()
#5 C:\xampp\htdocs\perpus\system\BaseModel.php(677): CodeIgniter\Model->doFindAll(0, 0)
#6 C:\xampp\htdocs\perpus\app\Controllers\peminjaman.php(49): CodeIgniter\BaseModel->findAll()
#7 C:\xampp\htdocs\perpus\system\CodeIgniter.php(933): App\Controllers\Peminjaman->index()
#8 C:\xampp\htdocs\perpus\system\CodeIgniter.php(507): CodeIgniter\CodeIgniter->runController(Object(App\Controllers\Peminjaman))
#9 C:\xampp\htdocs\perpus\system\CodeIgniter.php(354): CodeIgniter\CodeIgniter->handleRequest(NULL, Object(Config\Cache), false)
#10 C:\xampp\htdocs\perpus\system\Boot.php(363): CodeIgniter\CodeIgniter->run()
#11 C:\xampp\htdocs\perpus\system\Boot.php(68): CodeIgniter\Boot::runCodeIgniter(Object(CodeIgniter\CodeIgniter))
#12 C:\xampp\htdocs\perpus\index.php(59): CodeIgniter\Boot::bootWeb(Object(Config\Paths))
#13 {main}
CRITICAL - 2026-04-25 09:21:14 --> CodeIgniter\Database\Exceptions\DatabaseException: Unknown column 'peminjaman.user_id' in 'on clause'
[Method: GET, Route: peminjaman]
in SYSTEMPATH\Database\BaseConnection.php on line 684.
 1 SYSTEMPATH\Database\BaseBuilder.php(1649): CodeIgniter\Database\BaseConnection->query('SELECT `peminjaman`.*, `u1`.`nama` as `nama_user`, `u2`.`nama` as `nama_petugas`, `buku`.`judul`, `denda`.`jumlah_denda` as `jumlah_denda`
FROM `peminjaman`
JOIN `users` as `u1` ON `u1`.`id` = `peminjaman`.`user_id`
JOIN `users` as `u2` ON `u2`.`id` = `peminjaman`.`petugas_id`
JOIN `buku` ON `buku`.`id_buku` = `peminjaman`.`id_buku`
LEFT JOIN `denda` ON `denda`.`id_peminjaman` = `peminjaman`.`id_peminjaman`
ORDER BY `peminjaman`.`id_pinjam` DESC', [], false)
 2 SYSTEMPATH\Model.php(286): CodeIgniter\Database\BaseBuilder->get()
 3 SYSTEMPATH\BaseModel.php(677): CodeIgniter\Model->doFindAll(0, 0)
 4 APPPATH\Controllers\peminjaman.php(49): CodeIgniter\BaseModel->findAll()
 5 SYSTEMPATH\CodeIgniter.php(933): App\Controllers\Peminjaman->index()
 6 SYSTEMPATH\CodeIgniter.php(507): CodeIgniter\CodeIgniter->runController(Object(App\Controllers\Peminjaman))
 7 SYSTEMPATH\CodeIgniter.php(354): CodeIgniter\CodeIgniter->handleRequest(null, Object(Config\Cache), false)
 8 SYSTEMPATH\Boot.php(363): CodeIgniter\CodeIgniter->run()
 9 SYSTEMPATH\Boot.php(68): CodeIgniter\Boot::runCodeIgniter(Object(CodeIgniter\CodeIgniter))
10 FCPATH\index.php(59): CodeIgniter\Boot::bootWeb(Object(Config\Paths))
CRITICAL - 2026-04-25 09:21:14 --> [Caused by] CodeIgniter\Database\Exceptions\DatabaseException: Unknown column 'peminjaman.user_id' in 'on clause'
in SYSTEMPATH\Database\MySQLi\Connection.php on line 332.
 1 SYSTEMPATH\Database\BaseConnection.php(729): CodeIgniter\Database\MySQLi\Connection->execute('SELECT `peminjaman`.*, `u1`.`nama` as `nama_user`, `u2`.`nama` as `nama_petugas`, `buku`.`judul`, `denda`.`jumlah_denda` as `jumlah_denda`
FROM `peminjaman`
JOIN `users` as `u1` ON `u1`.`id` = `peminjaman`.`user_id`
JOIN `users` as `u2` ON `u2`.`id` = `peminjaman`.`petugas_id`
JOIN `buku` ON `buku`.`id_buku` = `peminjaman`.`id_buku`
LEFT JOIN `denda` ON `denda`.`id_peminjaman` = `peminjaman`.`id_peminjaman`
ORDER BY `peminjaman`.`id_pinjam` DESC')
 2 SYSTEMPATH\Database\BaseConnection.php(646): CodeIgniter\Database\BaseConnection->simpleQuery('SELECT `peminjaman`.*, `u1`.`nama` as `nama_user`, `u2`.`nama` as `nama_petugas`, `buku`.`judul`, `denda`.`jumlah_denda` as `jumlah_denda`
FROM `peminjaman`
JOIN `users` as `u1` ON `u1`.`id` = `peminjaman`.`user_id`
JOIN `users` as `u2` ON `u2`.`id` = `peminjaman`.`petugas_id`
JOIN `buku` ON `buku`.`id_buku` = `peminjaman`.`id_buku`
LEFT JOIN `denda` ON `denda`.`id_peminjaman` = `peminjaman`.`id_peminjaman`
ORDER BY `peminjaman`.`id_pinjam` DESC')
 3 SYSTEMPATH\Database\BaseBuilder.php(1649): CodeIgniter\Database\BaseConnection->query('SELECT `peminjaman`.*, `u1`.`nama` as `nama_user`, `u2`.`nama` as `nama_petugas`, `buku`.`judul`, `denda`.`jumlah_denda` as `jumlah_denda`
FROM `peminjaman`
JOIN `users` as `u1` ON `u1`.`id` = `peminjaman`.`user_id`
JOIN `users` as `u2` ON `u2`.`id` = `peminjaman`.`petugas_id`
JOIN `buku` ON `buku`.`id_buku` = `peminjaman`.`id_buku`
LEFT JOIN `denda` ON `denda`.`id_peminjaman` = `peminjaman`.`id_peminjaman`
ORDER BY `peminjaman`.`id_pinjam` DESC', [], false)
 4 SYSTEMPATH\Model.php(286): CodeIgniter\Database\BaseBuilder->get()
 5 SYSTEMPATH\BaseModel.php(677): CodeIgniter\Model->doFindAll(0, 0)
 6 APPPATH\Controllers\peminjaman.php(49): CodeIgniter\BaseModel->findAll()
 7 SYSTEMPATH\CodeIgniter.php(933): App\Controllers\Peminjaman->index()
 8 SYSTEMPATH\CodeIgniter.php(507): CodeIgniter\CodeIgniter->runController(Object(App\Controllers\Peminjaman))
 9 SYSTEMPATH\CodeIgniter.php(354): CodeIgniter\CodeIgniter->handleRequest(null, Object(Config\Cache), false)
10 SYSTEMPATH\Boot.php(363): CodeIgniter\CodeIgniter->run()
11 SYSTEMPATH\Boot.php(68): CodeIgniter\Boot::runCodeIgniter(Object(CodeIgniter\CodeIgniter))
12 FCPATH\index.php(59): CodeIgniter\Boot::bootWeb(Object(Config\Paths))
CRITICAL - 2026-04-25 09:21:14 --> [Caused by] mysqli_sql_exception: Unknown column 'peminjaman.user_id' in 'on clause'
in SYSTEMPATH\Database\MySQLi\Connection.php on line 327.
 1 SYSTEMPATH\Database\MySQLi\Connection.php(327): mysqli->query('SELECT `peminjaman`.*, `u1`.`nama` as `nama_user`, `u2`.`nama` as `nama_petugas`, `buku`.`judul`, `denda`.`jumlah_denda` as `jumlah_denda`
FROM `peminjaman`
JOIN `users` as `u1` ON `u1`.`id` = `peminjaman`.`user_id`
JOIN `users` as `u2` ON `u2`.`id` = `peminjaman`.`petugas_id`
JOIN `buku` ON `buku`.`id_buku` = `peminjaman`.`id_buku`
LEFT JOIN `denda` ON `denda`.`id_peminjaman` = `peminjaman`.`id_peminjaman`
ORDER BY `peminjaman`.`id_pinjam` DESC', 0)
 2 SYSTEMPATH\Database\BaseConnection.php(729): CodeIgniter\Database\MySQLi\Connection->execute('SELECT `peminjaman`.*, `u1`.`nama` as `nama_user`, `u2`.`nama` as `nama_petugas`, `buku`.`judul`, `denda`.`jumlah_denda` as `jumlah_denda`
FROM `peminjaman`
JOIN `users` as `u1` ON `u1`.`id` = `peminjaman`.`user_id`
JOIN `users` as `u2` ON `u2`.`id` = `peminjaman`.`petugas_id`
JOIN `buku` ON `buku`.`id_buku` = `peminjaman`.`id_buku`
LEFT JOIN `denda` ON `denda`.`id_peminjaman` = `peminjaman`.`id_peminjaman`
ORDER BY `peminjaman`.`id_pinjam` DESC')
 3 SYSTEMPATH\Database\BaseConnection.php(646): CodeIgniter\Database\BaseConnection->simpleQuery('SELECT `peminjaman`.*, `u1`.`nama` as `nama_user`, `u2`.`nama` as `nama_petugas`, `buku`.`judul`, `denda`.`jumlah_denda` as `jumlah_denda`
FROM `peminjaman`
JOIN `users` as `u1` ON `u1`.`id` = `peminjaman`.`user_id`
JOIN `users` as `u2` ON `u2`.`id` = `peminjaman`.`petugas_id`
JOIN `buku` ON `buku`.`id_buku` = `peminjaman`.`id_buku`
LEFT JOIN `denda` ON `denda`.`id_peminjaman` = `peminjaman`.`id_peminjaman`
ORDER BY `peminjaman`.`id_pinjam` DESC')
 4 SYSTEMPATH\Database\BaseBuilder.php(1649): CodeIgniter\Database\BaseConnection->query('SELECT `peminjaman`.*, `u1`.`nama` as `nama_user`, `u2`.`nama` as `nama_petugas`, `buku`.`judul`, `denda`.`jumlah_denda` as `jumlah_denda`
FROM `peminjaman`
JOIN `users` as `u1` ON `u1`.`id` = `peminjaman`.`user_id`
JOIN `users` as `u2` ON `u2`.`id` = `peminjaman`.`petugas_id`
JOIN `buku` ON `buku`.`id_buku` = `peminjaman`.`id_buku`
LEFT JOIN `denda` ON `denda`.`id_peminjaman` = `peminjaman`.`id_peminjaman`
ORDER BY `peminjaman`.`id_pinjam` DESC', [], false)
 5 SYSTEMPATH\Model.php(286): CodeIgniter\Database\BaseBuilder->get()
 6 SYSTEMPATH\BaseModel.php(677): CodeIgniter\Model->doFindAll(0, 0)
 7 APPPATH\Controllers\peminjaman.php(49): CodeIgniter\BaseModel->findAll()
 8 SYSTEMPATH\CodeIgniter.php(933): App\Controllers\Peminjaman->index()
 9 SYSTEMPATH\CodeIgniter.php(507): CodeIgniter\CodeIgniter->runController(Object(App\Controllers\Peminjaman))
10 SYSTEMPATH\CodeIgniter.php(354): CodeIgniter\CodeIgniter->handleRequest(null, Object(Config\Cache), false)
11 SYSTEMPATH\Boot.php(363): CodeIgniter\CodeIgniter->run()
12 SYSTEMPATH\Boot.php(68): CodeIgniter\Boot::runCodeIgniter(Object(CodeIgniter\CodeIgniter))
13 FCPATH\index.php(59): CodeIgniter\Boot::bootWeb(Object(Config\Paths))
DEBUG - 2026-04-25 09:22:53 --> Session: Class initialized using 'CodeIgniter\Session\Handlers\FileHandler' driver.
ERROR - 2026-04-25 09:22:53 --> mysqli_sql_exception: Unknown column 'u1.id_user' in 'on clause' in C:\xampp\htdocs\perpus\system\Database\MySQLi\Connection.php:327
Stack trace:
#0 C:\xampp\htdocs\perpus\system\Database\MySQLi\Connection.php(327): mysqli->query('SELECT `peminja...', 0)
#1 C:\xampp\htdocs\perpus\system\Database\BaseConnection.php(729): CodeIgniter\Database\MySQLi\Connection->execute('SELECT `peminja...')
#2 C:\xampp\htdocs\perpus\system\Database\BaseConnection.php(646): CodeIgniter\Database\BaseConnection->simpleQuery('SELECT `peminja...')
#3 C:\xampp\htdocs\perpus\system\Database\BaseBuilder.php(1649): CodeIgniter\Database\BaseConnection->query('SELECT `peminja...', Array, false)
#4 C:\xampp\htdocs\perpus\system\Model.php(286): CodeIgniter\Database\BaseBuilder->get()
#5 C:\xampp\htdocs\perpus\system\BaseModel.php(677): CodeIgniter\Model->doFindAll(0, 0)
#6 C:\xampp\htdocs\perpus\app\Controllers\peminjaman.php(49): CodeIgniter\BaseModel->findAll()
#7 C:\xampp\htdocs\perpus\system\CodeIgniter.php(933): App\Controllers\Peminjaman->index()
#8 C:\xampp\htdocs\perpus\system\CodeIgniter.php(507): CodeIgniter\CodeIgniter->runController(Object(App\Controllers\Peminjaman))
#9 C:\xampp\htdocs\perpus\system\CodeIgniter.php(354): CodeIgniter\CodeIgniter->handleRequest(NULL, Object(Config\Cache), false)
#10 C:\xampp\htdocs\perpus\system\Boot.php(363): CodeIgniter\CodeIgniter->run()
#11 C:\xampp\htdocs\perpus\system\Boot.php(68): CodeIgniter\Boot::runCodeIgniter(Object(CodeIgniter\CodeIgniter))
#12 C:\xampp\htdocs\perpus\index.php(59): CodeIgniter\Boot::bootWeb(Object(Config\Paths))
#13 {main}
CRITICAL - 2026-04-25 09:22:53 --> CodeIgniter\Database\Exceptions\DatabaseException: Unknown column 'u1.id_user' in 'on clause'
[Method: GET, Route: peminjaman]
in SYSTEMPATH\Database\BaseConnection.php on line 684.
 1 SYSTEMPATH\Database\BaseBuilder.php(1649): CodeIgniter\Database\BaseConnection->query('SELECT `peminjaman`.*, `u1`.`nama` as `nama_user`, `u2`.`nama` as `nama_petugas`, `buku`.`judul`, `denda`.`jumlah_denda` as `jumlah_denda`
FROM `peminjaman`
JOIN `users` as `u1` ON `u1`.`id_user` = `peminjaman`.`id_user`
JOIN `users` as `u2` ON `u2`.`id` = `peminjaman`.`petugas_id`
JOIN `buku` ON `buku`.`id_buku` = `peminjaman`.`id_buku`
LEFT JOIN `denda` ON `denda`.`id_peminjaman` = `peminjaman`.`id_peminjaman`
ORDER BY `peminjaman`.`id_pinjam` DESC', [], false)
 2 SYSTEMPATH\Model.php(286): CodeIgniter\Database\BaseBuilder->get()
 3 SYSTEMPATH\BaseModel.php(677): CodeIgniter\Model->doFindAll(0, 0)
 4 APPPATH\Controllers\peminjaman.php(49): CodeIgniter\BaseModel->findAll()
 5 SYSTEMPATH\CodeIgniter.php(933): App\Controllers\Peminjaman->index()
 6 SYSTEMPATH\CodeIgniter.php(507): CodeIgniter\CodeIgniter->runController(Object(App\Controllers\Peminjaman))
 7 SYSTEMPATH\CodeIgniter.php(354): CodeIgniter\CodeIgniter->handleRequest(null, Object(Config\Cache), false)
 8 SYSTEMPATH\Boot.php(363): CodeIgniter\CodeIgniter->run()
 9 SYSTEMPATH\Boot.php(68): CodeIgniter\Boot::runCodeIgniter(Object(CodeIgniter\CodeIgniter))
10 FCPATH\index.php(59): CodeIgniter\Boot::bootWeb(Object(Config\Paths))
CRITICAL - 2026-04-25 09:22:53 --> [Caused by] CodeIgniter\Database\Exceptions\DatabaseException: Unknown column 'u1.id_user' in 'on clause'
in SYSTEMPATH\Database\MySQLi\Connection.php on line 332.
 1 SYSTEMPATH\Database\BaseConnection.php(729): CodeIgniter\Database\MySQLi\Connection->execute('SELECT `peminjaman`.*, `u1`.`nama` as `nama_user`, `u2`.`nama` as `nama_petugas`, `buku`.`judul`, `denda`.`jumlah_denda` as `jumlah_denda`
FROM `peminjaman`
JOIN `users` as `u1` ON `u1`.`id_user` = `peminjaman`.`id_user`
JOIN `users` as `u2` ON `u2`.`id` = `peminjaman`.`petugas_id`
JOIN `buku` ON `buku`.`id_buku` = `peminjaman`.`id_buku`
LEFT JOIN `denda` ON `denda`.`id_peminjaman` = `peminjaman`.`id_peminjaman`
ORDER BY `peminjaman`.`id_pinjam` DESC')
 2 SYSTEMPATH\Database\BaseConnection.php(646): CodeIgniter\Database\BaseConnection->simpleQuery('SELECT `peminjaman`.*, `u1`.`nama` as `nama_user`, `u2`.`nama` as `nama_petugas`, `buku`.`judul`, `denda`.`jumlah_denda` as `jumlah_denda`
FROM `peminjaman`
JOIN `users` as `u1` ON `u1`.`id_user` = `peminjaman`.`id_user`
JOIN `users` as `u2` ON `u2`.`id` = `peminjaman`.`petugas_id`
JOIN `buku` ON `buku`.`id_buku` = `peminjaman`.`id_buku`
LEFT JOIN `denda` ON `denda`.`id_peminjaman` = `peminjaman`.`id_peminjaman`
ORDER BY `peminjaman`.`id_pinjam` DESC')
 3 SYSTEMPATH\Database\BaseBuilder.php(1649): CodeIgniter\Database\BaseConnection->query('SELECT `peminjaman`.*, `u1`.`nama` as `nama_user`, `u2`.`nama` as `nama_petugas`, `buku`.`judul`, `denda`.`jumlah_denda` as `jumlah_denda`
FROM `peminjaman`
JOIN `users` as `u1` ON `u1`.`id_user` = `peminjaman`.`id_user`
JOIN `users` as `u2` ON `u2`.`id` = `peminjaman`.`petugas_id`
JOIN `buku` ON `buku`.`id_buku` = `peminjaman`.`id_buku`
LEFT JOIN `denda` ON `denda`.`id_peminjaman` = `peminjaman`.`id_peminjaman`
ORDER BY `peminjaman`.`id_pinjam` DESC', [], false)
 4 SYSTEMPATH\Model.php(286): CodeIgniter\Database\BaseBuilder->get()
 5 SYSTEMPATH\BaseModel.php(677): CodeIgniter\Model->doFindAll(0, 0)
 6 APPPATH\Controllers\peminjaman.php(49): CodeIgniter\BaseModel->findAll()
 7 SYSTEMPATH\CodeIgniter.php(933): App\Controllers\Peminjaman->index()
 8 SYSTEMPATH\CodeIgniter.php(507): CodeIgniter\CodeIgniter->runController(Object(App\Controllers\Peminjaman))
 9 SYSTEMPATH\CodeIgniter.php(354): CodeIgniter\CodeIgniter->handleRequest(null, Object(Config\Cache), false)
10 SYSTEMPATH\Boot.php(363): CodeIgniter\CodeIgniter->run()
11 SYSTEMPATH\Boot.php(68): CodeIgniter\Boot::runCodeIgniter(Object(CodeIgniter\CodeIgniter))
12 FCPATH\index.php(59): CodeIgniter\Boot::bootWeb(Object(Config\Paths))
CRITICAL - 2026-04-25 09:22:53 --> [Caused by] mysqli_sql_exception: Unknown column 'u1.id_user' in 'on clause'
in SYSTEMPATH\Database\MySQLi\Connection.php on line 327.
 1 SYSTEMPATH\Database\MySQLi\Connection.php(327): mysqli->query('SELECT `peminjaman`.*, `u1`.`nama` as `nama_user`, `u2`.`nama` as `nama_petugas`, `buku`.`judul`, `denda`.`jumlah_denda` as `jumlah_denda`
FROM `peminjaman`
JOIN `users` as `u1` ON `u1`.`id_user` = `peminjaman`.`id_user`
JOIN `users` as `u2` ON `u2`.`id` = `peminjaman`.`petugas_id`
JOIN `buku` ON `buku`.`id_buku` = `peminjaman`.`id_buku`
LEFT JOIN `denda` ON `denda`.`id_peminjaman` = `peminjaman`.`id_peminjaman`
ORDER BY `peminjaman`.`id_pinjam` DESC', 0)
 2 SYSTEMPATH\Database\BaseConnection.php(729): CodeIgniter\Database\MySQLi\Connection->execute('SELECT `peminjaman`.*, `u1`.`nama` as `nama_user`, `u2`.`nama` as `nama_petugas`, `buku`.`judul`, `denda`.`jumlah_denda` as `jumlah_denda`
FROM `peminjaman`
JOIN `users` as `u1` ON `u1`.`id_user` = `peminjaman`.`id_user`
JOIN `users` as `u2` ON `u2`.`id` = `peminjaman`.`petugas_id`
JOIN `buku` ON `buku`.`id_buku` = `peminjaman`.`id_buku`
LEFT JOIN `denda` ON `denda`.`id_peminjaman` = `peminjaman`.`id_peminjaman`
ORDER BY `peminjaman`.`id_pinjam` DESC')
 3 SYSTEMPATH\Database\BaseConnection.php(646): CodeIgniter\Database\BaseConnection->simpleQuery('SELECT `peminjaman`.*, `u1`.`nama` as `nama_user`, `u2`.`nama` as `nama_petugas`, `buku`.`judul`, `denda`.`jumlah_denda` as `jumlah_denda`
FROM `peminjaman`
JOIN `users` as `u1` ON `u1`.`id_user` = `peminjaman`.`id_user`
JOIN `users` as `u2` ON `u2`.`id` = `peminjaman`.`petugas_id`
JOIN `buku` ON `buku`.`id_buku` = `peminjaman`.`id_buku`
LEFT JOIN `denda` ON `denda`.`id_peminjaman` = `peminjaman`.`id_peminjaman`
ORDER BY `peminjaman`.`id_pinjam` DESC')
 4 SYSTEMPATH\Database\BaseBuilder.php(1649): CodeIgniter\Database\BaseConnection->query('SELECT `peminjaman`.*, `u1`.`nama` as `nama_user`, `u2`.`nama` as `nama_petugas`, `buku`.`judul`, `denda`.`jumlah_denda` as `jumlah_denda`
FROM `peminjaman`
JOIN `users` as `u1` ON `u1`.`id_user` = `peminjaman`.`id_user`
JOIN `users` as `u2` ON `u2`.`id` = `peminjaman`.`petugas_id`
JOIN `buku` ON `buku`.`id_buku` = `peminjaman`.`id_buku`
LEFT JOIN `denda` ON `denda`.`id_peminjaman` = `peminjaman`.`id_peminjaman`
ORDER BY `peminjaman`.`id_pinjam` DESC', [], false)
 5 SYSTEMPATH\Model.php(286): CodeIgniter\Database\BaseBuilder->get()
 6 SYSTEMPATH\BaseModel.php(677): CodeIgniter\Model->doFindAll(0, 0)
 7 APPPATH\Controllers\peminjaman.php(49): CodeIgniter\BaseModel->findAll()
 8 SYSTEMPATH\CodeIgniter.php(933): App\Controllers\Peminjaman->index()
 9 SYSTEMPATH\CodeIgniter.php(507): CodeIgniter\CodeIgniter->runController(Object(App\Controllers\Peminjaman))
10 SYSTEMPATH\CodeIgniter.php(354): CodeIgniter\CodeIgniter->handleRequest(null, Object(Config\Cache), false)
11 SYSTEMPATH\Boot.php(363): CodeIgniter\CodeIgniter->run()
12 SYSTEMPATH\Boot.php(68): CodeIgniter\Boot::runCodeIgniter(Object(CodeIgniter\CodeIgniter))
13 FCPATH\index.php(59): CodeIgniter\Boot::bootWeb(Object(Config\Paths))
DEBUG - 2026-04-25 09:23:26 --> Session: Class initialized using 'CodeIgniter\Session\Handlers\FileHandler' driver.
CRITICAL - 2026-04-25 09:23:27 --> ParseError: syntax error, unexpected token "\", expecting ")"
[Method: GET, Route: peminjaman]
in APPPATH\Controllers\peminjaman.php on line 39.
 1 SYSTEMPATH\Autoloader\Autoloader.php(295): CodeIgniter\Autoloader\Autoloader->includeFile('C:\\xampp\\htdocs\\perpus\\app\\Controllers\\Peminjaman.php')
 2 SYSTEMPATH\Autoloader\Autoloader.php(271): CodeIgniter\Autoloader\Autoloader->loadInNamespace('App\\Controllers\\Peminjaman')
 3 [internal function]: CodeIgniter\Autoloader\Autoloader->loadClass('App\\Controllers\\Peminjaman')
 4 SYSTEMPATH\CodeIgniter.php(885): class_exists('\\App\\Controllers\\Peminjaman', true)
 5 SYSTEMPATH\CodeIgniter.php(494): CodeIgniter\CodeIgniter->startController()
 6 SYSTEMPATH\CodeIgniter.php(354): CodeIgniter\CodeIgniter->handleRequest(null, Object(Config\Cache), false)
 7 SYSTEMPATH\Boot.php(363): CodeIgniter\CodeIgniter->run()
 8 SYSTEMPATH\Boot.php(68): CodeIgniter\Boot::runCodeIgniter(Object(CodeIgniter\CodeIgniter))
 9 FCPATH\index.php(59): CodeIgniter\Boot::bootWeb(Object(Config\Paths))
DEBUG - 2026-04-25 09:24:39 --> Session: Class initialized using 'CodeIgniter\Session\Handlers\FileHandler' driver.
CRITICAL - 2026-04-25 09:24:39 --> ParseError: syntax error, unexpected single-quoted string "users as u2"
[Method: GET, Route: peminjaman]
in APPPATH\Controllers\peminjaman.php on line 39.
 1 SYSTEMPATH\Autoloader\Autoloader.php(295): CodeIgniter\Autoloader\Autoloader->includeFile('C:\\xampp\\htdocs\\perpus\\app\\Controllers\\Peminjaman.php')
 2 SYSTEMPATH\Autoloader\Autoloader.php(271): CodeIgniter\Autoloader\Autoloader->loadInNamespace('App\\Controllers\\Peminjaman')
 3 [internal function]: CodeIgniter\Autoloader\Autoloader->loadClass('App\\Controllers\\Peminjaman')
 4 SYSTEMPATH\CodeIgniter.php(885): class_exists('\\App\\Controllers\\Peminjaman', true)
 5 SYSTEMPATH\CodeIgniter.php(494): CodeIgniter\CodeIgniter->startController()
 6 SYSTEMPATH\CodeIgniter.php(354): CodeIgniter\CodeIgniter->handleRequest(null, Object(Config\Cache), false)
 7 SYSTEMPATH\Boot.php(363): CodeIgniter\CodeIgniter->run()
 8 SYSTEMPATH\Boot.php(68): CodeIgniter\Boot::runCodeIgniter(Object(CodeIgniter\CodeIgniter))
 9 FCPATH\index.php(59): CodeIgniter\Boot::bootWeb(Object(Config\Paths))
DEBUG - 2026-04-25 09:26:12 --> Session: Class initialized using 'CodeIgniter\Session\Handlers\FileHandler' driver.
CRITICAL - 2026-04-25 09:26:12 --> ParseError: syntax error, unexpected single-quoted string "users as u2"
[Method: GET, Route: peminjaman]
in APPPATH\Controllers\peminjaman.php on line 34.
 1 SYSTEMPATH\Autoloader\Autoloader.php(295): CodeIgniter\Autoloader\Autoloader->includeFile('C:\\xampp\\htdocs\\perpus\\app\\Controllers\\Peminjaman.php')
 2 SYSTEMPATH\Autoloader\Autoloader.php(271): CodeIgniter\Autoloader\Autoloader->loadInNamespace('App\\Controllers\\Peminjaman')
 3 [internal function]: CodeIgniter\Autoloader\Autoloader->loadClass('App\\Controllers\\Peminjaman')
 4 SYSTEMPATH\CodeIgniter.php(885): class_exists('\\App\\Controllers\\Peminjaman', true)
 5 SYSTEMPATH\CodeIgniter.php(494): CodeIgniter\CodeIgniter->startController()
 6 SYSTEMPATH\CodeIgniter.php(354): CodeIgniter\CodeIgniter->handleRequest(null, Object(Config\Cache), false)
 7 SYSTEMPATH\Boot.php(363): CodeIgniter\CodeIgniter->run()
 8 SYSTEMPATH\Boot.php(68): CodeIgniter\Boot::runCodeIgniter(Object(CodeIgniter\CodeIgniter))
 9 FCPATH\index.php(59): CodeIgniter\Boot::bootWeb(Object(Config\Paths))
DEBUG - 2026-04-25 09:26:38 --> Session: Class initialized using 'CodeIgniter\Session\Handlers\FileHandler' driver.
ERROR - 2026-04-25 09:26:38 --> mysqli_sql_exception: Unknown column 'denda.denda' in 'field list' in C:\xampp\htdocs\perpus\system\Database\MySQLi\Connection.php:327
Stack trace:
#0 C:\xampp\htdocs\perpus\system\Database\MySQLi\Connection.php(327): mysqli->query('SELECT `peminja...', 0)
#1 C:\xampp\htdocs\perpus\system\Database\BaseConnection.php(729): CodeIgniter\Database\MySQLi\Connection->execute('SELECT `peminja...')
#2 C:\xampp\htdocs\perpus\system\Database\BaseConnection.php(646): CodeIgniter\Database\BaseConnection->simpleQuery('SELECT `peminja...')
#3 C:\xampp\htdocs\perpus\system\Database\BaseBuilder.php(1649): CodeIgniter\Database\BaseConnection->query('SELECT `peminja...', Array, false)
#4 C:\xampp\htdocs\perpus\system\Model.php(286): CodeIgniter\Database\BaseBuilder->get()
#5 C:\xampp\htdocs\perpus\system\BaseModel.php(677): CodeIgniter\Model->doFindAll(0, 0)
#6 C:\xampp\htdocs\perpus\app\Controllers\peminjaman.php(41): CodeIgniter\BaseModel->findAll()
#7 C:\xampp\htdocs\perpus\system\CodeIgniter.php(933): App\Controllers\Peminjaman->index()
#8 C:\xampp\htdocs\perpus\system\CodeIgniter.php(507): CodeIgniter\CodeIgniter->runController(Object(App\Controllers\Peminjaman))
#9 C:\xampp\htdocs\perpus\system\CodeIgniter.php(354): CodeIgniter\CodeIgniter->handleRequest(NULL, Object(Config\Cache), false)
#10 C:\xampp\htdocs\perpus\system\Boot.php(363): CodeIgniter\CodeIgniter->run()
#11 C:\xampp\htdocs\perpus\system\Boot.php(68): CodeIgniter\Boot::runCodeIgniter(Object(CodeIgniter\CodeIgniter))
#12 C:\xampp\htdocs\perpus\index.php(59): CodeIgniter\Boot::bootWeb(Object(Config\Paths))
#13 {main}
CRITICAL - 2026-04-25 09:26:38 --> CodeIgniter\Database\Exceptions\DatabaseException: Unknown column 'denda.denda' in 'field list'
[Method: GET, Route: peminjaman]
in SYSTEMPATH\Database\BaseConnection.php on line 684.
 1 SYSTEMPATH\Database\BaseBuilder.php(1649): CodeIgniter\Database\BaseConnection->query('SELECT `peminjaman`.*, `u1`.`nama` as `nama_user`, `buku`.`judul`, `denda`.`denda` as `jumlah_denda`
FROM `peminjaman`
JOIN `users` as `u1` ON `u1`.`id_user` = `peminjaman`.`id_user`
JOIN `buku` ON `buku`.`id_buku` = `peminjaman`.`id_buku`
LEFT JOIN `denda` ON `denda`.`id_pinjam` = `peminjaman`.`id_pinjam`
ORDER BY `peminjaman`.`id_pinjam` DESC', [], false)
 2 SYSTEMPATH\Model.php(286): CodeIgniter\Database\BaseBuilder->get()
 3 SYSTEMPATH\BaseModel.php(677): CodeIgniter\Model->doFindAll(0, 0)
 4 APPPATH\Controllers\peminjaman.php(41): CodeIgniter\BaseModel->findAll()
 5 SYSTEMPATH\CodeIgniter.php(933): App\Controllers\Peminjaman->index()
 6 SYSTEMPATH\CodeIgniter.php(507): CodeIgniter\CodeIgniter->runController(Object(App\Controllers\Peminjaman))
 7 SYSTEMPATH\CodeIgniter.php(354): CodeIgniter\CodeIgniter->handleRequest(null, Object(Config\Cache), false)
 8 SYSTEMPATH\Boot.php(363): CodeIgniter\CodeIgniter->run()
 9 SYSTEMPATH\Boot.php(68): CodeIgniter\Boot::runCodeIgniter(Object(CodeIgniter\CodeIgniter))
10 FCPATH\index.php(59): CodeIgniter\Boot::bootWeb(Object(Config\Paths))
CRITICAL - 2026-04-25 09:26:38 --> [Caused by] CodeIgniter\Database\Exceptions\DatabaseException: Unknown column 'denda.denda' in 'field list'
in SYSTEMPATH\Database\MySQLi\Connection.php on line 332.
 1 SYSTEMPATH\Database\BaseConnection.php(729): CodeIgniter\Database\MySQLi\Connection->execute('SELECT `peminjaman`.*, `u1`.`nama` as `nama_user`, `buku`.`judul`, `denda`.`denda` as `jumlah_denda`
FROM `peminjaman`
JOIN `users` as `u1` ON `u1`.`id_user` = `peminjaman`.`id_user`
JOIN `buku` ON `buku`.`id_buku` = `peminjaman`.`id_buku`
LEFT JOIN `denda` ON `denda`.`id_pinjam` = `peminjaman`.`id_pinjam`
ORDER BY `peminjaman`.`id_pinjam` DESC')
 2 SYSTEMPATH\Database\BaseConnection.php(646): CodeIgniter\Database\BaseConnection->simpleQuery('SELECT `peminjaman`.*, `u1`.`nama` as `nama_user`, `buku`.`judul`, `denda`.`denda` as `jumlah_denda`
FROM `peminjaman`
JOIN `users` as `u1` ON `u1`.`id_user` = `peminjaman`.`id_user`
JOIN `buku` ON `buku`.`id_buku` = `peminjaman`.`id_buku`
LEFT JOIN `denda` ON `denda`.`id_pinjam` = `peminjaman`.`id_pinjam`
ORDER BY `peminjaman`.`id_pinjam` DESC')
 3 SYSTEMPATH\Database\BaseBuilder.php(1649): CodeIgniter\Database\BaseConnection->query('SELECT `peminjaman`.*, `u1`.`nama` as `nama_user`, `buku`.`judul`, `denda`.`denda` as `jumlah_denda`
FROM `peminjaman`
JOIN `users` as `u1` ON `u1`.`id_user` = `peminjaman`.`id_user`
JOIN `buku` ON `buku`.`id_buku` = `peminjaman`.`id_buku`
LEFT JOIN `denda` ON `denda`.`id_pinjam` = `peminjaman`.`id_pinjam`
ORDER BY `peminjaman`.`id_pinjam` DESC', [], false)
 4 SYSTEMPATH\Model.php(286): CodeIgniter\Database\BaseBuilder->get()
 5 SYSTEMPATH\BaseModel.php(677): CodeIgniter\Model->doFindAll(0, 0)
 6 APPPATH\Controllers\peminjaman.php(41): CodeIgniter\BaseModel->findAll()
 7 SYSTEMPATH\CodeIgniter.php(933): App\Controllers\Peminjaman->index()
 8 SYSTEMPATH\CodeIgniter.php(507): CodeIgniter\CodeIgniter->runController(Object(App\Controllers\Peminjaman))
 9 SYSTEMPATH\CodeIgniter.php(354): CodeIgniter\CodeIgniter->handleRequest(null, Object(Config\Cache), false)
10 SYSTEMPATH\Boot.php(363): CodeIgniter\CodeIgniter->run()
11 SYSTEMPATH\Boot.php(68): CodeIgniter\Boot::runCodeIgniter(Object(CodeIgniter\CodeIgniter))
12 FCPATH\index.php(59): CodeIgniter\Boot::bootWeb(Object(Config\Paths))
CRITICAL - 2026-04-25 09:26:38 --> [Caused by] mysqli_sql_exception: Unknown column 'denda.denda' in 'field list'
in SYSTEMPATH\Database\MySQLi\Connection.php on line 327.
 1 SYSTEMPATH\Database\MySQLi\Connection.php(327): mysqli->query('SELECT `peminjaman`.*, `u1`.`nama` as `nama_user`, `buku`.`judul`, `denda`.`denda` as `jumlah_denda`
FROM `peminjaman`
JOIN `users` as `u1` ON `u1`.`id_user` = `peminjaman`.`id_user`
JOIN `buku` ON `buku`.`id_buku` = `peminjaman`.`id_buku`
LEFT JOIN `denda` ON `denda`.`id_pinjam` = `peminjaman`.`id_pinjam`
ORDER BY `peminjaman`.`id_pinjam` DESC', 0)
 2 SYSTEMPATH\Database\BaseConnection.php(729): CodeIgniter\Database\MySQLi\Connection->execute('SELECT `peminjaman`.*, `u1`.`nama` as `nama_user`, `buku`.`judul`, `denda`.`denda` as `jumlah_denda`
FROM `peminjaman`
JOIN `users` as `u1` ON `u1`.`id_user` = `peminjaman`.`id_user`
JOIN `buku` ON `buku`.`id_buku` = `peminjaman`.`id_buku`
LEFT JOIN `denda` ON `denda`.`id_pinjam` = `peminjaman`.`id_pinjam`
ORDER BY `peminjaman`.`id_pinjam` DESC')
 3 SYSTEMPATH\Database\BaseConnection.php(646): CodeIgniter\Database\BaseConnection->simpleQuery('SELECT `peminjaman`.*, `u1`.`nama` as `nama_user`, `buku`.`judul`, `denda`.`denda` as `jumlah_denda`
FROM `peminjaman`
JOIN `users` as `u1` ON `u1`.`id_user` = `peminjaman`.`id_user`
JOIN `buku` ON `buku`.`id_buku` = `peminjaman`.`id_buku`
LEFT JOIN `denda` ON `denda`.`id_pinjam` = `peminjaman`.`id_pinjam`
ORDER BY `peminjaman`.`id_pinjam` DESC')
 4 SYSTEMPATH\Database\BaseBuilder.php(1649): CodeIgniter\Database\BaseConnection->query('SELECT `peminjaman`.*, `u1`.`nama` as `nama_user`, `buku`.`judul`, `denda`.`denda` as `jumlah_denda`
FROM `peminjaman`
JOIN `users` as `u1` ON `u1`.`id_user` = `peminjaman`.`id_user`
JOIN `buku` ON `buku`.`id_buku` = `peminjaman`.`id_buku`
LEFT JOIN `denda` ON `denda`.`id_pinjam` = `peminjaman`.`id_pinjam`
ORDER BY `peminjaman`.`id_pinjam` DESC', [], false)
 5 SYSTEMPATH\Model.php(286): CodeIgniter\Database\BaseBuilder->get()
 6 SYSTEMPATH\BaseModel.php(677): CodeIgniter\Model->doFindAll(0, 0)
 7 APPPATH\Controllers\peminjaman.php(41): CodeIgniter\BaseModel->findAll()
 8 SYSTEMPATH\CodeIgniter.php(933): App\Controllers\Peminjaman->index()
 9 SYSTEMPATH\CodeIgniter.php(507): CodeIgniter\CodeIgniter->runController(Object(App\Controllers\Peminjaman))
10 SYSTEMPATH\CodeIgniter.php(354): CodeIgniter\CodeIgniter->handleRequest(null, Object(Config\Cache), false)
11 SYSTEMPATH\Boot.php(363): CodeIgniter\CodeIgniter->run()
12 SYSTEMPATH\Boot.php(68): CodeIgniter\Boot::runCodeIgniter(Object(CodeIgniter\CodeIgniter))
13 FCPATH\index.php(59): CodeIgniter\Boot::bootWeb(Object(Config\Paths))
DEBUG - 2026-04-25 09:28:13 --> Session: Class initialized using 'CodeIgniter\Session\Handlers\FileHandler' driver.
ERROR - 2026-04-25 09:28:13 --> mysqli_sql_exception: Unknown column 'u1.id_user' in 'on clause' in C:\xampp\htdocs\perpus\system\Database\MySQLi\Connection.php:327
Stack trace:
#0 C:\xampp\htdocs\perpus\system\Database\MySQLi\Connection.php(327): mysqli->query('SELECT `peminja...', 0)
#1 C:\xampp\htdocs\perpus\system\Database\BaseConnection.php(729): CodeIgniter\Database\MySQLi\Connection->execute('SELECT `peminja...')
#2 C:\xampp\htdocs\perpus\system\Database\BaseConnection.php(646): CodeIgniter\Database\BaseConnection->simpleQuery('SELECT `peminja...')
#3 C:\xampp\htdocs\perpus\system\Database\BaseBuilder.php(1649): CodeIgniter\Database\BaseConnection->query('SELECT `peminja...', Array, false)
#4 C:\xampp\htdocs\perpus\system\Model.php(286): CodeIgniter\Database\BaseBuilder->get()
#5 C:\xampp\htdocs\perpus\system\BaseModel.php(677): CodeIgniter\Model->doFindAll(0, 0)
#6 C:\xampp\htdocs\perpus\app\Controllers\peminjaman.php(38): CodeIgniter\BaseModel->findAll()
#7 C:\xampp\htdocs\perpus\system\CodeIgniter.php(933): App\Controllers\Peminjaman->index()
#8 C:\xampp\htdocs\perpus\system\CodeIgniter.php(507): CodeIgniter\CodeIgniter->runController(Object(App\Controllers\Peminjaman))
#9 C:\xampp\htdocs\perpus\system\CodeIgniter.php(354): CodeIgniter\CodeIgniter->handleRequest(NULL, Object(Config\Cache), false)
#10 C:\xampp\htdocs\perpus\system\Boot.php(363): CodeIgniter\CodeIgniter->run()
#11 C:\xampp\htdocs\perpus\system\Boot.php(68): CodeIgniter\Boot::runCodeIgniter(Object(CodeIgniter\CodeIgniter))
#12 C:\xampp\htdocs\perpus\index.php(59): CodeIgniter\Boot::bootWeb(Object(Config\Paths))
#13 {main}
CRITICAL - 2026-04-25 09:28:13 --> CodeIgniter\Database\Exceptions\DatabaseException: Unknown column 'u1.id_user' in 'on clause'
[Method: GET, Route: peminjaman]
in SYSTEMPATH\Database\BaseConnection.php on line 684.
 1 SYSTEMPATH\Database\BaseBuilder.php(1649): CodeIgniter\Database\BaseConnection->query('SELECT `peminjaman`.*, `u1`.`nama` as `nama_user`, `buku`.`judul`, `denda`.`jumlah_denda` as `jumlah_denda`
FROM `peminjaman`
JOIN `users` as `u1` ON `u1`.`id_user` = `peminjaman`.`id_user`
JOIN `buku` ON `buku`.`id_buku` = `peminjaman`.`id_buku`
LEFT JOIN `denda` ON `denda`.`id_pinjam` = `peminjaman`.`id_pinjam`
ORDER BY `peminjaman`.`id_pinjam` DESC', [], false)
 2 SYSTEMPATH\Model.php(286): CodeIgniter\Database\BaseBuilder->get()
 3 SYSTEMPATH\BaseModel.php(677): CodeIgniter\Model->doFindAll(0, 0)
 4 APPPATH\Controllers\peminjaman.php(38): CodeIgniter\BaseModel->findAll()
 5 SYSTEMPATH\CodeIgniter.php(933): App\Controllers\Peminjaman->index()
 6 SYSTEMPATH\CodeIgniter.php(507): CodeIgniter\CodeIgniter->runController(Object(App\Controllers\Peminjaman))
 7 SYSTEMPATH\CodeIgniter.php(354): CodeIgniter\CodeIgniter->handleRequest(null, Object(Config\Cache), false)
 8 SYSTEMPATH\Boot.php(363): CodeIgniter\CodeIgniter->run()
 9 SYSTEMPATH\Boot.php(68): CodeIgniter\Boot::runCodeIgniter(Object(CodeIgniter\CodeIgniter))
10 FCPATH\index.php(59): CodeIgniter\Boot::bootWeb(Object(Config\Paths))
CRITICAL - 2026-04-25 09:28:13 --> [Caused by] CodeIgniter\Database\Exceptions\DatabaseException: Unknown column 'u1.id_user' in 'on clause'
in SYSTEMPATH\Database\MySQLi\Connection.php on line 332.
 1 SYSTEMPATH\Database\BaseConnection.php(729): CodeIgniter\Database\MySQLi\Connection->execute('SELECT `peminjaman`.*, `u1`.`nama` as `nama_user`, `buku`.`judul`, `denda`.`jumlah_denda` as `jumlah_denda`
FROM `peminjaman`
JOIN `users` as `u1` ON `u1`.`id_user` = `peminjaman`.`id_user`
JOIN `buku` ON `buku`.`id_buku` = `peminjaman`.`id_buku`
LEFT JOIN `denda` ON `denda`.`id_pinjam` = `peminjaman`.`id_pinjam`
ORDER BY `peminjaman`.`id_pinjam` DESC')
 2 SYSTEMPATH\Database\BaseConnection.php(646): CodeIgniter\Database\BaseConnection->simpleQuery('SELECT `peminjaman`.*, `u1`.`nama` as `nama_user`, `buku`.`judul`, `denda`.`jumlah_denda` as `jumlah_denda`
FROM `peminjaman`
JOIN `users` as `u1` ON `u1`.`id_user` = `peminjaman`.`id_user`
JOIN `buku` ON `buku`.`id_buku` = `peminjaman`.`id_buku`
LEFT JOIN `denda` ON `denda`.`id_pinjam` = `peminjaman`.`id_pinjam`
ORDER BY `peminjaman`.`id_pinjam` DESC')
 3 SYSTEMPATH\Database\BaseBuilder.php(1649): CodeIgniter\Database\BaseConnection->query('SELECT `peminjaman`.*, `u1`.`nama` as `nama_user`, `buku`.`judul`, `denda`.`jumlah_denda` as `jumlah_denda`
FROM `peminjaman`
JOIN `users` as `u1` ON `u1`.`id_user` = `peminjaman`.`id_user`
JOIN `buku` ON `buku`.`id_buku` = `peminjaman`.`id_buku`
LEFT JOIN `denda` ON `denda`.`id_pinjam` = `peminjaman`.`id_pinjam`
ORDER BY `peminjaman`.`id_pinjam` DESC', [], false)
 4 SYSTEMPATH\Model.php(286): CodeIgniter\Database\BaseBuilder->get()
 5 SYSTEMPATH\BaseModel.php(677): CodeIgniter\Model->doFindAll(0, 0)
 6 APPPATH\Controllers\peminjaman.php(38): CodeIgniter\BaseModel->findAll()
 7 SYSTEMPATH\CodeIgniter.php(933): App\Controllers\Peminjaman->index()
 8 SYSTEMPATH\CodeIgniter.php(507): CodeIgniter\CodeIgniter->runController(Object(App\Controllers\Peminjaman))
 9 SYSTEMPATH\CodeIgniter.php(354): CodeIgniter\CodeIgniter->handleRequest(null, Object(Config\Cache), false)
10 SYSTEMPATH\Boot.php(363): CodeIgniter\CodeIgniter->run()
11 SYSTEMPATH\Boot.php(68): CodeIgniter\Boot::runCodeIgniter(Object(CodeIgniter\CodeIgniter))
12 FCPATH\index.php(59): CodeIgniter\Boot::bootWeb(Object(Config\Paths))
CRITICAL - 2026-04-25 09:28:13 --> [Caused by] mysqli_sql_exception: Unknown column 'u1.id_user' in 'on clause'
in SYSTEMPATH\Database\MySQLi\Connection.php on line 327.
 1 SYSTEMPATH\Database\MySQLi\Connection.php(327): mysqli->query('SELECT `peminjaman`.*, `u1`.`nama` as `nama_user`, `buku`.`judul`, `denda`.`jumlah_denda` as `jumlah_denda`
FROM `peminjaman`
JOIN `users` as `u1` ON `u1`.`id_user` = `peminjaman`.`id_user`
JOIN `buku` ON `buku`.`id_buku` = `peminjaman`.`id_buku`
LEFT JOIN `denda` ON `denda`.`id_pinjam` = `peminjaman`.`id_pinjam`
ORDER BY `peminjaman`.`id_pinjam` DESC', 0)
 2 SYSTEMPATH\Database\BaseConnection.php(729): CodeIgniter\Database\MySQLi\Connection->execute('SELECT `peminjaman`.*, `u1`.`nama` as `nama_user`, `buku`.`judul`, `denda`.`jumlah_denda` as `jumlah_denda`
FROM `peminjaman`
JOIN `users` as `u1` ON `u1`.`id_user` = `peminjaman`.`id_user`
JOIN `buku` ON `buku`.`id_buku` = `peminjaman`.`id_buku`
LEFT JOIN `denda` ON `denda`.`id_pinjam` = `peminjaman`.`id_pinjam`
ORDER BY `peminjaman`.`id_pinjam` DESC')
 3 SYSTEMPATH\Database\BaseConnection.php(646): CodeIgniter\Database\BaseConnection->simpleQuery('SELECT `peminjaman`.*, `u1`.`nama` as `nama_user`, `buku`.`judul`, `denda`.`jumlah_denda` as `jumlah_denda`
FROM `peminjaman`
JOIN `users` as `u1` ON `u1`.`id_user` = `peminjaman`.`id_user`
JOIN `buku` ON `buku`.`id_buku` = `peminjaman`.`id_buku`
LEFT JOIN `denda` ON `denda`.`id_pinjam` = `peminjaman`.`id_pinjam`
ORDER BY `peminjaman`.`id_pinjam` DESC')
 4 SYSTEMPATH\Database\BaseBuilder.php(1649): CodeIgniter\Database\BaseConnection->query('SELECT `peminjaman`.*, `u1`.`nama` as `nama_user`, `buku`.`judul`, `denda`.`jumlah_denda` as `jumlah_denda`
FROM `peminjaman`
JOIN `users` as `u1` ON `u1`.`id_user` = `peminjaman`.`id_user`
JOIN `buku` ON `buku`.`id_buku` = `peminjaman`.`id_buku`
LEFT JOIN `denda` ON `denda`.`id_pinjam` = `peminjaman`.`id_pinjam`
ORDER BY `peminjaman`.`id_pinjam` DESC', [], false)
 5 SYSTEMPATH\Model.php(286): CodeIgniter\Database\BaseBuilder->get()
 6 SYSTEMPATH\BaseModel.php(677): CodeIgniter\Model->doFindAll(0, 0)
 7 APPPATH\Controllers\peminjaman.php(38): CodeIgniter\BaseModel->findAll()
 8 SYSTEMPATH\CodeIgniter.php(933): App\Controllers\Peminjaman->index()
 9 SYSTEMPATH\CodeIgniter.php(507): CodeIgniter\CodeIgniter->runController(Object(App\Controllers\Peminjaman))
10 SYSTEMPATH\CodeIgniter.php(354): CodeIgniter\CodeIgniter->handleRequest(null, Object(Config\Cache), false)
11 SYSTEMPATH\Boot.php(363): CodeIgniter\CodeIgniter->run()
12 SYSTEMPATH\Boot.php(68): CodeIgniter\Boot::runCodeIgniter(Object(CodeIgniter\CodeIgniter))
13 FCPATH\index.php(59): CodeIgniter\Boot::bootWeb(Object(Config\Paths))
DEBUG - 2026-04-25 09:28:48 --> Session: Class initialized using 'CodeIgniter\Session\Handlers\FileHandler' driver.
ERROR - 2026-04-25 09:28:48 --> mysqli_sql_exception: Unknown column 'peminjaman.id_user' in 'on clause' in C:\xampp\htdocs\perpus\system\Database\MySQLi\Connection.php:327
Stack trace:
#0 C:\xampp\htdocs\perpus\system\Database\MySQLi\Connection.php(327): mysqli->query('SELECT `peminja...', 0)
#1 C:\xampp\htdocs\perpus\system\Database\BaseConnection.php(729): CodeIgniter\Database\MySQLi\Connection->execute('SELECT `peminja...')
#2 C:\xampp\htdocs\perpus\system\Database\BaseConnection.php(646): CodeIgniter\Database\BaseConnection->simpleQuery('SELECT `peminja...')
#3 C:\xampp\htdocs\perpus\system\Database\BaseBuilder.php(1649): CodeIgniter\Database\BaseConnection->query('SELECT `peminja...', Array, false)
#4 C:\xampp\htdocs\perpus\system\Model.php(286): CodeIgniter\Database\BaseBuilder->get()
#5 C:\xampp\htdocs\perpus\system\BaseModel.php(677): CodeIgniter\Model->doFindAll(0, 0)
#6 C:\xampp\htdocs\perpus\app\Controllers\peminjaman.php(38): CodeIgniter\BaseModel->findAll()
#7 C:\xampp\htdocs\perpus\system\CodeIgniter.php(933): App\Controllers\Peminjaman->index()
#8 C:\xampp\htdocs\perpus\system\CodeIgniter.php(507): CodeIgniter\CodeIgniter->runController(Object(App\Controllers\Peminjaman))
#9 C:\xampp\htdocs\perpus\system\CodeIgniter.php(354): CodeIgniter\CodeIgniter->handleRequest(NULL, Object(Config\Cache), false)
#10 C:\xampp\htdocs\perpus\system\Boot.php(363): CodeIgniter\CodeIgniter->run()
#11 C:\xampp\htdocs\perpus\system\Boot.php(68): CodeIgniter\Boot::runCodeIgniter(Object(CodeIgniter\CodeIgniter))
#12 C:\xampp\htdocs\perpus\index.php(59): CodeIgniter\Boot::bootWeb(Object(Config\Paths))
#13 {main}
CRITICAL - 2026-04-25 09:28:48 --> CodeIgniter\Database\Exceptions\DatabaseException: Unknown column 'peminjaman.id_user' in 'on clause'
[Method: GET, Route: peminjaman]
in SYSTEMPATH\Database\BaseConnection.php on line 684.
 1 SYSTEMPATH\Database\BaseBuilder.php(1649): CodeIgniter\Database\BaseConnection->query('SELECT `peminjaman`.*, `u1`.`nama` as `nama_user`, `buku`.`judul`, `denda`.`jumlah_denda` as `jumlah_denda`
FROM `peminjaman`
JOIN `users` as `u1` ON `u1`.`id` = `peminjaman`.`id_user`
JOIN `buku` ON `buku`.`id_buku` = `peminjaman`.`id_buku`
LEFT JOIN `denda` ON `denda`.`id_pinjam` = `peminjaman`.`id_pinjam`
ORDER BY `peminjaman`.`id_pinjam` DESC', [], false)
 2 SYSTEMPATH\Model.php(286): CodeIgniter\Database\BaseBuilder->get()
 3 SYSTEMPATH\BaseModel.php(677): CodeIgniter\Model->doFindAll(0, 0)
 4 APPPATH\Controllers\peminjaman.php(38): CodeIgniter\BaseModel->findAll()
 5 SYSTEMPATH\CodeIgniter.php(933): App\Controllers\Peminjaman->index()
 6 SYSTEMPATH\CodeIgniter.php(507): CodeIgniter\CodeIgniter->runController(Object(App\Controllers\Peminjaman))
 7 SYSTEMPATH\CodeIgniter.php(354): CodeIgniter\CodeIgniter->handleRequest(null, Object(Config\Cache), false)
 8 SYSTEMPATH\Boot.php(363): CodeIgniter\CodeIgniter->run()
 9 SYSTEMPATH\Boot.php(68): CodeIgniter\Boot::runCodeIgniter(Object(CodeIgniter\CodeIgniter))
10 FCPATH\index.php(59): CodeIgniter\Boot::bootWeb(Object(Config\Paths))
CRITICAL - 2026-04-25 09:28:48 --> [Caused by] CodeIgniter\Database\Exceptions\DatabaseException: Unknown column 'peminjaman.id_user' in 'on clause'
in SYSTEMPATH\Database\MySQLi\Connection.php on line 332.
 1 SYSTEMPATH\Database\BaseConnection.php(729): CodeIgniter\Database\MySQLi\Connection->execute('SELECT `peminjaman`.*, `u1`.`nama` as `nama_user`, `buku`.`judul`, `denda`.`jumlah_denda` as `jumlah_denda`
FROM `peminjaman`
JOIN `users` as `u1` ON `u1`.`id` = `peminjaman`.`id_user`
JOIN `buku` ON `buku`.`id_buku` = `peminjaman`.`id_buku`
LEFT JOIN `denda` ON `denda`.`id_pinjam` = `peminjaman`.`id_pinjam`
ORDER BY `peminjaman`.`id_pinjam` DESC')
 2 SYSTEMPATH\Database\BaseConnection.php(646): CodeIgniter\Database\BaseConnection->simpleQuery('SELECT `peminjaman`.*, `u1`.`nama` as `nama_user`, `buku`.`judul`, `denda`.`jumlah_denda` as `jumlah_denda`
FROM `peminjaman`
JOIN `users` as `u1` ON `u1`.`id` = `peminjaman`.`id_user`
JOIN `buku` ON `buku`.`id_buku` = `peminjaman`.`id_buku`
LEFT JOIN `denda` ON `denda`.`id_pinjam` = `peminjaman`.`id_pinjam`
ORDER BY `peminjaman`.`id_pinjam` DESC')
 3 SYSTEMPATH\Database\BaseBuilder.php(1649): CodeIgniter\Database\BaseConnection->query('SELECT `peminjaman`.*, `u1`.`nama` as `nama_user`, `buku`.`judul`, `denda`.`jumlah_denda` as `jumlah_denda`
FROM `peminjaman`
JOIN `users` as `u1` ON `u1`.`id` = `peminjaman`.`id_user`
JOIN `buku` ON `buku`.`id_buku` = `peminjaman`.`id_buku`
LEFT JOIN `denda` ON `denda`.`id_pinjam` = `peminjaman`.`id_pinjam`
ORDER BY `peminjaman`.`id_pinjam` DESC', [], false)
 4 SYSTEMPATH\Model.php(286): CodeIgniter\Database\BaseBuilder->get()
 5 SYSTEMPATH\BaseModel.php(677): CodeIgniter\Model->doFindAll(0, 0)
 6 APPPATH\Controllers\peminjaman.php(38): CodeIgniter\BaseModel->findAll()
 7 SYSTEMPATH\CodeIgniter.php(933): App\Controllers\Peminjaman->index()
 8 SYSTEMPATH\CodeIgniter.php(507): CodeIgniter\CodeIgniter->runController(Object(App\Controllers\Peminjaman))
 9 SYSTEMPATH\CodeIgniter.php(354): CodeIgniter\CodeIgniter->handleRequest(null, Object(Config\Cache), false)
10 SYSTEMPATH\Boot.php(363): CodeIgniter\CodeIgniter->run()
11 SYSTEMPATH\Boot.php(68): CodeIgniter\Boot::runCodeIgniter(Object(CodeIgniter\CodeIgniter))
12 FCPATH\index.php(59): CodeIgniter\Boot::bootWeb(Object(Config\Paths))
CRITICAL - 2026-04-25 09:28:48 --> [Caused by] mysqli_sql_exception: Unknown column 'peminjaman.id_user' in 'on clause'
in SYSTEMPATH\Database\MySQLi\Connection.php on line 327.
 1 SYSTEMPATH\Database\MySQLi\Connection.php(327): mysqli->query('SELECT `peminjaman`.*, `u1`.`nama` as `nama_user`, `buku`.`judul`, `denda`.`jumlah_denda` as `jumlah_denda`
FROM `peminjaman`
JOIN `users` as `u1` ON `u1`.`id` = `peminjaman`.`id_user`
JOIN `buku` ON `buku`.`id_buku` = `peminjaman`.`id_buku`
LEFT JOIN `denda` ON `denda`.`id_pinjam` = `peminjaman`.`id_pinjam`
ORDER BY `peminjaman`.`id_pinjam` DESC', 0)
 2 SYSTEMPATH\Database\BaseConnection.php(729): CodeIgniter\Database\MySQLi\Connection->execute('SELECT `peminjaman`.*, `u1`.`nama` as `nama_user`, `buku`.`judul`, `denda`.`jumlah_denda` as `jumlah_denda`
FROM `peminjaman`
JOIN `users` as `u1` ON `u1`.`id` = `peminjaman`.`id_user`
JOIN `buku` ON `buku`.`id_buku` = `peminjaman`.`id_buku`
LEFT JOIN `denda` ON `denda`.`id_pinjam` = `peminjaman`.`id_pinjam`
ORDER BY `peminjaman`.`id_pinjam` DESC')
 3 SYSTEMPATH\Database\BaseConnection.php(646): CodeIgniter\Database\BaseConnection->simpleQuery('SELECT `peminjaman`.*, `u1`.`nama` as `nama_user`, `buku`.`judul`, `denda`.`jumlah_denda` as `jumlah_denda`
FROM `peminjaman`
JOIN `users` as `u1` ON `u1`.`id` = `peminjaman`.`id_user`
JOIN `buku` ON `buku`.`id_buku` = `peminjaman`.`id_buku`
LEFT JOIN `denda` ON `denda`.`id_pinjam` = `peminjaman`.`id_pinjam`
ORDER BY `peminjaman`.`id_pinjam` DESC')
 4 SYSTEMPATH\Database\BaseBuilder.php(1649): CodeIgniter\Database\BaseConnection->query('SELECT `peminjaman`.*, `u1`.`nama` as `nama_user`, `buku`.`judul`, `denda`.`jumlah_denda` as `jumlah_denda`
FROM `peminjaman`
JOIN `users` as `u1` ON `u1`.`id` = `peminjaman`.`id_user`
JOIN `buku` ON `buku`.`id_buku` = `peminjaman`.`id_buku`
LEFT JOIN `denda` ON `denda`.`id_pinjam` = `peminjaman`.`id_pinjam`
ORDER BY `peminjaman`.`id_pinjam` DESC', [], false)
 5 SYSTEMPATH\Model.php(286): CodeIgniter\Database\BaseBuilder->get()
 6 SYSTEMPATH\BaseModel.php(677): CodeIgniter\Model->doFindAll(0, 0)
 7 APPPATH\Controllers\peminjaman.php(38): CodeIgniter\BaseModel->findAll()
 8 SYSTEMPATH\CodeIgniter.php(933): App\Controllers\Peminjaman->index()
 9 SYSTEMPATH\CodeIgniter.php(507): CodeIgniter\CodeIgniter->runController(Object(App\Controllers\Peminjaman))
10 SYSTEMPATH\CodeIgniter.php(354): CodeIgniter\CodeIgniter->handleRequest(null, Object(Config\Cache), false)
11 SYSTEMPATH\Boot.php(363): CodeIgniter\CodeIgniter->run()
12 SYSTEMPATH\Boot.php(68): CodeIgniter\Boot::runCodeIgniter(Object(CodeIgniter\CodeIgniter))
13 FCPATH\index.php(59): CodeIgniter\Boot::bootWeb(Object(Config\Paths))
DEBUG - 2026-04-25 09:29:22 --> Session: Class initialized using 'CodeIgniter\Session\Handlers\FileHandler' driver.
CRITICAL - 2026-04-25 09:29:22 --> ErrorException: Undefined variable $data
[Method: GET, Route: peminjaman]
in APPPATH\Controllers\peminjaman.php on line 40.
 1 APPPATH\Controllers\peminjaman.php(40): CodeIgniter\Debug\Exceptions->errorHandler(2, 'Undefined variable $data', 'C:\\xampp\\htdocs\\perpus\\app\\Controllers\\peminjaman.php', 40)
 2 SYSTEMPATH\CodeIgniter.php(933): App\Controllers\Peminjaman->index()
 3 SYSTEMPATH\CodeIgniter.php(507): CodeIgniter\CodeIgniter->runController(Object(App\Controllers\Peminjaman))
 4 SYSTEMPATH\CodeIgniter.php(354): CodeIgniter\CodeIgniter->handleRequest(null, Object(Config\Cache), false)
 5 SYSTEMPATH\Boot.php(363): CodeIgniter\CodeIgniter->run()
 6 SYSTEMPATH\Boot.php(68): CodeIgniter\Boot::runCodeIgniter(Object(CodeIgniter\CodeIgniter))
 7 FCPATH\index.php(59): CodeIgniter\Boot::bootWeb(Object(Config\Paths))
DEBUG - 2026-04-25 09:30:04 --> Session: Class initialized using 'CodeIgniter\Session\Handlers\FileHandler' driver.
ERROR - 2026-04-25 09:30:04 --> mysqli_sql_exception: Unknown column 'denda.denda' in 'field list' in C:\xampp\htdocs\perpus\system\Database\MySQLi\Connection.php:327
Stack trace:
#0 C:\xampp\htdocs\perpus\system\Database\MySQLi\Connection.php(327): mysqli->query('SELECT `peminja...', 0)
#1 C:\xampp\htdocs\perpus\system\Database\BaseConnection.php(729): CodeIgniter\Database\MySQLi\Connection->execute('SELECT `peminja...')
#2 C:\xampp\htdocs\perpus\system\Database\BaseConnection.php(646): CodeIgniter\Database\BaseConnection->simpleQuery('SELECT `peminja...')
#3 C:\xampp\htdocs\perpus\system\Database\BaseBuilder.php(1649): CodeIgniter\Database\BaseConnection->query('SELECT `peminja...', Array, false)
#4 C:\xampp\htdocs\perpus\system\Model.php(286): CodeIgniter\Database\BaseBuilder->get()
#5 C:\xampp\htdocs\perpus\system\BaseModel.php(677): CodeIgniter\Model->doFindAll(0, 0)
#6 C:\xampp\htdocs\perpus\app\Controllers\peminjaman.php(42): CodeIgniter\BaseModel->findAll()
#7 C:\xampp\htdocs\perpus\system\CodeIgniter.php(933): App\Controllers\Peminjaman->index()
#8 C:\xampp\htdocs\perpus\system\CodeIgniter.php(507): CodeIgniter\CodeIgniter->runController(Object(App\Controllers\Peminjaman))
#9 C:\xampp\htdocs\perpus\system\CodeIgniter.php(354): CodeIgniter\CodeIgniter->handleRequest(NULL, Object(Config\Cache), false)
#10 C:\xampp\htdocs\perpus\system\Boot.php(363): CodeIgniter\CodeIgniter->run()
#11 C:\xampp\htdocs\perpus\system\Boot.php(68): CodeIgniter\Boot::runCodeIgniter(Object(CodeIgniter\CodeIgniter))
#12 C:\xampp\htdocs\perpus\index.php(59): CodeIgniter\Boot::bootWeb(Object(Config\Paths))
#13 {main}
CRITICAL - 2026-04-25 09:30:04 --> CodeIgniter\Database\Exceptions\DatabaseException: Unknown column 'denda.denda' in 'field list'
[Method: GET, Route: peminjaman]
in SYSTEMPATH\Database\BaseConnection.php on line 684.
 1 SYSTEMPATH\Database\BaseBuilder.php(1649): CodeIgniter\Database\BaseConnection->query('SELECT `peminjaman`.*, `u1`.`nama` as `nama_user`, `buku`.`judul`, `denda`.`denda` as `jumlah_denda`
FROM `peminjaman`
JOIN `users` as `u1` ON `u1`.`id` = `peminjaman`.`id_user`
JOIN `buku` ON `buku`.`id_buku` = `peminjaman`.`id_buku`
LEFT JOIN `denda` ON `denda`.`id_pinjam` = `peminjaman`.`id_pinjam`
ORDER BY `peminjaman`.`id_pinjam` DESC', [], false)
 2 SYSTEMPATH\Model.php(286): CodeIgniter\Database\BaseBuilder->get()
 3 SYSTEMPATH\BaseModel.php(677): CodeIgniter\Model->doFindAll(0, 0)
 4 APPPATH\Controllers\peminjaman.php(42): CodeIgniter\BaseModel->findAll()
 5 SYSTEMPATH\CodeIgniter.php(933): App\Controllers\Peminjaman->index()
 6 SYSTEMPATH\CodeIgniter.php(507): CodeIgniter\CodeIgniter->runController(Object(App\Controllers\Peminjaman))
 7 SYSTEMPATH\CodeIgniter.php(354): CodeIgniter\CodeIgniter->handleRequest(null, Object(Config\Cache), false)
 8 SYSTEMPATH\Boot.php(363): CodeIgniter\CodeIgniter->run()
 9 SYSTEMPATH\Boot.php(68): CodeIgniter\Boot::runCodeIgniter(Object(CodeIgniter\CodeIgniter))
10 FCPATH\index.php(59): CodeIgniter\Boot::bootWeb(Object(Config\Paths))
CRITICAL - 2026-04-25 09:30:04 --> [Caused by] CodeIgniter\Database\Exceptions\DatabaseException: Unknown column 'denda.denda' in 'field list'
in SYSTEMPATH\Database\MySQLi\Connection.php on line 332.
 1 SYSTEMPATH\Database\BaseConnection.php(729): CodeIgniter\Database\MySQLi\Connection->execute('SELECT `peminjaman`.*, `u1`.`nama` as `nama_user`, `buku`.`judul`, `denda`.`denda` as `jumlah_denda`
FROM `peminjaman`
JOIN `users` as `u1` ON `u1`.`id` = `peminjaman`.`id_user`
JOIN `buku` ON `buku`.`id_buku` = `peminjaman`.`id_buku`
LEFT JOIN `denda` ON `denda`.`id_pinjam` = `peminjaman`.`id_pinjam`
ORDER BY `peminjaman`.`id_pinjam` DESC')
 2 SYSTEMPATH\Database\BaseConnection.php(646): CodeIgniter\Database\BaseConnection->simpleQuery('SELECT `peminjaman`.*, `u1`.`nama` as `nama_user`, `buku`.`judul`, `denda`.`denda` as `jumlah_denda`
FROM `peminjaman`
JOIN `users` as `u1` ON `u1`.`id` = `peminjaman`.`id_user`
JOIN `buku` ON `buku`.`id_buku` = `peminjaman`.`id_buku`
LEFT JOIN `denda` ON `denda`.`id_pinjam` = `peminjaman`.`id_pinjam`
ORDER BY `peminjaman`.`id_pinjam` DESC')
 3 SYSTEMPATH\Database\BaseBuilder.php(1649): CodeIgniter\Database\BaseConnection->query('SELECT `peminjaman`.*, `u1`.`nama` as `nama_user`, `buku`.`judul`, `denda`.`denda` as `jumlah_denda`
FROM `peminjaman`
JOIN `users` as `u1` ON `u1`.`id` = `peminjaman`.`id_user`
JOIN `buku` ON `buku`.`id_buku` = `peminjaman`.`id_buku`
LEFT JOIN `denda` ON `denda`.`id_pinjam` = `peminjaman`.`id_pinjam`
ORDER BY `peminjaman`.`id_pinjam` DESC', [], false)
 4 SYSTEMPATH\Model.php(286): CodeIgniter\Database\BaseBuilder->get()
 5 SYSTEMPATH\BaseModel.php(677): CodeIgniter\Model->doFindAll(0, 0)
 6 APPPATH\Controllers\peminjaman.php(42): CodeIgniter\BaseModel->findAll()
 7 SYSTEMPATH\CodeIgniter.php(933): App\Controllers\Peminjaman->index()
 8 SYSTEMPATH\CodeIgniter.php(507): CodeIgniter\CodeIgniter->runController(Object(App\Controllers\Peminjaman))
 9 SYSTEMPATH\CodeIgniter.php(354): CodeIgniter\CodeIgniter->handleRequest(null, Object(Config\Cache), false)
10 SYSTEMPATH\Boot.php(363): CodeIgniter\CodeIgniter->run()
11 SYSTEMPATH\Boot.php(68): CodeIgniter\Boot::runCodeIgniter(Object(CodeIgniter\CodeIgniter))
12 FCPATH\index.php(59): CodeIgniter\Boot::bootWeb(Object(Config\Paths))
CRITICAL - 2026-04-25 09:30:04 --> [Caused by] mysqli_sql_exception: Unknown column 'denda.denda' in 'field list'
in SYSTEMPATH\Database\MySQLi\Connection.php on line 327.
 1 SYSTEMPATH\Database\MySQLi\Connection.php(327): mysqli->query('SELECT `peminjaman`.*, `u1`.`nama` as `nama_user`, `buku`.`judul`, `denda`.`denda` as `jumlah_denda`
FROM `peminjaman`
JOIN `users` as `u1` ON `u1`.`id` = `peminjaman`.`id_user`
JOIN `buku` ON `buku`.`id_buku` = `peminjaman`.`id_buku`
LEFT JOIN `denda` ON `denda`.`id_pinjam` = `peminjaman`.`id_pinjam`
ORDER BY `peminjaman`.`id_pinjam` DESC', 0)
 2 SYSTEMPATH\Database\BaseConnection.php(729): CodeIgniter\Database\MySQLi\Connection->execute('SELECT `peminjaman`.*, `u1`.`nama` as `nama_user`, `buku`.`judul`, `denda`.`denda` as `jumlah_denda`
FROM `peminjaman`
JOIN `users` as `u1` ON `u1`.`id` = `peminjaman`.`id_user`
JOIN `buku` ON `buku`.`id_buku` = `peminjaman`.`id_buku`
LEFT JOIN `denda` ON `denda`.`id_pinjam` = `peminjaman`.`id_pinjam`
ORDER BY `peminjaman`.`id_pinjam` DESC')
 3 SYSTEMPATH\Database\BaseConnection.php(646): CodeIgniter\Database\BaseConnection->simpleQuery('SELECT `peminjaman`.*, `u1`.`nama` as `nama_user`, `buku`.`judul`, `denda`.`denda` as `jumlah_denda`
FROM `peminjaman`
JOIN `users` as `u1` ON `u1`.`id` = `peminjaman`.`id_user`
JOIN `buku` ON `buku`.`id_buku` = `peminjaman`.`id_buku`
LEFT JOIN `denda` ON `denda`.`id_pinjam` = `peminjaman`.`id_pinjam`
ORDER BY `peminjaman`.`id_pinjam` DESC')
 4 SYSTEMPATH\Database\BaseBuilder.php(1649): CodeIgniter\Database\BaseConnection->query('SELECT `peminjaman`.*, `u1`.`nama` as `nama_user`, `buku`.`judul`, `denda`.`denda` as `jumlah_denda`
FROM `peminjaman`
JOIN `users` as `u1` ON `u1`.`id` = `peminjaman`.`id_user`
JOIN `buku` ON `buku`.`id_buku` = `peminjaman`.`id_buku`
LEFT JOIN `denda` ON `denda`.`id_pinjam` = `peminjaman`.`id_pinjam`
ORDER BY `peminjaman`.`id_pinjam` DESC', [], false)
 5 SYSTEMPATH\Model.php(286): CodeIgniter\Database\BaseBuilder->get()
 6 SYSTEMPATH\BaseModel.php(677): CodeIgniter\Model->doFindAll(0, 0)
 7 APPPATH\Controllers\peminjaman.php(42): CodeIgniter\BaseModel->findAll()
 8 SYSTEMPATH\CodeIgniter.php(933): App\Controllers\Peminjaman->index()
 9 SYSTEMPATH\CodeIgniter.php(507): CodeIgniter\CodeIgniter->runController(Object(App\Controllers\Peminjaman))
10 SYSTEMPATH\CodeIgniter.php(354): CodeIgniter\CodeIgniter->handleRequest(null, Object(Config\Cache), false)
11 SYSTEMPATH\Boot.php(363): CodeIgniter\CodeIgniter->run()
12 SYSTEMPATH\Boot.php(68): CodeIgniter\Boot::runCodeIgniter(Object(CodeIgniter\CodeIgniter))
13 FCPATH\index.php(59): CodeIgniter\Boot::bootWeb(Object(Config\Paths))
DEBUG - 2026-04-25 09:32:15 --> Session: Class initialized using 'CodeIgniter\Session\Handlers\FileHandler' driver.
ERROR - 2026-04-25 09:32:15 --> mysqli_sql_exception: Unknown column 'denda.denda' in 'field list' in C:\xampp\htdocs\perpus\system\Database\MySQLi\Connection.php:327
Stack trace:
#0 C:\xampp\htdocs\perpus\system\Database\MySQLi\Connection.php(327): mysqli->query('SELECT `peminja...', 0)
#1 C:\xampp\htdocs\perpus\system\Database\BaseConnection.php(729): CodeIgniter\Database\MySQLi\Connection->execute('SELECT `peminja...')
#2 C:\xampp\htdocs\perpus\system\Database\BaseConnection.php(646): CodeIgniter\Database\BaseConnection->simpleQuery('SELECT `peminja...')
#3 C:\xampp\htdocs\perpus\system\Database\BaseBuilder.php(1649): CodeIgniter\Database\BaseConnection->query('SELECT `peminja...', Array, false)
#4 C:\xampp\htdocs\perpus\system\Model.php(286): CodeIgniter\Database\BaseBuilder->get()
#5 C:\xampp\htdocs\perpus\system\BaseModel.php(677): CodeIgniter\Model->doFindAll(0, 0)
#6 C:\xampp\htdocs\perpus\app\Controllers\peminjaman.php(42): CodeIgniter\BaseModel->findAll()
#7 C:\xampp\htdocs\perpus\system\CodeIgniter.php(933): App\Controllers\Peminjaman->index()
#8 C:\xampp\htdocs\perpus\system\CodeIgniter.php(507): CodeIgniter\CodeIgniter->runController(Object(App\Controllers\Peminjaman))
#9 C:\xampp\htdocs\perpus\system\CodeIgniter.php(354): CodeIgniter\CodeIgniter->handleRequest(NULL, Object(Config\Cache), false)
#10 C:\xampp\htdocs\perpus\system\Boot.php(363): CodeIgniter\CodeIgniter->run()
#11 C:\xampp\htdocs\perpus\system\Boot.php(68): CodeIgniter\Boot::runCodeIgniter(Object(CodeIgniter\CodeIgniter))
#12 C:\xampp\htdocs\perpus\index.php(59): CodeIgniter\Boot::bootWeb(Object(Config\Paths))
#13 {main}
CRITICAL - 2026-04-25 09:32:15 --> CodeIgniter\Database\Exceptions\DatabaseException: Unknown column 'denda.denda' in 'field list'
[Method: GET, Route: peminjaman]
in SYSTEMPATH\Database\BaseConnection.php on line 684.
 1 SYSTEMPATH\Database\BaseBuilder.php(1649): CodeIgniter\Database\BaseConnection->query('SELECT `peminjaman`.*, `u1`.`nama` as `nama_user`, `buku`.`judul`, `denda`.`denda` as `jumlah_denda`
FROM `peminjaman`
JOIN `users` as `u1` ON `u1`.`id` = `peminjaman`.`id_user`
JOIN `buku` ON `buku`.`id_buku` = `peminjaman`.`id_buku`
LEFT JOIN `denda` ON `denda`.`id_pinjam` = `peminjaman`.`id_pinjam`
ORDER BY `peminjaman`.`id_pinjam` DESC', [], false)
 2 SYSTEMPATH\Model.php(286): CodeIgniter\Database\BaseBuilder->get()
 3 SYSTEMPATH\BaseModel.php(677): CodeIgniter\Model->doFindAll(0, 0)
 4 APPPATH\Controllers\peminjaman.php(42): CodeIgniter\BaseModel->findAll()
 5 SYSTEMPATH\CodeIgniter.php(933): App\Controllers\Peminjaman->index()
 6 SYSTEMPATH\CodeIgniter.php(507): CodeIgniter\CodeIgniter->runController(Object(App\Controllers\Peminjaman))
 7 SYSTEMPATH\CodeIgniter.php(354): CodeIgniter\CodeIgniter->handleRequest(null, Object(Config\Cache), false)
 8 SYSTEMPATH\Boot.php(363): CodeIgniter\CodeIgniter->run()
 9 SYSTEMPATH\Boot.php(68): CodeIgniter\Boot::runCodeIgniter(Object(CodeIgniter\CodeIgniter))
10 FCPATH\index.php(59): CodeIgniter\Boot::bootWeb(Object(Config\Paths))
CRITICAL - 2026-04-25 09:32:15 --> [Caused by] CodeIgniter\Database\Exceptions\DatabaseException: Unknown column 'denda.denda' in 'field list'
in SYSTEMPATH\Database\MySQLi\Connection.php on line 332.
 1 SYSTEMPATH\Database\BaseConnection.php(729): CodeIgniter\Database\MySQLi\Connection->execute('SELECT `peminjaman`.*, `u1`.`nama` as `nama_user`, `buku`.`judul`, `denda`.`denda` as `jumlah_denda`
FROM `peminjaman`
JOIN `users` as `u1` ON `u1`.`id` = `peminjaman`.`id_user`
JOIN `buku` ON `buku`.`id_buku` = `peminjaman`.`id_buku`
LEFT JOIN `denda` ON `denda`.`id_pinjam` = `peminjaman`.`id_pinjam`
ORDER BY `peminjaman`.`id_pinjam` DESC')
 2 SYSTEMPATH\Database\BaseConnection.php(646): CodeIgniter\Database\BaseConnection->simpleQuery('SELECT `peminjaman`.*, `u1`.`nama` as `nama_user`, `buku`.`judul`, `denda`.`denda` as `jumlah_denda`
FROM `peminjaman`
JOIN `users` as `u1` ON `u1`.`id` = `peminjaman`.`id_user`
JOIN `buku` ON `buku`.`id_buku` = `peminjaman`.`id_buku`
LEFT JOIN `denda` ON `denda`.`id_pinjam` = `peminjaman`.`id_pinjam`
ORDER BY `peminjaman`.`id_pinjam` DESC')
 3 SYSTEMPATH\Database\BaseBuilder.php(1649): CodeIgniter\Database\BaseConnection->query('SELECT `peminjaman`.*, `u1`.`nama` as `nama_user`, `buku`.`judul`, `denda`.`denda` as `jumlah_denda`
FROM `peminjaman`
JOIN `users` as `u1` ON `u1`.`id` = `peminjaman`.`id_user`
JOIN `buku` ON `buku`.`id_buku` = `peminjaman`.`id_buku`
LEFT JOIN `denda` ON `denda`.`id_pinjam` = `peminjaman`.`id_pinjam`
ORDER BY `peminjaman`.`id_pinjam` DESC', [], false)
 4 SYSTEMPATH\Model.php(286): CodeIgniter\Database\BaseBuilder->get()
 5 SYSTEMPATH\BaseModel.php(677): CodeIgniter\Model->doFindAll(0, 0)
 6 APPPATH\Controllers\peminjaman.php(42): CodeIgniter\BaseModel->findAll()
 7 SYSTEMPATH\CodeIgniter.php(933): App\Controllers\Peminjaman->index()
 8 SYSTEMPATH\CodeIgniter.php(507): CodeIgniter\CodeIgniter->runController(Object(App\Controllers\Peminjaman))
 9 SYSTEMPATH\CodeIgniter.php(354): CodeIgniter\CodeIgniter->handleRequest(null, Object(Config\Cache), false)
10 SYSTEMPATH\Boot.php(363): CodeIgniter\CodeIgniter->run()
11 SYSTEMPATH\Boot.php(68): CodeIgniter\Boot::runCodeIgniter(Object(CodeIgniter\CodeIgniter))
12 FCPATH\index.php(59): CodeIgniter\Boot::bootWeb(Object(Config\Paths))
CRITICAL - 2026-04-25 09:32:15 --> [Caused by] mysqli_sql_exception: Unknown column 'denda.denda' in 'field list'
in SYSTEMPATH\Database\MySQLi\Connection.php on line 327.
 1 SYSTEMPATH\Database\MySQLi\Connection.php(327): mysqli->query('SELECT `peminjaman`.*, `u1`.`nama` as `nama_user`, `buku`.`judul`, `denda`.`denda` as `jumlah_denda`
FROM `peminjaman`
JOIN `users` as `u1` ON `u1`.`id` = `peminjaman`.`id_user`
JOIN `buku` ON `buku`.`id_buku` = `peminjaman`.`id_buku`
LEFT JOIN `denda` ON `denda`.`id_pinjam` = `peminjaman`.`id_pinjam`
ORDER BY `peminjaman`.`id_pinjam` DESC', 0)
 2 SYSTEMPATH\Database\BaseConnection.php(729): CodeIgniter\Database\MySQLi\Connection->execute('SELECT `peminjaman`.*, `u1`.`nama` as `nama_user`, `buku`.`judul`, `denda`.`denda` as `jumlah_denda`
FROM `peminjaman`
JOIN `users` as `u1` ON `u1`.`id` = `peminjaman`.`id_user`
JOIN `buku` ON `buku`.`id_buku` = `peminjaman`.`id_buku`
LEFT JOIN `denda` ON `denda`.`id_pinjam` = `peminjaman`.`id_pinjam`
ORDER BY `peminjaman`.`id_pinjam` DESC')
 3 SYSTEMPATH\Database\BaseConnection.php(646): CodeIgniter\Database\BaseConnection->simpleQuery('SELECT `peminjaman`.*, `u1`.`nama` as `nama_user`, `buku`.`judul`, `denda`.`denda` as `jumlah_denda`
FROM `peminjaman`
JOIN `users` as `u1` ON `u1`.`id` = `peminjaman`.`id_user`
JOIN `buku` ON `buku`.`id_buku` = `peminjaman`.`id_buku`
LEFT JOIN `denda` ON `denda`.`id_pinjam` = `peminjaman`.`id_pinjam`
ORDER BY `peminjaman`.`id_pinjam` DESC')
 4 SYSTEMPATH\Database\BaseBuilder.php(1649): CodeIgniter\Database\BaseConnection->query('SELECT `peminjaman`.*, `u1`.`nama` as `nama_user`, `buku`.`judul`, `denda`.`denda` as `jumlah_denda`
FROM `peminjaman`
JOIN `users` as `u1` ON `u1`.`id` = `peminjaman`.`id_user`
JOIN `buku` ON `buku`.`id_buku` = `peminjaman`.`id_buku`
LEFT JOIN `denda` ON `denda`.`id_pinjam` = `peminjaman`.`id_pinjam`
ORDER BY `peminjaman`.`id_pinjam` DESC', [], false)
 5 SYSTEMPATH\Model.php(286): CodeIgniter\Database\BaseBuilder->get()
 6 SYSTEMPATH\BaseModel.php(677): CodeIgniter\Model->doFindAll(0, 0)
 7 APPPATH\Controllers\peminjaman.php(42): CodeIgniter\BaseModel->findAll()
 8 SYSTEMPATH\CodeIgniter.php(933): App\Controllers\Peminjaman->index()
 9 SYSTEMPATH\CodeIgniter.php(507): CodeIgniter\CodeIgniter->runController(Object(App\Controllers\Peminjaman))
10 SYSTEMPATH\CodeIgniter.php(354): CodeIgniter\CodeIgniter->handleRequest(null, Object(Config\Cache), false)
11 SYSTEMPATH\Boot.php(363): CodeIgniter\CodeIgniter->run()
12 SYSTEMPATH\Boot.php(68): CodeIgniter\Boot::runCodeIgniter(Object(CodeIgniter\CodeIgniter))
13 FCPATH\index.php(59): CodeIgniter\Boot::bootWeb(Object(Config\Paths))
DEBUG - 2026-04-25 09:33:58 --> Session: Class initialized using 'CodeIgniter\Session\Handlers\FileHandler' driver.
ERROR - 2026-04-25 09:33:58 --> mysqli_sql_exception: Unknown column 'denda.denda' in 'field list' in C:\xampp\htdocs\perpus\system\Database\MySQLi\Connection.php:327
Stack trace:
#0 C:\xampp\htdocs\perpus\system\Database\MySQLi\Connection.php(327): mysqli->query('SELECT `peminja...', 0)
#1 C:\xampp\htdocs\perpus\system\Database\BaseConnection.php(729): CodeIgniter\Database\MySQLi\Connection->execute('SELECT `peminja...')
#2 C:\xampp\htdocs\perpus\system\Database\BaseConnection.php(646): CodeIgniter\Database\BaseConnection->simpleQuery('SELECT `peminja...')
#3 C:\xampp\htdocs\perpus\system\Database\BaseBuilder.php(1649): CodeIgniter\Database\BaseConnection->query('SELECT `peminja...', Array, false)
#4 C:\xampp\htdocs\perpus\system\Model.php(286): CodeIgniter\Database\BaseBuilder->get()
#5 C:\xampp\htdocs\perpus\system\BaseModel.php(677): CodeIgniter\Model->doFindAll(0, 0)
#6 C:\xampp\htdocs\perpus\app\Controllers\peminjaman.php(42): CodeIgniter\BaseModel->findAll()
#7 C:\xampp\htdocs\perpus\system\CodeIgniter.php(933): App\Controllers\Peminjaman->index()
#8 C:\xampp\htdocs\perpus\system\CodeIgniter.php(507): CodeIgniter\CodeIgniter->runController(Object(App\Controllers\Peminjaman))
#9 C:\xampp\htdocs\perpus\system\CodeIgniter.php(354): CodeIgniter\CodeIgniter->handleRequest(NULL, Object(Config\Cache), false)
#10 C:\xampp\htdocs\perpus\system\Boot.php(363): CodeIgniter\CodeIgniter->run()
#11 C:\xampp\htdocs\perpus\system\Boot.php(68): CodeIgniter\Boot::runCodeIgniter(Object(CodeIgniter\CodeIgniter))
#12 C:\xampp\htdocs\perpus\index.php(59): CodeIgniter\Boot::bootWeb(Object(Config\Paths))
#13 {main}
CRITICAL - 2026-04-25 09:33:58 --> CodeIgniter\Database\Exceptions\DatabaseException: Unknown column 'denda.denda' in 'field list'
[Method: GET, Route: peminjaman]
in SYSTEMPATH\Database\BaseConnection.php on line 684.
 1 SYSTEMPATH\Database\BaseBuilder.php(1649): CodeIgniter\Database\BaseConnection->query('SELECT `peminjaman`.*, `u1`.`nama` as `nama_user`, `buku`.`judul`, `denda`.`denda` as `jumlah_denda`
FROM `peminjaman`
JOIN `users` as `u1` ON `u1`.`id` = `peminjaman`.`id_user`
JOIN `buku` ON `buku`.`id_buku` = `peminjaman`.`id_buku`
LEFT JOIN `denda` ON `denda`.`id_pinjam` = `peminjaman`.`id_pinjam`
ORDER BY `peminjaman`.`id_pinjam` DESC', [], false)
 2 SYSTEMPATH\Model.php(286): CodeIgniter\Database\BaseBuilder->get()
 3 SYSTEMPATH\BaseModel.php(677): CodeIgniter\Model->doFindAll(0, 0)
 4 APPPATH\Controllers\peminjaman.php(42): CodeIgniter\BaseModel->findAll()
 5 SYSTEMPATH\CodeIgniter.php(933): App\Controllers\Peminjaman->index()
 6 SYSTEMPATH\CodeIgniter.php(507): CodeIgniter\CodeIgniter->runController(Object(App\Controllers\Peminjaman))
 7 SYSTEMPATH\CodeIgniter.php(354): CodeIgniter\CodeIgniter->handleRequest(null, Object(Config\Cache), false)
 8 SYSTEMPATH\Boot.php(363): CodeIgniter\CodeIgniter->run()
 9 SYSTEMPATH\Boot.php(68): CodeIgniter\Boot::runCodeIgniter(Object(CodeIgniter\CodeIgniter))
10 FCPATH\index.php(59): CodeIgniter\Boot::bootWeb(Object(Config\Paths))
CRITICAL - 2026-04-25 09:33:58 --> [Caused by] CodeIgniter\Database\Exceptions\DatabaseException: Unknown column 'denda.denda' in 'field list'
in SYSTEMPATH\Database\MySQLi\Connection.php on line 332.
 1 SYSTEMPATH\Database\BaseConnection.php(729): CodeIgniter\Database\MySQLi\Connection->execute('SELECT `peminjaman`.*, `u1`.`nama` as `nama_user`, `buku`.`judul`, `denda`.`denda` as `jumlah_denda`
FROM `peminjaman`
JOIN `users` as `u1` ON `u1`.`id` = `peminjaman`.`id_user`
JOIN `buku` ON `buku`.`id_buku` = `peminjaman`.`id_buku`
LEFT JOIN `denda` ON `denda`.`id_pinjam` = `peminjaman`.`id_pinjam`
ORDER BY `peminjaman`.`id_pinjam` DESC')
 2 SYSTEMPATH\Database\BaseConnection.php(646): CodeIgniter\Database\BaseConnection->simpleQuery('SELECT `peminjaman`.*, `u1`.`nama` as `nama_user`, `buku`.`judul`, `denda`.`denda` as `jumlah_denda`
FROM `peminjaman`
JOIN `users` as `u1` ON `u1`.`id` = `peminjaman`.`id_user`
JOIN `buku` ON `buku`.`id_buku` = `peminjaman`.`id_buku`
LEFT JOIN `denda` ON `denda`.`id_pinjam` = `peminjaman`.`id_pinjam`
ORDER BY `peminjaman`.`id_pinjam` DESC')
 3 SYSTEMPATH\Database\BaseBuilder.php(1649): CodeIgniter\Database\BaseConnection->query('SELECT `peminjaman`.*, `u1`.`nama` as `nama_user`, `buku`.`judul`, `denda`.`denda` as `jumlah_denda`
FROM `peminjaman`
JOIN `users` as `u1` ON `u1`.`id` = `peminjaman`.`id_user`
JOIN `buku` ON `buku`.`id_buku` = `peminjaman`.`id_buku`
LEFT JOIN `denda` ON `denda`.`id_pinjam` = `peminjaman`.`id_pinjam`
ORDER BY `peminjaman`.`id_pinjam` DESC', [], false)
 4 SYSTEMPATH\Model.php(286): CodeIgniter\Database\BaseBuilder->get()
 5 SYSTEMPATH\BaseModel.php(677): CodeIgniter\Model->doFindAll(0, 0)
 6 APPPATH\Controllers\peminjaman.php(42): CodeIgniter\BaseModel->findAll()
 7 SYSTEMPATH\CodeIgniter.php(933): App\Controllers\Peminjaman->index()
 8 SYSTEMPATH\CodeIgniter.php(507): CodeIgniter\CodeIgniter->runController(Object(App\Controllers\Peminjaman))
 9 SYSTEMPATH\CodeIgniter.php(354): CodeIgniter\CodeIgniter->handleRequest(null, Object(Config\Cache), false)
10 SYSTEMPATH\Boot.php(363): CodeIgniter\CodeIgniter->run()
11 SYSTEMPATH\Boot.php(68): CodeIgniter\Boot::runCodeIgniter(Object(CodeIgniter\CodeIgniter))
12 FCPATH\index.php(59): CodeIgniter\Boot::bootWeb(Object(Config\Paths))
CRITICAL - 2026-04-25 09:33:58 --> [Caused by] mysqli_sql_exception: Unknown column 'denda.denda' in 'field list'
in SYSTEMPATH\Database\MySQLi\Connection.php on line 327.
 1 SYSTEMPATH\Database\MySQLi\Connection.php(327): mysqli->query('SELECT `peminjaman`.*, `u1`.`nama` as `nama_user`, `buku`.`judul`, `denda`.`denda` as `jumlah_denda`
FROM `peminjaman`
JOIN `users` as `u1` ON `u1`.`id` = `peminjaman`.`id_user`
JOIN `buku` ON `buku`.`id_buku` = `peminjaman`.`id_buku`
LEFT JOIN `denda` ON `denda`.`id_pinjam` = `peminjaman`.`id_pinjam`
ORDER BY `peminjaman`.`id_pinjam` DESC', 0)
 2 SYSTEMPATH\Database\BaseConnection.php(729): CodeIgniter\Database\MySQLi\Connection->execute('SELECT `peminjaman`.*, `u1`.`nama` as `nama_user`, `buku`.`judul`, `denda`.`denda` as `jumlah_denda`
FROM `peminjaman`
JOIN `users` as `u1` ON `u1`.`id` = `peminjaman`.`id_user`
JOIN `buku` ON `buku`.`id_buku` = `peminjaman`.`id_buku`
LEFT JOIN `denda` ON `denda`.`id_pinjam` = `peminjaman`.`id_pinjam`
ORDER BY `peminjaman`.`id_pinjam` DESC')
 3 SYSTEMPATH\Database\BaseConnection.php(646): CodeIgniter\Database\BaseConnection->simpleQuery('SELECT `peminjaman`.*, `u1`.`nama` as `nama_user`, `buku`.`judul`, `denda`.`denda` as `jumlah_denda`
FROM `peminjaman`
JOIN `users` as `u1` ON `u1`.`id` = `peminjaman`.`id_user`
JOIN `buku` ON `buku`.`id_buku` = `peminjaman`.`id_buku`
LEFT JOIN `denda` ON `denda`.`id_pinjam` = `peminjaman`.`id_pinjam`
ORDER BY `peminjaman`.`id_pinjam` DESC')
 4 SYSTEMPATH\Database\BaseBuilder.php(1649): CodeIgniter\Database\BaseConnection->query('SELECT `peminjaman`.*, `u1`.`nama` as `nama_user`, `buku`.`judul`, `denda`.`denda` as `jumlah_denda`
FROM `peminjaman`
JOIN `users` as `u1` ON `u1`.`id` = `peminjaman`.`id_user`
JOIN `buku` ON `buku`.`id_buku` = `peminjaman`.`id_buku`
LEFT JOIN `denda` ON `denda`.`id_pinjam` = `peminjaman`.`id_pinjam`
ORDER BY `peminjaman`.`id_pinjam` DESC', [], false)
 5 SYSTEMPATH\Model.php(286): CodeIgniter\Database\BaseBuilder->get()
 6 SYSTEMPATH\BaseModel.php(677): CodeIgniter\Model->doFindAll(0, 0)
 7 APPPATH\Controllers\peminjaman.php(42): CodeIgniter\BaseModel->findAll()
 8 SYSTEMPATH\CodeIgniter.php(933): App\Controllers\Peminjaman->index()
 9 SYSTEMPATH\CodeIgniter.php(507): CodeIgniter\CodeIgniter->runController(Object(App\Controllers\Peminjaman))
10 SYSTEMPATH\CodeIgniter.php(354): CodeIgniter\CodeIgniter->handleRequest(null, Object(Config\Cache), false)
11 SYSTEMPATH\Boot.php(363): CodeIgniter\CodeIgniter->run()
12 SYSTEMPATH\Boot.php(68): CodeIgniter\Boot::runCodeIgniter(Object(CodeIgniter\CodeIgniter))
13 FCPATH\index.php(59): CodeIgniter\Boot::bootWeb(Object(Config\Paths))
DEBUG - 2026-04-25 09:34:21 --> Session: Class initialized using 'CodeIgniter\Session\Handlers\FileHandler' driver.
DEBUG - 2026-04-25 09:34:30 --> Session: Class initialized using 'CodeIgniter\Session\Handlers\FileHandler' driver.
ERROR - 2026-04-25 09:34:30 --> mysqli_sql_exception: Unknown column 'denda.denda' in 'field list' in C:\xampp\htdocs\perpus\system\Database\MySQLi\Connection.php:327
Stack trace:
#0 C:\xampp\htdocs\perpus\system\Database\MySQLi\Connection.php(327): mysqli->query('SELECT `peminja...', 0)
#1 C:\xampp\htdocs\perpus\system\Database\BaseConnection.php(729): CodeIgniter\Database\MySQLi\Connection->execute('SELECT `peminja...')
#2 C:\xampp\htdocs\perpus\system\Database\BaseConnection.php(646): CodeIgniter\Database\BaseConnection->simpleQuery('SELECT `peminja...')
#3 C:\xampp\htdocs\perpus\system\Database\BaseBuilder.php(1649): CodeIgniter\Database\BaseConnection->query('SELECT `peminja...', Array, false)
#4 C:\xampp\htdocs\perpus\system\Model.php(286): CodeIgniter\Database\BaseBuilder->get()
#5 C:\xampp\htdocs\perpus\system\BaseModel.php(677): CodeIgniter\Model->doFindAll(0, 0)
#6 C:\xampp\htdocs\perpus\app\Controllers\peminjaman.php(42): CodeIgniter\BaseModel->findAll()
#7 C:\xampp\htdocs\perpus\system\CodeIgniter.php(933): App\Controllers\Peminjaman->index()
#8 C:\xampp\htdocs\perpus\system\CodeIgniter.php(507): CodeIgniter\CodeIgniter->runController(Object(App\Controllers\Peminjaman))
#9 C:\xampp\htdocs\perpus\system\CodeIgniter.php(354): CodeIgniter\CodeIgniter->handleRequest(NULL, Object(Config\Cache), false)
#10 C:\xampp\htdocs\perpus\system\Boot.php(363): CodeIgniter\CodeIgniter->run()
#11 C:\xampp\htdocs\perpus\system\Boot.php(68): CodeIgniter\Boot::runCodeIgniter(Object(CodeIgniter\CodeIgniter))
#12 C:\xampp\htdocs\perpus\index.php(59): CodeIgniter\Boot::bootWeb(Object(Config\Paths))
#13 {main}
CRITICAL - 2026-04-25 09:34:30 --> CodeIgniter\Database\Exceptions\DatabaseException: Unknown column 'denda.denda' in 'field list'
[Method: GET, Route: peminjaman]
in SYSTEMPATH\Database\BaseConnection.php on line 684.
 1 SYSTEMPATH\Database\BaseBuilder.php(1649): CodeIgniter\Database\BaseConnection->query('SELECT `peminjaman`.*, `u1`.`nama` as `nama_user`, `buku`.`judul`, `denda`.`denda` as `jumlah_denda`
FROM `peminjaman`
JOIN `users` as `u1` ON `u1`.`id` = `peminjaman`.`id_user`
JOIN `buku` ON `buku`.`id_buku` = `peminjaman`.`id_buku`
LEFT JOIN `denda` ON `denda`.`id_pinjam` = `peminjaman`.`id_pinjam`
ORDER BY `peminjaman`.`id_pinjam` DESC', [], false)
 2 SYSTEMPATH\Model.php(286): CodeIgniter\Database\BaseBuilder->get()
 3 SYSTEMPATH\BaseModel.php(677): CodeIgniter\Model->doFindAll(0, 0)
 4 APPPATH\Controllers\peminjaman.php(42): CodeIgniter\BaseModel->findAll()
 5 SYSTEMPATH\CodeIgniter.php(933): App\Controllers\Peminjaman->index()
 6 SYSTEMPATH\CodeIgniter.php(507): CodeIgniter\CodeIgniter->runController(Object(App\Controllers\Peminjaman))
 7 SYSTEMPATH\CodeIgniter.php(354): CodeIgniter\CodeIgniter->handleRequest(null, Object(Config\Cache), false)
 8 SYSTEMPATH\Boot.php(363): CodeIgniter\CodeIgniter->run()
 9 SYSTEMPATH\Boot.php(68): CodeIgniter\Boot::runCodeIgniter(Object(CodeIgniter\CodeIgniter))
10 FCPATH\index.php(59): CodeIgniter\Boot::bootWeb(Object(Config\Paths))
CRITICAL - 2026-04-25 09:34:30 --> [Caused by] CodeIgniter\Database\Exceptions\DatabaseException: Unknown column 'denda.denda' in 'field list'
in SYSTEMPATH\Database\MySQLi\Connection.php on line 332.
 1 SYSTEMPATH\Database\BaseConnection.php(729): CodeIgniter\Database\MySQLi\Connection->execute('SELECT `peminjaman`.*, `u1`.`nama` as `nama_user`, `buku`.`judul`, `denda`.`denda` as `jumlah_denda`
FROM `peminjaman`
JOIN `users` as `u1` ON `u1`.`id` = `peminjaman`.`id_user`
JOIN `buku` ON `buku`.`id_buku` = `peminjaman`.`id_buku`
LEFT JOIN `denda` ON `denda`.`id_pinjam` = `peminjaman`.`id_pinjam`
ORDER BY `peminjaman`.`id_pinjam` DESC')
 2 SYSTEMPATH\Database\BaseConnection.php(646): CodeIgniter\Database\BaseConnection->simpleQuery('SELECT `peminjaman`.*, `u1`.`nama` as `nama_user`, `buku`.`judul`, `denda`.`denda` as `jumlah_denda`
FROM `peminjaman`
JOIN `users` as `u1` ON `u1`.`id` = `peminjaman`.`id_user`
JOIN `buku` ON `buku`.`id_buku` = `peminjaman`.`id_buku`
LEFT JOIN `denda` ON `denda`.`id_pinjam` = `peminjaman`.`id_pinjam`
ORDER BY `peminjaman`.`id_pinjam` DESC')
 3 SYSTEMPATH\Database\BaseBuilder.php(1649): CodeIgniter\Database\BaseConnection->query('SELECT `peminjaman`.*, `u1`.`nama` as `nama_user`, `buku`.`judul`, `denda`.`denda` as `jumlah_denda`
FROM `peminjaman`
JOIN `users` as `u1` ON `u1`.`id` = `peminjaman`.`id_user`
JOIN `buku` ON `buku`.`id_buku` = `peminjaman`.`id_buku`
LEFT JOIN `denda` ON `denda`.`id_pinjam` = `peminjaman`.`id_pinjam`
ORDER BY `peminjaman`.`id_pinjam` DESC', [], false)
 4 SYSTEMPATH\Model.php(286): CodeIgniter\Database\BaseBuilder->get()
 5 SYSTEMPATH\BaseModel.php(677): CodeIgniter\Model->doFindAll(0, 0)
 6 APPPATH\Controllers\peminjaman.php(42): CodeIgniter\BaseModel->findAll()
 7 SYSTEMPATH\CodeIgniter.php(933): App\Controllers\Peminjaman->index()
 8 SYSTEMPATH\CodeIgniter.php(507): CodeIgniter\CodeIgniter->runController(Object(App\Controllers\Peminjaman))
 9 SYSTEMPATH\CodeIgniter.php(354): CodeIgniter\CodeIgniter->handleRequest(null, Object(Config\Cache), false)
10 SYSTEMPATH\Boot.php(363): CodeIgniter\CodeIgniter->run()
11 SYSTEMPATH\Boot.php(68): CodeIgniter\Boot::runCodeIgniter(Object(CodeIgniter\CodeIgniter))
12 FCPATH\index.php(59): CodeIgniter\Boot::bootWeb(Object(Config\Paths))
CRITICAL - 2026-04-25 09:34:30 --> [Caused by] mysqli_sql_exception: Unknown column 'denda.denda' in 'field list'
in SYSTEMPATH\Database\MySQLi\Connection.php on line 327.
 1 SYSTEMPATH\Database\MySQLi\Connection.php(327): mysqli->query('SELECT `peminjaman`.*, `u1`.`nama` as `nama_user`, `buku`.`judul`, `denda`.`denda` as `jumlah_denda`
FROM `peminjaman`
JOIN `users` as `u1` ON `u1`.`id` = `peminjaman`.`id_user`
JOIN `buku` ON `buku`.`id_buku` = `peminjaman`.`id_buku`
LEFT JOIN `denda` ON `denda`.`id_pinjam` = `peminjaman`.`id_pinjam`
ORDER BY `peminjaman`.`id_pinjam` DESC', 0)
 2 SYSTEMPATH\Database\BaseConnection.php(729): CodeIgniter\Database\MySQLi\Connection->execute('SELECT `peminjaman`.*, `u1`.`nama` as `nama_user`, `buku`.`judul`, `denda`.`denda` as `jumlah_denda`
FROM `peminjaman`
JOIN `users` as `u1` ON `u1`.`id` = `peminjaman`.`id_user`
JOIN `buku` ON `buku`.`id_buku` = `peminjaman`.`id_buku`
LEFT JOIN `denda` ON `denda`.`id_pinjam` = `peminjaman`.`id_pinjam`
ORDER BY `peminjaman`.`id_pinjam` DESC')
 3 SYSTEMPATH\Database\BaseConnection.php(646): CodeIgniter\Database\BaseConnection->simpleQuery('SELECT `peminjaman`.*, `u1`.`nama` as `nama_user`, `buku`.`judul`, `denda`.`denda` as `jumlah_denda`
FROM `peminjaman`
JOIN `users` as `u1` ON `u1`.`id` = `peminjaman`.`id_user`
JOIN `buku` ON `buku`.`id_buku` = `peminjaman`.`id_buku`
LEFT JOIN `denda` ON `denda`.`id_pinjam` = `peminjaman`.`id_pinjam`
ORDER BY `peminjaman`.`id_pinjam` DESC')
 4 SYSTEMPATH\Database\BaseBuilder.php(1649): CodeIgniter\Database\BaseConnection->query('SELECT `peminjaman`.*, `u1`.`nama` as `nama_user`, `buku`.`judul`, `denda`.`denda` as `jumlah_denda`
FROM `peminjaman`
JOIN `users` as `u1` ON `u1`.`id` = `peminjaman`.`id_user`
JOIN `buku` ON `buku`.`id_buku` = `peminjaman`.`id_buku`
LEFT JOIN `denda` ON `denda`.`id_pinjam` = `peminjaman`.`id_pinjam`
ORDER BY `peminjaman`.`id_pinjam` DESC', [], false)
 5 SYSTEMPATH\Model.php(286): CodeIgniter\Database\BaseBuilder->get()
 6 SYSTEMPATH\BaseModel.php(677): CodeIgniter\Model->doFindAll(0, 0)
 7 APPPATH\Controllers\peminjaman.php(42): CodeIgniter\BaseModel->findAll()
 8 SYSTEMPATH\CodeIgniter.php(933): App\Controllers\Peminjaman->index()
 9 SYSTEMPATH\CodeIgniter.php(507): CodeIgniter\CodeIgniter->runController(Object(App\Controllers\Peminjaman))
10 SYSTEMPATH\CodeIgniter.php(354): CodeIgniter\CodeIgniter->handleRequest(null, Object(Config\Cache), false)
11 SYSTEMPATH\Boot.php(363): CodeIgniter\CodeIgniter->run()
12 SYSTEMPATH\Boot.php(68): CodeIgniter\Boot::runCodeIgniter(Object(CodeIgniter\CodeIgniter))
13 FCPATH\index.php(59): CodeIgniter\Boot::bootWeb(Object(Config\Paths))
DEBUG - 2026-04-25 09:34:33 --> Session: Class initialized using 'CodeIgniter\Session\Handlers\FileHandler' driver.
ERROR - 2026-04-25 09:34:33 --> mysqli_sql_exception: Unknown column 'peminjaman.id_user' in 'field list' in C:\xampp\htdocs\perpus\system\Database\MySQLi\Connection.php:327
Stack trace:
#0 C:\xampp\htdocs\perpus\system\Database\MySQLi\Connection.php(327): mysqli->query('SELECT `denda`....', 0)
#1 C:\xampp\htdocs\perpus\system\Database\BaseConnection.php(729): CodeIgniter\Database\MySQLi\Connection->execute('SELECT `denda`....')
#2 C:\xampp\htdocs\perpus\system\Database\BaseConnection.php(646): CodeIgniter\Database\BaseConnection->simpleQuery('SELECT `denda`....')
#3 C:\xampp\htdocs\perpus\system\Database\BaseBuilder.php(1649): CodeIgniter\Database\BaseConnection->query('SELECT `denda`....', Array, false)
#4 C:\xampp\htdocs\perpus\system\Model.php(286): CodeIgniter\Database\BaseBuilder->get()
#5 C:\xampp\htdocs\perpus\system\BaseModel.php(677): CodeIgniter\Model->doFindAll(0, 0)
#6 C:\xampp\htdocs\perpus\app\Controllers\Denda.php(71): CodeIgniter\BaseModel->findAll()
#7 C:\xampp\htdocs\perpus\system\CodeIgniter.php(933): App\Controllers\Denda->admin()
#8 C:\xampp\htdocs\perpus\system\CodeIgniter.php(507): CodeIgniter\CodeIgniter->runController(Object(App\Controllers\Denda))
#9 C:\xampp\htdocs\perpus\system\CodeIgniter.php(354): CodeIgniter\CodeIgniter->handleRequest(NULL, Object(Config\Cache), false)
#10 C:\xampp\htdocs\perpus\system\Boot.php(363): CodeIgniter\CodeIgniter->run()
#11 C:\xampp\htdocs\perpus\system\Boot.php(68): CodeIgniter\Boot::runCodeIgniter(Object(CodeIgniter\CodeIgniter))
#12 C:\xampp\htdocs\perpus\index.php(59): CodeIgniter\Boot::bootWeb(Object(Config\Paths))
#13 {main}
CRITICAL - 2026-04-25 09:34:33 --> CodeIgniter\Database\Exceptions\DatabaseException: Unknown column 'peminjaman.id_user' in 'field list'
[Method: GET, Route: admin/denda]
in SYSTEMPATH\Database\BaseConnection.php on line 684.
 1 SYSTEMPATH\Database\BaseBuilder.php(1649): CodeIgniter\Database\BaseConnection->query('SELECT `denda`.*, `peminjaman`.`id_user`
FROM `denda`
JOIN `peminjaman` ON `peminjaman`.`id_pinjam` = `denda`.`id_pinjam`', [], false)
 2 SYSTEMPATH\Model.php(286): CodeIgniter\Database\BaseBuilder->get()
 3 SYSTEMPATH\BaseModel.php(677): CodeIgniter\Model->doFindAll(0, 0)
 4 APPPATH\Controllers\Denda.php(71): CodeIgniter\BaseModel->findAll()
 5 SYSTEMPATH\CodeIgniter.php(933): App\Controllers\Denda->admin()
 6 SYSTEMPATH\CodeIgniter.php(507): CodeIgniter\CodeIgniter->runController(Object(App\Controllers\Denda))
 7 SYSTEMPATH\CodeIgniter.php(354): CodeIgniter\CodeIgniter->handleRequest(null, Object(Config\Cache), false)
 8 SYSTEMPATH\Boot.php(363): CodeIgniter\CodeIgniter->run()
 9 SYSTEMPATH\Boot.php(68): CodeIgniter\Boot::runCodeIgniter(Object(CodeIgniter\CodeIgniter))
10 FCPATH\index.php(59): CodeIgniter\Boot::bootWeb(Object(Config\Paths))
CRITICAL - 2026-04-25 09:34:33 --> [Caused by] CodeIgniter\Database\Exceptions\DatabaseException: Unknown column 'peminjaman.id_user' in 'field list'
in SYSTEMPATH\Database\MySQLi\Connection.php on line 332.
 1 SYSTEMPATH\Database\BaseConnection.php(729): CodeIgniter\Database\MySQLi\Connection->execute('SELECT `denda`.*, `peminjaman`.`id_user`
FROM `denda`
JOIN `peminjaman` ON `peminjaman`.`id_pinjam` = `denda`.`id_pinjam`')
 2 SYSTEMPATH\Database\BaseConnection.php(646): CodeIgniter\Database\BaseConnection->simpleQuery('SELECT `denda`.*, `peminjaman`.`id_user`
FROM `denda`
JOIN `peminjaman` ON `peminjaman`.`id_pinjam` = `denda`.`id_pinjam`')
 3 SYSTEMPATH\Database\BaseBuilder.php(1649): CodeIgniter\Database\BaseConnection->query('SELECT `denda`.*, `peminjaman`.`id_user`
FROM `denda`
JOIN `peminjaman` ON `peminjaman`.`id_pinjam` = `denda`.`id_pinjam`', [], false)
 4 SYSTEMPATH\Model.php(286): CodeIgniter\Database\BaseBuilder->get()
 5 SYSTEMPATH\BaseModel.php(677): CodeIgniter\Model->doFindAll(0, 0)
 6 APPPATH\Controllers\Denda.php(71): CodeIgniter\BaseModel->findAll()
 7 SYSTEMPATH\CodeIgniter.php(933): App\Controllers\Denda->admin()
 8 SYSTEMPATH\CodeIgniter.php(507): CodeIgniter\CodeIgniter->runController(Object(App\Controllers\Denda))
 9 SYSTEMPATH\CodeIgniter.php(354): CodeIgniter\CodeIgniter->handleRequest(null, Object(Config\Cache), false)
10 SYSTEMPATH\Boot.php(363): CodeIgniter\CodeIgniter->run()
11 SYSTEMPATH\Boot.php(68): CodeIgniter\Boot::runCodeIgniter(Object(CodeIgniter\CodeIgniter))
12 FCPATH\index.php(59): CodeIgniter\Boot::bootWeb(Object(Config\Paths))
CRITICAL - 2026-04-25 09:34:33 --> [Caused by] mysqli_sql_exception: Unknown column 'peminjaman.id_user' in 'field list'
in SYSTEMPATH\Database\MySQLi\Connection.php on line 327.
 1 SYSTEMPATH\Database\MySQLi\Connection.php(327): mysqli->query('SELECT `denda`.*, `peminjaman`.`id_user`
FROM `denda`
JOIN `peminjaman` ON `peminjaman`.`id_pinjam` = `denda`.`id_pinjam`', 0)
 2 SYSTEMPATH\Database\BaseConnection.php(729): CodeIgniter\Database\MySQLi\Connection->execute('SELECT `denda`.*, `peminjaman`.`id_user`
FROM `denda`
JOIN `peminjaman` ON `peminjaman`.`id_pinjam` = `denda`.`id_pinjam`')
 3 SYSTEMPATH\Database\BaseConnection.php(646): CodeIgniter\Database\BaseConnection->simpleQuery('SELECT `denda`.*, `peminjaman`.`id_user`
FROM `denda`
JOIN `peminjaman` ON `peminjaman`.`id_pinjam` = `denda`.`id_pinjam`')
 4 SYSTEMPATH\Database\BaseBuilder.php(1649): CodeIgniter\Database\BaseConnection->query('SELECT `denda`.*, `peminjaman`.`id_user`
FROM `denda`
JOIN `peminjaman` ON `peminjaman`.`id_pinjam` = `denda`.`id_pinjam`', [], false)
 5 SYSTEMPATH\Model.php(286): CodeIgniter\Database\BaseBuilder->get()
 6 SYSTEMPATH\BaseModel.php(677): CodeIgniter\Model->doFindAll(0, 0)
 7 APPPATH\Controllers\Denda.php(71): CodeIgniter\BaseModel->findAll()
 8 SYSTEMPATH\CodeIgniter.php(933): App\Controllers\Denda->admin()
 9 SYSTEMPATH\CodeIgniter.php(507): CodeIgniter\CodeIgniter->runController(Object(App\Controllers\Denda))
10 SYSTEMPATH\CodeIgniter.php(354): CodeIgniter\CodeIgniter->handleRequest(null, Object(Config\Cache), false)
11 SYSTEMPATH\Boot.php(363): CodeIgniter\CodeIgniter->run()
12 SYSTEMPATH\Boot.php(68): CodeIgniter\Boot::runCodeIgniter(Object(CodeIgniter\CodeIgniter))
13 FCPATH\index.php(59): CodeIgniter\Boot::bootWeb(Object(Config\Paths))
DEBUG - 2026-04-25 09:34:36 --> Session: Class initialized using 'CodeIgniter\Session\Handlers\FileHandler' driver.
CRITICAL - 2026-04-25 09:34:36 --> ParseError: syntax error, unexpected variable "$user", expecting "," or ";"
[Method: GET, Route: users]
in APPPATH\Views\users\index.php on line 115.
 1 SYSTEMPATH\View\View.php(229): CodeIgniter\View\View->CodeIgniter\View\{closure}()
 2 SYSTEMPATH\Common.php(1167): CodeIgniter\View\View->render('users/index', [], true)
 3 APPPATH\Controllers\Users.php(61): view('users/index', [...])
 4 SYSTEMPATH\CodeIgniter.php(933): App\Controllers\Users->index()
 5 SYSTEMPATH\CodeIgniter.php(507): CodeIgniter\CodeIgniter->runController(Object(App\Controllers\Users))
 6 SYSTEMPATH\CodeIgniter.php(354): CodeIgniter\CodeIgniter->handleRequest(null, Object(Config\Cache), false)
 7 SYSTEMPATH\Boot.php(363): CodeIgniter\CodeIgniter->run()
 8 SYSTEMPATH\Boot.php(68): CodeIgniter\Boot::runCodeIgniter(Object(CodeIgniter\CodeIgniter))
 9 FCPATH\index.php(59): CodeIgniter\Boot::bootWeb(Object(Config\Paths))
DEBUG - 2026-04-25 09:34:42 --> Session: Class initialized using 'CodeIgniter\Session\Handlers\FileHandler' driver.
DEBUG - 2026-04-25 09:34:52 --> Session: Class initialized using 'CodeIgniter\Session\Handlers\FileHandler' driver.
ERROR - 2026-04-25 09:34:52 --> mysqli_sql_exception: Unknown column 'penulis' in 'field list' in C:\xampp\htdocs\perpus\system\Database\MySQLi\Connection.php:327
Stack trace:
#0 C:\xampp\htdocs\perpus\system\Database\MySQLi\Connection.php(327): mysqli->query('INSERT INTO `bu...', 0)
#1 C:\xampp\htdocs\perpus\system\Database\BaseConnection.php(729): CodeIgniter\Database\MySQLi\Connection->execute('INSERT INTO `bu...')
#2 C:\xampp\htdocs\perpus\system\Database\BaseConnection.php(646): CodeIgniter\Database\BaseConnection->simpleQuery('INSERT INTO `bu...')
#3 C:\xampp\htdocs\perpus\system\Database\BaseBuilder.php(2345): CodeIgniter\Database\BaseConnection->query('INSERT INTO `bu...', Array, false)
#4 C:\xampp\htdocs\perpus\system\Model.php(394): CodeIgniter\Database\BaseBuilder->insert()
#5 C:\xampp\htdocs\perpus\system\BaseModel.php(838): CodeIgniter\Model->doInsert(Array)
#6 C:\xampp\htdocs\perpus\system\Model.php(797): CodeIgniter\BaseModel->insert(Array, false)
#7 C:\xampp\htdocs\perpus\system\BaseModel.php(751): CodeIgniter\Model->insert(Array, false)
#8 C:\xampp\htdocs\perpus\app\Controllers\Buku.php(57): CodeIgniter\BaseModel->save(Array)
#9 C:\xampp\htdocs\perpus\system\CodeIgniter.php(933): App\Controllers\Buku->store()
#10 C:\xampp\htdocs\perpus\system\CodeIgniter.php(507): CodeIgniter\CodeIgniter->runController(Object(App\Controllers\Buku))
#11 C:\xampp\htdocs\perpus\system\CodeIgniter.php(354): CodeIgniter\CodeIgniter->handleRequest(NULL, Object(Config\Cache), false)
#12 C:\xampp\htdocs\perpus\system\Boot.php(363): CodeIgniter\CodeIgniter->run()
#13 C:\xampp\htdocs\perpus\system\Boot.php(68): CodeIgniter\Boot::runCodeIgniter(Object(CodeIgniter\CodeIgniter))
#14 C:\xampp\htdocs\perpus\index.php(59): CodeIgniter\Boot::bootWeb(Object(Config\Paths))
#15 {main}
CRITICAL - 2026-04-25 09:34:52 --> CodeIgniter\Database\Exceptions\DatabaseException: Unknown column 'penulis' in 'field list'
[Method: POST, Route: buku/store]
in SYSTEMPATH\Database\BaseConnection.php on line 684.
 1 SYSTEMPATH\Database\BaseBuilder.php(2345): CodeIgniter\Database\BaseConnection->query('INSERT INTO `buku` (`judul`, `penulis`, `penerbit`, `tahun`, `stok`, `cover`) VALUES (:judul:, :penulis:, :penerbit:, :tahun:, :stok:, :cover:)', [...], false)
 2 SYSTEMPATH\Model.php(394): CodeIgniter\Database\BaseBuilder->insert()
 3 SYSTEMPATH\BaseModel.php(838): CodeIgniter\Model->doInsert([...])
 4 SYSTEMPATH\Model.php(797): CodeIgniter\BaseModel->insert([...], false)
 5 SYSTEMPATH\BaseModel.php(751): CodeIgniter\Model->insert([...], false)
 6 APPPATH\Controllers\Buku.php(57): CodeIgniter\BaseModel->save([...])
 7 SYSTEMPATH\CodeIgniter.php(933): App\Controllers\Buku->store()
 8 SYSTEMPATH\CodeIgniter.php(507): CodeIgniter\CodeIgniter->runController(Object(App\Controllers\Buku))
 9 SYSTEMPATH\CodeIgniter.php(354): CodeIgniter\CodeIgniter->handleRequest(null, Object(Config\Cache), false)
10 SYSTEMPATH\Boot.php(363): CodeIgniter\CodeIgniter->run()
11 SYSTEMPATH\Boot.php(68): CodeIgniter\Boot::runCodeIgniter(Object(CodeIgniter\CodeIgniter))
12 FCPATH\index.php(59): CodeIgniter\Boot::bootWeb(Object(Config\Paths))
CRITICAL - 2026-04-25 09:34:52 --> [Caused by] CodeIgniter\Database\Exceptions\DatabaseException: Unknown column 'penulis' in 'field list'
in SYSTEMPATH\Database\MySQLi\Connection.php on line 332.
 1 SYSTEMPATH\Database\BaseConnection.php(729): CodeIgniter\Database\MySQLi\Connection->execute('INSERT INTO `buku` (`judul`, `penulis`, `penerbit`, `tahun`, `stok`, `cover`) VALUES (\'first sight\', \'c\', \'z\', \'5\', \'4\', \'default.jpg\')')
 2 SYSTEMPATH\Database\BaseConnection.php(646): CodeIgniter\Database\BaseConnection->simpleQuery('INSERT INTO `buku` (`judul`, `penulis`, `penerbit`, `tahun`, `stok`, `cover`) VALUES (\'first sight\', \'c\', \'z\', \'5\', \'4\', \'default.jpg\')')
 3 SYSTEMPATH\Database\BaseBuilder.php(2345): CodeIgniter\Database\BaseConnection->query('INSERT INTO `buku` (`judul`, `penulis`, `penerbit`, `tahun`, `stok`, `cover`) VALUES (:judul:, :penulis:, :penerbit:, :tahun:, :stok:, :cover:)', [...], false)
 4 SYSTEMPATH\Model.php(394): CodeIgniter\Database\BaseBuilder->insert()
 5 SYSTEMPATH\BaseModel.php(838): CodeIgniter\Model->doInsert([...])
 6 SYSTEMPATH\Model.php(797): CodeIgniter\BaseModel->insert([...], false)
 7 SYSTEMPATH\BaseModel.php(751): CodeIgniter\Model->insert([...], false)
 8 APPPATH\Controllers\Buku.php(57): CodeIgniter\BaseModel->save([...])
 9 SYSTEMPATH\CodeIgniter.php(933): App\Controllers\Buku->store()
10 SYSTEMPATH\CodeIgniter.php(507): CodeIgniter\CodeIgniter->runController(Object(App\Controllers\Buku))
11 SYSTEMPATH\CodeIgniter.php(354): CodeIgniter\CodeIgniter->handleRequest(null, Object(Config\Cache), false)
12 SYSTEMPATH\Boot.php(363): CodeIgniter\CodeIgniter->run()
13 SYSTEMPATH\Boot.php(68): CodeIgniter\Boot::runCodeIgniter(Object(CodeIgniter\CodeIgniter))
14 FCPATH\index.php(59): CodeIgniter\Boot::bootWeb(Object(Config\Paths))
CRITICAL - 2026-04-25 09:34:52 --> [Caused by] mysqli_sql_exception: Unknown column 'penulis' in 'field list'
in SYSTEMPATH\Database\MySQLi\Connection.php on line 327.
 1 SYSTEMPATH\Database\MySQLi\Connection.php(327): mysqli->query('INSERT INTO `buku` (`judul`, `penulis`, `penerbit`, `tahun`, `stok`, `cover`) VALUES (\'first sight\', \'c\', \'z\', \'5\', \'4\', \'default.jpg\')', 0)
 2 SYSTEMPATH\Database\BaseConnection.php(729): CodeIgniter\Database\MySQLi\Connection->execute('INSERT INTO `buku` (`judul`, `penulis`, `penerbit`, `tahun`, `stok`, `cover`) VALUES (\'first sight\', \'c\', \'z\', \'5\', \'4\', \'default.jpg\')')
 3 SYSTEMPATH\Database\BaseConnection.php(646): CodeIgniter\Database\BaseConnection->simpleQuery('INSERT INTO `buku` (`judul`, `penulis`, `penerbit`, `tahun`, `stok`, `cover`) VALUES (\'first sight\', \'c\', \'z\', \'5\', \'4\', \'default.jpg\')')
 4 SYSTEMPATH\Database\BaseBuilder.php(2345): CodeIgniter\Database\BaseConnection->query('INSERT INTO `buku` (`judul`, `penulis`, `penerbit`, `tahun`, `stok`, `cover`) VALUES (:judul:, :penulis:, :penerbit:, :tahun:, :stok:, :cover:)', [...], false)
 5 SYSTEMPATH\Model.php(394): CodeIgniter\Database\BaseBuilder->insert()
 6 SYSTEMPATH\BaseModel.php(838): CodeIgniter\Model->doInsert([...])
 7 SYSTEMPATH\Model.php(797): CodeIgniter\BaseModel->insert([...], false)
 8 SYSTEMPATH\BaseModel.php(751): CodeIgniter\Model->insert([...], false)
 9 APPPATH\Controllers\Buku.php(57): CodeIgniter\BaseModel->save([...])
10 SYSTEMPATH\CodeIgniter.php(933): App\Controllers\Buku->store()
11 SYSTEMPATH\CodeIgniter.php(507): CodeIgniter\CodeIgniter->runController(Object(App\Controllers\Buku))
12 SYSTEMPATH\CodeIgniter.php(354): CodeIgniter\CodeIgniter->handleRequest(null, Object(Config\Cache), false)
13 SYSTEMPATH\Boot.php(363): CodeIgniter\CodeIgniter->run()
14 SYSTEMPATH\Boot.php(68): CodeIgniter\Boot::runCodeIgniter(Object(CodeIgniter\CodeIgniter))
15 FCPATH\index.php(59): CodeIgniter\Boot::bootWeb(Object(Config\Paths))
DEBUG - 2026-04-25 10:49:58 --> Session: Class initialized using 'CodeIgniter\Session\Handlers\FileHandler' driver.
DEBUG - 2026-04-25 10:50:02 --> Session: Class initialized using 'CodeIgniter\Session\Handlers\FileHandler' driver.
DEBUG - 2026-04-25 10:50:02 --> Session: Class initialized using 'CodeIgniter\Session\Handlers\FileHandler' driver.
DEBUG - 2026-04-25 10:50:04 --> Session: Class initialized using 'CodeIgniter\Session\Handlers\FileHandler' driver.
ERROR - 2026-04-25 10:50:19 --> mysqli_sql_exception: Unknown column 'foto' in 'field list' in C:\xampp\htdocs\perpus\system\Database\MySQLi\Connection.php:327
Stack trace:
#0 C:\xampp\htdocs\perpus\system\Database\MySQLi\Connection.php(327): mysqli->query('INSERT INTO `pe...', 0)
#1 C:\xampp\htdocs\perpus\system\Database\BaseConnection.php(729): CodeIgniter\Database\MySQLi\Connection->execute('INSERT INTO `pe...')
#2 C:\xampp\htdocs\perpus\system\Database\BaseConnection.php(646): CodeIgniter\Database\BaseConnection->simpleQuery('INSERT INTO `pe...')
#3 C:\xampp\htdocs\perpus\system\Database\BaseBuilder.php(2345): CodeIgniter\Database\BaseConnection->query('INSERT INTO `pe...', Array, false)
#4 C:\xampp\htdocs\perpus\system\Model.php(394): CodeIgniter\Database\BaseBuilder->insert()
#5 C:\xampp\htdocs\perpus\system\BaseModel.php(838): CodeIgniter\Model->doInsert(Array)
#6 C:\xampp\htdocs\perpus\system\Model.php(797): CodeIgniter\BaseModel->insert(Array, false)
#7 C:\xampp\htdocs\perpus\system\BaseModel.php(751): CodeIgniter\Model->insert(Array, false)
#8 C:\xampp\htdocs\perpus\app\Controllers\peminjaman.php(54): CodeIgniter\BaseModel->save(Array)
#9 C:\xampp\htdocs\perpus\system\CodeIgniter.php(933): App\Controllers\Peminjaman->store()
#10 C:\xampp\htdocs\perpus\system\CodeIgniter.php(507): CodeIgniter\CodeIgniter->runController(Object(App\Controllers\Peminjaman))
#11 C:\xampp\htdocs\perpus\system\CodeIgniter.php(354): CodeIgniter\CodeIgniter->handleRequest(NULL, Object(Config\Cache), false)
#12 C:\xampp\htdocs\perpus\system\Boot.php(363): CodeIgniter\CodeIgniter->run()
#13 C:\xampp\htdocs\perpus\system\Boot.php(68): CodeIgniter\Boot::runCodeIgniter(Object(CodeIgniter\CodeIgniter))
#14 C:\xampp\htdocs\perpus\index.php(59): CodeIgniter\Boot::bootWeb(Object(Config\Paths))
#15 {main}
CRITICAL - 2026-04-25 10:50:19 --> CodeIgniter\Database\Exceptions\DatabaseException: Unknown column 'foto' in 'field list'
[Method: POST, Route: peminjaman/store]
in SYSTEMPATH\Database\BaseConnection.php on line 684.
 1 SYSTEMPATH\Database\BaseBuilder.php(2345): CodeIgniter\Database\BaseConnection->query('INSERT INTO `peminjaman` (`id_buku`, `tanggal_pinjam`, `tanggal_kembali`, `status`, `id_anggota`, `id_petugas`, `foto`) VALUES (:id_buku:, :tanggal_pinjam:, :tanggal_kembali:, :status:, :id_anggota:, :id_petugas:, :foto:)', [...], false)
 2 SYSTEMPATH\Model.php(394): CodeIgniter\Database\BaseBuilder->insert()
 3 SYSTEMPATH\BaseModel.php(838): CodeIgniter\Model->doInsert([...])
 4 SYSTEMPATH\Model.php(797): CodeIgniter\BaseModel->insert([...], false)
 5 SYSTEMPATH\BaseModel.php(751): CodeIgniter\Model->insert([...], false)
 6 APPPATH\Controllers\peminjaman.php(54): CodeIgniter\BaseModel->save([...])
 7 SYSTEMPATH\CodeIgniter.php(933): App\Controllers\Peminjaman->store()
 8 SYSTEMPATH\CodeIgniter.php(507): CodeIgniter\CodeIgniter->runController(Object(App\Controllers\Peminjaman))
 9 SYSTEMPATH\CodeIgniter.php(354): CodeIgniter\CodeIgniter->handleRequest(null, Object(Config\Cache), false)
10 SYSTEMPATH\Boot.php(363): CodeIgniter\CodeIgniter->run()
11 SYSTEMPATH\Boot.php(68): CodeIgniter\Boot::runCodeIgniter(Object(CodeIgniter\CodeIgniter))
12 FCPATH\index.php(59): CodeIgniter\Boot::bootWeb(Object(Config\Paths))
CRITICAL - 2026-04-25 10:50:19 --> [Caused by] CodeIgniter\Database\Exceptions\DatabaseException: Unknown column 'foto' in 'field list'
in SYSTEMPATH\Database\MySQLi\Connection.php on line 332.
 1 SYSTEMPATH\Database\BaseConnection.php(729): CodeIgniter\Database\MySQLi\Connection->execute('INSERT INTO `peminjaman` (`id_buku`, `tanggal_pinjam`, `tanggal_kembali`, `status`, `id_anggota`, `id_petugas`, `foto`) VALUES (\'36\', \'2026-04-03\', \'2026-04-04\', \'dipinjam\', \'9\', \'8\', \'1777114219_4066f998e9bdb28e79e9.jpg\')')
 2 SYSTEMPATH\Database\BaseConnection.php(646): CodeIgniter\Database\BaseConnection->simpleQuery('INSERT INTO `peminjaman` (`id_buku`, `tanggal_pinjam`, `tanggal_kembali`, `status`, `id_anggota`, `id_petugas`, `foto`) VALUES (\'36\', \'2026-04-03\', \'2026-04-04\', \'dipinjam\', \'9\', \'8\', \'1777114219_4066f998e9bdb28e79e9.jpg\')')
 3 SYSTEMPATH\Database\BaseBuilder.php(2345): CodeIgniter\Database\BaseConnection->query('INSERT INTO `peminjaman` (`id_buku`, `tanggal_pinjam`, `tanggal_kembali`, `status`, `id_anggota`, `id_petugas`, `foto`) VALUES (:id_buku:, :tanggal_pinjam:, :tanggal_kembali:, :status:, :id_anggota:, :id_petugas:, :foto:)', [...], false)
 4 SYSTEMPATH\Model.php(394): CodeIgniter\Database\BaseBuilder->insert()
 5 SYSTEMPATH\BaseModel.php(838): CodeIgniter\Model->doInsert([...])
 6 SYSTEMPATH\Model.php(797): CodeIgniter\BaseModel->insert([...], false)
 7 SYSTEMPATH\BaseModel.php(751): CodeIgniter\Model->insert([...], false)
 8 APPPATH\Controllers\peminjaman.php(54): CodeIgniter\BaseModel->save([...])
 9 SYSTEMPATH\CodeIgniter.php(933): App\Controllers\Peminjaman->store()
10 SYSTEMPATH\CodeIgniter.php(507): CodeIgniter\CodeIgniter->runController(Object(App\Controllers\Peminjaman))
11 SYSTEMPATH\CodeIgniter.php(354): CodeIgniter\CodeIgniter->handleRequest(null, Object(Config\Cache), false)
12 SYSTEMPATH\Boot.php(363): CodeIgniter\CodeIgniter->run()
13 SYSTEMPATH\Boot.php(68): CodeIgniter\Boot::runCodeIgniter(Object(CodeIgniter\CodeIgniter))
14 FCPATH\index.php(59): CodeIgniter\Boot::bootWeb(Object(Config\Paths))
CRITICAL - 2026-04-25 10:50:19 --> [Caused by] mysqli_sql_exception: Unknown column 'foto' in 'field list'
in SYSTEMPATH\Database\MySQLi\Connection.php on line 327.
 1 SYSTEMPATH\Database\MySQLi\Connection.php(327): mysqli->query('INSERT INTO `peminjaman` (`id_buku`, `tanggal_pinjam`, `tanggal_kembali`, `status`, `id_anggota`, `id_petugas`, `foto`) VALUES (\'36\', \'2026-04-03\', \'2026-04-04\', \'dipinjam\', \'9\', \'8\', \'1777114219_4066f998e9bdb28e79e9.jpg\')', 0)
 2 SYSTEMPATH\Database\BaseConnection.php(729): CodeIgniter\Database\MySQLi\Connection->execute('INSERT INTO `peminjaman` (`id_buku`, `tanggal_pinjam`, `tanggal_kembali`, `status`, `id_anggota`, `id_petugas`, `foto`) VALUES (\'36\', \'2026-04-03\', \'2026-04-04\', \'dipinjam\', \'9\', \'8\', \'1777114219_4066f998e9bdb28e79e9.jpg\')')
 3 SYSTEMPATH\Database\BaseConnection.php(646): CodeIgniter\Database\BaseConnection->simpleQuery('INSERT INTO `peminjaman` (`id_buku`, `tanggal_pinjam`, `tanggal_kembali`, `status`, `id_anggota`, `id_petugas`, `foto`) VALUES (\'36\', \'2026-04-03\', \'2026-04-04\', \'dipinjam\', \'9\', \'8\', \'1777114219_4066f998e9bdb28e79e9.jpg\')')
 4 SYSTEMPATH\Database\BaseBuilder.php(2345): CodeIgniter\Database\BaseConnection->query('INSERT INTO `peminjaman` (`id_buku`, `tanggal_pinjam`, `tanggal_kembali`, `status`, `id_anggota`, `id_petugas`, `foto`) VALUES (:id_buku:, :tanggal_pinjam:, :tanggal_kembali:, :status:, :id_anggota:, :id_petugas:, :foto:)', [...], false)
 5 SYSTEMPATH\Model.php(394): CodeIgniter\Database\BaseBuilder->insert()
 6 SYSTEMPATH\BaseModel.php(838): CodeIgniter\Model->doInsert([...])
 7 SYSTEMPATH\Model.php(797): CodeIgniter\BaseModel->insert([...], false)
 8 SYSTEMPATH\BaseModel.php(751): CodeIgniter\Model->insert([...], false)
 9 APPPATH\Controllers\peminjaman.php(54): CodeIgniter\BaseModel->save([...])
10 SYSTEMPATH\CodeIgniter.php(933): App\Controllers\Peminjaman->store()
11 SYSTEMPATH\CodeIgniter.php(507): CodeIgniter\CodeIgniter->runController(Object(App\Controllers\Peminjaman))
12 SYSTEMPATH\CodeIgniter.php(354): CodeIgniter\CodeIgniter->handleRequest(null, Object(Config\Cache), false)
13 SYSTEMPATH\Boot.php(363): CodeIgniter\CodeIgniter->run()
14 SYSTEMPATH\Boot.php(68): CodeIgniter\Boot::runCodeIgniter(Object(CodeIgniter\CodeIgniter))
15 FCPATH\index.php(59): CodeIgniter\Boot::bootWeb(Object(Config\Paths))
DEBUG - 2026-04-25 10:51:07 --> Session: Class initialized using 'CodeIgniter\Session\Handlers\FileHandler' driver.
ERROR - 2026-04-25 10:53:08 --> mysqli_sql_exception: Unknown column 'foto' in 'field list' in C:\xampp\htdocs\perpus\system\Database\MySQLi\Connection.php:327
Stack trace:
#0 C:\xampp\htdocs\perpus\system\Database\MySQLi\Connection.php(327): mysqli->query('INSERT INTO `pe...', 0)
#1 C:\xampp\htdocs\perpus\system\Database\BaseConnection.php(729): CodeIgniter\Database\MySQLi\Connection->execute('INSERT INTO `pe...')
#2 C:\xampp\htdocs\perpus\system\Database\BaseConnection.php(646): CodeIgniter\Database\BaseConnection->simpleQuery('INSERT INTO `pe...')
#3 C:\xampp\htdocs\perpus\system\Database\BaseBuilder.php(2345): CodeIgniter\Database\BaseConnection->query('INSERT INTO `pe...', Array, false)
#4 C:\xampp\htdocs\perpus\system\Model.php(394): CodeIgniter\Database\BaseBuilder->insert()
#5 C:\xampp\htdocs\perpus\system\BaseModel.php(838): CodeIgniter\Model->doInsert(Array)
#6 C:\xampp\htdocs\perpus\system\Model.php(797): CodeIgniter\BaseModel->insert(Array, false)
#7 C:\xampp\htdocs\perpus\system\BaseModel.php(751): CodeIgniter\Model->insert(Array, false)
#8 C:\xampp\htdocs\perpus\app\Controllers\peminjaman.php(54): CodeIgniter\BaseModel->save(Array)
#9 C:\xampp\htdocs\perpus\system\CodeIgniter.php(933): App\Controllers\Peminjaman->store()
#10 C:\xampp\htdocs\perpus\system\CodeIgniter.php(507): CodeIgniter\CodeIgniter->runController(Object(App\Controllers\Peminjaman))
#11 C:\xampp\htdocs\perpus\system\CodeIgniter.php(354): CodeIgniter\CodeIgniter->handleRequest(NULL, Object(Config\Cache), false)
#12 C:\xampp\htdocs\perpus\system\Boot.php(363): CodeIgniter\CodeIgniter->run()
#13 C:\xampp\htdocs\perpus\system\Boot.php(68): CodeIgniter\Boot::runCodeIgniter(Object(CodeIgniter\CodeIgniter))
#14 C:\xampp\htdocs\perpus\index.php(59): CodeIgniter\Boot::bootWeb(Object(Config\Paths))
#15 {main}
CRITICAL - 2026-04-25 10:53:08 --> CodeIgniter\Database\Exceptions\DatabaseException: Unknown column 'foto' in 'field list'
[Method: POST, Route: peminjaman/store]
in SYSTEMPATH\Database\BaseConnection.php on line 684.
 1 SYSTEMPATH\Database\BaseBuilder.php(2345): CodeIgniter\Database\BaseConnection->query('INSERT INTO `peminjaman` (`id_buku`, `tanggal_pinjam`, `tanggal_kembali`, `status`, `id_anggota`, `id_petugas`, `foto`) VALUES (:id_buku:, :tanggal_pinjam:, :tanggal_kembali:, :status:, :id_anggota:, :id_petugas:, :foto:)', [...], false)
 2 SYSTEMPATH\Model.php(394): CodeIgniter\Database\BaseBuilder->insert()
 3 SYSTEMPATH\BaseModel.php(838): CodeIgniter\Model->doInsert([...])
 4 SYSTEMPATH\Model.php(797): CodeIgniter\BaseModel->insert([...], false)
 5 SYSTEMPATH\BaseModel.php(751): CodeIgniter\Model->insert([...], false)
 6 APPPATH\Controllers\peminjaman.php(54): CodeIgniter\BaseModel->save([...])
 7 SYSTEMPATH\CodeIgniter.php(933): App\Controllers\Peminjaman->store()
 8 SYSTEMPATH\CodeIgniter.php(507): CodeIgniter\CodeIgniter->runController(Object(App\Controllers\Peminjaman))
 9 SYSTEMPATH\CodeIgniter.php(354): CodeIgniter\CodeIgniter->handleRequest(null, Object(Config\Cache), false)
10 SYSTEMPATH\Boot.php(363): CodeIgniter\CodeIgniter->run()
11 SYSTEMPATH\Boot.php(68): CodeIgniter\Boot::runCodeIgniter(Object(CodeIgniter\CodeIgniter))
12 FCPATH\index.php(59): CodeIgniter\Boot::bootWeb(Object(Config\Paths))
CRITICAL - 2026-04-25 10:53:08 --> [Caused by] CodeIgniter\Database\Exceptions\DatabaseException: Unknown column 'foto' in 'field list'
in SYSTEMPATH\Database\MySQLi\Connection.php on line 332.
 1 SYSTEMPATH\Database\BaseConnection.php(729): CodeIgniter\Database\MySQLi\Connection->execute('INSERT INTO `peminjaman` (`id_buku`, `tanggal_pinjam`, `tanggal_kembali`, `status`, `id_anggota`, `id_petugas`, `foto`) VALUES (\'36\', \'2026-04-03\', \'2026-04-04\', \'dipinjam\', \'9\', \'8\', \'1777114388_dc424ca3a3b8cfef78d3.jpg\')')
 2 SYSTEMPATH\Database\BaseConnection.php(646): CodeIgniter\Database\BaseConnection->simpleQuery('INSERT INTO `peminjaman` (`id_buku`, `tanggal_pinjam`, `tanggal_kembali`, `status`, `id_anggota`, `id_petugas`, `foto`) VALUES (\'36\', \'2026-04-03\', \'2026-04-04\', \'dipinjam\', \'9\', \'8\', \'1777114388_dc424ca3a3b8cfef78d3.jpg\')')
 3 SYSTEMPATH\Database\BaseBuilder.php(2345): CodeIgniter\Database\BaseConnection->query('INSERT INTO `peminjaman` (`id_buku`, `tanggal_pinjam`, `tanggal_kembali`, `status`, `id_anggota`, `id_petugas`, `foto`) VALUES (:id_buku:, :tanggal_pinjam:, :tanggal_kembali:, :status:, :id_anggota:, :id_petugas:, :foto:)', [...], false)
 4 SYSTEMPATH\Model.php(394): CodeIgniter\Database\BaseBuilder->insert()
 5 SYSTEMPATH\BaseModel.php(838): CodeIgniter\Model->doInsert([...])
 6 SYSTEMPATH\Model.php(797): CodeIgniter\BaseModel->insert([...], false)
 7 SYSTEMPATH\BaseModel.php(751): CodeIgniter\Model->insert([...], false)
 8 APPPATH\Controllers\peminjaman.php(54): CodeIgniter\BaseModel->save([...])
 9 SYSTEMPATH\CodeIgniter.php(933): App\Controllers\Peminjaman->store()
10 SYSTEMPATH\CodeIgniter.php(507): CodeIgniter\CodeIgniter->runController(Object(App\Controllers\Peminjaman))
11 SYSTEMPATH\CodeIgniter.php(354): CodeIgniter\CodeIgniter->handleRequest(null, Object(Config\Cache), false)
12 SYSTEMPATH\Boot.php(363): CodeIgniter\CodeIgniter->run()
13 SYSTEMPATH\Boot.php(68): CodeIgniter\Boot::runCodeIgniter(Object(CodeIgniter\CodeIgniter))
14 FCPATH\index.php(59): CodeIgniter\Boot::bootWeb(Object(Config\Paths))
CRITICAL - 2026-04-25 10:53:08 --> [Caused by] mysqli_sql_exception: Unknown column 'foto' in 'field list'
in SYSTEMPATH\Database\MySQLi\Connection.php on line 327.
 1 SYSTEMPATH\Database\MySQLi\Connection.php(327): mysqli->query('INSERT INTO `peminjaman` (`id_buku`, `tanggal_pinjam`, `tanggal_kembali`, `status`, `id_anggota`, `id_petugas`, `foto`) VALUES (\'36\', \'2026-04-03\', \'2026-04-04\', \'dipinjam\', \'9\', \'8\', \'1777114388_dc424ca3a3b8cfef78d3.jpg\')', 0)
 2 SYSTEMPATH\Database\BaseConnection.php(729): CodeIgniter\Database\MySQLi\Connection->execute('INSERT INTO `peminjaman` (`id_buku`, `tanggal_pinjam`, `tanggal_kembali`, `status`, `id_anggota`, `id_petugas`, `foto`) VALUES (\'36\', \'2026-04-03\', \'2026-04-04\', \'dipinjam\', \'9\', \'8\', \'1777114388_dc424ca3a3b8cfef78d3.jpg\')')
 3 SYSTEMPATH\Database\BaseConnection.php(646): CodeIgniter\Database\BaseConnection->simpleQuery('INSERT INTO `peminjaman` (`id_buku`, `tanggal_pinjam`, `tanggal_kembali`, `status`, `id_anggota`, `id_petugas`, `foto`) VALUES (\'36\', \'2026-04-03\', \'2026-04-04\', \'dipinjam\', \'9\', \'8\', \'1777114388_dc424ca3a3b8cfef78d3.jpg\')')
 4 SYSTEMPATH\Database\BaseBuilder.php(2345): CodeIgniter\Database\BaseConnection->query('INSERT INTO `peminjaman` (`id_buku`, `tanggal_pinjam`, `tanggal_kembali`, `status`, `id_anggota`, `id_petugas`, `foto`) VALUES (:id_buku:, :tanggal_pinjam:, :tanggal_kembali:, :status:, :id_anggota:, :id_petugas:, :foto:)', [...], false)
 5 SYSTEMPATH\Model.php(394): CodeIgniter\Database\BaseBuilder->insert()
 6 SYSTEMPATH\BaseModel.php(838): CodeIgniter\Model->doInsert([...])
 7 SYSTEMPATH\Model.php(797): CodeIgniter\BaseModel->insert([...], false)
 8 SYSTEMPATH\BaseModel.php(751): CodeIgniter\Model->insert([...], false)
 9 APPPATH\Controllers\peminjaman.php(54): CodeIgniter\BaseModel->save([...])
10 SYSTEMPATH\CodeIgniter.php(933): App\Controllers\Peminjaman->store()
11 SYSTEMPATH\CodeIgniter.php(507): CodeIgniter\CodeIgniter->runController(Object(App\Controllers\Peminjaman))
12 SYSTEMPATH\CodeIgniter.php(354): CodeIgniter\CodeIgniter->handleRequest(null, Object(Config\Cache), false)
13 SYSTEMPATH\Boot.php(363): CodeIgniter\CodeIgniter->run()
14 SYSTEMPATH\Boot.php(68): CodeIgniter\Boot::runCodeIgniter(Object(CodeIgniter\CodeIgniter))
15 FCPATH\index.php(59): CodeIgniter\Boot::bootWeb(Object(Config\Paths))
DEBUG - 2026-04-25 10:53:19 --> Session: Class initialized using 'CodeIgniter\Session\Handlers\FileHandler' driver.
DEBUG - 2026-04-25 10:53:22 --> Session: Class initialized using 'CodeIgniter\Session\Handlers\FileHandler' driver.
ERROR - 2026-04-25 10:53:58 --> mysqli_sql_exception: Unknown column 'foto' in 'field list' in C:\xampp\htdocs\perpus\system\Database\MySQLi\Connection.php:327
Stack trace:
#0 C:\xampp\htdocs\perpus\system\Database\MySQLi\Connection.php(327): mysqli->query('INSERT INTO `pe...', 0)
#1 C:\xampp\htdocs\perpus\system\Database\BaseConnection.php(729): CodeIgniter\Database\MySQLi\Connection->execute('INSERT INTO `pe...')
#2 C:\xampp\htdocs\perpus\system\Database\BaseConnection.php(646): CodeIgniter\Database\BaseConnection->simpleQuery('INSERT INTO `pe...')
#3 C:\xampp\htdocs\perpus\system\Database\BaseBuilder.php(2345): CodeIgniter\Database\BaseConnection->query('INSERT INTO `pe...', Array, false)
#4 C:\xampp\htdocs\perpus\system\Model.php(394): CodeIgniter\Database\BaseBuilder->insert()
#5 C:\xampp\htdocs\perpus\system\BaseModel.php(838): CodeIgniter\Model->doInsert(Array)
#6 C:\xampp\htdocs\perpus\system\Model.php(797): CodeIgniter\BaseModel->insert(Array, false)
#7 C:\xampp\htdocs\perpus\system\BaseModel.php(751): CodeIgniter\Model->insert(Array, false)
#8 C:\xampp\htdocs\perpus\app\Controllers\peminjaman.php(54): CodeIgniter\BaseModel->save(Array)
#9 C:\xampp\htdocs\perpus\system\CodeIgniter.php(933): App\Controllers\Peminjaman->store()
#10 C:\xampp\htdocs\perpus\system\CodeIgniter.php(507): CodeIgniter\CodeIgniter->runController(Object(App\Controllers\Peminjaman))
#11 C:\xampp\htdocs\perpus\system\CodeIgniter.php(354): CodeIgniter\CodeIgniter->handleRequest(NULL, Object(Config\Cache), false)
#12 C:\xampp\htdocs\perpus\system\Boot.php(363): CodeIgniter\CodeIgniter->run()
#13 C:\xampp\htdocs\perpus\system\Boot.php(68): CodeIgniter\Boot::runCodeIgniter(Object(CodeIgniter\CodeIgniter))
#14 C:\xampp\htdocs\perpus\index.php(59): CodeIgniter\Boot::bootWeb(Object(Config\Paths))
#15 {main}
CRITICAL - 2026-04-25 10:53:58 --> CodeIgniter\Database\Exceptions\DatabaseException: Unknown column 'foto' in 'field list'
[Method: POST, Route: peminjaman/store]
in SYSTEMPATH\Database\BaseConnection.php on line 684.
 1 SYSTEMPATH\Database\BaseBuilder.php(2345): CodeIgniter\Database\BaseConnection->query('INSERT INTO `peminjaman` (`id_buku`, `tanggal_pinjam`, `tanggal_kembali`, `status`, `id_anggota`, `id_petugas`, `foto`) VALUES (:id_buku:, :tanggal_pinjam:, :tanggal_kembali:, :status:, :id_anggota:, :id_petugas:, :foto:)', [...], false)
 2 SYSTEMPATH\Model.php(394): CodeIgniter\Database\BaseBuilder->insert()
 3 SYSTEMPATH\BaseModel.php(838): CodeIgniter\Model->doInsert([...])
 4 SYSTEMPATH\Model.php(797): CodeIgniter\BaseModel->insert([...], false)
 5 SYSTEMPATH\BaseModel.php(751): CodeIgniter\Model->insert([...], false)
 6 APPPATH\Controllers\peminjaman.php(54): CodeIgniter\BaseModel->save([...])
 7 SYSTEMPATH\CodeIgniter.php(933): App\Controllers\Peminjaman->store()
 8 SYSTEMPATH\CodeIgniter.php(507): CodeIgniter\CodeIgniter->runController(Object(App\Controllers\Peminjaman))
 9 SYSTEMPATH\CodeIgniter.php(354): CodeIgniter\CodeIgniter->handleRequest(null, Object(Config\Cache), false)
10 SYSTEMPATH\Boot.php(363): CodeIgniter\CodeIgniter->run()
11 SYSTEMPATH\Boot.php(68): CodeIgniter\Boot::runCodeIgniter(Object(CodeIgniter\CodeIgniter))
12 FCPATH\index.php(59): CodeIgniter\Boot::bootWeb(Object(Config\Paths))
CRITICAL - 2026-04-25 10:53:58 --> [Caused by] CodeIgniter\Database\Exceptions\DatabaseException: Unknown column 'foto' in 'field list'
in SYSTEMPATH\Database\MySQLi\Connection.php on line 332.
 1 SYSTEMPATH\Database\BaseConnection.php(729): CodeIgniter\Database\MySQLi\Connection->execute('INSERT INTO `peminjaman` (`id_buku`, `tanggal_pinjam`, `tanggal_kembali`, `status`, `id_anggota`, `id_petugas`, `foto`) VALUES (\'35\', \'0034-06-10\', \'2026-04-10\', \'kembali\', \'10\', \'8\', \'1777114438_bf7a933ccbd2f56f7928.jpg\')')
 2 SYSTEMPATH\Database\BaseConnection.php(646): CodeIgniter\Database\BaseConnection->simpleQuery('INSERT INTO `peminjaman` (`id_buku`, `tanggal_pinjam`, `tanggal_kembali`, `status`, `id_anggota`, `id_petugas`, `foto`) VALUES (\'35\', \'0034-06-10\', \'2026-04-10\', \'kembali\', \'10\', \'8\', \'1777114438_bf7a933ccbd2f56f7928.jpg\')')
 3 SYSTEMPATH\Database\BaseBuilder.php(2345): CodeIgniter\Database\BaseConnection->query('INSERT INTO `peminjaman` (`id_buku`, `tanggal_pinjam`, `tanggal_kembali`, `status`, `id_anggota`, `id_petugas`, `foto`) VALUES (:id_buku:, :tanggal_pinjam:, :tanggal_kembali:, :status:, :id_anggota:, :id_petugas:, :foto:)', [...], false)
 4 SYSTEMPATH\Model.php(394): CodeIgniter\Database\BaseBuilder->insert()
 5 SYSTEMPATH\BaseModel.php(838): CodeIgniter\Model->doInsert([...])
 6 SYSTEMPATH\Model.php(797): CodeIgniter\BaseModel->insert([...], false)
 7 SYSTEMPATH\BaseModel.php(751): CodeIgniter\Model->insert([...], false)
 8 APPPATH\Controllers\peminjaman.php(54): CodeIgniter\BaseModel->save([...])
 9 SYSTEMPATH\CodeIgniter.php(933): App\Controllers\Peminjaman->store()
10 SYSTEMPATH\CodeIgniter.php(507): CodeIgniter\CodeIgniter->runController(Object(App\Controllers\Peminjaman))
11 SYSTEMPATH\CodeIgniter.php(354): CodeIgniter\CodeIgniter->handleRequest(null, Object(Config\Cache), false)
12 SYSTEMPATH\Boot.php(363): CodeIgniter\CodeIgniter->run()
13 SYSTEMPATH\Boot.php(68): CodeIgniter\Boot::runCodeIgniter(Object(CodeIgniter\CodeIgniter))
14 FCPATH\index.php(59): CodeIgniter\Boot::bootWeb(Object(Config\Paths))
CRITICAL - 2026-04-25 10:53:58 --> [Caused by] mysqli_sql_exception: Unknown column 'foto' in 'field list'
in SYSTEMPATH\Database\MySQLi\Connection.php on line 327.
 1 SYSTEMPATH\Database\MySQLi\Connection.php(327): mysqli->query('INSERT INTO `peminjaman` (`id_buku`, `tanggal_pinjam`, `tanggal_kembali`, `status`, `id_anggota`, `id_petugas`, `foto`) VALUES (\'35\', \'0034-06-10\', \'2026-04-10\', \'kembali\', \'10\', \'8\', \'1777114438_bf7a933ccbd2f56f7928.jpg\')', 0)
 2 SYSTEMPATH\Database\BaseConnection.php(729): CodeIgniter\Database\MySQLi\Connection->execute('INSERT INTO `peminjaman` (`id_buku`, `tanggal_pinjam`, `tanggal_kembali`, `status`, `id_anggota`, `id_petugas`, `foto`) VALUES (\'35\', \'0034-06-10\', \'2026-04-10\', \'kembali\', \'10\', \'8\', \'1777114438_bf7a933ccbd2f56f7928.jpg\')')
 3 SYSTEMPATH\Database\BaseConnection.php(646): CodeIgniter\Database\BaseConnection->simpleQuery('INSERT INTO `peminjaman` (`id_buku`, `tanggal_pinjam`, `tanggal_kembali`, `status`, `id_anggota`, `id_petugas`, `foto`) VALUES (\'35\', \'0034-06-10\', \'2026-04-10\', \'kembali\', \'10\', \'8\', \'1777114438_bf7a933ccbd2f56f7928.jpg\')')
 4 SYSTEMPATH\Database\BaseBuilder.php(2345): CodeIgniter\Database\BaseConnection->query('INSERT INTO `peminjaman` (`id_buku`, `tanggal_pinjam`, `tanggal_kembali`, `status`, `id_anggota`, `id_petugas`, `foto`) VALUES (:id_buku:, :tanggal_pinjam:, :tanggal_kembali:, :status:, :id_anggota:, :id_petugas:, :foto:)', [...], false)
 5 SYSTEMPATH\Model.php(394): CodeIgniter\Database\BaseBuilder->insert()
 6 SYSTEMPATH\BaseModel.php(838): CodeIgniter\Model->doInsert([...])
 7 SYSTEMPATH\Model.php(797): CodeIgniter\BaseModel->insert([...], false)
 8 SYSTEMPATH\BaseModel.php(751): CodeIgniter\Model->insert([...], false)
 9 APPPATH\Controllers\peminjaman.php(54): CodeIgniter\BaseModel->save([...])
10 SYSTEMPATH\CodeIgniter.php(933): App\Controllers\Peminjaman->store()
11 SYSTEMPATH\CodeIgniter.php(507): CodeIgniter\CodeIgniter->runController(Object(App\Controllers\Peminjaman))
12 SYSTEMPATH\CodeIgniter.php(354): CodeIgniter\CodeIgniter->handleRequest(null, Object(Config\Cache), false)
13 SYSTEMPATH\Boot.php(363): CodeIgniter\CodeIgniter->run()
14 SYSTEMPATH\Boot.php(68): CodeIgniter\Boot::runCodeIgniter(Object(CodeIgniter\CodeIgniter))
15 FCPATH\index.php(59): CodeIgniter\Boot::bootWeb(Object(Config\Paths))
DEBUG - 2026-04-25 10:54:09 --> Session: Class initialized using 'CodeIgniter\Session\Handlers\FileHandler' driver.
CRITICAL - 2026-04-25 10:54:11 --> ErrorException: Undefined array key "isbn"
[Method: GET, Route: buku]
in APPPATH\Views\buku\index.php on line 32.
 1 APPPATH\Views\buku\index.php(32): CodeIgniter\Debug\Exceptions->errorHandler(2, 'Undefined array key "isbn"', 'C:\\xampp\\htdocs\\perpus\\app\\Views\\buku\\index.php', 32)
 2 SYSTEMPATH\View\View.php(226): include('C:\\xampp\\htdocs\\perpus\\app\\Views\\buku\\index.php')
 3 SYSTEMPATH\View\View.php(229): CodeIgniter\View\View->CodeIgniter\View\{closure}()
 4 SYSTEMPATH\Common.php(1167): CodeIgniter\View\View->render('buku/index', [], true)
 5 APPPATH\Controllers\Buku.php(43): view('buku/index', [...])
 6 SYSTEMPATH\CodeIgniter.php(933): App\Controllers\Buku->index()
 7 SYSTEMPATH\CodeIgniter.php(507): CodeIgniter\CodeIgniter->runController(Object(App\Controllers\Buku))
 8 SYSTEMPATH\CodeIgniter.php(354): CodeIgniter\CodeIgniter->handleRequest(null, Object(Config\Cache), false)
 9 SYSTEMPATH\Boot.php(363): CodeIgniter\CodeIgniter->run()
10 SYSTEMPATH\Boot.php(68): CodeIgniter\Boot::runCodeIgniter(Object(CodeIgniter\CodeIgniter))
11 FCPATH\index.php(59): CodeIgniter\Boot::bootWeb(Object(Config\Paths))
CRITICAL - 2026-04-25 10:55:15 --> ErrorException: Undefined array key "isbn"
[Method: GET, Route: buku]
in APPPATH\Views\buku\index.php on line 32.
 1 APPPATH\Views\buku\index.php(32): CodeIgniter\Debug\Exceptions->errorHandler(2, 'Undefined array key "isbn"', 'C:\\xampp\\htdocs\\perpus\\app\\Views\\buku\\index.php', 32)
 2 SYSTEMPATH\View\View.php(226): include('C:\\xampp\\htdocs\\perpus\\app\\Views\\buku\\index.php')
 3 SYSTEMPATH\View\View.php(229): CodeIgniter\View\View->CodeIgniter\View\{closure}()
 4 SYSTEMPATH\Common.php(1167): CodeIgniter\View\View->render('buku/index', [], true)
 5 APPPATH\Controllers\Buku.php(43): view('buku/index', [...])
 6 SYSTEMPATH\CodeIgniter.php(933): App\Controllers\Buku->index()
 7 SYSTEMPATH\CodeIgniter.php(507): CodeIgniter\CodeIgniter->runController(Object(App\Controllers\Buku))
 8 SYSTEMPATH\CodeIgniter.php(354): CodeIgniter\CodeIgniter->handleRequest(null, Object(Config\Cache), false)
 9 SYSTEMPATH\Boot.php(363): CodeIgniter\CodeIgniter->run()
10 SYSTEMPATH\Boot.php(68): CodeIgniter\Boot::runCodeIgniter(Object(CodeIgniter\CodeIgniter))
11 FCPATH\index.php(59): CodeIgniter\Boot::bootWeb(Object(Config\Paths))
DEBUG - 2026-04-25 10:58:46 --> Session: Class initialized using 'CodeIgniter\Session\Handlers\FileHandler' driver.
DEBUG - 2026-04-25 10:59:01 --> Session: Class initialized using 'CodeIgniter\Session\Handlers\FileHandler' driver.
DEBUG - 2026-04-25 10:59:02 --> Session: Class initialized using 'CodeIgniter\Session\Handlers\FileHandler' driver.
ERROR - 2026-04-25 10:59:26 --> mysqli_sql_exception: Unknown column 'foto' in 'field list' in C:\xampp\htdocs\perpus\system\Database\MySQLi\Connection.php:327
Stack trace:
#0 C:\xampp\htdocs\perpus\system\Database\MySQLi\Connection.php(327): mysqli->query('INSERT INTO `pe...', 0)
#1 C:\xampp\htdocs\perpus\system\Database\BaseConnection.php(729): CodeIgniter\Database\MySQLi\Connection->execute('INSERT INTO `pe...')
#2 C:\xampp\htdocs\perpus\system\Database\BaseConnection.php(646): CodeIgniter\Database\BaseConnection->simpleQuery('INSERT INTO `pe...')
#3 C:\xampp\htdocs\perpus\system\Database\BaseBuilder.php(2345): CodeIgniter\Database\BaseConnection->query('INSERT INTO `pe...', Array, false)
#4 C:\xampp\htdocs\perpus\system\Model.php(394): CodeIgniter\Database\BaseBuilder->insert()
#5 C:\xampp\htdocs\perpus\system\BaseModel.php(838): CodeIgniter\Model->doInsert(Array)
#6 C:\xampp\htdocs\perpus\system\Model.php(797): CodeIgniter\BaseModel->insert(Array, false)
#7 C:\xampp\htdocs\perpus\system\BaseModel.php(751): CodeIgniter\Model->insert(Array, false)
#8 C:\xampp\htdocs\perpus\app\Controllers\peminjaman.php(54): CodeIgniter\BaseModel->save(Array)
#9 C:\xampp\htdocs\perpus\system\CodeIgniter.php(933): App\Controllers\Peminjaman->store()
#10 C:\xampp\htdocs\perpus\system\CodeIgniter.php(507): CodeIgniter\CodeIgniter->runController(Object(App\Controllers\Peminjaman))
#11 C:\xampp\htdocs\perpus\system\CodeIgniter.php(354): CodeIgniter\CodeIgniter->handleRequest(NULL, Object(Config\Cache), false)
#12 C:\xampp\htdocs\perpus\system\Boot.php(363): CodeIgniter\CodeIgniter->run()
#13 C:\xampp\htdocs\perpus\system\Boot.php(68): CodeIgniter\Boot::runCodeIgniter(Object(CodeIgniter\CodeIgniter))
#14 C:\xampp\htdocs\perpus\index.php(59): CodeIgniter\Boot::bootWeb(Object(Config\Paths))
#15 {main}
CRITICAL - 2026-04-25 10:59:26 --> CodeIgniter\Database\Exceptions\DatabaseException: Unknown column 'foto' in 'field list'
[Method: POST, Route: peminjaman/store]
in SYSTEMPATH\Database\BaseConnection.php on line 684.
 1 SYSTEMPATH\Database\BaseBuilder.php(2345): CodeIgniter\Database\BaseConnection->query('INSERT INTO `peminjaman` (`id_buku`, `tanggal_pinjam`, `tanggal_kembali`, `status`, `id_anggota`, `id_petugas`, `foto`) VALUES (:id_buku:, :tanggal_pinjam:, :tanggal_kembali:, :status:, :id_anggota:, :id_petugas:, :foto:)', [...], false)
 2 SYSTEMPATH\Model.php(394): CodeIgniter\Database\BaseBuilder->insert()
 3 SYSTEMPATH\BaseModel.php(838): CodeIgniter\Model->doInsert([...])
 4 SYSTEMPATH\Model.php(797): CodeIgniter\BaseModel->insert([...], false)
 5 SYSTEMPATH\BaseModel.php(751): CodeIgniter\Model->insert([...], false)
 6 APPPATH\Controllers\peminjaman.php(54): CodeIgniter\BaseModel->save([...])
 7 SYSTEMPATH\CodeIgniter.php(933): App\Controllers\Peminjaman->store()
 8 SYSTEMPATH\CodeIgniter.php(507): CodeIgniter\CodeIgniter->runController(Object(App\Controllers\Peminjaman))
 9 SYSTEMPATH\CodeIgniter.php(354): CodeIgniter\CodeIgniter->handleRequest(null, Object(Config\Cache), false)
10 SYSTEMPATH\Boot.php(363): CodeIgniter\CodeIgniter->run()
11 SYSTEMPATH\Boot.php(68): CodeIgniter\Boot::runCodeIgniter(Object(CodeIgniter\CodeIgniter))
12 FCPATH\index.php(59): CodeIgniter\Boot::bootWeb(Object(Config\Paths))
CRITICAL - 2026-04-25 10:59:26 --> [Caused by] CodeIgniter\Database\Exceptions\DatabaseException: Unknown column 'foto' in 'field list'
in SYSTEMPATH\Database\MySQLi\Connection.php on line 332.
 1 SYSTEMPATH\Database\BaseConnection.php(729): CodeIgniter\Database\MySQLi\Connection->execute('INSERT INTO `peminjaman` (`id_buku`, `tanggal_pinjam`, `tanggal_kembali`, `status`, `id_anggota`, `id_petugas`, `foto`) VALUES (\'38\', \'2026-04-02\', \'2026-04-06\', \'dipinjam\', \'9\', \'8\', \'1777114766_04e40371f7b260228863.png\')')
 2 SYSTEMPATH\Database\BaseConnection.php(646): CodeIgniter\Database\BaseConnection->simpleQuery('INSERT INTO `peminjaman` (`id_buku`, `tanggal_pinjam`, `tanggal_kembali`, `status`, `id_anggota`, `id_petugas`, `foto`) VALUES (\'38\', \'2026-04-02\', \'2026-04-06\', \'dipinjam\', \'9\', \'8\', \'1777114766_04e40371f7b260228863.png\')')
 3 SYSTEMPATH\Database\BaseBuilder.php(2345): CodeIgniter\Database\BaseConnection->query('INSERT INTO `peminjaman` (`id_buku`, `tanggal_pinjam`, `tanggal_kembali`, `status`, `id_anggota`, `id_petugas`, `foto`) VALUES (:id_buku:, :tanggal_pinjam:, :tanggal_kembali:, :status:, :id_anggota:, :id_petugas:, :foto:)', [...], false)
 4 SYSTEMPATH\Model.php(394): CodeIgniter\Database\BaseBuilder->insert()
 5 SYSTEMPATH\BaseModel.php(838): CodeIgniter\Model->doInsert([...])
 6 SYSTEMPATH\Model.php(797): CodeIgniter\BaseModel->insert([...], false)
 7 SYSTEMPATH\BaseModel.php(751): CodeIgniter\Model->insert([...], false)
 8 APPPATH\Controllers\peminjaman.php(54): CodeIgniter\BaseModel->save([...])
 9 SYSTEMPATH\CodeIgniter.php(933): App\Controllers\Peminjaman->store()
10 SYSTEMPATH\CodeIgniter.php(507): CodeIgniter\CodeIgniter->runController(Object(App\Controllers\Peminjaman))
11 SYSTEMPATH\CodeIgniter.php(354): CodeIgniter\CodeIgniter->handleRequest(null, Object(Config\Cache), false)
12 SYSTEMPATH\Boot.php(363): CodeIgniter\CodeIgniter->run()
13 SYSTEMPATH\Boot.php(68): CodeIgniter\Boot::runCodeIgniter(Object(CodeIgniter\CodeIgniter))
14 FCPATH\index.php(59): CodeIgniter\Boot::bootWeb(Object(Config\Paths))
CRITICAL - 2026-04-25 10:59:26 --> [Caused by] mysqli_sql_exception: Unknown column 'foto' in 'field list'
in SYSTEMPATH\Database\MySQLi\Connection.php on line 327.
 1 SYSTEMPATH\Database\MySQLi\Connection.php(327): mysqli->query('INSERT INTO `peminjaman` (`id_buku`, `tanggal_pinjam`, `tanggal_kembali`, `status`, `id_anggota`, `id_petugas`, `foto`) VALUES (\'38\', \'2026-04-02\', \'2026-04-06\', \'dipinjam\', \'9\', \'8\', \'1777114766_04e40371f7b260228863.png\')', 0)
 2 SYSTEMPATH\Database\BaseConnection.php(729): CodeIgniter\Database\MySQLi\Connection->execute('INSERT INTO `peminjaman` (`id_buku`, `tanggal_pinjam`, `tanggal_kembali`, `status`, `id_anggota`, `id_petugas`, `foto`) VALUES (\'38\', \'2026-04-02\', \'2026-04-06\', \'dipinjam\', \'9\', \'8\', \'1777114766_04e40371f7b260228863.png\')')
 3 SYSTEMPATH\Database\BaseConnection.php(646): CodeIgniter\Database\BaseConnection->simpleQuery('INSERT INTO `peminjaman` (`id_buku`, `tanggal_pinjam`, `tanggal_kembali`, `status`, `id_anggota`, `id_petugas`, `foto`) VALUES (\'38\', \'2026-04-02\', \'2026-04-06\', \'dipinjam\', \'9\', \'8\', \'1777114766_04e40371f7b260228863.png\')')
 4 SYSTEMPATH\Database\BaseBuilder.php(2345): CodeIgniter\Database\BaseConnection->query('INSERT INTO `peminjaman` (`id_buku`, `tanggal_pinjam`, `tanggal_kembali`, `status`, `id_anggota`, `id_petugas`, `foto`) VALUES (:id_buku:, :tanggal_pinjam:, :tanggal_kembali:, :status:, :id_anggota:, :id_petugas:, :foto:)', [...], false)
 5 SYSTEMPATH\Model.php(394): CodeIgniter\Database\BaseBuilder->insert()
 6 SYSTEMPATH\BaseModel.php(838): CodeIgniter\Model->doInsert([...])
 7 SYSTEMPATH\Model.php(797): CodeIgniter\BaseModel->insert([...], false)
 8 SYSTEMPATH\BaseModel.php(751): CodeIgniter\Model->insert([...], false)
 9 APPPATH\Controllers\peminjaman.php(54): CodeIgniter\BaseModel->save([...])
10 SYSTEMPATH\CodeIgniter.php(933): App\Controllers\Peminjaman->store()
11 SYSTEMPATH\CodeIgniter.php(507): CodeIgniter\CodeIgniter->runController(Object(App\Controllers\Peminjaman))
12 SYSTEMPATH\CodeIgniter.php(354): CodeIgniter\CodeIgniter->handleRequest(null, Object(Config\Cache), false)
13 SYSTEMPATH\Boot.php(363): CodeIgniter\CodeIgniter->run()
14 SYSTEMPATH\Boot.php(68): CodeIgniter\Boot::runCodeIgniter(Object(CodeIgniter\CodeIgniter))
15 FCPATH\index.php(59): CodeIgniter\Boot::bootWeb(Object(Config\Paths))
ERROR - 2026-04-25 11:00:45 --> mysqli_sql_exception: Unknown column 'foto' in 'field list' in C:\xampp\htdocs\perpus\system\Database\MySQLi\Connection.php:327
Stack trace:
#0 C:\xampp\htdocs\perpus\system\Database\MySQLi\Connection.php(327): mysqli->query('INSERT INTO `pe...', 0)
#1 C:\xampp\htdocs\perpus\system\Database\BaseConnection.php(729): CodeIgniter\Database\MySQLi\Connection->execute('INSERT INTO `pe...')
#2 C:\xampp\htdocs\perpus\system\Database\BaseConnection.php(646): CodeIgniter\Database\BaseConnection->simpleQuery('INSERT INTO `pe...')
#3 C:\xampp\htdocs\perpus\system\Database\BaseBuilder.php(2345): CodeIgniter\Database\BaseConnection->query('INSERT INTO `pe...', Array, false)
#4 C:\xampp\htdocs\perpus\system\Model.php(394): CodeIgniter\Database\BaseBuilder->insert()
#5 C:\xampp\htdocs\perpus\system\BaseModel.php(838): CodeIgniter\Model->doInsert(Array)
#6 C:\xampp\htdocs\perpus\system\Model.php(797): CodeIgniter\BaseModel->insert(Array, false)
#7 C:\xampp\htdocs\perpus\system\BaseModel.php(751): CodeIgniter\Model->insert(Array, false)
#8 C:\xampp\htdocs\perpus\app\Controllers\peminjaman.php(54): CodeIgniter\BaseModel->save(Array)
#9 C:\xampp\htdocs\perpus\system\CodeIgniter.php(933): App\Controllers\Peminjaman->store()
#10 C:\xampp\htdocs\perpus\system\CodeIgniter.php(507): CodeIgniter\CodeIgniter->runController(Object(App\Controllers\Peminjaman))
#11 C:\xampp\htdocs\perpus\system\CodeIgniter.php(354): CodeIgniter\CodeIgniter->handleRequest(NULL, Object(Config\Cache), false)
#12 C:\xampp\htdocs\perpus\system\Boot.php(363): CodeIgniter\CodeIgniter->run()
#13 C:\xampp\htdocs\perpus\system\Boot.php(68): CodeIgniter\Boot::runCodeIgniter(Object(CodeIgniter\CodeIgniter))
#14 C:\xampp\htdocs\perpus\index.php(59): CodeIgniter\Boot::bootWeb(Object(Config\Paths))
#15 {main}
CRITICAL - 2026-04-25 11:00:45 --> CodeIgniter\Database\Exceptions\DatabaseException: Unknown column 'foto' in 'field list'
[Method: POST, Route: peminjaman/store]
in SYSTEMPATH\Database\BaseConnection.php on line 684.
 1 SYSTEMPATH\Database\BaseBuilder.php(2345): CodeIgniter\Database\BaseConnection->query('INSERT INTO `peminjaman` (`id_buku`, `tanggal_pinjam`, `tanggal_kembali`, `status`, `id_anggota`, `id_petugas`, `foto`) VALUES (:id_buku:, :tanggal_pinjam:, :tanggal_kembali:, :status:, :id_anggota:, :id_petugas:, :foto:)', [...], false)
 2 SYSTEMPATH\Model.php(394): CodeIgniter\Database\BaseBuilder->insert()
 3 SYSTEMPATH\BaseModel.php(838): CodeIgniter\Model->doInsert([...])
 4 SYSTEMPATH\Model.php(797): CodeIgniter\BaseModel->insert([...], false)
 5 SYSTEMPATH\BaseModel.php(751): CodeIgniter\Model->insert([...], false)
 6 APPPATH\Controllers\peminjaman.php(54): CodeIgniter\BaseModel->save([...])
 7 SYSTEMPATH\CodeIgniter.php(933): App\Controllers\Peminjaman->store()
 8 SYSTEMPATH\CodeIgniter.php(507): CodeIgniter\CodeIgniter->runController(Object(App\Controllers\Peminjaman))
 9 SYSTEMPATH\CodeIgniter.php(354): CodeIgniter\CodeIgniter->handleRequest(null, Object(Config\Cache), false)
10 SYSTEMPATH\Boot.php(363): CodeIgniter\CodeIgniter->run()
11 SYSTEMPATH\Boot.php(68): CodeIgniter\Boot::runCodeIgniter(Object(CodeIgniter\CodeIgniter))
12 FCPATH\index.php(59): CodeIgniter\Boot::bootWeb(Object(Config\Paths))
CRITICAL - 2026-04-25 11:00:45 --> [Caused by] CodeIgniter\Database\Exceptions\DatabaseException: Unknown column 'foto' in 'field list'
in SYSTEMPATH\Database\MySQLi\Connection.php on line 332.
 1 SYSTEMPATH\Database\BaseConnection.php(729): CodeIgniter\Database\MySQLi\Connection->execute('INSERT INTO `peminjaman` (`id_buku`, `tanggal_pinjam`, `tanggal_kembali`, `status`, `id_anggota`, `id_petugas`, `foto`) VALUES (\'38\', \'2026-04-02\', \'2026-04-06\', \'dipinjam\', \'9\', \'8\', \'1777114845_cbad72a33fdc57186a12.png\')')
 2 SYSTEMPATH\Database\BaseConnection.php(646): CodeIgniter\Database\BaseConnection->simpleQuery('INSERT INTO `peminjaman` (`id_buku`, `tanggal_pinjam`, `tanggal_kembali`, `status`, `id_anggota`, `id_petugas`, `foto`) VALUES (\'38\', \'2026-04-02\', \'2026-04-06\', \'dipinjam\', \'9\', \'8\', \'1777114845_cbad72a33fdc57186a12.png\')')
 3 SYSTEMPATH\Database\BaseBuilder.php(2345): CodeIgniter\Database\BaseConnection->query('INSERT INTO `peminjaman` (`id_buku`, `tanggal_pinjam`, `tanggal_kembali`, `status`, `id_anggota`, `id_petugas`, `foto`) VALUES (:id_buku:, :tanggal_pinjam:, :tanggal_kembali:, :status:, :id_anggota:, :id_petugas:, :foto:)', [...], false)
 4 SYSTEMPATH\Model.php(394): CodeIgniter\Database\BaseBuilder->insert()
 5 SYSTEMPATH\BaseModel.php(838): CodeIgniter\Model->doInsert([...])
 6 SYSTEMPATH\Model.php(797): CodeIgniter\BaseModel->insert([...], false)
 7 SYSTEMPATH\BaseModel.php(751): CodeIgniter\Model->insert([...], false)
 8 APPPATH\Controllers\peminjaman.php(54): CodeIgniter\BaseModel->save([...])
 9 SYSTEMPATH\CodeIgniter.php(933): App\Controllers\Peminjaman->store()
10 SYSTEMPATH\CodeIgniter.php(507): CodeIgniter\CodeIgniter->runController(Object(App\Controllers\Peminjaman))
11 SYSTEMPATH\CodeIgniter.php(354): CodeIgniter\CodeIgniter->handleRequest(null, Object(Config\Cache), false)
12 SYSTEMPATH\Boot.php(363): CodeIgniter\CodeIgniter->run()
13 SYSTEMPATH\Boot.php(68): CodeIgniter\Boot::runCodeIgniter(Object(CodeIgniter\CodeIgniter))
14 FCPATH\index.php(59): CodeIgniter\Boot::bootWeb(Object(Config\Paths))
CRITICAL - 2026-04-25 11:00:45 --> [Caused by] mysqli_sql_exception: Unknown column 'foto' in 'field list'
in SYSTEMPATH\Database\MySQLi\Connection.php on line 327.
 1 SYSTEMPATH\Database\MySQLi\Connection.php(327): mysqli->query('INSERT INTO `peminjaman` (`id_buku`, `tanggal_pinjam`, `tanggal_kembali`, `status`, `id_anggota`, `id_petugas`, `foto`) VALUES (\'38\', \'2026-04-02\', \'2026-04-06\', \'dipinjam\', \'9\', \'8\', \'1777114845_cbad72a33fdc57186a12.png\')', 0)
 2 SYSTEMPATH\Database\BaseConnection.php(729): CodeIgniter\Database\MySQLi\Connection->execute('INSERT INTO `peminjaman` (`id_buku`, `tanggal_pinjam`, `tanggal_kembali`, `status`, `id_anggota`, `id_petugas`, `foto`) VALUES (\'38\', \'2026-04-02\', \'2026-04-06\', \'dipinjam\', \'9\', \'8\', \'1777114845_cbad72a33fdc57186a12.png\')')
 3 SYSTEMPATH\Database\BaseConnection.php(646): CodeIgniter\Database\BaseConnection->simpleQuery('INSERT INTO `peminjaman` (`id_buku`, `tanggal_pinjam`, `tanggal_kembali`, `status`, `id_anggota`, `id_petugas`, `foto`) VALUES (\'38\', \'2026-04-02\', \'2026-04-06\', \'dipinjam\', \'9\', \'8\', \'1777114845_cbad72a33fdc57186a12.png\')')
 4 SYSTEMPATH\Database\BaseBuilder.php(2345): CodeIgniter\Database\BaseConnection->query('INSERT INTO `peminjaman` (`id_buku`, `tanggal_pinjam`, `tanggal_kembali`, `status`, `id_anggota`, `id_petugas`, `foto`) VALUES (:id_buku:, :tanggal_pinjam:, :tanggal_kembali:, :status:, :id_anggota:, :id_petugas:, :foto:)', [...], false)
 5 SYSTEMPATH\Model.php(394): CodeIgniter\Database\BaseBuilder->insert()
 6 SYSTEMPATH\BaseModel.php(838): CodeIgniter\Model->doInsert([...])
 7 SYSTEMPATH\Model.php(797): CodeIgniter\BaseModel->insert([...], false)
 8 SYSTEMPATH\BaseModel.php(751): CodeIgniter\Model->insert([...], false)
 9 APPPATH\Controllers\peminjaman.php(54): CodeIgniter\BaseModel->save([...])
10 SYSTEMPATH\CodeIgniter.php(933): App\Controllers\Peminjaman->store()
11 SYSTEMPATH\CodeIgniter.php(507): CodeIgniter\CodeIgniter->runController(Object(App\Controllers\Peminjaman))
12 SYSTEMPATH\CodeIgniter.php(354): CodeIgniter\CodeIgniter->handleRequest(null, Object(Config\Cache), false)
13 SYSTEMPATH\Boot.php(363): CodeIgniter\CodeIgniter->run()
14 SYSTEMPATH\Boot.php(68): CodeIgniter\Boot::runCodeIgniter(Object(CodeIgniter\CodeIgniter))
15 FCPATH\index.php(59): CodeIgniter\Boot::bootWeb(Object(Config\Paths))
ERROR - 2026-04-25 11:00:54 --> mysqli_sql_exception: Unknown column 'foto' in 'field list' in C:\xampp\htdocs\perpus\system\Database\MySQLi\Connection.php:327
Stack trace:
#0 C:\xampp\htdocs\perpus\system\Database\MySQLi\Connection.php(327): mysqli->query('INSERT INTO `pe...', 0)
#1 C:\xampp\htdocs\perpus\system\Database\BaseConnection.php(729): CodeIgniter\Database\MySQLi\Connection->execute('INSERT INTO `pe...')
#2 C:\xampp\htdocs\perpus\system\Database\BaseConnection.php(646): CodeIgniter\Database\BaseConnection->simpleQuery('INSERT INTO `pe...')
#3 C:\xampp\htdocs\perpus\system\Database\BaseBuilder.php(2345): CodeIgniter\Database\BaseConnection->query('INSERT INTO `pe...', Array, false)
#4 C:\xampp\htdocs\perpus\system\Model.php(394): CodeIgniter\Database\BaseBuilder->insert()
#5 C:\xampp\htdocs\perpus\system\BaseModel.php(838): CodeIgniter\Model->doInsert(Array)
#6 C:\xampp\htdocs\perpus\system\Model.php(797): CodeIgniter\BaseModel->insert(Array, false)
#7 C:\xampp\htdocs\perpus\system\BaseModel.php(751): CodeIgniter\Model->insert(Array, false)
#8 C:\xampp\htdocs\perpus\app\Controllers\peminjaman.php(54): CodeIgniter\BaseModel->save(Array)
#9 C:\xampp\htdocs\perpus\system\CodeIgniter.php(933): App\Controllers\Peminjaman->store()
#10 C:\xampp\htdocs\perpus\system\CodeIgniter.php(507): CodeIgniter\CodeIgniter->runController(Object(App\Controllers\Peminjaman))
#11 C:\xampp\htdocs\perpus\system\CodeIgniter.php(354): CodeIgniter\CodeIgniter->handleRequest(NULL, Object(Config\Cache), false)
#12 C:\xampp\htdocs\perpus\system\Boot.php(363): CodeIgniter\CodeIgniter->run()
#13 C:\xampp\htdocs\perpus\system\Boot.php(68): CodeIgniter\Boot::runCodeIgniter(Object(CodeIgniter\CodeIgniter))
#14 C:\xampp\htdocs\perpus\index.php(59): CodeIgniter\Boot::bootWeb(Object(Config\Paths))
#15 {main}
CRITICAL - 2026-04-25 11:00:54 --> CodeIgniter\Database\Exceptions\DatabaseException: Unknown column 'foto' in 'field list'
[Method: POST, Route: peminjaman/store]
in SYSTEMPATH\Database\BaseConnection.php on line 684.
 1 SYSTEMPATH\Database\BaseBuilder.php(2345): CodeIgniter\Database\BaseConnection->query('INSERT INTO `peminjaman` (`id_buku`, `tanggal_pinjam`, `tanggal_kembali`, `status`, `id_anggota`, `id_petugas`, `foto`) VALUES (:id_buku:, :tanggal_pinjam:, :tanggal_kembali:, :status:, :id_anggota:, :id_petugas:, :foto:)', [...], false)
 2 SYSTEMPATH\Model.php(394): CodeIgniter\Database\BaseBuilder->insert()
 3 SYSTEMPATH\BaseModel.php(838): CodeIgniter\Model->doInsert([...])
 4 SYSTEMPATH\Model.php(797): CodeIgniter\BaseModel->insert([...], false)
 5 SYSTEMPATH\BaseModel.php(751): CodeIgniter\Model->insert([...], false)
 6 APPPATH\Controllers\peminjaman.php(54): CodeIgniter\BaseModel->save([...])
 7 SYSTEMPATH\CodeIgniter.php(933): App\Controllers\Peminjaman->store()
 8 SYSTEMPATH\CodeIgniter.php(507): CodeIgniter\CodeIgniter->runController(Object(App\Controllers\Peminjaman))
 9 SYSTEMPATH\CodeIgniter.php(354): CodeIgniter\CodeIgniter->handleRequest(null, Object(Config\Cache), false)
10 SYSTEMPATH\Boot.php(363): CodeIgniter\CodeIgniter->run()
11 SYSTEMPATH\Boot.php(68): CodeIgniter\Boot::runCodeIgniter(Object(CodeIgniter\CodeIgniter))
12 FCPATH\index.php(59): CodeIgniter\Boot::bootWeb(Object(Config\Paths))
CRITICAL - 2026-04-25 11:00:54 --> [Caused by] CodeIgniter\Database\Exceptions\DatabaseException: Unknown column 'foto' in 'field list'
in SYSTEMPATH\Database\MySQLi\Connection.php on line 332.
 1 SYSTEMPATH\Database\BaseConnection.php(729): CodeIgniter\Database\MySQLi\Connection->execute('INSERT INTO `peminjaman` (`id_buku`, `tanggal_pinjam`, `tanggal_kembali`, `status`, `id_anggota`, `id_petugas`, `foto`) VALUES (\'38\', \'2026-04-02\', \'2026-04-06\', \'dipinjam\', \'9\', \'8\', \'1777114854_e1d8a41790fbabf808c6.png\')')
 2 SYSTEMPATH\Database\BaseConnection.php(646): CodeIgniter\Database\BaseConnection->simpleQuery('INSERT INTO `peminjaman` (`id_buku`, `tanggal_pinjam`, `tanggal_kembali`, `status`, `id_anggota`, `id_petugas`, `foto`) VALUES (\'38\', \'2026-04-02\', \'2026-04-06\', \'dipinjam\', \'9\', \'8\', \'1777114854_e1d8a41790fbabf808c6.png\')')
 3 SYSTEMPATH\Database\BaseBuilder.php(2345): CodeIgniter\Database\BaseConnection->query('INSERT INTO `peminjaman` (`id_buku`, `tanggal_pinjam`, `tanggal_kembali`, `status`, `id_anggota`, `id_petugas`, `foto`) VALUES (:id_buku:, :tanggal_pinjam:, :tanggal_kembali:, :status:, :id_anggota:, :id_petugas:, :foto:)', [...], false)
 4 SYSTEMPATH\Model.php(394): CodeIgniter\Database\BaseBuilder->insert()
 5 SYSTEMPATH\BaseModel.php(838): CodeIgniter\Model->doInsert([...])
 6 SYSTEMPATH\Model.php(797): CodeIgniter\BaseModel->insert([...], false)
 7 SYSTEMPATH\BaseModel.php(751): CodeIgniter\Model->insert([...], false)
 8 APPPATH\Controllers\peminjaman.php(54): CodeIgniter\BaseModel->save([...])
 9 SYSTEMPATH\CodeIgniter.php(933): App\Controllers\Peminjaman->store()
10 SYSTEMPATH\CodeIgniter.php(507): CodeIgniter\CodeIgniter->runController(Object(App\Controllers\Peminjaman))
11 SYSTEMPATH\CodeIgniter.php(354): CodeIgniter\CodeIgniter->handleRequest(null, Object(Config\Cache), false)
12 SYSTEMPATH\Boot.php(363): CodeIgniter\CodeIgniter->run()
13 SYSTEMPATH\Boot.php(68): CodeIgniter\Boot::runCodeIgniter(Object(CodeIgniter\CodeIgniter))
14 FCPATH\index.php(59): CodeIgniter\Boot::bootWeb(Object(Config\Paths))
CRITICAL - 2026-04-25 11:00:54 --> [Caused by] mysqli_sql_exception: Unknown column 'foto' in 'field list'
in SYSTEMPATH\Database\MySQLi\Connection.php on line 327.
 1 SYSTEMPATH\Database\MySQLi\Connection.php(327): mysqli->query('INSERT INTO `peminjaman` (`id_buku`, `tanggal_pinjam`, `tanggal_kembali`, `status`, `id_anggota`, `id_petugas`, `foto`) VALUES (\'38\', \'2026-04-02\', \'2026-04-06\', \'dipinjam\', \'9\', \'8\', \'1777114854_e1d8a41790fbabf808c6.png\')', 0)
 2 SYSTEMPATH\Database\BaseConnection.php(729): CodeIgniter\Database\MySQLi\Connection->execute('INSERT INTO `peminjaman` (`id_buku`, `tanggal_pinjam`, `tanggal_kembali`, `status`, `id_anggota`, `id_petugas`, `foto`) VALUES (\'38\', \'2026-04-02\', \'2026-04-06\', \'dipinjam\', \'9\', \'8\', \'1777114854_e1d8a41790fbabf808c6.png\')')
 3 SYSTEMPATH\Database\BaseConnection.php(646): CodeIgniter\Database\BaseConnection->simpleQuery('INSERT INTO `peminjaman` (`id_buku`, `tanggal_pinjam`, `tanggal_kembali`, `status`, `id_anggota`, `id_petugas`, `foto`) VALUES (\'38\', \'2026-04-02\', \'2026-04-06\', \'dipinjam\', \'9\', \'8\', \'1777114854_e1d8a41790fbabf808c6.png\')')
 4 SYSTEMPATH\Database\BaseBuilder.php(2345): CodeIgniter\Database\BaseConnection->query('INSERT INTO `peminjaman` (`id_buku`, `tanggal_pinjam`, `tanggal_kembali`, `status`, `id_anggota`, `id_petugas`, `foto`) VALUES (:id_buku:, :tanggal_pinjam:, :tanggal_kembali:, :status:, :id_anggota:, :id_petugas:, :foto:)', [...], false)
 5 SYSTEMPATH\Model.php(394): CodeIgniter\Database\BaseBuilder->insert()
 6 SYSTEMPATH\BaseModel.php(838): CodeIgniter\Model->doInsert([...])
 7 SYSTEMPATH\Model.php(797): CodeIgniter\BaseModel->insert([...], false)
 8 SYSTEMPATH\BaseModel.php(751): CodeIgniter\Model->insert([...], false)
 9 APPPATH\Controllers\peminjaman.php(54): CodeIgniter\BaseModel->save([...])
10 SYSTEMPATH\CodeIgniter.php(933): App\Controllers\Peminjaman->store()
11 SYSTEMPATH\CodeIgniter.php(507): CodeIgniter\CodeIgniter->runController(Object(App\Controllers\Peminjaman))
12 SYSTEMPATH\CodeIgniter.php(354): CodeIgniter\CodeIgniter->handleRequest(null, Object(Config\Cache), false)
13 SYSTEMPATH\Boot.php(363): CodeIgniter\CodeIgniter->run()
14 SYSTEMPATH\Boot.php(68): CodeIgniter\Boot::runCodeIgniter(Object(CodeIgniter\CodeIgniter))
15 FCPATH\index.php(59): CodeIgniter\Boot::bootWeb(Object(Config\Paths))
ERROR - 2026-04-25 11:01:51 --> mysqli_sql_exception: Unknown column 'foto' in 'field list' in C:\xampp\htdocs\perpus\system\Database\MySQLi\Connection.php:327
Stack trace:
#0 C:\xampp\htdocs\perpus\system\Database\MySQLi\Connection.php(327): mysqli->query('INSERT INTO `pe...', 0)
#1 C:\xampp\htdocs\perpus\system\Database\BaseConnection.php(729): CodeIgniter\Database\MySQLi\Connection->execute('INSERT INTO `pe...')
#2 C:\xampp\htdocs\perpus\system\Database\BaseConnection.php(646): CodeIgniter\Database\BaseConnection->simpleQuery('INSERT INTO `pe...')
#3 C:\xampp\htdocs\perpus\system\Database\BaseBuilder.php(2345): CodeIgniter\Database\BaseConnection->query('INSERT INTO `pe...', Array, false)
#4 C:\xampp\htdocs\perpus\system\Model.php(394): CodeIgniter\Database\BaseBuilder->insert()
#5 C:\xampp\htdocs\perpus\system\BaseModel.php(838): CodeIgniter\Model->doInsert(Array)
#6 C:\xampp\htdocs\perpus\system\Model.php(797): CodeIgniter\BaseModel->insert(Array, false)
#7 C:\xampp\htdocs\perpus\system\BaseModel.php(751): CodeIgniter\Model->insert(Array, false)
#8 C:\xampp\htdocs\perpus\app\Controllers\peminjaman.php(54): CodeIgniter\BaseModel->save(Array)
#9 C:\xampp\htdocs\perpus\system\CodeIgniter.php(933): App\Controllers\Peminjaman->store()
#10 C:\xampp\htdocs\perpus\system\CodeIgniter.php(507): CodeIgniter\CodeIgniter->runController(Object(App\Controllers\Peminjaman))
#11 C:\xampp\htdocs\perpus\system\CodeIgniter.php(354): CodeIgniter\CodeIgniter->handleRequest(NULL, Object(Config\Cache), false)
#12 C:\xampp\htdocs\perpus\system\Boot.php(363): CodeIgniter\CodeIgniter->run()
#13 C:\xampp\htdocs\perpus\system\Boot.php(68): CodeIgniter\Boot::runCodeIgniter(Object(CodeIgniter\CodeIgniter))
#14 C:\xampp\htdocs\perpus\index.php(59): CodeIgniter\Boot::bootWeb(Object(Config\Paths))
#15 {main}
CRITICAL - 2026-04-25 11:01:51 --> CodeIgniter\Database\Exceptions\DatabaseException: Unknown column 'foto' in 'field list'
[Method: POST, Route: peminjaman/store]
in SYSTEMPATH\Database\BaseConnection.php on line 684.
 1 SYSTEMPATH\Database\BaseBuilder.php(2345): CodeIgniter\Database\BaseConnection->query('INSERT INTO `peminjaman` (`id_buku`, `tanggal_pinjam`, `tanggal_kembali`, `status`, `id_anggota`, `id_petugas`, `foto`) VALUES (:id_buku:, :tanggal_pinjam:, :tanggal_kembali:, :status:, :id_anggota:, :id_petugas:, :foto:)', [...], false)
 2 SYSTEMPATH\Model.php(394): CodeIgniter\Database\BaseBuilder->insert()
 3 SYSTEMPATH\BaseModel.php(838): CodeIgniter\Model->doInsert([...])
 4 SYSTEMPATH\Model.php(797): CodeIgniter\BaseModel->insert([...], false)
 5 SYSTEMPATH\BaseModel.php(751): CodeIgniter\Model->insert([...], false)
 6 APPPATH\Controllers\peminjaman.php(54): CodeIgniter\BaseModel->save([...])
 7 SYSTEMPATH\CodeIgniter.php(933): App\Controllers\Peminjaman->store()
 8 SYSTEMPATH\CodeIgniter.php(507): CodeIgniter\CodeIgniter->runController(Object(App\Controllers\Peminjaman))
 9 SYSTEMPATH\CodeIgniter.php(354): CodeIgniter\CodeIgniter->handleRequest(null, Object(Config\Cache), false)
10 SYSTEMPATH\Boot.php(363): CodeIgniter\CodeIgniter->run()
11 SYSTEMPATH\Boot.php(68): CodeIgniter\Boot::runCodeIgniter(Object(CodeIgniter\CodeIgniter))
12 FCPATH\index.php(59): CodeIgniter\Boot::bootWeb(Object(Config\Paths))
CRITICAL - 2026-04-25 11:01:51 --> [Caused by] CodeIgniter\Database\Exceptions\DatabaseException: Unknown column 'foto' in 'field list'
in SYSTEMPATH\Database\MySQLi\Connection.php on line 332.
 1 SYSTEMPATH\Database\BaseConnection.php(729): CodeIgniter\Database\MySQLi\Connection->execute('INSERT INTO `peminjaman` (`id_buku`, `tanggal_pinjam`, `tanggal_kembali`, `status`, `id_anggota`, `id_petugas`, `foto`) VALUES (\'38\', \'2026-04-02\', \'2026-04-06\', \'dipinjam\', \'9\', \'8\', \'1777114911_096190676b7dee2c1606.png\')')
 2 SYSTEMPATH\Database\BaseConnection.php(646): CodeIgniter\Database\BaseConnection->simpleQuery('INSERT INTO `peminjaman` (`id_buku`, `tanggal_pinjam`, `tanggal_kembali`, `status`, `id_anggota`, `id_petugas`, `foto`) VALUES (\'38\', \'2026-04-02\', \'2026-04-06\', \'dipinjam\', \'9\', \'8\', \'1777114911_096190676b7dee2c1606.png\')')
 3 SYSTEMPATH\Database\BaseBuilder.php(2345): CodeIgniter\Database\BaseConnection->query('INSERT INTO `peminjaman` (`id_buku`, `tanggal_pinjam`, `tanggal_kembali`, `status`, `id_anggota`, `id_petugas`, `foto`) VALUES (:id_buku:, :tanggal_pinjam:, :tanggal_kembali:, :status:, :id_anggota:, :id_petugas:, :foto:)', [...], false)
 4 SYSTEMPATH\Model.php(394): CodeIgniter\Database\BaseBuilder->insert()
 5 SYSTEMPATH\BaseModel.php(838): CodeIgniter\Model->doInsert([...])
 6 SYSTEMPATH\Model.php(797): CodeIgniter\BaseModel->insert([...], false)
 7 SYSTEMPATH\BaseModel.php(751): CodeIgniter\Model->insert([...], false)
 8 APPPATH\Controllers\peminjaman.php(54): CodeIgniter\BaseModel->save([...])
 9 SYSTEMPATH\CodeIgniter.php(933): App\Controllers\Peminjaman->store()
10 SYSTEMPATH\CodeIgniter.php(507): CodeIgniter\CodeIgniter->runController(Object(App\Controllers\Peminjaman))
11 SYSTEMPATH\CodeIgniter.php(354): CodeIgniter\CodeIgniter->handleRequest(null, Object(Config\Cache), false)
12 SYSTEMPATH\Boot.php(363): CodeIgniter\CodeIgniter->run()
13 SYSTEMPATH\Boot.php(68): CodeIgniter\Boot::runCodeIgniter(Object(CodeIgniter\CodeIgniter))
14 FCPATH\index.php(59): CodeIgniter\Boot::bootWeb(Object(Config\Paths))
CRITICAL - 2026-04-25 11:01:51 --> [Caused by] mysqli_sql_exception: Unknown column 'foto' in 'field list'
in SYSTEMPATH\Database\MySQLi\Connection.php on line 327.
 1 SYSTEMPATH\Database\MySQLi\Connection.php(327): mysqli->query('INSERT INTO `peminjaman` (`id_buku`, `tanggal_pinjam`, `tanggal_kembali`, `status`, `id_anggota`, `id_petugas`, `foto`) VALUES (\'38\', \'2026-04-02\', \'2026-04-06\', \'dipinjam\', \'9\', \'8\', \'1777114911_096190676b7dee2c1606.png\')', 0)
 2 SYSTEMPATH\Database\BaseConnection.php(729): CodeIgniter\Database\MySQLi\Connection->execute('INSERT INTO `peminjaman` (`id_buku`, `tanggal_pinjam`, `tanggal_kembali`, `status`, `id_anggota`, `id_petugas`, `foto`) VALUES (\'38\', \'2026-04-02\', \'2026-04-06\', \'dipinjam\', \'9\', \'8\', \'1777114911_096190676b7dee2c1606.png\')')
 3 SYSTEMPATH\Database\BaseConnection.php(646): CodeIgniter\Database\BaseConnection->simpleQuery('INSERT INTO `peminjaman` (`id_buku`, `tanggal_pinjam`, `tanggal_kembali`, `status`, `id_anggota`, `id_petugas`, `foto`) VALUES (\'38\', \'2026-04-02\', \'2026-04-06\', \'dipinjam\', \'9\', \'8\', \'1777114911_096190676b7dee2c1606.png\')')
 4 SYSTEMPATH\Database\BaseBuilder.php(2345): CodeIgniter\Database\BaseConnection->query('INSERT INTO `peminjaman` (`id_buku`, `tanggal_pinjam`, `tanggal_kembali`, `status`, `id_anggota`, `id_petugas`, `foto`) VALUES (:id_buku:, :tanggal_pinjam:, :tanggal_kembali:, :status:, :id_anggota:, :id_petugas:, :foto:)', [...], false)
 5 SYSTEMPATH\Model.php(394): CodeIgniter\Database\BaseBuilder->insert()
 6 SYSTEMPATH\BaseModel.php(838): CodeIgniter\Model->doInsert([...])
 7 SYSTEMPATH\Model.php(797): CodeIgniter\BaseModel->insert([...], false)
 8 SYSTEMPATH\BaseModel.php(751): CodeIgniter\Model->insert([...], false)
 9 APPPATH\Controllers\peminjaman.php(54): CodeIgniter\BaseModel->save([...])
10 SYSTEMPATH\CodeIgniter.php(933): App\Controllers\Peminjaman->store()
11 SYSTEMPATH\CodeIgniter.php(507): CodeIgniter\CodeIgniter->runController(Object(App\Controllers\Peminjaman))
12 SYSTEMPATH\CodeIgniter.php(354): CodeIgniter\CodeIgniter->handleRequest(null, Object(Config\Cache), false)
13 SYSTEMPATH\Boot.php(363): CodeIgniter\CodeIgniter->run()
14 SYSTEMPATH\Boot.php(68): CodeIgniter\Boot::runCodeIgniter(Object(CodeIgniter\CodeIgniter))
15 FCPATH\index.php(59): CodeIgniter\Boot::bootWeb(Object(Config\Paths))
ERROR - 2026-04-25 11:05:53 --> mysqli_sql_exception: Unknown column 'foto' in 'field list' in C:\xampp\htdocs\perpus\system\Database\MySQLi\Connection.php:327
Stack trace:
#0 C:\xampp\htdocs\perpus\system\Database\MySQLi\Connection.php(327): mysqli->query('INSERT INTO `pe...', 0)
#1 C:\xampp\htdocs\perpus\system\Database\BaseConnection.php(729): CodeIgniter\Database\MySQLi\Connection->execute('INSERT INTO `pe...')
#2 C:\xampp\htdocs\perpus\system\Database\BaseConnection.php(646): CodeIgniter\Database\BaseConnection->simpleQuery('INSERT INTO `pe...')
#3 C:\xampp\htdocs\perpus\system\Database\BaseBuilder.php(2345): CodeIgniter\Database\BaseConnection->query('INSERT INTO `pe...', Array, false)
#4 C:\xampp\htdocs\perpus\system\Model.php(394): CodeIgniter\Database\BaseBuilder->insert()
#5 C:\xampp\htdocs\perpus\system\BaseModel.php(838): CodeIgniter\Model->doInsert(Array)
#6 C:\xampp\htdocs\perpus\system\Model.php(797): CodeIgniter\BaseModel->insert(Array, false)
#7 C:\xampp\htdocs\perpus\system\BaseModel.php(751): CodeIgniter\Model->insert(Array, false)
#8 C:\xampp\htdocs\perpus\app\Controllers\peminjaman.php(54): CodeIgniter\BaseModel->save(Array)
#9 C:\xampp\htdocs\perpus\system\CodeIgniter.php(933): App\Controllers\Peminjaman->store()
#10 C:\xampp\htdocs\perpus\system\CodeIgniter.php(507): CodeIgniter\CodeIgniter->runController(Object(App\Controllers\Peminjaman))
#11 C:\xampp\htdocs\perpus\system\CodeIgniter.php(354): CodeIgniter\CodeIgniter->handleRequest(NULL, Object(Config\Cache), false)
#12 C:\xampp\htdocs\perpus\system\Boot.php(363): CodeIgniter\CodeIgniter->run()
#13 C:\xampp\htdocs\perpus\system\Boot.php(68): CodeIgniter\Boot::runCodeIgniter(Object(CodeIgniter\CodeIgniter))
#14 C:\xampp\htdocs\perpus\index.php(59): CodeIgniter\Boot::bootWeb(Object(Config\Paths))
#15 {main}
CRITICAL - 2026-04-25 11:05:53 --> CodeIgniter\Database\Exceptions\DatabaseException: Unknown column 'foto' in 'field list'
[Method: POST, Route: peminjaman/store]
in SYSTEMPATH\Database\BaseConnection.php on line 684.
 1 SYSTEMPATH\Database\BaseBuilder.php(2345): CodeIgniter\Database\BaseConnection->query('INSERT INTO `peminjaman` (`id_buku`, `tanggal_pinjam`, `tanggal_kembali`, `status`, `id_anggota`, `id_petugas`, `foto`) VALUES (:id_buku:, :tanggal_pinjam:, :tanggal_kembali:, :status:, :id_anggota:, :id_petugas:, :foto:)', [...], false)
 2 SYSTEMPATH\Model.php(394): CodeIgniter\Database\BaseBuilder->insert()
 3 SYSTEMPATH\BaseModel.php(838): CodeIgniter\Model->doInsert([...])
 4 SYSTEMPATH\Model.php(797): CodeIgniter\BaseModel->insert([...], false)
 5 SYSTEMPATH\BaseModel.php(751): CodeIgniter\Model->insert([...], false)
 6 APPPATH\Controllers\peminjaman.php(54): CodeIgniter\BaseModel->save([...])
 7 SYSTEMPATH\CodeIgniter.php(933): App\Controllers\Peminjaman->store()
 8 SYSTEMPATH\CodeIgniter.php(507): CodeIgniter\CodeIgniter->runController(Object(App\Controllers\Peminjaman))
 9 SYSTEMPATH\CodeIgniter.php(354): CodeIgniter\CodeIgniter->handleRequest(null, Object(Config\Cache), false)
10 SYSTEMPATH\Boot.php(363): CodeIgniter\CodeIgniter->run()
11 SYSTEMPATH\Boot.php(68): CodeIgniter\Boot::runCodeIgniter(Object(CodeIgniter\CodeIgniter))
12 FCPATH\index.php(59): CodeIgniter\Boot::bootWeb(Object(Config\Paths))
CRITICAL - 2026-04-25 11:05:53 --> [Caused by] CodeIgniter\Database\Exceptions\DatabaseException: Unknown column 'foto' in 'field list'
in SYSTEMPATH\Database\MySQLi\Connection.php on line 332.
 1 SYSTEMPATH\Database\BaseConnection.php(729): CodeIgniter\Database\MySQLi\Connection->execute('INSERT INTO `peminjaman` (`id_buku`, `tanggal_pinjam`, `tanggal_kembali`, `status`, `id_anggota`, `id_petugas`, `foto`) VALUES (\'38\', \'2026-04-02\', \'2026-04-06\', \'dipinjam\', \'9\', \'8\', \'1777115153_4948b3c1b438deab7da1.png\')')
 2 SYSTEMPATH\Database\BaseConnection.php(646): CodeIgniter\Database\BaseConnection->simpleQuery('INSERT INTO `peminjaman` (`id_buku`, `tanggal_pinjam`, `tanggal_kembali`, `status`, `id_anggota`, `id_petugas`, `foto`) VALUES (\'38\', \'2026-04-02\', \'2026-04-06\', \'dipinjam\', \'9\', \'8\', \'1777115153_4948b3c1b438deab7da1.png\')')
 3 SYSTEMPATH\Database\BaseBuilder.php(2345): CodeIgniter\Database\BaseConnection->query('INSERT INTO `peminjaman` (`id_buku`, `tanggal_pinjam`, `tanggal_kembali`, `status`, `id_anggota`, `id_petugas`, `foto`) VALUES (:id_buku:, :tanggal_pinjam:, :tanggal_kembali:, :status:, :id_anggota:, :id_petugas:, :foto:)', [...], false)
 4 SYSTEMPATH\Model.php(394): CodeIgniter\Database\BaseBuilder->insert()
 5 SYSTEMPATH\BaseModel.php(838): CodeIgniter\Model->doInsert([...])
 6 SYSTEMPATH\Model.php(797): CodeIgniter\BaseModel->insert([...], false)
 7 SYSTEMPATH\BaseModel.php(751): CodeIgniter\Model->insert([...], false)
 8 APPPATH\Controllers\peminjaman.php(54): CodeIgniter\BaseModel->save([...])
 9 SYSTEMPATH\CodeIgniter.php(933): App\Controllers\Peminjaman->store()
10 SYSTEMPATH\CodeIgniter.php(507): CodeIgniter\CodeIgniter->runController(Object(App\Controllers\Peminjaman))
11 SYSTEMPATH\CodeIgniter.php(354): CodeIgniter\CodeIgniter->handleRequest(null, Object(Config\Cache), false)
12 SYSTEMPATH\Boot.php(363): CodeIgniter\CodeIgniter->run()
13 SYSTEMPATH\Boot.php(68): CodeIgniter\Boot::runCodeIgniter(Object(CodeIgniter\CodeIgniter))
14 FCPATH\index.php(59): CodeIgniter\Boot::bootWeb(Object(Config\Paths))
CRITICAL - 2026-04-25 11:05:53 --> [Caused by] mysqli_sql_exception: Unknown column 'foto' in 'field list'
in SYSTEMPATH\Database\MySQLi\Connection.php on line 327.
 1 SYSTEMPATH\Database\MySQLi\Connection.php(327): mysqli->query('INSERT INTO `peminjaman` (`id_buku`, `tanggal_pinjam`, `tanggal_kembali`, `status`, `id_anggota`, `id_petugas`, `foto`) VALUES (\'38\', \'2026-04-02\', \'2026-04-06\', \'dipinjam\', \'9\', \'8\', \'1777115153_4948b3c1b438deab7da1.png\')', 0)
 2 SYSTEMPATH\Database\BaseConnection.php(729): CodeIgniter\Database\MySQLi\Connection->execute('INSERT INTO `peminjaman` (`id_buku`, `tanggal_pinjam`, `tanggal_kembali`, `status`, `id_anggota`, `id_petugas`, `foto`) VALUES (\'38\', \'2026-04-02\', \'2026-04-06\', \'dipinjam\', \'9\', \'8\', \'1777115153_4948b3c1b438deab7da1.png\')')
 3 SYSTEMPATH\Database\BaseConnection.php(646): CodeIgniter\Database\BaseConnection->simpleQuery('INSERT INTO `peminjaman` (`id_buku`, `tanggal_pinjam`, `tanggal_kembali`, `status`, `id_anggota`, `id_petugas`, `foto`) VALUES (\'38\', \'2026-04-02\', \'2026-04-06\', \'dipinjam\', \'9\', \'8\', \'1777115153_4948b3c1b438deab7da1.png\')')
 4 SYSTEMPATH\Database\BaseBuilder.php(2345): CodeIgniter\Database\BaseConnection->query('INSERT INTO `peminjaman` (`id_buku`, `tanggal_pinjam`, `tanggal_kembali`, `status`, `id_anggota`, `id_petugas`, `foto`) VALUES (:id_buku:, :tanggal_pinjam:, :tanggal_kembali:, :status:, :id_anggota:, :id_petugas:, :foto:)', [...], false)
 5 SYSTEMPATH\Model.php(394): CodeIgniter\Database\BaseBuilder->insert()
 6 SYSTEMPATH\BaseModel.php(838): CodeIgniter\Model->doInsert([...])
 7 SYSTEMPATH\Model.php(797): CodeIgniter\BaseModel->insert([...], false)
 8 SYSTEMPATH\BaseModel.php(751): CodeIgniter\Model->insert([...], false)
 9 APPPATH\Controllers\peminjaman.php(54): CodeIgniter\BaseModel->save([...])
10 SYSTEMPATH\CodeIgniter.php(933): App\Controllers\Peminjaman->store()
11 SYSTEMPATH\CodeIgniter.php(507): CodeIgniter\CodeIgniter->runController(Object(App\Controllers\Peminjaman))
12 SYSTEMPATH\CodeIgniter.php(354): CodeIgniter\CodeIgniter->handleRequest(null, Object(Config\Cache), false)
13 SYSTEMPATH\Boot.php(363): CodeIgniter\CodeIgniter->run()
14 SYSTEMPATH\Boot.php(68): CodeIgniter\Boot::runCodeIgniter(Object(CodeIgniter\CodeIgniter))
15 FCPATH\index.php(59): CodeIgniter\Boot::bootWeb(Object(Config\Paths))
DEBUG - 2026-04-25 11:07:47 --> Session: Class initialized using 'CodeIgniter\Session\Handlers\FileHandler' driver.
DEBUG - 2026-04-25 11:07:48 --> Session: Class initialized using 'CodeIgniter\Session\Handlers\FileHandler' driver.
DEBUG - 2026-04-25 11:07:51 --> Session: Class initialized using 'CodeIgniter\Session\Handlers\FileHandler' driver.
DEBUG - 2026-04-25 11:07:52 --> Session: Class initialized using 'CodeIgniter\Session\Handlers\FileHandler' driver.
DEBUG - 2026-04-25 11:07:54 --> Session: Class initialized using 'CodeIgniter\Session\Handlers\FileHandler' driver.
DEBUG - 2026-04-25 11:07:55 --> Session: Class initialized using 'CodeIgniter\Session\Handlers\FileHandler' driver.
DEBUG - 2026-04-25 11:07:56 --> Session: Class initialized using 'CodeIgniter\Session\Handlers\FileHandler' driver.
DEBUG - 2026-04-25 11:07:57 --> Session: Class initialized using 'CodeIgniter\Session\Handlers\FileHandler' driver.
DEBUG - 2026-04-25 11:07:58 --> Session: Class initialized using 'CodeIgniter\Session\Handlers\FileHandler' driver.
DEBUG - 2026-04-25 11:07:59 --> Session: Class initialized using 'CodeIgniter\Session\Handlers\FileHandler' driver.
DEBUG - 2026-04-25 11:08:00 --> Session: Class initialized using 'CodeIgniter\Session\Handlers\FileHandler' driver.
DEBUG - 2026-04-25 11:08:01 --> Session: Class initialized using 'CodeIgniter\Session\Handlers\FileHandler' driver.
DEBUG - 2026-04-25 11:08:03 --> Session: Class initialized using 'CodeIgniter\Session\Handlers\FileHandler' driver.
DEBUG - 2026-04-25 11:08:04 --> Session: Class initialized using 'CodeIgniter\Session\Handlers\FileHandler' driver.
DEBUG - 2026-04-25 11:08:10 --> Session: Class initialized using 'CodeIgniter\Session\Handlers\FileHandler' driver.
DEBUG - 2026-04-25 11:08:12 --> Session: Class initialized using 'CodeIgniter\Session\Handlers\FileHandler' driver.
DEBUG - 2026-04-25 11:08:20 --> Session: Class initialized using 'CodeIgniter\Session\Handlers\FileHandler' driver.
DEBUG - 2026-04-25 11:10:09 --> Session: Class initialized using 'CodeIgniter\Session\Handlers\FileHandler' driver.
CRITICAL - 2026-04-25 11:10:12 --> ErrorException: Undefined array key "isbn"
[Method: GET, Route: buku/detail/33]
in APPPATH\Views\buku\detail.php on line 16.
 1 APPPATH\Views\buku\detail.php(16): CodeIgniter\Debug\Exceptions->errorHandler(2, 'Undefined array key "isbn"', 'C:\\xampp\\htdocs\\perpus\\app\\Views\\buku\\detail.php', 16)
 2 SYSTEMPATH\View\View.php(226): include('C:\\xampp\\htdocs\\perpus\\app\\Views\\buku\\detail.php')
 3 SYSTEMPATH\View\View.php(229): CodeIgniter\View\View->CodeIgniter\View\{closure}()
 4 SYSTEMPATH\Common.php(1167): CodeIgniter\View\View->render('buku/detail', [], true)
 5 APPPATH\Controllers\Buku.php(117): view('buku/detail', [...])
 6 SYSTEMPATH\CodeIgniter.php(933): App\Controllers\Buku->detail('33')
 7 SYSTEMPATH\CodeIgniter.php(507): CodeIgniter\CodeIgniter->runController(Object(App\Controllers\Buku))
 8 SYSTEMPATH\CodeIgniter.php(354): CodeIgniter\CodeIgniter->handleRequest(null, Object(Config\Cache), false)
 9 SYSTEMPATH\Boot.php(363): CodeIgniter\CodeIgniter->run()
10 SYSTEMPATH\Boot.php(68): CodeIgniter\Boot::runCodeIgniter(Object(CodeIgniter\CodeIgniter))
11 FCPATH\index.php(59): CodeIgniter\Boot::bootWeb(Object(Config\Paths))
DEBUG - 2026-04-25 11:11:10 --> Session: Class initialized using 'CodeIgniter\Session\Handlers\FileHandler' driver.
DEBUG - 2026-04-25 11:12:55 --> Session: Class initialized using 'CodeIgniter\Session\Handlers\FileHandler' driver.
DEBUG - 2026-04-25 11:12:56 --> Session: Class initialized using 'CodeIgniter\Session\Handlers\FileHandler' driver.
DEBUG - 2026-04-25 11:12:56 --> Session: Class initialized using 'CodeIgniter\Session\Handlers\FileHandler' driver.
DEBUG - 2026-04-25 11:12:58 --> Session: Class initialized using 'CodeIgniter\Session\Handlers\FileHandler' driver.
DEBUG - 2026-04-25 11:13:00 --> Session: Class initialized using 'CodeIgniter\Session\Handlers\FileHandler' driver.
DEBUG - 2026-04-25 11:14:04 --> Session: Class initialized using 'CodeIgniter\Session\Handlers\FileHandler' driver.
CRITICAL - 2026-04-25 11:14:07 --> ErrorException: Undefined array key "isbn"
[Method: GET, Route: buku/edit/36]
in APPPATH\Views\buku\edit.php on line 11.
 1 APPPATH\Views\buku\edit.php(11): CodeIgniter\Debug\Exceptions->errorHandler(2, 'Undefined array key "isbn"', 'C:\\xampp\\htdocs\\perpus\\app\\Views\\buku\\edit.php', 11)
 2 SYSTEMPATH\View\View.php(226): include('C:\\xampp\\htdocs\\perpus\\app\\Views\\buku\\edit.php')
 3 SYSTEMPATH\View\View.php(229): CodeIgniter\View\View->CodeIgniter\View\{closure}()
 4 SYSTEMPATH\Common.php(1167): CodeIgniter\View\View->render('buku/edit', [], true)
 5 APPPATH\Controllers\Buku.php(128): view('buku/edit', [...])
 6 SYSTEMPATH\CodeIgniter.php(933): App\Controllers\Buku->edit('36')
 7 SYSTEMPATH\CodeIgniter.php(507): CodeIgniter\CodeIgniter->runController(Object(App\Controllers\Buku))
 8 SYSTEMPATH\CodeIgniter.php(354): CodeIgniter\CodeIgniter->handleRequest(null, Object(Config\Cache), false)
 9 SYSTEMPATH\Boot.php(363): CodeIgniter\CodeIgniter->run()
10 SYSTEMPATH\Boot.php(68): CodeIgniter\Boot::runCodeIgniter(Object(CodeIgniter\CodeIgniter))
11 FCPATH\index.php(59): CodeIgniter\Boot::bootWeb(Object(Config\Paths))
CRITICAL - 2026-04-25 11:16:02 --> ParseError: syntax error, unexpected token "<"
[Method: GET, Route: buku/edit/36]
in APPPATH\Views\buku\edit.php on line 11.
 1 SYSTEMPATH\View\View.php(229): CodeIgniter\View\View->CodeIgniter\View\{closure}()
 2 SYSTEMPATH\Common.php(1167): CodeIgniter\View\View->render('buku/edit', [], true)
 3 APPPATH\Controllers\Buku.php(128): view('buku/edit', [...])
 4 SYSTEMPATH\CodeIgniter.php(933): App\Controllers\Buku->edit('36')
 5 SYSTEMPATH\CodeIgniter.php(507): CodeIgniter\CodeIgniter->runController(Object(App\Controllers\Buku))
 6 SYSTEMPATH\CodeIgniter.php(354): CodeIgniter\CodeIgniter->handleRequest(null, Object(Config\Cache), false)
 7 SYSTEMPATH\Boot.php(363): CodeIgniter\CodeIgniter->run()
 8 SYSTEMPATH\Boot.php(68): CodeIgniter\Boot::runCodeIgniter(Object(CodeIgniter\CodeIgniter))
 9 FCPATH\index.php(59): CodeIgniter\Boot::bootWeb(Object(Config\Paths))
CRITICAL - 2026-04-25 11:17:02 --> ParseError: syntax error, unexpected token "<"
[Method: GET, Route: buku/edit/36]
in APPPATH\Views\buku\edit.php on line 11.
 1 SYSTEMPATH\View\View.php(229): CodeIgniter\View\View->CodeIgniter\View\{closure}()
 2 SYSTEMPATH\Common.php(1167): CodeIgniter\View\View->render('buku/edit', [], true)
 3 APPPATH\Controllers\Buku.php(128): view('buku/edit', [...])
 4 SYSTEMPATH\CodeIgniter.php(933): App\Controllers\Buku->edit('36')
 5 SYSTEMPATH\CodeIgniter.php(507): CodeIgniter\CodeIgniter->runController(Object(App\Controllers\Buku))
 6 SYSTEMPATH\CodeIgniter.php(354): CodeIgniter\CodeIgniter->handleRequest(null, Object(Config\Cache), false)
 7 SYSTEMPATH\Boot.php(363): CodeIgniter\CodeIgniter->run()
 8 SYSTEMPATH\Boot.php(68): CodeIgniter\Boot::runCodeIgniter(Object(CodeIgniter\CodeIgniter))
 9 FCPATH\index.php(59): CodeIgniter\Boot::bootWeb(Object(Config\Paths))
CRITICAL - 2026-04-25 11:17:03 --> ParseError: syntax error, unexpected token "<"
[Method: GET, Route: buku/edit/36]
in APPPATH\Views\buku\edit.php on line 11.
 1 SYSTEMPATH\View\View.php(229): CodeIgniter\View\View->CodeIgniter\View\{closure}()
 2 SYSTEMPATH\Common.php(1167): CodeIgniter\View\View->render('buku/edit', [], true)
 3 APPPATH\Controllers\Buku.php(128): view('buku/edit', [...])
 4 SYSTEMPATH\CodeIgniter.php(933): App\Controllers\Buku->edit('36')
 5 SYSTEMPATH\CodeIgniter.php(507): CodeIgniter\CodeIgniter->runController(Object(App\Controllers\Buku))
 6 SYSTEMPATH\CodeIgniter.php(354): CodeIgniter\CodeIgniter->handleRequest(null, Object(Config\Cache), false)
 7 SYSTEMPATH\Boot.php(363): CodeIgniter\CodeIgniter->run()
 8 SYSTEMPATH\Boot.php(68): CodeIgniter\Boot::runCodeIgniter(Object(CodeIgniter\CodeIgniter))
 9 FCPATH\index.php(59): CodeIgniter\Boot::bootWeb(Object(Config\Paths))
CRITICAL - 2026-04-25 11:17:56 --> ParseError: syntax error, unexpected token "<"
[Method: GET, Route: buku/edit/36]
in APPPATH\Views\buku\edit.php on line 11.
 1 SYSTEMPATH\View\View.php(229): CodeIgniter\View\View->CodeIgniter\View\{closure}()
 2 SYSTEMPATH\Common.php(1167): CodeIgniter\View\View->render('buku/edit', [], true)
 3 APPPATH\Controllers\Buku.php(128): view('buku/edit', [...])
 4 SYSTEMPATH\CodeIgniter.php(933): App\Controllers\Buku->edit('36')
 5 SYSTEMPATH\CodeIgniter.php(507): CodeIgniter\CodeIgniter->runController(Object(App\Controllers\Buku))
 6 SYSTEMPATH\CodeIgniter.php(354): CodeIgniter\CodeIgniter->handleRequest(null, Object(Config\Cache), false)
 7 SYSTEMPATH\Boot.php(363): CodeIgniter\CodeIgniter->run()
 8 SYSTEMPATH\Boot.php(68): CodeIgniter\Boot::runCodeIgniter(Object(CodeIgniter\CodeIgniter))
 9 FCPATH\index.php(59): CodeIgniter\Boot::bootWeb(Object(Config\Paths))
CRITICAL - 2026-04-25 11:18:54 --> ParseError: syntax error, unexpected token "<"
[Method: GET, Route: buku/edit/36]
in APPPATH\Views\buku\edit.php on line 11.
 1 SYSTEMPATH\View\View.php(229): CodeIgniter\View\View->CodeIgniter\View\{closure}()
 2 SYSTEMPATH\Common.php(1167): CodeIgniter\View\View->render('buku/edit', [], true)
 3 APPPATH\Controllers\Buku.php(128): view('buku/edit', [...])
 4 SYSTEMPATH\CodeIgniter.php(933): App\Controllers\Buku->edit('36')
 5 SYSTEMPATH\CodeIgniter.php(507): CodeIgniter\CodeIgniter->runController(Object(App\Controllers\Buku))
 6 SYSTEMPATH\CodeIgniter.php(354): CodeIgniter\CodeIgniter->handleRequest(null, Object(Config\Cache), false)
 7 SYSTEMPATH\Boot.php(363): CodeIgniter\CodeIgniter->run()
 8 SYSTEMPATH\Boot.php(68): CodeIgniter\Boot::runCodeIgniter(Object(CodeIgniter\CodeIgniter))
 9 FCPATH\index.php(59): CodeIgniter\Boot::bootWeb(Object(Config\Paths))
CRITICAL - 2026-04-25 11:18:55 --> ParseError: syntax error, unexpected token "<"
[Method: GET, Route: buku/edit/36]
in APPPATH\Views\buku\edit.php on line 11.
 1 SYSTEMPATH\View\View.php(229): CodeIgniter\View\View->CodeIgniter\View\{closure}()
 2 SYSTEMPATH\Common.php(1167): CodeIgniter\View\View->render('buku/edit', [], true)
 3 APPPATH\Controllers\Buku.php(128): view('buku/edit', [...])
 4 SYSTEMPATH\CodeIgniter.php(933): App\Controllers\Buku->edit('36')
 5 SYSTEMPATH\CodeIgniter.php(507): CodeIgniter\CodeIgniter->runController(Object(App\Controllers\Buku))
 6 SYSTEMPATH\CodeIgniter.php(354): CodeIgniter\CodeIgniter->handleRequest(null, Object(Config\Cache), false)
 7 SYSTEMPATH\Boot.php(363): CodeIgniter\CodeIgniter->run()
 8 SYSTEMPATH\Boot.php(68): CodeIgniter\Boot::runCodeIgniter(Object(CodeIgniter\CodeIgniter))
 9 FCPATH\index.php(59): CodeIgniter\Boot::bootWeb(Object(Config\Paths))
DEBUG - 2026-04-25 11:19:36 --> Session: Class initialized using 'CodeIgniter\Session\Handlers\FileHandler' driver.
DEBUG - 2026-04-25 11:19:44 --> Session: Class initialized using 'CodeIgniter\Session\Handlers\FileHandler' driver.
DEBUG - 2026-04-25 11:19:45 --> Session: Class initialized using 'CodeIgniter\Session\Handlers\FileHandler' driver.
DEBUG - 2026-04-25 11:19:57 --> Session: Class initialized using 'CodeIgniter\Session\Handlers\FileHandler' driver.
DEBUG - 2026-04-25 11:20:18 --> Session: Class initialized using 'CodeIgniter\Session\Handlers\FileHandler' driver.
DEBUG - 2026-04-25 11:20:18 --> Session: Class initialized using 'CodeIgniter\Session\Handlers\FileHandler' driver.
DEBUG - 2026-04-25 11:20:26 --> Session: Class initialized using 'CodeIgniter\Session\Handlers\FileHandler' driver.
DEBUG - 2026-04-25 11:20:31 --> Session: Class initialized using 'CodeIgniter\Session\Handlers\FileHandler' driver.
DEBUG - 2026-04-25 11:20:39 --> Session: Class initialized using 'CodeIgniter\Session\Handlers\FileHandler' driver.
DEBUG - 2026-04-25 11:20:39 --> Session: Class initialized using 'CodeIgniter\Session\Handlers\FileHandler' driver.
DEBUG - 2026-04-25 11:20:42 --> Session: Class initialized using 'CodeIgniter\Session\Handlers\FileHandler' driver.
DEBUG - 2026-04-25 11:20:50 --> Session: Class initialized using 'CodeIgniter\Session\Handlers\FileHandler' driver.
DEBUG - 2026-04-25 11:20:50 --> Session: Class initialized using 'CodeIgniter\Session\Handlers\FileHandler' driver.
DEBUG - 2026-04-25 11:20:52 --> Session: Class initialized using 'CodeIgniter\Session\Handlers\FileHandler' driver.
DEBUG - 2026-04-25 11:21:00 --> Session: Class initialized using 'CodeIgniter\Session\Handlers\FileHandler' driver.
DEBUG - 2026-04-25 11:21:00 --> Session: Class initialized using 'CodeIgniter\Session\Handlers\FileHandler' driver.
DEBUG - 2026-04-25 11:22:12 --> Session: Class initialized using 'CodeIgniter\Session\Handlers\FileHandler' driver.
DEBUG - 2026-04-25 11:22:26 --> Session: Class initialized using 'CodeIgniter\Session\Handlers\FileHandler' driver.
DEBUG - 2026-04-25 11:24:43 --> Session: Class initialized using 'CodeIgniter\Session\Handlers\FileHandler' driver.
DEBUG - 2026-04-25 11:24:59 --> Session: Class initialized using 'CodeIgniter\Session\Handlers\FileHandler' driver.
DEBUG - 2026-04-25 11:25:06 --> Session: Class initialized using 'CodeIgniter\Session\Handlers\FileHandler' driver.
DEBUG - 2026-04-25 11:27:44 --> Session: Class initialized using 'CodeIgniter\Session\Handlers\FileHandler' driver.
DEBUG - 2026-04-25 11:28:24 --> Session: Class initialized using 'CodeIgniter\Session\Handlers\FileHandler' driver.
DEBUG - 2026-04-25 11:30:29 --> Session: Class initialized using 'CodeIgniter\Session\Handlers\FileHandler' driver.
DEBUG - 2026-04-25 11:31:05 --> Session: Class initialized using 'CodeIgniter\Session\Handlers\FileHandler' driver.
DEBUG - 2026-04-25 11:31:05 --> Session: Class initialized using 'CodeIgniter\Session\Handlers\FileHandler' driver.
DEBUG - 2026-04-25 11:31:41 --> Session: Class initialized using 'CodeIgniter\Session\Handlers\FileHandler' driver.
DEBUG - 2026-04-25 11:33:19 --> Session: Class initialized using 'CodeIgniter\Session\Handlers\FileHandler' driver.
DEBUG - 2026-04-25 11:34:03 --> Session: Class initialized using 'CodeIgniter\Session\Handlers\FileHandler' driver.
DEBUG - 2026-04-25 11:34:15 --> Session: Class initialized using 'CodeIgniter\Session\Handlers\FileHandler' driver.
DEBUG - 2026-04-25 11:34:15 --> Session: Class initialized using 'CodeIgniter\Session\Handlers\FileHandler' driver.
DEBUG - 2026-04-25 11:34:21 --> Session: Class initialized using 'CodeIgniter\Session\Handlers\FileHandler' driver.
DEBUG - 2026-04-25 11:34:32 --> Session: Class initialized using 'CodeIgniter\Session\Handlers\FileHandler' driver.
DEBUG - 2026-04-25 11:34:32 --> Session: Class initialized using 'CodeIgniter\Session\Handlers\FileHandler' driver.
DEBUG - 2026-04-25 11:34:37 --> Session: Class initialized using 'CodeIgniter\Session\Handlers\FileHandler' driver.
DEBUG - 2026-04-25 11:34:45 --> Session: Class initialized using 'CodeIgniter\Session\Handlers\FileHandler' driver.
DEBUG - 2026-04-25 11:34:45 --> Session: Class initialized using 'CodeIgniter\Session\Handlers\FileHandler' driver.
DEBUG - 2026-04-25 11:35:27 --> Session: Class initialized using 'CodeIgniter\Session\Handlers\FileHandler' driver.
DEBUG - 2026-04-25 11:35:29 --> Session: Class initialized using 'CodeIgniter\Session\Handlers\FileHandler' driver.
DEBUG - 2026-04-25 11:35:35 --> Session: Class initialized using 'CodeIgniter\Session\Handlers\FileHandler' driver.
DEBUG - 2026-04-25 11:35:35 --> Session: Class initialized using 'CodeIgniter\Session\Handlers\FileHandler' driver.
DEBUG - 2026-04-25 11:35:42 --> Session: Class initialized using 'CodeIgniter\Session\Handlers\FileHandler' driver.
DEBUG - 2026-04-25 11:35:49 --> Session: Class initialized using 'CodeIgniter\Session\Handlers\FileHandler' driver.
DEBUG - 2026-04-25 11:35:49 --> Session: Class initialized using 'CodeIgniter\Session\Handlers\FileHandler' driver.
DEBUG - 2026-04-25 11:35:58 --> Session: Class initialized using 'CodeIgniter\Session\Handlers\FileHandler' driver.
DEBUG - 2026-04-25 11:36:03 --> Session: Class initialized using 'CodeIgniter\Session\Handlers\FileHandler' driver.
DEBUG - 2026-04-25 11:36:27 --> Session: Class initialized using 'CodeIgniter\Session\Handlers\FileHandler' driver.
DEBUG - 2026-04-25 11:36:27 --> Session: Class initialized using 'CodeIgniter\Session\Handlers\FileHandler' driver.
DEBUG - 2026-04-25 11:36:39 --> Session: Class initialized using 'CodeIgniter\Session\Handlers\FileHandler' driver.
DEBUG - 2026-04-25 11:37:10 --> Session: Class initialized using 'CodeIgniter\Session\Handlers\FileHandler' driver.
DEBUG - 2026-04-25 11:37:11 --> Session: Class initialized using 'CodeIgniter\Session\Handlers\FileHandler' driver.
DEBUG - 2026-04-25 11:37:22 --> Session: Class initialized using 'CodeIgniter\Session\Handlers\FileHandler' driver.
DEBUG - 2026-04-25 11:37:30 --> Session: Class initialized using 'CodeIgniter\Session\Handlers\FileHandler' driver.
DEBUG - 2026-04-25 11:37:30 --> Session: Class initialized using 'CodeIgniter\Session\Handlers\FileHandler' driver.
DEBUG - 2026-04-25 11:37:37 --> Session: Class initialized using 'CodeIgniter\Session\Handlers\FileHandler' driver.
DEBUG - 2026-04-25 11:37:48 --> Session: Class initialized using 'CodeIgniter\Session\Handlers\FileHandler' driver.
DEBUG - 2026-04-25 11:37:58 --> Session: Class initialized using 'CodeIgniter\Session\Handlers\FileHandler' driver.
DEBUG - 2026-04-25 11:37:58 --> Session: Class initialized using 'CodeIgniter\Session\Handlers\FileHandler' driver.
DEBUG - 2026-04-25 11:47:15 --> Session: Class initialized using 'CodeIgniter\Session\Handlers\FileHandler' driver.
DEBUG - 2026-04-25 11:47:16 --> Session: Class initialized using 'CodeIgniter\Session\Handlers\FileHandler' driver.
DEBUG - 2026-04-25 11:49:08 --> Session: Class initialized using 'CodeIgniter\Session\Handlers\FileHandler' driver.
DEBUG - 2026-04-25 11:49:38 --> Session: Class initialized using 'CodeIgniter\Session\Handlers\FileHandler' driver.
DEBUG - 2026-04-25 11:49:38 --> Session: Class initialized using 'CodeIgniter\Session\Handlers\FileHandler' driver.
DEBUG - 2026-04-25 11:49:44 --> Session: Class initialized using 'CodeIgniter\Session\Handlers\FileHandler' driver.
DEBUG - 2026-04-25 11:49:53 --> Session: Class initialized using 'CodeIgniter\Session\Handlers\FileHandler' driver.
DEBUG - 2026-04-25 11:49:53 --> Session: Class initialized using 'CodeIgniter\Session\Handlers\FileHandler' driver.
DEBUG - 2026-04-25 11:49:59 --> Session: Class initialized using 'CodeIgniter\Session\Handlers\FileHandler' driver.
DEBUG - 2026-04-25 11:50:07 --> Session: Class initialized using 'CodeIgniter\Session\Handlers\FileHandler' driver.
DEBUG - 2026-04-25 11:50:07 --> Session: Class initialized using 'CodeIgniter\Session\Handlers\FileHandler' driver.
DEBUG - 2026-04-25 11:51:55 --> Session: Class initialized using 'CodeIgniter\Session\Handlers\FileHandler' driver.
DEBUG - 2026-04-25 11:51:58 --> Session: Class initialized using 'CodeIgniter\Session\Handlers\FileHandler' driver.
DEBUG - 2026-04-25 11:52:04 --> Session: Class initialized using 'CodeIgniter\Session\Handlers\FileHandler' driver.
DEBUG - 2026-04-25 11:52:35 --> Session: Class initialized using 'CodeIgniter\Session\Handlers\FileHandler' driver.
DEBUG - 2026-04-25 11:52:36 --> Session: Class initialized using 'CodeIgniter\Session\Handlers\FileHandler' driver.
DEBUG - 2026-04-25 11:53:01 --> Session: Class initialized using 'CodeIgniter\Session\Handlers\FileHandler' driver.
DEBUG - 2026-04-25 11:54:14 --> Session: Class initialized using 'CodeIgniter\Session\Handlers\FileHandler' driver.
DEBUG - 2026-04-25 11:54:50 --> Session: Class initialized using 'CodeIgniter\Session\Handlers\FileHandler' driver.
DEBUG - 2026-04-25 11:54:51 --> Session: Class initialized using 'CodeIgniter\Session\Handlers\FileHandler' driver.
DEBUG - 2026-04-25 11:55:06 --> Session: Class initialized using 'CodeIgniter\Session\Handlers\FileHandler' driver.
DEBUG - 2026-04-25 11:55:08 --> Session: Class initialized using 'CodeIgniter\Session\Handlers\FileHandler' driver.
DEBUG - 2026-04-25 11:55:08 --> Session: Class initialized using 'CodeIgniter\Session\Handlers\FileHandler' driver.
DEBUG - 2026-04-25 11:55:12 --> Session: Class initialized using 'CodeIgniter\Session\Handlers\FileHandler' driver.
DEBUG - 2026-04-25 11:55:20 --> Session: Class initialized using 'CodeIgniter\Session\Handlers\FileHandler' driver.
DEBUG - 2026-04-25 11:55:20 --> Session: Class initialized using 'CodeIgniter\Session\Handlers\FileHandler' driver.
DEBUG - 2026-04-25 11:55:26 --> Session: Class initialized using 'CodeIgniter\Session\Handlers\FileHandler' driver.
DEBUG - 2026-04-25 11:55:34 --> Session: Class initialized using 'CodeIgniter\Session\Handlers\FileHandler' driver.
DEBUG - 2026-04-25 11:55:34 --> Session: Class initialized using 'CodeIgniter\Session\Handlers\FileHandler' driver.
DEBUG - 2026-04-25 11:55:42 --> Session: Class initialized using 'CodeIgniter\Session\Handlers\FileHandler' driver.
DEBUG - 2026-04-25 11:55:48 --> Session: Class initialized using 'CodeIgniter\Session\Handlers\FileHandler' driver.
DEBUG - 2026-04-25 11:55:48 --> Session: Class initialized using 'CodeIgniter\Session\Handlers\FileHandler' driver.
DEBUG - 2026-04-25 11:55:53 --> Session: Class initialized using 'CodeIgniter\Session\Handlers\FileHandler' driver.
DEBUG - 2026-04-25 11:56:06 --> Session: Class initialized using 'CodeIgniter\Session\Handlers\FileHandler' driver.
DEBUG - 2026-04-25 11:56:12 --> Session: Class initialized using 'CodeIgniter\Session\Handlers\FileHandler' driver.
DEBUG - 2026-04-25 11:56:12 --> Session: Class initialized using 'CodeIgniter\Session\Handlers\FileHandler' driver.
DEBUG - 2026-04-25 11:57:12 --> Session: Class initialized using 'CodeIgniter\Session\Handlers\FileHandler' driver.
DEBUG - 2026-04-25 11:57:14 --> Session: Class initialized using 'CodeIgniter\Session\Handlers\FileHandler' driver.
DEBUG - 2026-04-25 11:57:16 --> Session: Class initialized using 'CodeIgniter\Session\Handlers\FileHandler' driver.
ERROR - 2026-04-25 11:57:30 --> mysqli_sql_exception: Unknown column 'foto' in 'field list' in C:\xampp\htdocs\perpus\system\Database\MySQLi\Connection.php:327
Stack trace:
#0 C:\xampp\htdocs\perpus\system\Database\MySQLi\Connection.php(327): mysqli->query('INSERT INTO `pe...', 0)
#1 C:\xampp\htdocs\perpus\system\Database\BaseConnection.php(729): CodeIgniter\Database\MySQLi\Connection->execute('INSERT INTO `pe...')
#2 C:\xampp\htdocs\perpus\system\Database\BaseConnection.php(646): CodeIgniter\Database\BaseConnection->simpleQuery('INSERT INTO `pe...')
#3 C:\xampp\htdocs\perpus\system\Database\BaseBuilder.php(2345): CodeIgniter\Database\BaseConnection->query('INSERT INTO `pe...', Array, false)
#4 C:\xampp\htdocs\perpus\system\Model.php(394): CodeIgniter\Database\BaseBuilder->insert()
#5 C:\xampp\htdocs\perpus\system\BaseModel.php(838): CodeIgniter\Model->doInsert(Array)
#6 C:\xampp\htdocs\perpus\system\Model.php(797): CodeIgniter\BaseModel->insert(Array, false)
#7 C:\xampp\htdocs\perpus\system\BaseModel.php(751): CodeIgniter\Model->insert(Array, false)
#8 C:\xampp\htdocs\perpus\app\Controllers\peminjaman.php(54): CodeIgniter\BaseModel->save(Array)
#9 C:\xampp\htdocs\perpus\system\CodeIgniter.php(933): App\Controllers\Peminjaman->store()
#10 C:\xampp\htdocs\perpus\system\CodeIgniter.php(507): CodeIgniter\CodeIgniter->runController(Object(App\Controllers\Peminjaman))
#11 C:\xampp\htdocs\perpus\system\CodeIgniter.php(354): CodeIgniter\CodeIgniter->handleRequest(NULL, Object(Config\Cache), false)
#12 C:\xampp\htdocs\perpus\system\Boot.php(363): CodeIgniter\CodeIgniter->run()
#13 C:\xampp\htdocs\perpus\system\Boot.php(68): CodeIgniter\Boot::runCodeIgniter(Object(CodeIgniter\CodeIgniter))
#14 C:\xampp\htdocs\perpus\index.php(59): CodeIgniter\Boot::bootWeb(Object(Config\Paths))
#15 {main}
CRITICAL - 2026-04-25 11:57:31 --> CodeIgniter\Database\Exceptions\DatabaseException: Unknown column 'foto' in 'field list'
[Method: POST, Route: peminjaman/store]
in SYSTEMPATH\Database\BaseConnection.php on line 684.
 1 SYSTEMPATH\Database\BaseBuilder.php(2345): CodeIgniter\Database\BaseConnection->query('INSERT INTO `peminjaman` (`id_buku`, `tanggal_pinjam`, `tanggal_kembali`, `status`, `id_anggota`, `id_petugas`, `foto`) VALUES (:id_buku:, :tanggal_pinjam:, :tanggal_kembali:, :status:, :id_anggota:, :id_petugas:, :foto:)', [...], false)
 2 SYSTEMPATH\Model.php(394): CodeIgniter\Database\BaseBuilder->insert()
 3 SYSTEMPATH\BaseModel.php(838): CodeIgniter\Model->doInsert([...])
 4 SYSTEMPATH\Model.php(797): CodeIgniter\BaseModel->insert([...], false)
 5 SYSTEMPATH\BaseModel.php(751): CodeIgniter\Model->insert([...], false)
 6 APPPATH\Controllers\peminjaman.php(54): CodeIgniter\BaseModel->save([...])
 7 SYSTEMPATH\CodeIgniter.php(933): App\Controllers\Peminjaman->store()
 8 SYSTEMPATH\CodeIgniter.php(507): CodeIgniter\CodeIgniter->runController(Object(App\Controllers\Peminjaman))
 9 SYSTEMPATH\CodeIgniter.php(354): CodeIgniter\CodeIgniter->handleRequest(null, Object(Config\Cache), false)
10 SYSTEMPATH\Boot.php(363): CodeIgniter\CodeIgniter->run()
11 SYSTEMPATH\Boot.php(68): CodeIgniter\Boot::runCodeIgniter(Object(CodeIgniter\CodeIgniter))
12 FCPATH\index.php(59): CodeIgniter\Boot::bootWeb(Object(Config\Paths))
CRITICAL - 2026-04-25 11:57:31 --> [Caused by] CodeIgniter\Database\Exceptions\DatabaseException: Unknown column 'foto' in 'field list'
in SYSTEMPATH\Database\MySQLi\Connection.php on line 332.
 1 SYSTEMPATH\Database\BaseConnection.php(729): CodeIgniter\Database\MySQLi\Connection->execute('INSERT INTO `peminjaman` (`id_buku`, `tanggal_pinjam`, `tanggal_kembali`, `status`, `id_anggota`, `id_petugas`, `foto`) VALUES (\'13\', \'2026-04-10\', \'2026-04-01\', \'dipinjam\', \'9\', \'8\', \'1777118250_01e5c6da000fbe08e632.jpg\')')
 2 SYSTEMPATH\Database\BaseConnection.php(646): CodeIgniter\Database\BaseConnection->simpleQuery('INSERT INTO `peminjaman` (`id_buku`, `tanggal_pinjam`, `tanggal_kembali`, `status`, `id_anggota`, `id_petugas`, `foto`) VALUES (\'13\', \'2026-04-10\', \'2026-04-01\', \'dipinjam\', \'9\', \'8\', \'1777118250_01e5c6da000fbe08e632.jpg\')')
 3 SYSTEMPATH\Database\BaseBuilder.php(2345): CodeIgniter\Database\BaseConnection->query('INSERT INTO `peminjaman` (`id_buku`, `tanggal_pinjam`, `tanggal_kembali`, `status`, `id_anggota`, `id_petugas`, `foto`) VALUES (:id_buku:, :tanggal_pinjam:, :tanggal_kembali:, :status:, :id_anggota:, :id_petugas:, :foto:)', [...], false)
 4 SYSTEMPATH\Model.php(394): CodeIgniter\Database\BaseBuilder->insert()
 5 SYSTEMPATH\BaseModel.php(838): CodeIgniter\Model->doInsert([...])
 6 SYSTEMPATH\Model.php(797): CodeIgniter\BaseModel->insert([...], false)
 7 SYSTEMPATH\BaseModel.php(751): CodeIgniter\Model->insert([...], false)
 8 APPPATH\Controllers\peminjaman.php(54): CodeIgniter\BaseModel->save([...])
 9 SYSTEMPATH\CodeIgniter.php(933): App\Controllers\Peminjaman->store()
10 SYSTEMPATH\CodeIgniter.php(507): CodeIgniter\CodeIgniter->runController(Object(App\Controllers\Peminjaman))
11 SYSTEMPATH\CodeIgniter.php(354): CodeIgniter\CodeIgniter->handleRequest(null, Object(Config\Cache), false)
12 SYSTEMPATH\Boot.php(363): CodeIgniter\CodeIgniter->run()
13 SYSTEMPATH\Boot.php(68): CodeIgniter\Boot::runCodeIgniter(Object(CodeIgniter\CodeIgniter))
14 FCPATH\index.php(59): CodeIgniter\Boot::bootWeb(Object(Config\Paths))
CRITICAL - 2026-04-25 11:57:31 --> [Caused by] mysqli_sql_exception: Unknown column 'foto' in 'field list'
in SYSTEMPATH\Database\MySQLi\Connection.php on line 327.
 1 SYSTEMPATH\Database\MySQLi\Connection.php(327): mysqli->query('INSERT INTO `peminjaman` (`id_buku`, `tanggal_pinjam`, `tanggal_kembali`, `status`, `id_anggota`, `id_petugas`, `foto`) VALUES (\'13\', \'2026-04-10\', \'2026-04-01\', \'dipinjam\', \'9\', \'8\', \'1777118250_01e5c6da000fbe08e632.jpg\')', 0)
 2 SYSTEMPATH\Database\BaseConnection.php(729): CodeIgniter\Database\MySQLi\Connection->execute('INSERT INTO `peminjaman` (`id_buku`, `tanggal_pinjam`, `tanggal_kembali`, `status`, `id_anggota`, `id_petugas`, `foto`) VALUES (\'13\', \'2026-04-10\', \'2026-04-01\', \'dipinjam\', \'9\', \'8\', \'1777118250_01e5c6da000fbe08e632.jpg\')')
 3 SYSTEMPATH\Database\BaseConnection.php(646): CodeIgniter\Database\BaseConnection->simpleQuery('INSERT INTO `peminjaman` (`id_buku`, `tanggal_pinjam`, `tanggal_kembali`, `status`, `id_anggota`, `id_petugas`, `foto`) VALUES (\'13\', \'2026-04-10\', \'2026-04-01\', \'dipinjam\', \'9\', \'8\', \'1777118250_01e5c6da000fbe08e632.jpg\')')
 4 SYSTEMPATH\Database\BaseBuilder.php(2345): CodeIgniter\Database\BaseConnection->query('INSERT INTO `peminjaman` (`id_buku`, `tanggal_pinjam`, `tanggal_kembali`, `status`, `id_anggota`, `id_petugas`, `foto`) VALUES (:id_buku:, :tanggal_pinjam:, :tanggal_kembali:, :status:, :id_anggota:, :id_petugas:, :foto:)', [...], false)
 5 SYSTEMPATH\Model.php(394): CodeIgniter\Database\BaseBuilder->insert()
 6 SYSTEMPATH\BaseModel.php(838): CodeIgniter\Model->doInsert([...])
 7 SYSTEMPATH\Model.php(797): CodeIgniter\BaseModel->insert([...], false)
 8 SYSTEMPATH\BaseModel.php(751): CodeIgniter\Model->insert([...], false)
 9 APPPATH\Controllers\peminjaman.php(54): CodeIgniter\BaseModel->save([...])
10 SYSTEMPATH\CodeIgniter.php(933): App\Controllers\Peminjaman->store()
11 SYSTEMPATH\CodeIgniter.php(507): CodeIgniter\CodeIgniter->runController(Object(App\Controllers\Peminjaman))
12 SYSTEMPATH\CodeIgniter.php(354): CodeIgniter\CodeIgniter->handleRequest(null, Object(Config\Cache), false)
13 SYSTEMPATH\Boot.php(363): CodeIgniter\CodeIgniter->run()
14 SYSTEMPATH\Boot.php(68): CodeIgniter\Boot::runCodeIgniter(Object(CodeIgniter\CodeIgniter))
15 FCPATH\index.php(59): CodeIgniter\Boot::bootWeb(Object(Config\Paths))
DEBUG - 2026-04-25 12:02:08 --> Session: Class initialized using 'CodeIgniter\Session\Handlers\FileHandler' driver.
DEBUG - 2026-04-25 12:02:08 --> Session: Class initialized using 'CodeIgniter\Session\Handlers\FileHandler' driver.
DEBUG - 2026-04-25 12:02:23 --> Session: Class initialized using 'CodeIgniter\Session\Handlers\FileHandler' driver.
CRITICAL - 2026-04-25 12:05:06 --> ErrorException: Undefined array key "cover"
[Method: GET, Route: peminjaman]
in APPPATH\Views\peminjaman\index.php on line 28.
 1 APPPATH\Views\peminjaman\index.php(28): CodeIgniter\Debug\Exceptions->errorHandler(2, 'Undefined array key "cover"', 'C:\\xampp\\htdocs\\perpus\\app\\Views\\peminjaman\\index.php', 28)
 2 SYSTEMPATH\View\View.php(226): include('C:\\xampp\\htdocs\\perpus\\app\\Views\\peminjaman\\index.php')
 3 SYSTEMPATH\View\View.php(229): CodeIgniter\View\View->CodeIgniter\View\{closure}()
 4 SYSTEMPATH\Common.php(1167): CodeIgniter\View\View->render('peminjaman/index', [], true)
 5 APPPATH\Controllers\peminjaman.php(32): view('peminjaman/index', [...])
 6 SYSTEMPATH\CodeIgniter.php(933): App\Controllers\Peminjaman->index()
 7 SYSTEMPATH\CodeIgniter.php(507): CodeIgniter\CodeIgniter->runController(Object(App\Controllers\Peminjaman))
 8 SYSTEMPATH\CodeIgniter.php(354): CodeIgniter\CodeIgniter->handleRequest(null, Object(Config\Cache), false)
 9 SYSTEMPATH\Boot.php(363): CodeIgniter\CodeIgniter->run()
10 SYSTEMPATH\Boot.php(68): CodeIgniter\Boot::runCodeIgniter(Object(CodeIgniter\CodeIgniter))
11 FCPATH\index.php(59): CodeIgniter\Boot::bootWeb(Object(Config\Paths))
CRITICAL - 2026-04-25 12:06:03 --> ErrorException: Undefined array key "cover"
[Method: GET, Route: peminjaman]
in APPPATH\Views\peminjaman\index.php on line 28.
 1 APPPATH\Views\peminjaman\index.php(28): CodeIgniter\Debug\Exceptions->errorHandler(2, 'Undefined array key "cover"', 'C:\\xampp\\htdocs\\perpus\\app\\Views\\peminjaman\\index.php', 28)
 2 SYSTEMPATH\View\View.php(226): include('C:\\xampp\\htdocs\\perpus\\app\\Views\\peminjaman\\index.php')
 3 SYSTEMPATH\View\View.php(229): CodeIgniter\View\View->CodeIgniter\View\{closure}()
 4 SYSTEMPATH\Common.php(1167): CodeIgniter\View\View->render('peminjaman/index', [], true)
 5 APPPATH\Controllers\peminjaman.php(32): view('peminjaman/index', [...])
 6 SYSTEMPATH\CodeIgniter.php(933): App\Controllers\Peminjaman->index()
 7 SYSTEMPATH\CodeIgniter.php(507): CodeIgniter\CodeIgniter->runController(Object(App\Controllers\Peminjaman))
 8 SYSTEMPATH\CodeIgniter.php(354): CodeIgniter\CodeIgniter->handleRequest(null, Object(Config\Cache), false)
 9 SYSTEMPATH\Boot.php(363): CodeIgniter\CodeIgniter->run()
10 SYSTEMPATH\Boot.php(68): CodeIgniter\Boot::runCodeIgniter(Object(CodeIgniter\CodeIgniter))
11 FCPATH\index.php(59): CodeIgniter\Boot::bootWeb(Object(Config\Paths))
DEBUG - 2026-04-25 12:06:11 --> Session: Class initialized using 'CodeIgniter\Session\Handlers\FileHandler' driver.
DEBUG - 2026-04-25 12:06:16 --> Session: Class initialized using 'CodeIgniter\Session\Handlers\FileHandler' driver.
DEBUG - 2026-04-25 12:06:52 --> Session: Class initialized using 'CodeIgniter\Session\Handlers\FileHandler' driver.
DEBUG - 2026-04-25 12:06:53 --> Session: Class initialized using 'CodeIgniter\Session\Handlers\FileHandler' driver.
CRITICAL - 2026-04-25 12:07:00 --> ErrorException: Undefined array key "foto"
[Method: GET, Route: peminjaman/detail/69]
in APPPATH\Views\peminjaman\detail.php on line 34.
 1 APPPATH\Views\peminjaman\detail.php(34): CodeIgniter\Debug\Exceptions->errorHandler(2, 'Undefined array key "foto"', 'C:\\xampp\\htdocs\\perpus\\app\\Views\\peminjaman\\detail.php', 34)
 2 SYSTEMPATH\View\View.php(226): include('C:\\xampp\\htdocs\\perpus\\app\\Views\\peminjaman\\detail.php')
 3 SYSTEMPATH\View\View.php(229): CodeIgniter\View\View->CodeIgniter\View\{closure}()
 4 SYSTEMPATH\Common.php(1167): CodeIgniter\View\View->render('peminjaman/detail', [], true)
 5 APPPATH\Controllers\peminjaman.php(110): view('peminjaman/detail', [...])
 6 SYSTEMPATH\CodeIgniter.php(933): App\Controllers\Peminjaman->detail('69')
 7 SYSTEMPATH\CodeIgniter.php(507): CodeIgniter\CodeIgniter->runController(Object(App\Controllers\Peminjaman))
 8 SYSTEMPATH\CodeIgniter.php(354): CodeIgniter\CodeIgniter->handleRequest(null, Object(Config\Cache), false)
 9 SYSTEMPATH\Boot.php(363): CodeIgniter\CodeIgniter->run()
10 SYSTEMPATH\Boot.php(68): CodeIgniter\Boot::runCodeIgniter(Object(CodeIgniter\CodeIgniter))
11 FCPATH\index.php(59): CodeIgniter\Boot::bootWeb(Object(Config\Paths))
CRITICAL - 2026-04-25 12:07:51 --> ErrorException: Undefined array key "foto"
[Method: GET, Route: peminjaman/detail/69]
in APPPATH\Views\peminjaman\detail.php on line 34.
 1 APPPATH\Views\peminjaman\detail.php(34): CodeIgniter\Debug\Exceptions->errorHandler(2, 'Undefined array key "foto"', 'C:\\xampp\\htdocs\\perpus\\app\\Views\\peminjaman\\detail.php', 34)
 2 SYSTEMPATH\View\View.php(226): include('C:\\xampp\\htdocs\\perpus\\app\\Views\\peminjaman\\detail.php')
 3 SYSTEMPATH\View\View.php(229): CodeIgniter\View\View->CodeIgniter\View\{closure}()
 4 SYSTEMPATH\Common.php(1167): CodeIgniter\View\View->render('peminjaman/detail', [], true)
 5 APPPATH\Controllers\peminjaman.php(110): view('peminjaman/detail', [...])
 6 SYSTEMPATH\CodeIgniter.php(933): App\Controllers\Peminjaman->detail('69')
 7 SYSTEMPATH\CodeIgniter.php(507): CodeIgniter\CodeIgniter->runController(Object(App\Controllers\Peminjaman))
 8 SYSTEMPATH\CodeIgniter.php(354): CodeIgniter\CodeIgniter->handleRequest(null, Object(Config\Cache), false)
 9 SYSTEMPATH\Boot.php(363): CodeIgniter\CodeIgniter->run()
10 SYSTEMPATH\Boot.php(68): CodeIgniter\Boot::runCodeIgniter(Object(CodeIgniter\CodeIgniter))
11 FCPATH\index.php(59): CodeIgniter\Boot::bootWeb(Object(Config\Paths))
DEBUG - 2026-04-25 12:07:58 --> Session: Class initialized using 'CodeIgniter\Session\Handlers\FileHandler' driver.
DEBUG - 2026-04-25 12:10:38 --> Session: Class initialized using 'CodeIgniter\Session\Handlers\FileHandler' driver.
DEBUG - 2026-04-25 12:17:32 --> Session: Class initialized using 'CodeIgniter\Session\Handlers\FileHandler' driver.
DEBUG - 2026-04-25 12:17:53 --> Session: Class initialized using 'CodeIgniter\Session\Handlers\FileHandler' driver.
DEBUG - 2026-04-25 12:17:53 --> Session: Class initialized using 'CodeIgniter\Session\Handlers\FileHandler' driver.
DEBUG - 2026-04-25 12:19:23 --> Session: Class initialized using 'CodeIgniter\Session\Handlers\FileHandler' driver.
DEBUG - 2026-04-25 12:19:25 --> Session: Class initialized using 'CodeIgniter\Session\Handlers\FileHandler' driver.
DEBUG - 2026-04-25 12:19:49 --> Session: Class initialized using 'CodeIgniter\Session\Handlers\FileHandler' driver.
DEBUG - 2026-04-25 12:19:49 --> Session: Class initialized using 'CodeIgniter\Session\Handlers\FileHandler' driver.
DEBUG - 2026-04-25 12:21:24 --> Session: Class initialized using 'CodeIgniter\Session\Handlers\FileHandler' driver.
DEBUG - 2026-04-25 12:21:29 --> Session: Class initialized using 'CodeIgniter\Session\Handlers\FileHandler' driver.
DEBUG - 2026-04-25 12:21:35 --> Session: Class initialized using 'CodeIgniter\Session\Handlers\FileHandler' driver.
DEBUG - 2026-04-25 12:24:25 --> Session: Class initialized using 'CodeIgniter\Session\Handlers\FileHandler' driver.
DEBUG - 2026-04-25 12:24:28 --> Session: Class initialized using 'CodeIgniter\Session\Handlers\FileHandler' driver.
DEBUG - 2026-04-25 12:24:46 --> Session: Class initialized using 'CodeIgniter\Session\Handlers\FileHandler' driver.
DEBUG - 2026-04-25 12:24:46 --> Session: Class initialized using 'CodeIgniter\Session\Handlers\FileHandler' driver.
DEBUG - 2026-04-25 12:24:51 --> Session: Class initialized using 'CodeIgniter\Session\Handlers\FileHandler' driver.
DEBUG - 2026-04-25 12:24:58 --> Session: Class initialized using 'CodeIgniter\Session\Handlers\FileHandler' driver.
CRITICAL - 2026-04-25 12:27:20 --> ParseError: syntax error, unexpected token "return", expecting "function" or "const"
[Method: GET, Route: peminjaman]
in APPPATH\Controllers\peminjaman.php on line 69.
 1 SYSTEMPATH\Autoloader\Autoloader.php(295): CodeIgniter\Autoloader\Autoloader->includeFile('C:\\xampp\\htdocs\\perpus\\app\\Controllers\\Peminjaman.php')
 2 SYSTEMPATH\Autoloader\Autoloader.php(271): CodeIgniter\Autoloader\Autoloader->loadInNamespace('App\\Controllers\\Peminjaman')
 3 [internal function]: CodeIgniter\Autoloader\Autoloader->loadClass('App\\Controllers\\Peminjaman')
 4 SYSTEMPATH\CodeIgniter.php(885): class_exists('\\App\\Controllers\\Peminjaman', true)
 5 SYSTEMPATH\CodeIgniter.php(494): CodeIgniter\CodeIgniter->startController()
 6 SYSTEMPATH\CodeIgniter.php(354): CodeIgniter\CodeIgniter->handleRequest(null, Object(Config\Cache), false)
 7 SYSTEMPATH\Boot.php(363): CodeIgniter\CodeIgniter->run()
 8 SYSTEMPATH\Boot.php(68): CodeIgniter\Boot::runCodeIgniter(Object(CodeIgniter\CodeIgniter))
 9 FCPATH\index.php(59): CodeIgniter\Boot::bootWeb(Object(Config\Paths))
DEBUG - 2026-04-25 12:27:38 --> Session: Class initialized using 'CodeIgniter\Session\Handlers\FileHandler' driver.
DEBUG - 2026-04-25 12:27:40 --> Session: Class initialized using 'CodeIgniter\Session\Handlers\FileHandler' driver.
DEBUG - 2026-04-25 12:28:15 --> Session: Class initialized using 'CodeIgniter\Session\Handlers\FileHandler' driver.
DEBUG - 2026-04-25 12:28:19 --> Session: Class initialized using 'CodeIgniter\Session\Handlers\FileHandler' driver.
DEBUG - 2026-04-25 12:28:25 --> Session: Class initialized using 'CodeIgniter\Session\Handlers\FileHandler' driver.
DEBUG - 2026-04-25 12:28:28 --> Session: Class initialized using 'CodeIgniter\Session\Handlers\FileHandler' driver.
DEBUG - 2026-04-25 12:28:30 --> Session: Class initialized using 'CodeIgniter\Session\Handlers\FileHandler' driver.
DEBUG - 2026-04-25 12:28:32 --> Session: Class initialized using 'CodeIgniter\Session\Handlers\FileHandler' driver.
DEBUG - 2026-04-25 12:28:33 --> Session: Class initialized using 'CodeIgniter\Session\Handlers\FileHandler' driver.
DEBUG - 2026-04-25 12:28:34 --> Session: Class initialized using 'CodeIgniter\Session\Handlers\FileHandler' driver.
DEBUG - 2026-04-25 12:28:35 --> Session: Class initialized using 'CodeIgniter\Session\Handlers\FileHandler' driver.
DEBUG - 2026-04-25 12:28:37 --> Session: Class initialized using 'CodeIgniter\Session\Handlers\FileHandler' driver.
DEBUG - 2026-04-25 12:29:07 --> Session: Class initialized using 'CodeIgniter\Session\Handlers\FileHandler' driver.
DEBUG - 2026-04-25 12:29:25 --> Session: Class initialized using 'CodeIgniter\Session\Handlers\FileHandler' driver.
DEBUG - 2026-04-25 12:33:06 --> Session: Class initialized using 'CodeIgniter\Session\Handlers\FileHandler' driver.
DEBUG - 2026-04-25 12:33:11 --> Session: Class initialized using 'CodeIgniter\Session\Handlers\FileHandler' driver.
DEBUG - 2026-04-25 12:33:32 --> Session: Class initialized using 'CodeIgniter\Session\Handlers\FileHandler' driver.
DEBUG - 2026-04-25 12:33:55 --> Session: Class initialized using 'CodeIgniter\Session\Handlers\FileHandler' driver.
DEBUG - 2026-04-25 12:33:56 --> Session: Class initialized using 'CodeIgniter\Session\Handlers\FileHandler' driver.
DEBUG - 2026-04-25 12:33:57 --> Session: Class initialized using 'CodeIgniter\Session\Handlers\FileHandler' driver.
DEBUG - 2026-04-25 12:34:02 --> Session: Class initialized using 'CodeIgniter\Session\Handlers\FileHandler' driver.
DEBUG - 2026-04-25 12:34:05 --> Session: Class initialized using 'CodeIgniter\Session\Handlers\FileHandler' driver.
DEBUG - 2026-04-25 12:34:07 --> Session: Class initialized using 'CodeIgniter\Session\Handlers\FileHandler' driver.
DEBUG - 2026-04-25 12:34:15 --> Session: Class initialized using 'CodeIgniter\Session\Handlers\FileHandler' driver.
DEBUG - 2026-04-25 12:34:19 --> Session: Class initialized using 'CodeIgniter\Session\Handlers\FileHandler' driver.
DEBUG - 2026-04-25 12:34:22 --> Session: Class initialized using 'CodeIgniter\Session\Handlers\FileHandler' driver.
DEBUG - 2026-04-25 12:34:23 --> Session: Class initialized using 'CodeIgniter\Session\Handlers\FileHandler' driver.
DEBUG - 2026-04-25 12:34:25 --> Session: Class initialized using 'CodeIgniter\Session\Handlers\FileHandler' driver.
DEBUG - 2026-04-25 12:34:27 --> Session: Class initialized using 'CodeIgniter\Session\Handlers\FileHandler' driver.
DEBUG - 2026-04-25 12:34:29 --> Session: Class initialized using 'CodeIgniter\Session\Handlers\FileHandler' driver.
DEBUG - 2026-04-25 12:34:31 --> Session: Class initialized using 'CodeIgniter\Session\Handlers\FileHandler' driver.
DEBUG - 2026-04-25 12:43:47 --> Session: Class initialized using 'CodeIgniter\Session\Handlers\FileHandler' driver.
DEBUG - 2026-04-25 12:43:47 --> Session: Class initialized using 'CodeIgniter\Session\Handlers\FileHandler' driver.
DEBUG - 2026-04-25 12:44:19 --> Session: Class initialized using 'CodeIgniter\Session\Handlers\FileHandler' driver.
DEBUG - 2026-04-25 12:44:20 --> Session: Class initialized using 'CodeIgniter\Session\Handlers\FileHandler' driver.
DEBUG - 2026-04-25 12:44:40 --> Session: Class initialized using 'CodeIgniter\Session\Handlers\FileHandler' driver.
DEBUG - 2026-04-25 12:44:45 --> Session: Class initialized using 'CodeIgniter\Session\Handlers\FileHandler' driver.
DEBUG - 2026-04-25 12:44:46 --> Session: Class initialized using 'CodeIgniter\Session\Handlers\FileHandler' driver.
DEBUG - 2026-04-25 12:44:47 --> Session: Class initialized using 'CodeIgniter\Session\Handlers\FileHandler' driver.
DEBUG - 2026-04-25 12:45:04 --> Session: Class initialized using 'CodeIgniter\Session\Handlers\FileHandler' driver.
CRITICAL - 2026-04-25 12:45:21 --> ErrorException: Undefined array key "foto"
[Method: GET, Route: peminjaman/detail/30]
in APPPATH\Views\peminjaman\detail.php on line 34.
 1 APPPATH\Views\peminjaman\detail.php(34): CodeIgniter\Debug\Exceptions->errorHandler(2, 'Undefined array key "foto"', 'C:\\xampp\\htdocs\\perpus\\app\\Views\\peminjaman\\detail.php', 34)
 2 SYSTEMPATH\View\View.php(226): include('C:\\xampp\\htdocs\\perpus\\app\\Views\\peminjaman\\detail.php')
 3 SYSTEMPATH\View\View.php(229): CodeIgniter\View\View->CodeIgniter\View\{closure}()
 4 SYSTEMPATH\Common.php(1167): CodeIgniter\View\View->render('peminjaman/detail', [], true)
 5 APPPATH\Controllers\peminjaman.php(118): view('peminjaman/detail', [...])
 6 SYSTEMPATH\CodeIgniter.php(933): App\Controllers\Peminjaman->detail('30')
 7 SYSTEMPATH\CodeIgniter.php(507): CodeIgniter\CodeIgniter->runController(Object(App\Controllers\Peminjaman))
 8 SYSTEMPATH\CodeIgniter.php(354): CodeIgniter\CodeIgniter->handleRequest(null, Object(Config\Cache), false)
 9 SYSTEMPATH\Boot.php(363): CodeIgniter\CodeIgniter->run()
10 SYSTEMPATH\Boot.php(68): CodeIgniter\Boot::runCodeIgniter(Object(CodeIgniter\CodeIgniter))
11 FCPATH\index.php(59): CodeIgniter\Boot::bootWeb(Object(Config\Paths))
DEBUG - 2026-04-25 12:47:07 --> Session: Class initialized using 'CodeIgniter\Session\Handlers\FileHandler' driver.
CRITICAL - 2026-04-25 12:47:12 --> ErrorException: Undefined array key "foto"
[Method: GET, Route: peminjaman/detail/30]
in APPPATH\Views\peminjaman\detail.php on line 34.
 1 APPPATH\Views\peminjaman\detail.php(34): CodeIgniter\Debug\Exceptions->errorHandler(2, 'Undefined array key "foto"', 'C:\\xampp\\htdocs\\perpus\\app\\Views\\peminjaman\\detail.php', 34)
 2 SYSTEMPATH\View\View.php(226): include('C:\\xampp\\htdocs\\perpus\\app\\Views\\peminjaman\\detail.php')
 3 SYSTEMPATH\View\View.php(229): CodeIgniter\View\View->CodeIgniter\View\{closure}()
 4 SYSTEMPATH\Common.php(1167): CodeIgniter\View\View->render('peminjaman/detail', [], true)
 5 APPPATH\Controllers\peminjaman.php(118): view('peminjaman/detail', [...])
 6 SYSTEMPATH\CodeIgniter.php(933): App\Controllers\Peminjaman->detail('30')
 7 SYSTEMPATH\CodeIgniter.php(507): CodeIgniter\CodeIgniter->runController(Object(App\Controllers\Peminjaman))
 8 SYSTEMPATH\CodeIgniter.php(354): CodeIgniter\CodeIgniter->handleRequest(null, Object(Config\Cache), false)
 9 SYSTEMPATH\Boot.php(363): CodeIgniter\CodeIgniter->run()
10 SYSTEMPATH\Boot.php(68): CodeIgniter\Boot::runCodeIgniter(Object(CodeIgniter\CodeIgniter))
11 FCPATH\index.php(59): CodeIgniter\Boot::bootWeb(Object(Config\Paths))
DEBUG - 2026-04-25 12:48:39 --> Session: Class initialized using 'CodeIgniter\Session\Handlers\FileHandler' driver.
DEBUG - 2026-04-25 12:49:16 --> Session: Class initialized using 'CodeIgniter\Session\Handlers\FileHandler' driver.
DEBUG - 2026-04-25 12:49:19 --> Session: Class initialized using 'CodeIgniter\Session\Handlers\FileHandler' driver.
DEBUG - 2026-04-25 12:54:12 --> Session: Class initialized using 'CodeIgniter\Session\Handlers\FileHandler' driver.
DEBUG - 2026-04-25 12:54:15 --> Session: Class initialized using 'CodeIgniter\Session\Handlers\FileHandler' driver.
DEBUG - 2026-04-25 12:54:17 --> Session: Class initialized using 'CodeIgniter\Session\Handlers\FileHandler' driver.
DEBUG - 2026-04-25 12:54:19 --> Session: Class initialized using 'CodeIgniter\Session\Handlers\FileHandler' driver.
DEBUG - 2026-04-25 12:54:20 --> Session: Class initialized using 'CodeIgniter\Session\Handlers\FileHandler' driver.
DEBUG - 2026-04-25 12:54:28 --> Session: Class initialized using 'CodeIgniter\Session\Handlers\FileHandler' driver.
ERROR - 2026-04-25 12:55:07 --> mysqli_sql_exception: Unknown column 'buku.cover' in 'field list' in C:\xampp\htdocs\perpus\system\Database\MySQLi\Connection.php:327
Stack trace:
#0 C:\xampp\htdocs\perpus\system\Database\MySQLi\Connection.php(327): mysqli->query('SELECT `peminja...', 0)
#1 C:\xampp\htdocs\perpus\system\Database\BaseConnection.php(729): CodeIgniter\Database\MySQLi\Connection->execute('SELECT `peminja...')
#2 C:\xampp\htdocs\perpus\system\Database\BaseConnection.php(646): CodeIgniter\Database\BaseConnection->simpleQuery('SELECT `peminja...')
#3 C:\xampp\htdocs\perpus\system\Database\BaseBuilder.php(1649): CodeIgniter\Database\BaseConnection->query('SELECT `peminja...', Array, false)
#4 C:\xampp\htdocs\perpus\system\Model.php(286): CodeIgniter\Database\BaseBuilder->get()
#5 C:\xampp\htdocs\perpus\system\BaseModel.php(677): CodeIgniter\Model->doFindAll(0, 0)
#6 C:\xampp\htdocs\perpus\app\Controllers\peminjaman.php(30): CodeIgniter\BaseModel->findAll()
#7 C:\xampp\htdocs\perpus\system\CodeIgniter.php(933): App\Controllers\Peminjaman->index()
#8 C:\xampp\htdocs\perpus\system\CodeIgniter.php(507): CodeIgniter\CodeIgniter->runController(Object(App\Controllers\Peminjaman))
#9 C:\xampp\htdocs\perpus\system\CodeIgniter.php(354): CodeIgniter\CodeIgniter->handleRequest(NULL, Object(Config\Cache), false)
#10 C:\xampp\htdocs\perpus\system\Boot.php(363): CodeIgniter\CodeIgniter->run()
#11 C:\xampp\htdocs\perpus\system\Boot.php(68): CodeIgniter\Boot::runCodeIgniter(Object(CodeIgniter\CodeIgniter))
#12 C:\xampp\htdocs\perpus\index.php(59): CodeIgniter\Boot::bootWeb(Object(Config\Paths))
#13 {main}
CRITICAL - 2026-04-25 12:55:07 --> CodeIgniter\Database\Exceptions\DatabaseException: Unknown column 'buku.cover' in 'field list'
[Method: GET, Route: peminjaman]
in SYSTEMPATH\Database\BaseConnection.php on line 684.
 1 SYSTEMPATH\Database\BaseBuilder.php(1649): CodeIgniter\Database\BaseConnection->query('SELECT `peminjaman`.*, `buku`.`judul`, `buku`.`cover` as `foto`, `anggota`.`username` as `nama_anggota`, `petugas`.`username` as `nama_petugas`
FROM `peminjaman`
LEFT JOIN `buku` ON `buku`.`id_buku` = `peminjaman`.`id_buku`
LEFT JOIN `users` as `anggota` ON `anggota`.`id` = `peminjaman`.`id_anggota`
LEFT JOIN `users` as `petugas` ON `petugas`.`id` = `peminjaman`.`id_petugas`', [], false)
 2 SYSTEMPATH\Model.php(286): CodeIgniter\Database\BaseBuilder->get()
 3 SYSTEMPATH\BaseModel.php(677): CodeIgniter\Model->doFindAll(0, 0)
 4 APPPATH\Controllers\peminjaman.php(30): CodeIgniter\BaseModel->findAll()
 5 SYSTEMPATH\CodeIgniter.php(933): App\Controllers\Peminjaman->index()
 6 SYSTEMPATH\CodeIgniter.php(507): CodeIgniter\CodeIgniter->runController(Object(App\Controllers\Peminjaman))
 7 SYSTEMPATH\CodeIgniter.php(354): CodeIgniter\CodeIgniter->handleRequest(null, Object(Config\Cache), false)
 8 SYSTEMPATH\Boot.php(363): CodeIgniter\CodeIgniter->run()
 9 SYSTEMPATH\Boot.php(68): CodeIgniter\Boot::runCodeIgniter(Object(CodeIgniter\CodeIgniter))
10 FCPATH\index.php(59): CodeIgniter\Boot::bootWeb(Object(Config\Paths))
CRITICAL - 2026-04-25 12:55:07 --> [Caused by] CodeIgniter\Database\Exceptions\DatabaseException: Unknown column 'buku.cover' in 'field list'
in SYSTEMPATH\Database\MySQLi\Connection.php on line 332.
 1 SYSTEMPATH\Database\BaseConnection.php(729): CodeIgniter\Database\MySQLi\Connection->execute('SELECT `peminjaman`.*, `buku`.`judul`, `buku`.`cover` as `foto`, `anggota`.`username` as `nama_anggota`, `petugas`.`username` as `nama_petugas`
FROM `peminjaman`
LEFT JOIN `buku` ON `buku`.`id_buku` = `peminjaman`.`id_buku`
LEFT JOIN `users` as `anggota` ON `anggota`.`id` = `peminjaman`.`id_anggota`
LEFT JOIN `users` as `petugas` ON `petugas`.`id` = `peminjaman`.`id_petugas`')
 2 SYSTEMPATH\Database\BaseConnection.php(646): CodeIgniter\Database\BaseConnection->simpleQuery('SELECT `peminjaman`.*, `buku`.`judul`, `buku`.`cover` as `foto`, `anggota`.`username` as `nama_anggota`, `petugas`.`username` as `nama_petugas`
FROM `peminjaman`
LEFT JOIN `buku` ON `buku`.`id_buku` = `peminjaman`.`id_buku`
LEFT JOIN `users` as `anggota` ON `anggota`.`id` = `peminjaman`.`id_anggota`
LEFT JOIN `users` as `petugas` ON `petugas`.`id` = `peminjaman`.`id_petugas`')
 3 SYSTEMPATH\Database\BaseBuilder.php(1649): CodeIgniter\Database\BaseConnection->query('SELECT `peminjaman`.*, `buku`.`judul`, `buku`.`cover` as `foto`, `anggota`.`username` as `nama_anggota`, `petugas`.`username` as `nama_petugas`
FROM `peminjaman`
LEFT JOIN `buku` ON `buku`.`id_buku` = `peminjaman`.`id_buku`
LEFT JOIN `users` as `anggota` ON `anggota`.`id` = `peminjaman`.`id_anggota`
LEFT JOIN `users` as `petugas` ON `petugas`.`id` = `peminjaman`.`id_petugas`', [], false)
 4 SYSTEMPATH\Model.php(286): CodeIgniter\Database\BaseBuilder->get()
 5 SYSTEMPATH\BaseModel.php(677): CodeIgniter\Model->doFindAll(0, 0)
 6 APPPATH\Controllers\peminjaman.php(30): CodeIgniter\BaseModel->findAll()
 7 SYSTEMPATH\CodeIgniter.php(933): App\Controllers\Peminjaman->index()
 8 SYSTEMPATH\CodeIgniter.php(507): CodeIgniter\CodeIgniter->runController(Object(App\Controllers\Peminjaman))
 9 SYSTEMPATH\CodeIgniter.php(354): CodeIgniter\CodeIgniter->handleRequest(null, Object(Config\Cache), false)
10 SYSTEMPATH\Boot.php(363): CodeIgniter\CodeIgniter->run()
11 SYSTEMPATH\Boot.php(68): CodeIgniter\Boot::runCodeIgniter(Object(CodeIgniter\CodeIgniter))
12 FCPATH\index.php(59): CodeIgniter\Boot::bootWeb(Object(Config\Paths))
CRITICAL - 2026-04-25 12:55:07 --> [Caused by] mysqli_sql_exception: Unknown column 'buku.cover' in 'field list'
in SYSTEMPATH\Database\MySQLi\Connection.php on line 327.
 1 SYSTEMPATH\Database\MySQLi\Connection.php(327): mysqli->query('SELECT `peminjaman`.*, `buku`.`judul`, `buku`.`cover` as `foto`, `anggota`.`username` as `nama_anggota`, `petugas`.`username` as `nama_petugas`
FROM `peminjaman`
LEFT JOIN `buku` ON `buku`.`id_buku` = `peminjaman`.`id_buku`
LEFT JOIN `users` as `anggota` ON `anggota`.`id` = `peminjaman`.`id_anggota`
LEFT JOIN `users` as `petugas` ON `petugas`.`id` = `peminjaman`.`id_petugas`', 0)
 2 SYSTEMPATH\Database\BaseConnection.php(729): CodeIgniter\Database\MySQLi\Connection->execute('SELECT `peminjaman`.*, `buku`.`judul`, `buku`.`cover` as `foto`, `anggota`.`username` as `nama_anggota`, `petugas`.`username` as `nama_petugas`
FROM `peminjaman`
LEFT JOIN `buku` ON `buku`.`id_buku` = `peminjaman`.`id_buku`
LEFT JOIN `users` as `anggota` ON `anggota`.`id` = `peminjaman`.`id_anggota`
LEFT JOIN `users` as `petugas` ON `petugas`.`id` = `peminjaman`.`id_petugas`')
 3 SYSTEMPATH\Database\BaseConnection.php(646): CodeIgniter\Database\BaseConnection->simpleQuery('SELECT `peminjaman`.*, `buku`.`judul`, `buku`.`cover` as `foto`, `anggota`.`username` as `nama_anggota`, `petugas`.`username` as `nama_petugas`
FROM `peminjaman`
LEFT JOIN `buku` ON `buku`.`id_buku` = `peminjaman`.`id_buku`
LEFT JOIN `users` as `anggota` ON `anggota`.`id` = `peminjaman`.`id_anggota`
LEFT JOIN `users` as `petugas` ON `petugas`.`id` = `peminjaman`.`id_petugas`')
 4 SYSTEMPATH\Database\BaseBuilder.php(1649): CodeIgniter\Database\BaseConnection->query('SELECT `peminjaman`.*, `buku`.`judul`, `buku`.`cover` as `foto`, `anggota`.`username` as `nama_anggota`, `petugas`.`username` as `nama_petugas`
FROM `peminjaman`
LEFT JOIN `buku` ON `buku`.`id_buku` = `peminjaman`.`id_buku`
LEFT JOIN `users` as `anggota` ON `anggota`.`id` = `peminjaman`.`id_anggota`
LEFT JOIN `users` as `petugas` ON `petugas`.`id` = `peminjaman`.`id_petugas`', [], false)
 5 SYSTEMPATH\Model.php(286): CodeIgniter\Database\BaseBuilder->get()
 6 SYSTEMPATH\BaseModel.php(677): CodeIgniter\Model->doFindAll(0, 0)
 7 APPPATH\Controllers\peminjaman.php(30): CodeIgniter\BaseModel->findAll()
 8 SYSTEMPATH\CodeIgniter.php(933): App\Controllers\Peminjaman->index()
 9 SYSTEMPATH\CodeIgniter.php(507): CodeIgniter\CodeIgniter->runController(Object(App\Controllers\Peminjaman))
10 SYSTEMPATH\CodeIgniter.php(354): CodeIgniter\CodeIgniter->handleRequest(null, Object(Config\Cache), false)
11 SYSTEMPATH\Boot.php(363): CodeIgniter\CodeIgniter->run()
12 SYSTEMPATH\Boot.php(68): CodeIgniter\Boot::runCodeIgniter(Object(CodeIgniter\CodeIgniter))
13 FCPATH\index.php(59): CodeIgniter\Boot::bootWeb(Object(Config\Paths))
ERROR - 2026-04-25 12:56:46 --> mysqli_sql_exception: Unknown column 'buku.cover' in 'field list' in C:\xampp\htdocs\perpus\system\Database\MySQLi\Connection.php:327
Stack trace:
#0 C:\xampp\htdocs\perpus\system\Database\MySQLi\Connection.php(327): mysqli->query('SELECT `peminja...', 0)
#1 C:\xampp\htdocs\perpus\system\Database\BaseConnection.php(729): CodeIgniter\Database\MySQLi\Connection->execute('SELECT `peminja...')
#2 C:\xampp\htdocs\perpus\system\Database\BaseConnection.php(646): CodeIgniter\Database\BaseConnection->simpleQuery('SELECT `peminja...')
#3 C:\xampp\htdocs\perpus\system\Database\BaseBuilder.php(1649): CodeIgniter\Database\BaseConnection->query('SELECT `peminja...', Array, false)
#4 C:\xampp\htdocs\perpus\system\Model.php(286): CodeIgniter\Database\BaseBuilder->get()
#5 C:\xampp\htdocs\perpus\system\BaseModel.php(677): CodeIgniter\Model->doFindAll(0, 0)
#6 C:\xampp\htdocs\perpus\app\Controllers\peminjaman.php(34): CodeIgniter\BaseModel->findAll()
#7 C:\xampp\htdocs\perpus\system\CodeIgniter.php(933): App\Controllers\Peminjaman->index()
#8 C:\xampp\htdocs\perpus\system\CodeIgniter.php(507): CodeIgniter\CodeIgniter->runController(Object(App\Controllers\Peminjaman))
#9 C:\xampp\htdocs\perpus\system\CodeIgniter.php(354): CodeIgniter\CodeIgniter->handleRequest(NULL, Object(Config\Cache), false)
#10 C:\xampp\htdocs\perpus\system\Boot.php(363): CodeIgniter\CodeIgniter->run()
#11 C:\xampp\htdocs\perpus\system\Boot.php(68): CodeIgniter\Boot::runCodeIgniter(Object(CodeIgniter\CodeIgniter))
#12 C:\xampp\htdocs\perpus\index.php(59): CodeIgniter\Boot::bootWeb(Object(Config\Paths))
#13 {main}
CRITICAL - 2026-04-25 12:56:46 --> CodeIgniter\Database\Exceptions\DatabaseException: Unknown column 'buku.cover' in 'field list'
[Method: GET, Route: peminjaman]
in SYSTEMPATH\Database\BaseConnection.php on line 684.
 1 SYSTEMPATH\Database\BaseBuilder.php(1649): CodeIgniter\Database\BaseConnection->query('SELECT `peminjaman`.*, `buku`.`judul`, `buku`.`cover` as `foto`, `anggota`.`username` as `nama_anggota`, `petugas`.`username` as `nama_petugas`
FROM `peminjaman`
LEFT JOIN `buku` ON `buku`.`id_buku` = `peminjaman`.`id_buku`
LEFT JOIN `users` as `anggota` ON `anggota`.`id` = `peminjaman`.`id_anggota`
LEFT JOIN `users` as `petugas` ON `petugas`.`id` = `peminjaman`.`id_petugas`', [], false)
 2 SYSTEMPATH\Model.php(286): CodeIgniter\Database\BaseBuilder->get()
 3 SYSTEMPATH\BaseModel.php(677): CodeIgniter\Model->doFindAll(0, 0)
 4 APPPATH\Controllers\peminjaman.php(34): CodeIgniter\BaseModel->findAll()
 5 SYSTEMPATH\CodeIgniter.php(933): App\Controllers\Peminjaman->index()
 6 SYSTEMPATH\CodeIgniter.php(507): CodeIgniter\CodeIgniter->runController(Object(App\Controllers\Peminjaman))
 7 SYSTEMPATH\CodeIgniter.php(354): CodeIgniter\CodeIgniter->handleRequest(null, Object(Config\Cache), false)
 8 SYSTEMPATH\Boot.php(363): CodeIgniter\CodeIgniter->run()
 9 SYSTEMPATH\Boot.php(68): CodeIgniter\Boot::runCodeIgniter(Object(CodeIgniter\CodeIgniter))
10 FCPATH\index.php(59): CodeIgniter\Boot::bootWeb(Object(Config\Paths))
CRITICAL - 2026-04-25 12:56:46 --> [Caused by] CodeIgniter\Database\Exceptions\DatabaseException: Unknown column 'buku.cover' in 'field list'
in SYSTEMPATH\Database\MySQLi\Connection.php on line 332.
 1 SYSTEMPATH\Database\BaseConnection.php(729): CodeIgniter\Database\MySQLi\Connection->execute('SELECT `peminjaman`.*, `buku`.`judul`, `buku`.`cover` as `foto`, `anggota`.`username` as `nama_anggota`, `petugas`.`username` as `nama_petugas`
FROM `peminjaman`
LEFT JOIN `buku` ON `buku`.`id_buku` = `peminjaman`.`id_buku`
LEFT JOIN `users` as `anggota` ON `anggota`.`id` = `peminjaman`.`id_anggota`
LEFT JOIN `users` as `petugas` ON `petugas`.`id` = `peminjaman`.`id_petugas`')
 2 SYSTEMPATH\Database\BaseConnection.php(646): CodeIgniter\Database\BaseConnection->simpleQuery('SELECT `peminjaman`.*, `buku`.`judul`, `buku`.`cover` as `foto`, `anggota`.`username` as `nama_anggota`, `petugas`.`username` as `nama_petugas`
FROM `peminjaman`
LEFT JOIN `buku` ON `buku`.`id_buku` = `peminjaman`.`id_buku`
LEFT JOIN `users` as `anggota` ON `anggota`.`id` = `peminjaman`.`id_anggota`
LEFT JOIN `users` as `petugas` ON `petugas`.`id` = `peminjaman`.`id_petugas`')
 3 SYSTEMPATH\Database\BaseBuilder.php(1649): CodeIgniter\Database\BaseConnection->query('SELECT `peminjaman`.*, `buku`.`judul`, `buku`.`cover` as `foto`, `anggota`.`username` as `nama_anggota`, `petugas`.`username` as `nama_petugas`
FROM `peminjaman`
LEFT JOIN `buku` ON `buku`.`id_buku` = `peminjaman`.`id_buku`
LEFT JOIN `users` as `anggota` ON `anggota`.`id` = `peminjaman`.`id_anggota`
LEFT JOIN `users` as `petugas` ON `petugas`.`id` = `peminjaman`.`id_petugas`', [], false)
 4 SYSTEMPATH\Model.php(286): CodeIgniter\Database\BaseBuilder->get()
 5 SYSTEMPATH\BaseModel.php(677): CodeIgniter\Model->doFindAll(0, 0)
 6 APPPATH\Controllers\peminjaman.php(34): CodeIgniter\BaseModel->findAll()
 7 SYSTEMPATH\CodeIgniter.php(933): App\Controllers\Peminjaman->index()
 8 SYSTEMPATH\CodeIgniter.php(507): CodeIgniter\CodeIgniter->runController(Object(App\Controllers\Peminjaman))
 9 SYSTEMPATH\CodeIgniter.php(354): CodeIgniter\CodeIgniter->handleRequest(null, Object(Config\Cache), false)
10 SYSTEMPATH\Boot.php(363): CodeIgniter\CodeIgniter->run()
11 SYSTEMPATH\Boot.php(68): CodeIgniter\Boot::runCodeIgniter(Object(CodeIgniter\CodeIgniter))
12 FCPATH\index.php(59): CodeIgniter\Boot::bootWeb(Object(Config\Paths))
CRITICAL - 2026-04-25 12:56:46 --> [Caused by] mysqli_sql_exception: Unknown column 'buku.cover' in 'field list'
in SYSTEMPATH\Database\MySQLi\Connection.php on line 327.
 1 SYSTEMPATH\Database\MySQLi\Connection.php(327): mysqli->query('SELECT `peminjaman`.*, `buku`.`judul`, `buku`.`cover` as `foto`, `anggota`.`username` as `nama_anggota`, `petugas`.`username` as `nama_petugas`
FROM `peminjaman`
LEFT JOIN `buku` ON `buku`.`id_buku` = `peminjaman`.`id_buku`
LEFT JOIN `users` as `anggota` ON `anggota`.`id` = `peminjaman`.`id_anggota`
LEFT JOIN `users` as `petugas` ON `petugas`.`id` = `peminjaman`.`id_petugas`', 0)
 2 SYSTEMPATH\Database\BaseConnection.php(729): CodeIgniter\Database\MySQLi\Connection->execute('SELECT `peminjaman`.*, `buku`.`judul`, `buku`.`cover` as `foto`, `anggota`.`username` as `nama_anggota`, `petugas`.`username` as `nama_petugas`
FROM `peminjaman`
LEFT JOIN `buku` ON `buku`.`id_buku` = `peminjaman`.`id_buku`
LEFT JOIN `users` as `anggota` ON `anggota`.`id` = `peminjaman`.`id_anggota`
LEFT JOIN `users` as `petugas` ON `petugas`.`id` = `peminjaman`.`id_petugas`')
 3 SYSTEMPATH\Database\BaseConnection.php(646): CodeIgniter\Database\BaseConnection->simpleQuery('SELECT `peminjaman`.*, `buku`.`judul`, `buku`.`cover` as `foto`, `anggota`.`username` as `nama_anggota`, `petugas`.`username` as `nama_petugas`
FROM `peminjaman`
LEFT JOIN `buku` ON `buku`.`id_buku` = `peminjaman`.`id_buku`
LEFT JOIN `users` as `anggota` ON `anggota`.`id` = `peminjaman`.`id_anggota`
LEFT JOIN `users` as `petugas` ON `petugas`.`id` = `peminjaman`.`id_petugas`')
 4 SYSTEMPATH\Database\BaseBuilder.php(1649): CodeIgniter\Database\BaseConnection->query('SELECT `peminjaman`.*, `buku`.`judul`, `buku`.`cover` as `foto`, `anggota`.`username` as `nama_anggota`, `petugas`.`username` as `nama_petugas`
FROM `peminjaman`
LEFT JOIN `buku` ON `buku`.`id_buku` = `peminjaman`.`id_buku`
LEFT JOIN `users` as `anggota` ON `anggota`.`id` = `peminjaman`.`id_anggota`
LEFT JOIN `users` as `petugas` ON `petugas`.`id` = `peminjaman`.`id_petugas`', [], false)
 5 SYSTEMPATH\Model.php(286): CodeIgniter\Database\BaseBuilder->get()
 6 SYSTEMPATH\BaseModel.php(677): CodeIgniter\Model->doFindAll(0, 0)
 7 APPPATH\Controllers\peminjaman.php(34): CodeIgniter\BaseModel->findAll()
 8 SYSTEMPATH\CodeIgniter.php(933): App\Controllers\Peminjaman->index()
 9 SYSTEMPATH\CodeIgniter.php(507): CodeIgniter\CodeIgniter->runController(Object(App\Controllers\Peminjaman))
10 SYSTEMPATH\CodeIgniter.php(354): CodeIgniter\CodeIgniter->handleRequest(null, Object(Config\Cache), false)
11 SYSTEMPATH\Boot.php(363): CodeIgniter\CodeIgniter->run()
12 SYSTEMPATH\Boot.php(68): CodeIgniter\Boot::runCodeIgniter(Object(CodeIgniter\CodeIgniter))
13 FCPATH\index.php(59): CodeIgniter\Boot::bootWeb(Object(Config\Paths))
ERROR - 2026-04-25 12:56:47 --> mysqli_sql_exception: Unknown column 'buku.cover' in 'field list' in C:\xampp\htdocs\perpus\system\Database\MySQLi\Connection.php:327
Stack trace:
#0 C:\xampp\htdocs\perpus\system\Database\MySQLi\Connection.php(327): mysqli->query('SELECT `peminja...', 0)
#1 C:\xampp\htdocs\perpus\system\Database\BaseConnection.php(729): CodeIgniter\Database\MySQLi\Connection->execute('SELECT `peminja...')
#2 C:\xampp\htdocs\perpus\system\Database\BaseConnection.php(646): CodeIgniter\Database\BaseConnection->simpleQuery('SELECT `peminja...')
#3 C:\xampp\htdocs\perpus\system\Database\BaseBuilder.php(1649): CodeIgniter\Database\BaseConnection->query('SELECT `peminja...', Array, false)
#4 C:\xampp\htdocs\perpus\system\Model.php(286): CodeIgniter\Database\BaseBuilder->get()
#5 C:\xampp\htdocs\perpus\system\BaseModel.php(677): CodeIgniter\Model->doFindAll(0, 0)
#6 C:\xampp\htdocs\perpus\app\Controllers\peminjaman.php(34): CodeIgniter\BaseModel->findAll()
#7 C:\xampp\htdocs\perpus\system\CodeIgniter.php(933): App\Controllers\Peminjaman->index()
#8 C:\xampp\htdocs\perpus\system\CodeIgniter.php(507): CodeIgniter\CodeIgniter->runController(Object(App\Controllers\Peminjaman))
#9 C:\xampp\htdocs\perpus\system\CodeIgniter.php(354): CodeIgniter\CodeIgniter->handleRequest(NULL, Object(Config\Cache), false)
#10 C:\xampp\htdocs\perpus\system\Boot.php(363): CodeIgniter\CodeIgniter->run()
#11 C:\xampp\htdocs\perpus\system\Boot.php(68): CodeIgniter\Boot::runCodeIgniter(Object(CodeIgniter\CodeIgniter))
#12 C:\xampp\htdocs\perpus\index.php(59): CodeIgniter\Boot::bootWeb(Object(Config\Paths))
#13 {main}
CRITICAL - 2026-04-25 12:56:47 --> CodeIgniter\Database\Exceptions\DatabaseException: Unknown column 'buku.cover' in 'field list'
[Method: GET, Route: peminjaman]
in SYSTEMPATH\Database\BaseConnection.php on line 684.
 1 SYSTEMPATH\Database\BaseBuilder.php(1649): CodeIgniter\Database\BaseConnection->query('SELECT `peminjaman`.*, `buku`.`judul`, `buku`.`cover` as `foto`, `anggota`.`username` as `nama_anggota`, `petugas`.`username` as `nama_petugas`
FROM `peminjaman`
LEFT JOIN `buku` ON `buku`.`id_buku` = `peminjaman`.`id_buku`
LEFT JOIN `users` as `anggota` ON `anggota`.`id` = `peminjaman`.`id_anggota`
LEFT JOIN `users` as `petugas` ON `petugas`.`id` = `peminjaman`.`id_petugas`', [], false)
 2 SYSTEMPATH\Model.php(286): CodeIgniter\Database\BaseBuilder->get()
 3 SYSTEMPATH\BaseModel.php(677): CodeIgniter\Model->doFindAll(0, 0)
 4 APPPATH\Controllers\peminjaman.php(34): CodeIgniter\BaseModel->findAll()
 5 SYSTEMPATH\CodeIgniter.php(933): App\Controllers\Peminjaman->index()
 6 SYSTEMPATH\CodeIgniter.php(507): CodeIgniter\CodeIgniter->runController(Object(App\Controllers\Peminjaman))
 7 SYSTEMPATH\CodeIgniter.php(354): CodeIgniter\CodeIgniter->handleRequest(null, Object(Config\Cache), false)
 8 SYSTEMPATH\Boot.php(363): CodeIgniter\CodeIgniter->run()
 9 SYSTEMPATH\Boot.php(68): CodeIgniter\Boot::runCodeIgniter(Object(CodeIgniter\CodeIgniter))
10 FCPATH\index.php(59): CodeIgniter\Boot::bootWeb(Object(Config\Paths))
CRITICAL - 2026-04-25 12:56:47 --> [Caused by] CodeIgniter\Database\Exceptions\DatabaseException: Unknown column 'buku.cover' in 'field list'
in SYSTEMPATH\Database\MySQLi\Connection.php on line 332.
 1 SYSTEMPATH\Database\BaseConnection.php(729): CodeIgniter\Database\MySQLi\Connection->execute('SELECT `peminjaman`.*, `buku`.`judul`, `buku`.`cover` as `foto`, `anggota`.`username` as `nama_anggota`, `petugas`.`username` as `nama_petugas`
FROM `peminjaman`
LEFT JOIN `buku` ON `buku`.`id_buku` = `peminjaman`.`id_buku`
LEFT JOIN `users` as `anggota` ON `anggota`.`id` = `peminjaman`.`id_anggota`
LEFT JOIN `users` as `petugas` ON `petugas`.`id` = `peminjaman`.`id_petugas`')
 2 SYSTEMPATH\Database\BaseConnection.php(646): CodeIgniter\Database\BaseConnection->simpleQuery('SELECT `peminjaman`.*, `buku`.`judul`, `buku`.`cover` as `foto`, `anggota`.`username` as `nama_anggota`, `petugas`.`username` as `nama_petugas`
FROM `peminjaman`
LEFT JOIN `buku` ON `buku`.`id_buku` = `peminjaman`.`id_buku`
LEFT JOIN `users` as `anggota` ON `anggota`.`id` = `peminjaman`.`id_anggota`
LEFT JOIN `users` as `petugas` ON `petugas`.`id` = `peminjaman`.`id_petugas`')
 3 SYSTEMPATH\Database\BaseBuilder.php(1649): CodeIgniter\Database\BaseConnection->query('SELECT `peminjaman`.*, `buku`.`judul`, `buku`.`cover` as `foto`, `anggota`.`username` as `nama_anggota`, `petugas`.`username` as `nama_petugas`
FROM `peminjaman`
LEFT JOIN `buku` ON `buku`.`id_buku` = `peminjaman`.`id_buku`
LEFT JOIN `users` as `anggota` ON `anggota`.`id` = `peminjaman`.`id_anggota`
LEFT JOIN `users` as `petugas` ON `petugas`.`id` = `peminjaman`.`id_petugas`', [], false)
 4 SYSTEMPATH\Model.php(286): CodeIgniter\Database\BaseBuilder->get()
 5 SYSTEMPATH\BaseModel.php(677): CodeIgniter\Model->doFindAll(0, 0)
 6 APPPATH\Controllers\peminjaman.php(34): CodeIgniter\BaseModel->findAll()
 7 SYSTEMPATH\CodeIgniter.php(933): App\Controllers\Peminjaman->index()
 8 SYSTEMPATH\CodeIgniter.php(507): CodeIgniter\CodeIgniter->runController(Object(App\Controllers\Peminjaman))
 9 SYSTEMPATH\CodeIgniter.php(354): CodeIgniter\CodeIgniter->handleRequest(null, Object(Config\Cache), false)
10 SYSTEMPATH\Boot.php(363): CodeIgniter\CodeIgniter->run()
11 SYSTEMPATH\Boot.php(68): CodeIgniter\Boot::runCodeIgniter(Object(CodeIgniter\CodeIgniter))
12 FCPATH\index.php(59): CodeIgniter\Boot::bootWeb(Object(Config\Paths))
CRITICAL - 2026-04-25 12:56:47 --> [Caused by] mysqli_sql_exception: Unknown column 'buku.cover' in 'field list'
in SYSTEMPATH\Database\MySQLi\Connection.php on line 327.
 1 SYSTEMPATH\Database\MySQLi\Connection.php(327): mysqli->query('SELECT `peminjaman`.*, `buku`.`judul`, `buku`.`cover` as `foto`, `anggota`.`username` as `nama_anggota`, `petugas`.`username` as `nama_petugas`
FROM `peminjaman`
LEFT JOIN `buku` ON `buku`.`id_buku` = `peminjaman`.`id_buku`
LEFT JOIN `users` as `anggota` ON `anggota`.`id` = `peminjaman`.`id_anggota`
LEFT JOIN `users` as `petugas` ON `petugas`.`id` = `peminjaman`.`id_petugas`', 0)
 2 SYSTEMPATH\Database\BaseConnection.php(729): CodeIgniter\Database\MySQLi\Connection->execute('SELECT `peminjaman`.*, `buku`.`judul`, `buku`.`cover` as `foto`, `anggota`.`username` as `nama_anggota`, `petugas`.`username` as `nama_petugas`
FROM `peminjaman`
LEFT JOIN `buku` ON `buku`.`id_buku` = `peminjaman`.`id_buku`
LEFT JOIN `users` as `anggota` ON `anggota`.`id` = `peminjaman`.`id_anggota`
LEFT JOIN `users` as `petugas` ON `petugas`.`id` = `peminjaman`.`id_petugas`')
 3 SYSTEMPATH\Database\BaseConnection.php(646): CodeIgniter\Database\BaseConnection->simpleQuery('SELECT `peminjaman`.*, `buku`.`judul`, `buku`.`cover` as `foto`, `anggota`.`username` as `nama_anggota`, `petugas`.`username` as `nama_petugas`
FROM `peminjaman`
LEFT JOIN `buku` ON `buku`.`id_buku` = `peminjaman`.`id_buku`
LEFT JOIN `users` as `anggota` ON `anggota`.`id` = `peminjaman`.`id_anggota`
LEFT JOIN `users` as `petugas` ON `petugas`.`id` = `peminjaman`.`id_petugas`')
 4 SYSTEMPATH\Database\BaseBuilder.php(1649): CodeIgniter\Database\BaseConnection->query('SELECT `peminjaman`.*, `buku`.`judul`, `buku`.`cover` as `foto`, `anggota`.`username` as `nama_anggota`, `petugas`.`username` as `nama_petugas`
FROM `peminjaman`
LEFT JOIN `buku` ON `buku`.`id_buku` = `peminjaman`.`id_buku`
LEFT JOIN `users` as `anggota` ON `anggota`.`id` = `peminjaman`.`id_anggota`
LEFT JOIN `users` as `petugas` ON `petugas`.`id` = `peminjaman`.`id_petugas`', [], false)
 5 SYSTEMPATH\Model.php(286): CodeIgniter\Database\BaseBuilder->get()
 6 SYSTEMPATH\BaseModel.php(677): CodeIgniter\Model->doFindAll(0, 0)
 7 APPPATH\Controllers\peminjaman.php(34): CodeIgniter\BaseModel->findAll()
 8 SYSTEMPATH\CodeIgniter.php(933): App\Controllers\Peminjaman->index()
 9 SYSTEMPATH\CodeIgniter.php(507): CodeIgniter\CodeIgniter->runController(Object(App\Controllers\Peminjaman))
10 SYSTEMPATH\CodeIgniter.php(354): CodeIgniter\CodeIgniter->handleRequest(null, Object(Config\Cache), false)
11 SYSTEMPATH\Boot.php(363): CodeIgniter\CodeIgniter->run()
12 SYSTEMPATH\Boot.php(68): CodeIgniter\Boot::runCodeIgniter(Object(CodeIgniter\CodeIgniter))
13 FCPATH\index.php(59): CodeIgniter\Boot::bootWeb(Object(Config\Paths))
ERROR - 2026-04-25 12:56:47 --> mysqli_sql_exception: Unknown column 'buku.cover' in 'field list' in C:\xampp\htdocs\perpus\system\Database\MySQLi\Connection.php:327
Stack trace:
#0 C:\xampp\htdocs\perpus\system\Database\MySQLi\Connection.php(327): mysqli->query('SELECT `peminja...', 0)
#1 C:\xampp\htdocs\perpus\system\Database\BaseConnection.php(729): CodeIgniter\Database\MySQLi\Connection->execute('SELECT `peminja...')
#2 C:\xampp\htdocs\perpus\system\Database\BaseConnection.php(646): CodeIgniter\Database\BaseConnection->simpleQuery('SELECT `peminja...')
#3 C:\xampp\htdocs\perpus\system\Database\BaseBuilder.php(1649): CodeIgniter\Database\BaseConnection->query('SELECT `peminja...', Array, false)
#4 C:\xampp\htdocs\perpus\system\Model.php(286): CodeIgniter\Database\BaseBuilder->get()
#5 C:\xampp\htdocs\perpus\system\BaseModel.php(677): CodeIgniter\Model->doFindAll(0, 0)
#6 C:\xampp\htdocs\perpus\app\Controllers\peminjaman.php(34): CodeIgniter\BaseModel->findAll()
#7 C:\xampp\htdocs\perpus\system\CodeIgniter.php(933): App\Controllers\Peminjaman->index()
#8 C:\xampp\htdocs\perpus\system\CodeIgniter.php(507): CodeIgniter\CodeIgniter->runController(Object(App\Controllers\Peminjaman))
#9 C:\xampp\htdocs\perpus\system\CodeIgniter.php(354): CodeIgniter\CodeIgniter->handleRequest(NULL, Object(Config\Cache), false)
#10 C:\xampp\htdocs\perpus\system\Boot.php(363): CodeIgniter\CodeIgniter->run()
#11 C:\xampp\htdocs\perpus\system\Boot.php(68): CodeIgniter\Boot::runCodeIgniter(Object(CodeIgniter\CodeIgniter))
#12 C:\xampp\htdocs\perpus\index.php(59): CodeIgniter\Boot::bootWeb(Object(Config\Paths))
#13 {main}
CRITICAL - 2026-04-25 12:56:47 --> CodeIgniter\Database\Exceptions\DatabaseException: Unknown column 'buku.cover' in 'field list'
[Method: GET, Route: peminjaman]
in SYSTEMPATH\Database\BaseConnection.php on line 684.
 1 SYSTEMPATH\Database\BaseBuilder.php(1649): CodeIgniter\Database\BaseConnection->query('SELECT `peminjaman`.*, `buku`.`judul`, `buku`.`cover` as `foto`, `anggota`.`username` as `nama_anggota`, `petugas`.`username` as `nama_petugas`
FROM `peminjaman`
LEFT JOIN `buku` ON `buku`.`id_buku` = `peminjaman`.`id_buku`
LEFT JOIN `users` as `anggota` ON `anggota`.`id` = `peminjaman`.`id_anggota`
LEFT JOIN `users` as `petugas` ON `petugas`.`id` = `peminjaman`.`id_petugas`', [], false)
 2 SYSTEMPATH\Model.php(286): CodeIgniter\Database\BaseBuilder->get()
 3 SYSTEMPATH\BaseModel.php(677): CodeIgniter\Model->doFindAll(0, 0)
 4 APPPATH\Controllers\peminjaman.php(34): CodeIgniter\BaseModel->findAll()
 5 SYSTEMPATH\CodeIgniter.php(933): App\Controllers\Peminjaman->index()
 6 SYSTEMPATH\CodeIgniter.php(507): CodeIgniter\CodeIgniter->runController(Object(App\Controllers\Peminjaman))
 7 SYSTEMPATH\CodeIgniter.php(354): CodeIgniter\CodeIgniter->handleRequest(null, Object(Config\Cache), false)
 8 SYSTEMPATH\Boot.php(363): CodeIgniter\CodeIgniter->run()
 9 SYSTEMPATH\Boot.php(68): CodeIgniter\Boot::runCodeIgniter(Object(CodeIgniter\CodeIgniter))
10 FCPATH\index.php(59): CodeIgniter\Boot::bootWeb(Object(Config\Paths))
CRITICAL - 2026-04-25 12:56:47 --> [Caused by] CodeIgniter\Database\Exceptions\DatabaseException: Unknown column 'buku.cover' in 'field list'
in SYSTEMPATH\Database\MySQLi\Connection.php on line 332.
 1 SYSTEMPATH\Database\BaseConnection.php(729): CodeIgniter\Database\MySQLi\Connection->execute('SELECT `peminjaman`.*, `buku`.`judul`, `buku`.`cover` as `foto`, `anggota`.`username` as `nama_anggota`, `petugas`.`username` as `nama_petugas`
FROM `peminjaman`
LEFT JOIN `buku` ON `buku`.`id_buku` = `peminjaman`.`id_buku`
LEFT JOIN `users` as `anggota` ON `anggota`.`id` = `peminjaman`.`id_anggota`
LEFT JOIN `users` as `petugas` ON `petugas`.`id` = `peminjaman`.`id_petugas`')
 2 SYSTEMPATH\Database\BaseConnection.php(646): CodeIgniter\Database\BaseConnection->simpleQuery('SELECT `peminjaman`.*, `buku`.`judul`, `buku`.`cover` as `foto`, `anggota`.`username` as `nama_anggota`, `petugas`.`username` as `nama_petugas`
FROM `peminjaman`
LEFT JOIN `buku` ON `buku`.`id_buku` = `peminjaman`.`id_buku`
LEFT JOIN `users` as `anggota` ON `anggota`.`id` = `peminjaman`.`id_anggota`
LEFT JOIN `users` as `petugas` ON `petugas`.`id` = `peminjaman`.`id_petugas`')
 3 SYSTEMPATH\Database\BaseBuilder.php(1649): CodeIgniter\Database\BaseConnection->query('SELECT `peminjaman`.*, `buku`.`judul`, `buku`.`cover` as `foto`, `anggota`.`username` as `nama_anggota`, `petugas`.`username` as `nama_petugas`
FROM `peminjaman`
LEFT JOIN `buku` ON `buku`.`id_buku` = `peminjaman`.`id_buku`
LEFT JOIN `users` as `anggota` ON `anggota`.`id` = `peminjaman`.`id_anggota`
LEFT JOIN `users` as `petugas` ON `petugas`.`id` = `peminjaman`.`id_petugas`', [], false)
 4 SYSTEMPATH\Model.php(286): CodeIgniter\Database\BaseBuilder->get()
 5 SYSTEMPATH\BaseModel.php(677): CodeIgniter\Model->doFindAll(0, 0)
 6 APPPATH\Controllers\peminjaman.php(34): CodeIgniter\BaseModel->findAll()
 7 SYSTEMPATH\CodeIgniter.php(933): App\Controllers\Peminjaman->index()
 8 SYSTEMPATH\CodeIgniter.php(507): CodeIgniter\CodeIgniter->runController(Object(App\Controllers\Peminjaman))
 9 SYSTEMPATH\CodeIgniter.php(354): CodeIgniter\CodeIgniter->handleRequest(null, Object(Config\Cache), false)
10 SYSTEMPATH\Boot.php(363): CodeIgniter\CodeIgniter->run()
11 SYSTEMPATH\Boot.php(68): CodeIgniter\Boot::runCodeIgniter(Object(CodeIgniter\CodeIgniter))
12 FCPATH\index.php(59): CodeIgniter\Boot::bootWeb(Object(Config\Paths))
CRITICAL - 2026-04-25 12:56:47 --> [Caused by] mysqli_sql_exception: Unknown column 'buku.cover' in 'field list'
in SYSTEMPATH\Database\MySQLi\Connection.php on line 327.
 1 SYSTEMPATH\Database\MySQLi\Connection.php(327): mysqli->query('SELECT `peminjaman`.*, `buku`.`judul`, `buku`.`cover` as `foto`, `anggota`.`username` as `nama_anggota`, `petugas`.`username` as `nama_petugas`
FROM `peminjaman`
LEFT JOIN `buku` ON `buku`.`id_buku` = `peminjaman`.`id_buku`
LEFT JOIN `users` as `anggota` ON `anggota`.`id` = `peminjaman`.`id_anggota`
LEFT JOIN `users` as `petugas` ON `petugas`.`id` = `peminjaman`.`id_petugas`', 0)
 2 SYSTEMPATH\Database\BaseConnection.php(729): CodeIgniter\Database\MySQLi\Connection->execute('SELECT `peminjaman`.*, `buku`.`judul`, `buku`.`cover` as `foto`, `anggota`.`username` as `nama_anggota`, `petugas`.`username` as `nama_petugas`
FROM `peminjaman`
LEFT JOIN `buku` ON `buku`.`id_buku` = `peminjaman`.`id_buku`
LEFT JOIN `users` as `anggota` ON `anggota`.`id` = `peminjaman`.`id_anggota`
LEFT JOIN `users` as `petugas` ON `petugas`.`id` = `peminjaman`.`id_petugas`')
 3 SYSTEMPATH\Database\BaseConnection.php(646): CodeIgniter\Database\BaseConnection->simpleQuery('SELECT `peminjaman`.*, `buku`.`judul`, `buku`.`cover` as `foto`, `anggota`.`username` as `nama_anggota`, `petugas`.`username` as `nama_petugas`
FROM `peminjaman`
LEFT JOIN `buku` ON `buku`.`id_buku` = `peminjaman`.`id_buku`
LEFT JOIN `users` as `anggota` ON `anggota`.`id` = `peminjaman`.`id_anggota`
LEFT JOIN `users` as `petugas` ON `petugas`.`id` = `peminjaman`.`id_petugas`')
 4 SYSTEMPATH\Database\BaseBuilder.php(1649): CodeIgniter\Database\BaseConnection->query('SELECT `peminjaman`.*, `buku`.`judul`, `buku`.`cover` as `foto`, `anggota`.`username` as `nama_anggota`, `petugas`.`username` as `nama_petugas`
FROM `peminjaman`
LEFT JOIN `buku` ON `buku`.`id_buku` = `peminjaman`.`id_buku`
LEFT JOIN `users` as `anggota` ON `anggota`.`id` = `peminjaman`.`id_anggota`
LEFT JOIN `users` as `petugas` ON `petugas`.`id` = `peminjaman`.`id_petugas`', [], false)
 5 SYSTEMPATH\Model.php(286): CodeIgniter\Database\BaseBuilder->get()
 6 SYSTEMPATH\BaseModel.php(677): CodeIgniter\Model->doFindAll(0, 0)
 7 APPPATH\Controllers\peminjaman.php(34): CodeIgniter\BaseModel->findAll()
 8 SYSTEMPATH\CodeIgniter.php(933): App\Controllers\Peminjaman->index()
 9 SYSTEMPATH\CodeIgniter.php(507): CodeIgniter\CodeIgniter->runController(Object(App\Controllers\Peminjaman))
10 SYSTEMPATH\CodeIgniter.php(354): CodeIgniter\CodeIgniter->handleRequest(null, Object(Config\Cache), false)
11 SYSTEMPATH\Boot.php(363): CodeIgniter\CodeIgniter->run()
12 SYSTEMPATH\Boot.php(68): CodeIgniter\Boot::runCodeIgniter(Object(CodeIgniter\CodeIgniter))
13 FCPATH\index.php(59): CodeIgniter\Boot::bootWeb(Object(Config\Paths))
ERROR - 2026-04-25 12:56:47 --> mysqli_sql_exception: Unknown column 'buku.cover' in 'field list' in C:\xampp\htdocs\perpus\system\Database\MySQLi\Connection.php:327
Stack trace:
#0 C:\xampp\htdocs\perpus\system\Database\MySQLi\Connection.php(327): mysqli->query('SELECT `peminja...', 0)
#1 C:\xampp\htdocs\perpus\system\Database\BaseConnection.php(729): CodeIgniter\Database\MySQLi\Connection->execute('SELECT `peminja...')
#2 C:\xampp\htdocs\perpus\system\Database\BaseConnection.php(646): CodeIgniter\Database\BaseConnection->simpleQuery('SELECT `peminja...')
#3 C:\xampp\htdocs\perpus\system\Database\BaseBuilder.php(1649): CodeIgniter\Database\BaseConnection->query('SELECT `peminja...', Array, false)
#4 C:\xampp\htdocs\perpus\system\Model.php(286): CodeIgniter\Database\BaseBuilder->get()
#5 C:\xampp\htdocs\perpus\system\BaseModel.php(677): CodeIgniter\Model->doFindAll(0, 0)
#6 C:\xampp\htdocs\perpus\app\Controllers\peminjaman.php(34): CodeIgniter\BaseModel->findAll()
#7 C:\xampp\htdocs\perpus\system\CodeIgniter.php(933): App\Controllers\Peminjaman->index()
#8 C:\xampp\htdocs\perpus\system\CodeIgniter.php(507): CodeIgniter\CodeIgniter->runController(Object(App\Controllers\Peminjaman))
#9 C:\xampp\htdocs\perpus\system\CodeIgniter.php(354): CodeIgniter\CodeIgniter->handleRequest(NULL, Object(Config\Cache), false)
#10 C:\xampp\htdocs\perpus\system\Boot.php(363): CodeIgniter\CodeIgniter->run()
#11 C:\xampp\htdocs\perpus\system\Boot.php(68): CodeIgniter\Boot::runCodeIgniter(Object(CodeIgniter\CodeIgniter))
#12 C:\xampp\htdocs\perpus\index.php(59): CodeIgniter\Boot::bootWeb(Object(Config\Paths))
#13 {main}
CRITICAL - 2026-04-25 12:56:47 --> CodeIgniter\Database\Exceptions\DatabaseException: Unknown column 'buku.cover' in 'field list'
[Method: GET, Route: peminjaman]
in SYSTEMPATH\Database\BaseConnection.php on line 684.
 1 SYSTEMPATH\Database\BaseBuilder.php(1649): CodeIgniter\Database\BaseConnection->query('SELECT `peminjaman`.*, `buku`.`judul`, `buku`.`cover` as `foto`, `anggota`.`username` as `nama_anggota`, `petugas`.`username` as `nama_petugas`
FROM `peminjaman`
LEFT JOIN `buku` ON `buku`.`id_buku` = `peminjaman`.`id_buku`
LEFT JOIN `users` as `anggota` ON `anggota`.`id` = `peminjaman`.`id_anggota`
LEFT JOIN `users` as `petugas` ON `petugas`.`id` = `peminjaman`.`id_petugas`', [], false)
 2 SYSTEMPATH\Model.php(286): CodeIgniter\Database\BaseBuilder->get()
 3 SYSTEMPATH\BaseModel.php(677): CodeIgniter\Model->doFindAll(0, 0)
 4 APPPATH\Controllers\peminjaman.php(34): CodeIgniter\BaseModel->findAll()
 5 SYSTEMPATH\CodeIgniter.php(933): App\Controllers\Peminjaman->index()
 6 SYSTEMPATH\CodeIgniter.php(507): CodeIgniter\CodeIgniter->runController(Object(App\Controllers\Peminjaman))
 7 SYSTEMPATH\CodeIgniter.php(354): CodeIgniter\CodeIgniter->handleRequest(null, Object(Config\Cache), false)
 8 SYSTEMPATH\Boot.php(363): CodeIgniter\CodeIgniter->run()
 9 SYSTEMPATH\Boot.php(68): CodeIgniter\Boot::runCodeIgniter(Object(CodeIgniter\CodeIgniter))
10 FCPATH\index.php(59): CodeIgniter\Boot::bootWeb(Object(Config\Paths))
CRITICAL - 2026-04-25 12:56:47 --> [Caused by] CodeIgniter\Database\Exceptions\DatabaseException: Unknown column 'buku.cover' in 'field list'
in SYSTEMPATH\Database\MySQLi\Connection.php on line 332.
 1 SYSTEMPATH\Database\BaseConnection.php(729): CodeIgniter\Database\MySQLi\Connection->execute('SELECT `peminjaman`.*, `buku`.`judul`, `buku`.`cover` as `foto`, `anggota`.`username` as `nama_anggota`, `petugas`.`username` as `nama_petugas`
FROM `peminjaman`
LEFT JOIN `buku` ON `buku`.`id_buku` = `peminjaman`.`id_buku`
LEFT JOIN `users` as `anggota` ON `anggota`.`id` = `peminjaman`.`id_anggota`
LEFT JOIN `users` as `petugas` ON `petugas`.`id` = `peminjaman`.`id_petugas`')
 2 SYSTEMPATH\Database\BaseConnection.php(646): CodeIgniter\Database\BaseConnection->simpleQuery('SELECT `peminjaman`.*, `buku`.`judul`, `buku`.`cover` as `foto`, `anggota`.`username` as `nama_anggota`, `petugas`.`username` as `nama_petugas`
FROM `peminjaman`
LEFT JOIN `buku` ON `buku`.`id_buku` = `peminjaman`.`id_buku`
LEFT JOIN `users` as `anggota` ON `anggota`.`id` = `peminjaman`.`id_anggota`
LEFT JOIN `users` as `petugas` ON `petugas`.`id` = `peminjaman`.`id_petugas`')
 3 SYSTEMPATH\Database\BaseBuilder.php(1649): CodeIgniter\Database\BaseConnection->query('SELECT `peminjaman`.*, `buku`.`judul`, `buku`.`cover` as `foto`, `anggota`.`username` as `nama_anggota`, `petugas`.`username` as `nama_petugas`
FROM `peminjaman`
LEFT JOIN `buku` ON `buku`.`id_buku` = `peminjaman`.`id_buku`
LEFT JOIN `users` as `anggota` ON `anggota`.`id` = `peminjaman`.`id_anggota`
LEFT JOIN `users` as `petugas` ON `petugas`.`id` = `peminjaman`.`id_petugas`', [], false)
 4 SYSTEMPATH\Model.php(286): CodeIgniter\Database\BaseBuilder->get()
 5 SYSTEMPATH\BaseModel.php(677): CodeIgniter\Model->doFindAll(0, 0)
 6 APPPATH\Controllers\peminjaman.php(34): CodeIgniter\BaseModel->findAll()
 7 SYSTEMPATH\CodeIgniter.php(933): App\Controllers\Peminjaman->index()
 8 SYSTEMPATH\CodeIgniter.php(507): CodeIgniter\CodeIgniter->runController(Object(App\Controllers\Peminjaman))
 9 SYSTEMPATH\CodeIgniter.php(354): CodeIgniter\CodeIgniter->handleRequest(null, Object(Config\Cache), false)
10 SYSTEMPATH\Boot.php(363): CodeIgniter\CodeIgniter->run()
11 SYSTEMPATH\Boot.php(68): CodeIgniter\Boot::runCodeIgniter(Object(CodeIgniter\CodeIgniter))
12 FCPATH\index.php(59): CodeIgniter\Boot::bootWeb(Object(Config\Paths))
CRITICAL - 2026-04-25 12:56:47 --> [Caused by] mysqli_sql_exception: Unknown column 'buku.cover' in 'field list'
in SYSTEMPATH\Database\MySQLi\Connection.php on line 327.
 1 SYSTEMPATH\Database\MySQLi\Connection.php(327): mysqli->query('SELECT `peminjaman`.*, `buku`.`judul`, `buku`.`cover` as `foto`, `anggota`.`username` as `nama_anggota`, `petugas`.`username` as `nama_petugas`
FROM `peminjaman`
LEFT JOIN `buku` ON `buku`.`id_buku` = `peminjaman`.`id_buku`
LEFT JOIN `users` as `anggota` ON `anggota`.`id` = `peminjaman`.`id_anggota`
LEFT JOIN `users` as `petugas` ON `petugas`.`id` = `peminjaman`.`id_petugas`', 0)
 2 SYSTEMPATH\Database\BaseConnection.php(729): CodeIgniter\Database\MySQLi\Connection->execute('SELECT `peminjaman`.*, `buku`.`judul`, `buku`.`cover` as `foto`, `anggota`.`username` as `nama_anggota`, `petugas`.`username` as `nama_petugas`
FROM `peminjaman`
LEFT JOIN `buku` ON `buku`.`id_buku` = `peminjaman`.`id_buku`
LEFT JOIN `users` as `anggota` ON `anggota`.`id` = `peminjaman`.`id_anggota`
LEFT JOIN `users` as `petugas` ON `petugas`.`id` = `peminjaman`.`id_petugas`')
 3 SYSTEMPATH\Database\BaseConnection.php(646): CodeIgniter\Database\BaseConnection->simpleQuery('SELECT `peminjaman`.*, `buku`.`judul`, `buku`.`cover` as `foto`, `anggota`.`username` as `nama_anggota`, `petugas`.`username` as `nama_petugas`
FROM `peminjaman`
LEFT JOIN `buku` ON `buku`.`id_buku` = `peminjaman`.`id_buku`
LEFT JOIN `users` as `anggota` ON `anggota`.`id` = `peminjaman`.`id_anggota`
LEFT JOIN `users` as `petugas` ON `petugas`.`id` = `peminjaman`.`id_petugas`')
 4 SYSTEMPATH\Database\BaseBuilder.php(1649): CodeIgniter\Database\BaseConnection->query('SELECT `peminjaman`.*, `buku`.`judul`, `buku`.`cover` as `foto`, `anggota`.`username` as `nama_anggota`, `petugas`.`username` as `nama_petugas`
FROM `peminjaman`
LEFT JOIN `buku` ON `buku`.`id_buku` = `peminjaman`.`id_buku`
LEFT JOIN `users` as `anggota` ON `anggota`.`id` = `peminjaman`.`id_anggota`
LEFT JOIN `users` as `petugas` ON `petugas`.`id` = `peminjaman`.`id_petugas`', [], false)
 5 SYSTEMPATH\Model.php(286): CodeIgniter\Database\BaseBuilder->get()
 6 SYSTEMPATH\BaseModel.php(677): CodeIgniter\Model->doFindAll(0, 0)
 7 APPPATH\Controllers\peminjaman.php(34): CodeIgniter\BaseModel->findAll()
 8 SYSTEMPATH\CodeIgniter.php(933): App\Controllers\Peminjaman->index()
 9 SYSTEMPATH\CodeIgniter.php(507): CodeIgniter\CodeIgniter->runController(Object(App\Controllers\Peminjaman))
10 SYSTEMPATH\CodeIgniter.php(354): CodeIgniter\CodeIgniter->handleRequest(null, Object(Config\Cache), false)
11 SYSTEMPATH\Boot.php(363): CodeIgniter\CodeIgniter->run()
12 SYSTEMPATH\Boot.php(68): CodeIgniter\Boot::runCodeIgniter(Object(CodeIgniter\CodeIgniter))
13 FCPATH\index.php(59): CodeIgniter\Boot::bootWeb(Object(Config\Paths))
ERROR - 2026-04-25 12:56:48 --> mysqli_sql_exception: Unknown column 'buku.cover' in 'field list' in C:\xampp\htdocs\perpus\system\Database\MySQLi\Connection.php:327
Stack trace:
#0 C:\xampp\htdocs\perpus\system\Database\MySQLi\Connection.php(327): mysqli->query('SELECT `peminja...', 0)
#1 C:\xampp\htdocs\perpus\system\Database\BaseConnection.php(729): CodeIgniter\Database\MySQLi\Connection->execute('SELECT `peminja...')
#2 C:\xampp\htdocs\perpus\system\Database\BaseConnection.php(646): CodeIgniter\Database\BaseConnection->simpleQuery('SELECT `peminja...')
#3 C:\xampp\htdocs\perpus\system\Database\BaseBuilder.php(1649): CodeIgniter\Database\BaseConnection->query('SELECT `peminja...', Array, false)
#4 C:\xampp\htdocs\perpus\system\Model.php(286): CodeIgniter\Database\BaseBuilder->get()
#5 C:\xampp\htdocs\perpus\system\BaseModel.php(677): CodeIgniter\Model->doFindAll(0, 0)
#6 C:\xampp\htdocs\perpus\app\Controllers\peminjaman.php(34): CodeIgniter\BaseModel->findAll()
#7 C:\xampp\htdocs\perpus\system\CodeIgniter.php(933): App\Controllers\Peminjaman->index()
#8 C:\xampp\htdocs\perpus\system\CodeIgniter.php(507): CodeIgniter\CodeIgniter->runController(Object(App\Controllers\Peminjaman))
#9 C:\xampp\htdocs\perpus\system\CodeIgniter.php(354): CodeIgniter\CodeIgniter->handleRequest(NULL, Object(Config\Cache), false)
#10 C:\xampp\htdocs\perpus\system\Boot.php(363): CodeIgniter\CodeIgniter->run()
#11 C:\xampp\htdocs\perpus\system\Boot.php(68): CodeIgniter\Boot::runCodeIgniter(Object(CodeIgniter\CodeIgniter))
#12 C:\xampp\htdocs\perpus\index.php(59): CodeIgniter\Boot::bootWeb(Object(Config\Paths))
#13 {main}
CRITICAL - 2026-04-25 12:56:48 --> CodeIgniter\Database\Exceptions\DatabaseException: Unknown column 'buku.cover' in 'field list'
[Method: GET, Route: peminjaman]
in SYSTEMPATH\Database\BaseConnection.php on line 684.
 1 SYSTEMPATH\Database\BaseBuilder.php(1649): CodeIgniter\Database\BaseConnection->query('SELECT `peminjaman`.*, `buku`.`judul`, `buku`.`cover` as `foto`, `anggota`.`username` as `nama_anggota`, `petugas`.`username` as `nama_petugas`
FROM `peminjaman`
LEFT JOIN `buku` ON `buku`.`id_buku` = `peminjaman`.`id_buku`
LEFT JOIN `users` as `anggota` ON `anggota`.`id` = `peminjaman`.`id_anggota`
LEFT JOIN `users` as `petugas` ON `petugas`.`id` = `peminjaman`.`id_petugas`', [], false)
 2 SYSTEMPATH\Model.php(286): CodeIgniter\Database\BaseBuilder->get()
 3 SYSTEMPATH\BaseModel.php(677): CodeIgniter\Model->doFindAll(0, 0)
 4 APPPATH\Controllers\peminjaman.php(34): CodeIgniter\BaseModel->findAll()
 5 SYSTEMPATH\CodeIgniter.php(933): App\Controllers\Peminjaman->index()
 6 SYSTEMPATH\CodeIgniter.php(507): CodeIgniter\CodeIgniter->runController(Object(App\Controllers\Peminjaman))
 7 SYSTEMPATH\CodeIgniter.php(354): CodeIgniter\CodeIgniter->handleRequest(null, Object(Config\Cache), false)
 8 SYSTEMPATH\Boot.php(363): CodeIgniter\CodeIgniter->run()
 9 SYSTEMPATH\Boot.php(68): CodeIgniter\Boot::runCodeIgniter(Object(CodeIgniter\CodeIgniter))
10 FCPATH\index.php(59): CodeIgniter\Boot::bootWeb(Object(Config\Paths))
CRITICAL - 2026-04-25 12:56:48 --> [Caused by] CodeIgniter\Database\Exceptions\DatabaseException: Unknown column 'buku.cover' in 'field list'
in SYSTEMPATH\Database\MySQLi\Connection.php on line 332.
 1 SYSTEMPATH\Database\BaseConnection.php(729): CodeIgniter\Database\MySQLi\Connection->execute('SELECT `peminjaman`.*, `buku`.`judul`, `buku`.`cover` as `foto`, `anggota`.`username` as `nama_anggota`, `petugas`.`username` as `nama_petugas`
FROM `peminjaman`
LEFT JOIN `buku` ON `buku`.`id_buku` = `peminjaman`.`id_buku`
LEFT JOIN `users` as `anggota` ON `anggota`.`id` = `peminjaman`.`id_anggota`
LEFT JOIN `users` as `petugas` ON `petugas`.`id` = `peminjaman`.`id_petugas`')
 2 SYSTEMPATH\Database\BaseConnection.php(646): CodeIgniter\Database\BaseConnection->simpleQuery('SELECT `peminjaman`.*, `buku`.`judul`, `buku`.`cover` as `foto`, `anggota`.`username` as `nama_anggota`, `petugas`.`username` as `nama_petugas`
FROM `peminjaman`
LEFT JOIN `buku` ON `buku`.`id_buku` = `peminjaman`.`id_buku`
LEFT JOIN `users` as `anggota` ON `anggota`.`id` = `peminjaman`.`id_anggota`
LEFT JOIN `users` as `petugas` ON `petugas`.`id` = `peminjaman`.`id_petugas`')
 3 SYSTEMPATH\Database\BaseBuilder.php(1649): CodeIgniter\Database\BaseConnection->query('SELECT `peminjaman`.*, `buku`.`judul`, `buku`.`cover` as `foto`, `anggota`.`username` as `nama_anggota`, `petugas`.`username` as `nama_petugas`
FROM `peminjaman`
LEFT JOIN `buku` ON `buku`.`id_buku` = `peminjaman`.`id_buku`
LEFT JOIN `users` as `anggota` ON `anggota`.`id` = `peminjaman`.`id_anggota`
LEFT JOIN `users` as `petugas` ON `petugas`.`id` = `peminjaman`.`id_petugas`', [], false)
 4 SYSTEMPATH\Model.php(286): CodeIgniter\Database\BaseBuilder->get()
 5 SYSTEMPATH\BaseModel.php(677): CodeIgniter\Model->doFindAll(0, 0)
 6 APPPATH\Controllers\peminjaman.php(34): CodeIgniter\BaseModel->findAll()
 7 SYSTEMPATH\CodeIgniter.php(933): App\Controllers\Peminjaman->index()
 8 SYSTEMPATH\CodeIgniter.php(507): CodeIgniter\CodeIgniter->runController(Object(App\Controllers\Peminjaman))
 9 SYSTEMPATH\CodeIgniter.php(354): CodeIgniter\CodeIgniter->handleRequest(null, Object(Config\Cache), false)
10 SYSTEMPATH\Boot.php(363): CodeIgniter\CodeIgniter->run()
11 SYSTEMPATH\Boot.php(68): CodeIgniter\Boot::runCodeIgniter(Object(CodeIgniter\CodeIgniter))
12 FCPATH\index.php(59): CodeIgniter\Boot::bootWeb(Object(Config\Paths))
CRITICAL - 2026-04-25 12:56:48 --> [Caused by] mysqli_sql_exception: Unknown column 'buku.cover' in 'field list'
in SYSTEMPATH\Database\MySQLi\Connection.php on line 327.
 1 SYSTEMPATH\Database\MySQLi\Connection.php(327): mysqli->query('SELECT `peminjaman`.*, `buku`.`judul`, `buku`.`cover` as `foto`, `anggota`.`username` as `nama_anggota`, `petugas`.`username` as `nama_petugas`
FROM `peminjaman`
LEFT JOIN `buku` ON `buku`.`id_buku` = `peminjaman`.`id_buku`
LEFT JOIN `users` as `anggota` ON `anggota`.`id` = `peminjaman`.`id_anggota`
LEFT JOIN `users` as `petugas` ON `petugas`.`id` = `peminjaman`.`id_petugas`', 0)
 2 SYSTEMPATH\Database\BaseConnection.php(729): CodeIgniter\Database\MySQLi\Connection->execute('SELECT `peminjaman`.*, `buku`.`judul`, `buku`.`cover` as `foto`, `anggota`.`username` as `nama_anggota`, `petugas`.`username` as `nama_petugas`
FROM `peminjaman`
LEFT JOIN `buku` ON `buku`.`id_buku` = `peminjaman`.`id_buku`
LEFT JOIN `users` as `anggota` ON `anggota`.`id` = `peminjaman`.`id_anggota`
LEFT JOIN `users` as `petugas` ON `petugas`.`id` = `peminjaman`.`id_petugas`')
 3 SYSTEMPATH\Database\BaseConnection.php(646): CodeIgniter\Database\BaseConnection->simpleQuery('SELECT `peminjaman`.*, `buku`.`judul`, `buku`.`cover` as `foto`, `anggota`.`username` as `nama_anggota`, `petugas`.`username` as `nama_petugas`
FROM `peminjaman`
LEFT JOIN `buku` ON `buku`.`id_buku` = `peminjaman`.`id_buku`
LEFT JOIN `users` as `anggota` ON `anggota`.`id` = `peminjaman`.`id_anggota`
LEFT JOIN `users` as `petugas` ON `petugas`.`id` = `peminjaman`.`id_petugas`')
 4 SYSTEMPATH\Database\BaseBuilder.php(1649): CodeIgniter\Database\BaseConnection->query('SELECT `peminjaman`.*, `buku`.`judul`, `buku`.`cover` as `foto`, `anggota`.`username` as `nama_anggota`, `petugas`.`username` as `nama_petugas`
FROM `peminjaman`
LEFT JOIN `buku` ON `buku`.`id_buku` = `peminjaman`.`id_buku`
LEFT JOIN `users` as `anggota` ON `anggota`.`id` = `peminjaman`.`id_anggota`
LEFT JOIN `users` as `petugas` ON `petugas`.`id` = `peminjaman`.`id_petugas`', [], false)
 5 SYSTEMPATH\Model.php(286): CodeIgniter\Database\BaseBuilder->get()
 6 SYSTEMPATH\BaseModel.php(677): CodeIgniter\Model->doFindAll(0, 0)
 7 APPPATH\Controllers\peminjaman.php(34): CodeIgniter\BaseModel->findAll()
 8 SYSTEMPATH\CodeIgniter.php(933): App\Controllers\Peminjaman->index()
 9 SYSTEMPATH\CodeIgniter.php(507): CodeIgniter\CodeIgniter->runController(Object(App\Controllers\Peminjaman))
10 SYSTEMPATH\CodeIgniter.php(354): CodeIgniter\CodeIgniter->handleRequest(null, Object(Config\Cache), false)
11 SYSTEMPATH\Boot.php(363): CodeIgniter\CodeIgniter->run()
12 SYSTEMPATH\Boot.php(68): CodeIgniter\Boot::runCodeIgniter(Object(CodeIgniter\CodeIgniter))
13 FCPATH\index.php(59): CodeIgniter\Boot::bootWeb(Object(Config\Paths))
ERROR - 2026-04-25 12:56:48 --> mysqli_sql_exception: Unknown column 'buku.cover' in 'field list' in C:\xampp\htdocs\perpus\system\Database\MySQLi\Connection.php:327
Stack trace:
#0 C:\xampp\htdocs\perpus\system\Database\MySQLi\Connection.php(327): mysqli->query('SELECT `peminja...', 0)
#1 C:\xampp\htdocs\perpus\system\Database\BaseConnection.php(729): CodeIgniter\Database\MySQLi\Connection->execute('SELECT `peminja...')
#2 C:\xampp\htdocs\perpus\system\Database\BaseConnection.php(646): CodeIgniter\Database\BaseConnection->simpleQuery('SELECT `peminja...')
#3 C:\xampp\htdocs\perpus\system\Database\BaseBuilder.php(1649): CodeIgniter\Database\BaseConnection->query('SELECT `peminja...', Array, false)
#4 C:\xampp\htdocs\perpus\system\Model.php(286): CodeIgniter\Database\BaseBuilder->get()
#5 C:\xampp\htdocs\perpus\system\BaseModel.php(677): CodeIgniter\Model->doFindAll(0, 0)
#6 C:\xampp\htdocs\perpus\app\Controllers\peminjaman.php(34): CodeIgniter\BaseModel->findAll()
#7 C:\xampp\htdocs\perpus\system\CodeIgniter.php(933): App\Controllers\Peminjaman->index()
#8 C:\xampp\htdocs\perpus\system\CodeIgniter.php(507): CodeIgniter\CodeIgniter->runController(Object(App\Controllers\Peminjaman))
#9 C:\xampp\htdocs\perpus\system\CodeIgniter.php(354): CodeIgniter\CodeIgniter->handleRequest(NULL, Object(Config\Cache), false)
#10 C:\xampp\htdocs\perpus\system\Boot.php(363): CodeIgniter\CodeIgniter->run()
#11 C:\xampp\htdocs\perpus\system\Boot.php(68): CodeIgniter\Boot::runCodeIgniter(Object(CodeIgniter\CodeIgniter))
#12 C:\xampp\htdocs\perpus\index.php(59): CodeIgniter\Boot::bootWeb(Object(Config\Paths))
#13 {main}
CRITICAL - 2026-04-25 12:56:48 --> CodeIgniter\Database\Exceptions\DatabaseException: Unknown column 'buku.cover' in 'field list'
[Method: GET, Route: peminjaman]
in SYSTEMPATH\Database\BaseConnection.php on line 684.
 1 SYSTEMPATH\Database\BaseBuilder.php(1649): CodeIgniter\Database\BaseConnection->query('SELECT `peminjaman`.*, `buku`.`judul`, `buku`.`cover` as `foto`, `anggota`.`username` as `nama_anggota`, `petugas`.`username` as `nama_petugas`
FROM `peminjaman`
LEFT JOIN `buku` ON `buku`.`id_buku` = `peminjaman`.`id_buku`
LEFT JOIN `users` as `anggota` ON `anggota`.`id` = `peminjaman`.`id_anggota`
LEFT JOIN `users` as `petugas` ON `petugas`.`id` = `peminjaman`.`id_petugas`', [], false)
 2 SYSTEMPATH\Model.php(286): CodeIgniter\Database\BaseBuilder->get()
 3 SYSTEMPATH\BaseModel.php(677): CodeIgniter\Model->doFindAll(0, 0)
 4 APPPATH\Controllers\peminjaman.php(34): CodeIgniter\BaseModel->findAll()
 5 SYSTEMPATH\CodeIgniter.php(933): App\Controllers\Peminjaman->index()
 6 SYSTEMPATH\CodeIgniter.php(507): CodeIgniter\CodeIgniter->runController(Object(App\Controllers\Peminjaman))
 7 SYSTEMPATH\CodeIgniter.php(354): CodeIgniter\CodeIgniter->handleRequest(null, Object(Config\Cache), false)
 8 SYSTEMPATH\Boot.php(363): CodeIgniter\CodeIgniter->run()
 9 SYSTEMPATH\Boot.php(68): CodeIgniter\Boot::runCodeIgniter(Object(CodeIgniter\CodeIgniter))
10 FCPATH\index.php(59): CodeIgniter\Boot::bootWeb(Object(Config\Paths))
CRITICAL - 2026-04-25 12:56:48 --> [Caused by] CodeIgniter\Database\Exceptions\DatabaseException: Unknown column 'buku.cover' in 'field list'
in SYSTEMPATH\Database\MySQLi\Connection.php on line 332.
 1 SYSTEMPATH\Database\BaseConnection.php(729): CodeIgniter\Database\MySQLi\Connection->execute('SELECT `peminjaman`.*, `buku`.`judul`, `buku`.`cover` as `foto`, `anggota`.`username` as `nama_anggota`, `petugas`.`username` as `nama_petugas`
FROM `peminjaman`
LEFT JOIN `buku` ON `buku`.`id_buku` = `peminjaman`.`id_buku`
LEFT JOIN `users` as `anggota` ON `anggota`.`id` = `peminjaman`.`id_anggota`
LEFT JOIN `users` as `petugas` ON `petugas`.`id` = `peminjaman`.`id_petugas`')
 2 SYSTEMPATH\Database\BaseConnection.php(646): CodeIgniter\Database\BaseConnection->simpleQuery('SELECT `peminjaman`.*, `buku`.`judul`, `buku`.`cover` as `foto`, `anggota`.`username` as `nama_anggota`, `petugas`.`username` as `nama_petugas`
FROM `peminjaman`
LEFT JOIN `buku` ON `buku`.`id_buku` = `peminjaman`.`id_buku`
LEFT JOIN `users` as `anggota` ON `anggota`.`id` = `peminjaman`.`id_anggota`
LEFT JOIN `users` as `petugas` ON `petugas`.`id` = `peminjaman`.`id_petugas`')
 3 SYSTEMPATH\Database\BaseBuilder.php(1649): CodeIgniter\Database\BaseConnection->query('SELECT `peminjaman`.*, `buku`.`judul`, `buku`.`cover` as `foto`, `anggota`.`username` as `nama_anggota`, `petugas`.`username` as `nama_petugas`
FROM `peminjaman`
LEFT JOIN `buku` ON `buku`.`id_buku` = `peminjaman`.`id_buku`
LEFT JOIN `users` as `anggota` ON `anggota`.`id` = `peminjaman`.`id_anggota`
LEFT JOIN `users` as `petugas` ON `petugas`.`id` = `peminjaman`.`id_petugas`', [], false)
 4 SYSTEMPATH\Model.php(286): CodeIgniter\Database\BaseBuilder->get()
 5 SYSTEMPATH\BaseModel.php(677): CodeIgniter\Model->doFindAll(0, 0)
 6 APPPATH\Controllers\peminjaman.php(34): CodeIgniter\BaseModel->findAll()
 7 SYSTEMPATH\CodeIgniter.php(933): App\Controllers\Peminjaman->index()
 8 SYSTEMPATH\CodeIgniter.php(507): CodeIgniter\CodeIgniter->runController(Object(App\Controllers\Peminjaman))
 9 SYSTEMPATH\CodeIgniter.php(354): CodeIgniter\CodeIgniter->handleRequest(null, Object(Config\Cache), false)
10 SYSTEMPATH\Boot.php(363): CodeIgniter\CodeIgniter->run()
11 SYSTEMPATH\Boot.php(68): CodeIgniter\Boot::runCodeIgniter(Object(CodeIgniter\CodeIgniter))
12 FCPATH\index.php(59): CodeIgniter\Boot::bootWeb(Object(Config\Paths))
CRITICAL - 2026-04-25 12:56:48 --> [Caused by] mysqli_sql_exception: Unknown column 'buku.cover' in 'field list'
in SYSTEMPATH\Database\MySQLi\Connection.php on line 327.
 1 SYSTEMPATH\Database\MySQLi\Connection.php(327): mysqli->query('SELECT `peminjaman`.*, `buku`.`judul`, `buku`.`cover` as `foto`, `anggota`.`username` as `nama_anggota`, `petugas`.`username` as `nama_petugas`
FROM `peminjaman`
LEFT JOIN `buku` ON `buku`.`id_buku` = `peminjaman`.`id_buku`
LEFT JOIN `users` as `anggota` ON `anggota`.`id` = `peminjaman`.`id_anggota`
LEFT JOIN `users` as `petugas` ON `petugas`.`id` = `peminjaman`.`id_petugas`', 0)
 2 SYSTEMPATH\Database\BaseConnection.php(729): CodeIgniter\Database\MySQLi\Connection->execute('SELECT `peminjaman`.*, `buku`.`judul`, `buku`.`cover` as `foto`, `anggota`.`username` as `nama_anggota`, `petugas`.`username` as `nama_petugas`
FROM `peminjaman`
LEFT JOIN `buku` ON `buku`.`id_buku` = `peminjaman`.`id_buku`
LEFT JOIN `users` as `anggota` ON `anggota`.`id` = `peminjaman`.`id_anggota`
LEFT JOIN `users` as `petugas` ON `petugas`.`id` = `peminjaman`.`id_petugas`')
 3 SYSTEMPATH\Database\BaseConnection.php(646): CodeIgniter\Database\BaseConnection->simpleQuery('SELECT `peminjaman`.*, `buku`.`judul`, `buku`.`cover` as `foto`, `anggota`.`username` as `nama_anggota`, `petugas`.`username` as `nama_petugas`
FROM `peminjaman`
LEFT JOIN `buku` ON `buku`.`id_buku` = `peminjaman`.`id_buku`
LEFT JOIN `users` as `anggota` ON `anggota`.`id` = `peminjaman`.`id_anggota`
LEFT JOIN `users` as `petugas` ON `petugas`.`id` = `peminjaman`.`id_petugas`')
 4 SYSTEMPATH\Database\BaseBuilder.php(1649): CodeIgniter\Database\BaseConnection->query('SELECT `peminjaman`.*, `buku`.`judul`, `buku`.`cover` as `foto`, `anggota`.`username` as `nama_anggota`, `petugas`.`username` as `nama_petugas`
FROM `peminjaman`
LEFT JOIN `buku` ON `buku`.`id_buku` = `peminjaman`.`id_buku`
LEFT JOIN `users` as `anggota` ON `anggota`.`id` = `peminjaman`.`id_anggota`
LEFT JOIN `users` as `petugas` ON `petugas`.`id` = `peminjaman`.`id_petugas`', [], false)
 5 SYSTEMPATH\Model.php(286): CodeIgniter\Database\BaseBuilder->get()
 6 SYSTEMPATH\BaseModel.php(677): CodeIgniter\Model->doFindAll(0, 0)
 7 APPPATH\Controllers\peminjaman.php(34): CodeIgniter\BaseModel->findAll()
 8 SYSTEMPATH\CodeIgniter.php(933): App\Controllers\Peminjaman->index()
 9 SYSTEMPATH\CodeIgniter.php(507): CodeIgniter\CodeIgniter->runController(Object(App\Controllers\Peminjaman))
10 SYSTEMPATH\CodeIgniter.php(354): CodeIgniter\CodeIgniter->handleRequest(null, Object(Config\Cache), false)
11 SYSTEMPATH\Boot.php(363): CodeIgniter\CodeIgniter->run()
12 SYSTEMPATH\Boot.php(68): CodeIgniter\Boot::runCodeIgniter(Object(CodeIgniter\CodeIgniter))
13 FCPATH\index.php(59): CodeIgniter\Boot::bootWeb(Object(Config\Paths))
ERROR - 2026-04-25 12:56:48 --> mysqli_sql_exception: Unknown column 'buku.cover' in 'field list' in C:\xampp\htdocs\perpus\system\Database\MySQLi\Connection.php:327
Stack trace:
#0 C:\xampp\htdocs\perpus\system\Database\MySQLi\Connection.php(327): mysqli->query('SELECT `peminja...', 0)
#1 C:\xampp\htdocs\perpus\system\Database\BaseConnection.php(729): CodeIgniter\Database\MySQLi\Connection->execute('SELECT `peminja...')
#2 C:\xampp\htdocs\perpus\system\Database\BaseConnection.php(646): CodeIgniter\Database\BaseConnection->simpleQuery('SELECT `peminja...')
#3 C:\xampp\htdocs\perpus\system\Database\BaseBuilder.php(1649): CodeIgniter\Database\BaseConnection->query('SELECT `peminja...', Array, false)
#4 C:\xampp\htdocs\perpus\system\Model.php(286): CodeIgniter\Database\BaseBuilder->get()
#5 C:\xampp\htdocs\perpus\system\BaseModel.php(677): CodeIgniter\Model->doFindAll(0, 0)
#6 C:\xampp\htdocs\perpus\app\Controllers\peminjaman.php(34): CodeIgniter\BaseModel->findAll()
#7 C:\xampp\htdocs\perpus\system\CodeIgniter.php(933): App\Controllers\Peminjaman->index()
#8 C:\xampp\htdocs\perpus\system\CodeIgniter.php(507): CodeIgniter\CodeIgniter->runController(Object(App\Controllers\Peminjaman))
#9 C:\xampp\htdocs\perpus\system\CodeIgniter.php(354): CodeIgniter\CodeIgniter->handleRequest(NULL, Object(Config\Cache), false)
#10 C:\xampp\htdocs\perpus\system\Boot.php(363): CodeIgniter\CodeIgniter->run()
#11 C:\xampp\htdocs\perpus\system\Boot.php(68): CodeIgniter\Boot::runCodeIgniter(Object(CodeIgniter\CodeIgniter))
#12 C:\xampp\htdocs\perpus\index.php(59): CodeIgniter\Boot::bootWeb(Object(Config\Paths))
#13 {main}
CRITICAL - 2026-04-25 12:56:48 --> CodeIgniter\Database\Exceptions\DatabaseException: Unknown column 'buku.cover' in 'field list'
[Method: GET, Route: peminjaman]
in SYSTEMPATH\Database\BaseConnection.php on line 684.
 1 SYSTEMPATH\Database\BaseBuilder.php(1649): CodeIgniter\Database\BaseConnection->query('SELECT `peminjaman`.*, `buku`.`judul`, `buku`.`cover` as `foto`, `anggota`.`username` as `nama_anggota`, `petugas`.`username` as `nama_petugas`
FROM `peminjaman`
LEFT JOIN `buku` ON `buku`.`id_buku` = `peminjaman`.`id_buku`
LEFT JOIN `users` as `anggota` ON `anggota`.`id` = `peminjaman`.`id_anggota`
LEFT JOIN `users` as `petugas` ON `petugas`.`id` = `peminjaman`.`id_petugas`', [], false)
 2 SYSTEMPATH\Model.php(286): CodeIgniter\Database\BaseBuilder->get()
 3 SYSTEMPATH\BaseModel.php(677): CodeIgniter\Model->doFindAll(0, 0)
 4 APPPATH\Controllers\peminjaman.php(34): CodeIgniter\BaseModel->findAll()
 5 SYSTEMPATH\CodeIgniter.php(933): App\Controllers\Peminjaman->index()
 6 SYSTEMPATH\CodeIgniter.php(507): CodeIgniter\CodeIgniter->runController(Object(App\Controllers\Peminjaman))
 7 SYSTEMPATH\CodeIgniter.php(354): CodeIgniter\CodeIgniter->handleRequest(null, Object(Config\Cache), false)
 8 SYSTEMPATH\Boot.php(363): CodeIgniter\CodeIgniter->run()
 9 SYSTEMPATH\Boot.php(68): CodeIgniter\Boot::runCodeIgniter(Object(CodeIgniter\CodeIgniter))
10 FCPATH\index.php(59): CodeIgniter\Boot::bootWeb(Object(Config\Paths))
CRITICAL - 2026-04-25 12:56:48 --> [Caused by] CodeIgniter\Database\Exceptions\DatabaseException: Unknown column 'buku.cover' in 'field list'
in SYSTEMPATH\Database\MySQLi\Connection.php on line 332.
 1 SYSTEMPATH\Database\BaseConnection.php(729): CodeIgniter\Database\MySQLi\Connection->execute('SELECT `peminjaman`.*, `buku`.`judul`, `buku`.`cover` as `foto`, `anggota`.`username` as `nama_anggota`, `petugas`.`username` as `nama_petugas`
FROM `peminjaman`
LEFT JOIN `buku` ON `buku`.`id_buku` = `peminjaman`.`id_buku`
LEFT JOIN `users` as `anggota` ON `anggota`.`id` = `peminjaman`.`id_anggota`
LEFT JOIN `users` as `petugas` ON `petugas`.`id` = `peminjaman`.`id_petugas`')
 2 SYSTEMPATH\Database\BaseConnection.php(646): CodeIgniter\Database\BaseConnection->simpleQuery('SELECT `peminjaman`.*, `buku`.`judul`, `buku`.`cover` as `foto`, `anggota`.`username` as `nama_anggota`, `petugas`.`username` as `nama_petugas`
FROM `peminjaman`
LEFT JOIN `buku` ON `buku`.`id_buku` = `peminjaman`.`id_buku`
LEFT JOIN `users` as `anggota` ON `anggota`.`id` = `peminjaman`.`id_anggota`
LEFT JOIN `users` as `petugas` ON `petugas`.`id` = `peminjaman`.`id_petugas`')
 3 SYSTEMPATH\Database\BaseBuilder.php(1649): CodeIgniter\Database\BaseConnection->query('SELECT `peminjaman`.*, `buku`.`judul`, `buku`.`cover` as `foto`, `anggota`.`username` as `nama_anggota`, `petugas`.`username` as `nama_petugas`
FROM `peminjaman`
LEFT JOIN `buku` ON `buku`.`id_buku` = `peminjaman`.`id_buku`
LEFT JOIN `users` as `anggota` ON `anggota`.`id` = `peminjaman`.`id_anggota`
LEFT JOIN `users` as `petugas` ON `petugas`.`id` = `peminjaman`.`id_petugas`', [], false)
 4 SYSTEMPATH\Model.php(286): CodeIgniter\Database\BaseBuilder->get()
 5 SYSTEMPATH\BaseModel.php(677): CodeIgniter\Model->doFindAll(0, 0)
 6 APPPATH\Controllers\peminjaman.php(34): CodeIgniter\BaseModel->findAll()
 7 SYSTEMPATH\CodeIgniter.php(933): App\Controllers\Peminjaman->index()
 8 SYSTEMPATH\CodeIgniter.php(507): CodeIgniter\CodeIgniter->runController(Object(App\Controllers\Peminjaman))
 9 SYSTEMPATH\CodeIgniter.php(354): CodeIgniter\CodeIgniter->handleRequest(null, Object(Config\Cache), false)
10 SYSTEMPATH\Boot.php(363): CodeIgniter\CodeIgniter->run()
11 SYSTEMPATH\Boot.php(68): CodeIgniter\Boot::runCodeIgniter(Object(CodeIgniter\CodeIgniter))
12 FCPATH\index.php(59): CodeIgniter\Boot::bootWeb(Object(Config\Paths))
CRITICAL - 2026-04-25 12:56:48 --> [Caused by] mysqli_sql_exception: Unknown column 'buku.cover' in 'field list'
in SYSTEMPATH\Database\MySQLi\Connection.php on line 327.
 1 SYSTEMPATH\Database\MySQLi\Connection.php(327): mysqli->query('SELECT `peminjaman`.*, `buku`.`judul`, `buku`.`cover` as `foto`, `anggota`.`username` as `nama_anggota`, `petugas`.`username` as `nama_petugas`
FROM `peminjaman`
LEFT JOIN `buku` ON `buku`.`id_buku` = `peminjaman`.`id_buku`
LEFT JOIN `users` as `anggota` ON `anggota`.`id` = `peminjaman`.`id_anggota`
LEFT JOIN `users` as `petugas` ON `petugas`.`id` = `peminjaman`.`id_petugas`', 0)
 2 SYSTEMPATH\Database\BaseConnection.php(729): CodeIgniter\Database\MySQLi\Connection->execute('SELECT `peminjaman`.*, `buku`.`judul`, `buku`.`cover` as `foto`, `anggota`.`username` as `nama_anggota`, `petugas`.`username` as `nama_petugas`
FROM `peminjaman`
LEFT JOIN `buku` ON `buku`.`id_buku` = `peminjaman`.`id_buku`
LEFT JOIN `users` as `anggota` ON `anggota`.`id` = `peminjaman`.`id_anggota`
LEFT JOIN `users` as `petugas` ON `petugas`.`id` = `peminjaman`.`id_petugas`')
 3 SYSTEMPATH\Database\BaseConnection.php(646): CodeIgniter\Database\BaseConnection->simpleQuery('SELECT `peminjaman`.*, `buku`.`judul`, `buku`.`cover` as `foto`, `anggota`.`username` as `nama_anggota`, `petugas`.`username` as `nama_petugas`
FROM `peminjaman`
LEFT JOIN `buku` ON `buku`.`id_buku` = `peminjaman`.`id_buku`
LEFT JOIN `users` as `anggota` ON `anggota`.`id` = `peminjaman`.`id_anggota`
LEFT JOIN `users` as `petugas` ON `petugas`.`id` = `peminjaman`.`id_petugas`')
 4 SYSTEMPATH\Database\BaseBuilder.php(1649): CodeIgniter\Database\BaseConnection->query('SELECT `peminjaman`.*, `buku`.`judul`, `buku`.`cover` as `foto`, `anggota`.`username` as `nama_anggota`, `petugas`.`username` as `nama_petugas`
FROM `peminjaman`
LEFT JOIN `buku` ON `buku`.`id_buku` = `peminjaman`.`id_buku`
LEFT JOIN `users` as `anggota` ON `anggota`.`id` = `peminjaman`.`id_anggota`
LEFT JOIN `users` as `petugas` ON `petugas`.`id` = `peminjaman`.`id_petugas`', [], false)
 5 SYSTEMPATH\Model.php(286): CodeIgniter\Database\BaseBuilder->get()
 6 SYSTEMPATH\BaseModel.php(677): CodeIgniter\Model->doFindAll(0, 0)
 7 APPPATH\Controllers\peminjaman.php(34): CodeIgniter\BaseModel->findAll()
 8 SYSTEMPATH\CodeIgniter.php(933): App\Controllers\Peminjaman->index()
 9 SYSTEMPATH\CodeIgniter.php(507): CodeIgniter\CodeIgniter->runController(Object(App\Controllers\Peminjaman))
10 SYSTEMPATH\CodeIgniter.php(354): CodeIgniter\CodeIgniter->handleRequest(null, Object(Config\Cache), false)
11 SYSTEMPATH\Boot.php(363): CodeIgniter\CodeIgniter->run()
12 SYSTEMPATH\Boot.php(68): CodeIgniter\Boot::runCodeIgniter(Object(CodeIgniter\CodeIgniter))
13 FCPATH\index.php(59): CodeIgniter\Boot::bootWeb(Object(Config\Paths))
ERROR - 2026-04-25 12:56:49 --> mysqli_sql_exception: Unknown column 'buku.cover' in 'field list' in C:\xampp\htdocs\perpus\system\Database\MySQLi\Connection.php:327
Stack trace:
#0 C:\xampp\htdocs\perpus\system\Database\MySQLi\Connection.php(327): mysqli->query('SELECT `peminja...', 0)
#1 C:\xampp\htdocs\perpus\system\Database\BaseConnection.php(729): CodeIgniter\Database\MySQLi\Connection->execute('SELECT `peminja...')
#2 C:\xampp\htdocs\perpus\system\Database\BaseConnection.php(646): CodeIgniter\Database\BaseConnection->simpleQuery('SELECT `peminja...')
#3 C:\xampp\htdocs\perpus\system\Database\BaseBuilder.php(1649): CodeIgniter\Database\BaseConnection->query('SELECT `peminja...', Array, false)
#4 C:\xampp\htdocs\perpus\system\Model.php(286): CodeIgniter\Database\BaseBuilder->get()
#5 C:\xampp\htdocs\perpus\system\BaseModel.php(677): CodeIgniter\Model->doFindAll(0, 0)
#6 C:\xampp\htdocs\perpus\app\Controllers\peminjaman.php(34): CodeIgniter\BaseModel->findAll()
#7 C:\xampp\htdocs\perpus\system\CodeIgniter.php(933): App\Controllers\Peminjaman->index()
#8 C:\xampp\htdocs\perpus\system\CodeIgniter.php(507): CodeIgniter\CodeIgniter->runController(Object(App\Controllers\Peminjaman))
#9 C:\xampp\htdocs\perpus\system\CodeIgniter.php(354): CodeIgniter\CodeIgniter->handleRequest(NULL, Object(Config\Cache), false)
#10 C:\xampp\htdocs\perpus\system\Boot.php(363): CodeIgniter\CodeIgniter->run()
#11 C:\xampp\htdocs\perpus\system\Boot.php(68): CodeIgniter\Boot::runCodeIgniter(Object(CodeIgniter\CodeIgniter))
#12 C:\xampp\htdocs\perpus\index.php(59): CodeIgniter\Boot::bootWeb(Object(Config\Paths))
#13 {main}
CRITICAL - 2026-04-25 12:56:49 --> CodeIgniter\Database\Exceptions\DatabaseException: Unknown column 'buku.cover' in 'field list'
[Method: GET, Route: peminjaman]
in SYSTEMPATH\Database\BaseConnection.php on line 684.
 1 SYSTEMPATH\Database\BaseBuilder.php(1649): CodeIgniter\Database\BaseConnection->query('SELECT `peminjaman`.*, `buku`.`judul`, `buku`.`cover` as `foto`, `anggota`.`username` as `nama_anggota`, `petugas`.`username` as `nama_petugas`
FROM `peminjaman`
LEFT JOIN `buku` ON `buku`.`id_buku` = `peminjaman`.`id_buku`
LEFT JOIN `users` as `anggota` ON `anggota`.`id` = `peminjaman`.`id_anggota`
LEFT JOIN `users` as `petugas` ON `petugas`.`id` = `peminjaman`.`id_petugas`', [], false)
 2 SYSTEMPATH\Model.php(286): CodeIgniter\Database\BaseBuilder->get()
 3 SYSTEMPATH\BaseModel.php(677): CodeIgniter\Model->doFindAll(0, 0)
 4 APPPATH\Controllers\peminjaman.php(34): CodeIgniter\BaseModel->findAll()
 5 SYSTEMPATH\CodeIgniter.php(933): App\Controllers\Peminjaman->index()
 6 SYSTEMPATH\CodeIgniter.php(507): CodeIgniter\CodeIgniter->runController(Object(App\Controllers\Peminjaman))
 7 SYSTEMPATH\CodeIgniter.php(354): CodeIgniter\CodeIgniter->handleRequest(null, Object(Config\Cache), false)
 8 SYSTEMPATH\Boot.php(363): CodeIgniter\CodeIgniter->run()
 9 SYSTEMPATH\Boot.php(68): CodeIgniter\Boot::runCodeIgniter(Object(CodeIgniter\CodeIgniter))
10 FCPATH\index.php(59): CodeIgniter\Boot::bootWeb(Object(Config\Paths))
CRITICAL - 2026-04-25 12:56:49 --> [Caused by] CodeIgniter\Database\Exceptions\DatabaseException: Unknown column 'buku.cover' in 'field list'
in SYSTEMPATH\Database\MySQLi\Connection.php on line 332.
 1 SYSTEMPATH\Database\BaseConnection.php(729): CodeIgniter\Database\MySQLi\Connection->execute('SELECT `peminjaman`.*, `buku`.`judul`, `buku`.`cover` as `foto`, `anggota`.`username` as `nama_anggota`, `petugas`.`username` as `nama_petugas`
FROM `peminjaman`
LEFT JOIN `buku` ON `buku`.`id_buku` = `peminjaman`.`id_buku`
LEFT JOIN `users` as `anggota` ON `anggota`.`id` = `peminjaman`.`id_anggota`
LEFT JOIN `users` as `petugas` ON `petugas`.`id` = `peminjaman`.`id_petugas`')
 2 SYSTEMPATH\Database\BaseConnection.php(646): CodeIgniter\Database\BaseConnection->simpleQuery('SELECT `peminjaman`.*, `buku`.`judul`, `buku`.`cover` as `foto`, `anggota`.`username` as `nama_anggota`, `petugas`.`username` as `nama_petugas`
FROM `peminjaman`
LEFT JOIN `buku` ON `buku`.`id_buku` = `peminjaman`.`id_buku`
LEFT JOIN `users` as `anggota` ON `anggota`.`id` = `peminjaman`.`id_anggota`
LEFT JOIN `users` as `petugas` ON `petugas`.`id` = `peminjaman`.`id_petugas`')
 3 SYSTEMPATH\Database\BaseBuilder.php(1649): CodeIgniter\Database\BaseConnection->query('SELECT `peminjaman`.*, `buku`.`judul`, `buku`.`cover` as `foto`, `anggota`.`username` as `nama_anggota`, `petugas`.`username` as `nama_petugas`
FROM `peminjaman`
LEFT JOIN `buku` ON `buku`.`id_buku` = `peminjaman`.`id_buku`
LEFT JOIN `users` as `anggota` ON `anggota`.`id` = `peminjaman`.`id_anggota`
LEFT JOIN `users` as `petugas` ON `petugas`.`id` = `peminjaman`.`id_petugas`', [], false)
 4 SYSTEMPATH\Model.php(286): CodeIgniter\Database\BaseBuilder->get()
 5 SYSTEMPATH\BaseModel.php(677): CodeIgniter\Model->doFindAll(0, 0)
 6 APPPATH\Controllers\peminjaman.php(34): CodeIgniter\BaseModel->findAll()
 7 SYSTEMPATH\CodeIgniter.php(933): App\Controllers\Peminjaman->index()
 8 SYSTEMPATH\CodeIgniter.php(507): CodeIgniter\CodeIgniter->runController(Object(App\Controllers\Peminjaman))
 9 SYSTEMPATH\CodeIgniter.php(354): CodeIgniter\CodeIgniter->handleRequest(null, Object(Config\Cache), false)
10 SYSTEMPATH\Boot.php(363): CodeIgniter\CodeIgniter->run()
11 SYSTEMPATH\Boot.php(68): CodeIgniter\Boot::runCodeIgniter(Object(CodeIgniter\CodeIgniter))
12 FCPATH\index.php(59): CodeIgniter\Boot::bootWeb(Object(Config\Paths))
CRITICAL - 2026-04-25 12:56:49 --> [Caused by] mysqli_sql_exception: Unknown column 'buku.cover' in 'field list'
in SYSTEMPATH\Database\MySQLi\Connection.php on line 327.
 1 SYSTEMPATH\Database\MySQLi\Connection.php(327): mysqli->query('SELECT `peminjaman`.*, `buku`.`judul`, `buku`.`cover` as `foto`, `anggota`.`username` as `nama_anggota`, `petugas`.`username` as `nama_petugas`
FROM `peminjaman`
LEFT JOIN `buku` ON `buku`.`id_buku` = `peminjaman`.`id_buku`
LEFT JOIN `users` as `anggota` ON `anggota`.`id` = `peminjaman`.`id_anggota`
LEFT JOIN `users` as `petugas` ON `petugas`.`id` = `peminjaman`.`id_petugas`', 0)
 2 SYSTEMPATH\Database\BaseConnection.php(729): CodeIgniter\Database\MySQLi\Connection->execute('SELECT `peminjaman`.*, `buku`.`judul`, `buku`.`cover` as `foto`, `anggota`.`username` as `nama_anggota`, `petugas`.`username` as `nama_petugas`
FROM `peminjaman`
LEFT JOIN `buku` ON `buku`.`id_buku` = `peminjaman`.`id_buku`
LEFT JOIN `users` as `anggota` ON `anggota`.`id` = `peminjaman`.`id_anggota`
LEFT JOIN `users` as `petugas` ON `petugas`.`id` = `peminjaman`.`id_petugas`')
 3 SYSTEMPATH\Database\BaseConnection.php(646): CodeIgniter\Database\BaseConnection->simpleQuery('SELECT `peminjaman`.*, `buku`.`judul`, `buku`.`cover` as `foto`, `anggota`.`username` as `nama_anggota`, `petugas`.`username` as `nama_petugas`
FROM `peminjaman`
LEFT JOIN `buku` ON `buku`.`id_buku` = `peminjaman`.`id_buku`
LEFT JOIN `users` as `anggota` ON `anggota`.`id` = `peminjaman`.`id_anggota`
LEFT JOIN `users` as `petugas` ON `petugas`.`id` = `peminjaman`.`id_petugas`')
 4 SYSTEMPATH\Database\BaseBuilder.php(1649): CodeIgniter\Database\BaseConnection->query('SELECT `peminjaman`.*, `buku`.`judul`, `buku`.`cover` as `foto`, `anggota`.`username` as `nama_anggota`, `petugas`.`username` as `nama_petugas`
FROM `peminjaman`
LEFT JOIN `buku` ON `buku`.`id_buku` = `peminjaman`.`id_buku`
LEFT JOIN `users` as `anggota` ON `anggota`.`id` = `peminjaman`.`id_anggota`
LEFT JOIN `users` as `petugas` ON `petugas`.`id` = `peminjaman`.`id_petugas`', [], false)
 5 SYSTEMPATH\Model.php(286): CodeIgniter\Database\BaseBuilder->get()
 6 SYSTEMPATH\BaseModel.php(677): CodeIgniter\Model->doFindAll(0, 0)
 7 APPPATH\Controllers\peminjaman.php(34): CodeIgniter\BaseModel->findAll()
 8 SYSTEMPATH\CodeIgniter.php(933): App\Controllers\Peminjaman->index()
 9 SYSTEMPATH\CodeIgniter.php(507): CodeIgniter\CodeIgniter->runController(Object(App\Controllers\Peminjaman))
10 SYSTEMPATH\CodeIgniter.php(354): CodeIgniter\CodeIgniter->handleRequest(null, Object(Config\Cache), false)
11 SYSTEMPATH\Boot.php(363): CodeIgniter\CodeIgniter->run()
12 SYSTEMPATH\Boot.php(68): CodeIgniter\Boot::runCodeIgniter(Object(CodeIgniter\CodeIgniter))
13 FCPATH\index.php(59): CodeIgniter\Boot::bootWeb(Object(Config\Paths))
ERROR - 2026-04-25 12:56:49 --> mysqli_sql_exception: Unknown column 'buku.cover' in 'field list' in C:\xampp\htdocs\perpus\system\Database\MySQLi\Connection.php:327
Stack trace:
#0 C:\xampp\htdocs\perpus\system\Database\MySQLi\Connection.php(327): mysqli->query('SELECT `peminja...', 0)
#1 C:\xampp\htdocs\perpus\system\Database\BaseConnection.php(729): CodeIgniter\Database\MySQLi\Connection->execute('SELECT `peminja...')
#2 C:\xampp\htdocs\perpus\system\Database\BaseConnection.php(646): CodeIgniter\Database\BaseConnection->simpleQuery('SELECT `peminja...')
#3 C:\xampp\htdocs\perpus\system\Database\BaseBuilder.php(1649): CodeIgniter\Database\BaseConnection->query('SELECT `peminja...', Array, false)
#4 C:\xampp\htdocs\perpus\system\Model.php(286): CodeIgniter\Database\BaseBuilder->get()
#5 C:\xampp\htdocs\perpus\system\BaseModel.php(677): CodeIgniter\Model->doFindAll(0, 0)
#6 C:\xampp\htdocs\perpus\app\Controllers\peminjaman.php(34): CodeIgniter\BaseModel->findAll()
#7 C:\xampp\htdocs\perpus\system\CodeIgniter.php(933): App\Controllers\Peminjaman->index()
#8 C:\xampp\htdocs\perpus\system\CodeIgniter.php(507): CodeIgniter\CodeIgniter->runController(Object(App\Controllers\Peminjaman))
#9 C:\xampp\htdocs\perpus\system\CodeIgniter.php(354): CodeIgniter\CodeIgniter->handleRequest(NULL, Object(Config\Cache), false)
#10 C:\xampp\htdocs\perpus\system\Boot.php(363): CodeIgniter\CodeIgniter->run()
#11 C:\xampp\htdocs\perpus\system\Boot.php(68): CodeIgniter\Boot::runCodeIgniter(Object(CodeIgniter\CodeIgniter))
#12 C:\xampp\htdocs\perpus\index.php(59): CodeIgniter\Boot::bootWeb(Object(Config\Paths))
#13 {main}
CRITICAL - 2026-04-25 12:56:49 --> CodeIgniter\Database\Exceptions\DatabaseException: Unknown column 'buku.cover' in 'field list'
[Method: GET, Route: peminjaman]
in SYSTEMPATH\Database\BaseConnection.php on line 684.
 1 SYSTEMPATH\Database\BaseBuilder.php(1649): CodeIgniter\Database\BaseConnection->query('SELECT `peminjaman`.*, `buku`.`judul`, `buku`.`cover` as `foto`, `anggota`.`username` as `nama_anggota`, `petugas`.`username` as `nama_petugas`
FROM `peminjaman`
LEFT JOIN `buku` ON `buku`.`id_buku` = `peminjaman`.`id_buku`
LEFT JOIN `users` as `anggota` ON `anggota`.`id` = `peminjaman`.`id_anggota`
LEFT JOIN `users` as `petugas` ON `petugas`.`id` = `peminjaman`.`id_petugas`', [], false)
 2 SYSTEMPATH\Model.php(286): CodeIgniter\Database\BaseBuilder->get()
 3 SYSTEMPATH\BaseModel.php(677): CodeIgniter\Model->doFindAll(0, 0)
 4 APPPATH\Controllers\peminjaman.php(34): CodeIgniter\BaseModel->findAll()
 5 SYSTEMPATH\CodeIgniter.php(933): App\Controllers\Peminjaman->index()
 6 SYSTEMPATH\CodeIgniter.php(507): CodeIgniter\CodeIgniter->runController(Object(App\Controllers\Peminjaman))
 7 SYSTEMPATH\CodeIgniter.php(354): CodeIgniter\CodeIgniter->handleRequest(null, Object(Config\Cache), false)
 8 SYSTEMPATH\Boot.php(363): CodeIgniter\CodeIgniter->run()
 9 SYSTEMPATH\Boot.php(68): CodeIgniter\Boot::runCodeIgniter(Object(CodeIgniter\CodeIgniter))
10 FCPATH\index.php(59): CodeIgniter\Boot::bootWeb(Object(Config\Paths))
CRITICAL - 2026-04-25 12:56:49 --> [Caused by] CodeIgniter\Database\Exceptions\DatabaseException: Unknown column 'buku.cover' in 'field list'
in SYSTEMPATH\Database\MySQLi\Connection.php on line 332.
 1 SYSTEMPATH\Database\BaseConnection.php(729): CodeIgniter\Database\MySQLi\Connection->execute('SELECT `peminjaman`.*, `buku`.`judul`, `buku`.`cover` as `foto`, `anggota`.`username` as `nama_anggota`, `petugas`.`username` as `nama_petugas`
FROM `peminjaman`
LEFT JOIN `buku` ON `buku`.`id_buku` = `peminjaman`.`id_buku`
LEFT JOIN `users` as `anggota` ON `anggota`.`id` = `peminjaman`.`id_anggota`
LEFT JOIN `users` as `petugas` ON `petugas`.`id` = `peminjaman`.`id_petugas`')
 2 SYSTEMPATH\Database\BaseConnection.php(646): CodeIgniter\Database\BaseConnection->simpleQuery('SELECT `peminjaman`.*, `buku`.`judul`, `buku`.`cover` as `foto`, `anggota`.`username` as `nama_anggota`, `petugas`.`username` as `nama_petugas`
FROM `peminjaman`
LEFT JOIN `buku` ON `buku`.`id_buku` = `peminjaman`.`id_buku`
LEFT JOIN `users` as `anggota` ON `anggota`.`id` = `peminjaman`.`id_anggota`
LEFT JOIN `users` as `petugas` ON `petugas`.`id` = `peminjaman`.`id_petugas`')
 3 SYSTEMPATH\Database\BaseBuilder.php(1649): CodeIgniter\Database\BaseConnection->query('SELECT `peminjaman`.*, `buku`.`judul`, `buku`.`cover` as `foto`, `anggota`.`username` as `nama_anggota`, `petugas`.`username` as `nama_petugas`
FROM `peminjaman`
LEFT JOIN `buku` ON `buku`.`id_buku` = `peminjaman`.`id_buku`
LEFT JOIN `users` as `anggota` ON `anggota`.`id` = `peminjaman`.`id_anggota`
LEFT JOIN `users` as `petugas` ON `petugas`.`id` = `peminjaman`.`id_petugas`', [], false)
 4 SYSTEMPATH\Model.php(286): CodeIgniter\Database\BaseBuilder->get()
 5 SYSTEMPATH\BaseModel.php(677): CodeIgniter\Model->doFindAll(0, 0)
 6 APPPATH\Controllers\peminjaman.php(34): CodeIgniter\BaseModel->findAll()
 7 SYSTEMPATH\CodeIgniter.php(933): App\Controllers\Peminjaman->index()
 8 SYSTEMPATH\CodeIgniter.php(507): CodeIgniter\CodeIgniter->runController(Object(App\Controllers\Peminjaman))
 9 SYSTEMPATH\CodeIgniter.php(354): CodeIgniter\CodeIgniter->handleRequest(null, Object(Config\Cache), false)
10 SYSTEMPATH\Boot.php(363): CodeIgniter\CodeIgniter->run()
11 SYSTEMPATH\Boot.php(68): CodeIgniter\Boot::runCodeIgniter(Object(CodeIgniter\CodeIgniter))
12 FCPATH\index.php(59): CodeIgniter\Boot::bootWeb(Object(Config\Paths))
CRITICAL - 2026-04-25 12:56:49 --> [Caused by] mysqli_sql_exception: Unknown column 'buku.cover' in 'field list'
in SYSTEMPATH\Database\MySQLi\Connection.php on line 327.
 1 SYSTEMPATH\Database\MySQLi\Connection.php(327): mysqli->query('SELECT `peminjaman`.*, `buku`.`judul`, `buku`.`cover` as `foto`, `anggota`.`username` as `nama_anggota`, `petugas`.`username` as `nama_petugas`
FROM `peminjaman`
LEFT JOIN `buku` ON `buku`.`id_buku` = `peminjaman`.`id_buku`
LEFT JOIN `users` as `anggota` ON `anggota`.`id` = `peminjaman`.`id_anggota`
LEFT JOIN `users` as `petugas` ON `petugas`.`id` = `peminjaman`.`id_petugas`', 0)
 2 SYSTEMPATH\Database\BaseConnection.php(729): CodeIgniter\Database\MySQLi\Connection->execute('SELECT `peminjaman`.*, `buku`.`judul`, `buku`.`cover` as `foto`, `anggota`.`username` as `nama_anggota`, `petugas`.`username` as `nama_petugas`
FROM `peminjaman`
LEFT JOIN `buku` ON `buku`.`id_buku` = `peminjaman`.`id_buku`
LEFT JOIN `users` as `anggota` ON `anggota`.`id` = `peminjaman`.`id_anggota`
LEFT JOIN `users` as `petugas` ON `petugas`.`id` = `peminjaman`.`id_petugas`')
 3 SYSTEMPATH\Database\BaseConnection.php(646): CodeIgniter\Database\BaseConnection->simpleQuery('SELECT `peminjaman`.*, `buku`.`judul`, `buku`.`cover` as `foto`, `anggota`.`username` as `nama_anggota`, `petugas`.`username` as `nama_petugas`
FROM `peminjaman`
LEFT JOIN `buku` ON `buku`.`id_buku` = `peminjaman`.`id_buku`
LEFT JOIN `users` as `anggota` ON `anggota`.`id` = `peminjaman`.`id_anggota`
LEFT JOIN `users` as `petugas` ON `petugas`.`id` = `peminjaman`.`id_petugas`')
 4 SYSTEMPATH\Database\BaseBuilder.php(1649): CodeIgniter\Database\BaseConnection->query('SELECT `peminjaman`.*, `buku`.`judul`, `buku`.`cover` as `foto`, `anggota`.`username` as `nama_anggota`, `petugas`.`username` as `nama_petugas`
FROM `peminjaman`
LEFT JOIN `buku` ON `buku`.`id_buku` = `peminjaman`.`id_buku`
LEFT JOIN `users` as `anggota` ON `anggota`.`id` = `peminjaman`.`id_anggota`
LEFT JOIN `users` as `petugas` ON `petugas`.`id` = `peminjaman`.`id_petugas`', [], false)
 5 SYSTEMPATH\Model.php(286): CodeIgniter\Database\BaseBuilder->get()
 6 SYSTEMPATH\BaseModel.php(677): CodeIgniter\Model->doFindAll(0, 0)
 7 APPPATH\Controllers\peminjaman.php(34): CodeIgniter\BaseModel->findAll()
 8 SYSTEMPATH\CodeIgniter.php(933): App\Controllers\Peminjaman->index()
 9 SYSTEMPATH\CodeIgniter.php(507): CodeIgniter\CodeIgniter->runController(Object(App\Controllers\Peminjaman))
10 SYSTEMPATH\CodeIgniter.php(354): CodeIgniter\CodeIgniter->handleRequest(null, Object(Config\Cache), false)
11 SYSTEMPATH\Boot.php(363): CodeIgniter\CodeIgniter->run()
12 SYSTEMPATH\Boot.php(68): CodeIgniter\Boot::runCodeIgniter(Object(CodeIgniter\CodeIgniter))
13 FCPATH\index.php(59): CodeIgniter\Boot::bootWeb(Object(Config\Paths))
DEBUG - 2026-04-25 13:01:53 --> Session: Class initialized using 'CodeIgniter\Session\Handlers\FileHandler' driver.
DEBUG - 2026-04-25 13:01:56 --> Session: Class initialized using 'CodeIgniter\Session\Handlers\FileHandler' driver.
DEBUG - 2026-04-25 13:02:59 --> Session: Class initialized using 'CodeIgniter\Session\Handlers\FileHandler' driver.
CRITICAL - 2026-04-25 13:04:23 --> ErrorException: Undefined array key "judul"
[Method: GET, Route: peminjaman]
in APPPATH\Views\peminjaman\index.php on line 28.
 1 APPPATH\Views\peminjaman\index.php(28): CodeIgniter\Debug\Exceptions->errorHandler(2, 'Undefined array key "judul"', 'C:\\xampp\\htdocs\\perpus\\app\\Views\\peminjaman\\index.php', 28)
 2 SYSTEMPATH\View\View.php(226): include('C:\\xampp\\htdocs\\perpus\\app\\Views\\peminjaman\\index.php')
 3 SYSTEMPATH\View\View.php(229): CodeIgniter\View\View->CodeIgniter\View\{closure}()
 4 SYSTEMPATH\Common.php(1167): CodeIgniter\View\View->render('peminjaman/index', [], true)
 5 APPPATH\Controllers\peminjaman.php(43): view('peminjaman/index', [...])
 6 SYSTEMPATH\CodeIgniter.php(933): App\Controllers\Peminjaman->index()
 7 SYSTEMPATH\CodeIgniter.php(507): CodeIgniter\CodeIgniter->runController(Object(App\Controllers\Peminjaman))
 8 SYSTEMPATH\CodeIgniter.php(354): CodeIgniter\CodeIgniter->handleRequest(null, Object(Config\Cache), false)
 9 SYSTEMPATH\Boot.php(363): CodeIgniter\CodeIgniter->run()
10 SYSTEMPATH\Boot.php(68): CodeIgniter\Boot::runCodeIgniter(Object(CodeIgniter\CodeIgniter))
11 FCPATH\index.php(59): CodeIgniter\Boot::bootWeb(Object(Config\Paths))
DEBUG - 2026-04-25 13:05:27 --> Session: Class initialized using 'CodeIgniter\Session\Handlers\FileHandler' driver.
DEBUG - 2026-04-25 13:05:31 --> Session: Class initialized using 'CodeIgniter\Session\Handlers\FileHandler' driver.
DEBUG - 2026-04-25 13:05:36 --> Session: Class initialized using 'CodeIgniter\Session\Handlers\FileHandler' driver.
DEBUG - 2026-04-25 13:07:31 --> Session: Class initialized using 'CodeIgniter\Session\Handlers\FileHandler' driver.
DEBUG - 2026-04-25 13:07:38 --> Session: Class initialized using 'CodeIgniter\Session\Handlers\FileHandler' driver.
DEBUG - 2026-04-25 13:07:44 --> Session: Class initialized using 'CodeIgniter\Session\Handlers\FileHandler' driver.
DEBUG - 2026-04-25 13:07:47 --> Session: Class initialized using 'CodeIgniter\Session\Handlers\FileHandler' driver.
CRITICAL - 2026-04-25 13:07:48 --> ErrorException: Undefined array key "judul"
[Method: GET, Route: peminjaman/detail/73]
in APPPATH\Views\peminjaman\detail.php on line 10.
 1 APPPATH\Views\peminjaman\detail.php(10): CodeIgniter\Debug\Exceptions->errorHandler(2, 'Undefined array key "judul"', 'C:\\xampp\\htdocs\\perpus\\app\\Views\\peminjaman\\detail.php', 10)
 2 SYSTEMPATH\View\View.php(226): include('C:\\xampp\\htdocs\\perpus\\app\\Views\\peminjaman\\detail.php')
 3 SYSTEMPATH\View\View.php(229): CodeIgniter\View\View->CodeIgniter\View\{closure}()
 4 SYSTEMPATH\Common.php(1167): CodeIgniter\View\View->render('peminjaman/detail', [], true)
 5 APPPATH\Controllers\peminjaman.php(103): view('peminjaman/detail', [...])
 6 SYSTEMPATH\CodeIgniter.php(933): App\Controllers\Peminjaman->detail('73')
 7 SYSTEMPATH\CodeIgniter.php(507): CodeIgniter\CodeIgniter->runController(Object(App\Controllers\Peminjaman))
 8 SYSTEMPATH\CodeIgniter.php(354): CodeIgniter\CodeIgniter->handleRequest(null, Object(Config\Cache), false)
 9 SYSTEMPATH\Boot.php(363): CodeIgniter\CodeIgniter->run()
10 SYSTEMPATH\Boot.php(68): CodeIgniter\Boot::runCodeIgniter(Object(CodeIgniter\CodeIgniter))
11 FCPATH\index.php(59): CodeIgniter\Boot::bootWeb(Object(Config\Paths))
DEBUG - 2026-04-25 13:07:56 --> Session: Class initialized using 'CodeIgniter\Session\Handlers\FileHandler' driver.
DEBUG - 2026-04-25 13:08:02 --> Session: Class initialized using 'CodeIgniter\Session\Handlers\FileHandler' driver.
DEBUG - 2026-04-25 13:09:18 --> Session: Class initialized using 'CodeIgniter\Session\Handlers\FileHandler' driver.
DEBUG - 2026-04-25 13:09:45 --> Session: Class initialized using 'CodeIgniter\Session\Handlers\FileHandler' driver.
DEBUG - 2026-04-25 13:09:47 --> Session: Class initialized using 'CodeIgniter\Session\Handlers\FileHandler' driver.
DEBUG - 2026-04-25 13:09:56 --> Session: Class initialized using 'CodeIgniter\Session\Handlers\FileHandler' driver.
DEBUG - 2026-04-25 13:10:00 --> Session: Class initialized using 'CodeIgniter\Session\Handlers\FileHandler' driver.
DEBUG - 2026-04-25 13:12:51 --> Session: Class initialized using 'CodeIgniter\Session\Handlers\FileHandler' driver.
DEBUG - 2026-04-25 13:18:23 --> Session: Class initialized using 'CodeIgniter\Session\Handlers\FileHandler' driver.
DEBUG - 2026-04-25 13:18:46 --> Session: Class initialized using 'CodeIgniter\Session\Handlers\FileHandler' driver.
DEBUG - 2026-04-25 13:19:03 --> Session: Class initialized using 'CodeIgniter\Session\Handlers\FileHandler' driver.
DEBUG - 2026-04-25 13:19:19 --> Session: Class initialized using 'CodeIgniter\Session\Handlers\FileHandler' driver.
DEBUG - 2026-04-25 13:19:54 --> Session: Class initialized using 'CodeIgniter\Session\Handlers\FileHandler' driver.
DEBUG - 2026-04-25 13:23:03 --> Session: Class initialized using 'CodeIgniter\Session\Handlers\FileHandler' driver.
DEBUG - 2026-04-25 13:23:06 --> Session: Class initialized using 'CodeIgniter\Session\Handlers\FileHandler' driver.
DEBUG - 2026-04-25 13:23:08 --> Session: Class initialized using 'CodeIgniter\Session\Handlers\FileHandler' driver.
DEBUG - 2026-04-25 13:23:11 --> Session: Class initialized using 'CodeIgniter\Session\Handlers\FileHandler' driver.
ERROR - 2026-04-25 13:23:17 --> mysqli_sql_exception: Unknown column 'cover' in 'field list' in C:\xampp\htdocs\perpus\system\Database\MySQLi\Connection.php:327
Stack trace:
#0 C:\xampp\htdocs\perpus\system\Database\MySQLi\Connection.php(327): mysqli->query('UPDATE `buku` S...', 0)
#1 C:\xampp\htdocs\perpus\system\Database\BaseConnection.php(729): CodeIgniter\Database\MySQLi\Connection->execute('UPDATE `buku` S...')
#2 C:\xampp\htdocs\perpus\system\Database\BaseConnection.php(646): CodeIgniter\Database\BaseConnection->simpleQuery('UPDATE `buku` S...')
#3 C:\xampp\htdocs\perpus\system\Database\BaseBuilder.php(2521): CodeIgniter\Database\BaseConnection->query('UPDATE `buku` S...', Array, false)
#4 C:\xampp\htdocs\perpus\system\Model.php(461): CodeIgniter\Database\BaseBuilder->update()
#5 C:\xampp\htdocs\perpus\system\BaseModel.php(1025): CodeIgniter\Model->doUpdate(Array, Array)
#6 C:\xampp\htdocs\perpus\system\Model.php(860): CodeIgniter\BaseModel->update(Array, Array)
#7 C:\xampp\htdocs\perpus\app\Controllers\Buku.php(168): CodeIgniter\Model->update('42', Array)
#8 C:\xampp\htdocs\perpus\system\CodeIgniter.php(933): App\Controllers\Buku->update('42')
#9 C:\xampp\htdocs\perpus\system\CodeIgniter.php(507): CodeIgniter\CodeIgniter->runController(Object(App\Controllers\Buku))
#10 C:\xampp\htdocs\perpus\system\CodeIgniter.php(354): CodeIgniter\CodeIgniter->handleRequest(NULL, Object(Config\Cache), false)
#11 C:\xampp\htdocs\perpus\system\Boot.php(363): CodeIgniter\CodeIgniter->run()
#12 C:\xampp\htdocs\perpus\system\Boot.php(68): CodeIgniter\Boot::runCodeIgniter(Object(CodeIgniter\CodeIgniter))
#13 C:\xampp\htdocs\perpus\index.php(59): CodeIgniter\Boot::bootWeb(Object(Config\Paths))
#14 {main}
CRITICAL - 2026-04-25 13:23:17 --> CodeIgniter\Database\Exceptions\DatabaseException: Unknown column 'cover' in 'field list'
[Method: POST, Route: buku/update/42]
in SYSTEMPATH\Database\BaseConnection.php on line 684.
 1 SYSTEMPATH\Database\BaseBuilder.php(2521): CodeIgniter\Database\BaseConnection->query('UPDATE `buku` SET `judul` = :judul:, `id_kategori` = :id_kategori:, `id_penulis` = :id_penulis:, `id_penerbit` = :id_penerbit:, `cover` = :cover:
WHERE `buku`.`id_buku` IN :buku.id_buku:', [...], false)
 2 SYSTEMPATH\Model.php(461): CodeIgniter\Database\BaseBuilder->update()
 3 SYSTEMPATH\BaseModel.php(1025): CodeIgniter\Model->doUpdate([...], [...])
 4 SYSTEMPATH\Model.php(860): CodeIgniter\BaseModel->update([...], [...])
 5 APPPATH\Controllers\Buku.php(168): CodeIgniter\Model->update('42', [...])
 6 SYSTEMPATH\CodeIgniter.php(933): App\Controllers\Buku->update('42')
 7 SYSTEMPATH\CodeIgniter.php(507): CodeIgniter\CodeIgniter->runController(Object(App\Controllers\Buku))
 8 SYSTEMPATH\CodeIgniter.php(354): CodeIgniter\CodeIgniter->handleRequest(null, Object(Config\Cache), false)
 9 SYSTEMPATH\Boot.php(363): CodeIgniter\CodeIgniter->run()
10 SYSTEMPATH\Boot.php(68): CodeIgniter\Boot::runCodeIgniter(Object(CodeIgniter\CodeIgniter))
11 FCPATH\index.php(59): CodeIgniter\Boot::bootWeb(Object(Config\Paths))
CRITICAL - 2026-04-25 13:23:17 --> [Caused by] CodeIgniter\Database\Exceptions\DatabaseException: Unknown column 'cover' in 'field list'
in SYSTEMPATH\Database\MySQLi\Connection.php on line 332.
 1 SYSTEMPATH\Database\BaseConnection.php(729): CodeIgniter\Database\MySQLi\Connection->execute('UPDATE `buku` SET `judul` = \'bintang\', `id_kategori` = \'3\', `id_penulis` = \'1\', `id_penerbit` = \'3\', `cover` = \'1777123397_30a8ae1fb3b8cdf937ec.jpg\'
WHERE `buku`.`id_buku` IN (\'42\')')
 2 SYSTEMPATH\Database\BaseConnection.php(646): CodeIgniter\Database\BaseConnection->simpleQuery('UPDATE `buku` SET `judul` = \'bintang\', `id_kategori` = \'3\', `id_penulis` = \'1\', `id_penerbit` = \'3\', `cover` = \'1777123397_30a8ae1fb3b8cdf937ec.jpg\'
WHERE `buku`.`id_buku` IN (\'42\')')
 3 SYSTEMPATH\Database\BaseBuilder.php(2521): CodeIgniter\Database\BaseConnection->query('UPDATE `buku` SET `judul` = :judul:, `id_kategori` = :id_kategori:, `id_penulis` = :id_penulis:, `id_penerbit` = :id_penerbit:, `cover` = :cover:
WHERE `buku`.`id_buku` IN :buku.id_buku:', [...], false)
 4 SYSTEMPATH\Model.php(461): CodeIgniter\Database\BaseBuilder->update()
 5 SYSTEMPATH\BaseModel.php(1025): CodeIgniter\Model->doUpdate([...], [...])
 6 SYSTEMPATH\Model.php(860): CodeIgniter\BaseModel->update([...], [...])
 7 APPPATH\Controllers\Buku.php(168): CodeIgniter\Model->update('42', [...])
 8 SYSTEMPATH\CodeIgniter.php(933): App\Controllers\Buku->update('42')
 9 SYSTEMPATH\CodeIgniter.php(507): CodeIgniter\CodeIgniter->runController(Object(App\Controllers\Buku))
10 SYSTEMPATH\CodeIgniter.php(354): CodeIgniter\CodeIgniter->handleRequest(null, Object(Config\Cache), false)
11 SYSTEMPATH\Boot.php(363): CodeIgniter\CodeIgniter->run()
12 SYSTEMPATH\Boot.php(68): CodeIgniter\Boot::runCodeIgniter(Object(CodeIgniter\CodeIgniter))
13 FCPATH\index.php(59): CodeIgniter\Boot::bootWeb(Object(Config\Paths))
CRITICAL - 2026-04-25 13:23:17 --> [Caused by] mysqli_sql_exception: Unknown column 'cover' in 'field list'
in SYSTEMPATH\Database\MySQLi\Connection.php on line 327.
 1 SYSTEMPATH\Database\MySQLi\Connection.php(327): mysqli->query('UPDATE `buku` SET `judul` = \'bintang\', `id_kategori` = \'3\', `id_penulis` = \'1\', `id_penerbit` = \'3\', `cover` = \'1777123397_30a8ae1fb3b8cdf937ec.jpg\'
WHERE `buku`.`id_buku` IN (\'42\')', 0)
 2 SYSTEMPATH\Database\BaseConnection.php(729): CodeIgniter\Database\MySQLi\Connection->execute('UPDATE `buku` SET `judul` = \'bintang\', `id_kategori` = \'3\', `id_penulis` = \'1\', `id_penerbit` = \'3\', `cover` = \'1777123397_30a8ae1fb3b8cdf937ec.jpg\'
WHERE `buku`.`id_buku` IN (\'42\')')
 3 SYSTEMPATH\Database\BaseConnection.php(646): CodeIgniter\Database\BaseConnection->simpleQuery('UPDATE `buku` SET `judul` = \'bintang\', `id_kategori` = \'3\', `id_penulis` = \'1\', `id_penerbit` = \'3\', `cover` = \'1777123397_30a8ae1fb3b8cdf937ec.jpg\'
WHERE `buku`.`id_buku` IN (\'42\')')
 4 SYSTEMPATH\Database\BaseBuilder.php(2521): CodeIgniter\Database\BaseConnection->query('UPDATE `buku` SET `judul` = :judul:, `id_kategori` = :id_kategori:, `id_penulis` = :id_penulis:, `id_penerbit` = :id_penerbit:, `cover` = :cover:
WHERE `buku`.`id_buku` IN :buku.id_buku:', [...], false)
 5 SYSTEMPATH\Model.php(461): CodeIgniter\Database\BaseBuilder->update()
 6 SYSTEMPATH\BaseModel.php(1025): CodeIgniter\Model->doUpdate([...], [...])
 7 SYSTEMPATH\Model.php(860): CodeIgniter\BaseModel->update([...], [...])
 8 APPPATH\Controllers\Buku.php(168): CodeIgniter\Model->update('42', [...])
 9 SYSTEMPATH\CodeIgniter.php(933): App\Controllers\Buku->update('42')
10 SYSTEMPATH\CodeIgniter.php(507): CodeIgniter\CodeIgniter->runController(Object(App\Controllers\Buku))
11 SYSTEMPATH\CodeIgniter.php(354): CodeIgniter\CodeIgniter->handleRequest(null, Object(Config\Cache), false)
12 SYSTEMPATH\Boot.php(363): CodeIgniter\CodeIgniter->run()
13 SYSTEMPATH\Boot.php(68): CodeIgniter\Boot::runCodeIgniter(Object(CodeIgniter\CodeIgniter))
14 FCPATH\index.php(59): CodeIgniter\Boot::bootWeb(Object(Config\Paths))
DEBUG - 2026-04-25 13:25:07 --> Session: Class initialized using 'CodeIgniter\Session\Handlers\FileHandler' driver.
DEBUG - 2026-04-25 13:25:12 --> Session: Class initialized using 'CodeIgniter\Session\Handlers\FileHandler' driver.
DEBUG - 2026-04-25 13:25:15 --> Session: Class initialized using 'CodeIgniter\Session\Handlers\FileHandler' driver.
DEBUG - 2026-04-25 13:26:55 --> Session: Class initialized using 'CodeIgniter\Session\Handlers\FileHandler' driver.
DEBUG - 2026-04-25 13:27:08 --> Session: Class initialized using 'CodeIgniter\Session\Handlers\FileHandler' driver.
DEBUG - 2026-04-25 13:27:10 --> Session: Class initialized using 'CodeIgniter\Session\Handlers\FileHandler' driver.
DEBUG - 2026-04-25 13:30:17 --> Session: Class initialized using 'CodeIgniter\Session\Handlers\FileHandler' driver.
DEBUG - 2026-04-25 13:30:20 --> Session: Class initialized using 'CodeIgniter\Session\Handlers\FileHandler' driver.
DEBUG - 2026-04-25 13:30:21 --> Session: Class initialized using 'CodeIgniter\Session\Handlers\FileHandler' driver.
DEBUG - 2026-04-25 13:30:23 --> Session: Class initialized using 'CodeIgniter\Session\Handlers\FileHandler' driver.
DEBUG - 2026-04-25 13:30:25 --> Session: Class initialized using 'CodeIgniter\Session\Handlers\FileHandler' driver.
DEBUG - 2026-04-25 13:30:26 --> Session: Class initialized using 'CodeIgniter\Session\Handlers\FileHandler' driver.
DEBUG - 2026-04-25 13:30:54 --> Session: Class initialized using 'CodeIgniter\Session\Handlers\FileHandler' driver.
DEBUG - 2026-04-25 13:31:55 --> Session: Class initialized using 'CodeIgniter\Session\Handlers\FileHandler' driver.
DEBUG - 2026-04-25 13:33:03 --> Session: Class initialized using 'CodeIgniter\Session\Handlers\FileHandler' driver.
DEBUG - 2026-04-25 13:33:04 --> Session: Class initialized using 'CodeIgniter\Session\Handlers\FileHandler' driver.
DEBUG - 2026-04-25 13:33:40 --> Session: Class initialized using 'CodeIgniter\Session\Handlers\FileHandler' driver.
DEBUG - 2026-04-25 13:33:41 --> Session: Class initialized using 'CodeIgniter\Session\Handlers\FileHandler' driver.
DEBUG - 2026-04-25 13:33:42 --> Session: Class initialized using 'CodeIgniter\Session\Handlers\FileHandler' driver.
DEBUG - 2026-04-25 13:33:42 --> Session: Class initialized using 'CodeIgniter\Session\Handlers\FileHandler' driver.
ERROR - 2026-04-25 13:36:03 --> mysqli_sql_exception: Unknown column 'anggota.username' in 'field list' in C:\xampp\htdocs\perpus\system\Database\MySQLi\Connection.php:327
Stack trace:
#0 C:\xampp\htdocs\perpus\system\Database\MySQLi\Connection.php(327): mysqli->query('SELECT `peminja...', 0)
#1 C:\xampp\htdocs\perpus\system\Database\BaseConnection.php(729): CodeIgniter\Database\MySQLi\Connection->execute('SELECT `peminja...')
#2 C:\xampp\htdocs\perpus\system\Database\BaseConnection.php(646): CodeIgniter\Database\BaseConnection->simpleQuery('SELECT `peminja...')
#3 C:\xampp\htdocs\perpus\system\Database\BaseBuilder.php(1649): CodeIgniter\Database\BaseConnection->query('SELECT `peminja...', Array, false)
#4 C:\xampp\htdocs\perpus\app\Controllers\peminjaman.php(42): CodeIgniter\Database\BaseBuilder->get()
#5 C:\xampp\htdocs\perpus\system\CodeIgniter.php(933): App\Controllers\Peminjaman->index()
#6 C:\xampp\htdocs\perpus\system\CodeIgniter.php(507): CodeIgniter\CodeIgniter->runController(Object(App\Controllers\Peminjaman))
#7 C:\xampp\htdocs\perpus\system\CodeIgniter.php(354): CodeIgniter\CodeIgniter->handleRequest(NULL, Object(Config\Cache), false)
#8 C:\xampp\htdocs\perpus\system\Boot.php(363): CodeIgniter\CodeIgniter->run()
#9 C:\xampp\htdocs\perpus\system\Boot.php(68): CodeIgniter\Boot::runCodeIgniter(Object(CodeIgniter\CodeIgniter))
#10 C:\xampp\htdocs\perpus\index.php(59): CodeIgniter\Boot::bootWeb(Object(Config\Paths))
#11 {main}
CRITICAL - 2026-04-25 13:36:03 --> CodeIgniter\Database\Exceptions\DatabaseException: Unknown column 'anggota.username' in 'field list'
[Method: GET, Route: peminjaman]
in SYSTEMPATH\Database\BaseConnection.php on line 684.
 1 SYSTEMPATH\Database\BaseBuilder.php(1649): CodeIgniter\Database\BaseConnection->query('SELECT `peminjaman`.*, `buku`.`judul`, `buku`.`cover`, `anggota`.`username` as `nama_anggota`
FROM `peminjaman`
LEFT JOIN `buku` ON `buku`.`id_buku` = `peminjaman`.`id_buku`
LEFT JOIN `anggota` ON `anggota`.`id` = `peminjaman`.`id_anggota`', [], false)
 2 APPPATH\Controllers\peminjaman.php(42): CodeIgniter\Database\BaseBuilder->get()
 3 SYSTEMPATH\CodeIgniter.php(933): App\Controllers\Peminjaman->index()
 4 SYSTEMPATH\CodeIgniter.php(507): CodeIgniter\CodeIgniter->runController(Object(App\Controllers\Peminjaman))
 5 SYSTEMPATH\CodeIgniter.php(354): CodeIgniter\CodeIgniter->handleRequest(null, Object(Config\Cache), false)
 6 SYSTEMPATH\Boot.php(363): CodeIgniter\CodeIgniter->run()
 7 SYSTEMPATH\Boot.php(68): CodeIgniter\Boot::runCodeIgniter(Object(CodeIgniter\CodeIgniter))
 8 FCPATH\index.php(59): CodeIgniter\Boot::bootWeb(Object(Config\Paths))
CRITICAL - 2026-04-25 13:36:03 --> [Caused by] CodeIgniter\Database\Exceptions\DatabaseException: Unknown column 'anggota.username' in 'field list'
in SYSTEMPATH\Database\MySQLi\Connection.php on line 332.
 1 SYSTEMPATH\Database\BaseConnection.php(729): CodeIgniter\Database\MySQLi\Connection->execute('SELECT `peminjaman`.*, `buku`.`judul`, `buku`.`cover`, `anggota`.`username` as `nama_anggota`
FROM `peminjaman`
LEFT JOIN `buku` ON `buku`.`id_buku` = `peminjaman`.`id_buku`
LEFT JOIN `anggota` ON `anggota`.`id` = `peminjaman`.`id_anggota`')
 2 SYSTEMPATH\Database\BaseConnection.php(646): CodeIgniter\Database\BaseConnection->simpleQuery('SELECT `peminjaman`.*, `buku`.`judul`, `buku`.`cover`, `anggota`.`username` as `nama_anggota`
FROM `peminjaman`
LEFT JOIN `buku` ON `buku`.`id_buku` = `peminjaman`.`id_buku`
LEFT JOIN `anggota` ON `anggota`.`id` = `peminjaman`.`id_anggota`')
 3 SYSTEMPATH\Database\BaseBuilder.php(1649): CodeIgniter\Database\BaseConnection->query('SELECT `peminjaman`.*, `buku`.`judul`, `buku`.`cover`, `anggota`.`username` as `nama_anggota`
FROM `peminjaman`
LEFT JOIN `buku` ON `buku`.`id_buku` = `peminjaman`.`id_buku`
LEFT JOIN `anggota` ON `anggota`.`id` = `peminjaman`.`id_anggota`', [], false)
 4 APPPATH\Controllers\peminjaman.php(42): CodeIgniter\Database\BaseBuilder->get()
 5 SYSTEMPATH\CodeIgniter.php(933): App\Controllers\Peminjaman->index()
 6 SYSTEMPATH\CodeIgniter.php(507): CodeIgniter\CodeIgniter->runController(Object(App\Controllers\Peminjaman))
 7 SYSTEMPATH\CodeIgniter.php(354): CodeIgniter\CodeIgniter->handleRequest(null, Object(Config\Cache), false)
 8 SYSTEMPATH\Boot.php(363): CodeIgniter\CodeIgniter->run()
 9 SYSTEMPATH\Boot.php(68): CodeIgniter\Boot::runCodeIgniter(Object(CodeIgniter\CodeIgniter))
10 FCPATH\index.php(59): CodeIgniter\Boot::bootWeb(Object(Config\Paths))
CRITICAL - 2026-04-25 13:36:03 --> [Caused by] mysqli_sql_exception: Unknown column 'anggota.username' in 'field list'
in SYSTEMPATH\Database\MySQLi\Connection.php on line 327.
 1 SYSTEMPATH\Database\MySQLi\Connection.php(327): mysqli->query('SELECT `peminjaman`.*, `buku`.`judul`, `buku`.`cover`, `anggota`.`username` as `nama_anggota`
FROM `peminjaman`
LEFT JOIN `buku` ON `buku`.`id_buku` = `peminjaman`.`id_buku`
LEFT JOIN `anggota` ON `anggota`.`id` = `peminjaman`.`id_anggota`', 0)
 2 SYSTEMPATH\Database\BaseConnection.php(729): CodeIgniter\Database\MySQLi\Connection->execute('SELECT `peminjaman`.*, `buku`.`judul`, `buku`.`cover`, `anggota`.`username` as `nama_anggota`
FROM `peminjaman`
LEFT JOIN `buku` ON `buku`.`id_buku` = `peminjaman`.`id_buku`
LEFT JOIN `anggota` ON `anggota`.`id` = `peminjaman`.`id_anggota`')
 3 SYSTEMPATH\Database\BaseConnection.php(646): CodeIgniter\Database\BaseConnection->simpleQuery('SELECT `peminjaman`.*, `buku`.`judul`, `buku`.`cover`, `anggota`.`username` as `nama_anggota`
FROM `peminjaman`
LEFT JOIN `buku` ON `buku`.`id_buku` = `peminjaman`.`id_buku`
LEFT JOIN `anggota` ON `anggota`.`id` = `peminjaman`.`id_anggota`')
 4 SYSTEMPATH\Database\BaseBuilder.php(1649): CodeIgniter\Database\BaseConnection->query('SELECT `peminjaman`.*, `buku`.`judul`, `buku`.`cover`, `anggota`.`username` as `nama_anggota`
FROM `peminjaman`
LEFT JOIN `buku` ON `buku`.`id_buku` = `peminjaman`.`id_buku`
LEFT JOIN `anggota` ON `anggota`.`id` = `peminjaman`.`id_anggota`', [], false)
 5 APPPATH\Controllers\peminjaman.php(42): CodeIgniter\Database\BaseBuilder->get()
 6 SYSTEMPATH\CodeIgniter.php(933): App\Controllers\Peminjaman->index()
 7 SYSTEMPATH\CodeIgniter.php(507): CodeIgniter\CodeIgniter->runController(Object(App\Controllers\Peminjaman))
 8 SYSTEMPATH\CodeIgniter.php(354): CodeIgniter\CodeIgniter->handleRequest(null, Object(Config\Cache), false)
 9 SYSTEMPATH\Boot.php(363): CodeIgniter\CodeIgniter->run()
10 SYSTEMPATH\Boot.php(68): CodeIgniter\Boot::runCodeIgniter(Object(CodeIgniter\CodeIgniter))
11 FCPATH\index.php(59): CodeIgniter\Boot::bootWeb(Object(Config\Paths))
CRITICAL - 2026-04-25 13:36:36 --> ErrorException: Undefined variable $builder
[Method: GET, Route: peminjaman]
in APPPATH\Controllers\peminjaman.php on line 30.
 1 APPPATH\Controllers\peminjaman.php(30): CodeIgniter\Debug\Exceptions->errorHandler(2, 'Undefined variable $builder', 'C:\\xampp\\htdocs\\perpus\\app\\Controllers\\peminjaman.php', 30)
 2 SYSTEMPATH\CodeIgniter.php(933): App\Controllers\Peminjaman->index()
 3 SYSTEMPATH\CodeIgniter.php(507): CodeIgniter\CodeIgniter->runController(Object(App\Controllers\Peminjaman))
 4 SYSTEMPATH\CodeIgniter.php(354): CodeIgniter\CodeIgniter->handleRequest(null, Object(Config\Cache), false)
 5 SYSTEMPATH\Boot.php(363): CodeIgniter\CodeIgniter->run()
 6 SYSTEMPATH\Boot.php(68): CodeIgniter\Boot::runCodeIgniter(Object(CodeIgniter\CodeIgniter))
 7 FCPATH\index.php(59): CodeIgniter\Boot::bootWeb(Object(Config\Paths))
ERROR - 2026-04-25 13:37:09 --> mysqli_sql_exception: Unknown column 'anggota.nama' in 'field list' in C:\xampp\htdocs\perpus\system\Database\MySQLi\Connection.php:327
Stack trace:
#0 C:\xampp\htdocs\perpus\system\Database\MySQLi\Connection.php(327): mysqli->query('SELECT `peminja...', 0)
#1 C:\xampp\htdocs\perpus\system\Database\BaseConnection.php(729): CodeIgniter\Database\MySQLi\Connection->execute('SELECT `peminja...')
#2 C:\xampp\htdocs\perpus\system\Database\BaseConnection.php(646): CodeIgniter\Database\BaseConnection->simpleQuery('SELECT `peminja...')
#3 C:\xampp\htdocs\perpus\system\Database\BaseBuilder.php(1649): CodeIgniter\Database\BaseConnection->query('SELECT `peminja...', Array, false)
#4 C:\xampp\htdocs\perpus\app\Controllers\peminjaman.php(42): CodeIgniter\Database\BaseBuilder->get()
#5 C:\xampp\htdocs\perpus\system\CodeIgniter.php(933): App\Controllers\Peminjaman->index()
#6 C:\xampp\htdocs\perpus\system\CodeIgniter.php(507): CodeIgniter\CodeIgniter->runController(Object(App\Controllers\Peminjaman))
#7 C:\xampp\htdocs\perpus\system\CodeIgniter.php(354): CodeIgniter\CodeIgniter->handleRequest(NULL, Object(Config\Cache), false)
#8 C:\xampp\htdocs\perpus\system\Boot.php(363): CodeIgniter\CodeIgniter->run()
#9 C:\xampp\htdocs\perpus\system\Boot.php(68): CodeIgniter\Boot::runCodeIgniter(Object(CodeIgniter\CodeIgniter))
#10 C:\xampp\htdocs\perpus\index.php(59): CodeIgniter\Boot::bootWeb(Object(Config\Paths))
#11 {main}
CRITICAL - 2026-04-25 13:37:09 --> CodeIgniter\Database\Exceptions\DatabaseException: Unknown column 'anggota.nama' in 'field list'
[Method: GET, Route: peminjaman]
in SYSTEMPATH\Database\BaseConnection.php on line 684.
 1 SYSTEMPATH\Database\BaseBuilder.php(1649): CodeIgniter\Database\BaseConnection->query('SELECT `peminjaman`.*, `buku`.`judul`, `buku`.`cover`, `anggota`.`nama` as `nama_anggota`
FROM `peminjaman`
LEFT JOIN `buku` ON `buku`.`id_buku` = `peminjaman`.`id_buku`
LEFT JOIN `anggota` ON `anggota`.`id` = `peminjaman`.`id_anggota`', [], false)
 2 APPPATH\Controllers\peminjaman.php(42): CodeIgniter\Database\BaseBuilder->get()
 3 SYSTEMPATH\CodeIgniter.php(933): App\Controllers\Peminjaman->index()
 4 SYSTEMPATH\CodeIgniter.php(507): CodeIgniter\CodeIgniter->runController(Object(App\Controllers\Peminjaman))
 5 SYSTEMPATH\CodeIgniter.php(354): CodeIgniter\CodeIgniter->handleRequest(null, Object(Config\Cache), false)
 6 SYSTEMPATH\Boot.php(363): CodeIgniter\CodeIgniter->run()
 7 SYSTEMPATH\Boot.php(68): CodeIgniter\Boot::runCodeIgniter(Object(CodeIgniter\CodeIgniter))
 8 FCPATH\index.php(59): CodeIgniter\Boot::bootWeb(Object(Config\Paths))
CRITICAL - 2026-04-25 13:37:09 --> [Caused by] CodeIgniter\Database\Exceptions\DatabaseException: Unknown column 'anggota.nama' in 'field list'
in SYSTEMPATH\Database\MySQLi\Connection.php on line 332.
 1 SYSTEMPATH\Database\BaseConnection.php(729): CodeIgniter\Database\MySQLi\Connection->execute('SELECT `peminjaman`.*, `buku`.`judul`, `buku`.`cover`, `anggota`.`nama` as `nama_anggota`
FROM `peminjaman`
LEFT JOIN `buku` ON `buku`.`id_buku` = `peminjaman`.`id_buku`
LEFT JOIN `anggota` ON `anggota`.`id` = `peminjaman`.`id_anggota`')
 2 SYSTEMPATH\Database\BaseConnection.php(646): CodeIgniter\Database\BaseConnection->simpleQuery('SELECT `peminjaman`.*, `buku`.`judul`, `buku`.`cover`, `anggota`.`nama` as `nama_anggota`
FROM `peminjaman`
LEFT JOIN `buku` ON `buku`.`id_buku` = `peminjaman`.`id_buku`
LEFT JOIN `anggota` ON `anggota`.`id` = `peminjaman`.`id_anggota`')
 3 SYSTEMPATH\Database\BaseBuilder.php(1649): CodeIgniter\Database\BaseConnection->query('SELECT `peminjaman`.*, `buku`.`judul`, `buku`.`cover`, `anggota`.`nama` as `nama_anggota`
FROM `peminjaman`
LEFT JOIN `buku` ON `buku`.`id_buku` = `peminjaman`.`id_buku`
LEFT JOIN `anggota` ON `anggota`.`id` = `peminjaman`.`id_anggota`', [], false)
 4 APPPATH\Controllers\peminjaman.php(42): CodeIgniter\Database\BaseBuilder->get()
 5 SYSTEMPATH\CodeIgniter.php(933): App\Controllers\Peminjaman->index()
 6 SYSTEMPATH\CodeIgniter.php(507): CodeIgniter\CodeIgniter->runController(Object(App\Controllers\Peminjaman))
 7 SYSTEMPATH\CodeIgniter.php(354): CodeIgniter\CodeIgniter->handleRequest(null, Object(Config\Cache), false)
 8 SYSTEMPATH\Boot.php(363): CodeIgniter\CodeIgniter->run()
 9 SYSTEMPATH\Boot.php(68): CodeIgniter\Boot::runCodeIgniter(Object(CodeIgniter\CodeIgniter))
10 FCPATH\index.php(59): CodeIgniter\Boot::bootWeb(Object(Config\Paths))
CRITICAL - 2026-04-25 13:37:09 --> [Caused by] mysqli_sql_exception: Unknown column 'anggota.nama' in 'field list'
in SYSTEMPATH\Database\MySQLi\Connection.php on line 327.
 1 SYSTEMPATH\Database\MySQLi\Connection.php(327): mysqli->query('SELECT `peminjaman`.*, `buku`.`judul`, `buku`.`cover`, `anggota`.`nama` as `nama_anggota`
FROM `peminjaman`
LEFT JOIN `buku` ON `buku`.`id_buku` = `peminjaman`.`id_buku`
LEFT JOIN `anggota` ON `anggota`.`id` = `peminjaman`.`id_anggota`', 0)
 2 SYSTEMPATH\Database\BaseConnection.php(729): CodeIgniter\Database\MySQLi\Connection->execute('SELECT `peminjaman`.*, `buku`.`judul`, `buku`.`cover`, `anggota`.`nama` as `nama_anggota`
FROM `peminjaman`
LEFT JOIN `buku` ON `buku`.`id_buku` = `peminjaman`.`id_buku`
LEFT JOIN `anggota` ON `anggota`.`id` = `peminjaman`.`id_anggota`')
 3 SYSTEMPATH\Database\BaseConnection.php(646): CodeIgniter\Database\BaseConnection->simpleQuery('SELECT `peminjaman`.*, `buku`.`judul`, `buku`.`cover`, `anggota`.`nama` as `nama_anggota`
FROM `peminjaman`
LEFT JOIN `buku` ON `buku`.`id_buku` = `peminjaman`.`id_buku`
LEFT JOIN `anggota` ON `anggota`.`id` = `peminjaman`.`id_anggota`')
 4 SYSTEMPATH\Database\BaseBuilder.php(1649): CodeIgniter\Database\BaseConnection->query('SELECT `peminjaman`.*, `buku`.`judul`, `buku`.`cover`, `anggota`.`nama` as `nama_anggota`
FROM `peminjaman`
LEFT JOIN `buku` ON `buku`.`id_buku` = `peminjaman`.`id_buku`
LEFT JOIN `anggota` ON `anggota`.`id` = `peminjaman`.`id_anggota`', [], false)
 5 APPPATH\Controllers\peminjaman.php(42): CodeIgniter\Database\BaseBuilder->get()
 6 SYSTEMPATH\CodeIgniter.php(933): App\Controllers\Peminjaman->index()
 7 SYSTEMPATH\CodeIgniter.php(507): CodeIgniter\CodeIgniter->runController(Object(App\Controllers\Peminjaman))
 8 SYSTEMPATH\CodeIgniter.php(354): CodeIgniter\CodeIgniter->handleRequest(null, Object(Config\Cache), false)
 9 SYSTEMPATH\Boot.php(363): CodeIgniter\CodeIgniter->run()
10 SYSTEMPATH\Boot.php(68): CodeIgniter\Boot::runCodeIgniter(Object(CodeIgniter\CodeIgniter))
11 FCPATH\index.php(59): CodeIgniter\Boot::bootWeb(Object(Config\Paths))
CRITICAL - 2026-04-25 13:37:16 --> ErrorException: Undefined variable $builder
[Method: GET, Route: peminjaman]
in APPPATH\Controllers\peminjaman.php on line 30.
 1 APPPATH\Controllers\peminjaman.php(30): CodeIgniter\Debug\Exceptions->errorHandler(2, 'Undefined variable $builder', 'C:\\xampp\\htdocs\\perpus\\app\\Controllers\\peminjaman.php', 30)
 2 SYSTEMPATH\CodeIgniter.php(933): App\Controllers\Peminjaman->index()
 3 SYSTEMPATH\CodeIgniter.php(507): CodeIgniter\CodeIgniter->runController(Object(App\Controllers\Peminjaman))
 4 SYSTEMPATH\CodeIgniter.php(354): CodeIgniter\CodeIgniter->handleRequest(null, Object(Config\Cache), false)
 5 SYSTEMPATH\Boot.php(363): CodeIgniter\CodeIgniter->run()
 6 SYSTEMPATH\Boot.php(68): CodeIgniter\Boot::runCodeIgniter(Object(CodeIgniter\CodeIgniter))
 7 FCPATH\index.php(59): CodeIgniter\Boot::bootWeb(Object(Config\Paths))
ERROR - 2026-04-25 13:38:02 --> mysqli_sql_exception: Unknown column 'anggota.nama' in 'field list' in C:\xampp\htdocs\perpus\system\Database\MySQLi\Connection.php:327
Stack trace:
#0 C:\xampp\htdocs\perpus\system\Database\MySQLi\Connection.php(327): mysqli->query('SELECT `peminja...', 0)
#1 C:\xampp\htdocs\perpus\system\Database\BaseConnection.php(729): CodeIgniter\Database\MySQLi\Connection->execute('SELECT `peminja...')
#2 C:\xampp\htdocs\perpus\system\Database\BaseConnection.php(646): CodeIgniter\Database\BaseConnection->simpleQuery('SELECT `peminja...')
#3 C:\xampp\htdocs\perpus\system\Database\BaseBuilder.php(1649): CodeIgniter\Database\BaseConnection->query('SELECT `peminja...', Array, false)
#4 C:\xampp\htdocs\perpus\app\Controllers\peminjaman.php(42): CodeIgniter\Database\BaseBuilder->get()
#5 C:\xampp\htdocs\perpus\system\CodeIgniter.php(933): App\Controllers\Peminjaman->index()
#6 C:\xampp\htdocs\perpus\system\CodeIgniter.php(507): CodeIgniter\CodeIgniter->runController(Object(App\Controllers\Peminjaman))
#7 C:\xampp\htdocs\perpus\system\CodeIgniter.php(354): CodeIgniter\CodeIgniter->handleRequest(NULL, Object(Config\Cache), false)
#8 C:\xampp\htdocs\perpus\system\Boot.php(363): CodeIgniter\CodeIgniter->run()
#9 C:\xampp\htdocs\perpus\system\Boot.php(68): CodeIgniter\Boot::runCodeIgniter(Object(CodeIgniter\CodeIgniter))
#10 C:\xampp\htdocs\perpus\index.php(59): CodeIgniter\Boot::bootWeb(Object(Config\Paths))
#11 {main}
CRITICAL - 2026-04-25 13:38:02 --> CodeIgniter\Database\Exceptions\DatabaseException: Unknown column 'anggota.nama' in 'field list'
[Method: GET, Route: peminjaman]
in SYSTEMPATH\Database\BaseConnection.php on line 684.
 1 SYSTEMPATH\Database\BaseBuilder.php(1649): CodeIgniter\Database\BaseConnection->query('SELECT `peminjaman`.*, `buku`.`judul`, `buku`.`cover`, `anggota`.`nama` as `nama_anggota`
FROM `peminjaman`
LEFT JOIN `buku` ON `buku`.`id_buku` = `peminjaman`.`id_buku`
LEFT JOIN `anggota` ON `anggota`.`id` = `peminjaman`.`id_anggota`', [], false)
 2 APPPATH\Controllers\peminjaman.php(42): CodeIgniter\Database\BaseBuilder->get()
 3 SYSTEMPATH\CodeIgniter.php(933): App\Controllers\Peminjaman->index()
 4 SYSTEMPATH\CodeIgniter.php(507): CodeIgniter\CodeIgniter->runController(Object(App\Controllers\Peminjaman))
 5 SYSTEMPATH\CodeIgniter.php(354): CodeIgniter\CodeIgniter->handleRequest(null, Object(Config\Cache), false)
 6 SYSTEMPATH\Boot.php(363): CodeIgniter\CodeIgniter->run()
 7 SYSTEMPATH\Boot.php(68): CodeIgniter\Boot::runCodeIgniter(Object(CodeIgniter\CodeIgniter))
 8 FCPATH\index.php(59): CodeIgniter\Boot::bootWeb(Object(Config\Paths))
CRITICAL - 2026-04-25 13:38:02 --> [Caused by] CodeIgniter\Database\Exceptions\DatabaseException: Unknown column 'anggota.nama' in 'field list'
in SYSTEMPATH\Database\MySQLi\Connection.php on line 332.
 1 SYSTEMPATH\Database\BaseConnection.php(729): CodeIgniter\Database\MySQLi\Connection->execute('SELECT `peminjaman`.*, `buku`.`judul`, `buku`.`cover`, `anggota`.`nama` as `nama_anggota`
FROM `peminjaman`
LEFT JOIN `buku` ON `buku`.`id_buku` = `peminjaman`.`id_buku`
LEFT JOIN `anggota` ON `anggota`.`id` = `peminjaman`.`id_anggota`')
 2 SYSTEMPATH\Database\BaseConnection.php(646): CodeIgniter\Database\BaseConnection->simpleQuery('SELECT `peminjaman`.*, `buku`.`judul`, `buku`.`cover`, `anggota`.`nama` as `nama_anggota`
FROM `peminjaman`
LEFT JOIN `buku` ON `buku`.`id_buku` = `peminjaman`.`id_buku`
LEFT JOIN `anggota` ON `anggota`.`id` = `peminjaman`.`id_anggota`')
 3 SYSTEMPATH\Database\BaseBuilder.php(1649): CodeIgniter\Database\BaseConnection->query('SELECT `peminjaman`.*, `buku`.`judul`, `buku`.`cover`, `anggota`.`nama` as `nama_anggota`
FROM `peminjaman`
LEFT JOIN `buku` ON `buku`.`id_buku` = `peminjaman`.`id_buku`
LEFT JOIN `anggota` ON `anggota`.`id` = `peminjaman`.`id_anggota`', [], false)
 4 APPPATH\Controllers\peminjaman.php(42): CodeIgniter\Database\BaseBuilder->get()
 5 SYSTEMPATH\CodeIgniter.php(933): App\Controllers\Peminjaman->index()
 6 SYSTEMPATH\CodeIgniter.php(507): CodeIgniter\CodeIgniter->runController(Object(App\Controllers\Peminjaman))
 7 SYSTEMPATH\CodeIgniter.php(354): CodeIgniter\CodeIgniter->handleRequest(null, Object(Config\Cache), false)
 8 SYSTEMPATH\Boot.php(363): CodeIgniter\CodeIgniter->run()
 9 SYSTEMPATH\Boot.php(68): CodeIgniter\Boot::runCodeIgniter(Object(CodeIgniter\CodeIgniter))
10 FCPATH\index.php(59): CodeIgniter\Boot::bootWeb(Object(Config\Paths))
CRITICAL - 2026-04-25 13:38:02 --> [Caused by] mysqli_sql_exception: Unknown column 'anggota.nama' in 'field list'
in SYSTEMPATH\Database\MySQLi\Connection.php on line 327.
 1 SYSTEMPATH\Database\MySQLi\Connection.php(327): mysqli->query('SELECT `peminjaman`.*, `buku`.`judul`, `buku`.`cover`, `anggota`.`nama` as `nama_anggota`
FROM `peminjaman`
LEFT JOIN `buku` ON `buku`.`id_buku` = `peminjaman`.`id_buku`
LEFT JOIN `anggota` ON `anggota`.`id` = `peminjaman`.`id_anggota`', 0)
 2 SYSTEMPATH\Database\BaseConnection.php(729): CodeIgniter\Database\MySQLi\Connection->execute('SELECT `peminjaman`.*, `buku`.`judul`, `buku`.`cover`, `anggota`.`nama` as `nama_anggota`
FROM `peminjaman`
LEFT JOIN `buku` ON `buku`.`id_buku` = `peminjaman`.`id_buku`
LEFT JOIN `anggota` ON `anggota`.`id` = `peminjaman`.`id_anggota`')
 3 SYSTEMPATH\Database\BaseConnection.php(646): CodeIgniter\Database\BaseConnection->simpleQuery('SELECT `peminjaman`.*, `buku`.`judul`, `buku`.`cover`, `anggota`.`nama` as `nama_anggota`
FROM `peminjaman`
LEFT JOIN `buku` ON `buku`.`id_buku` = `peminjaman`.`id_buku`
LEFT JOIN `anggota` ON `anggota`.`id` = `peminjaman`.`id_anggota`')
 4 SYSTEMPATH\Database\BaseBuilder.php(1649): CodeIgniter\Database\BaseConnection->query('SELECT `peminjaman`.*, `buku`.`judul`, `buku`.`cover`, `anggota`.`nama` as `nama_anggota`
FROM `peminjaman`
LEFT JOIN `buku` ON `buku`.`id_buku` = `peminjaman`.`id_buku`
LEFT JOIN `anggota` ON `anggota`.`id` = `peminjaman`.`id_anggota`', [], false)
 5 APPPATH\Controllers\peminjaman.php(42): CodeIgniter\Database\BaseBuilder->get()
 6 SYSTEMPATH\CodeIgniter.php(933): App\Controllers\Peminjaman->index()
 7 SYSTEMPATH\CodeIgniter.php(507): CodeIgniter\CodeIgniter->runController(Object(App\Controllers\Peminjaman))
 8 SYSTEMPATH\CodeIgniter.php(354): CodeIgniter\CodeIgniter->handleRequest(null, Object(Config\Cache), false)
 9 SYSTEMPATH\Boot.php(363): CodeIgniter\CodeIgniter->run()
10 SYSTEMPATH\Boot.php(68): CodeIgniter\Boot::runCodeIgniter(Object(CodeIgniter\CodeIgniter))
11 FCPATH\index.php(59): CodeIgniter\Boot::bootWeb(Object(Config\Paths))
ERROR - 2026-04-25 13:38:46 --> mysqli_sql_exception: Unknown column 'anggota.id' in 'on clause' in C:\xampp\htdocs\perpus\system\Database\MySQLi\Connection.php:327
Stack trace:
#0 C:\xampp\htdocs\perpus\system\Database\MySQLi\Connection.php(327): mysqli->query('SELECT `peminja...', 0)
#1 C:\xampp\htdocs\perpus\system\Database\BaseConnection.php(729): CodeIgniter\Database\MySQLi\Connection->execute('SELECT `peminja...')
#2 C:\xampp\htdocs\perpus\system\Database\BaseConnection.php(646): CodeIgniter\Database\BaseConnection->simpleQuery('SELECT `peminja...')
#3 C:\xampp\htdocs\perpus\system\Database\BaseBuilder.php(1649): CodeIgniter\Database\BaseConnection->query('SELECT `peminja...', Array, false)
#4 C:\xampp\htdocs\perpus\app\Controllers\peminjaman.php(42): CodeIgniter\Database\BaseBuilder->get()
#5 C:\xampp\htdocs\perpus\system\CodeIgniter.php(933): App\Controllers\Peminjaman->index()
#6 C:\xampp\htdocs\perpus\system\CodeIgniter.php(507): CodeIgniter\CodeIgniter->runController(Object(App\Controllers\Peminjaman))
#7 C:\xampp\htdocs\perpus\system\CodeIgniter.php(354): CodeIgniter\CodeIgniter->handleRequest(NULL, Object(Config\Cache), false)
#8 C:\xampp\htdocs\perpus\system\Boot.php(363): CodeIgniter\CodeIgniter->run()
#9 C:\xampp\htdocs\perpus\system\Boot.php(68): CodeIgniter\Boot::runCodeIgniter(Object(CodeIgniter\CodeIgniter))
#10 C:\xampp\htdocs\perpus\index.php(59): CodeIgniter\Boot::bootWeb(Object(Config\Paths))
#11 {main}
CRITICAL - 2026-04-25 13:38:46 --> CodeIgniter\Database\Exceptions\DatabaseException: Unknown column 'anggota.id' in 'on clause'
[Method: GET, Route: peminjaman]
in SYSTEMPATH\Database\BaseConnection.php on line 684.
 1 SYSTEMPATH\Database\BaseBuilder.php(1649): CodeIgniter\Database\BaseConnection->query('SELECT `peminjaman`.*, `buku`.`judul`, `buku`.`cover`, `anggota`.`nama_anggota` as `nama_anggota`
FROM `peminjaman`
LEFT JOIN `buku` ON `buku`.`id_buku` = `peminjaman`.`id_buku`
LEFT JOIN `anggota` ON `anggota`.`id` = `peminjaman`.`id_anggota`', [], false)
 2 APPPATH\Controllers\peminjaman.php(42): CodeIgniter\Database\BaseBuilder->get()
 3 SYSTEMPATH\CodeIgniter.php(933): App\Controllers\Peminjaman->index()
 4 SYSTEMPATH\CodeIgniter.php(507): CodeIgniter\CodeIgniter->runController(Object(App\Controllers\Peminjaman))
 5 SYSTEMPATH\CodeIgniter.php(354): CodeIgniter\CodeIgniter->handleRequest(null, Object(Config\Cache), false)
 6 SYSTEMPATH\Boot.php(363): CodeIgniter\CodeIgniter->run()
 7 SYSTEMPATH\Boot.php(68): CodeIgniter\Boot::runCodeIgniter(Object(CodeIgniter\CodeIgniter))
 8 FCPATH\index.php(59): CodeIgniter\Boot::bootWeb(Object(Config\Paths))
CRITICAL - 2026-04-25 13:38:46 --> [Caused by] CodeIgniter\Database\Exceptions\DatabaseException: Unknown column 'anggota.id' in 'on clause'
in SYSTEMPATH\Database\MySQLi\Connection.php on line 332.
 1 SYSTEMPATH\Database\BaseConnection.php(729): CodeIgniter\Database\MySQLi\Connection->execute('SELECT `peminjaman`.*, `buku`.`judul`, `buku`.`cover`, `anggota`.`nama_anggota` as `nama_anggota`
FROM `peminjaman`
LEFT JOIN `buku` ON `buku`.`id_buku` = `peminjaman`.`id_buku`
LEFT JOIN `anggota` ON `anggota`.`id` = `peminjaman`.`id_anggota`')
 2 SYSTEMPATH\Database\BaseConnection.php(646): CodeIgniter\Database\BaseConnection->simpleQuery('SELECT `peminjaman`.*, `buku`.`judul`, `buku`.`cover`, `anggota`.`nama_anggota` as `nama_anggota`
FROM `peminjaman`
LEFT JOIN `buku` ON `buku`.`id_buku` = `peminjaman`.`id_buku`
LEFT JOIN `anggota` ON `anggota`.`id` = `peminjaman`.`id_anggota`')
 3 SYSTEMPATH\Database\BaseBuilder.php(1649): CodeIgniter\Database\BaseConnection->query('SELECT `peminjaman`.*, `buku`.`judul`, `buku`.`cover`, `anggota`.`nama_anggota` as `nama_anggota`
FROM `peminjaman`
LEFT JOIN `buku` ON `buku`.`id_buku` = `peminjaman`.`id_buku`
LEFT JOIN `anggota` ON `anggota`.`id` = `peminjaman`.`id_anggota`', [], false)
 4 APPPATH\Controllers\peminjaman.php(42): CodeIgniter\Database\BaseBuilder->get()
 5 SYSTEMPATH\CodeIgniter.php(933): App\Controllers\Peminjaman->index()
 6 SYSTEMPATH\CodeIgniter.php(507): CodeIgniter\CodeIgniter->runController(Object(App\Controllers\Peminjaman))
 7 SYSTEMPATH\CodeIgniter.php(354): CodeIgniter\CodeIgniter->handleRequest(null, Object(Config\Cache), false)
 8 SYSTEMPATH\Boot.php(363): CodeIgniter\CodeIgniter->run()
 9 SYSTEMPATH\Boot.php(68): CodeIgniter\Boot::runCodeIgniter(Object(CodeIgniter\CodeIgniter))
10 FCPATH\index.php(59): CodeIgniter\Boot::bootWeb(Object(Config\Paths))
CRITICAL - 2026-04-25 13:38:46 --> [Caused by] mysqli_sql_exception: Unknown column 'anggota.id' in 'on clause'
in SYSTEMPATH\Database\MySQLi\Connection.php on line 327.
 1 SYSTEMPATH\Database\MySQLi\Connection.php(327): mysqli->query('SELECT `peminjaman`.*, `buku`.`judul`, `buku`.`cover`, `anggota`.`nama_anggota` as `nama_anggota`
FROM `peminjaman`
LEFT JOIN `buku` ON `buku`.`id_buku` = `peminjaman`.`id_buku`
LEFT JOIN `anggota` ON `anggota`.`id` = `peminjaman`.`id_anggota`', 0)
 2 SYSTEMPATH\Database\BaseConnection.php(729): CodeIgniter\Database\MySQLi\Connection->execute('SELECT `peminjaman`.*, `buku`.`judul`, `buku`.`cover`, `anggota`.`nama_anggota` as `nama_anggota`
FROM `peminjaman`
LEFT JOIN `buku` ON `buku`.`id_buku` = `peminjaman`.`id_buku`
LEFT JOIN `anggota` ON `anggota`.`id` = `peminjaman`.`id_anggota`')
 3 SYSTEMPATH\Database\BaseConnection.php(646): CodeIgniter\Database\BaseConnection->simpleQuery('SELECT `peminjaman`.*, `buku`.`judul`, `buku`.`cover`, `anggota`.`nama_anggota` as `nama_anggota`
FROM `peminjaman`
LEFT JOIN `buku` ON `buku`.`id_buku` = `peminjaman`.`id_buku`
LEFT JOIN `anggota` ON `anggota`.`id` = `peminjaman`.`id_anggota`')
 4 SYSTEMPATH\Database\BaseBuilder.php(1649): CodeIgniter\Database\BaseConnection->query('SELECT `peminjaman`.*, `buku`.`judul`, `buku`.`cover`, `anggota`.`nama_anggota` as `nama_anggota`
FROM `peminjaman`
LEFT JOIN `buku` ON `buku`.`id_buku` = `peminjaman`.`id_buku`
LEFT JOIN `anggota` ON `anggota`.`id` = `peminjaman`.`id_anggota`', [], false)
 5 APPPATH\Controllers\peminjaman.php(42): CodeIgniter\Database\BaseBuilder->get()
 6 SYSTEMPATH\CodeIgniter.php(933): App\Controllers\Peminjaman->index()
 7 SYSTEMPATH\CodeIgniter.php(507): CodeIgniter\CodeIgniter->runController(Object(App\Controllers\Peminjaman))
 8 SYSTEMPATH\CodeIgniter.php(354): CodeIgniter\CodeIgniter->handleRequest(null, Object(Config\Cache), false)
 9 SYSTEMPATH\Boot.php(363): CodeIgniter\CodeIgniter->run()
10 SYSTEMPATH\Boot.php(68): CodeIgniter\Boot::runCodeIgniter(Object(CodeIgniter\CodeIgniter))
11 FCPATH\index.php(59): CodeIgniter\Boot::bootWeb(Object(Config\Paths))
ERROR - 2026-04-25 13:39:52 --> mysqli_sql_exception: Unknown column 'anggota.id' in 'on clause' in C:\xampp\htdocs\perpus\system\Database\MySQLi\Connection.php:327
Stack trace:
#0 C:\xampp\htdocs\perpus\system\Database\MySQLi\Connection.php(327): mysqli->query('SELECT `peminja...', 0)
#1 C:\xampp\htdocs\perpus\system\Database\BaseConnection.php(729): CodeIgniter\Database\MySQLi\Connection->execute('SELECT `peminja...')
#2 C:\xampp\htdocs\perpus\system\Database\BaseConnection.php(646): CodeIgniter\Database\BaseConnection->simpleQuery('SELECT `peminja...')
#3 C:\xampp\htdocs\perpus\system\Database\BaseBuilder.php(1649): CodeIgniter\Database\BaseConnection->query('SELECT `peminja...', Array, false)
#4 C:\xampp\htdocs\perpus\app\Controllers\peminjaman.php(41): CodeIgniter\Database\BaseBuilder->get()
#5 C:\xampp\htdocs\perpus\system\CodeIgniter.php(933): App\Controllers\Peminjaman->index()
#6 C:\xampp\htdocs\perpus\system\CodeIgniter.php(507): CodeIgniter\CodeIgniter->runController(Object(App\Controllers\Peminjaman))
#7 C:\xampp\htdocs\perpus\system\CodeIgniter.php(354): CodeIgniter\CodeIgniter->handleRequest(NULL, Object(Config\Cache), false)
#8 C:\xampp\htdocs\perpus\system\Boot.php(363): CodeIgniter\CodeIgniter->run()
#9 C:\xampp\htdocs\perpus\system\Boot.php(68): CodeIgniter\Boot::runCodeIgniter(Object(CodeIgniter\CodeIgniter))
#10 C:\xampp\htdocs\perpus\index.php(59): CodeIgniter\Boot::bootWeb(Object(Config\Paths))
#11 {main}
CRITICAL - 2026-04-25 13:39:52 --> CodeIgniter\Database\Exceptions\DatabaseException: Unknown column 'anggota.id' in 'on clause'
[Method: GET, Route: peminjaman]
in SYSTEMPATH\Database\BaseConnection.php on line 684.
 1 SYSTEMPATH\Database\BaseBuilder.php(1649): CodeIgniter\Database\BaseConnection->query('SELECT `peminjaman`.*, `buku`.`judul`, `buku`.`cover`, `anggota`.`nama_anggota` as `nama_anggota`
FROM `peminjaman`
LEFT JOIN `buku` ON `buku`.`id_buku` = `peminjaman`.`id_buku`
LEFT JOIN `anggota` ON `anggota`.`id` = `peminjaman`.`id_anggota`', [], false)
 2 APPPATH\Controllers\peminjaman.php(41): CodeIgniter\Database\BaseBuilder->get()
 3 SYSTEMPATH\CodeIgniter.php(933): App\Controllers\Peminjaman->index()
 4 SYSTEMPATH\CodeIgniter.php(507): CodeIgniter\CodeIgniter->runController(Object(App\Controllers\Peminjaman))
 5 SYSTEMPATH\CodeIgniter.php(354): CodeIgniter\CodeIgniter->handleRequest(null, Object(Config\Cache), false)
 6 SYSTEMPATH\Boot.php(363): CodeIgniter\CodeIgniter->run()
 7 SYSTEMPATH\Boot.php(68): CodeIgniter\Boot::runCodeIgniter(Object(CodeIgniter\CodeIgniter))
 8 FCPATH\index.php(59): CodeIgniter\Boot::bootWeb(Object(Config\Paths))
CRITICAL - 2026-04-25 13:39:52 --> [Caused by] CodeIgniter\Database\Exceptions\DatabaseException: Unknown column 'anggota.id' in 'on clause'
in SYSTEMPATH\Database\MySQLi\Connection.php on line 332.
 1 SYSTEMPATH\Database\BaseConnection.php(729): CodeIgniter\Database\MySQLi\Connection->execute('SELECT `peminjaman`.*, `buku`.`judul`, `buku`.`cover`, `anggota`.`nama_anggota` as `nama_anggota`
FROM `peminjaman`
LEFT JOIN `buku` ON `buku`.`id_buku` = `peminjaman`.`id_buku`
LEFT JOIN `anggota` ON `anggota`.`id` = `peminjaman`.`id_anggota`')
 2 SYSTEMPATH\Database\BaseConnection.php(646): CodeIgniter\Database\BaseConnection->simpleQuery('SELECT `peminjaman`.*, `buku`.`judul`, `buku`.`cover`, `anggota`.`nama_anggota` as `nama_anggota`
FROM `peminjaman`
LEFT JOIN `buku` ON `buku`.`id_buku` = `peminjaman`.`id_buku`
LEFT JOIN `anggota` ON `anggota`.`id` = `peminjaman`.`id_anggota`')
 3 SYSTEMPATH\Database\BaseBuilder.php(1649): CodeIgniter\Database\BaseConnection->query('SELECT `peminjaman`.*, `buku`.`judul`, `buku`.`cover`, `anggota`.`nama_anggota` as `nama_anggota`
FROM `peminjaman`
LEFT JOIN `buku` ON `buku`.`id_buku` = `peminjaman`.`id_buku`
LEFT JOIN `anggota` ON `anggota`.`id` = `peminjaman`.`id_anggota`', [], false)
 4 APPPATH\Controllers\peminjaman.php(41): CodeIgniter\Database\BaseBuilder->get()
 5 SYSTEMPATH\CodeIgniter.php(933): App\Controllers\Peminjaman->index()
 6 SYSTEMPATH\CodeIgniter.php(507): CodeIgniter\CodeIgniter->runController(Object(App\Controllers\Peminjaman))
 7 SYSTEMPATH\CodeIgniter.php(354): CodeIgniter\CodeIgniter->handleRequest(null, Object(Config\Cache), false)
 8 SYSTEMPATH\Boot.php(363): CodeIgniter\CodeIgniter->run()
 9 SYSTEMPATH\Boot.php(68): CodeIgniter\Boot::runCodeIgniter(Object(CodeIgniter\CodeIgniter))
10 FCPATH\index.php(59): CodeIgniter\Boot::bootWeb(Object(Config\Paths))
CRITICAL - 2026-04-25 13:39:52 --> [Caused by] mysqli_sql_exception: Unknown column 'anggota.id' in 'on clause'
in SYSTEMPATH\Database\MySQLi\Connection.php on line 327.
 1 SYSTEMPATH\Database\MySQLi\Connection.php(327): mysqli->query('SELECT `peminjaman`.*, `buku`.`judul`, `buku`.`cover`, `anggota`.`nama_anggota` as `nama_anggota`
FROM `peminjaman`
LEFT JOIN `buku` ON `buku`.`id_buku` = `peminjaman`.`id_buku`
LEFT JOIN `anggota` ON `anggota`.`id` = `peminjaman`.`id_anggota`', 0)
 2 SYSTEMPATH\Database\BaseConnection.php(729): CodeIgniter\Database\MySQLi\Connection->execute('SELECT `peminjaman`.*, `buku`.`judul`, `buku`.`cover`, `anggota`.`nama_anggota` as `nama_anggota`
FROM `peminjaman`
LEFT JOIN `buku` ON `buku`.`id_buku` = `peminjaman`.`id_buku`
LEFT JOIN `anggota` ON `anggota`.`id` = `peminjaman`.`id_anggota`')
 3 SYSTEMPATH\Database\BaseConnection.php(646): CodeIgniter\Database\BaseConnection->simpleQuery('SELECT `peminjaman`.*, `buku`.`judul`, `buku`.`cover`, `anggota`.`nama_anggota` as `nama_anggota`
FROM `peminjaman`
LEFT JOIN `buku` ON `buku`.`id_buku` = `peminjaman`.`id_buku`
LEFT JOIN `anggota` ON `anggota`.`id` = `peminjaman`.`id_anggota`')
 4 SYSTEMPATH\Database\BaseBuilder.php(1649): CodeIgniter\Database\BaseConnection->query('SELECT `peminjaman`.*, `buku`.`judul`, `buku`.`cover`, `anggota`.`nama_anggota` as `nama_anggota`
FROM `peminjaman`
LEFT JOIN `buku` ON `buku`.`id_buku` = `peminjaman`.`id_buku`
LEFT JOIN `anggota` ON `anggota`.`id` = `peminjaman`.`id_anggota`', [], false)
 5 APPPATH\Controllers\peminjaman.php(41): CodeIgniter\Database\BaseBuilder->get()
 6 SYSTEMPATH\CodeIgniter.php(933): App\Controllers\Peminjaman->index()
 7 SYSTEMPATH\CodeIgniter.php(507): CodeIgniter\CodeIgniter->runController(Object(App\Controllers\Peminjaman))
 8 SYSTEMPATH\CodeIgniter.php(354): CodeIgniter\CodeIgniter->handleRequest(null, Object(Config\Cache), false)
 9 SYSTEMPATH\Boot.php(363): CodeIgniter\CodeIgniter->run()
10 SYSTEMPATH\Boot.php(68): CodeIgniter\Boot::runCodeIgniter(Object(CodeIgniter\CodeIgniter))
11 FCPATH\index.php(59): CodeIgniter\Boot::bootWeb(Object(Config\Paths))
ERROR - 2026-04-25 13:40:11 --> mysqli_sql_exception: Unknown column 'anggota.id_user' in 'on clause' in C:\xampp\htdocs\perpus\system\Database\MySQLi\Connection.php:327
Stack trace:
#0 C:\xampp\htdocs\perpus\system\Database\MySQLi\Connection.php(327): mysqli->query('SELECT `peminja...', 0)
#1 C:\xampp\htdocs\perpus\system\Database\BaseConnection.php(729): CodeIgniter\Database\MySQLi\Connection->execute('SELECT `peminja...')
#2 C:\xampp\htdocs\perpus\system\Database\BaseConnection.php(646): CodeIgniter\Database\BaseConnection->simpleQuery('SELECT `peminja...')
#3 C:\xampp\htdocs\perpus\system\Database\BaseBuilder.php(1649): CodeIgniter\Database\BaseConnection->query('SELECT `peminja...', Array, false)
#4 C:\xampp\htdocs\perpus\app\Controllers\peminjaman.php(41): CodeIgniter\Database\BaseBuilder->get()
#5 C:\xampp\htdocs\perpus\system\CodeIgniter.php(933): App\Controllers\Peminjaman->index()
#6 C:\xampp\htdocs\perpus\system\CodeIgniter.php(507): CodeIgniter\CodeIgniter->runController(Object(App\Controllers\Peminjaman))
#7 C:\xampp\htdocs\perpus\system\CodeIgniter.php(354): CodeIgniter\CodeIgniter->handleRequest(NULL, Object(Config\Cache), false)
#8 C:\xampp\htdocs\perpus\system\Boot.php(363): CodeIgniter\CodeIgniter->run()
#9 C:\xampp\htdocs\perpus\system\Boot.php(68): CodeIgniter\Boot::runCodeIgniter(Object(CodeIgniter\CodeIgniter))
#10 C:\xampp\htdocs\perpus\index.php(59): CodeIgniter\Boot::bootWeb(Object(Config\Paths))
#11 {main}
CRITICAL - 2026-04-25 13:40:11 --> CodeIgniter\Database\Exceptions\DatabaseException: Unknown column 'anggota.id_user' in 'on clause'
[Method: GET, Route: peminjaman]
in SYSTEMPATH\Database\BaseConnection.php on line 684.
 1 SYSTEMPATH\Database\BaseBuilder.php(1649): CodeIgniter\Database\BaseConnection->query('SELECT `peminjaman`.*, `buku`.`judul`, `buku`.`cover`, `anggota`.`nama_anggota` as `nama_anggota`
FROM `peminjaman`
LEFT JOIN `buku` ON `buku`.`id_buku` = `peminjaman`.`id_buku`
LEFT JOIN `anggota` ON `anggota`.`id_user` = `peminjaman`.`id_anggota`', [], false)
 2 APPPATH\Controllers\peminjaman.php(41): CodeIgniter\Database\BaseBuilder->get()
 3 SYSTEMPATH\CodeIgniter.php(933): App\Controllers\Peminjaman->index()
 4 SYSTEMPATH\CodeIgniter.php(507): CodeIgniter\CodeIgniter->runController(Object(App\Controllers\Peminjaman))
 5 SYSTEMPATH\CodeIgniter.php(354): CodeIgniter\CodeIgniter->handleRequest(null, Object(Config\Cache), false)
 6 SYSTEMPATH\Boot.php(363): CodeIgniter\CodeIgniter->run()
 7 SYSTEMPATH\Boot.php(68): CodeIgniter\Boot::runCodeIgniter(Object(CodeIgniter\CodeIgniter))
 8 FCPATH\index.php(59): CodeIgniter\Boot::bootWeb(Object(Config\Paths))
CRITICAL - 2026-04-25 13:40:11 --> [Caused by] CodeIgniter\Database\Exceptions\DatabaseException: Unknown column 'anggota.id_user' in 'on clause'
in SYSTEMPATH\Database\MySQLi\Connection.php on line 332.
 1 SYSTEMPATH\Database\BaseConnection.php(729): CodeIgniter\Database\MySQLi\Connection->execute('SELECT `peminjaman`.*, `buku`.`judul`, `buku`.`cover`, `anggota`.`nama_anggota` as `nama_anggota`
FROM `peminjaman`
LEFT JOIN `buku` ON `buku`.`id_buku` = `peminjaman`.`id_buku`
LEFT JOIN `anggota` ON `anggota`.`id_user` = `peminjaman`.`id_anggota`')
 2 SYSTEMPATH\Database\BaseConnection.php(646): CodeIgniter\Database\BaseConnection->simpleQuery('SELECT `peminjaman`.*, `buku`.`judul`, `buku`.`cover`, `anggota`.`nama_anggota` as `nama_anggota`
FROM `peminjaman`
LEFT JOIN `buku` ON `buku`.`id_buku` = `peminjaman`.`id_buku`
LEFT JOIN `anggota` ON `anggota`.`id_user` = `peminjaman`.`id_anggota`')
 3 SYSTEMPATH\Database\BaseBuilder.php(1649): CodeIgniter\Database\BaseConnection->query('SELECT `peminjaman`.*, `buku`.`judul`, `buku`.`cover`, `anggota`.`nama_anggota` as `nama_anggota`
FROM `peminjaman`
LEFT JOIN `buku` ON `buku`.`id_buku` = `peminjaman`.`id_buku`
LEFT JOIN `anggota` ON `anggota`.`id_user` = `peminjaman`.`id_anggota`', [], false)
 4 APPPATH\Controllers\peminjaman.php(41): CodeIgniter\Database\BaseBuilder->get()
 5 SYSTEMPATH\CodeIgniter.php(933): App\Controllers\Peminjaman->index()
 6 SYSTEMPATH\CodeIgniter.php(507): CodeIgniter\CodeIgniter->runController(Object(App\Controllers\Peminjaman))
 7 SYSTEMPATH\CodeIgniter.php(354): CodeIgniter\CodeIgniter->handleRequest(null, Object(Config\Cache), false)
 8 SYSTEMPATH\Boot.php(363): CodeIgniter\CodeIgniter->run()
 9 SYSTEMPATH\Boot.php(68): CodeIgniter\Boot::runCodeIgniter(Object(CodeIgniter\CodeIgniter))
10 FCPATH\index.php(59): CodeIgniter\Boot::bootWeb(Object(Config\Paths))
CRITICAL - 2026-04-25 13:40:11 --> [Caused by] mysqli_sql_exception: Unknown column 'anggota.id_user' in 'on clause'
in SYSTEMPATH\Database\MySQLi\Connection.php on line 327.
 1 SYSTEMPATH\Database\MySQLi\Connection.php(327): mysqli->query('SELECT `peminjaman`.*, `buku`.`judul`, `buku`.`cover`, `anggota`.`nama_anggota` as `nama_anggota`
FROM `peminjaman`
LEFT JOIN `buku` ON `buku`.`id_buku` = `peminjaman`.`id_buku`
LEFT JOIN `anggota` ON `anggota`.`id_user` = `peminjaman`.`id_anggota`', 0)
 2 SYSTEMPATH\Database\BaseConnection.php(729): CodeIgniter\Database\MySQLi\Connection->execute('SELECT `peminjaman`.*, `buku`.`judul`, `buku`.`cover`, `anggota`.`nama_anggota` as `nama_anggota`
FROM `peminjaman`
LEFT JOIN `buku` ON `buku`.`id_buku` = `peminjaman`.`id_buku`
LEFT JOIN `anggota` ON `anggota`.`id_user` = `peminjaman`.`id_anggota`')
 3 SYSTEMPATH\Database\BaseConnection.php(646): CodeIgniter\Database\BaseConnection->simpleQuery('SELECT `peminjaman`.*, `buku`.`judul`, `buku`.`cover`, `anggota`.`nama_anggota` as `nama_anggota`
FROM `peminjaman`
LEFT JOIN `buku` ON `buku`.`id_buku` = `peminjaman`.`id_buku`
LEFT JOIN `anggota` ON `anggota`.`id_user` = `peminjaman`.`id_anggota`')
 4 SYSTEMPATH\Database\BaseBuilder.php(1649): CodeIgniter\Database\BaseConnection->query('SELECT `peminjaman`.*, `buku`.`judul`, `buku`.`cover`, `anggota`.`nama_anggota` as `nama_anggota`
FROM `peminjaman`
LEFT JOIN `buku` ON `buku`.`id_buku` = `peminjaman`.`id_buku`
LEFT JOIN `anggota` ON `anggota`.`id_user` = `peminjaman`.`id_anggota`', [], false)
 5 APPPATH\Controllers\peminjaman.php(41): CodeIgniter\Database\BaseBuilder->get()
 6 SYSTEMPATH\CodeIgniter.php(933): App\Controllers\Peminjaman->index()
 7 SYSTEMPATH\CodeIgniter.php(507): CodeIgniter\CodeIgniter->runController(Object(App\Controllers\Peminjaman))
 8 SYSTEMPATH\CodeIgniter.php(354): CodeIgniter\CodeIgniter->handleRequest(null, Object(Config\Cache), false)
 9 SYSTEMPATH\Boot.php(363): CodeIgniter\CodeIgniter->run()
10 SYSTEMPATH\Boot.php(68): CodeIgniter\Boot::runCodeIgniter(Object(CodeIgniter\CodeIgniter))
11 FCPATH\index.php(59): CodeIgniter\Boot::bootWeb(Object(Config\Paths))
ERROR - 2026-04-25 13:40:13 --> mysqli_sql_exception: Unknown column 'anggota.id_user' in 'on clause' in C:\xampp\htdocs\perpus\system\Database\MySQLi\Connection.php:327
Stack trace:
#0 C:\xampp\htdocs\perpus\system\Database\MySQLi\Connection.php(327): mysqli->query('SELECT `peminja...', 0)
#1 C:\xampp\htdocs\perpus\system\Database\BaseConnection.php(729): CodeIgniter\Database\MySQLi\Connection->execute('SELECT `peminja...')
#2 C:\xampp\htdocs\perpus\system\Database\BaseConnection.php(646): CodeIgniter\Database\BaseConnection->simpleQuery('SELECT `peminja...')
#3 C:\xampp\htdocs\perpus\system\Database\BaseBuilder.php(1649): CodeIgniter\Database\BaseConnection->query('SELECT `peminja...', Array, false)
#4 C:\xampp\htdocs\perpus\app\Controllers\peminjaman.php(41): CodeIgniter\Database\BaseBuilder->get()
#5 C:\xampp\htdocs\perpus\system\CodeIgniter.php(933): App\Controllers\Peminjaman->index()
#6 C:\xampp\htdocs\perpus\system\CodeIgniter.php(507): CodeIgniter\CodeIgniter->runController(Object(App\Controllers\Peminjaman))
#7 C:\xampp\htdocs\perpus\system\CodeIgniter.php(354): CodeIgniter\CodeIgniter->handleRequest(NULL, Object(Config\Cache), false)
#8 C:\xampp\htdocs\perpus\system\Boot.php(363): CodeIgniter\CodeIgniter->run()
#9 C:\xampp\htdocs\perpus\system\Boot.php(68): CodeIgniter\Boot::runCodeIgniter(Object(CodeIgniter\CodeIgniter))
#10 C:\xampp\htdocs\perpus\index.php(59): CodeIgniter\Boot::bootWeb(Object(Config\Paths))
#11 {main}
CRITICAL - 2026-04-25 13:40:13 --> CodeIgniter\Database\Exceptions\DatabaseException: Unknown column 'anggota.id_user' in 'on clause'
[Method: GET, Route: peminjaman]
in SYSTEMPATH\Database\BaseConnection.php on line 684.
 1 SYSTEMPATH\Database\BaseBuilder.php(1649): CodeIgniter\Database\BaseConnection->query('SELECT `peminjaman`.*, `buku`.`judul`, `buku`.`cover`, `anggota`.`nama_anggota` as `nama_anggota`
FROM `peminjaman`
LEFT JOIN `buku` ON `buku`.`id_buku` = `peminjaman`.`id_buku`
LEFT JOIN `anggota` ON `anggota`.`id_user` = `peminjaman`.`id_anggota`', [], false)
 2 APPPATH\Controllers\peminjaman.php(41): CodeIgniter\Database\BaseBuilder->get()
 3 SYSTEMPATH\CodeIgniter.php(933): App\Controllers\Peminjaman->index()
 4 SYSTEMPATH\CodeIgniter.php(507): CodeIgniter\CodeIgniter->runController(Object(App\Controllers\Peminjaman))
 5 SYSTEMPATH\CodeIgniter.php(354): CodeIgniter\CodeIgniter->handleRequest(null, Object(Config\Cache), false)
 6 SYSTEMPATH\Boot.php(363): CodeIgniter\CodeIgniter->run()
 7 SYSTEMPATH\Boot.php(68): CodeIgniter\Boot::runCodeIgniter(Object(CodeIgniter\CodeIgniter))
 8 FCPATH\index.php(59): CodeIgniter\Boot::bootWeb(Object(Config\Paths))
CRITICAL - 2026-04-25 13:40:13 --> [Caused by] CodeIgniter\Database\Exceptions\DatabaseException: Unknown column 'anggota.id_user' in 'on clause'
in SYSTEMPATH\Database\MySQLi\Connection.php on line 332.
 1 SYSTEMPATH\Database\BaseConnection.php(729): CodeIgniter\Database\MySQLi\Connection->execute('SELECT `peminjaman`.*, `buku`.`judul`, `buku`.`cover`, `anggota`.`nama_anggota` as `nama_anggota`
FROM `peminjaman`
LEFT JOIN `buku` ON `buku`.`id_buku` = `peminjaman`.`id_buku`
LEFT JOIN `anggota` ON `anggota`.`id_user` = `peminjaman`.`id_anggota`')
 2 SYSTEMPATH\Database\BaseConnection.php(646): CodeIgniter\Database\BaseConnection->simpleQuery('SELECT `peminjaman`.*, `buku`.`judul`, `buku`.`cover`, `anggota`.`nama_anggota` as `nama_anggota`
FROM `peminjaman`
LEFT JOIN `buku` ON `buku`.`id_buku` = `peminjaman`.`id_buku`
LEFT JOIN `anggota` ON `anggota`.`id_user` = `peminjaman`.`id_anggota`')
 3 SYSTEMPATH\Database\BaseBuilder.php(1649): CodeIgniter\Database\BaseConnection->query('SELECT `peminjaman`.*, `buku`.`judul`, `buku`.`cover`, `anggota`.`nama_anggota` as `nama_anggota`
FROM `peminjaman`
LEFT JOIN `buku` ON `buku`.`id_buku` = `peminjaman`.`id_buku`
LEFT JOIN `anggota` ON `anggota`.`id_user` = `peminjaman`.`id_anggota`', [], false)
 4 APPPATH\Controllers\peminjaman.php(41): CodeIgniter\Database\BaseBuilder->get()
 5 SYSTEMPATH\CodeIgniter.php(933): App\Controllers\Peminjaman->index()
 6 SYSTEMPATH\CodeIgniter.php(507): CodeIgniter\CodeIgniter->runController(Object(App\Controllers\Peminjaman))
 7 SYSTEMPATH\CodeIgniter.php(354): CodeIgniter\CodeIgniter->handleRequest(null, Object(Config\Cache), false)
 8 SYSTEMPATH\Boot.php(363): CodeIgniter\CodeIgniter->run()
 9 SYSTEMPATH\Boot.php(68): CodeIgniter\Boot::runCodeIgniter(Object(CodeIgniter\CodeIgniter))
10 FCPATH\index.php(59): CodeIgniter\Boot::bootWeb(Object(Config\Paths))
CRITICAL - 2026-04-25 13:40:13 --> [Caused by] mysqli_sql_exception: Unknown column 'anggota.id_user' in 'on clause'
in SYSTEMPATH\Database\MySQLi\Connection.php on line 327.
 1 SYSTEMPATH\Database\MySQLi\Connection.php(327): mysqli->query('SELECT `peminjaman`.*, `buku`.`judul`, `buku`.`cover`, `anggota`.`nama_anggota` as `nama_anggota`
FROM `peminjaman`
LEFT JOIN `buku` ON `buku`.`id_buku` = `peminjaman`.`id_buku`
LEFT JOIN `anggota` ON `anggota`.`id_user` = `peminjaman`.`id_anggota`', 0)
 2 SYSTEMPATH\Database\BaseConnection.php(729): CodeIgniter\Database\MySQLi\Connection->execute('SELECT `peminjaman`.*, `buku`.`judul`, `buku`.`cover`, `anggota`.`nama_anggota` as `nama_anggota`
FROM `peminjaman`
LEFT JOIN `buku` ON `buku`.`id_buku` = `peminjaman`.`id_buku`
LEFT JOIN `anggota` ON `anggota`.`id_user` = `peminjaman`.`id_anggota`')
 3 SYSTEMPATH\Database\BaseConnection.php(646): CodeIgniter\Database\BaseConnection->simpleQuery('SELECT `peminjaman`.*, `buku`.`judul`, `buku`.`cover`, `anggota`.`nama_anggota` as `nama_anggota`
FROM `peminjaman`
LEFT JOIN `buku` ON `buku`.`id_buku` = `peminjaman`.`id_buku`
LEFT JOIN `anggota` ON `anggota`.`id_user` = `peminjaman`.`id_anggota`')
 4 SYSTEMPATH\Database\BaseBuilder.php(1649): CodeIgniter\Database\BaseConnection->query('SELECT `peminjaman`.*, `buku`.`judul`, `buku`.`cover`, `anggota`.`nama_anggota` as `nama_anggota`
FROM `peminjaman`
LEFT JOIN `buku` ON `buku`.`id_buku` = `peminjaman`.`id_buku`
LEFT JOIN `anggota` ON `anggota`.`id_user` = `peminjaman`.`id_anggota`', [], false)
 5 APPPATH\Controllers\peminjaman.php(41): CodeIgniter\Database\BaseBuilder->get()
 6 SYSTEMPATH\CodeIgniter.php(933): App\Controllers\Peminjaman->index()
 7 SYSTEMPATH\CodeIgniter.php(507): CodeIgniter\CodeIgniter->runController(Object(App\Controllers\Peminjaman))
 8 SYSTEMPATH\CodeIgniter.php(354): CodeIgniter\CodeIgniter->handleRequest(null, Object(Config\Cache), false)
 9 SYSTEMPATH\Boot.php(363): CodeIgniter\CodeIgniter->run()
10 SYSTEMPATH\Boot.php(68): CodeIgniter\Boot::runCodeIgniter(Object(CodeIgniter\CodeIgniter))
11 FCPATH\index.php(59): CodeIgniter\Boot::bootWeb(Object(Config\Paths))
ERROR - 2026-04-25 13:41:01 --> mysqli_sql_exception: Unknown column 'anggota.anggota_id' in 'on clause' in C:\xampp\htdocs\perpus\system\Database\MySQLi\Connection.php:327
Stack trace:
#0 C:\xampp\htdocs\perpus\system\Database\MySQLi\Connection.php(327): mysqli->query('SELECT `peminja...', 0)
#1 C:\xampp\htdocs\perpus\system\Database\BaseConnection.php(729): CodeIgniter\Database\MySQLi\Connection->execute('SELECT `peminja...')
#2 C:\xampp\htdocs\perpus\system\Database\BaseConnection.php(646): CodeIgniter\Database\BaseConnection->simpleQuery('SELECT `peminja...')
#3 C:\xampp\htdocs\perpus\system\Database\BaseBuilder.php(1649): CodeIgniter\Database\BaseConnection->query('SELECT `peminja...', Array, false)
#4 C:\xampp\htdocs\perpus\app\Controllers\peminjaman.php(42): CodeIgniter\Database\BaseBuilder->get()
#5 C:\xampp\htdocs\perpus\system\CodeIgniter.php(933): App\Controllers\Peminjaman->index()
#6 C:\xampp\htdocs\perpus\system\CodeIgniter.php(507): CodeIgniter\CodeIgniter->runController(Object(App\Controllers\Peminjaman))
#7 C:\xampp\htdocs\perpus\system\CodeIgniter.php(354): CodeIgniter\CodeIgniter->handleRequest(NULL, Object(Config\Cache), false)
#8 C:\xampp\htdocs\perpus\system\Boot.php(363): CodeIgniter\CodeIgniter->run()
#9 C:\xampp\htdocs\perpus\system\Boot.php(68): CodeIgniter\Boot::runCodeIgniter(Object(CodeIgniter\CodeIgniter))
#10 C:\xampp\htdocs\perpus\index.php(59): CodeIgniter\Boot::bootWeb(Object(Config\Paths))
#11 {main}
CRITICAL - 2026-04-25 13:41:01 --> CodeIgniter\Database\Exceptions\DatabaseException: Unknown column 'anggota.anggota_id' in 'on clause'
[Method: GET, Route: peminjaman]
in SYSTEMPATH\Database\BaseConnection.php on line 684.
 1 SYSTEMPATH\Database\BaseBuilder.php(1649): CodeIgniter\Database\BaseConnection->query('SELECT `peminjaman`.*, `buku`.`judul`, `buku`.`cover`, `anggota`.`nama_anggota` as `nama_anggota`
FROM `peminjaman`
LEFT JOIN `buku` ON `buku`.`id_buku` = `peminjaman`.`id_buku`
LEFT JOIN `anggota` ON `anggota`.`anggota_id` = `peminjaman`.`id_anggota`', [], false)
 2 APPPATH\Controllers\peminjaman.php(42): CodeIgniter\Database\BaseBuilder->get()
 3 SYSTEMPATH\CodeIgniter.php(933): App\Controllers\Peminjaman->index()
 4 SYSTEMPATH\CodeIgniter.php(507): CodeIgniter\CodeIgniter->runController(Object(App\Controllers\Peminjaman))
 5 SYSTEMPATH\CodeIgniter.php(354): CodeIgniter\CodeIgniter->handleRequest(null, Object(Config\Cache), false)
 6 SYSTEMPATH\Boot.php(363): CodeIgniter\CodeIgniter->run()
 7 SYSTEMPATH\Boot.php(68): CodeIgniter\Boot::runCodeIgniter(Object(CodeIgniter\CodeIgniter))
 8 FCPATH\index.php(59): CodeIgniter\Boot::bootWeb(Object(Config\Paths))
CRITICAL - 2026-04-25 13:41:01 --> [Caused by] CodeIgniter\Database\Exceptions\DatabaseException: Unknown column 'anggota.anggota_id' in 'on clause'
in SYSTEMPATH\Database\MySQLi\Connection.php on line 332.
 1 SYSTEMPATH\Database\BaseConnection.php(729): CodeIgniter\Database\MySQLi\Connection->execute('SELECT `peminjaman`.*, `buku`.`judul`, `buku`.`cover`, `anggota`.`nama_anggota` as `nama_anggota`
FROM `peminjaman`
LEFT JOIN `buku` ON `buku`.`id_buku` = `peminjaman`.`id_buku`
LEFT JOIN `anggota` ON `anggota`.`anggota_id` = `peminjaman`.`id_anggota`')
 2 SYSTEMPATH\Database\BaseConnection.php(646): CodeIgniter\Database\BaseConnection->simpleQuery('SELECT `peminjaman`.*, `buku`.`judul`, `buku`.`cover`, `anggota`.`nama_anggota` as `nama_anggota`
FROM `peminjaman`
LEFT JOIN `buku` ON `buku`.`id_buku` = `peminjaman`.`id_buku`
LEFT JOIN `anggota` ON `anggota`.`anggota_id` = `peminjaman`.`id_anggota`')
 3 SYSTEMPATH\Database\BaseBuilder.php(1649): CodeIgniter\Database\BaseConnection->query('SELECT `peminjaman`.*, `buku`.`judul`, `buku`.`cover`, `anggota`.`nama_anggota` as `nama_anggota`
FROM `peminjaman`
LEFT JOIN `buku` ON `buku`.`id_buku` = `peminjaman`.`id_buku`
LEFT JOIN `anggota` ON `anggota`.`anggota_id` = `peminjaman`.`id_anggota`', [], false)
 4 APPPATH\Controllers\peminjaman.php(42): CodeIgniter\Database\BaseBuilder->get()
 5 SYSTEMPATH\CodeIgniter.php(933): App\Controllers\Peminjaman->index()
 6 SYSTEMPATH\CodeIgniter.php(507): CodeIgniter\CodeIgniter->runController(Object(App\Controllers\Peminjaman))
 7 SYSTEMPATH\CodeIgniter.php(354): CodeIgniter\CodeIgniter->handleRequest(null, Object(Config\Cache), false)
 8 SYSTEMPATH\Boot.php(363): CodeIgniter\CodeIgniter->run()
 9 SYSTEMPATH\Boot.php(68): CodeIgniter\Boot::runCodeIgniter(Object(CodeIgniter\CodeIgniter))
10 FCPATH\index.php(59): CodeIgniter\Boot::bootWeb(Object(Config\Paths))
CRITICAL - 2026-04-25 13:41:01 --> [Caused by] mysqli_sql_exception: Unknown column 'anggota.anggota_id' in 'on clause'
in SYSTEMPATH\Database\MySQLi\Connection.php on line 327.
 1 SYSTEMPATH\Database\MySQLi\Connection.php(327): mysqli->query('SELECT `peminjaman`.*, `buku`.`judul`, `buku`.`cover`, `anggota`.`nama_anggota` as `nama_anggota`
FROM `peminjaman`
LEFT JOIN `buku` ON `buku`.`id_buku` = `peminjaman`.`id_buku`
LEFT JOIN `anggota` ON `anggota`.`anggota_id` = `peminjaman`.`id_anggota`', 0)
 2 SYSTEMPATH\Database\BaseConnection.php(729): CodeIgniter\Database\MySQLi\Connection->execute('SELECT `peminjaman`.*, `buku`.`judul`, `buku`.`cover`, `anggota`.`nama_anggota` as `nama_anggota`
FROM `peminjaman`
LEFT JOIN `buku` ON `buku`.`id_buku` = `peminjaman`.`id_buku`
LEFT JOIN `anggota` ON `anggota`.`anggota_id` = `peminjaman`.`id_anggota`')
 3 SYSTEMPATH\Database\BaseConnection.php(646): CodeIgniter\Database\BaseConnection->simpleQuery('SELECT `peminjaman`.*, `buku`.`judul`, `buku`.`cover`, `anggota`.`nama_anggota` as `nama_anggota`
FROM `peminjaman`
LEFT JOIN `buku` ON `buku`.`id_buku` = `peminjaman`.`id_buku`
LEFT JOIN `anggota` ON `anggota`.`anggota_id` = `peminjaman`.`id_anggota`')
 4 SYSTEMPATH\Database\BaseBuilder.php(1649): CodeIgniter\Database\BaseConnection->query('SELECT `peminjaman`.*, `buku`.`judul`, `buku`.`cover`, `anggota`.`nama_anggota` as `nama_anggota`
FROM `peminjaman`
LEFT JOIN `buku` ON `buku`.`id_buku` = `peminjaman`.`id_buku`
LEFT JOIN `anggota` ON `anggota`.`anggota_id` = `peminjaman`.`id_anggota`', [], false)
 5 APPPATH\Controllers\peminjaman.php(42): CodeIgniter\Database\BaseBuilder->get()
 6 SYSTEMPATH\CodeIgniter.php(933): App\Controllers\Peminjaman->index()
 7 SYSTEMPATH\CodeIgniter.php(507): CodeIgniter\CodeIgniter->runController(Object(App\Controllers\Peminjaman))
 8 SYSTEMPATH\CodeIgniter.php(354): CodeIgniter\CodeIgniter->handleRequest(null, Object(Config\Cache), false)
 9 SYSTEMPATH\Boot.php(363): CodeIgniter\CodeIgniter->run()
10 SYSTEMPATH\Boot.php(68): CodeIgniter\Boot::runCodeIgniter(Object(CodeIgniter\CodeIgniter))
11 FCPATH\index.php(59): CodeIgniter\Boot::bootWeb(Object(Config\Paths))
ERROR - 2026-04-25 13:41:02 --> mysqli_sql_exception: Unknown column 'anggota.anggota_id' in 'on clause' in C:\xampp\htdocs\perpus\system\Database\MySQLi\Connection.php:327
Stack trace:
#0 C:\xampp\htdocs\perpus\system\Database\MySQLi\Connection.php(327): mysqli->query('SELECT `peminja...', 0)
#1 C:\xampp\htdocs\perpus\system\Database\BaseConnection.php(729): CodeIgniter\Database\MySQLi\Connection->execute('SELECT `peminja...')
#2 C:\xampp\htdocs\perpus\system\Database\BaseConnection.php(646): CodeIgniter\Database\BaseConnection->simpleQuery('SELECT `peminja...')
#3 C:\xampp\htdocs\perpus\system\Database\BaseBuilder.php(1649): CodeIgniter\Database\BaseConnection->query('SELECT `peminja...', Array, false)
#4 C:\xampp\htdocs\perpus\app\Controllers\peminjaman.php(42): CodeIgniter\Database\BaseBuilder->get()
#5 C:\xampp\htdocs\perpus\system\CodeIgniter.php(933): App\Controllers\Peminjaman->index()
#6 C:\xampp\htdocs\perpus\system\CodeIgniter.php(507): CodeIgniter\CodeIgniter->runController(Object(App\Controllers\Peminjaman))
#7 C:\xampp\htdocs\perpus\system\CodeIgniter.php(354): CodeIgniter\CodeIgniter->handleRequest(NULL, Object(Config\Cache), false)
#8 C:\xampp\htdocs\perpus\system\Boot.php(363): CodeIgniter\CodeIgniter->run()
#9 C:\xampp\htdocs\perpus\system\Boot.php(68): CodeIgniter\Boot::runCodeIgniter(Object(CodeIgniter\CodeIgniter))
#10 C:\xampp\htdocs\perpus\index.php(59): CodeIgniter\Boot::bootWeb(Object(Config\Paths))
#11 {main}
CRITICAL - 2026-04-25 13:41:02 --> CodeIgniter\Database\Exceptions\DatabaseException: Unknown column 'anggota.anggota_id' in 'on clause'
[Method: GET, Route: peminjaman]
in SYSTEMPATH\Database\BaseConnection.php on line 684.
 1 SYSTEMPATH\Database\BaseBuilder.php(1649): CodeIgniter\Database\BaseConnection->query('SELECT `peminjaman`.*, `buku`.`judul`, `buku`.`cover`, `anggota`.`nama_anggota` as `nama_anggota`
FROM `peminjaman`
LEFT JOIN `buku` ON `buku`.`id_buku` = `peminjaman`.`id_buku`
LEFT JOIN `anggota` ON `anggota`.`anggota_id` = `peminjaman`.`id_anggota`', [], false)
 2 APPPATH\Controllers\peminjaman.php(42): CodeIgniter\Database\BaseBuilder->get()
 3 SYSTEMPATH\CodeIgniter.php(933): App\Controllers\Peminjaman->index()
 4 SYSTEMPATH\CodeIgniter.php(507): CodeIgniter\CodeIgniter->runController(Object(App\Controllers\Peminjaman))
 5 SYSTEMPATH\CodeIgniter.php(354): CodeIgniter\CodeIgniter->handleRequest(null, Object(Config\Cache), false)
 6 SYSTEMPATH\Boot.php(363): CodeIgniter\CodeIgniter->run()
 7 SYSTEMPATH\Boot.php(68): CodeIgniter\Boot::runCodeIgniter(Object(CodeIgniter\CodeIgniter))
 8 FCPATH\index.php(59): CodeIgniter\Boot::bootWeb(Object(Config\Paths))
CRITICAL - 2026-04-25 13:41:02 --> [Caused by] CodeIgniter\Database\Exceptions\DatabaseException: Unknown column 'anggota.anggota_id' in 'on clause'
in SYSTEMPATH\Database\MySQLi\Connection.php on line 332.
 1 SYSTEMPATH\Database\BaseConnection.php(729): CodeIgniter\Database\MySQLi\Connection->execute('SELECT `peminjaman`.*, `buku`.`judul`, `buku`.`cover`, `anggota`.`nama_anggota` as `nama_anggota`
FROM `peminjaman`
LEFT JOIN `buku` ON `buku`.`id_buku` = `peminjaman`.`id_buku`
LEFT JOIN `anggota` ON `anggota`.`anggota_id` = `peminjaman`.`id_anggota`')
 2 SYSTEMPATH\Database\BaseConnection.php(646): CodeIgniter\Database\BaseConnection->simpleQuery('SELECT `peminjaman`.*, `buku`.`judul`, `buku`.`cover`, `anggota`.`nama_anggota` as `nama_anggota`
FROM `peminjaman`
LEFT JOIN `buku` ON `buku`.`id_buku` = `peminjaman`.`id_buku`
LEFT JOIN `anggota` ON `anggota`.`anggota_id` = `peminjaman`.`id_anggota`')
 3 SYSTEMPATH\Database\BaseBuilder.php(1649): CodeIgniter\Database\BaseConnection->query('SELECT `peminjaman`.*, `buku`.`judul`, `buku`.`cover`, `anggota`.`nama_anggota` as `nama_anggota`
FROM `peminjaman`
LEFT JOIN `buku` ON `buku`.`id_buku` = `peminjaman`.`id_buku`
LEFT JOIN `anggota` ON `anggota`.`anggota_id` = `peminjaman`.`id_anggota`', [], false)
 4 APPPATH\Controllers\peminjaman.php(42): CodeIgniter\Database\BaseBuilder->get()
 5 SYSTEMPATH\CodeIgniter.php(933): App\Controllers\Peminjaman->index()
 6 SYSTEMPATH\CodeIgniter.php(507): CodeIgniter\CodeIgniter->runController(Object(App\Controllers\Peminjaman))
 7 SYSTEMPATH\CodeIgniter.php(354): CodeIgniter\CodeIgniter->handleRequest(null, Object(Config\Cache), false)
 8 SYSTEMPATH\Boot.php(363): CodeIgniter\CodeIgniter->run()
 9 SYSTEMPATH\Boot.php(68): CodeIgniter\Boot::runCodeIgniter(Object(CodeIgniter\CodeIgniter))
10 FCPATH\index.php(59): CodeIgniter\Boot::bootWeb(Object(Config\Paths))
CRITICAL - 2026-04-25 13:41:02 --> [Caused by] mysqli_sql_exception: Unknown column 'anggota.anggota_id' in 'on clause'
in SYSTEMPATH\Database\MySQLi\Connection.php on line 327.
 1 SYSTEMPATH\Database\MySQLi\Connection.php(327): mysqli->query('SELECT `peminjaman`.*, `buku`.`judul`, `buku`.`cover`, `anggota`.`nama_anggota` as `nama_anggota`
FROM `peminjaman`
LEFT JOIN `buku` ON `buku`.`id_buku` = `peminjaman`.`id_buku`
LEFT JOIN `anggota` ON `anggota`.`anggota_id` = `peminjaman`.`id_anggota`', 0)
 2 SYSTEMPATH\Database\BaseConnection.php(729): CodeIgniter\Database\MySQLi\Connection->execute('SELECT `peminjaman`.*, `buku`.`judul`, `buku`.`cover`, `anggota`.`nama_anggota` as `nama_anggota`
FROM `peminjaman`
LEFT JOIN `buku` ON `buku`.`id_buku` = `peminjaman`.`id_buku`
LEFT JOIN `anggota` ON `anggota`.`anggota_id` = `peminjaman`.`id_anggota`')
 3 SYSTEMPATH\Database\BaseConnection.php(646): CodeIgniter\Database\BaseConnection->simpleQuery('SELECT `peminjaman`.*, `buku`.`judul`, `buku`.`cover`, `anggota`.`nama_anggota` as `nama_anggota`
FROM `peminjaman`
LEFT JOIN `buku` ON `buku`.`id_buku` = `peminjaman`.`id_buku`
LEFT JOIN `anggota` ON `anggota`.`anggota_id` = `peminjaman`.`id_anggota`')
 4 SYSTEMPATH\Database\BaseBuilder.php(1649): CodeIgniter\Database\BaseConnection->query('SELECT `peminjaman`.*, `buku`.`judul`, `buku`.`cover`, `anggota`.`nama_anggota` as `nama_anggota`
FROM `peminjaman`
LEFT JOIN `buku` ON `buku`.`id_buku` = `peminjaman`.`id_buku`
LEFT JOIN `anggota` ON `anggota`.`anggota_id` = `peminjaman`.`id_anggota`', [], false)
 5 APPPATH\Controllers\peminjaman.php(42): CodeIgniter\Database\BaseBuilder->get()
 6 SYSTEMPATH\CodeIgniter.php(933): App\Controllers\Peminjaman->index()
 7 SYSTEMPATH\CodeIgniter.php(507): CodeIgniter\CodeIgniter->runController(Object(App\Controllers\Peminjaman))
 8 SYSTEMPATH\CodeIgniter.php(354): CodeIgniter\CodeIgniter->handleRequest(null, Object(Config\Cache), false)
 9 SYSTEMPATH\Boot.php(363): CodeIgniter\CodeIgniter->run()
10 SYSTEMPATH\Boot.php(68): CodeIgniter\Boot::runCodeIgniter(Object(CodeIgniter\CodeIgniter))
11 FCPATH\index.php(59): CodeIgniter\Boot::bootWeb(Object(Config\Paths))
ERROR - 2026-04-25 13:42:04 --> mysqli_sql_exception: Unknown column 'anggota.nama' in 'field list' in C:\xampp\htdocs\perpus\system\Database\MySQLi\Connection.php:327
Stack trace:
#0 C:\xampp\htdocs\perpus\system\Database\MySQLi\Connection.php(327): mysqli->query('SELECT `peminja...', 0)
#1 C:\xampp\htdocs\perpus\system\Database\BaseConnection.php(729): CodeIgniter\Database\MySQLi\Connection->execute('SELECT `peminja...')
#2 C:\xampp\htdocs\perpus\system\Database\BaseConnection.php(646): CodeIgniter\Database\BaseConnection->simpleQuery('SELECT `peminja...')
#3 C:\xampp\htdocs\perpus\system\Database\BaseBuilder.php(1649): CodeIgniter\Database\BaseConnection->query('SELECT `peminja...', Array, false)
#4 C:\xampp\htdocs\perpus\app\Controllers\peminjaman.php(39): CodeIgniter\Database\BaseBuilder->get()
#5 C:\xampp\htdocs\perpus\system\CodeIgniter.php(933): App\Controllers\Peminjaman->index()
#6 C:\xampp\htdocs\perpus\system\CodeIgniter.php(507): CodeIgniter\CodeIgniter->runController(Object(App\Controllers\Peminjaman))
#7 C:\xampp\htdocs\perpus\system\CodeIgniter.php(354): CodeIgniter\CodeIgniter->handleRequest(NULL, Object(Config\Cache), false)
#8 C:\xampp\htdocs\perpus\system\Boot.php(363): CodeIgniter\CodeIgniter->run()
#9 C:\xampp\htdocs\perpus\system\Boot.php(68): CodeIgniter\Boot::runCodeIgniter(Object(CodeIgniter\CodeIgniter))
#10 C:\xampp\htdocs\perpus\index.php(59): CodeIgniter\Boot::bootWeb(Object(Config\Paths))
#11 {main}
CRITICAL - 2026-04-25 13:42:04 --> CodeIgniter\Database\Exceptions\DatabaseException: Unknown column 'anggota.nama' in 'field list'
[Method: GET, Route: peminjaman]
in SYSTEMPATH\Database\BaseConnection.php on line 684.
 1 SYSTEMPATH\Database\BaseBuilder.php(1649): CodeIgniter\Database\BaseConnection->query('SELECT `peminjaman`.*, `anggota`.`nama` as `nama_anggota`
FROM `peminjaman`
LEFT JOIN `anggota` ON `anggota`.`id` = `peminjaman`.`id_anggota`', [], false)
 2 APPPATH\Controllers\peminjaman.php(39): CodeIgniter\Database\BaseBuilder->get()
 3 SYSTEMPATH\CodeIgniter.php(933): App\Controllers\Peminjaman->index()
 4 SYSTEMPATH\CodeIgniter.php(507): CodeIgniter\CodeIgniter->runController(Object(App\Controllers\Peminjaman))
 5 SYSTEMPATH\CodeIgniter.php(354): CodeIgniter\CodeIgniter->handleRequest(null, Object(Config\Cache), false)
 6 SYSTEMPATH\Boot.php(363): CodeIgniter\CodeIgniter->run()
 7 SYSTEMPATH\Boot.php(68): CodeIgniter\Boot::runCodeIgniter(Object(CodeIgniter\CodeIgniter))
 8 FCPATH\index.php(59): CodeIgniter\Boot::bootWeb(Object(Config\Paths))
CRITICAL - 2026-04-25 13:42:04 --> [Caused by] CodeIgniter\Database\Exceptions\DatabaseException: Unknown column 'anggota.nama' in 'field list'
in SYSTEMPATH\Database\MySQLi\Connection.php on line 332.
 1 SYSTEMPATH\Database\BaseConnection.php(729): CodeIgniter\Database\MySQLi\Connection->execute('SELECT `peminjaman`.*, `anggota`.`nama` as `nama_anggota`
FROM `peminjaman`
LEFT JOIN `anggota` ON `anggota`.`id` = `peminjaman`.`id_anggota`')
 2 SYSTEMPATH\Database\BaseConnection.php(646): CodeIgniter\Database\BaseConnection->simpleQuery('SELECT `peminjaman`.*, `anggota`.`nama` as `nama_anggota`
FROM `peminjaman`
LEFT JOIN `anggota` ON `anggota`.`id` = `peminjaman`.`id_anggota`')
 3 SYSTEMPATH\Database\BaseBuilder.php(1649): CodeIgniter\Database\BaseConnection->query('SELECT `peminjaman`.*, `anggota`.`nama` as `nama_anggota`
FROM `peminjaman`
LEFT JOIN `anggota` ON `anggota`.`id` = `peminjaman`.`id_anggota`', [], false)
 4 APPPATH\Controllers\peminjaman.php(39): CodeIgniter\Database\BaseBuilder->get()
 5 SYSTEMPATH\CodeIgniter.php(933): App\Controllers\Peminjaman->index()
 6 SYSTEMPATH\CodeIgniter.php(507): CodeIgniter\CodeIgniter->runController(Object(App\Controllers\Peminjaman))
 7 SYSTEMPATH\CodeIgniter.php(354): CodeIgniter\CodeIgniter->handleRequest(null, Object(Config\Cache), false)
 8 SYSTEMPATH\Boot.php(363): CodeIgniter\CodeIgniter->run()
 9 SYSTEMPATH\Boot.php(68): CodeIgniter\Boot::runCodeIgniter(Object(CodeIgniter\CodeIgniter))
10 FCPATH\index.php(59): CodeIgniter\Boot::bootWeb(Object(Config\Paths))
CRITICAL - 2026-04-25 13:42:04 --> [Caused by] mysqli_sql_exception: Unknown column 'anggota.nama' in 'field list'
in SYSTEMPATH\Database\MySQLi\Connection.php on line 327.
 1 SYSTEMPATH\Database\MySQLi\Connection.php(327): mysqli->query('SELECT `peminjaman`.*, `anggota`.`nama` as `nama_anggota`
FROM `peminjaman`
LEFT JOIN `anggota` ON `anggota`.`id` = `peminjaman`.`id_anggota`', 0)
 2 SYSTEMPATH\Database\BaseConnection.php(729): CodeIgniter\Database\MySQLi\Connection->execute('SELECT `peminjaman`.*, `anggota`.`nama` as `nama_anggota`
FROM `peminjaman`
LEFT JOIN `anggota` ON `anggota`.`id` = `peminjaman`.`id_anggota`')
 3 SYSTEMPATH\Database\BaseConnection.php(646): CodeIgniter\Database\BaseConnection->simpleQuery('SELECT `peminjaman`.*, `anggota`.`nama` as `nama_anggota`
FROM `peminjaman`
LEFT JOIN `anggota` ON `anggota`.`id` = `peminjaman`.`id_anggota`')
 4 SYSTEMPATH\Database\BaseBuilder.php(1649): CodeIgniter\Database\BaseConnection->query('SELECT `peminjaman`.*, `anggota`.`nama` as `nama_anggota`
FROM `peminjaman`
LEFT JOIN `anggota` ON `anggota`.`id` = `peminjaman`.`id_anggota`', [], false)
 5 APPPATH\Controllers\peminjaman.php(39): CodeIgniter\Database\BaseBuilder->get()
 6 SYSTEMPATH\CodeIgniter.php(933): App\Controllers\Peminjaman->index()
 7 SYSTEMPATH\CodeIgniter.php(507): CodeIgniter\CodeIgniter->runController(Object(App\Controllers\Peminjaman))
 8 SYSTEMPATH\CodeIgniter.php(354): CodeIgniter\CodeIgniter->handleRequest(null, Object(Config\Cache), false)
 9 SYSTEMPATH\Boot.php(363): CodeIgniter\CodeIgniter->run()
10 SYSTEMPATH\Boot.php(68): CodeIgniter\Boot::runCodeIgniter(Object(CodeIgniter\CodeIgniter))
11 FCPATH\index.php(59): CodeIgniter\Boot::bootWeb(Object(Config\Paths))
ERROR - 2026-04-25 13:42:48 --> mysqli_sql_exception: Unknown column 'anggota.username' in 'field list' in C:\xampp\htdocs\perpus\system\Database\MySQLi\Connection.php:327
Stack trace:
#0 C:\xampp\htdocs\perpus\system\Database\MySQLi\Connection.php(327): mysqli->query('SELECT `peminja...', 0)
#1 C:\xampp\htdocs\perpus\system\Database\BaseConnection.php(729): CodeIgniter\Database\MySQLi\Connection->execute('SELECT `peminja...')
#2 C:\xampp\htdocs\perpus\system\Database\BaseConnection.php(646): CodeIgniter\Database\BaseConnection->simpleQuery('SELECT `peminja...')
#3 C:\xampp\htdocs\perpus\system\Database\BaseBuilder.php(1649): CodeIgniter\Database\BaseConnection->query('SELECT `peminja...', Array, false)
#4 C:\xampp\htdocs\perpus\app\Controllers\peminjaman.php(38): CodeIgniter\Database\BaseBuilder->get()
#5 C:\xampp\htdocs\perpus\system\CodeIgniter.php(933): App\Controllers\Peminjaman->index()
#6 C:\xampp\htdocs\perpus\system\CodeIgniter.php(507): CodeIgniter\CodeIgniter->runController(Object(App\Controllers\Peminjaman))
#7 C:\xampp\htdocs\perpus\system\CodeIgniter.php(354): CodeIgniter\CodeIgniter->handleRequest(NULL, Object(Config\Cache), false)
#8 C:\xampp\htdocs\perpus\system\Boot.php(363): CodeIgniter\CodeIgniter->run()
#9 C:\xampp\htdocs\perpus\system\Boot.php(68): CodeIgniter\Boot::runCodeIgniter(Object(CodeIgniter\CodeIgniter))
#10 C:\xampp\htdocs\perpus\index.php(59): CodeIgniter\Boot::bootWeb(Object(Config\Paths))
#11 {main}
CRITICAL - 2026-04-25 13:42:48 --> CodeIgniter\Database\Exceptions\DatabaseException: Unknown column 'anggota.username' in 'field list'
[Method: GET, Route: peminjaman]
in SYSTEMPATH\Database\BaseConnection.php on line 684.
 1 SYSTEMPATH\Database\BaseBuilder.php(1649): CodeIgniter\Database\BaseConnection->query('SELECT `peminjaman`.*, `anggota`.`username` as `nama_anggota`
FROM `peminjaman`
LEFT JOIN `anggota` ON `anggota`.`id` = `peminjaman`.`id_anggota`', [], false)
 2 APPPATH\Controllers\peminjaman.php(38): CodeIgniter\Database\BaseBuilder->get()
 3 SYSTEMPATH\CodeIgniter.php(933): App\Controllers\Peminjaman->index()
 4 SYSTEMPATH\CodeIgniter.php(507): CodeIgniter\CodeIgniter->runController(Object(App\Controllers\Peminjaman))
 5 SYSTEMPATH\CodeIgniter.php(354): CodeIgniter\CodeIgniter->handleRequest(null, Object(Config\Cache), false)
 6 SYSTEMPATH\Boot.php(363): CodeIgniter\CodeIgniter->run()
 7 SYSTEMPATH\Boot.php(68): CodeIgniter\Boot::runCodeIgniter(Object(CodeIgniter\CodeIgniter))
 8 FCPATH\index.php(59): CodeIgniter\Boot::bootWeb(Object(Config\Paths))
CRITICAL - 2026-04-25 13:42:48 --> [Caused by] CodeIgniter\Database\Exceptions\DatabaseException: Unknown column 'anggota.username' in 'field list'
in SYSTEMPATH\Database\MySQLi\Connection.php on line 332.
 1 SYSTEMPATH\Database\BaseConnection.php(729): CodeIgniter\Database\MySQLi\Connection->execute('SELECT `peminjaman`.*, `anggota`.`username` as `nama_anggota`
FROM `peminjaman`
LEFT JOIN `anggota` ON `anggota`.`id` = `peminjaman`.`id_anggota`')
 2 SYSTEMPATH\Database\BaseConnection.php(646): CodeIgniter\Database\BaseConnection->simpleQuery('SELECT `peminjaman`.*, `anggota`.`username` as `nama_anggota`
FROM `peminjaman`
LEFT JOIN `anggota` ON `anggota`.`id` = `peminjaman`.`id_anggota`')
 3 SYSTEMPATH\Database\BaseBuilder.php(1649): CodeIgniter\Database\BaseConnection->query('SELECT `peminjaman`.*, `anggota`.`username` as `nama_anggota`
FROM `peminjaman`
LEFT JOIN `anggota` ON `anggota`.`id` = `peminjaman`.`id_anggota`', [], false)
 4 APPPATH\Controllers\peminjaman.php(38): CodeIgniter\Database\BaseBuilder->get()
 5 SYSTEMPATH\CodeIgniter.php(933): App\Controllers\Peminjaman->index()
 6 SYSTEMPATH\CodeIgniter.php(507): CodeIgniter\CodeIgniter->runController(Object(App\Controllers\Peminjaman))
 7 SYSTEMPATH\CodeIgniter.php(354): CodeIgniter\CodeIgniter->handleRequest(null, Object(Config\Cache), false)
 8 SYSTEMPATH\Boot.php(363): CodeIgniter\CodeIgniter->run()
 9 SYSTEMPATH\Boot.php(68): CodeIgniter\Boot::runCodeIgniter(Object(CodeIgniter\CodeIgniter))
10 FCPATH\index.php(59): CodeIgniter\Boot::bootWeb(Object(Config\Paths))
CRITICAL - 2026-04-25 13:42:48 --> [Caused by] mysqli_sql_exception: Unknown column 'anggota.username' in 'field list'
in SYSTEMPATH\Database\MySQLi\Connection.php on line 327.
 1 SYSTEMPATH\Database\MySQLi\Connection.php(327): mysqli->query('SELECT `peminjaman`.*, `anggota`.`username` as `nama_anggota`
FROM `peminjaman`
LEFT JOIN `anggota` ON `anggota`.`id` = `peminjaman`.`id_anggota`', 0)
 2 SYSTEMPATH\Database\BaseConnection.php(729): CodeIgniter\Database\MySQLi\Connection->execute('SELECT `peminjaman`.*, `anggota`.`username` as `nama_anggota`
FROM `peminjaman`
LEFT JOIN `anggota` ON `anggota`.`id` = `peminjaman`.`id_anggota`')
 3 SYSTEMPATH\Database\BaseConnection.php(646): CodeIgniter\Database\BaseConnection->simpleQuery('SELECT `peminjaman`.*, `anggota`.`username` as `nama_anggota`
FROM `peminjaman`
LEFT JOIN `anggota` ON `anggota`.`id` = `peminjaman`.`id_anggota`')
 4 SYSTEMPATH\Database\BaseBuilder.php(1649): CodeIgniter\Database\BaseConnection->query('SELECT `peminjaman`.*, `anggota`.`username` as `nama_anggota`
FROM `peminjaman`
LEFT JOIN `anggota` ON `anggota`.`id` = `peminjaman`.`id_anggota`', [], false)
 5 APPPATH\Controllers\peminjaman.php(38): CodeIgniter\Database\BaseBuilder->get()
 6 SYSTEMPATH\CodeIgniter.php(933): App\Controllers\Peminjaman->index()
 7 SYSTEMPATH\CodeIgniter.php(507): CodeIgniter\CodeIgniter->runController(Object(App\Controllers\Peminjaman))
 8 SYSTEMPATH\CodeIgniter.php(354): CodeIgniter\CodeIgniter->handleRequest(null, Object(Config\Cache), false)
 9 SYSTEMPATH\Boot.php(363): CodeIgniter\CodeIgniter->run()
10 SYSTEMPATH\Boot.php(68): CodeIgniter\Boot::runCodeIgniter(Object(CodeIgniter\CodeIgniter))
11 FCPATH\index.php(59): CodeIgniter\Boot::bootWeb(Object(Config\Paths))
ERROR - 2026-04-25 13:43:42 --> mysqli_sql_exception: Unknown column 'anggota.nama_user' in 'field list' in C:\xampp\htdocs\perpus\system\Database\MySQLi\Connection.php:327
Stack trace:
#0 C:\xampp\htdocs\perpus\system\Database\MySQLi\Connection.php(327): mysqli->query('SELECT `peminja...', 0)
#1 C:\xampp\htdocs\perpus\system\Database\BaseConnection.php(729): CodeIgniter\Database\MySQLi\Connection->execute('SELECT `peminja...')
#2 C:\xampp\htdocs\perpus\system\Database\BaseConnection.php(646): CodeIgniter\Database\BaseConnection->simpleQuery('SELECT `peminja...')
#3 C:\xampp\htdocs\perpus\system\Database\BaseBuilder.php(1649): CodeIgniter\Database\BaseConnection->query('SELECT `peminja...', Array, false)
#4 C:\xampp\htdocs\perpus\app\Controllers\peminjaman.php(38): CodeIgniter\Database\BaseBuilder->get()
#5 C:\xampp\htdocs\perpus\system\CodeIgniter.php(933): App\Controllers\Peminjaman->index()
#6 C:\xampp\htdocs\perpus\system\CodeIgniter.php(507): CodeIgniter\CodeIgniter->runController(Object(App\Controllers\Peminjaman))
#7 C:\xampp\htdocs\perpus\system\CodeIgniter.php(354): CodeIgniter\CodeIgniter->handleRequest(NULL, Object(Config\Cache), false)
#8 C:\xampp\htdocs\perpus\system\Boot.php(363): CodeIgniter\CodeIgniter->run()
#9 C:\xampp\htdocs\perpus\system\Boot.php(68): CodeIgniter\Boot::runCodeIgniter(Object(CodeIgniter\CodeIgniter))
#10 C:\xampp\htdocs\perpus\index.php(59): CodeIgniter\Boot::bootWeb(Object(Config\Paths))
#11 {main}
CRITICAL - 2026-04-25 13:43:42 --> CodeIgniter\Database\Exceptions\DatabaseException: Unknown column 'anggota.nama_user' in 'field list'
[Method: GET, Route: peminjaman]
in SYSTEMPATH\Database\BaseConnection.php on line 684.
 1 SYSTEMPATH\Database\BaseBuilder.php(1649): CodeIgniter\Database\BaseConnection->query('SELECT `peminjaman`.*, `anggota`.`nama_user` as `nama_anggota`
FROM `peminjaman`
LEFT JOIN `anggota` ON `anggota`.`id` = `peminjaman`.`id_anggota`', [], false)
 2 APPPATH\Controllers\peminjaman.php(38): CodeIgniter\Database\BaseBuilder->get()
 3 SYSTEMPATH\CodeIgniter.php(933): App\Controllers\Peminjaman->index()
 4 SYSTEMPATH\CodeIgniter.php(507): CodeIgniter\CodeIgniter->runController(Object(App\Controllers\Peminjaman))
 5 SYSTEMPATH\CodeIgniter.php(354): CodeIgniter\CodeIgniter->handleRequest(null, Object(Config\Cache), false)
 6 SYSTEMPATH\Boot.php(363): CodeIgniter\CodeIgniter->run()
 7 SYSTEMPATH\Boot.php(68): CodeIgniter\Boot::runCodeIgniter(Object(CodeIgniter\CodeIgniter))
 8 FCPATH\index.php(59): CodeIgniter\Boot::bootWeb(Object(Config\Paths))
CRITICAL - 2026-04-25 13:43:42 --> [Caused by] CodeIgniter\Database\Exceptions\DatabaseException: Unknown column 'anggota.nama_user' in 'field list'
in SYSTEMPATH\Database\MySQLi\Connection.php on line 332.
 1 SYSTEMPATH\Database\BaseConnection.php(729): CodeIgniter\Database\MySQLi\Connection->execute('SELECT `peminjaman`.*, `anggota`.`nama_user` as `nama_anggota`
FROM `peminjaman`
LEFT JOIN `anggota` ON `anggota`.`id` = `peminjaman`.`id_anggota`')
 2 SYSTEMPATH\Database\BaseConnection.php(646): CodeIgniter\Database\BaseConnection->simpleQuery('SELECT `peminjaman`.*, `anggota`.`nama_user` as `nama_anggota`
FROM `peminjaman`
LEFT JOIN `anggota` ON `anggota`.`id` = `peminjaman`.`id_anggota`')
 3 SYSTEMPATH\Database\BaseBuilder.php(1649): CodeIgniter\Database\BaseConnection->query('SELECT `peminjaman`.*, `anggota`.`nama_user` as `nama_anggota`
FROM `peminjaman`
LEFT JOIN `anggota` ON `anggota`.`id` = `peminjaman`.`id_anggota`', [], false)
 4 APPPATH\Controllers\peminjaman.php(38): CodeIgniter\Database\BaseBuilder->get()
 5 SYSTEMPATH\CodeIgniter.php(933): App\Controllers\Peminjaman->index()
 6 SYSTEMPATH\CodeIgniter.php(507): CodeIgniter\CodeIgniter->runController(Object(App\Controllers\Peminjaman))
 7 SYSTEMPATH\CodeIgniter.php(354): CodeIgniter\CodeIgniter->handleRequest(null, Object(Config\Cache), false)
 8 SYSTEMPATH\Boot.php(363): CodeIgniter\CodeIgniter->run()
 9 SYSTEMPATH\Boot.php(68): CodeIgniter\Boot::runCodeIgniter(Object(CodeIgniter\CodeIgniter))
10 FCPATH\index.php(59): CodeIgniter\Boot::bootWeb(Object(Config\Paths))
CRITICAL - 2026-04-25 13:43:42 --> [Caused by] mysqli_sql_exception: Unknown column 'anggota.nama_user' in 'field list'
in SYSTEMPATH\Database\MySQLi\Connection.php on line 327.
 1 SYSTEMPATH\Database\MySQLi\Connection.php(327): mysqli->query('SELECT `peminjaman`.*, `anggota`.`nama_user` as `nama_anggota`
FROM `peminjaman`
LEFT JOIN `anggota` ON `anggota`.`id` = `peminjaman`.`id_anggota`', 0)
 2 SYSTEMPATH\Database\BaseConnection.php(729): CodeIgniter\Database\MySQLi\Connection->execute('SELECT `peminjaman`.*, `anggota`.`nama_user` as `nama_anggota`
FROM `peminjaman`
LEFT JOIN `anggota` ON `anggota`.`id` = `peminjaman`.`id_anggota`')
 3 SYSTEMPATH\Database\BaseConnection.php(646): CodeIgniter\Database\BaseConnection->simpleQuery('SELECT `peminjaman`.*, `anggota`.`nama_user` as `nama_anggota`
FROM `peminjaman`
LEFT JOIN `anggota` ON `anggota`.`id` = `peminjaman`.`id_anggota`')
 4 SYSTEMPATH\Database\BaseBuilder.php(1649): CodeIgniter\Database\BaseConnection->query('SELECT `peminjaman`.*, `anggota`.`nama_user` as `nama_anggota`
FROM `peminjaman`
LEFT JOIN `anggota` ON `anggota`.`id` = `peminjaman`.`id_anggota`', [], false)
 5 APPPATH\Controllers\peminjaman.php(38): CodeIgniter\Database\BaseBuilder->get()
 6 SYSTEMPATH\CodeIgniter.php(933): App\Controllers\Peminjaman->index()
 7 SYSTEMPATH\CodeIgniter.php(507): CodeIgniter\CodeIgniter->runController(Object(App\Controllers\Peminjaman))
 8 SYSTEMPATH\CodeIgniter.php(354): CodeIgniter\CodeIgniter->handleRequest(null, Object(Config\Cache), false)
 9 SYSTEMPATH\Boot.php(363): CodeIgniter\CodeIgniter->run()
10 SYSTEMPATH\Boot.php(68): CodeIgniter\Boot::runCodeIgniter(Object(CodeIgniter\CodeIgniter))
11 FCPATH\index.php(59): CodeIgniter\Boot::bootWeb(Object(Config\Paths))
ERROR - 2026-04-25 13:43:43 --> mysqli_sql_exception: Unknown column 'anggota.nama_user' in 'field list' in C:\xampp\htdocs\perpus\system\Database\MySQLi\Connection.php:327
Stack trace:
#0 C:\xampp\htdocs\perpus\system\Database\MySQLi\Connection.php(327): mysqli->query('SELECT `peminja...', 0)
#1 C:\xampp\htdocs\perpus\system\Database\BaseConnection.php(729): CodeIgniter\Database\MySQLi\Connection->execute('SELECT `peminja...')
#2 C:\xampp\htdocs\perpus\system\Database\BaseConnection.php(646): CodeIgniter\Database\BaseConnection->simpleQuery('SELECT `peminja...')
#3 C:\xampp\htdocs\perpus\system\Database\BaseBuilder.php(1649): CodeIgniter\Database\BaseConnection->query('SELECT `peminja...', Array, false)
#4 C:\xampp\htdocs\perpus\app\Controllers\peminjaman.php(38): CodeIgniter\Database\BaseBuilder->get()
#5 C:\xampp\htdocs\perpus\system\CodeIgniter.php(933): App\Controllers\Peminjaman->index()
#6 C:\xampp\htdocs\perpus\system\CodeIgniter.php(507): CodeIgniter\CodeIgniter->runController(Object(App\Controllers\Peminjaman))
#7 C:\xampp\htdocs\perpus\system\CodeIgniter.php(354): CodeIgniter\CodeIgniter->handleRequest(NULL, Object(Config\Cache), false)
#8 C:\xampp\htdocs\perpus\system\Boot.php(363): CodeIgniter\CodeIgniter->run()
#9 C:\xampp\htdocs\perpus\system\Boot.php(68): CodeIgniter\Boot::runCodeIgniter(Object(CodeIgniter\CodeIgniter))
#10 C:\xampp\htdocs\perpus\index.php(59): CodeIgniter\Boot::bootWeb(Object(Config\Paths))
#11 {main}
CRITICAL - 2026-04-25 13:43:43 --> CodeIgniter\Database\Exceptions\DatabaseException: Unknown column 'anggota.nama_user' in 'field list'
[Method: GET, Route: peminjaman]
in SYSTEMPATH\Database\BaseConnection.php on line 684.
 1 SYSTEMPATH\Database\BaseBuilder.php(1649): CodeIgniter\Database\BaseConnection->query('SELECT `peminjaman`.*, `anggota`.`nama_user` as `nama_anggota`
FROM `peminjaman`
LEFT JOIN `anggota` ON `anggota`.`id` = `peminjaman`.`id_anggota`', [], false)
 2 APPPATH\Controllers\peminjaman.php(38): CodeIgniter\Database\BaseBuilder->get()
 3 SYSTEMPATH\CodeIgniter.php(933): App\Controllers\Peminjaman->index()
 4 SYSTEMPATH\CodeIgniter.php(507): CodeIgniter\CodeIgniter->runController(Object(App\Controllers\Peminjaman))
 5 SYSTEMPATH\CodeIgniter.php(354): CodeIgniter\CodeIgniter->handleRequest(null, Object(Config\Cache), false)
 6 SYSTEMPATH\Boot.php(363): CodeIgniter\CodeIgniter->run()
 7 SYSTEMPATH\Boot.php(68): CodeIgniter\Boot::runCodeIgniter(Object(CodeIgniter\CodeIgniter))
 8 FCPATH\index.php(59): CodeIgniter\Boot::bootWeb(Object(Config\Paths))
CRITICAL - 2026-04-25 13:43:43 --> [Caused by] CodeIgniter\Database\Exceptions\DatabaseException: Unknown column 'anggota.nama_user' in 'field list'
in SYSTEMPATH\Database\MySQLi\Connection.php on line 332.
 1 SYSTEMPATH\Database\BaseConnection.php(729): CodeIgniter\Database\MySQLi\Connection->execute('SELECT `peminjaman`.*, `anggota`.`nama_user` as `nama_anggota`
FROM `peminjaman`
LEFT JOIN `anggota` ON `anggota`.`id` = `peminjaman`.`id_anggota`')
 2 SYSTEMPATH\Database\BaseConnection.php(646): CodeIgniter\Database\BaseConnection->simpleQuery('SELECT `peminjaman`.*, `anggota`.`nama_user` as `nama_anggota`
FROM `peminjaman`
LEFT JOIN `anggota` ON `anggota`.`id` = `peminjaman`.`id_anggota`')
 3 SYSTEMPATH\Database\BaseBuilder.php(1649): CodeIgniter\Database\BaseConnection->query('SELECT `peminjaman`.*, `anggota`.`nama_user` as `nama_anggota`
FROM `peminjaman`
LEFT JOIN `anggota` ON `anggota`.`id` = `peminjaman`.`id_anggota`', [], false)
 4 APPPATH\Controllers\peminjaman.php(38): CodeIgniter\Database\BaseBuilder->get()
 5 SYSTEMPATH\CodeIgniter.php(933): App\Controllers\Peminjaman->index()
 6 SYSTEMPATH\CodeIgniter.php(507): CodeIgniter\CodeIgniter->runController(Object(App\Controllers\Peminjaman))
 7 SYSTEMPATH\CodeIgniter.php(354): CodeIgniter\CodeIgniter->handleRequest(null, Object(Config\Cache), false)
 8 SYSTEMPATH\Boot.php(363): CodeIgniter\CodeIgniter->run()
 9 SYSTEMPATH\Boot.php(68): CodeIgniter\Boot::runCodeIgniter(Object(CodeIgniter\CodeIgniter))
10 FCPATH\index.php(59): CodeIgniter\Boot::bootWeb(Object(Config\Paths))
CRITICAL - 2026-04-25 13:43:43 --> [Caused by] mysqli_sql_exception: Unknown column 'anggota.nama_user' in 'field list'
in SYSTEMPATH\Database\MySQLi\Connection.php on line 327.
 1 SYSTEMPATH\Database\MySQLi\Connection.php(327): mysqli->query('SELECT `peminjaman`.*, `anggota`.`nama_user` as `nama_anggota`
FROM `peminjaman`
LEFT JOIN `anggota` ON `anggota`.`id` = `peminjaman`.`id_anggota`', 0)
 2 SYSTEMPATH\Database\BaseConnection.php(729): CodeIgniter\Database\MySQLi\Connection->execute('SELECT `peminjaman`.*, `anggota`.`nama_user` as `nama_anggota`
FROM `peminjaman`
LEFT JOIN `anggota` ON `anggota`.`id` = `peminjaman`.`id_anggota`')
 3 SYSTEMPATH\Database\BaseConnection.php(646): CodeIgniter\Database\BaseConnection->simpleQuery('SELECT `peminjaman`.*, `anggota`.`nama_user` as `nama_anggota`
FROM `peminjaman`
LEFT JOIN `anggota` ON `anggota`.`id` = `peminjaman`.`id_anggota`')
 4 SYSTEMPATH\Database\BaseBuilder.php(1649): CodeIgniter\Database\BaseConnection->query('SELECT `peminjaman`.*, `anggota`.`nama_user` as `nama_anggota`
FROM `peminjaman`
LEFT JOIN `anggota` ON `anggota`.`id` = `peminjaman`.`id_anggota`', [], false)
 5 APPPATH\Controllers\peminjaman.php(38): CodeIgniter\Database\BaseBuilder->get()
 6 SYSTEMPATH\CodeIgniter.php(933): App\Controllers\Peminjaman->index()
 7 SYSTEMPATH\CodeIgniter.php(507): CodeIgniter\CodeIgniter->runController(Object(App\Controllers\Peminjaman))
 8 SYSTEMPATH\CodeIgniter.php(354): CodeIgniter\CodeIgniter->handleRequest(null, Object(Config\Cache), false)
 9 SYSTEMPATH\Boot.php(363): CodeIgniter\CodeIgniter->run()
10 SYSTEMPATH\Boot.php(68): CodeIgniter\Boot::runCodeIgniter(Object(CodeIgniter\CodeIgniter))
11 FCPATH\index.php(59): CodeIgniter\Boot::bootWeb(Object(Config\Paths))
ERROR - 2026-04-25 13:43:43 --> mysqli_sql_exception: Unknown column 'anggota.nama_user' in 'field list' in C:\xampp\htdocs\perpus\system\Database\MySQLi\Connection.php:327
Stack trace:
#0 C:\xampp\htdocs\perpus\system\Database\MySQLi\Connection.php(327): mysqli->query('SELECT `peminja...', 0)
#1 C:\xampp\htdocs\perpus\system\Database\BaseConnection.php(729): CodeIgniter\Database\MySQLi\Connection->execute('SELECT `peminja...')
#2 C:\xampp\htdocs\perpus\system\Database\BaseConnection.php(646): CodeIgniter\Database\BaseConnection->simpleQuery('SELECT `peminja...')
#3 C:\xampp\htdocs\perpus\system\Database\BaseBuilder.php(1649): CodeIgniter\Database\BaseConnection->query('SELECT `peminja...', Array, false)
#4 C:\xampp\htdocs\perpus\app\Controllers\peminjaman.php(38): CodeIgniter\Database\BaseBuilder->get()
#5 C:\xampp\htdocs\perpus\system\CodeIgniter.php(933): App\Controllers\Peminjaman->index()
#6 C:\xampp\htdocs\perpus\system\CodeIgniter.php(507): CodeIgniter\CodeIgniter->runController(Object(App\Controllers\Peminjaman))
#7 C:\xampp\htdocs\perpus\system\CodeIgniter.php(354): CodeIgniter\CodeIgniter->handleRequest(NULL, Object(Config\Cache), false)
#8 C:\xampp\htdocs\perpus\system\Boot.php(363): CodeIgniter\CodeIgniter->run()
#9 C:\xampp\htdocs\perpus\system\Boot.php(68): CodeIgniter\Boot::runCodeIgniter(Object(CodeIgniter\CodeIgniter))
#10 C:\xampp\htdocs\perpus\index.php(59): CodeIgniter\Boot::bootWeb(Object(Config\Paths))
#11 {main}
CRITICAL - 2026-04-25 13:43:43 --> CodeIgniter\Database\Exceptions\DatabaseException: Unknown column 'anggota.nama_user' in 'field list'
[Method: GET, Route: peminjaman]
in SYSTEMPATH\Database\BaseConnection.php on line 684.
 1 SYSTEMPATH\Database\BaseBuilder.php(1649): CodeIgniter\Database\BaseConnection->query('SELECT `peminjaman`.*, `anggota`.`nama_user` as `nama_anggota`
FROM `peminjaman`
LEFT JOIN `anggota` ON `anggota`.`id` = `peminjaman`.`id_anggota`', [], false)
 2 APPPATH\Controllers\peminjaman.php(38): CodeIgniter\Database\BaseBuilder->get()
 3 SYSTEMPATH\CodeIgniter.php(933): App\Controllers\Peminjaman->index()
 4 SYSTEMPATH\CodeIgniter.php(507): CodeIgniter\CodeIgniter->runController(Object(App\Controllers\Peminjaman))
 5 SYSTEMPATH\CodeIgniter.php(354): CodeIgniter\CodeIgniter->handleRequest(null, Object(Config\Cache), false)
 6 SYSTEMPATH\Boot.php(363): CodeIgniter\CodeIgniter->run()
 7 SYSTEMPATH\Boot.php(68): CodeIgniter\Boot::runCodeIgniter(Object(CodeIgniter\CodeIgniter))
 8 FCPATH\index.php(59): CodeIgniter\Boot::bootWeb(Object(Config\Paths))
CRITICAL - 2026-04-25 13:43:43 --> [Caused by] CodeIgniter\Database\Exceptions\DatabaseException: Unknown column 'anggota.nama_user' in 'field list'
in SYSTEMPATH\Database\MySQLi\Connection.php on line 332.
 1 SYSTEMPATH\Database\BaseConnection.php(729): CodeIgniter\Database\MySQLi\Connection->execute('SELECT `peminjaman`.*, `anggota`.`nama_user` as `nama_anggota`
FROM `peminjaman`
LEFT JOIN `anggota` ON `anggota`.`id` = `peminjaman`.`id_anggota`')
 2 SYSTEMPATH\Database\BaseConnection.php(646): CodeIgniter\Database\BaseConnection->simpleQuery('SELECT `peminjaman`.*, `anggota`.`nama_user` as `nama_anggota`
FROM `peminjaman`
LEFT JOIN `anggota` ON `anggota`.`id` = `peminjaman`.`id_anggota`')
 3 SYSTEMPATH\Database\BaseBuilder.php(1649): CodeIgniter\Database\BaseConnection->query('SELECT `peminjaman`.*, `anggota`.`nama_user` as `nama_anggota`
FROM `peminjaman`
LEFT JOIN `anggota` ON `anggota`.`id` = `peminjaman`.`id_anggota`', [], false)
 4 APPPATH\Controllers\peminjaman.php(38): CodeIgniter\Database\BaseBuilder->get()
 5 SYSTEMPATH\CodeIgniter.php(933): App\Controllers\Peminjaman->index()
 6 SYSTEMPATH\CodeIgniter.php(507): CodeIgniter\CodeIgniter->runController(Object(App\Controllers\Peminjaman))
 7 SYSTEMPATH\CodeIgniter.php(354): CodeIgniter\CodeIgniter->handleRequest(null, Object(Config\Cache), false)
 8 SYSTEMPATH\Boot.php(363): CodeIgniter\CodeIgniter->run()
 9 SYSTEMPATH\Boot.php(68): CodeIgniter\Boot::runCodeIgniter(Object(CodeIgniter\CodeIgniter))
10 FCPATH\index.php(59): CodeIgniter\Boot::bootWeb(Object(Config\Paths))
CRITICAL - 2026-04-25 13:43:43 --> [Caused by] mysqli_sql_exception: Unknown column 'anggota.nama_user' in 'field list'
in SYSTEMPATH\Database\MySQLi\Connection.php on line 327.
 1 SYSTEMPATH\Database\MySQLi\Connection.php(327): mysqli->query('SELECT `peminjaman`.*, `anggota`.`nama_user` as `nama_anggota`
FROM `peminjaman`
LEFT JOIN `anggota` ON `anggota`.`id` = `peminjaman`.`id_anggota`', 0)
 2 SYSTEMPATH\Database\BaseConnection.php(729): CodeIgniter\Database\MySQLi\Connection->execute('SELECT `peminjaman`.*, `anggota`.`nama_user` as `nama_anggota`
FROM `peminjaman`
LEFT JOIN `anggota` ON `anggota`.`id` = `peminjaman`.`id_anggota`')
 3 SYSTEMPATH\Database\BaseConnection.php(646): CodeIgniter\Database\BaseConnection->simpleQuery('SELECT `peminjaman`.*, `anggota`.`nama_user` as `nama_anggota`
FROM `peminjaman`
LEFT JOIN `anggota` ON `anggota`.`id` = `peminjaman`.`id_anggota`')
 4 SYSTEMPATH\Database\BaseBuilder.php(1649): CodeIgniter\Database\BaseConnection->query('SELECT `peminjaman`.*, `anggota`.`nama_user` as `nama_anggota`
FROM `peminjaman`
LEFT JOIN `anggota` ON `anggota`.`id` = `peminjaman`.`id_anggota`', [], false)
 5 APPPATH\Controllers\peminjaman.php(38): CodeIgniter\Database\BaseBuilder->get()
 6 SYSTEMPATH\CodeIgniter.php(933): App\Controllers\Peminjaman->index()
 7 SYSTEMPATH\CodeIgniter.php(507): CodeIgniter\CodeIgniter->runController(Object(App\Controllers\Peminjaman))
 8 SYSTEMPATH\CodeIgniter.php(354): CodeIgniter\CodeIgniter->handleRequest(null, Object(Config\Cache), false)
 9 SYSTEMPATH\Boot.php(363): CodeIgniter\CodeIgniter->run()
10 SYSTEMPATH\Boot.php(68): CodeIgniter\Boot::runCodeIgniter(Object(CodeIgniter\CodeIgniter))
11 FCPATH\index.php(59): CodeIgniter\Boot::bootWeb(Object(Config\Paths))
ERROR - 2026-04-25 13:44:30 --> mysqli_sql_exception: Unknown column 'anggota.nama_user' in 'field list' in C:\xampp\htdocs\perpus\system\Database\MySQLi\Connection.php:327
Stack trace:
#0 C:\xampp\htdocs\perpus\system\Database\MySQLi\Connection.php(327): mysqli->query('SELECT `peminja...', 0)
#1 C:\xampp\htdocs\perpus\system\Database\BaseConnection.php(729): CodeIgniter\Database\MySQLi\Connection->execute('SELECT `peminja...')
#2 C:\xampp\htdocs\perpus\system\Database\BaseConnection.php(646): CodeIgniter\Database\BaseConnection->simpleQuery('SELECT `peminja...')
#3 C:\xampp\htdocs\perpus\system\Database\BaseBuilder.php(1649): CodeIgniter\Database\BaseConnection->query('SELECT `peminja...', Array, false)
#4 C:\xampp\htdocs\perpus\app\Controllers\peminjaman.php(38): CodeIgniter\Database\BaseBuilder->get()
#5 C:\xampp\htdocs\perpus\system\CodeIgniter.php(933): App\Controllers\Peminjaman->index()
#6 C:\xampp\htdocs\perpus\system\CodeIgniter.php(507): CodeIgniter\CodeIgniter->runController(Object(App\Controllers\Peminjaman))
#7 C:\xampp\htdocs\perpus\system\CodeIgniter.php(354): CodeIgniter\CodeIgniter->handleRequest(NULL, Object(Config\Cache), false)
#8 C:\xampp\htdocs\perpus\system\Boot.php(363): CodeIgniter\CodeIgniter->run()
#9 C:\xampp\htdocs\perpus\system\Boot.php(68): CodeIgniter\Boot::runCodeIgniter(Object(CodeIgniter\CodeIgniter))
#10 C:\xampp\htdocs\perpus\index.php(59): CodeIgniter\Boot::bootWeb(Object(Config\Paths))
#11 {main}
CRITICAL - 2026-04-25 13:44:30 --> CodeIgniter\Database\Exceptions\DatabaseException: Unknown column 'anggota.nama_user' in 'field list'
[Method: GET, Route: peminjaman]
in SYSTEMPATH\Database\BaseConnection.php on line 684.
 1 SYSTEMPATH\Database\BaseBuilder.php(1649): CodeIgniter\Database\BaseConnection->query('SELECT `peminjaman`.*, `anggota`.`nama_user` as `nama_anggota`
FROM `peminjaman`
LEFT JOIN `anggota` ON `anggota`.`id` = `peminjaman`.`id_anggota`', [], false)
 2 APPPATH\Controllers\peminjaman.php(38): CodeIgniter\Database\BaseBuilder->get()
 3 SYSTEMPATH\CodeIgniter.php(933): App\Controllers\Peminjaman->index()
 4 SYSTEMPATH\CodeIgniter.php(507): CodeIgniter\CodeIgniter->runController(Object(App\Controllers\Peminjaman))
 5 SYSTEMPATH\CodeIgniter.php(354): CodeIgniter\CodeIgniter->handleRequest(null, Object(Config\Cache), false)
 6 SYSTEMPATH\Boot.php(363): CodeIgniter\CodeIgniter->run()
 7 SYSTEMPATH\Boot.php(68): CodeIgniter\Boot::runCodeIgniter(Object(CodeIgniter\CodeIgniter))
 8 FCPATH\index.php(59): CodeIgniter\Boot::bootWeb(Object(Config\Paths))
CRITICAL - 2026-04-25 13:44:30 --> [Caused by] CodeIgniter\Database\Exceptions\DatabaseException: Unknown column 'anggota.nama_user' in 'field list'
in SYSTEMPATH\Database\MySQLi\Connection.php on line 332.
 1 SYSTEMPATH\Database\BaseConnection.php(729): CodeIgniter\Database\MySQLi\Connection->execute('SELECT `peminjaman`.*, `anggota`.`nama_user` as `nama_anggota`
FROM `peminjaman`
LEFT JOIN `anggota` ON `anggota`.`id` = `peminjaman`.`id_anggota`')
 2 SYSTEMPATH\Database\BaseConnection.php(646): CodeIgniter\Database\BaseConnection->simpleQuery('SELECT `peminjaman`.*, `anggota`.`nama_user` as `nama_anggota`
FROM `peminjaman`
LEFT JOIN `anggota` ON `anggota`.`id` = `peminjaman`.`id_anggota`')
 3 SYSTEMPATH\Database\BaseBuilder.php(1649): CodeIgniter\Database\BaseConnection->query('SELECT `peminjaman`.*, `anggota`.`nama_user` as `nama_anggota`
FROM `peminjaman`
LEFT JOIN `anggota` ON `anggota`.`id` = `peminjaman`.`id_anggota`', [], false)
 4 APPPATH\Controllers\peminjaman.php(38): CodeIgniter\Database\BaseBuilder->get()
 5 SYSTEMPATH\CodeIgniter.php(933): App\Controllers\Peminjaman->index()
 6 SYSTEMPATH\CodeIgniter.php(507): CodeIgniter\CodeIgniter->runController(Object(App\Controllers\Peminjaman))
 7 SYSTEMPATH\CodeIgniter.php(354): CodeIgniter\CodeIgniter->handleRequest(null, Object(Config\Cache), false)
 8 SYSTEMPATH\Boot.php(363): CodeIgniter\CodeIgniter->run()
 9 SYSTEMPATH\Boot.php(68): CodeIgniter\Boot::runCodeIgniter(Object(CodeIgniter\CodeIgniter))
10 FCPATH\index.php(59): CodeIgniter\Boot::bootWeb(Object(Config\Paths))
CRITICAL - 2026-04-25 13:44:30 --> [Caused by] mysqli_sql_exception: Unknown column 'anggota.nama_user' in 'field list'
in SYSTEMPATH\Database\MySQLi\Connection.php on line 327.
 1 SYSTEMPATH\Database\MySQLi\Connection.php(327): mysqli->query('SELECT `peminjaman`.*, `anggota`.`nama_user` as `nama_anggota`
FROM `peminjaman`
LEFT JOIN `anggota` ON `anggota`.`id` = `peminjaman`.`id_anggota`', 0)
 2 SYSTEMPATH\Database\BaseConnection.php(729): CodeIgniter\Database\MySQLi\Connection->execute('SELECT `peminjaman`.*, `anggota`.`nama_user` as `nama_anggota`
FROM `peminjaman`
LEFT JOIN `anggota` ON `anggota`.`id` = `peminjaman`.`id_anggota`')
 3 SYSTEMPATH\Database\BaseConnection.php(646): CodeIgniter\Database\BaseConnection->simpleQuery('SELECT `peminjaman`.*, `anggota`.`nama_user` as `nama_anggota`
FROM `peminjaman`
LEFT JOIN `anggota` ON `anggota`.`id` = `peminjaman`.`id_anggota`')
 4 SYSTEMPATH\Database\BaseBuilder.php(1649): CodeIgniter\Database\BaseConnection->query('SELECT `peminjaman`.*, `anggota`.`nama_user` as `nama_anggota`
FROM `peminjaman`
LEFT JOIN `anggota` ON `anggota`.`id` = `peminjaman`.`id_anggota`', [], false)
 5 APPPATH\Controllers\peminjaman.php(38): CodeIgniter\Database\BaseBuilder->get()
 6 SYSTEMPATH\CodeIgniter.php(933): App\Controllers\Peminjaman->index()
 7 SYSTEMPATH\CodeIgniter.php(507): CodeIgniter\CodeIgniter->runController(Object(App\Controllers\Peminjaman))
 8 SYSTEMPATH\CodeIgniter.php(354): CodeIgniter\CodeIgniter->handleRequest(null, Object(Config\Cache), false)
 9 SYSTEMPATH\Boot.php(363): CodeIgniter\CodeIgniter->run()
10 SYSTEMPATH\Boot.php(68): CodeIgniter\Boot::runCodeIgniter(Object(CodeIgniter\CodeIgniter))
11 FCPATH\index.php(59): CodeIgniter\Boot::bootWeb(Object(Config\Paths))
ERROR - 2026-04-25 13:44:31 --> mysqli_sql_exception: Unknown column 'anggota.nama_user' in 'field list' in C:\xampp\htdocs\perpus\system\Database\MySQLi\Connection.php:327
Stack trace:
#0 C:\xampp\htdocs\perpus\system\Database\MySQLi\Connection.php(327): mysqli->query('SELECT `peminja...', 0)
#1 C:\xampp\htdocs\perpus\system\Database\BaseConnection.php(729): CodeIgniter\Database\MySQLi\Connection->execute('SELECT `peminja...')
#2 C:\xampp\htdocs\perpus\system\Database\BaseConnection.php(646): CodeIgniter\Database\BaseConnection->simpleQuery('SELECT `peminja...')
#3 C:\xampp\htdocs\perpus\system\Database\BaseBuilder.php(1649): CodeIgniter\Database\BaseConnection->query('SELECT `peminja...', Array, false)
#4 C:\xampp\htdocs\perpus\app\Controllers\peminjaman.php(38): CodeIgniter\Database\BaseBuilder->get()
#5 C:\xampp\htdocs\perpus\system\CodeIgniter.php(933): App\Controllers\Peminjaman->index()
#6 C:\xampp\htdocs\perpus\system\CodeIgniter.php(507): CodeIgniter\CodeIgniter->runController(Object(App\Controllers\Peminjaman))
#7 C:\xampp\htdocs\perpus\system\CodeIgniter.php(354): CodeIgniter\CodeIgniter->handleRequest(NULL, Object(Config\Cache), false)
#8 C:\xampp\htdocs\perpus\system\Boot.php(363): CodeIgniter\CodeIgniter->run()
#9 C:\xampp\htdocs\perpus\system\Boot.php(68): CodeIgniter\Boot::runCodeIgniter(Object(CodeIgniter\CodeIgniter))
#10 C:\xampp\htdocs\perpus\index.php(59): CodeIgniter\Boot::bootWeb(Object(Config\Paths))
#11 {main}
CRITICAL - 2026-04-25 13:44:31 --> CodeIgniter\Database\Exceptions\DatabaseException: Unknown column 'anggota.nama_user' in 'field list'
[Method: GET, Route: peminjaman]
in SYSTEMPATH\Database\BaseConnection.php on line 684.
 1 SYSTEMPATH\Database\BaseBuilder.php(1649): CodeIgniter\Database\BaseConnection->query('SELECT `peminjaman`.*, `anggota`.`nama_user` as `nama_anggota`
FROM `peminjaman`
LEFT JOIN `anggota` ON `anggota`.`id` = `peminjaman`.`id_anggota`', [], false)
 2 APPPATH\Controllers\peminjaman.php(38): CodeIgniter\Database\BaseBuilder->get()
 3 SYSTEMPATH\CodeIgniter.php(933): App\Controllers\Peminjaman->index()
 4 SYSTEMPATH\CodeIgniter.php(507): CodeIgniter\CodeIgniter->runController(Object(App\Controllers\Peminjaman))
 5 SYSTEMPATH\CodeIgniter.php(354): CodeIgniter\CodeIgniter->handleRequest(null, Object(Config\Cache), false)
 6 SYSTEMPATH\Boot.php(363): CodeIgniter\CodeIgniter->run()
 7 SYSTEMPATH\Boot.php(68): CodeIgniter\Boot::runCodeIgniter(Object(CodeIgniter\CodeIgniter))
 8 FCPATH\index.php(59): CodeIgniter\Boot::bootWeb(Object(Config\Paths))
CRITICAL - 2026-04-25 13:44:31 --> [Caused by] CodeIgniter\Database\Exceptions\DatabaseException: Unknown column 'anggota.nama_user' in 'field list'
in SYSTEMPATH\Database\MySQLi\Connection.php on line 332.
 1 SYSTEMPATH\Database\BaseConnection.php(729): CodeIgniter\Database\MySQLi\Connection->execute('SELECT `peminjaman`.*, `anggota`.`nama_user` as `nama_anggota`
FROM `peminjaman`
LEFT JOIN `anggota` ON `anggota`.`id` = `peminjaman`.`id_anggota`')
 2 SYSTEMPATH\Database\BaseConnection.php(646): CodeIgniter\Database\BaseConnection->simpleQuery('SELECT `peminjaman`.*, `anggota`.`nama_user` as `nama_anggota`
FROM `peminjaman`
LEFT JOIN `anggota` ON `anggota`.`id` = `peminjaman`.`id_anggota`')
 3 SYSTEMPATH\Database\BaseBuilder.php(1649): CodeIgniter\Database\BaseConnection->query('SELECT `peminjaman`.*, `anggota`.`nama_user` as `nama_anggota`
FROM `peminjaman`
LEFT JOIN `anggota` ON `anggota`.`id` = `peminjaman`.`id_anggota`', [], false)
 4 APPPATH\Controllers\peminjaman.php(38): CodeIgniter\Database\BaseBuilder->get()
 5 SYSTEMPATH\CodeIgniter.php(933): App\Controllers\Peminjaman->index()
 6 SYSTEMPATH\CodeIgniter.php(507): CodeIgniter\CodeIgniter->runController(Object(App\Controllers\Peminjaman))
 7 SYSTEMPATH\CodeIgniter.php(354): CodeIgniter\CodeIgniter->handleRequest(null, Object(Config\Cache), false)
 8 SYSTEMPATH\Boot.php(363): CodeIgniter\CodeIgniter->run()
 9 SYSTEMPATH\Boot.php(68): CodeIgniter\Boot::runCodeIgniter(Object(CodeIgniter\CodeIgniter))
10 FCPATH\index.php(59): CodeIgniter\Boot::bootWeb(Object(Config\Paths))
CRITICAL - 2026-04-25 13:44:31 --> [Caused by] mysqli_sql_exception: Unknown column 'anggota.nama_user' in 'field list'
in SYSTEMPATH\Database\MySQLi\Connection.php on line 327.
 1 SYSTEMPATH\Database\MySQLi\Connection.php(327): mysqli->query('SELECT `peminjaman`.*, `anggota`.`nama_user` as `nama_anggota`
FROM `peminjaman`
LEFT JOIN `anggota` ON `anggota`.`id` = `peminjaman`.`id_anggota`', 0)
 2 SYSTEMPATH\Database\BaseConnection.php(729): CodeIgniter\Database\MySQLi\Connection->execute('SELECT `peminjaman`.*, `anggota`.`nama_user` as `nama_anggota`
FROM `peminjaman`
LEFT JOIN `anggota` ON `anggota`.`id` = `peminjaman`.`id_anggota`')
 3 SYSTEMPATH\Database\BaseConnection.php(646): CodeIgniter\Database\BaseConnection->simpleQuery('SELECT `peminjaman`.*, `anggota`.`nama_user` as `nama_anggota`
FROM `peminjaman`
LEFT JOIN `anggota` ON `anggota`.`id` = `peminjaman`.`id_anggota`')
 4 SYSTEMPATH\Database\BaseBuilder.php(1649): CodeIgniter\Database\BaseConnection->query('SELECT `peminjaman`.*, `anggota`.`nama_user` as `nama_anggota`
FROM `peminjaman`
LEFT JOIN `anggota` ON `anggota`.`id` = `peminjaman`.`id_anggota`', [], false)
 5 APPPATH\Controllers\peminjaman.php(38): CodeIgniter\Database\BaseBuilder->get()
 6 SYSTEMPATH\CodeIgniter.php(933): App\Controllers\Peminjaman->index()
 7 SYSTEMPATH\CodeIgniter.php(507): CodeIgniter\CodeIgniter->runController(Object(App\Controllers\Peminjaman))
 8 SYSTEMPATH\CodeIgniter.php(354): CodeIgniter\CodeIgniter->handleRequest(null, Object(Config\Cache), false)
 9 SYSTEMPATH\Boot.php(363): CodeIgniter\CodeIgniter->run()
10 SYSTEMPATH\Boot.php(68): CodeIgniter\Boot::runCodeIgniter(Object(CodeIgniter\CodeIgniter))
11 FCPATH\index.php(59): CodeIgniter\Boot::bootWeb(Object(Config\Paths))
ERROR - 2026-04-25 13:44:31 --> mysqli_sql_exception: Unknown column 'anggota.nama_user' in 'field list' in C:\xampp\htdocs\perpus\system\Database\MySQLi\Connection.php:327
Stack trace:
#0 C:\xampp\htdocs\perpus\system\Database\MySQLi\Connection.php(327): mysqli->query('SELECT `peminja...', 0)
#1 C:\xampp\htdocs\perpus\system\Database\BaseConnection.php(729): CodeIgniter\Database\MySQLi\Connection->execute('SELECT `peminja...')
#2 C:\xampp\htdocs\perpus\system\Database\BaseConnection.php(646): CodeIgniter\Database\BaseConnection->simpleQuery('SELECT `peminja...')
#3 C:\xampp\htdocs\perpus\system\Database\BaseBuilder.php(1649): CodeIgniter\Database\BaseConnection->query('SELECT `peminja...', Array, false)
#4 C:\xampp\htdocs\perpus\app\Controllers\peminjaman.php(38): CodeIgniter\Database\BaseBuilder->get()
#5 C:\xampp\htdocs\perpus\system\CodeIgniter.php(933): App\Controllers\Peminjaman->index()
#6 C:\xampp\htdocs\perpus\system\CodeIgniter.php(507): CodeIgniter\CodeIgniter->runController(Object(App\Controllers\Peminjaman))
#7 C:\xampp\htdocs\perpus\system\CodeIgniter.php(354): CodeIgniter\CodeIgniter->handleRequest(NULL, Object(Config\Cache), false)
#8 C:\xampp\htdocs\perpus\system\Boot.php(363): CodeIgniter\CodeIgniter->run()
#9 C:\xampp\htdocs\perpus\system\Boot.php(68): CodeIgniter\Boot::runCodeIgniter(Object(CodeIgniter\CodeIgniter))
#10 C:\xampp\htdocs\perpus\index.php(59): CodeIgniter\Boot::bootWeb(Object(Config\Paths))
#11 {main}
CRITICAL - 2026-04-25 13:44:31 --> CodeIgniter\Database\Exceptions\DatabaseException: Unknown column 'anggota.nama_user' in 'field list'
[Method: GET, Route: peminjaman]
in SYSTEMPATH\Database\BaseConnection.php on line 684.
 1 SYSTEMPATH\Database\BaseBuilder.php(1649): CodeIgniter\Database\BaseConnection->query('SELECT `peminjaman`.*, `anggota`.`nama_user` as `nama_anggota`
FROM `peminjaman`
LEFT JOIN `anggota` ON `anggota`.`id` = `peminjaman`.`id_anggota`', [], false)
 2 APPPATH\Controllers\peminjaman.php(38): CodeIgniter\Database\BaseBuilder->get()
 3 SYSTEMPATH\CodeIgniter.php(933): App\Controllers\Peminjaman->index()
 4 SYSTEMPATH\CodeIgniter.php(507): CodeIgniter\CodeIgniter->runController(Object(App\Controllers\Peminjaman))
 5 SYSTEMPATH\CodeIgniter.php(354): CodeIgniter\CodeIgniter->handleRequest(null, Object(Config\Cache), false)
 6 SYSTEMPATH\Boot.php(363): CodeIgniter\CodeIgniter->run()
 7 SYSTEMPATH\Boot.php(68): CodeIgniter\Boot::runCodeIgniter(Object(CodeIgniter\CodeIgniter))
 8 FCPATH\index.php(59): CodeIgniter\Boot::bootWeb(Object(Config\Paths))
CRITICAL - 2026-04-25 13:44:31 --> [Caused by] CodeIgniter\Database\Exceptions\DatabaseException: Unknown column 'anggota.nama_user' in 'field list'
in SYSTEMPATH\Database\MySQLi\Connection.php on line 332.
 1 SYSTEMPATH\Database\BaseConnection.php(729): CodeIgniter\Database\MySQLi\Connection->execute('SELECT `peminjaman`.*, `anggota`.`nama_user` as `nama_anggota`
FROM `peminjaman`
LEFT JOIN `anggota` ON `anggota`.`id` = `peminjaman`.`id_anggota`')
 2 SYSTEMPATH\Database\BaseConnection.php(646): CodeIgniter\Database\BaseConnection->simpleQuery('SELECT `peminjaman`.*, `anggota`.`nama_user` as `nama_anggota`
FROM `peminjaman`
LEFT JOIN `anggota` ON `anggota`.`id` = `peminjaman`.`id_anggota`')
 3 SYSTEMPATH\Database\BaseBuilder.php(1649): CodeIgniter\Database\BaseConnection->query('SELECT `peminjaman`.*, `anggota`.`nama_user` as `nama_anggota`
FROM `peminjaman`
LEFT JOIN `anggota` ON `anggota`.`id` = `peminjaman`.`id_anggota`', [], false)
 4 APPPATH\Controllers\peminjaman.php(38): CodeIgniter\Database\BaseBuilder->get()
 5 SYSTEMPATH\CodeIgniter.php(933): App\Controllers\Peminjaman->index()
 6 SYSTEMPATH\CodeIgniter.php(507): CodeIgniter\CodeIgniter->runController(Object(App\Controllers\Peminjaman))
 7 SYSTEMPATH\CodeIgniter.php(354): CodeIgniter\CodeIgniter->handleRequest(null, Object(Config\Cache), false)
 8 SYSTEMPATH\Boot.php(363): CodeIgniter\CodeIgniter->run()
 9 SYSTEMPATH\Boot.php(68): CodeIgniter\Boot::runCodeIgniter(Object(CodeIgniter\CodeIgniter))
10 FCPATH\index.php(59): CodeIgniter\Boot::bootWeb(Object(Config\Paths))
CRITICAL - 2026-04-25 13:44:31 --> [Caused by] mysqli_sql_exception: Unknown column 'anggota.nama_user' in 'field list'
in SYSTEMPATH\Database\MySQLi\Connection.php on line 327.
 1 SYSTEMPATH\Database\MySQLi\Connection.php(327): mysqli->query('SELECT `peminjaman`.*, `anggota`.`nama_user` as `nama_anggota`
FROM `peminjaman`
LEFT JOIN `anggota` ON `anggota`.`id` = `peminjaman`.`id_anggota`', 0)
 2 SYSTEMPATH\Database\BaseConnection.php(729): CodeIgniter\Database\MySQLi\Connection->execute('SELECT `peminjaman`.*, `anggota`.`nama_user` as `nama_anggota`
FROM `peminjaman`
LEFT JOIN `anggota` ON `anggota`.`id` = `peminjaman`.`id_anggota`')
 3 SYSTEMPATH\Database\BaseConnection.php(646): CodeIgniter\Database\BaseConnection->simpleQuery('SELECT `peminjaman`.*, `anggota`.`nama_user` as `nama_anggota`
FROM `peminjaman`
LEFT JOIN `anggota` ON `anggota`.`id` = `peminjaman`.`id_anggota`')
 4 SYSTEMPATH\Database\BaseBuilder.php(1649): CodeIgniter\Database\BaseConnection->query('SELECT `peminjaman`.*, `anggota`.`nama_user` as `nama_anggota`
FROM `peminjaman`
LEFT JOIN `anggota` ON `anggota`.`id` = `peminjaman`.`id_anggota`', [], false)
 5 APPPATH\Controllers\peminjaman.php(38): CodeIgniter\Database\BaseBuilder->get()
 6 SYSTEMPATH\CodeIgniter.php(933): App\Controllers\Peminjaman->index()
 7 SYSTEMPATH\CodeIgniter.php(507): CodeIgniter\CodeIgniter->runController(Object(App\Controllers\Peminjaman))
 8 SYSTEMPATH\CodeIgniter.php(354): CodeIgniter\CodeIgniter->handleRequest(null, Object(Config\Cache), false)
 9 SYSTEMPATH\Boot.php(363): CodeIgniter\CodeIgniter->run()
10 SYSTEMPATH\Boot.php(68): CodeIgniter\Boot::runCodeIgniter(Object(CodeIgniter\CodeIgniter))
11 FCPATH\index.php(59): CodeIgniter\Boot::bootWeb(Object(Config\Paths))
ERROR - 2026-04-25 13:44:31 --> mysqli_sql_exception: Unknown column 'anggota.nama_user' in 'field list' in C:\xampp\htdocs\perpus\system\Database\MySQLi\Connection.php:327
Stack trace:
#0 C:\xampp\htdocs\perpus\system\Database\MySQLi\Connection.php(327): mysqli->query('SELECT `peminja...', 0)
#1 C:\xampp\htdocs\perpus\system\Database\BaseConnection.php(729): CodeIgniter\Database\MySQLi\Connection->execute('SELECT `peminja...')
#2 C:\xampp\htdocs\perpus\system\Database\BaseConnection.php(646): CodeIgniter\Database\BaseConnection->simpleQuery('SELECT `peminja...')
#3 C:\xampp\htdocs\perpus\system\Database\BaseBuilder.php(1649): CodeIgniter\Database\BaseConnection->query('SELECT `peminja...', Array, false)
#4 C:\xampp\htdocs\perpus\app\Controllers\peminjaman.php(38): CodeIgniter\Database\BaseBuilder->get()
#5 C:\xampp\htdocs\perpus\system\CodeIgniter.php(933): App\Controllers\Peminjaman->index()
#6 C:\xampp\htdocs\perpus\system\CodeIgniter.php(507): CodeIgniter\CodeIgniter->runController(Object(App\Controllers\Peminjaman))
#7 C:\xampp\htdocs\perpus\system\CodeIgniter.php(354): CodeIgniter\CodeIgniter->handleRequest(NULL, Object(Config\Cache), false)
#8 C:\xampp\htdocs\perpus\system\Boot.php(363): CodeIgniter\CodeIgniter->run()
#9 C:\xampp\htdocs\perpus\system\Boot.php(68): CodeIgniter\Boot::runCodeIgniter(Object(CodeIgniter\CodeIgniter))
#10 C:\xampp\htdocs\perpus\index.php(59): CodeIgniter\Boot::bootWeb(Object(Config\Paths))
#11 {main}
CRITICAL - 2026-04-25 13:44:31 --> CodeIgniter\Database\Exceptions\DatabaseException: Unknown column 'anggota.nama_user' in 'field list'
[Method: GET, Route: peminjaman]
in SYSTEMPATH\Database\BaseConnection.php on line 684.
 1 SYSTEMPATH\Database\BaseBuilder.php(1649): CodeIgniter\Database\BaseConnection->query('SELECT `peminjaman`.*, `anggota`.`nama_user` as `nama_anggota`
FROM `peminjaman`
LEFT JOIN `anggota` ON `anggota`.`id` = `peminjaman`.`id_anggota`', [], false)
 2 APPPATH\Controllers\peminjaman.php(38): CodeIgniter\Database\BaseBuilder->get()
 3 SYSTEMPATH\CodeIgniter.php(933): App\Controllers\Peminjaman->index()
 4 SYSTEMPATH\CodeIgniter.php(507): CodeIgniter\CodeIgniter->runController(Object(App\Controllers\Peminjaman))
 5 SYSTEMPATH\CodeIgniter.php(354): CodeIgniter\CodeIgniter->handleRequest(null, Object(Config\Cache), false)
 6 SYSTEMPATH\Boot.php(363): CodeIgniter\CodeIgniter->run()
 7 SYSTEMPATH\Boot.php(68): CodeIgniter\Boot::runCodeIgniter(Object(CodeIgniter\CodeIgniter))
 8 FCPATH\index.php(59): CodeIgniter\Boot::bootWeb(Object(Config\Paths))
CRITICAL - 2026-04-25 13:44:31 --> [Caused by] CodeIgniter\Database\Exceptions\DatabaseException: Unknown column 'anggota.nama_user' in 'field list'
in SYSTEMPATH\Database\MySQLi\Connection.php on line 332.
 1 SYSTEMPATH\Database\BaseConnection.php(729): CodeIgniter\Database\MySQLi\Connection->execute('SELECT `peminjaman`.*, `anggota`.`nama_user` as `nama_anggota`
FROM `peminjaman`
LEFT JOIN `anggota` ON `anggota`.`id` = `peminjaman`.`id_anggota`')
 2 SYSTEMPATH\Database\BaseConnection.php(646): CodeIgniter\Database\BaseConnection->simpleQuery('SELECT `peminjaman`.*, `anggota`.`nama_user` as `nama_anggota`
FROM `peminjaman`
LEFT JOIN `anggota` ON `anggota`.`id` = `peminjaman`.`id_anggota`')
 3 SYSTEMPATH\Database\BaseBuilder.php(1649): CodeIgniter\Database\BaseConnection->query('SELECT `peminjaman`.*, `anggota`.`nama_user` as `nama_anggota`
FROM `peminjaman`
LEFT JOIN `anggota` ON `anggota`.`id` = `peminjaman`.`id_anggota`', [], false)
 4 APPPATH\Controllers\peminjaman.php(38): CodeIgniter\Database\BaseBuilder->get()
 5 SYSTEMPATH\CodeIgniter.php(933): App\Controllers\Peminjaman->index()
 6 SYSTEMPATH\CodeIgniter.php(507): CodeIgniter\CodeIgniter->runController(Object(App\Controllers\Peminjaman))
 7 SYSTEMPATH\CodeIgniter.php(354): CodeIgniter\CodeIgniter->handleRequest(null, Object(Config\Cache), false)
 8 SYSTEMPATH\Boot.php(363): CodeIgniter\CodeIgniter->run()
 9 SYSTEMPATH\Boot.php(68): CodeIgniter\Boot::runCodeIgniter(Object(CodeIgniter\CodeIgniter))
10 FCPATH\index.php(59): CodeIgniter\Boot::bootWeb(Object(Config\Paths))
CRITICAL - 2026-04-25 13:44:31 --> [Caused by] mysqli_sql_exception: Unknown column 'anggota.nama_user' in 'field list'
in SYSTEMPATH\Database\MySQLi\Connection.php on line 327.
 1 SYSTEMPATH\Database\MySQLi\Connection.php(327): mysqli->query('SELECT `peminjaman`.*, `anggota`.`nama_user` as `nama_anggota`
FROM `peminjaman`
LEFT JOIN `anggota` ON `anggota`.`id` = `peminjaman`.`id_anggota`', 0)
 2 SYSTEMPATH\Database\BaseConnection.php(729): CodeIgniter\Database\MySQLi\Connection->execute('SELECT `peminjaman`.*, `anggota`.`nama_user` as `nama_anggota`
FROM `peminjaman`
LEFT JOIN `anggota` ON `anggota`.`id` = `peminjaman`.`id_anggota`')
 3 SYSTEMPATH\Database\BaseConnection.php(646): CodeIgniter\Database\BaseConnection->simpleQuery('SELECT `peminjaman`.*, `anggota`.`nama_user` as `nama_anggota`
FROM `peminjaman`
LEFT JOIN `anggota` ON `anggota`.`id` = `peminjaman`.`id_anggota`')
 4 SYSTEMPATH\Database\BaseBuilder.php(1649): CodeIgniter\Database\BaseConnection->query('SELECT `peminjaman`.*, `anggota`.`nama_user` as `nama_anggota`
FROM `peminjaman`
LEFT JOIN `anggota` ON `anggota`.`id` = `peminjaman`.`id_anggota`', [], false)
 5 APPPATH\Controllers\peminjaman.php(38): CodeIgniter\Database\BaseBuilder->get()
 6 SYSTEMPATH\CodeIgniter.php(933): App\Controllers\Peminjaman->index()
 7 SYSTEMPATH\CodeIgniter.php(507): CodeIgniter\CodeIgniter->runController(Object(App\Controllers\Peminjaman))
 8 SYSTEMPATH\CodeIgniter.php(354): CodeIgniter\CodeIgniter->handleRequest(null, Object(Config\Cache), false)
 9 SYSTEMPATH\Boot.php(363): CodeIgniter\CodeIgniter->run()
10 SYSTEMPATH\Boot.php(68): CodeIgniter\Boot::runCodeIgniter(Object(CodeIgniter\CodeIgniter))
11 FCPATH\index.php(59): CodeIgniter\Boot::bootWeb(Object(Config\Paths))
ERROR - 2026-04-25 13:44:32 --> mysqli_sql_exception: Unknown column 'anggota.nama_user' in 'field list' in C:\xampp\htdocs\perpus\system\Database\MySQLi\Connection.php:327
Stack trace:
#0 C:\xampp\htdocs\perpus\system\Database\MySQLi\Connection.php(327): mysqli->query('SELECT `peminja...', 0)
#1 C:\xampp\htdocs\perpus\system\Database\BaseConnection.php(729): CodeIgniter\Database\MySQLi\Connection->execute('SELECT `peminja...')
#2 C:\xampp\htdocs\perpus\system\Database\BaseConnection.php(646): CodeIgniter\Database\BaseConnection->simpleQuery('SELECT `peminja...')
#3 C:\xampp\htdocs\perpus\system\Database\BaseBuilder.php(1649): CodeIgniter\Database\BaseConnection->query('SELECT `peminja...', Array, false)
#4 C:\xampp\htdocs\perpus\app\Controllers\peminjaman.php(38): CodeIgniter\Database\BaseBuilder->get()
#5 C:\xampp\htdocs\perpus\system\CodeIgniter.php(933): App\Controllers\Peminjaman->index()
#6 C:\xampp\htdocs\perpus\system\CodeIgniter.php(507): CodeIgniter\CodeIgniter->runController(Object(App\Controllers\Peminjaman))
#7 C:\xampp\htdocs\perpus\system\CodeIgniter.php(354): CodeIgniter\CodeIgniter->handleRequest(NULL, Object(Config\Cache), false)
#8 C:\xampp\htdocs\perpus\system\Boot.php(363): CodeIgniter\CodeIgniter->run()
#9 C:\xampp\htdocs\perpus\system\Boot.php(68): CodeIgniter\Boot::runCodeIgniter(Object(CodeIgniter\CodeIgniter))
#10 C:\xampp\htdocs\perpus\index.php(59): CodeIgniter\Boot::bootWeb(Object(Config\Paths))
#11 {main}
CRITICAL - 2026-04-25 13:44:32 --> CodeIgniter\Database\Exceptions\DatabaseException: Unknown column 'anggota.nama_user' in 'field list'
[Method: GET, Route: peminjaman]
in SYSTEMPATH\Database\BaseConnection.php on line 684.
 1 SYSTEMPATH\Database\BaseBuilder.php(1649): CodeIgniter\Database\BaseConnection->query('SELECT `peminjaman`.*, `anggota`.`nama_user` as `nama_anggota`
FROM `peminjaman`
LEFT JOIN `anggota` ON `anggota`.`id` = `peminjaman`.`id_anggota`', [], false)
 2 APPPATH\Controllers\peminjaman.php(38): CodeIgniter\Database\BaseBuilder->get()
 3 SYSTEMPATH\CodeIgniter.php(933): App\Controllers\Peminjaman->index()
 4 SYSTEMPATH\CodeIgniter.php(507): CodeIgniter\CodeIgniter->runController(Object(App\Controllers\Peminjaman))
 5 SYSTEMPATH\CodeIgniter.php(354): CodeIgniter\CodeIgniter->handleRequest(null, Object(Config\Cache), false)
 6 SYSTEMPATH\Boot.php(363): CodeIgniter\CodeIgniter->run()
 7 SYSTEMPATH\Boot.php(68): CodeIgniter\Boot::runCodeIgniter(Object(CodeIgniter\CodeIgniter))
 8 FCPATH\index.php(59): CodeIgniter\Boot::bootWeb(Object(Config\Paths))
CRITICAL - 2026-04-25 13:44:32 --> [Caused by] CodeIgniter\Database\Exceptions\DatabaseException: Unknown column 'anggota.nama_user' in 'field list'
in SYSTEMPATH\Database\MySQLi\Connection.php on line 332.
 1 SYSTEMPATH\Database\BaseConnection.php(729): CodeIgniter\Database\MySQLi\Connection->execute('SELECT `peminjaman`.*, `anggota`.`nama_user` as `nama_anggota`
FROM `peminjaman`
LEFT JOIN `anggota` ON `anggota`.`id` = `peminjaman`.`id_anggota`')
 2 SYSTEMPATH\Database\BaseConnection.php(646): CodeIgniter\Database\BaseConnection->simpleQuery('SELECT `peminjaman`.*, `anggota`.`nama_user` as `nama_anggota`
FROM `peminjaman`
LEFT JOIN `anggota` ON `anggota`.`id` = `peminjaman`.`id_anggota`')
 3 SYSTEMPATH\Database\BaseBuilder.php(1649): CodeIgniter\Database\BaseConnection->query('SELECT `peminjaman`.*, `anggota`.`nama_user` as `nama_anggota`
FROM `peminjaman`
LEFT JOIN `anggota` ON `anggota`.`id` = `peminjaman`.`id_anggota`', [], false)
 4 APPPATH\Controllers\peminjaman.php(38): CodeIgniter\Database\BaseBuilder->get()
 5 SYSTEMPATH\CodeIgniter.php(933): App\Controllers\Peminjaman->index()
 6 SYSTEMPATH\CodeIgniter.php(507): CodeIgniter\CodeIgniter->runController(Object(App\Controllers\Peminjaman))
 7 SYSTEMPATH\CodeIgniter.php(354): CodeIgniter\CodeIgniter->handleRequest(null, Object(Config\Cache), false)
 8 SYSTEMPATH\Boot.php(363): CodeIgniter\CodeIgniter->run()
 9 SYSTEMPATH\Boot.php(68): CodeIgniter\Boot::runCodeIgniter(Object(CodeIgniter\CodeIgniter))
10 FCPATH\index.php(59): CodeIgniter\Boot::bootWeb(Object(Config\Paths))
CRITICAL - 2026-04-25 13:44:32 --> [Caused by] mysqli_sql_exception: Unknown column 'anggota.nama_user' in 'field list'
in SYSTEMPATH\Database\MySQLi\Connection.php on line 327.
 1 SYSTEMPATH\Database\MySQLi\Connection.php(327): mysqli->query('SELECT `peminjaman`.*, `anggota`.`nama_user` as `nama_anggota`
FROM `peminjaman`
LEFT JOIN `anggota` ON `anggota`.`id` = `peminjaman`.`id_anggota`', 0)
 2 SYSTEMPATH\Database\BaseConnection.php(729): CodeIgniter\Database\MySQLi\Connection->execute('SELECT `peminjaman`.*, `anggota`.`nama_user` as `nama_anggota`
FROM `peminjaman`
LEFT JOIN `anggota` ON `anggota`.`id` = `peminjaman`.`id_anggota`')
 3 SYSTEMPATH\Database\BaseConnection.php(646): CodeIgniter\Database\BaseConnection->simpleQuery('SELECT `peminjaman`.*, `anggota`.`nama_user` as `nama_anggota`
FROM `peminjaman`
LEFT JOIN `anggota` ON `anggota`.`id` = `peminjaman`.`id_anggota`')
 4 SYSTEMPATH\Database\BaseBuilder.php(1649): CodeIgniter\Database\BaseConnection->query('SELECT `peminjaman`.*, `anggota`.`nama_user` as `nama_anggota`
FROM `peminjaman`
LEFT JOIN `anggota` ON `anggota`.`id` = `peminjaman`.`id_anggota`', [], false)
 5 APPPATH\Controllers\peminjaman.php(38): CodeIgniter\Database\BaseBuilder->get()
 6 SYSTEMPATH\CodeIgniter.php(933): App\Controllers\Peminjaman->index()
 7 SYSTEMPATH\CodeIgniter.php(507): CodeIgniter\CodeIgniter->runController(Object(App\Controllers\Peminjaman))
 8 SYSTEMPATH\CodeIgniter.php(354): CodeIgniter\CodeIgniter->handleRequest(null, Object(Config\Cache), false)
 9 SYSTEMPATH\Boot.php(363): CodeIgniter\CodeIgniter->run()
10 SYSTEMPATH\Boot.php(68): CodeIgniter\Boot::runCodeIgniter(Object(CodeIgniter\CodeIgniter))
11 FCPATH\index.php(59): CodeIgniter\Boot::bootWeb(Object(Config\Paths))
ERROR - 2026-04-25 13:44:32 --> mysqli_sql_exception: Unknown column 'anggota.nama_user' in 'field list' in C:\xampp\htdocs\perpus\system\Database\MySQLi\Connection.php:327
Stack trace:
#0 C:\xampp\htdocs\perpus\system\Database\MySQLi\Connection.php(327): mysqli->query('SELECT `peminja...', 0)
#1 C:\xampp\htdocs\perpus\system\Database\BaseConnection.php(729): CodeIgniter\Database\MySQLi\Connection->execute('SELECT `peminja...')
#2 C:\xampp\htdocs\perpus\system\Database\BaseConnection.php(646): CodeIgniter\Database\BaseConnection->simpleQuery('SELECT `peminja...')
#3 C:\xampp\htdocs\perpus\system\Database\BaseBuilder.php(1649): CodeIgniter\Database\BaseConnection->query('SELECT `peminja...', Array, false)
#4 C:\xampp\htdocs\perpus\app\Controllers\peminjaman.php(38): CodeIgniter\Database\BaseBuilder->get()
#5 C:\xampp\htdocs\perpus\system\CodeIgniter.php(933): App\Controllers\Peminjaman->index()
#6 C:\xampp\htdocs\perpus\system\CodeIgniter.php(507): CodeIgniter\CodeIgniter->runController(Object(App\Controllers\Peminjaman))
#7 C:\xampp\htdocs\perpus\system\CodeIgniter.php(354): CodeIgniter\CodeIgniter->handleRequest(NULL, Object(Config\Cache), false)
#8 C:\xampp\htdocs\perpus\system\Boot.php(363): CodeIgniter\CodeIgniter->run()
#9 C:\xampp\htdocs\perpus\system\Boot.php(68): CodeIgniter\Boot::runCodeIgniter(Object(CodeIgniter\CodeIgniter))
#10 C:\xampp\htdocs\perpus\index.php(59): CodeIgniter\Boot::bootWeb(Object(Config\Paths))
#11 {main}
CRITICAL - 2026-04-25 13:44:32 --> CodeIgniter\Database\Exceptions\DatabaseException: Unknown column 'anggota.nama_user' in 'field list'
[Method: GET, Route: peminjaman]
in SYSTEMPATH\Database\BaseConnection.php on line 684.
 1 SYSTEMPATH\Database\BaseBuilder.php(1649): CodeIgniter\Database\BaseConnection->query('SELECT `peminjaman`.*, `anggota`.`nama_user` as `nama_anggota`
FROM `peminjaman`
LEFT JOIN `anggota` ON `anggota`.`id` = `peminjaman`.`id_anggota`', [], false)
 2 APPPATH\Controllers\peminjaman.php(38): CodeIgniter\Database\BaseBuilder->get()
 3 SYSTEMPATH\CodeIgniter.php(933): App\Controllers\Peminjaman->index()
 4 SYSTEMPATH\CodeIgniter.php(507): CodeIgniter\CodeIgniter->runController(Object(App\Controllers\Peminjaman))
 5 SYSTEMPATH\CodeIgniter.php(354): CodeIgniter\CodeIgniter->handleRequest(null, Object(Config\Cache), false)
 6 SYSTEMPATH\Boot.php(363): CodeIgniter\CodeIgniter->run()
 7 SYSTEMPATH\Boot.php(68): CodeIgniter\Boot::runCodeIgniter(Object(CodeIgniter\CodeIgniter))
 8 FCPATH\index.php(59): CodeIgniter\Boot::bootWeb(Object(Config\Paths))
CRITICAL - 2026-04-25 13:44:32 --> [Caused by] CodeIgniter\Database\Exceptions\DatabaseException: Unknown column 'anggota.nama_user' in 'field list'
in SYSTEMPATH\Database\MySQLi\Connection.php on line 332.
 1 SYSTEMPATH\Database\BaseConnection.php(729): CodeIgniter\Database\MySQLi\Connection->execute('SELECT `peminjaman`.*, `anggota`.`nama_user` as `nama_anggota`
FROM `peminjaman`
LEFT JOIN `anggota` ON `anggota`.`id` = `peminjaman`.`id_anggota`')
 2 SYSTEMPATH\Database\BaseConnection.php(646): CodeIgniter\Database\BaseConnection->simpleQuery('SELECT `peminjaman`.*, `anggota`.`nama_user` as `nama_anggota`
FROM `peminjaman`
LEFT JOIN `anggota` ON `anggota`.`id` = `peminjaman`.`id_anggota`')
 3 SYSTEMPATH\Database\BaseBuilder.php(1649): CodeIgniter\Database\BaseConnection->query('SELECT `peminjaman`.*, `anggota`.`nama_user` as `nama_anggota`
FROM `peminjaman`
LEFT JOIN `anggota` ON `anggota`.`id` = `peminjaman`.`id_anggota`', [], false)
 4 APPPATH\Controllers\peminjaman.php(38): CodeIgniter\Database\BaseBuilder->get()
 5 SYSTEMPATH\CodeIgniter.php(933): App\Controllers\Peminjaman->index()
 6 SYSTEMPATH\CodeIgniter.php(507): CodeIgniter\CodeIgniter->runController(Object(App\Controllers\Peminjaman))
 7 SYSTEMPATH\CodeIgniter.php(354): CodeIgniter\CodeIgniter->handleRequest(null, Object(Config\Cache), false)
 8 SYSTEMPATH\Boot.php(363): CodeIgniter\CodeIgniter->run()
 9 SYSTEMPATH\Boot.php(68): CodeIgniter\Boot::runCodeIgniter(Object(CodeIgniter\CodeIgniter))
10 FCPATH\index.php(59): CodeIgniter\Boot::bootWeb(Object(Config\Paths))
CRITICAL - 2026-04-25 13:44:32 --> [Caused by] mysqli_sql_exception: Unknown column 'anggota.nama_user' in 'field list'
in SYSTEMPATH\Database\MySQLi\Connection.php on line 327.
 1 SYSTEMPATH\Database\MySQLi\Connection.php(327): mysqli->query('SELECT `peminjaman`.*, `anggota`.`nama_user` as `nama_anggota`
FROM `peminjaman`
LEFT JOIN `anggota` ON `anggota`.`id` = `peminjaman`.`id_anggota`', 0)
 2 SYSTEMPATH\Database\BaseConnection.php(729): CodeIgniter\Database\MySQLi\Connection->execute('SELECT `peminjaman`.*, `anggota`.`nama_user` as `nama_anggota`
FROM `peminjaman`
LEFT JOIN `anggota` ON `anggota`.`id` = `peminjaman`.`id_anggota`')
 3 SYSTEMPATH\Database\BaseConnection.php(646): CodeIgniter\Database\BaseConnection->simpleQuery('SELECT `peminjaman`.*, `anggota`.`nama_user` as `nama_anggota`
FROM `peminjaman`
LEFT JOIN `anggota` ON `anggota`.`id` = `peminjaman`.`id_anggota`')
 4 SYSTEMPATH\Database\BaseBuilder.php(1649): CodeIgniter\Database\BaseConnection->query('SELECT `peminjaman`.*, `anggota`.`nama_user` as `nama_anggota`
FROM `peminjaman`
LEFT JOIN `anggota` ON `anggota`.`id` = `peminjaman`.`id_anggota`', [], false)
 5 APPPATH\Controllers\peminjaman.php(38): CodeIgniter\Database\BaseBuilder->get()
 6 SYSTEMPATH\CodeIgniter.php(933): App\Controllers\Peminjaman->index()
 7 SYSTEMPATH\CodeIgniter.php(507): CodeIgniter\CodeIgniter->runController(Object(App\Controllers\Peminjaman))
 8 SYSTEMPATH\CodeIgniter.php(354): CodeIgniter\CodeIgniter->handleRequest(null, Object(Config\Cache), false)
 9 SYSTEMPATH\Boot.php(363): CodeIgniter\CodeIgniter->run()
10 SYSTEMPATH\Boot.php(68): CodeIgniter\Boot::runCodeIgniter(Object(CodeIgniter\CodeIgniter))
11 FCPATH\index.php(59): CodeIgniter\Boot::bootWeb(Object(Config\Paths))
ERROR - 2026-04-25 13:45:34 --> mysqli_sql_exception: Unknown column 'anggota.nama_user' in 'field list' in C:\xampp\htdocs\perpus\system\Database\MySQLi\Connection.php:327
Stack trace:
#0 C:\xampp\htdocs\perpus\system\Database\MySQLi\Connection.php(327): mysqli->query('SELECT `peminja...', 0)
#1 C:\xampp\htdocs\perpus\system\Database\BaseConnection.php(729): CodeIgniter\Database\MySQLi\Connection->execute('SELECT `peminja...')
#2 C:\xampp\htdocs\perpus\system\Database\BaseConnection.php(646): CodeIgniter\Database\BaseConnection->simpleQuery('SELECT `peminja...')
#3 C:\xampp\htdocs\perpus\system\Database\BaseBuilder.php(1649): CodeIgniter\Database\BaseConnection->query('SELECT `peminja...', Array, false)
#4 C:\xampp\htdocs\perpus\app\Controllers\peminjaman.php(38): CodeIgniter\Database\BaseBuilder->get()
#5 C:\xampp\htdocs\perpus\system\CodeIgniter.php(933): App\Controllers\Peminjaman->index()
#6 C:\xampp\htdocs\perpus\system\CodeIgniter.php(507): CodeIgniter\CodeIgniter->runController(Object(App\Controllers\Peminjaman))
#7 C:\xampp\htdocs\perpus\system\CodeIgniter.php(354): CodeIgniter\CodeIgniter->handleRequest(NULL, Object(Config\Cache), false)
#8 C:\xampp\htdocs\perpus\system\Boot.php(363): CodeIgniter\CodeIgniter->run()
#9 C:\xampp\htdocs\perpus\system\Boot.php(68): CodeIgniter\Boot::runCodeIgniter(Object(CodeIgniter\CodeIgniter))
#10 C:\xampp\htdocs\perpus\index.php(59): CodeIgniter\Boot::bootWeb(Object(Config\Paths))
#11 {main}
CRITICAL - 2026-04-25 13:45:34 --> CodeIgniter\Database\Exceptions\DatabaseException: Unknown column 'anggota.nama_user' in 'field list'
[Method: GET, Route: peminjaman]
in SYSTEMPATH\Database\BaseConnection.php on line 684.
 1 SYSTEMPATH\Database\BaseBuilder.php(1649): CodeIgniter\Database\BaseConnection->query('SELECT `peminjaman`.*, `anggota`.`nama_user` as `nama_anggota`
FROM `peminjaman`
LEFT JOIN `anggota` ON `anggota`.`id` = `peminjaman`.`id_anggota`', [], false)
 2 APPPATH\Controllers\peminjaman.php(38): CodeIgniter\Database\BaseBuilder->get()
 3 SYSTEMPATH\CodeIgniter.php(933): App\Controllers\Peminjaman->index()
 4 SYSTEMPATH\CodeIgniter.php(507): CodeIgniter\CodeIgniter->runController(Object(App\Controllers\Peminjaman))
 5 SYSTEMPATH\CodeIgniter.php(354): CodeIgniter\CodeIgniter->handleRequest(null, Object(Config\Cache), false)
 6 SYSTEMPATH\Boot.php(363): CodeIgniter\CodeIgniter->run()
 7 SYSTEMPATH\Boot.php(68): CodeIgniter\Boot::runCodeIgniter(Object(CodeIgniter\CodeIgniter))
 8 FCPATH\index.php(59): CodeIgniter\Boot::bootWeb(Object(Config\Paths))
CRITICAL - 2026-04-25 13:45:34 --> [Caused by] CodeIgniter\Database\Exceptions\DatabaseException: Unknown column 'anggota.nama_user' in 'field list'
in SYSTEMPATH\Database\MySQLi\Connection.php on line 332.
 1 SYSTEMPATH\Database\BaseConnection.php(729): CodeIgniter\Database\MySQLi\Connection->execute('SELECT `peminjaman`.*, `anggota`.`nama_user` as `nama_anggota`
FROM `peminjaman`
LEFT JOIN `anggota` ON `anggota`.`id` = `peminjaman`.`id_anggota`')
 2 SYSTEMPATH\Database\BaseConnection.php(646): CodeIgniter\Database\BaseConnection->simpleQuery('SELECT `peminjaman`.*, `anggota`.`nama_user` as `nama_anggota`
FROM `peminjaman`
LEFT JOIN `anggota` ON `anggota`.`id` = `peminjaman`.`id_anggota`')
 3 SYSTEMPATH\Database\BaseBuilder.php(1649): CodeIgniter\Database\BaseConnection->query('SELECT `peminjaman`.*, `anggota`.`nama_user` as `nama_anggota`
FROM `peminjaman`
LEFT JOIN `anggota` ON `anggota`.`id` = `peminjaman`.`id_anggota`', [], false)
 4 APPPATH\Controllers\peminjaman.php(38): CodeIgniter\Database\BaseBuilder->get()
 5 SYSTEMPATH\CodeIgniter.php(933): App\Controllers\Peminjaman->index()
 6 SYSTEMPATH\CodeIgniter.php(507): CodeIgniter\CodeIgniter->runController(Object(App\Controllers\Peminjaman))
 7 SYSTEMPATH\CodeIgniter.php(354): CodeIgniter\CodeIgniter->handleRequest(null, Object(Config\Cache), false)
 8 SYSTEMPATH\Boot.php(363): CodeIgniter\CodeIgniter->run()
 9 SYSTEMPATH\Boot.php(68): CodeIgniter\Boot::runCodeIgniter(Object(CodeIgniter\CodeIgniter))
10 FCPATH\index.php(59): CodeIgniter\Boot::bootWeb(Object(Config\Paths))
CRITICAL - 2026-04-25 13:45:34 --> [Caused by] mysqli_sql_exception: Unknown column 'anggota.nama_user' in 'field list'
in SYSTEMPATH\Database\MySQLi\Connection.php on line 327.
 1 SYSTEMPATH\Database\MySQLi\Connection.php(327): mysqli->query('SELECT `peminjaman`.*, `anggota`.`nama_user` as `nama_anggota`
FROM `peminjaman`
LEFT JOIN `anggota` ON `anggota`.`id` = `peminjaman`.`id_anggota`', 0)
 2 SYSTEMPATH\Database\BaseConnection.php(729): CodeIgniter\Database\MySQLi\Connection->execute('SELECT `peminjaman`.*, `anggota`.`nama_user` as `nama_anggota`
FROM `peminjaman`
LEFT JOIN `anggota` ON `anggota`.`id` = `peminjaman`.`id_anggota`')
 3 SYSTEMPATH\Database\BaseConnection.php(646): CodeIgniter\Database\BaseConnection->simpleQuery('SELECT `peminjaman`.*, `anggota`.`nama_user` as `nama_anggota`
FROM `peminjaman`
LEFT JOIN `anggota` ON `anggota`.`id` = `peminjaman`.`id_anggota`')
 4 SYSTEMPATH\Database\BaseBuilder.php(1649): CodeIgniter\Database\BaseConnection->query('SELECT `peminjaman`.*, `anggota`.`nama_user` as `nama_anggota`
FROM `peminjaman`
LEFT JOIN `anggota` ON `anggota`.`id` = `peminjaman`.`id_anggota`', [], false)
 5 APPPATH\Controllers\peminjaman.php(38): CodeIgniter\Database\BaseBuilder->get()
 6 SYSTEMPATH\CodeIgniter.php(933): App\Controllers\Peminjaman->index()
 7 SYSTEMPATH\CodeIgniter.php(507): CodeIgniter\CodeIgniter->runController(Object(App\Controllers\Peminjaman))
 8 SYSTEMPATH\CodeIgniter.php(354): CodeIgniter\CodeIgniter->handleRequest(null, Object(Config\Cache), false)
 9 SYSTEMPATH\Boot.php(363): CodeIgniter\CodeIgniter->run()
10 SYSTEMPATH\Boot.php(68): CodeIgniter\Boot::runCodeIgniter(Object(CodeIgniter\CodeIgniter))
11 FCPATH\index.php(59): CodeIgniter\Boot::bootWeb(Object(Config\Paths))
ERROR - 2026-04-25 13:46:42 --> mysqli_sql_exception: Unknown column 'anggota.NAMA_KOLOM_YANG_BENAR' in 'field list' in C:\xampp\htdocs\perpus\system\Database\MySQLi\Connection.php:327
Stack trace:
#0 C:\xampp\htdocs\perpus\system\Database\MySQLi\Connection.php(327): mysqli->query('SELECT `peminja...', 0)
#1 C:\xampp\htdocs\perpus\system\Database\BaseConnection.php(729): CodeIgniter\Database\MySQLi\Connection->execute('SELECT `peminja...')
#2 C:\xampp\htdocs\perpus\system\Database\BaseConnection.php(646): CodeIgniter\Database\BaseConnection->simpleQuery('SELECT `peminja...')
#3 C:\xampp\htdocs\perpus\system\Database\BaseBuilder.php(1649): CodeIgniter\Database\BaseConnection->query('SELECT `peminja...', Array, false)
#4 C:\xampp\htdocs\perpus\app\Controllers\peminjaman.php(38): CodeIgniter\Database\BaseBuilder->get()
#5 C:\xampp\htdocs\perpus\system\CodeIgniter.php(933): App\Controllers\Peminjaman->index()
#6 C:\xampp\htdocs\perpus\system\CodeIgniter.php(507): CodeIgniter\CodeIgniter->runController(Object(App\Controllers\Peminjaman))
#7 C:\xampp\htdocs\perpus\system\CodeIgniter.php(354): CodeIgniter\CodeIgniter->handleRequest(NULL, Object(Config\Cache), false)
#8 C:\xampp\htdocs\perpus\system\Boot.php(363): CodeIgniter\CodeIgniter->run()
#9 C:\xampp\htdocs\perpus\system\Boot.php(68): CodeIgniter\Boot::runCodeIgniter(Object(CodeIgniter\CodeIgniter))
#10 C:\xampp\htdocs\perpus\index.php(59): CodeIgniter\Boot::bootWeb(Object(Config\Paths))
#11 {main}
CRITICAL - 2026-04-25 13:46:42 --> CodeIgniter\Database\Exceptions\DatabaseException: Unknown column 'anggota.NAMA_KOLOM_YANG_BENAR' in 'field list'
[Method: GET, Route: peminjaman]
in SYSTEMPATH\Database\BaseConnection.php on line 684.
 1 SYSTEMPATH\Database\BaseBuilder.php(1649): CodeIgniter\Database\BaseConnection->query('SELECT `peminjaman`.*, `anggota`.`NAMA_KOLOM_YANG_BENAR` as `nama_anggota`
FROM `peminjaman`
LEFT JOIN `anggota` ON `anggota`.`ID_YANG_BENAR` = `peminjaman`.`id_anggota`', [], false)
 2 APPPATH\Controllers\peminjaman.php(38): CodeIgniter\Database\BaseBuilder->get()
 3 SYSTEMPATH\CodeIgniter.php(933): App\Controllers\Peminjaman->index()
 4 SYSTEMPATH\CodeIgniter.php(507): CodeIgniter\CodeIgniter->runController(Object(App\Controllers\Peminjaman))
 5 SYSTEMPATH\CodeIgniter.php(354): CodeIgniter\CodeIgniter->handleRequest(null, Object(Config\Cache), false)
 6 SYSTEMPATH\Boot.php(363): CodeIgniter\CodeIgniter->run()
 7 SYSTEMPATH\Boot.php(68): CodeIgniter\Boot::runCodeIgniter(Object(CodeIgniter\CodeIgniter))
 8 FCPATH\index.php(59): CodeIgniter\Boot::bootWeb(Object(Config\Paths))
CRITICAL - 2026-04-25 13:46:42 --> [Caused by] CodeIgniter\Database\Exceptions\DatabaseException: Unknown column 'anggota.NAMA_KOLOM_YANG_BENAR' in 'field list'
in SYSTEMPATH\Database\MySQLi\Connection.php on line 332.
 1 SYSTEMPATH\Database\BaseConnection.php(729): CodeIgniter\Database\MySQLi\Connection->execute('SELECT `peminjaman`.*, `anggota`.`NAMA_KOLOM_YANG_BENAR` as `nama_anggota`
FROM `peminjaman`
LEFT JOIN `anggota` ON `anggota`.`ID_YANG_BENAR` = `peminjaman`.`id_anggota`')
 2 SYSTEMPATH\Database\BaseConnection.php(646): CodeIgniter\Database\BaseConnection->simpleQuery('SELECT `peminjaman`.*, `anggota`.`NAMA_KOLOM_YANG_BENAR` as `nama_anggota`
FROM `peminjaman`
LEFT JOIN `anggota` ON `anggota`.`ID_YANG_BENAR` = `peminjaman`.`id_anggota`')
 3 SYSTEMPATH\Database\BaseBuilder.php(1649): CodeIgniter\Database\BaseConnection->query('SELECT `peminjaman`.*, `anggota`.`NAMA_KOLOM_YANG_BENAR` as `nama_anggota`
FROM `peminjaman`
LEFT JOIN `anggota` ON `anggota`.`ID_YANG_BENAR` = `peminjaman`.`id_anggota`', [], false)
 4 APPPATH\Controllers\peminjaman.php(38): CodeIgniter\Database\BaseBuilder->get()
 5 SYSTEMPATH\CodeIgniter.php(933): App\Controllers\Peminjaman->index()
 6 SYSTEMPATH\CodeIgniter.php(507): CodeIgniter\CodeIgniter->runController(Object(App\Controllers\Peminjaman))
 7 SYSTEMPATH\CodeIgniter.php(354): CodeIgniter\CodeIgniter->handleRequest(null, Object(Config\Cache), false)
 8 SYSTEMPATH\Boot.php(363): CodeIgniter\CodeIgniter->run()
 9 SYSTEMPATH\Boot.php(68): CodeIgniter\Boot::runCodeIgniter(Object(CodeIgniter\CodeIgniter))
10 FCPATH\index.php(59): CodeIgniter\Boot::bootWeb(Object(Config\Paths))
CRITICAL - 2026-04-25 13:46:42 --> [Caused by] mysqli_sql_exception: Unknown column 'anggota.NAMA_KOLOM_YANG_BENAR' in 'field list'
in SYSTEMPATH\Database\MySQLi\Connection.php on line 327.
 1 SYSTEMPATH\Database\MySQLi\Connection.php(327): mysqli->query('SELECT `peminjaman`.*, `anggota`.`NAMA_KOLOM_YANG_BENAR` as `nama_anggota`
FROM `peminjaman`
LEFT JOIN `anggota` ON `anggota`.`ID_YANG_BENAR` = `peminjaman`.`id_anggota`', 0)
 2 SYSTEMPATH\Database\BaseConnection.php(729): CodeIgniter\Database\MySQLi\Connection->execute('SELECT `peminjaman`.*, `anggota`.`NAMA_KOLOM_YANG_BENAR` as `nama_anggota`
FROM `peminjaman`
LEFT JOIN `anggota` ON `anggota`.`ID_YANG_BENAR` = `peminjaman`.`id_anggota`')
 3 SYSTEMPATH\Database\BaseConnection.php(646): CodeIgniter\Database\BaseConnection->simpleQuery('SELECT `peminjaman`.*, `anggota`.`NAMA_KOLOM_YANG_BENAR` as `nama_anggota`
FROM `peminjaman`
LEFT JOIN `anggota` ON `anggota`.`ID_YANG_BENAR` = `peminjaman`.`id_anggota`')
 4 SYSTEMPATH\Database\BaseBuilder.php(1649): CodeIgniter\Database\BaseConnection->query('SELECT `peminjaman`.*, `anggota`.`NAMA_KOLOM_YANG_BENAR` as `nama_anggota`
FROM `peminjaman`
LEFT JOIN `anggota` ON `anggota`.`ID_YANG_BENAR` = `peminjaman`.`id_anggota`', [], false)
 5 APPPATH\Controllers\peminjaman.php(38): CodeIgniter\Database\BaseBuilder->get()
 6 SYSTEMPATH\CodeIgniter.php(933): App\Controllers\Peminjaman->index()
 7 SYSTEMPATH\CodeIgniter.php(507): CodeIgniter\CodeIgniter->runController(Object(App\Controllers\Peminjaman))
 8 SYSTEMPATH\CodeIgniter.php(354): CodeIgniter\CodeIgniter->handleRequest(null, Object(Config\Cache), false)
 9 SYSTEMPATH\Boot.php(363): CodeIgniter\CodeIgniter->run()
10 SYSTEMPATH\Boot.php(68): CodeIgniter\Boot::runCodeIgniter(Object(CodeIgniter\CodeIgniter))
11 FCPATH\index.php(59): CodeIgniter\Boot::bootWeb(Object(Config\Paths))
ERROR - 2026-04-25 13:48:21 --> mysqli_sql_exception: Unknown column 'anggota.nama_user' in 'field list' in C:\xampp\htdocs\perpus\system\Database\MySQLi\Connection.php:327
Stack trace:
#0 C:\xampp\htdocs\perpus\system\Database\MySQLi\Connection.php(327): mysqli->query('SELECT `peminja...', 0)
#1 C:\xampp\htdocs\perpus\system\Database\BaseConnection.php(729): CodeIgniter\Database\MySQLi\Connection->execute('SELECT `peminja...')
#2 C:\xampp\htdocs\perpus\system\Database\BaseConnection.php(646): CodeIgniter\Database\BaseConnection->simpleQuery('SELECT `peminja...')
#3 C:\xampp\htdocs\perpus\system\Database\BaseBuilder.php(1649): CodeIgniter\Database\BaseConnection->query('SELECT `peminja...', Array, false)
#4 C:\xampp\htdocs\perpus\app\Controllers\peminjaman.php(47): CodeIgniter\Database\BaseBuilder->get()
#5 C:\xampp\htdocs\perpus\system\CodeIgniter.php(933): App\Controllers\Peminjaman->index()
#6 C:\xampp\htdocs\perpus\system\CodeIgniter.php(507): CodeIgniter\CodeIgniter->runController(Object(App\Controllers\Peminjaman))
#7 C:\xampp\htdocs\perpus\system\CodeIgniter.php(354): CodeIgniter\CodeIgniter->handleRequest(NULL, Object(Config\Cache), false)
#8 C:\xampp\htdocs\perpus\system\Boot.php(363): CodeIgniter\CodeIgniter->run()
#9 C:\xampp\htdocs\perpus\system\Boot.php(68): CodeIgniter\Boot::runCodeIgniter(Object(CodeIgniter\CodeIgniter))
#10 C:\xampp\htdocs\perpus\index.php(59): CodeIgniter\Boot::bootWeb(Object(Config\Paths))
#11 {main}
CRITICAL - 2026-04-25 13:48:21 --> CodeIgniter\Database\Exceptions\DatabaseException: Unknown column 'anggota.nama_user' in 'field list'
[Method: GET, Route: peminjaman]
in SYSTEMPATH\Database\BaseConnection.php on line 684.
 1 SYSTEMPATH\Database\BaseBuilder.php(1649): CodeIgniter\Database\BaseConnection->query('SELECT `peminjaman`.*, `anggota`.`nama_user` as `nama_anggota`, GROUP_CONCAT(buku.judul SEPARATOR ", ") as judul_buku, GROUP_CONCAT(buku.cover SEPARATOR ", ") as cover_buku
FROM `peminjaman`
LEFT JOIN `anggota` ON `anggota`.`id` = `peminjaman`.`id_anggota`
LEFT JOIN `detail_peminjaman` ON `detail_peminjaman`.`id_peminjaman` = `peminjaman`.`id_peminjaman`
LEFT JOIN `buku` ON `buku`.`id_buku` = `detail_peminjaman`.`id_buku`
GROUP BY `peminjaman`.`id_peminjaman`', [], false)
 2 APPPATH\Controllers\peminjaman.php(47): CodeIgniter\Database\BaseBuilder->get()
 3 SYSTEMPATH\CodeIgniter.php(933): App\Controllers\Peminjaman->index()
 4 SYSTEMPATH\CodeIgniter.php(507): CodeIgniter\CodeIgniter->runController(Object(App\Controllers\Peminjaman))
 5 SYSTEMPATH\CodeIgniter.php(354): CodeIgniter\CodeIgniter->handleRequest(null, Object(Config\Cache), false)
 6 SYSTEMPATH\Boot.php(363): CodeIgniter\CodeIgniter->run()
 7 SYSTEMPATH\Boot.php(68): CodeIgniter\Boot::runCodeIgniter(Object(CodeIgniter\CodeIgniter))
 8 FCPATH\index.php(59): CodeIgniter\Boot::bootWeb(Object(Config\Paths))
CRITICAL - 2026-04-25 13:48:21 --> [Caused by] CodeIgniter\Database\Exceptions\DatabaseException: Unknown column 'anggota.nama_user' in 'field list'
in SYSTEMPATH\Database\MySQLi\Connection.php on line 332.
 1 SYSTEMPATH\Database\BaseConnection.php(729): CodeIgniter\Database\MySQLi\Connection->execute('SELECT `peminjaman`.*, `anggota`.`nama_user` as `nama_anggota`, GROUP_CONCAT(buku.judul SEPARATOR ", ") as judul_buku, GROUP_CONCAT(buku.cover SEPARATOR ", ") as cover_buku
FROM `peminjaman`
LEFT JOIN `anggota` ON `anggota`.`id` = `peminjaman`.`id_anggota`
LEFT JOIN `detail_peminjaman` ON `detail_peminjaman`.`id_peminjaman` = `peminjaman`.`id_peminjaman`
LEFT JOIN `buku` ON `buku`.`id_buku` = `detail_peminjaman`.`id_buku`
GROUP BY `peminjaman`.`id_peminjaman`')
 2 SYSTEMPATH\Database\BaseConnection.php(646): CodeIgniter\Database\BaseConnection->simpleQuery('SELECT `peminjaman`.*, `anggota`.`nama_user` as `nama_anggota`, GROUP_CONCAT(buku.judul SEPARATOR ", ") as judul_buku, GROUP_CONCAT(buku.cover SEPARATOR ", ") as cover_buku
FROM `peminjaman`
LEFT JOIN `anggota` ON `anggota`.`id` = `peminjaman`.`id_anggota`
LEFT JOIN `detail_peminjaman` ON `detail_peminjaman`.`id_peminjaman` = `peminjaman`.`id_peminjaman`
LEFT JOIN `buku` ON `buku`.`id_buku` = `detail_peminjaman`.`id_buku`
GROUP BY `peminjaman`.`id_peminjaman`')
 3 SYSTEMPATH\Database\BaseBuilder.php(1649): CodeIgniter\Database\BaseConnection->query('SELECT `peminjaman`.*, `anggota`.`nama_user` as `nama_anggota`, GROUP_CONCAT(buku.judul SEPARATOR ", ") as judul_buku, GROUP_CONCAT(buku.cover SEPARATOR ", ") as cover_buku
FROM `peminjaman`
LEFT JOIN `anggota` ON `anggota`.`id` = `peminjaman`.`id_anggota`
LEFT JOIN `detail_peminjaman` ON `detail_peminjaman`.`id_peminjaman` = `peminjaman`.`id_peminjaman`
LEFT JOIN `buku` ON `buku`.`id_buku` = `detail_peminjaman`.`id_buku`
GROUP BY `peminjaman`.`id_peminjaman`', [], false)
 4 APPPATH\Controllers\peminjaman.php(47): CodeIgniter\Database\BaseBuilder->get()
 5 SYSTEMPATH\CodeIgniter.php(933): App\Controllers\Peminjaman->index()
 6 SYSTEMPATH\CodeIgniter.php(507): CodeIgniter\CodeIgniter->runController(Object(App\Controllers\Peminjaman))
 7 SYSTEMPATH\CodeIgniter.php(354): CodeIgniter\CodeIgniter->handleRequest(null, Object(Config\Cache), false)
 8 SYSTEMPATH\Boot.php(363): CodeIgniter\CodeIgniter->run()
 9 SYSTEMPATH\Boot.php(68): CodeIgniter\Boot::runCodeIgniter(Object(CodeIgniter\CodeIgniter))
10 FCPATH\index.php(59): CodeIgniter\Boot::bootWeb(Object(Config\Paths))
CRITICAL - 2026-04-25 13:48:21 --> [Caused by] mysqli_sql_exception: Unknown column 'anggota.nama_user' in 'field list'
in SYSTEMPATH\Database\MySQLi\Connection.php on line 327.
 1 SYSTEMPATH\Database\MySQLi\Connection.php(327): mysqli->query('SELECT `peminjaman`.*, `anggota`.`nama_user` as `nama_anggota`, GROUP_CONCAT(buku.judul SEPARATOR ", ") as judul_buku, GROUP_CONCAT(buku.cover SEPARATOR ", ") as cover_buku
FROM `peminjaman`
LEFT JOIN `anggota` ON `anggota`.`id` = `peminjaman`.`id_anggota`
LEFT JOIN `detail_peminjaman` ON `detail_peminjaman`.`id_peminjaman` = `peminjaman`.`id_peminjaman`
LEFT JOIN `buku` ON `buku`.`id_buku` = `detail_peminjaman`.`id_buku`
GROUP BY `peminjaman`.`id_peminjaman`', 0)
 2 SYSTEMPATH\Database\BaseConnection.php(729): CodeIgniter\Database\MySQLi\Connection->execute('SELECT `peminjaman`.*, `anggota`.`nama_user` as `nama_anggota`, GROUP_CONCAT(buku.judul SEPARATOR ", ") as judul_buku, GROUP_CONCAT(buku.cover SEPARATOR ", ") as cover_buku
FROM `peminjaman`
LEFT JOIN `anggota` ON `anggota`.`id` = `peminjaman`.`id_anggota`
LEFT JOIN `detail_peminjaman` ON `detail_peminjaman`.`id_peminjaman` = `peminjaman`.`id_peminjaman`
LEFT JOIN `buku` ON `buku`.`id_buku` = `detail_peminjaman`.`id_buku`
GROUP BY `peminjaman`.`id_peminjaman`')
 3 SYSTEMPATH\Database\BaseConnection.php(646): CodeIgniter\Database\BaseConnection->simpleQuery('SELECT `peminjaman`.*, `anggota`.`nama_user` as `nama_anggota`, GROUP_CONCAT(buku.judul SEPARATOR ", ") as judul_buku, GROUP_CONCAT(buku.cover SEPARATOR ", ") as cover_buku
FROM `peminjaman`
LEFT JOIN `anggota` ON `anggota`.`id` = `peminjaman`.`id_anggota`
LEFT JOIN `detail_peminjaman` ON `detail_peminjaman`.`id_peminjaman` = `peminjaman`.`id_peminjaman`
LEFT JOIN `buku` ON `buku`.`id_buku` = `detail_peminjaman`.`id_buku`
GROUP BY `peminjaman`.`id_peminjaman`')
 4 SYSTEMPATH\Database\BaseBuilder.php(1649): CodeIgniter\Database\BaseConnection->query('SELECT `peminjaman`.*, `anggota`.`nama_user` as `nama_anggota`, GROUP_CONCAT(buku.judul SEPARATOR ", ") as judul_buku, GROUP_CONCAT(buku.cover SEPARATOR ", ") as cover_buku
FROM `peminjaman`
LEFT JOIN `anggota` ON `anggota`.`id` = `peminjaman`.`id_anggota`
LEFT JOIN `detail_peminjaman` ON `detail_peminjaman`.`id_peminjaman` = `peminjaman`.`id_peminjaman`
LEFT JOIN `buku` ON `buku`.`id_buku` = `detail_peminjaman`.`id_buku`
GROUP BY `peminjaman`.`id_peminjaman`', [], false)
 5 APPPATH\Controllers\peminjaman.php(47): CodeIgniter\Database\BaseBuilder->get()
 6 SYSTEMPATH\CodeIgniter.php(933): App\Controllers\Peminjaman->index()
 7 SYSTEMPATH\CodeIgniter.php(507): CodeIgniter\CodeIgniter->runController(Object(App\Controllers\Peminjaman))
 8 SYSTEMPATH\CodeIgniter.php(354): CodeIgniter\CodeIgniter->handleRequest(null, Object(Config\Cache), false)
 9 SYSTEMPATH\Boot.php(363): CodeIgniter\CodeIgniter->run()
10 SYSTEMPATH\Boot.php(68): CodeIgniter\Boot::runCodeIgniter(Object(CodeIgniter\CodeIgniter))
11 FCPATH\index.php(59): CodeIgniter\Boot::bootWeb(Object(Config\Paths))
ERROR - 2026-04-25 13:48:22 --> mysqli_sql_exception: Unknown column 'anggota.nama_user' in 'field list' in C:\xampp\htdocs\perpus\system\Database\MySQLi\Connection.php:327
Stack trace:
#0 C:\xampp\htdocs\perpus\system\Database\MySQLi\Connection.php(327): mysqli->query('SELECT `peminja...', 0)
#1 C:\xampp\htdocs\perpus\system\Database\BaseConnection.php(729): CodeIgniter\Database\MySQLi\Connection->execute('SELECT `peminja...')
#2 C:\xampp\htdocs\perpus\system\Database\BaseConnection.php(646): CodeIgniter\Database\BaseConnection->simpleQuery('SELECT `peminja...')
#3 C:\xampp\htdocs\perpus\system\Database\BaseBuilder.php(1649): CodeIgniter\Database\BaseConnection->query('SELECT `peminja...', Array, false)
#4 C:\xampp\htdocs\perpus\app\Controllers\peminjaman.php(47): CodeIgniter\Database\BaseBuilder->get()
#5 C:\xampp\htdocs\perpus\system\CodeIgniter.php(933): App\Controllers\Peminjaman->index()
#6 C:\xampp\htdocs\perpus\system\CodeIgniter.php(507): CodeIgniter\CodeIgniter->runController(Object(App\Controllers\Peminjaman))
#7 C:\xampp\htdocs\perpus\system\CodeIgniter.php(354): CodeIgniter\CodeIgniter->handleRequest(NULL, Object(Config\Cache), false)
#8 C:\xampp\htdocs\perpus\system\Boot.php(363): CodeIgniter\CodeIgniter->run()
#9 C:\xampp\htdocs\perpus\system\Boot.php(68): CodeIgniter\Boot::runCodeIgniter(Object(CodeIgniter\CodeIgniter))
#10 C:\xampp\htdocs\perpus\index.php(59): CodeIgniter\Boot::bootWeb(Object(Config\Paths))
#11 {main}
CRITICAL - 2026-04-25 13:48:22 --> CodeIgniter\Database\Exceptions\DatabaseException: Unknown column 'anggota.nama_user' in 'field list'
[Method: GET, Route: peminjaman]
in SYSTEMPATH\Database\BaseConnection.php on line 684.
 1 SYSTEMPATH\Database\BaseBuilder.php(1649): CodeIgniter\Database\BaseConnection->query('SELECT `peminjaman`.*, `anggota`.`nama_user` as `nama_anggota`, GROUP_CONCAT(buku.judul SEPARATOR ", ") as judul_buku, GROUP_CONCAT(buku.cover SEPARATOR ", ") as cover_buku
FROM `peminjaman`
LEFT JOIN `anggota` ON `anggota`.`id` = `peminjaman`.`id_anggota`
LEFT JOIN `detail_peminjaman` ON `detail_peminjaman`.`id_peminjaman` = `peminjaman`.`id_peminjaman`
LEFT JOIN `buku` ON `buku`.`id_buku` = `detail_peminjaman`.`id_buku`
GROUP BY `peminjaman`.`id_peminjaman`', [], false)
 2 APPPATH\Controllers\peminjaman.php(47): CodeIgniter\Database\BaseBuilder->get()
 3 SYSTEMPATH\CodeIgniter.php(933): App\Controllers\Peminjaman->index()
 4 SYSTEMPATH\CodeIgniter.php(507): CodeIgniter\CodeIgniter->runController(Object(App\Controllers\Peminjaman))
 5 SYSTEMPATH\CodeIgniter.php(354): CodeIgniter\CodeIgniter->handleRequest(null, Object(Config\Cache), false)
 6 SYSTEMPATH\Boot.php(363): CodeIgniter\CodeIgniter->run()
 7 SYSTEMPATH\Boot.php(68): CodeIgniter\Boot::runCodeIgniter(Object(CodeIgniter\CodeIgniter))
 8 FCPATH\index.php(59): CodeIgniter\Boot::bootWeb(Object(Config\Paths))
CRITICAL - 2026-04-25 13:48:22 --> [Caused by] CodeIgniter\Database\Exceptions\DatabaseException: Unknown column 'anggota.nama_user' in 'field list'
in SYSTEMPATH\Database\MySQLi\Connection.php on line 332.
 1 SYSTEMPATH\Database\BaseConnection.php(729): CodeIgniter\Database\MySQLi\Connection->execute('SELECT `peminjaman`.*, `anggota`.`nama_user` as `nama_anggota`, GROUP_CONCAT(buku.judul SEPARATOR ", ") as judul_buku, GROUP_CONCAT(buku.cover SEPARATOR ", ") as cover_buku
FROM `peminjaman`
LEFT JOIN `anggota` ON `anggota`.`id` = `peminjaman`.`id_anggota`
LEFT JOIN `detail_peminjaman` ON `detail_peminjaman`.`id_peminjaman` = `peminjaman`.`id_peminjaman`
LEFT JOIN `buku` ON `buku`.`id_buku` = `detail_peminjaman`.`id_buku`
GROUP BY `peminjaman`.`id_peminjaman`')
 2 SYSTEMPATH\Database\BaseConnection.php(646): CodeIgniter\Database\BaseConnection->simpleQuery('SELECT `peminjaman`.*, `anggota`.`nama_user` as `nama_anggota`, GROUP_CONCAT(buku.judul SEPARATOR ", ") as judul_buku, GROUP_CONCAT(buku.cover SEPARATOR ", ") as cover_buku
FROM `peminjaman`
LEFT JOIN `anggota` ON `anggota`.`id` = `peminjaman`.`id_anggota`
LEFT JOIN `detail_peminjaman` ON `detail_peminjaman`.`id_peminjaman` = `peminjaman`.`id_peminjaman`
LEFT JOIN `buku` ON `buku`.`id_buku` = `detail_peminjaman`.`id_buku`
GROUP BY `peminjaman`.`id_peminjaman`')
 3 SYSTEMPATH\Database\BaseBuilder.php(1649): CodeIgniter\Database\BaseConnection->query('SELECT `peminjaman`.*, `anggota`.`nama_user` as `nama_anggota`, GROUP_CONCAT(buku.judul SEPARATOR ", ") as judul_buku, GROUP_CONCAT(buku.cover SEPARATOR ", ") as cover_buku
FROM `peminjaman`
LEFT JOIN `anggota` ON `anggota`.`id` = `peminjaman`.`id_anggota`
LEFT JOIN `detail_peminjaman` ON `detail_peminjaman`.`id_peminjaman` = `peminjaman`.`id_peminjaman`
LEFT JOIN `buku` ON `buku`.`id_buku` = `detail_peminjaman`.`id_buku`
GROUP BY `peminjaman`.`id_peminjaman`', [], false)
 4 APPPATH\Controllers\peminjaman.php(47): CodeIgniter\Database\BaseBuilder->get()
 5 SYSTEMPATH\CodeIgniter.php(933): App\Controllers\Peminjaman->index()
 6 SYSTEMPATH\CodeIgniter.php(507): CodeIgniter\CodeIgniter->runController(Object(App\Controllers\Peminjaman))
 7 SYSTEMPATH\CodeIgniter.php(354): CodeIgniter\CodeIgniter->handleRequest(null, Object(Config\Cache), false)
 8 SYSTEMPATH\Boot.php(363): CodeIgniter\CodeIgniter->run()
 9 SYSTEMPATH\Boot.php(68): CodeIgniter\Boot::runCodeIgniter(Object(CodeIgniter\CodeIgniter))
10 FCPATH\index.php(59): CodeIgniter\Boot::bootWeb(Object(Config\Paths))
CRITICAL - 2026-04-25 13:48:22 --> [Caused by] mysqli_sql_exception: Unknown column 'anggota.nama_user' in 'field list'
in SYSTEMPATH\Database\MySQLi\Connection.php on line 327.
 1 SYSTEMPATH\Database\MySQLi\Connection.php(327): mysqli->query('SELECT `peminjaman`.*, `anggota`.`nama_user` as `nama_anggota`, GROUP_CONCAT(buku.judul SEPARATOR ", ") as judul_buku, GROUP_CONCAT(buku.cover SEPARATOR ", ") as cover_buku
FROM `peminjaman`
LEFT JOIN `anggota` ON `anggota`.`id` = `peminjaman`.`id_anggota`
LEFT JOIN `detail_peminjaman` ON `detail_peminjaman`.`id_peminjaman` = `peminjaman`.`id_peminjaman`
LEFT JOIN `buku` ON `buku`.`id_buku` = `detail_peminjaman`.`id_buku`
GROUP BY `peminjaman`.`id_peminjaman`', 0)
 2 SYSTEMPATH\Database\BaseConnection.php(729): CodeIgniter\Database\MySQLi\Connection->execute('SELECT `peminjaman`.*, `anggota`.`nama_user` as `nama_anggota`, GROUP_CONCAT(buku.judul SEPARATOR ", ") as judul_buku, GROUP_CONCAT(buku.cover SEPARATOR ", ") as cover_buku
FROM `peminjaman`
LEFT JOIN `anggota` ON `anggota`.`id` = `peminjaman`.`id_anggota`
LEFT JOIN `detail_peminjaman` ON `detail_peminjaman`.`id_peminjaman` = `peminjaman`.`id_peminjaman`
LEFT JOIN `buku` ON `buku`.`id_buku` = `detail_peminjaman`.`id_buku`
GROUP BY `peminjaman`.`id_peminjaman`')
 3 SYSTEMPATH\Database\BaseConnection.php(646): CodeIgniter\Database\BaseConnection->simpleQuery('SELECT `peminjaman`.*, `anggota`.`nama_user` as `nama_anggota`, GROUP_CONCAT(buku.judul SEPARATOR ", ") as judul_buku, GROUP_CONCAT(buku.cover SEPARATOR ", ") as cover_buku
FROM `peminjaman`
LEFT JOIN `anggota` ON `anggota`.`id` = `peminjaman`.`id_anggota`
LEFT JOIN `detail_peminjaman` ON `detail_peminjaman`.`id_peminjaman` = `peminjaman`.`id_peminjaman`
LEFT JOIN `buku` ON `buku`.`id_buku` = `detail_peminjaman`.`id_buku`
GROUP BY `peminjaman`.`id_peminjaman`')
 4 SYSTEMPATH\Database\BaseBuilder.php(1649): CodeIgniter\Database\BaseConnection->query('SELECT `peminjaman`.*, `anggota`.`nama_user` as `nama_anggota`, GROUP_CONCAT(buku.judul SEPARATOR ", ") as judul_buku, GROUP_CONCAT(buku.cover SEPARATOR ", ") as cover_buku
FROM `peminjaman`
LEFT JOIN `anggota` ON `anggota`.`id` = `peminjaman`.`id_anggota`
LEFT JOIN `detail_peminjaman` ON `detail_peminjaman`.`id_peminjaman` = `peminjaman`.`id_peminjaman`
LEFT JOIN `buku` ON `buku`.`id_buku` = `detail_peminjaman`.`id_buku`
GROUP BY `peminjaman`.`id_peminjaman`', [], false)
 5 APPPATH\Controllers\peminjaman.php(47): CodeIgniter\Database\BaseBuilder->get()
 6 SYSTEMPATH\CodeIgniter.php(933): App\Controllers\Peminjaman->index()
 7 SYSTEMPATH\CodeIgniter.php(507): CodeIgniter\CodeIgniter->runController(Object(App\Controllers\Peminjaman))
 8 SYSTEMPATH\CodeIgniter.php(354): CodeIgniter\CodeIgniter->handleRequest(null, Object(Config\Cache), false)
 9 SYSTEMPATH\Boot.php(363): CodeIgniter\CodeIgniter->run()
10 SYSTEMPATH\Boot.php(68): CodeIgniter\Boot::runCodeIgniter(Object(CodeIgniter\CodeIgniter))
11 FCPATH\index.php(59): CodeIgniter\Boot::bootWeb(Object(Config\Paths))
ERROR - 2026-04-25 13:48:22 --> mysqli_sql_exception: Unknown column 'anggota.nama_user' in 'field list' in C:\xampp\htdocs\perpus\system\Database\MySQLi\Connection.php:327
Stack trace:
#0 C:\xampp\htdocs\perpus\system\Database\MySQLi\Connection.php(327): mysqli->query('SELECT `peminja...', 0)
#1 C:\xampp\htdocs\perpus\system\Database\BaseConnection.php(729): CodeIgniter\Database\MySQLi\Connection->execute('SELECT `peminja...')
#2 C:\xampp\htdocs\perpus\system\Database\BaseConnection.php(646): CodeIgniter\Database\BaseConnection->simpleQuery('SELECT `peminja...')
#3 C:\xampp\htdocs\perpus\system\Database\BaseBuilder.php(1649): CodeIgniter\Database\BaseConnection->query('SELECT `peminja...', Array, false)
#4 C:\xampp\htdocs\perpus\app\Controllers\peminjaman.php(47): CodeIgniter\Database\BaseBuilder->get()
#5 C:\xampp\htdocs\perpus\system\CodeIgniter.php(933): App\Controllers\Peminjaman->index()
#6 C:\xampp\htdocs\perpus\system\CodeIgniter.php(507): CodeIgniter\CodeIgniter->runController(Object(App\Controllers\Peminjaman))
#7 C:\xampp\htdocs\perpus\system\CodeIgniter.php(354): CodeIgniter\CodeIgniter->handleRequest(NULL, Object(Config\Cache), false)
#8 C:\xampp\htdocs\perpus\system\Boot.php(363): CodeIgniter\CodeIgniter->run()
#9 C:\xampp\htdocs\perpus\system\Boot.php(68): CodeIgniter\Boot::runCodeIgniter(Object(CodeIgniter\CodeIgniter))
#10 C:\xampp\htdocs\perpus\index.php(59): CodeIgniter\Boot::bootWeb(Object(Config\Paths))
#11 {main}
CRITICAL - 2026-04-25 13:48:22 --> CodeIgniter\Database\Exceptions\DatabaseException: Unknown column 'anggota.nama_user' in 'field list'
[Method: GET, Route: peminjaman]
in SYSTEMPATH\Database\BaseConnection.php on line 684.
 1 SYSTEMPATH\Database\BaseBuilder.php(1649): CodeIgniter\Database\BaseConnection->query('SELECT `peminjaman`.*, `anggota`.`nama_user` as `nama_anggota`, GROUP_CONCAT(buku.judul SEPARATOR ", ") as judul_buku, GROUP_CONCAT(buku.cover SEPARATOR ", ") as cover_buku
FROM `peminjaman`
LEFT JOIN `anggota` ON `anggota`.`id` = `peminjaman`.`id_anggota`
LEFT JOIN `detail_peminjaman` ON `detail_peminjaman`.`id_peminjaman` = `peminjaman`.`id_peminjaman`
LEFT JOIN `buku` ON `buku`.`id_buku` = `detail_peminjaman`.`id_buku`
GROUP BY `peminjaman`.`id_peminjaman`', [], false)
 2 APPPATH\Controllers\peminjaman.php(47): CodeIgniter\Database\BaseBuilder->get()
 3 SYSTEMPATH\CodeIgniter.php(933): App\Controllers\Peminjaman->index()
 4 SYSTEMPATH\CodeIgniter.php(507): CodeIgniter\CodeIgniter->runController(Object(App\Controllers\Peminjaman))
 5 SYSTEMPATH\CodeIgniter.php(354): CodeIgniter\CodeIgniter->handleRequest(null, Object(Config\Cache), false)
 6 SYSTEMPATH\Boot.php(363): CodeIgniter\CodeIgniter->run()
 7 SYSTEMPATH\Boot.php(68): CodeIgniter\Boot::runCodeIgniter(Object(CodeIgniter\CodeIgniter))
 8 FCPATH\index.php(59): CodeIgniter\Boot::bootWeb(Object(Config\Paths))
CRITICAL - 2026-04-25 13:48:22 --> [Caused by] CodeIgniter\Database\Exceptions\DatabaseException: Unknown column 'anggota.nama_user' in 'field list'
in SYSTEMPATH\Database\MySQLi\Connection.php on line 332.
 1 SYSTEMPATH\Database\BaseConnection.php(729): CodeIgniter\Database\MySQLi\Connection->execute('SELECT `peminjaman`.*, `anggota`.`nama_user` as `nama_anggota`, GROUP_CONCAT(buku.judul SEPARATOR ", ") as judul_buku, GROUP_CONCAT(buku.cover SEPARATOR ", ") as cover_buku
FROM `peminjaman`
LEFT JOIN `anggota` ON `anggota`.`id` = `peminjaman`.`id_anggota`
LEFT JOIN `detail_peminjaman` ON `detail_peminjaman`.`id_peminjaman` = `peminjaman`.`id_peminjaman`
LEFT JOIN `buku` ON `buku`.`id_buku` = `detail_peminjaman`.`id_buku`
GROUP BY `peminjaman`.`id_peminjaman`')
 2 SYSTEMPATH\Database\BaseConnection.php(646): CodeIgniter\Database\BaseConnection->simpleQuery('SELECT `peminjaman`.*, `anggota`.`nama_user` as `nama_anggota`, GROUP_CONCAT(buku.judul SEPARATOR ", ") as judul_buku, GROUP_CONCAT(buku.cover SEPARATOR ", ") as cover_buku
FROM `peminjaman`
LEFT JOIN `anggota` ON `anggota`.`id` = `peminjaman`.`id_anggota`
LEFT JOIN `detail_peminjaman` ON `detail_peminjaman`.`id_peminjaman` = `peminjaman`.`id_peminjaman`
LEFT JOIN `buku` ON `buku`.`id_buku` = `detail_peminjaman`.`id_buku`
GROUP BY `peminjaman`.`id_peminjaman`')
 3 SYSTEMPATH\Database\BaseBuilder.php(1649): CodeIgniter\Database\BaseConnection->query('SELECT `peminjaman`.*, `anggota`.`nama_user` as `nama_anggota`, GROUP_CONCAT(buku.judul SEPARATOR ", ") as judul_buku, GROUP_CONCAT(buku.cover SEPARATOR ", ") as cover_buku
FROM `peminjaman`
LEFT JOIN `anggota` ON `anggota`.`id` = `peminjaman`.`id_anggota`
LEFT JOIN `detail_peminjaman` ON `detail_peminjaman`.`id_peminjaman` = `peminjaman`.`id_peminjaman`
LEFT JOIN `buku` ON `buku`.`id_buku` = `detail_peminjaman`.`id_buku`
GROUP BY `peminjaman`.`id_peminjaman`', [], false)
 4 APPPATH\Controllers\peminjaman.php(47): CodeIgniter\Database\BaseBuilder->get()
 5 SYSTEMPATH\CodeIgniter.php(933): App\Controllers\Peminjaman->index()
 6 SYSTEMPATH\CodeIgniter.php(507): CodeIgniter\CodeIgniter->runController(Object(App\Controllers\Peminjaman))
 7 SYSTEMPATH\CodeIgniter.php(354): CodeIgniter\CodeIgniter->handleRequest(null, Object(Config\Cache), false)
 8 SYSTEMPATH\Boot.php(363): CodeIgniter\CodeIgniter->run()
 9 SYSTEMPATH\Boot.php(68): CodeIgniter\Boot::runCodeIgniter(Object(CodeIgniter\CodeIgniter))
10 FCPATH\index.php(59): CodeIgniter\Boot::bootWeb(Object(Config\Paths))
CRITICAL - 2026-04-25 13:48:22 --> [Caused by] mysqli_sql_exception: Unknown column 'anggota.nama_user' in 'field list'
in SYSTEMPATH\Database\MySQLi\Connection.php on line 327.
 1 SYSTEMPATH\Database\MySQLi\Connection.php(327): mysqli->query('SELECT `peminjaman`.*, `anggota`.`nama_user` as `nama_anggota`, GROUP_CONCAT(buku.judul SEPARATOR ", ") as judul_buku, GROUP_CONCAT(buku.cover SEPARATOR ", ") as cover_buku
FROM `peminjaman`
LEFT JOIN `anggota` ON `anggota`.`id` = `peminjaman`.`id_anggota`
LEFT JOIN `detail_peminjaman` ON `detail_peminjaman`.`id_peminjaman` = `peminjaman`.`id_peminjaman`
LEFT JOIN `buku` ON `buku`.`id_buku` = `detail_peminjaman`.`id_buku`
GROUP BY `peminjaman`.`id_peminjaman`', 0)
 2 SYSTEMPATH\Database\BaseConnection.php(729): CodeIgniter\Database\MySQLi\Connection->execute('SELECT `peminjaman`.*, `anggota`.`nama_user` as `nama_anggota`, GROUP_CONCAT(buku.judul SEPARATOR ", ") as judul_buku, GROUP_CONCAT(buku.cover SEPARATOR ", ") as cover_buku
FROM `peminjaman`
LEFT JOIN `anggota` ON `anggota`.`id` = `peminjaman`.`id_anggota`
LEFT JOIN `detail_peminjaman` ON `detail_peminjaman`.`id_peminjaman` = `peminjaman`.`id_peminjaman`
LEFT JOIN `buku` ON `buku`.`id_buku` = `detail_peminjaman`.`id_buku`
GROUP BY `peminjaman`.`id_peminjaman`')
 3 SYSTEMPATH\Database\BaseConnection.php(646): CodeIgniter\Database\BaseConnection->simpleQuery('SELECT `peminjaman`.*, `anggota`.`nama_user` as `nama_anggota`, GROUP_CONCAT(buku.judul SEPARATOR ", ") as judul_buku, GROUP_CONCAT(buku.cover SEPARATOR ", ") as cover_buku
FROM `peminjaman`
LEFT JOIN `anggota` ON `anggota`.`id` = `peminjaman`.`id_anggota`
LEFT JOIN `detail_peminjaman` ON `detail_peminjaman`.`id_peminjaman` = `peminjaman`.`id_peminjaman`
LEFT JOIN `buku` ON `buku`.`id_buku` = `detail_peminjaman`.`id_buku`
GROUP BY `peminjaman`.`id_peminjaman`')
 4 SYSTEMPATH\Database\BaseBuilder.php(1649): CodeIgniter\Database\BaseConnection->query('SELECT `peminjaman`.*, `anggota`.`nama_user` as `nama_anggota`, GROUP_CONCAT(buku.judul SEPARATOR ", ") as judul_buku, GROUP_CONCAT(buku.cover SEPARATOR ", ") as cover_buku
FROM `peminjaman`
LEFT JOIN `anggota` ON `anggota`.`id` = `peminjaman`.`id_anggota`
LEFT JOIN `detail_peminjaman` ON `detail_peminjaman`.`id_peminjaman` = `peminjaman`.`id_peminjaman`
LEFT JOIN `buku` ON `buku`.`id_buku` = `detail_peminjaman`.`id_buku`
GROUP BY `peminjaman`.`id_peminjaman`', [], false)
 5 APPPATH\Controllers\peminjaman.php(47): CodeIgniter\Database\BaseBuilder->get()
 6 SYSTEMPATH\CodeIgniter.php(933): App\Controllers\Peminjaman->index()
 7 SYSTEMPATH\CodeIgniter.php(507): CodeIgniter\CodeIgniter->runController(Object(App\Controllers\Peminjaman))
 8 SYSTEMPATH\CodeIgniter.php(354): CodeIgniter\CodeIgniter->handleRequest(null, Object(Config\Cache), false)
 9 SYSTEMPATH\Boot.php(363): CodeIgniter\CodeIgniter->run()
10 SYSTEMPATH\Boot.php(68): CodeIgniter\Boot::runCodeIgniter(Object(CodeIgniter\CodeIgniter))
11 FCPATH\index.php(59): CodeIgniter\Boot::bootWeb(Object(Config\Paths))
ERROR - 2026-04-25 13:48:23 --> mysqli_sql_exception: Unknown column 'anggota.nama_user' in 'field list' in C:\xampp\htdocs\perpus\system\Database\MySQLi\Connection.php:327
Stack trace:
#0 C:\xampp\htdocs\perpus\system\Database\MySQLi\Connection.php(327): mysqli->query('SELECT `peminja...', 0)
#1 C:\xampp\htdocs\perpus\system\Database\BaseConnection.php(729): CodeIgniter\Database\MySQLi\Connection->execute('SELECT `peminja...')
#2 C:\xampp\htdocs\perpus\system\Database\BaseConnection.php(646): CodeIgniter\Database\BaseConnection->simpleQuery('SELECT `peminja...')
#3 C:\xampp\htdocs\perpus\system\Database\BaseBuilder.php(1649): CodeIgniter\Database\BaseConnection->query('SELECT `peminja...', Array, false)
#4 C:\xampp\htdocs\perpus\app\Controllers\peminjaman.php(47): CodeIgniter\Database\BaseBuilder->get()
#5 C:\xampp\htdocs\perpus\system\CodeIgniter.php(933): App\Controllers\Peminjaman->index()
#6 C:\xampp\htdocs\perpus\system\CodeIgniter.php(507): CodeIgniter\CodeIgniter->runController(Object(App\Controllers\Peminjaman))
#7 C:\xampp\htdocs\perpus\system\CodeIgniter.php(354): CodeIgniter\CodeIgniter->handleRequest(NULL, Object(Config\Cache), false)
#8 C:\xampp\htdocs\perpus\system\Boot.php(363): CodeIgniter\CodeIgniter->run()
#9 C:\xampp\htdocs\perpus\system\Boot.php(68): CodeIgniter\Boot::runCodeIgniter(Object(CodeIgniter\CodeIgniter))
#10 C:\xampp\htdocs\perpus\index.php(59): CodeIgniter\Boot::bootWeb(Object(Config\Paths))
#11 {main}
CRITICAL - 2026-04-25 13:48:23 --> CodeIgniter\Database\Exceptions\DatabaseException: Unknown column 'anggota.nama_user' in 'field list'
[Method: GET, Route: peminjaman]
in SYSTEMPATH\Database\BaseConnection.php on line 684.
 1 SYSTEMPATH\Database\BaseBuilder.php(1649): CodeIgniter\Database\BaseConnection->query('SELECT `peminjaman`.*, `anggota`.`nama_user` as `nama_anggota`, GROUP_CONCAT(buku.judul SEPARATOR ", ") as judul_buku, GROUP_CONCAT(buku.cover SEPARATOR ", ") as cover_buku
FROM `peminjaman`
LEFT JOIN `anggota` ON `anggota`.`id` = `peminjaman`.`id_anggota`
LEFT JOIN `detail_peminjaman` ON `detail_peminjaman`.`id_peminjaman` = `peminjaman`.`id_peminjaman`
LEFT JOIN `buku` ON `buku`.`id_buku` = `detail_peminjaman`.`id_buku`
GROUP BY `peminjaman`.`id_peminjaman`', [], false)
 2 APPPATH\Controllers\peminjaman.php(47): CodeIgniter\Database\BaseBuilder->get()
 3 SYSTEMPATH\CodeIgniter.php(933): App\Controllers\Peminjaman->index()
 4 SYSTEMPATH\CodeIgniter.php(507): CodeIgniter\CodeIgniter->runController(Object(App\Controllers\Peminjaman))
 5 SYSTEMPATH\CodeIgniter.php(354): CodeIgniter\CodeIgniter->handleRequest(null, Object(Config\Cache), false)
 6 SYSTEMPATH\Boot.php(363): CodeIgniter\CodeIgniter->run()
 7 SYSTEMPATH\Boot.php(68): CodeIgniter\Boot::runCodeIgniter(Object(CodeIgniter\CodeIgniter))
 8 FCPATH\index.php(59): CodeIgniter\Boot::bootWeb(Object(Config\Paths))
CRITICAL - 2026-04-25 13:48:23 --> [Caused by] CodeIgniter\Database\Exceptions\DatabaseException: Unknown column 'anggota.nama_user' in 'field list'
in SYSTEMPATH\Database\MySQLi\Connection.php on line 332.
 1 SYSTEMPATH\Database\BaseConnection.php(729): CodeIgniter\Database\MySQLi\Connection->execute('SELECT `peminjaman`.*, `anggota`.`nama_user` as `nama_anggota`, GROUP_CONCAT(buku.judul SEPARATOR ", ") as judul_buku, GROUP_CONCAT(buku.cover SEPARATOR ", ") as cover_buku
FROM `peminjaman`
LEFT JOIN `anggota` ON `anggota`.`id` = `peminjaman`.`id_anggota`
LEFT JOIN `detail_peminjaman` ON `detail_peminjaman`.`id_peminjaman` = `peminjaman`.`id_peminjaman`
LEFT JOIN `buku` ON `buku`.`id_buku` = `detail_peminjaman`.`id_buku`
GROUP BY `peminjaman`.`id_peminjaman`')
 2 SYSTEMPATH\Database\BaseConnection.php(646): CodeIgniter\Database\BaseConnection->simpleQuery('SELECT `peminjaman`.*, `anggota`.`nama_user` as `nama_anggota`, GROUP_CONCAT(buku.judul SEPARATOR ", ") as judul_buku, GROUP_CONCAT(buku.cover SEPARATOR ", ") as cover_buku
FROM `peminjaman`
LEFT JOIN `anggota` ON `anggota`.`id` = `peminjaman`.`id_anggota`
LEFT JOIN `detail_peminjaman` ON `detail_peminjaman`.`id_peminjaman` = `peminjaman`.`id_peminjaman`
LEFT JOIN `buku` ON `buku`.`id_buku` = `detail_peminjaman`.`id_buku`
GROUP BY `peminjaman`.`id_peminjaman`')
 3 SYSTEMPATH\Database\BaseBuilder.php(1649): CodeIgniter\Database\BaseConnection->query('SELECT `peminjaman`.*, `anggota`.`nama_user` as `nama_anggota`, GROUP_CONCAT(buku.judul SEPARATOR ", ") as judul_buku, GROUP_CONCAT(buku.cover SEPARATOR ", ") as cover_buku
FROM `peminjaman`
LEFT JOIN `anggota` ON `anggota`.`id` = `peminjaman`.`id_anggota`
LEFT JOIN `detail_peminjaman` ON `detail_peminjaman`.`id_peminjaman` = `peminjaman`.`id_peminjaman`
LEFT JOIN `buku` ON `buku`.`id_buku` = `detail_peminjaman`.`id_buku`
GROUP BY `peminjaman`.`id_peminjaman`', [], false)
 4 APPPATH\Controllers\peminjaman.php(47): CodeIgniter\Database\BaseBuilder->get()
 5 SYSTEMPATH\CodeIgniter.php(933): App\Controllers\Peminjaman->index()
 6 SYSTEMPATH\CodeIgniter.php(507): CodeIgniter\CodeIgniter->runController(Object(App\Controllers\Peminjaman))
 7 SYSTEMPATH\CodeIgniter.php(354): CodeIgniter\CodeIgniter->handleRequest(null, Object(Config\Cache), false)
 8 SYSTEMPATH\Boot.php(363): CodeIgniter\CodeIgniter->run()
 9 SYSTEMPATH\Boot.php(68): CodeIgniter\Boot::runCodeIgniter(Object(CodeIgniter\CodeIgniter))
10 FCPATH\index.php(59): CodeIgniter\Boot::bootWeb(Object(Config\Paths))
CRITICAL - 2026-04-25 13:48:23 --> [Caused by] mysqli_sql_exception: Unknown column 'anggota.nama_user' in 'field list'
in SYSTEMPATH\Database\MySQLi\Connection.php on line 327.
 1 SYSTEMPATH\Database\MySQLi\Connection.php(327): mysqli->query('SELECT `peminjaman`.*, `anggota`.`nama_user` as `nama_anggota`, GROUP_CONCAT(buku.judul SEPARATOR ", ") as judul_buku, GROUP_CONCAT(buku.cover SEPARATOR ", ") as cover_buku
FROM `peminjaman`
LEFT JOIN `anggota` ON `anggota`.`id` = `peminjaman`.`id_anggota`
LEFT JOIN `detail_peminjaman` ON `detail_peminjaman`.`id_peminjaman` = `peminjaman`.`id_peminjaman`
LEFT JOIN `buku` ON `buku`.`id_buku` = `detail_peminjaman`.`id_buku`
GROUP BY `peminjaman`.`id_peminjaman`', 0)
 2 SYSTEMPATH\Database\BaseConnection.php(729): CodeIgniter\Database\MySQLi\Connection->execute('SELECT `peminjaman`.*, `anggota`.`nama_user` as `nama_anggota`, GROUP_CONCAT(buku.judul SEPARATOR ", ") as judul_buku, GROUP_CONCAT(buku.cover SEPARATOR ", ") as cover_buku
FROM `peminjaman`
LEFT JOIN `anggota` ON `anggota`.`id` = `peminjaman`.`id_anggota`
LEFT JOIN `detail_peminjaman` ON `detail_peminjaman`.`id_peminjaman` = `peminjaman`.`id_peminjaman`
LEFT JOIN `buku` ON `buku`.`id_buku` = `detail_peminjaman`.`id_buku`
GROUP BY `peminjaman`.`id_peminjaman`')
 3 SYSTEMPATH\Database\BaseConnection.php(646): CodeIgniter\Database\BaseConnection->simpleQuery('SELECT `peminjaman`.*, `anggota`.`nama_user` as `nama_anggota`, GROUP_CONCAT(buku.judul SEPARATOR ", ") as judul_buku, GROUP_CONCAT(buku.cover SEPARATOR ", ") as cover_buku
FROM `peminjaman`
LEFT JOIN `anggota` ON `anggota`.`id` = `peminjaman`.`id_anggota`
LEFT JOIN `detail_peminjaman` ON `detail_peminjaman`.`id_peminjaman` = `peminjaman`.`id_peminjaman`
LEFT JOIN `buku` ON `buku`.`id_buku` = `detail_peminjaman`.`id_buku`
GROUP BY `peminjaman`.`id_peminjaman`')
 4 SYSTEMPATH\Database\BaseBuilder.php(1649): CodeIgniter\Database\BaseConnection->query('SELECT `peminjaman`.*, `anggota`.`nama_user` as `nama_anggota`, GROUP_CONCAT(buku.judul SEPARATOR ", ") as judul_buku, GROUP_CONCAT(buku.cover SEPARATOR ", ") as cover_buku
FROM `peminjaman`
LEFT JOIN `anggota` ON `anggota`.`id` = `peminjaman`.`id_anggota`
LEFT JOIN `detail_peminjaman` ON `detail_peminjaman`.`id_peminjaman` = `peminjaman`.`id_peminjaman`
LEFT JOIN `buku` ON `buku`.`id_buku` = `detail_peminjaman`.`id_buku`
GROUP BY `peminjaman`.`id_peminjaman`', [], false)
 5 APPPATH\Controllers\peminjaman.php(47): CodeIgniter\Database\BaseBuilder->get()
 6 SYSTEMPATH\CodeIgniter.php(933): App\Controllers\Peminjaman->index()
 7 SYSTEMPATH\CodeIgniter.php(507): CodeIgniter\CodeIgniter->runController(Object(App\Controllers\Peminjaman))
 8 SYSTEMPATH\CodeIgniter.php(354): CodeIgniter\CodeIgniter->handleRequest(null, Object(Config\Cache), false)
 9 SYSTEMPATH\Boot.php(363): CodeIgniter\CodeIgniter->run()
10 SYSTEMPATH\Boot.php(68): CodeIgniter\Boot::runCodeIgniter(Object(CodeIgniter\CodeIgniter))
11 FCPATH\index.php(59): CodeIgniter\Boot::bootWeb(Object(Config\Paths))
DEBUG - 2026-04-25 13:48:24 --> Session: Class initialized using 'CodeIgniter\Session\Handlers\FileHandler' driver.
DEBUG - 2026-04-25 13:48:27 --> Session: Class initialized using 'CodeIgniter\Session\Handlers\FileHandler' driver.
ERROR - 2026-04-25 13:48:29 --> mysqli_sql_exception: Unknown column 'anggota.nama_user' in 'field list' in C:\xampp\htdocs\perpus\system\Database\MySQLi\Connection.php:327
Stack trace:
#0 C:\xampp\htdocs\perpus\system\Database\MySQLi\Connection.php(327): mysqli->query('SELECT `peminja...', 0)
#1 C:\xampp\htdocs\perpus\system\Database\BaseConnection.php(729): CodeIgniter\Database\MySQLi\Connection->execute('SELECT `peminja...')
#2 C:\xampp\htdocs\perpus\system\Database\BaseConnection.php(646): CodeIgniter\Database\BaseConnection->simpleQuery('SELECT `peminja...')
#3 C:\xampp\htdocs\perpus\system\Database\BaseBuilder.php(1649): CodeIgniter\Database\BaseConnection->query('SELECT `peminja...', Array, false)
#4 C:\xampp\htdocs\perpus\app\Controllers\peminjaman.php(47): CodeIgniter\Database\BaseBuilder->get()
#5 C:\xampp\htdocs\perpus\system\CodeIgniter.php(933): App\Controllers\Peminjaman->index()
#6 C:\xampp\htdocs\perpus\system\CodeIgniter.php(507): CodeIgniter\CodeIgniter->runController(Object(App\Controllers\Peminjaman))
#7 C:\xampp\htdocs\perpus\system\CodeIgniter.php(354): CodeIgniter\CodeIgniter->handleRequest(NULL, Object(Config\Cache), false)
#8 C:\xampp\htdocs\perpus\system\Boot.php(363): CodeIgniter\CodeIgniter->run()
#9 C:\xampp\htdocs\perpus\system\Boot.php(68): CodeIgniter\Boot::runCodeIgniter(Object(CodeIgniter\CodeIgniter))
#10 C:\xampp\htdocs\perpus\index.php(59): CodeIgniter\Boot::bootWeb(Object(Config\Paths))
#11 {main}
CRITICAL - 2026-04-25 13:48:29 --> CodeIgniter\Database\Exceptions\DatabaseException: Unknown column 'anggota.nama_user' in 'field list'
[Method: GET, Route: peminjaman]
in SYSTEMPATH\Database\BaseConnection.php on line 684.
 1 SYSTEMPATH\Database\BaseBuilder.php(1649): CodeIgniter\Database\BaseConnection->query('SELECT `peminjaman`.*, `anggota`.`nama_user` as `nama_anggota`, GROUP_CONCAT(buku.judul SEPARATOR ", ") as judul_buku, GROUP_CONCAT(buku.cover SEPARATOR ", ") as cover_buku
FROM `peminjaman`
LEFT JOIN `anggota` ON `anggota`.`id` = `peminjaman`.`id_anggota`
LEFT JOIN `detail_peminjaman` ON `detail_peminjaman`.`id_peminjaman` = `peminjaman`.`id_peminjaman`
LEFT JOIN `buku` ON `buku`.`id_buku` = `detail_peminjaman`.`id_buku`
GROUP BY `peminjaman`.`id_peminjaman`', [], false)
 2 APPPATH\Controllers\peminjaman.php(47): CodeIgniter\Database\BaseBuilder->get()
 3 SYSTEMPATH\CodeIgniter.php(933): App\Controllers\Peminjaman->index()
 4 SYSTEMPATH\CodeIgniter.php(507): CodeIgniter\CodeIgniter->runController(Object(App\Controllers\Peminjaman))
 5 SYSTEMPATH\CodeIgniter.php(354): CodeIgniter\CodeIgniter->handleRequest(null, Object(Config\Cache), false)
 6 SYSTEMPATH\Boot.php(363): CodeIgniter\CodeIgniter->run()
 7 SYSTEMPATH\Boot.php(68): CodeIgniter\Boot::runCodeIgniter(Object(CodeIgniter\CodeIgniter))
 8 FCPATH\index.php(59): CodeIgniter\Boot::bootWeb(Object(Config\Paths))
CRITICAL - 2026-04-25 13:48:29 --> [Caused by] CodeIgniter\Database\Exceptions\DatabaseException: Unknown column 'anggota.nama_user' in 'field list'
in SYSTEMPATH\Database\MySQLi\Connection.php on line 332.
 1 SYSTEMPATH\Database\BaseConnection.php(729): CodeIgniter\Database\MySQLi\Connection->execute('SELECT `peminjaman`.*, `anggota`.`nama_user` as `nama_anggota`, GROUP_CONCAT(buku.judul SEPARATOR ", ") as judul_buku, GROUP_CONCAT(buku.cover SEPARATOR ", ") as cover_buku
FROM `peminjaman`
LEFT JOIN `anggota` ON `anggota`.`id` = `peminjaman`.`id_anggota`
LEFT JOIN `detail_peminjaman` ON `detail_peminjaman`.`id_peminjaman` = `peminjaman`.`id_peminjaman`
LEFT JOIN `buku` ON `buku`.`id_buku` = `detail_peminjaman`.`id_buku`
GROUP BY `peminjaman`.`id_peminjaman`')
 2 SYSTEMPATH\Database\BaseConnection.php(646): CodeIgniter\Database\BaseConnection->simpleQuery('SELECT `peminjaman`.*, `anggota`.`nama_user` as `nama_anggota`, GROUP_CONCAT(buku.judul SEPARATOR ", ") as judul_buku, GROUP_CONCAT(buku.cover SEPARATOR ", ") as cover_buku
FROM `peminjaman`
LEFT JOIN `anggota` ON `anggota`.`id` = `peminjaman`.`id_anggota`
LEFT JOIN `detail_peminjaman` ON `detail_peminjaman`.`id_peminjaman` = `peminjaman`.`id_peminjaman`
LEFT JOIN `buku` ON `buku`.`id_buku` = `detail_peminjaman`.`id_buku`
GROUP BY `peminjaman`.`id_peminjaman`')
 3 SYSTEMPATH\Database\BaseBuilder.php(1649): CodeIgniter\Database\BaseConnection->query('SELECT `peminjaman`.*, `anggota`.`nama_user` as `nama_anggota`, GROUP_CONCAT(buku.judul SEPARATOR ", ") as judul_buku, GROUP_CONCAT(buku.cover SEPARATOR ", ") as cover_buku
FROM `peminjaman`
LEFT JOIN `anggota` ON `anggota`.`id` = `peminjaman`.`id_anggota`
LEFT JOIN `detail_peminjaman` ON `detail_peminjaman`.`id_peminjaman` = `peminjaman`.`id_peminjaman`
LEFT JOIN `buku` ON `buku`.`id_buku` = `detail_peminjaman`.`id_buku`
GROUP BY `peminjaman`.`id_peminjaman`', [], false)
 4 APPPATH\Controllers\peminjaman.php(47): CodeIgniter\Database\BaseBuilder->get()
 5 SYSTEMPATH\CodeIgniter.php(933): App\Controllers\Peminjaman->index()
 6 SYSTEMPATH\CodeIgniter.php(507): CodeIgniter\CodeIgniter->runController(Object(App\Controllers\Peminjaman))
 7 SYSTEMPATH\CodeIgniter.php(354): CodeIgniter\CodeIgniter->handleRequest(null, Object(Config\Cache), false)
 8 SYSTEMPATH\Boot.php(363): CodeIgniter\CodeIgniter->run()
 9 SYSTEMPATH\Boot.php(68): CodeIgniter\Boot::runCodeIgniter(Object(CodeIgniter\CodeIgniter))
10 FCPATH\index.php(59): CodeIgniter\Boot::bootWeb(Object(Config\Paths))
CRITICAL - 2026-04-25 13:48:29 --> [Caused by] mysqli_sql_exception: Unknown column 'anggota.nama_user' in 'field list'
in SYSTEMPATH\Database\MySQLi\Connection.php on line 327.
 1 SYSTEMPATH\Database\MySQLi\Connection.php(327): mysqli->query('SELECT `peminjaman`.*, `anggota`.`nama_user` as `nama_anggota`, GROUP_CONCAT(buku.judul SEPARATOR ", ") as judul_buku, GROUP_CONCAT(buku.cover SEPARATOR ", ") as cover_buku
FROM `peminjaman`
LEFT JOIN `anggota` ON `anggota`.`id` = `peminjaman`.`id_anggota`
LEFT JOIN `detail_peminjaman` ON `detail_peminjaman`.`id_peminjaman` = `peminjaman`.`id_peminjaman`
LEFT JOIN `buku` ON `buku`.`id_buku` = `detail_peminjaman`.`id_buku`
GROUP BY `peminjaman`.`id_peminjaman`', 0)
 2 SYSTEMPATH\Database\BaseConnection.php(729): CodeIgniter\Database\MySQLi\Connection->execute('SELECT `peminjaman`.*, `anggota`.`nama_user` as `nama_anggota`, GROUP_CONCAT(buku.judul SEPARATOR ", ") as judul_buku, GROUP_CONCAT(buku.cover SEPARATOR ", ") as cover_buku
FROM `peminjaman`
LEFT JOIN `anggota` ON `anggota`.`id` = `peminjaman`.`id_anggota`
LEFT JOIN `detail_peminjaman` ON `detail_peminjaman`.`id_peminjaman` = `peminjaman`.`id_peminjaman`
LEFT JOIN `buku` ON `buku`.`id_buku` = `detail_peminjaman`.`id_buku`
GROUP BY `peminjaman`.`id_peminjaman`')
 3 SYSTEMPATH\Database\BaseConnection.php(646): CodeIgniter\Database\BaseConnection->simpleQuery('SELECT `peminjaman`.*, `anggota`.`nama_user` as `nama_anggota`, GROUP_CONCAT(buku.judul SEPARATOR ", ") as judul_buku, GROUP_CONCAT(buku.cover SEPARATOR ", ") as cover_buku
FROM `peminjaman`
LEFT JOIN `anggota` ON `anggota`.`id` = `peminjaman`.`id_anggota`
LEFT JOIN `detail_peminjaman` ON `detail_peminjaman`.`id_peminjaman` = `peminjaman`.`id_peminjaman`
LEFT JOIN `buku` ON `buku`.`id_buku` = `detail_peminjaman`.`id_buku`
GROUP BY `peminjaman`.`id_peminjaman`')
 4 SYSTEMPATH\Database\BaseBuilder.php(1649): CodeIgniter\Database\BaseConnection->query('SELECT `peminjaman`.*, `anggota`.`nama_user` as `nama_anggota`, GROUP_CONCAT(buku.judul SEPARATOR ", ") as judul_buku, GROUP_CONCAT(buku.cover SEPARATOR ", ") as cover_buku
FROM `peminjaman`
LEFT JOIN `anggota` ON `anggota`.`id` = `peminjaman`.`id_anggota`
LEFT JOIN `detail_peminjaman` ON `detail_peminjaman`.`id_peminjaman` = `peminjaman`.`id_peminjaman`
LEFT JOIN `buku` ON `buku`.`id_buku` = `detail_peminjaman`.`id_buku`
GROUP BY `peminjaman`.`id_peminjaman`', [], false)
 5 APPPATH\Controllers\peminjaman.php(47): CodeIgniter\Database\BaseBuilder->get()
 6 SYSTEMPATH\CodeIgniter.php(933): App\Controllers\Peminjaman->index()
 7 SYSTEMPATH\CodeIgniter.php(507): CodeIgniter\CodeIgniter->runController(Object(App\Controllers\Peminjaman))
 8 SYSTEMPATH\CodeIgniter.php(354): CodeIgniter\CodeIgniter->handleRequest(null, Object(Config\Cache), false)
 9 SYSTEMPATH\Boot.php(363): CodeIgniter\CodeIgniter->run()
10 SYSTEMPATH\Boot.php(68): CodeIgniter\Boot::runCodeIgniter(Object(CodeIgniter\CodeIgniter))
11 FCPATH\index.php(59): CodeIgniter\Boot::bootWeb(Object(Config\Paths))
ERROR - 2026-04-25 13:52:57 --> mysqli_sql_exception: Unknown column 'anggota.nama_user' in 'field list' in C:\xampp\htdocs\perpus\system\Database\MySQLi\Connection.php:327
Stack trace:
#0 C:\xampp\htdocs\perpus\system\Database\MySQLi\Connection.php(327): mysqli->query('SELECT `peminja...', 0)
#1 C:\xampp\htdocs\perpus\system\Database\BaseConnection.php(729): CodeIgniter\Database\MySQLi\Connection->execute('SELECT `peminja...')
#2 C:\xampp\htdocs\perpus\system\Database\BaseConnection.php(646): CodeIgniter\Database\BaseConnection->simpleQuery('SELECT `peminja...')
#3 C:\xampp\htdocs\perpus\system\Database\BaseBuilder.php(1649): CodeIgniter\Database\BaseConnection->query('SELECT `peminja...', Array, false)
#4 C:\xampp\htdocs\perpus\app\Controllers\peminjaman.php(43): CodeIgniter\Database\BaseBuilder->get()
#5 C:\xampp\htdocs\perpus\system\CodeIgniter.php(933): App\Controllers\Peminjaman->index()
#6 C:\xampp\htdocs\perpus\system\CodeIgniter.php(507): CodeIgniter\CodeIgniter->runController(Object(App\Controllers\Peminjaman))
#7 C:\xampp\htdocs\perpus\system\CodeIgniter.php(354): CodeIgniter\CodeIgniter->handleRequest(NULL, Object(Config\Cache), false)
#8 C:\xampp\htdocs\perpus\system\Boot.php(363): CodeIgniter\CodeIgniter->run()
#9 C:\xampp\htdocs\perpus\system\Boot.php(68): CodeIgniter\Boot::runCodeIgniter(Object(CodeIgniter\CodeIgniter))
#10 C:\xampp\htdocs\perpus\index.php(59): CodeIgniter\Boot::bootWeb(Object(Config\Paths))
#11 {main}
CRITICAL - 2026-04-25 13:52:57 --> CodeIgniter\Database\Exceptions\DatabaseException: Unknown column 'anggota.nama_user' in 'field list'
[Method: GET, Route: peminjaman]
in SYSTEMPATH\Database\BaseConnection.php on line 684.
 1 SYSTEMPATH\Database\BaseBuilder.php(1649): CodeIgniter\Database\BaseConnection->query('SELECT `peminjaman`.*, `anggota`.`nama_user` as `nama_anggota`, GROUP_CONCAT(buku.judul SEPARATOR ", ") as judul_buku, GROUP_CONCAT(buku.cover SEPARATOR ", ") as cover_buku
FROM `peminjaman`
LEFT JOIN `anggota` ON `anggota`.`id` = `peminjaman`.`id_anggota`
LEFT JOIN `detail_peminjaman` ON `detail_peminjaman`.`id_peminjaman` = `peminjaman`.`id_peminjaman`
LEFT JOIN `buku` ON `buku`.`id_buku` = `detail_peminjaman`.`id_buku`
GROUP BY `peminjaman`.`id_peminjaman`
ORDER BY `peminjaman`.`id_peminjaman` DESC', [], false)
 2 APPPATH\Controllers\peminjaman.php(43): CodeIgniter\Database\BaseBuilder->get()
 3 SYSTEMPATH\CodeIgniter.php(933): App\Controllers\Peminjaman->index()
 4 SYSTEMPATH\CodeIgniter.php(507): CodeIgniter\CodeIgniter->runController(Object(App\Controllers\Peminjaman))
 5 SYSTEMPATH\CodeIgniter.php(354): CodeIgniter\CodeIgniter->handleRequest(null, Object(Config\Cache), false)
 6 SYSTEMPATH\Boot.php(363): CodeIgniter\CodeIgniter->run()
 7 SYSTEMPATH\Boot.php(68): CodeIgniter\Boot::runCodeIgniter(Object(CodeIgniter\CodeIgniter))
 8 FCPATH\index.php(59): CodeIgniter\Boot::bootWeb(Object(Config\Paths))
CRITICAL - 2026-04-25 13:52:57 --> [Caused by] CodeIgniter\Database\Exceptions\DatabaseException: Unknown column 'anggota.nama_user' in 'field list'
in SYSTEMPATH\Database\MySQLi\Connection.php on line 332.
 1 SYSTEMPATH\Database\BaseConnection.php(729): CodeIgniter\Database\MySQLi\Connection->execute('SELECT `peminjaman`.*, `anggota`.`nama_user` as `nama_anggota`, GROUP_CONCAT(buku.judul SEPARATOR ", ") as judul_buku, GROUP_CONCAT(buku.cover SEPARATOR ", ") as cover_buku
FROM `peminjaman`
LEFT JOIN `anggota` ON `anggota`.`id` = `peminjaman`.`id_anggota`
LEFT JOIN `detail_peminjaman` ON `detail_peminjaman`.`id_peminjaman` = `peminjaman`.`id_peminjaman`
LEFT JOIN `buku` ON `buku`.`id_buku` = `detail_peminjaman`.`id_buku`
GROUP BY `peminjaman`.`id_peminjaman`
ORDER BY `peminjaman`.`id_peminjaman` DESC')
 2 SYSTEMPATH\Database\BaseConnection.php(646): CodeIgniter\Database\BaseConnection->simpleQuery('SELECT `peminjaman`.*, `anggota`.`nama_user` as `nama_anggota`, GROUP_CONCAT(buku.judul SEPARATOR ", ") as judul_buku, GROUP_CONCAT(buku.cover SEPARATOR ", ") as cover_buku
FROM `peminjaman`
LEFT JOIN `anggota` ON `anggota`.`id` = `peminjaman`.`id_anggota`
LEFT JOIN `detail_peminjaman` ON `detail_peminjaman`.`id_peminjaman` = `peminjaman`.`id_peminjaman`
LEFT JOIN `buku` ON `buku`.`id_buku` = `detail_peminjaman`.`id_buku`
GROUP BY `peminjaman`.`id_peminjaman`
ORDER BY `peminjaman`.`id_peminjaman` DESC')
 3 SYSTEMPATH\Database\BaseBuilder.php(1649): CodeIgniter\Database\BaseConnection->query('SELECT `peminjaman`.*, `anggota`.`nama_user` as `nama_anggota`, GROUP_CONCAT(buku.judul SEPARATOR ", ") as judul_buku, GROUP_CONCAT(buku.cover SEPARATOR ", ") as cover_buku
FROM `peminjaman`
LEFT JOIN `anggota` ON `anggota`.`id` = `peminjaman`.`id_anggota`
LEFT JOIN `detail_peminjaman` ON `detail_peminjaman`.`id_peminjaman` = `peminjaman`.`id_peminjaman`
LEFT JOIN `buku` ON `buku`.`id_buku` = `detail_peminjaman`.`id_buku`
GROUP BY `peminjaman`.`id_peminjaman`
ORDER BY `peminjaman`.`id_peminjaman` DESC', [], false)
 4 APPPATH\Controllers\peminjaman.php(43): CodeIgniter\Database\BaseBuilder->get()
 5 SYSTEMPATH\CodeIgniter.php(933): App\Controllers\Peminjaman->index()
 6 SYSTEMPATH\CodeIgniter.php(507): CodeIgniter\CodeIgniter->runController(Object(App\Controllers\Peminjaman))
 7 SYSTEMPATH\CodeIgniter.php(354): CodeIgniter\CodeIgniter->handleRequest(null, Object(Config\Cache), false)
 8 SYSTEMPATH\Boot.php(363): CodeIgniter\CodeIgniter->run()
 9 SYSTEMPATH\Boot.php(68): CodeIgniter\Boot::runCodeIgniter(Object(CodeIgniter\CodeIgniter))
10 FCPATH\index.php(59): CodeIgniter\Boot::bootWeb(Object(Config\Paths))
CRITICAL - 2026-04-25 13:52:57 --> [Caused by] mysqli_sql_exception: Unknown column 'anggota.nama_user' in 'field list'
in SYSTEMPATH\Database\MySQLi\Connection.php on line 327.
 1 SYSTEMPATH\Database\MySQLi\Connection.php(327): mysqli->query('SELECT `peminjaman`.*, `anggota`.`nama_user` as `nama_anggota`, GROUP_CONCAT(buku.judul SEPARATOR ", ") as judul_buku, GROUP_CONCAT(buku.cover SEPARATOR ", ") as cover_buku
FROM `peminjaman`
LEFT JOIN `anggota` ON `anggota`.`id` = `peminjaman`.`id_anggota`
LEFT JOIN `detail_peminjaman` ON `detail_peminjaman`.`id_peminjaman` = `peminjaman`.`id_peminjaman`
LEFT JOIN `buku` ON `buku`.`id_buku` = `detail_peminjaman`.`id_buku`
GROUP BY `peminjaman`.`id_peminjaman`
ORDER BY `peminjaman`.`id_peminjaman` DESC', 0)
 2 SYSTEMPATH\Database\BaseConnection.php(729): CodeIgniter\Database\MySQLi\Connection->execute('SELECT `peminjaman`.*, `anggota`.`nama_user` as `nama_anggota`, GROUP_CONCAT(buku.judul SEPARATOR ", ") as judul_buku, GROUP_CONCAT(buku.cover SEPARATOR ", ") as cover_buku
FROM `peminjaman`
LEFT JOIN `anggota` ON `anggota`.`id` = `peminjaman`.`id_anggota`
LEFT JOIN `detail_peminjaman` ON `detail_peminjaman`.`id_peminjaman` = `peminjaman`.`id_peminjaman`
LEFT JOIN `buku` ON `buku`.`id_buku` = `detail_peminjaman`.`id_buku`
GROUP BY `peminjaman`.`id_peminjaman`
ORDER BY `peminjaman`.`id_peminjaman` DESC')
 3 SYSTEMPATH\Database\BaseConnection.php(646): CodeIgniter\Database\BaseConnection->simpleQuery('SELECT `peminjaman`.*, `anggota`.`nama_user` as `nama_anggota`, GROUP_CONCAT(buku.judul SEPARATOR ", ") as judul_buku, GROUP_CONCAT(buku.cover SEPARATOR ", ") as cover_buku
FROM `peminjaman`
LEFT JOIN `anggota` ON `anggota`.`id` = `peminjaman`.`id_anggota`
LEFT JOIN `detail_peminjaman` ON `detail_peminjaman`.`id_peminjaman` = `peminjaman`.`id_peminjaman`
LEFT JOIN `buku` ON `buku`.`id_buku` = `detail_peminjaman`.`id_buku`
GROUP BY `peminjaman`.`id_peminjaman`
ORDER BY `peminjaman`.`id_peminjaman` DESC')
 4 SYSTEMPATH\Database\BaseBuilder.php(1649): CodeIgniter\Database\BaseConnection->query('SELECT `peminjaman`.*, `anggota`.`nama_user` as `nama_anggota`, GROUP_CONCAT(buku.judul SEPARATOR ", ") as judul_buku, GROUP_CONCAT(buku.cover SEPARATOR ", ") as cover_buku
FROM `peminjaman`
LEFT JOIN `anggota` ON `anggota`.`id` = `peminjaman`.`id_anggota`
LEFT JOIN `detail_peminjaman` ON `detail_peminjaman`.`id_peminjaman` = `peminjaman`.`id_peminjaman`
LEFT JOIN `buku` ON `buku`.`id_buku` = `detail_peminjaman`.`id_buku`
GROUP BY `peminjaman`.`id_peminjaman`
ORDER BY `peminjaman`.`id_peminjaman` DESC', [], false)
 5 APPPATH\Controllers\peminjaman.php(43): CodeIgniter\Database\BaseBuilder->get()
 6 SYSTEMPATH\CodeIgniter.php(933): App\Controllers\Peminjaman->index()
 7 SYSTEMPATH\CodeIgniter.php(507): CodeIgniter\CodeIgniter->runController(Object(App\Controllers\Peminjaman))
 8 SYSTEMPATH\CodeIgniter.php(354): CodeIgniter\CodeIgniter->handleRequest(null, Object(Config\Cache), false)
 9 SYSTEMPATH\Boot.php(363): CodeIgniter\CodeIgniter->run()
10 SYSTEMPATH\Boot.php(68): CodeIgniter\Boot::runCodeIgniter(Object(CodeIgniter\CodeIgniter))
11 FCPATH\index.php(59): CodeIgniter\Boot::bootWeb(Object(Config\Paths))
ERROR - 2026-04-25 13:55:22 --> mysqli_sql_exception: Unknown column 'anggota.id' in 'on clause' in C:\xampp\htdocs\perpus\system\Database\MySQLi\Connection.php:327
Stack trace:
#0 C:\xampp\htdocs\perpus\system\Database\MySQLi\Connection.php(327): mysqli->query('SELECT `peminja...', 0)
#1 C:\xampp\htdocs\perpus\system\Database\BaseConnection.php(729): CodeIgniter\Database\MySQLi\Connection->execute('SELECT `peminja...')
#2 C:\xampp\htdocs\perpus\system\Database\BaseConnection.php(646): CodeIgniter\Database\BaseConnection->simpleQuery('SELECT `peminja...')
#3 C:\xampp\htdocs\perpus\system\Database\BaseBuilder.php(1649): CodeIgniter\Database\BaseConnection->query('SELECT `peminja...', Array, false)
#4 C:\xampp\htdocs\perpus\app\Controllers\peminjaman.php(38): CodeIgniter\Database\BaseBuilder->get()
#5 C:\xampp\htdocs\perpus\system\CodeIgniter.php(933): App\Controllers\Peminjaman->index()
#6 C:\xampp\htdocs\perpus\system\CodeIgniter.php(507): CodeIgniter\CodeIgniter->runController(Object(App\Controllers\Peminjaman))
#7 C:\xampp\htdocs\perpus\system\CodeIgniter.php(354): CodeIgniter\CodeIgniter->handleRequest(NULL, Object(Config\Cache), false)
#8 C:\xampp\htdocs\perpus\system\Boot.php(363): CodeIgniter\CodeIgniter->run()
#9 C:\xampp\htdocs\perpus\system\Boot.php(68): CodeIgniter\Boot::runCodeIgniter(Object(CodeIgniter\CodeIgniter))
#10 C:\xampp\htdocs\perpus\index.php(59): CodeIgniter\Boot::bootWeb(Object(Config\Paths))
#11 {main}
CRITICAL - 2026-04-25 13:55:22 --> CodeIgniter\Database\Exceptions\DatabaseException: Unknown column 'anggota.id' in 'on clause'
[Method: GET, Route: peminjaman]
in SYSTEMPATH\Database\BaseConnection.php on line 684.
 1 SYSTEMPATH\Database\BaseBuilder.php(1649): CodeIgniter\Database\BaseConnection->query('SELECT `peminjaman`.*
FROM `peminjaman`
LEFT JOIN `anggota` ON `anggota`.`id` = `peminjaman`.`id_anggota`', [], false)
 2 APPPATH\Controllers\peminjaman.php(38): CodeIgniter\Database\BaseBuilder->get()
 3 SYSTEMPATH\CodeIgniter.php(933): App\Controllers\Peminjaman->index()
 4 SYSTEMPATH\CodeIgniter.php(507): CodeIgniter\CodeIgniter->runController(Object(App\Controllers\Peminjaman))
 5 SYSTEMPATH\CodeIgniter.php(354): CodeIgniter\CodeIgniter->handleRequest(null, Object(Config\Cache), false)
 6 SYSTEMPATH\Boot.php(363): CodeIgniter\CodeIgniter->run()
 7 SYSTEMPATH\Boot.php(68): CodeIgniter\Boot::runCodeIgniter(Object(CodeIgniter\CodeIgniter))
 8 FCPATH\index.php(59): CodeIgniter\Boot::bootWeb(Object(Config\Paths))
CRITICAL - 2026-04-25 13:55:22 --> [Caused by] CodeIgniter\Database\Exceptions\DatabaseException: Unknown column 'anggota.id' in 'on clause'
in SYSTEMPATH\Database\MySQLi\Connection.php on line 332.
 1 SYSTEMPATH\Database\BaseConnection.php(729): CodeIgniter\Database\MySQLi\Connection->execute('SELECT `peminjaman`.*
FROM `peminjaman`
LEFT JOIN `anggota` ON `anggota`.`id` = `peminjaman`.`id_anggota`')
 2 SYSTEMPATH\Database\BaseConnection.php(646): CodeIgniter\Database\BaseConnection->simpleQuery('SELECT `peminjaman`.*
FROM `peminjaman`
LEFT JOIN `anggota` ON `anggota`.`id` = `peminjaman`.`id_anggota`')
 3 SYSTEMPATH\Database\BaseBuilder.php(1649): CodeIgniter\Database\BaseConnection->query('SELECT `peminjaman`.*
FROM `peminjaman`
LEFT JOIN `anggota` ON `anggota`.`id` = `peminjaman`.`id_anggota`', [], false)
 4 APPPATH\Controllers\peminjaman.php(38): CodeIgniter\Database\BaseBuilder->get()
 5 SYSTEMPATH\CodeIgniter.php(933): App\Controllers\Peminjaman->index()
 6 SYSTEMPATH\CodeIgniter.php(507): CodeIgniter\CodeIgniter->runController(Object(App\Controllers\Peminjaman))
 7 SYSTEMPATH\CodeIgniter.php(354): CodeIgniter\CodeIgniter->handleRequest(null, Object(Config\Cache), false)
 8 SYSTEMPATH\Boot.php(363): CodeIgniter\CodeIgniter->run()
 9 SYSTEMPATH\Boot.php(68): CodeIgniter\Boot::runCodeIgniter(Object(CodeIgniter\CodeIgniter))
10 FCPATH\index.php(59): CodeIgniter\Boot::bootWeb(Object(Config\Paths))
CRITICAL - 2026-04-25 13:55:22 --> [Caused by] mysqli_sql_exception: Unknown column 'anggota.id' in 'on clause'
in SYSTEMPATH\Database\MySQLi\Connection.php on line 327.
 1 SYSTEMPATH\Database\MySQLi\Connection.php(327): mysqli->query('SELECT `peminjaman`.*
FROM `peminjaman`
LEFT JOIN `anggota` ON `anggota`.`id` = `peminjaman`.`id_anggota`', 0)
 2 SYSTEMPATH\Database\BaseConnection.php(729): CodeIgniter\Database\MySQLi\Connection->execute('SELECT `peminjaman`.*
FROM `peminjaman`
LEFT JOIN `anggota` ON `anggota`.`id` = `peminjaman`.`id_anggota`')
 3 SYSTEMPATH\Database\BaseConnection.php(646): CodeIgniter\Database\BaseConnection->simpleQuery('SELECT `peminjaman`.*
FROM `peminjaman`
LEFT JOIN `anggota` ON `anggota`.`id` = `peminjaman`.`id_anggota`')
 4 SYSTEMPATH\Database\BaseBuilder.php(1649): CodeIgniter\Database\BaseConnection->query('SELECT `peminjaman`.*
FROM `peminjaman`
LEFT JOIN `anggota` ON `anggota`.`id` = `peminjaman`.`id_anggota`', [], false)
 5 APPPATH\Controllers\peminjaman.php(38): CodeIgniter\Database\BaseBuilder->get()
 6 SYSTEMPATH\CodeIgniter.php(933): App\Controllers\Peminjaman->index()
 7 SYSTEMPATH\CodeIgniter.php(507): CodeIgniter\CodeIgniter->runController(Object(App\Controllers\Peminjaman))
 8 SYSTEMPATH\CodeIgniter.php(354): CodeIgniter\CodeIgniter->handleRequest(null, Object(Config\Cache), false)
 9 SYSTEMPATH\Boot.php(363): CodeIgniter\CodeIgniter->run()
10 SYSTEMPATH\Boot.php(68): CodeIgniter\Boot::runCodeIgniter(Object(CodeIgniter\CodeIgniter))
11 FCPATH\index.php(59): CodeIgniter\Boot::bootWeb(Object(Config\Paths))
ERROR - 2026-04-25 13:57:25 --> mysqli_sql_exception: Unknown column 'anggota.id' in 'on clause' in C:\xampp\htdocs\perpus\system\Database\MySQLi\Connection.php:327
Stack trace:
#0 C:\xampp\htdocs\perpus\system\Database\MySQLi\Connection.php(327): mysqli->query('SELECT `peminja...', 0)
#1 C:\xampp\htdocs\perpus\system\Database\BaseConnection.php(729): CodeIgniter\Database\MySQLi\Connection->execute('SELECT `peminja...')
#2 C:\xampp\htdocs\perpus\system\Database\BaseConnection.php(646): CodeIgniter\Database\BaseConnection->simpleQuery('SELECT `peminja...')
#3 C:\xampp\htdocs\perpus\system\Database\BaseBuilder.php(1649): CodeIgniter\Database\BaseConnection->query('SELECT `peminja...', Array, false)
#4 C:\xampp\htdocs\perpus\app\Controllers\peminjaman.php(38): CodeIgniter\Database\BaseBuilder->get()
#5 C:\xampp\htdocs\perpus\system\CodeIgniter.php(933): App\Controllers\Peminjaman->index()
#6 C:\xampp\htdocs\perpus\system\CodeIgniter.php(507): CodeIgniter\CodeIgniter->runController(Object(App\Controllers\Peminjaman))
#7 C:\xampp\htdocs\perpus\system\CodeIgniter.php(354): CodeIgniter\CodeIgniter->handleRequest(NULL, Object(Config\Cache), false)
#8 C:\xampp\htdocs\perpus\system\Boot.php(363): CodeIgniter\CodeIgniter->run()
#9 C:\xampp\htdocs\perpus\system\Boot.php(68): CodeIgniter\Boot::runCodeIgniter(Object(CodeIgniter\CodeIgniter))
#10 C:\xampp\htdocs\perpus\index.php(59): CodeIgniter\Boot::bootWeb(Object(Config\Paths))
#11 {main}
CRITICAL - 2026-04-25 13:57:25 --> CodeIgniter\Database\Exceptions\DatabaseException: Unknown column 'anggota.id' in 'on clause'
[Method: GET, Route: peminjaman]
in SYSTEMPATH\Database\BaseConnection.php on line 684.
 1 SYSTEMPATH\Database\BaseBuilder.php(1649): CodeIgniter\Database\BaseConnection->query('SELECT `peminjaman`.*
FROM `peminjaman`
LEFT JOIN `anggota` ON `anggota`.`id` = `peminjaman`.`id_anggota`', [], false)
 2 APPPATH\Controllers\peminjaman.php(38): CodeIgniter\Database\BaseBuilder->get()
 3 SYSTEMPATH\CodeIgniter.php(933): App\Controllers\Peminjaman->index()
 4 SYSTEMPATH\CodeIgniter.php(507): CodeIgniter\CodeIgniter->runController(Object(App\Controllers\Peminjaman))
 5 SYSTEMPATH\CodeIgniter.php(354): CodeIgniter\CodeIgniter->handleRequest(null, Object(Config\Cache), false)
 6 SYSTEMPATH\Boot.php(363): CodeIgniter\CodeIgniter->run()
 7 SYSTEMPATH\Boot.php(68): CodeIgniter\Boot::runCodeIgniter(Object(CodeIgniter\CodeIgniter))
 8 FCPATH\index.php(59): CodeIgniter\Boot::bootWeb(Object(Config\Paths))
CRITICAL - 2026-04-25 13:57:25 --> [Caused by] CodeIgniter\Database\Exceptions\DatabaseException: Unknown column 'anggota.id' in 'on clause'
in SYSTEMPATH\Database\MySQLi\Connection.php on line 332.
 1 SYSTEMPATH\Database\BaseConnection.php(729): CodeIgniter\Database\MySQLi\Connection->execute('SELECT `peminjaman`.*
FROM `peminjaman`
LEFT JOIN `anggota` ON `anggota`.`id` = `peminjaman`.`id_anggota`')
 2 SYSTEMPATH\Database\BaseConnection.php(646): CodeIgniter\Database\BaseConnection->simpleQuery('SELECT `peminjaman`.*
FROM `peminjaman`
LEFT JOIN `anggota` ON `anggota`.`id` = `peminjaman`.`id_anggota`')
 3 SYSTEMPATH\Database\BaseBuilder.php(1649): CodeIgniter\Database\BaseConnection->query('SELECT `peminjaman`.*
FROM `peminjaman`
LEFT JOIN `anggota` ON `anggota`.`id` = `peminjaman`.`id_anggota`', [], false)
 4 APPPATH\Controllers\peminjaman.php(38): CodeIgniter\Database\BaseBuilder->get()
 5 SYSTEMPATH\CodeIgniter.php(933): App\Controllers\Peminjaman->index()
 6 SYSTEMPATH\CodeIgniter.php(507): CodeIgniter\CodeIgniter->runController(Object(App\Controllers\Peminjaman))
 7 SYSTEMPATH\CodeIgniter.php(354): CodeIgniter\CodeIgniter->handleRequest(null, Object(Config\Cache), false)
 8 SYSTEMPATH\Boot.php(363): CodeIgniter\CodeIgniter->run()
 9 SYSTEMPATH\Boot.php(68): CodeIgniter\Boot::runCodeIgniter(Object(CodeIgniter\CodeIgniter))
10 FCPATH\index.php(59): CodeIgniter\Boot::bootWeb(Object(Config\Paths))
CRITICAL - 2026-04-25 13:57:25 --> [Caused by] mysqli_sql_exception: Unknown column 'anggota.id' in 'on clause'
in SYSTEMPATH\Database\MySQLi\Connection.php on line 327.
 1 SYSTEMPATH\Database\MySQLi\Connection.php(327): mysqli->query('SELECT `peminjaman`.*
FROM `peminjaman`
LEFT JOIN `anggota` ON `anggota`.`id` = `peminjaman`.`id_anggota`', 0)
 2 SYSTEMPATH\Database\BaseConnection.php(729): CodeIgniter\Database\MySQLi\Connection->execute('SELECT `peminjaman`.*
FROM `peminjaman`
LEFT JOIN `anggota` ON `anggota`.`id` = `peminjaman`.`id_anggota`')
 3 SYSTEMPATH\Database\BaseConnection.php(646): CodeIgniter\Database\BaseConnection->simpleQuery('SELECT `peminjaman`.*
FROM `peminjaman`
LEFT JOIN `anggota` ON `anggota`.`id` = `peminjaman`.`id_anggota`')
 4 SYSTEMPATH\Database\BaseBuilder.php(1649): CodeIgniter\Database\BaseConnection->query('SELECT `peminjaman`.*
FROM `peminjaman`
LEFT JOIN `anggota` ON `anggota`.`id` = `peminjaman`.`id_anggota`', [], false)
 5 APPPATH\Controllers\peminjaman.php(38): CodeIgniter\Database\BaseBuilder->get()
 6 SYSTEMPATH\CodeIgniter.php(933): App\Controllers\Peminjaman->index()
 7 SYSTEMPATH\CodeIgniter.php(507): CodeIgniter\CodeIgniter->runController(Object(App\Controllers\Peminjaman))
 8 SYSTEMPATH\CodeIgniter.php(354): CodeIgniter\CodeIgniter->handleRequest(null, Object(Config\Cache), false)
 9 SYSTEMPATH\Boot.php(363): CodeIgniter\CodeIgniter->run()
10 SYSTEMPATH\Boot.php(68): CodeIgniter\Boot::runCodeIgniter(Object(CodeIgniter\CodeIgniter))
11 FCPATH\index.php(59): CodeIgniter\Boot::bootWeb(Object(Config\Paths))
ERROR - 2026-04-25 13:57:49 --> mysqli_sql_exception: Unknown column 'anggota.id' in 'on clause' in C:\xampp\htdocs\perpus\system\Database\MySQLi\Connection.php:327
Stack trace:
#0 C:\xampp\htdocs\perpus\system\Database\MySQLi\Connection.php(327): mysqli->query('SELECT `peminja...', 0)
#1 C:\xampp\htdocs\perpus\system\Database\BaseConnection.php(729): CodeIgniter\Database\MySQLi\Connection->execute('SELECT `peminja...')
#2 C:\xampp\htdocs\perpus\system\Database\BaseConnection.php(646): CodeIgniter\Database\BaseConnection->simpleQuery('SELECT `peminja...')
#3 C:\xampp\htdocs\perpus\system\Database\BaseBuilder.php(1649): CodeIgniter\Database\BaseConnection->query('SELECT `peminja...', Array, false)
#4 C:\xampp\htdocs\perpus\app\Controllers\peminjaman.php(38): CodeIgniter\Database\BaseBuilder->get()
#5 C:\xampp\htdocs\perpus\system\CodeIgniter.php(933): App\Controllers\Peminjaman->index()
#6 C:\xampp\htdocs\perpus\system\CodeIgniter.php(507): CodeIgniter\CodeIgniter->runController(Object(App\Controllers\Peminjaman))
#7 C:\xampp\htdocs\perpus\system\CodeIgniter.php(354): CodeIgniter\CodeIgniter->handleRequest(NULL, Object(Config\Cache), false)
#8 C:\xampp\htdocs\perpus\system\Boot.php(363): CodeIgniter\CodeIgniter->run()
#9 C:\xampp\htdocs\perpus\system\Boot.php(68): CodeIgniter\Boot::runCodeIgniter(Object(CodeIgniter\CodeIgniter))
#10 C:\xampp\htdocs\perpus\index.php(59): CodeIgniter\Boot::bootWeb(Object(Config\Paths))
#11 {main}
CRITICAL - 2026-04-25 13:57:49 --> CodeIgniter\Database\Exceptions\DatabaseException: Unknown column 'anggota.id' in 'on clause'
[Method: GET, Route: peminjaman]
in SYSTEMPATH\Database\BaseConnection.php on line 684.
 1 SYSTEMPATH\Database\BaseBuilder.php(1649): CodeIgniter\Database\BaseConnection->query('SELECT `peminjaman`.*
FROM `peminjaman`
LEFT JOIN `anggota` ON `anggota`.`id` = `peminjaman`.`id_anggota`', [], false)
 2 APPPATH\Controllers\peminjaman.php(38): CodeIgniter\Database\BaseBuilder->get()
 3 SYSTEMPATH\CodeIgniter.php(933): App\Controllers\Peminjaman->index()
 4 SYSTEMPATH\CodeIgniter.php(507): CodeIgniter\CodeIgniter->runController(Object(App\Controllers\Peminjaman))
 5 SYSTEMPATH\CodeIgniter.php(354): CodeIgniter\CodeIgniter->handleRequest(null, Object(Config\Cache), false)
 6 SYSTEMPATH\Boot.php(363): CodeIgniter\CodeIgniter->run()
 7 SYSTEMPATH\Boot.php(68): CodeIgniter\Boot::runCodeIgniter(Object(CodeIgniter\CodeIgniter))
 8 FCPATH\index.php(59): CodeIgniter\Boot::bootWeb(Object(Config\Paths))
CRITICAL - 2026-04-25 13:57:49 --> [Caused by] CodeIgniter\Database\Exceptions\DatabaseException: Unknown column 'anggota.id' in 'on clause'
in SYSTEMPATH\Database\MySQLi\Connection.php on line 332.
 1 SYSTEMPATH\Database\BaseConnection.php(729): CodeIgniter\Database\MySQLi\Connection->execute('SELECT `peminjaman`.*
FROM `peminjaman`
LEFT JOIN `anggota` ON `anggota`.`id` = `peminjaman`.`id_anggota`')
 2 SYSTEMPATH\Database\BaseConnection.php(646): CodeIgniter\Database\BaseConnection->simpleQuery('SELECT `peminjaman`.*
FROM `peminjaman`
LEFT JOIN `anggota` ON `anggota`.`id` = `peminjaman`.`id_anggota`')
 3 SYSTEMPATH\Database\BaseBuilder.php(1649): CodeIgniter\Database\BaseConnection->query('SELECT `peminjaman`.*
FROM `peminjaman`
LEFT JOIN `anggota` ON `anggota`.`id` = `peminjaman`.`id_anggota`', [], false)
 4 APPPATH\Controllers\peminjaman.php(38): CodeIgniter\Database\BaseBuilder->get()
 5 SYSTEMPATH\CodeIgniter.php(933): App\Controllers\Peminjaman->index()
 6 SYSTEMPATH\CodeIgniter.php(507): CodeIgniter\CodeIgniter->runController(Object(App\Controllers\Peminjaman))
 7 SYSTEMPATH\CodeIgniter.php(354): CodeIgniter\CodeIgniter->handleRequest(null, Object(Config\Cache), false)
 8 SYSTEMPATH\Boot.php(363): CodeIgniter\CodeIgniter->run()
 9 SYSTEMPATH\Boot.php(68): CodeIgniter\Boot::runCodeIgniter(Object(CodeIgniter\CodeIgniter))
10 FCPATH\index.php(59): CodeIgniter\Boot::bootWeb(Object(Config\Paths))
CRITICAL - 2026-04-25 13:57:49 --> [Caused by] mysqli_sql_exception: Unknown column 'anggota.id' in 'on clause'
in SYSTEMPATH\Database\MySQLi\Connection.php on line 327.
 1 SYSTEMPATH\Database\MySQLi\Connection.php(327): mysqli->query('SELECT `peminjaman`.*
FROM `peminjaman`
LEFT JOIN `anggota` ON `anggota`.`id` = `peminjaman`.`id_anggota`', 0)
 2 SYSTEMPATH\Database\BaseConnection.php(729): CodeIgniter\Database\MySQLi\Connection->execute('SELECT `peminjaman`.*
FROM `peminjaman`
LEFT JOIN `anggota` ON `anggota`.`id` = `peminjaman`.`id_anggota`')
 3 SYSTEMPATH\Database\BaseConnection.php(646): CodeIgniter\Database\BaseConnection->simpleQuery('SELECT `peminjaman`.*
FROM `peminjaman`
LEFT JOIN `anggota` ON `anggota`.`id` = `peminjaman`.`id_anggota`')
 4 SYSTEMPATH\Database\BaseBuilder.php(1649): CodeIgniter\Database\BaseConnection->query('SELECT `peminjaman`.*
FROM `peminjaman`
LEFT JOIN `anggota` ON `anggota`.`id` = `peminjaman`.`id_anggota`', [], false)
 5 APPPATH\Controllers\peminjaman.php(38): CodeIgniter\Database\BaseBuilder->get()
 6 SYSTEMPATH\CodeIgniter.php(933): App\Controllers\Peminjaman->index()
 7 SYSTEMPATH\CodeIgniter.php(507): CodeIgniter\CodeIgniter->runController(Object(App\Controllers\Peminjaman))
 8 SYSTEMPATH\CodeIgniter.php(354): CodeIgniter\CodeIgniter->handleRequest(null, Object(Config\Cache), false)
 9 SYSTEMPATH\Boot.php(363): CodeIgniter\CodeIgniter->run()
10 SYSTEMPATH\Boot.php(68): CodeIgniter\Boot::runCodeIgniter(Object(CodeIgniter\CodeIgniter))
11 FCPATH\index.php(59): CodeIgniter\Boot::bootWeb(Object(Config\Paths))
ERROR - 2026-04-25 13:57:50 --> mysqli_sql_exception: Unknown column 'anggota.id' in 'on clause' in C:\xampp\htdocs\perpus\system\Database\MySQLi\Connection.php:327
Stack trace:
#0 C:\xampp\htdocs\perpus\system\Database\MySQLi\Connection.php(327): mysqli->query('SELECT `peminja...', 0)
#1 C:\xampp\htdocs\perpus\system\Database\BaseConnection.php(729): CodeIgniter\Database\MySQLi\Connection->execute('SELECT `peminja...')
#2 C:\xampp\htdocs\perpus\system\Database\BaseConnection.php(646): CodeIgniter\Database\BaseConnection->simpleQuery('SELECT `peminja...')
#3 C:\xampp\htdocs\perpus\system\Database\BaseBuilder.php(1649): CodeIgniter\Database\BaseConnection->query('SELECT `peminja...', Array, false)
#4 C:\xampp\htdocs\perpus\app\Controllers\peminjaman.php(38): CodeIgniter\Database\BaseBuilder->get()
#5 C:\xampp\htdocs\perpus\system\CodeIgniter.php(933): App\Controllers\Peminjaman->index()
#6 C:\xampp\htdocs\perpus\system\CodeIgniter.php(507): CodeIgniter\CodeIgniter->runController(Object(App\Controllers\Peminjaman))
#7 C:\xampp\htdocs\perpus\system\CodeIgniter.php(354): CodeIgniter\CodeIgniter->handleRequest(NULL, Object(Config\Cache), false)
#8 C:\xampp\htdocs\perpus\system\Boot.php(363): CodeIgniter\CodeIgniter->run()
#9 C:\xampp\htdocs\perpus\system\Boot.php(68): CodeIgniter\Boot::runCodeIgniter(Object(CodeIgniter\CodeIgniter))
#10 C:\xampp\htdocs\perpus\index.php(59): CodeIgniter\Boot::bootWeb(Object(Config\Paths))
#11 {main}
CRITICAL - 2026-04-25 13:57:50 --> CodeIgniter\Database\Exceptions\DatabaseException: Unknown column 'anggota.id' in 'on clause'
[Method: GET, Route: peminjaman]
in SYSTEMPATH\Database\BaseConnection.php on line 684.
 1 SYSTEMPATH\Database\BaseBuilder.php(1649): CodeIgniter\Database\BaseConnection->query('SELECT `peminjaman`.*
FROM `peminjaman`
LEFT JOIN `anggota` ON `anggota`.`id` = `peminjaman`.`id_anggota`', [], false)
 2 APPPATH\Controllers\peminjaman.php(38): CodeIgniter\Database\BaseBuilder->get()
 3 SYSTEMPATH\CodeIgniter.php(933): App\Controllers\Peminjaman->index()
 4 SYSTEMPATH\CodeIgniter.php(507): CodeIgniter\CodeIgniter->runController(Object(App\Controllers\Peminjaman))
 5 SYSTEMPATH\CodeIgniter.php(354): CodeIgniter\CodeIgniter->handleRequest(null, Object(Config\Cache), false)
 6 SYSTEMPATH\Boot.php(363): CodeIgniter\CodeIgniter->run()
 7 SYSTEMPATH\Boot.php(68): CodeIgniter\Boot::runCodeIgniter(Object(CodeIgniter\CodeIgniter))
 8 FCPATH\index.php(59): CodeIgniter\Boot::bootWeb(Object(Config\Paths))
CRITICAL - 2026-04-25 13:57:50 --> [Caused by] CodeIgniter\Database\Exceptions\DatabaseException: Unknown column 'anggota.id' in 'on clause'
in SYSTEMPATH\Database\MySQLi\Connection.php on line 332.
 1 SYSTEMPATH\Database\BaseConnection.php(729): CodeIgniter\Database\MySQLi\Connection->execute('SELECT `peminjaman`.*
FROM `peminjaman`
LEFT JOIN `anggota` ON `anggota`.`id` = `peminjaman`.`id_anggota`')
 2 SYSTEMPATH\Database\BaseConnection.php(646): CodeIgniter\Database\BaseConnection->simpleQuery('SELECT `peminjaman`.*
FROM `peminjaman`
LEFT JOIN `anggota` ON `anggota`.`id` = `peminjaman`.`id_anggota`')
 3 SYSTEMPATH\Database\BaseBuilder.php(1649): CodeIgniter\Database\BaseConnection->query('SELECT `peminjaman`.*
FROM `peminjaman`
LEFT JOIN `anggota` ON `anggota`.`id` = `peminjaman`.`id_anggota`', [], false)
 4 APPPATH\Controllers\peminjaman.php(38): CodeIgniter\Database\BaseBuilder->get()
 5 SYSTEMPATH\CodeIgniter.php(933): App\Controllers\Peminjaman->index()
 6 SYSTEMPATH\CodeIgniter.php(507): CodeIgniter\CodeIgniter->runController(Object(App\Controllers\Peminjaman))
 7 SYSTEMPATH\CodeIgniter.php(354): CodeIgniter\CodeIgniter->handleRequest(null, Object(Config\Cache), false)
 8 SYSTEMPATH\Boot.php(363): CodeIgniter\CodeIgniter->run()
 9 SYSTEMPATH\Boot.php(68): CodeIgniter\Boot::runCodeIgniter(Object(CodeIgniter\CodeIgniter))
10 FCPATH\index.php(59): CodeIgniter\Boot::bootWeb(Object(Config\Paths))
CRITICAL - 2026-04-25 13:57:50 --> [Caused by] mysqli_sql_exception: Unknown column 'anggota.id' in 'on clause'
in SYSTEMPATH\Database\MySQLi\Connection.php on line 327.
 1 SYSTEMPATH\Database\MySQLi\Connection.php(327): mysqli->query('SELECT `peminjaman`.*
FROM `peminjaman`
LEFT JOIN `anggota` ON `anggota`.`id` = `peminjaman`.`id_anggota`', 0)
 2 SYSTEMPATH\Database\BaseConnection.php(729): CodeIgniter\Database\MySQLi\Connection->execute('SELECT `peminjaman`.*
FROM `peminjaman`
LEFT JOIN `anggota` ON `anggota`.`id` = `peminjaman`.`id_anggota`')
 3 SYSTEMPATH\Database\BaseConnection.php(646): CodeIgniter\Database\BaseConnection->simpleQuery('SELECT `peminjaman`.*
FROM `peminjaman`
LEFT JOIN `anggota` ON `anggota`.`id` = `peminjaman`.`id_anggota`')
 4 SYSTEMPATH\Database\BaseBuilder.php(1649): CodeIgniter\Database\BaseConnection->query('SELECT `peminjaman`.*
FROM `peminjaman`
LEFT JOIN `anggota` ON `anggota`.`id` = `peminjaman`.`id_anggota`', [], false)
 5 APPPATH\Controllers\peminjaman.php(38): CodeIgniter\Database\BaseBuilder->get()
 6 SYSTEMPATH\CodeIgniter.php(933): App\Controllers\Peminjaman->index()
 7 SYSTEMPATH\CodeIgniter.php(507): CodeIgniter\CodeIgniter->runController(Object(App\Controllers\Peminjaman))
 8 SYSTEMPATH\CodeIgniter.php(354): CodeIgniter\CodeIgniter->handleRequest(null, Object(Config\Cache), false)
 9 SYSTEMPATH\Boot.php(363): CodeIgniter\CodeIgniter->run()
10 SYSTEMPATH\Boot.php(68): CodeIgniter\Boot::runCodeIgniter(Object(CodeIgniter\CodeIgniter))
11 FCPATH\index.php(59): CodeIgniter\Boot::bootWeb(Object(Config\Paths))
ERROR - 2026-04-25 13:57:51 --> mysqli_sql_exception: Unknown column 'anggota.id' in 'on clause' in C:\xampp\htdocs\perpus\system\Database\MySQLi\Connection.php:327
Stack trace:
#0 C:\xampp\htdocs\perpus\system\Database\MySQLi\Connection.php(327): mysqli->query('SELECT `peminja...', 0)
#1 C:\xampp\htdocs\perpus\system\Database\BaseConnection.php(729): CodeIgniter\Database\MySQLi\Connection->execute('SELECT `peminja...')
#2 C:\xampp\htdocs\perpus\system\Database\BaseConnection.php(646): CodeIgniter\Database\BaseConnection->simpleQuery('SELECT `peminja...')
#3 C:\xampp\htdocs\perpus\system\Database\BaseBuilder.php(1649): CodeIgniter\Database\BaseConnection->query('SELECT `peminja...', Array, false)
#4 C:\xampp\htdocs\perpus\app\Controllers\peminjaman.php(38): CodeIgniter\Database\BaseBuilder->get()
#5 C:\xampp\htdocs\perpus\system\CodeIgniter.php(933): App\Controllers\Peminjaman->index()
#6 C:\xampp\htdocs\perpus\system\CodeIgniter.php(507): CodeIgniter\CodeIgniter->runController(Object(App\Controllers\Peminjaman))
#7 C:\xampp\htdocs\perpus\system\CodeIgniter.php(354): CodeIgniter\CodeIgniter->handleRequest(NULL, Object(Config\Cache), false)
#8 C:\xampp\htdocs\perpus\system\Boot.php(363): CodeIgniter\CodeIgniter->run()
#9 C:\xampp\htdocs\perpus\system\Boot.php(68): CodeIgniter\Boot::runCodeIgniter(Object(CodeIgniter\CodeIgniter))
#10 C:\xampp\htdocs\perpus\index.php(59): CodeIgniter\Boot::bootWeb(Object(Config\Paths))
#11 {main}
CRITICAL - 2026-04-25 13:57:51 --> CodeIgniter\Database\Exceptions\DatabaseException: Unknown column 'anggota.id' in 'on clause'
[Method: GET, Route: peminjaman]
in SYSTEMPATH\Database\BaseConnection.php on line 684.
 1 SYSTEMPATH\Database\BaseBuilder.php(1649): CodeIgniter\Database\BaseConnection->query('SELECT `peminjaman`.*
FROM `peminjaman`
LEFT JOIN `anggota` ON `anggota`.`id` = `peminjaman`.`id_anggota`', [], false)
 2 APPPATH\Controllers\peminjaman.php(38): CodeIgniter\Database\BaseBuilder->get()
 3 SYSTEMPATH\CodeIgniter.php(933): App\Controllers\Peminjaman->index()
 4 SYSTEMPATH\CodeIgniter.php(507): CodeIgniter\CodeIgniter->runController(Object(App\Controllers\Peminjaman))
 5 SYSTEMPATH\CodeIgniter.php(354): CodeIgniter\CodeIgniter->handleRequest(null, Object(Config\Cache), false)
 6 SYSTEMPATH\Boot.php(363): CodeIgniter\CodeIgniter->run()
 7 SYSTEMPATH\Boot.php(68): CodeIgniter\Boot::runCodeIgniter(Object(CodeIgniter\CodeIgniter))
 8 FCPATH\index.php(59): CodeIgniter\Boot::bootWeb(Object(Config\Paths))
CRITICAL - 2026-04-25 13:57:51 --> [Caused by] CodeIgniter\Database\Exceptions\DatabaseException: Unknown column 'anggota.id' in 'on clause'
in SYSTEMPATH\Database\MySQLi\Connection.php on line 332.
 1 SYSTEMPATH\Database\BaseConnection.php(729): CodeIgniter\Database\MySQLi\Connection->execute('SELECT `peminjaman`.*
FROM `peminjaman`
LEFT JOIN `anggota` ON `anggota`.`id` = `peminjaman`.`id_anggota`')
 2 SYSTEMPATH\Database\BaseConnection.php(646): CodeIgniter\Database\BaseConnection->simpleQuery('SELECT `peminjaman`.*
FROM `peminjaman`
LEFT JOIN `anggota` ON `anggota`.`id` = `peminjaman`.`id_anggota`')
 3 SYSTEMPATH\Database\BaseBuilder.php(1649): CodeIgniter\Database\BaseConnection->query('SELECT `peminjaman`.*
FROM `peminjaman`
LEFT JOIN `anggota` ON `anggota`.`id` = `peminjaman`.`id_anggota`', [], false)
 4 APPPATH\Controllers\peminjaman.php(38): CodeIgniter\Database\BaseBuilder->get()
 5 SYSTEMPATH\CodeIgniter.php(933): App\Controllers\Peminjaman->index()
 6 SYSTEMPATH\CodeIgniter.php(507): CodeIgniter\CodeIgniter->runController(Object(App\Controllers\Peminjaman))
 7 SYSTEMPATH\CodeIgniter.php(354): CodeIgniter\CodeIgniter->handleRequest(null, Object(Config\Cache), false)
 8 SYSTEMPATH\Boot.php(363): CodeIgniter\CodeIgniter->run()
 9 SYSTEMPATH\Boot.php(68): CodeIgniter\Boot::runCodeIgniter(Object(CodeIgniter\CodeIgniter))
10 FCPATH\index.php(59): CodeIgniter\Boot::bootWeb(Object(Config\Paths))
CRITICAL - 2026-04-25 13:57:51 --> [Caused by] mysqli_sql_exception: Unknown column 'anggota.id' in 'on clause'
in SYSTEMPATH\Database\MySQLi\Connection.php on line 327.
 1 SYSTEMPATH\Database\MySQLi\Connection.php(327): mysqli->query('SELECT `peminjaman`.*
FROM `peminjaman`
LEFT JOIN `anggota` ON `anggota`.`id` = `peminjaman`.`id_anggota`', 0)
 2 SYSTEMPATH\Database\BaseConnection.php(729): CodeIgniter\Database\MySQLi\Connection->execute('SELECT `peminjaman`.*
FROM `peminjaman`
LEFT JOIN `anggota` ON `anggota`.`id` = `peminjaman`.`id_anggota`')
 3 SYSTEMPATH\Database\BaseConnection.php(646): CodeIgniter\Database\BaseConnection->simpleQuery('SELECT `peminjaman`.*
FROM `peminjaman`
LEFT JOIN `anggota` ON `anggota`.`id` = `peminjaman`.`id_anggota`')
 4 SYSTEMPATH\Database\BaseBuilder.php(1649): CodeIgniter\Database\BaseConnection->query('SELECT `peminjaman`.*
FROM `peminjaman`
LEFT JOIN `anggota` ON `anggota`.`id` = `peminjaman`.`id_anggota`', [], false)
 5 APPPATH\Controllers\peminjaman.php(38): CodeIgniter\Database\BaseBuilder->get()
 6 SYSTEMPATH\CodeIgniter.php(933): App\Controllers\Peminjaman->index()
 7 SYSTEMPATH\CodeIgniter.php(507): CodeIgniter\CodeIgniter->runController(Object(App\Controllers\Peminjaman))
 8 SYSTEMPATH\CodeIgniter.php(354): CodeIgniter\CodeIgniter->handleRequest(null, Object(Config\Cache), false)
 9 SYSTEMPATH\Boot.php(363): CodeIgniter\CodeIgniter->run()
10 SYSTEMPATH\Boot.php(68): CodeIgniter\Boot::runCodeIgniter(Object(CodeIgniter\CodeIgniter))
11 FCPATH\index.php(59): CodeIgniter\Boot::bootWeb(Object(Config\Paths))
ERROR - 2026-04-25 13:57:51 --> mysqli_sql_exception: Unknown column 'anggota.id' in 'on clause' in C:\xampp\htdocs\perpus\system\Database\MySQLi\Connection.php:327
Stack trace:
#0 C:\xampp\htdocs\perpus\system\Database\MySQLi\Connection.php(327): mysqli->query('SELECT `peminja...', 0)
#1 C:\xampp\htdocs\perpus\system\Database\BaseConnection.php(729): CodeIgniter\Database\MySQLi\Connection->execute('SELECT `peminja...')
#2 C:\xampp\htdocs\perpus\system\Database\BaseConnection.php(646): CodeIgniter\Database\BaseConnection->simpleQuery('SELECT `peminja...')
#3 C:\xampp\htdocs\perpus\system\Database\BaseBuilder.php(1649): CodeIgniter\Database\BaseConnection->query('SELECT `peminja...', Array, false)
#4 C:\xampp\htdocs\perpus\app\Controllers\peminjaman.php(38): CodeIgniter\Database\BaseBuilder->get()
#5 C:\xampp\htdocs\perpus\system\CodeIgniter.php(933): App\Controllers\Peminjaman->index()
#6 C:\xampp\htdocs\perpus\system\CodeIgniter.php(507): CodeIgniter\CodeIgniter->runController(Object(App\Controllers\Peminjaman))
#7 C:\xampp\htdocs\perpus\system\CodeIgniter.php(354): CodeIgniter\CodeIgniter->handleRequest(NULL, Object(Config\Cache), false)
#8 C:\xampp\htdocs\perpus\system\Boot.php(363): CodeIgniter\CodeIgniter->run()
#9 C:\xampp\htdocs\perpus\system\Boot.php(68): CodeIgniter\Boot::runCodeIgniter(Object(CodeIgniter\CodeIgniter))
#10 C:\xampp\htdocs\perpus\index.php(59): CodeIgniter\Boot::bootWeb(Object(Config\Paths))
#11 {main}
CRITICAL - 2026-04-25 13:57:51 --> CodeIgniter\Database\Exceptions\DatabaseException: Unknown column 'anggota.id' in 'on clause'
[Method: GET, Route: peminjaman]
in SYSTEMPATH\Database\BaseConnection.php on line 684.
 1 SYSTEMPATH\Database\BaseBuilder.php(1649): CodeIgniter\Database\BaseConnection->query('SELECT `peminjaman`.*
FROM `peminjaman`
LEFT JOIN `anggota` ON `anggota`.`id` = `peminjaman`.`id_anggota`', [], false)
 2 APPPATH\Controllers\peminjaman.php(38): CodeIgniter\Database\BaseBuilder->get()
 3 SYSTEMPATH\CodeIgniter.php(933): App\Controllers\Peminjaman->index()
 4 SYSTEMPATH\CodeIgniter.php(507): CodeIgniter\CodeIgniter->runController(Object(App\Controllers\Peminjaman))
 5 SYSTEMPATH\CodeIgniter.php(354): CodeIgniter\CodeIgniter->handleRequest(null, Object(Config\Cache), false)
 6 SYSTEMPATH\Boot.php(363): CodeIgniter\CodeIgniter->run()
 7 SYSTEMPATH\Boot.php(68): CodeIgniter\Boot::runCodeIgniter(Object(CodeIgniter\CodeIgniter))
 8 FCPATH\index.php(59): CodeIgniter\Boot::bootWeb(Object(Config\Paths))
CRITICAL - 2026-04-25 13:57:51 --> [Caused by] CodeIgniter\Database\Exceptions\DatabaseException: Unknown column 'anggota.id' in 'on clause'
in SYSTEMPATH\Database\MySQLi\Connection.php on line 332.
 1 SYSTEMPATH\Database\BaseConnection.php(729): CodeIgniter\Database\MySQLi\Connection->execute('SELECT `peminjaman`.*
FROM `peminjaman`
LEFT JOIN `anggota` ON `anggota`.`id` = `peminjaman`.`id_anggota`')
 2 SYSTEMPATH\Database\BaseConnection.php(646): CodeIgniter\Database\BaseConnection->simpleQuery('SELECT `peminjaman`.*
FROM `peminjaman`
LEFT JOIN `anggota` ON `anggota`.`id` = `peminjaman`.`id_anggota`')
 3 SYSTEMPATH\Database\BaseBuilder.php(1649): CodeIgniter\Database\BaseConnection->query('SELECT `peminjaman`.*
FROM `peminjaman`
LEFT JOIN `anggota` ON `anggota`.`id` = `peminjaman`.`id_anggota`', [], false)
 4 APPPATH\Controllers\peminjaman.php(38): CodeIgniter\Database\BaseBuilder->get()
 5 SYSTEMPATH\CodeIgniter.php(933): App\Controllers\Peminjaman->index()
 6 SYSTEMPATH\CodeIgniter.php(507): CodeIgniter\CodeIgniter->runController(Object(App\Controllers\Peminjaman))
 7 SYSTEMPATH\CodeIgniter.php(354): CodeIgniter\CodeIgniter->handleRequest(null, Object(Config\Cache), false)
 8 SYSTEMPATH\Boot.php(363): CodeIgniter\CodeIgniter->run()
 9 SYSTEMPATH\Boot.php(68): CodeIgniter\Boot::runCodeIgniter(Object(CodeIgniter\CodeIgniter))
10 FCPATH\index.php(59): CodeIgniter\Boot::bootWeb(Object(Config\Paths))
CRITICAL - 2026-04-25 13:57:51 --> [Caused by] mysqli_sql_exception: Unknown column 'anggota.id' in 'on clause'
in SYSTEMPATH\Database\MySQLi\Connection.php on line 327.
 1 SYSTEMPATH\Database\MySQLi\Connection.php(327): mysqli->query('SELECT `peminjaman`.*
FROM `peminjaman`
LEFT JOIN `anggota` ON `anggota`.`id` = `peminjaman`.`id_anggota`', 0)
 2 SYSTEMPATH\Database\BaseConnection.php(729): CodeIgniter\Database\MySQLi\Connection->execute('SELECT `peminjaman`.*
FROM `peminjaman`
LEFT JOIN `anggota` ON `anggota`.`id` = `peminjaman`.`id_anggota`')
 3 SYSTEMPATH\Database\BaseConnection.php(646): CodeIgniter\Database\BaseConnection->simpleQuery('SELECT `peminjaman`.*
FROM `peminjaman`
LEFT JOIN `anggota` ON `anggota`.`id` = `peminjaman`.`id_anggota`')
 4 SYSTEMPATH\Database\BaseBuilder.php(1649): CodeIgniter\Database\BaseConnection->query('SELECT `peminjaman`.*
FROM `peminjaman`
LEFT JOIN `anggota` ON `anggota`.`id` = `peminjaman`.`id_anggota`', [], false)
 5 APPPATH\Controllers\peminjaman.php(38): CodeIgniter\Database\BaseBuilder->get()
 6 SYSTEMPATH\CodeIgniter.php(933): App\Controllers\Peminjaman->index()
 7 SYSTEMPATH\CodeIgniter.php(507): CodeIgniter\CodeIgniter->runController(Object(App\Controllers\Peminjaman))
 8 SYSTEMPATH\CodeIgniter.php(354): CodeIgniter\CodeIgniter->handleRequest(null, Object(Config\Cache), false)
 9 SYSTEMPATH\Boot.php(363): CodeIgniter\CodeIgniter->run()
10 SYSTEMPATH\Boot.php(68): CodeIgniter\Boot::runCodeIgniter(Object(CodeIgniter\CodeIgniter))
11 FCPATH\index.php(59): CodeIgniter\Boot::bootWeb(Object(Config\Paths))
ERROR - 2026-04-25 13:57:51 --> mysqli_sql_exception: Unknown column 'anggota.id' in 'on clause' in C:\xampp\htdocs\perpus\system\Database\MySQLi\Connection.php:327
Stack trace:
#0 C:\xampp\htdocs\perpus\system\Database\MySQLi\Connection.php(327): mysqli->query('SELECT `peminja...', 0)
#1 C:\xampp\htdocs\perpus\system\Database\BaseConnection.php(729): CodeIgniter\Database\MySQLi\Connection->execute('SELECT `peminja...')
#2 C:\xampp\htdocs\perpus\system\Database\BaseConnection.php(646): CodeIgniter\Database\BaseConnection->simpleQuery('SELECT `peminja...')
#3 C:\xampp\htdocs\perpus\system\Database\BaseBuilder.php(1649): CodeIgniter\Database\BaseConnection->query('SELECT `peminja...', Array, false)
#4 C:\xampp\htdocs\perpus\app\Controllers\peminjaman.php(38): CodeIgniter\Database\BaseBuilder->get()
#5 C:\xampp\htdocs\perpus\system\CodeIgniter.php(933): App\Controllers\Peminjaman->index()
#6 C:\xampp\htdocs\perpus\system\CodeIgniter.php(507): CodeIgniter\CodeIgniter->runController(Object(App\Controllers\Peminjaman))
#7 C:\xampp\htdocs\perpus\system\CodeIgniter.php(354): CodeIgniter\CodeIgniter->handleRequest(NULL, Object(Config\Cache), false)
#8 C:\xampp\htdocs\perpus\system\Boot.php(363): CodeIgniter\CodeIgniter->run()
#9 C:\xampp\htdocs\perpus\system\Boot.php(68): CodeIgniter\Boot::runCodeIgniter(Object(CodeIgniter\CodeIgniter))
#10 C:\xampp\htdocs\perpus\index.php(59): CodeIgniter\Boot::bootWeb(Object(Config\Paths))
#11 {main}
CRITICAL - 2026-04-25 13:57:51 --> CodeIgniter\Database\Exceptions\DatabaseException: Unknown column 'anggota.id' in 'on clause'
[Method: GET, Route: peminjaman]
in SYSTEMPATH\Database\BaseConnection.php on line 684.
 1 SYSTEMPATH\Database\BaseBuilder.php(1649): CodeIgniter\Database\BaseConnection->query('SELECT `peminjaman`.*
FROM `peminjaman`
LEFT JOIN `anggota` ON `anggota`.`id` = `peminjaman`.`id_anggota`', [], false)
 2 APPPATH\Controllers\peminjaman.php(38): CodeIgniter\Database\BaseBuilder->get()
 3 SYSTEMPATH\CodeIgniter.php(933): App\Controllers\Peminjaman->index()
 4 SYSTEMPATH\CodeIgniter.php(507): CodeIgniter\CodeIgniter->runController(Object(App\Controllers\Peminjaman))
 5 SYSTEMPATH\CodeIgniter.php(354): CodeIgniter\CodeIgniter->handleRequest(null, Object(Config\Cache), false)
 6 SYSTEMPATH\Boot.php(363): CodeIgniter\CodeIgniter->run()
 7 SYSTEMPATH\Boot.php(68): CodeIgniter\Boot::runCodeIgniter(Object(CodeIgniter\CodeIgniter))
 8 FCPATH\index.php(59): CodeIgniter\Boot::bootWeb(Object(Config\Paths))
CRITICAL - 2026-04-25 13:57:51 --> [Caused by] CodeIgniter\Database\Exceptions\DatabaseException: Unknown column 'anggota.id' in 'on clause'
in SYSTEMPATH\Database\MySQLi\Connection.php on line 332.
 1 SYSTEMPATH\Database\BaseConnection.php(729): CodeIgniter\Database\MySQLi\Connection->execute('SELECT `peminjaman`.*
FROM `peminjaman`
LEFT JOIN `anggota` ON `anggota`.`id` = `peminjaman`.`id_anggota`')
 2 SYSTEMPATH\Database\BaseConnection.php(646): CodeIgniter\Database\BaseConnection->simpleQuery('SELECT `peminjaman`.*
FROM `peminjaman`
LEFT JOIN `anggota` ON `anggota`.`id` = `peminjaman`.`id_anggota`')
 3 SYSTEMPATH\Database\BaseBuilder.php(1649): CodeIgniter\Database\BaseConnection->query('SELECT `peminjaman`.*
FROM `peminjaman`
LEFT JOIN `anggota` ON `anggota`.`id` = `peminjaman`.`id_anggota`', [], false)
 4 APPPATH\Controllers\peminjaman.php(38): CodeIgniter\Database\BaseBuilder->get()
 5 SYSTEMPATH\CodeIgniter.php(933): App\Controllers\Peminjaman->index()
 6 SYSTEMPATH\CodeIgniter.php(507): CodeIgniter\CodeIgniter->runController(Object(App\Controllers\Peminjaman))
 7 SYSTEMPATH\CodeIgniter.php(354): CodeIgniter\CodeIgniter->handleRequest(null, Object(Config\Cache), false)
 8 SYSTEMPATH\Boot.php(363): CodeIgniter\CodeIgniter->run()
 9 SYSTEMPATH\Boot.php(68): CodeIgniter\Boot::runCodeIgniter(Object(CodeIgniter\CodeIgniter))
10 FCPATH\index.php(59): CodeIgniter\Boot::bootWeb(Object(Config\Paths))
CRITICAL - 2026-04-25 13:57:51 --> [Caused by] mysqli_sql_exception: Unknown column 'anggota.id' in 'on clause'
in SYSTEMPATH\Database\MySQLi\Connection.php on line 327.
 1 SYSTEMPATH\Database\MySQLi\Connection.php(327): mysqli->query('SELECT `peminjaman`.*
FROM `peminjaman`
LEFT JOIN `anggota` ON `anggota`.`id` = `peminjaman`.`id_anggota`', 0)
 2 SYSTEMPATH\Database\BaseConnection.php(729): CodeIgniter\Database\MySQLi\Connection->execute('SELECT `peminjaman`.*
FROM `peminjaman`
LEFT JOIN `anggota` ON `anggota`.`id` = `peminjaman`.`id_anggota`')
 3 SYSTEMPATH\Database\BaseConnection.php(646): CodeIgniter\Database\BaseConnection->simpleQuery('SELECT `peminjaman`.*
FROM `peminjaman`
LEFT JOIN `anggota` ON `anggota`.`id` = `peminjaman`.`id_anggota`')
 4 SYSTEMPATH\Database\BaseBuilder.php(1649): CodeIgniter\Database\BaseConnection->query('SELECT `peminjaman`.*
FROM `peminjaman`
LEFT JOIN `anggota` ON `anggota`.`id` = `peminjaman`.`id_anggota`', [], false)
 5 APPPATH\Controllers\peminjaman.php(38): CodeIgniter\Database\BaseBuilder->get()
 6 SYSTEMPATH\CodeIgniter.php(933): App\Controllers\Peminjaman->index()
 7 SYSTEMPATH\CodeIgniter.php(507): CodeIgniter\CodeIgniter->runController(Object(App\Controllers\Peminjaman))
 8 SYSTEMPATH\CodeIgniter.php(354): CodeIgniter\CodeIgniter->handleRequest(null, Object(Config\Cache), false)
 9 SYSTEMPATH\Boot.php(363): CodeIgniter\CodeIgniter->run()
10 SYSTEMPATH\Boot.php(68): CodeIgniter\Boot::runCodeIgniter(Object(CodeIgniter\CodeIgniter))
11 FCPATH\index.php(59): CodeIgniter\Boot::bootWeb(Object(Config\Paths))
ERROR - 2026-04-25 13:58:44 --> mysqli_sql_exception: Unknown column 'anggota.id' in 'on clause' in C:\xampp\htdocs\perpus\system\Database\MySQLi\Connection.php:327
Stack trace:
#0 C:\xampp\htdocs\perpus\system\Database\MySQLi\Connection.php(327): mysqli->query('SELECT `peminja...', 0)
#1 C:\xampp\htdocs\perpus\system\Database\BaseConnection.php(729): CodeIgniter\Database\MySQLi\Connection->execute('SELECT `peminja...')
#2 C:\xampp\htdocs\perpus\system\Database\BaseConnection.php(646): CodeIgniter\Database\BaseConnection->simpleQuery('SELECT `peminja...')
#3 C:\xampp\htdocs\perpus\system\Database\BaseBuilder.php(1649): CodeIgniter\Database\BaseConnection->query('SELECT `peminja...', Array, false)
#4 C:\xampp\htdocs\perpus\app\Controllers\peminjaman.php(38): CodeIgniter\Database\BaseBuilder->get()
#5 C:\xampp\htdocs\perpus\system\CodeIgniter.php(933): App\Controllers\Peminjaman->index()
#6 C:\xampp\htdocs\perpus\system\CodeIgniter.php(507): CodeIgniter\CodeIgniter->runController(Object(App\Controllers\Peminjaman))
#7 C:\xampp\htdocs\perpus\system\CodeIgniter.php(354): CodeIgniter\CodeIgniter->handleRequest(NULL, Object(Config\Cache), false)
#8 C:\xampp\htdocs\perpus\system\Boot.php(363): CodeIgniter\CodeIgniter->run()
#9 C:\xampp\htdocs\perpus\system\Boot.php(68): CodeIgniter\Boot::runCodeIgniter(Object(CodeIgniter\CodeIgniter))
#10 C:\xampp\htdocs\perpus\index.php(59): CodeIgniter\Boot::bootWeb(Object(Config\Paths))
#11 {main}
CRITICAL - 2026-04-25 13:58:44 --> CodeIgniter\Database\Exceptions\DatabaseException: Unknown column 'anggota.id' in 'on clause'
[Method: GET, Route: peminjaman]
in SYSTEMPATH\Database\BaseConnection.php on line 684.
 1 SYSTEMPATH\Database\BaseBuilder.php(1649): CodeIgniter\Database\BaseConnection->query('SELECT `peminjaman`.*
FROM `peminjaman`
LEFT JOIN `anggota` ON `anggota`.`id` = `peminjaman`.`id_anggota`', [], false)
 2 APPPATH\Controllers\peminjaman.php(38): CodeIgniter\Database\BaseBuilder->get()
 3 SYSTEMPATH\CodeIgniter.php(933): App\Controllers\Peminjaman->index()
 4 SYSTEMPATH\CodeIgniter.php(507): CodeIgniter\CodeIgniter->runController(Object(App\Controllers\Peminjaman))
 5 SYSTEMPATH\CodeIgniter.php(354): CodeIgniter\CodeIgniter->handleRequest(null, Object(Config\Cache), false)
 6 SYSTEMPATH\Boot.php(363): CodeIgniter\CodeIgniter->run()
 7 SYSTEMPATH\Boot.php(68): CodeIgniter\Boot::runCodeIgniter(Object(CodeIgniter\CodeIgniter))
 8 FCPATH\index.php(59): CodeIgniter\Boot::bootWeb(Object(Config\Paths))
CRITICAL - 2026-04-25 13:58:44 --> [Caused by] CodeIgniter\Database\Exceptions\DatabaseException: Unknown column 'anggota.id' in 'on clause'
in SYSTEMPATH\Database\MySQLi\Connection.php on line 332.
 1 SYSTEMPATH\Database\BaseConnection.php(729): CodeIgniter\Database\MySQLi\Connection->execute('SELECT `peminjaman`.*
FROM `peminjaman`
LEFT JOIN `anggota` ON `anggota`.`id` = `peminjaman`.`id_anggota`')
 2 SYSTEMPATH\Database\BaseConnection.php(646): CodeIgniter\Database\BaseConnection->simpleQuery('SELECT `peminjaman`.*
FROM `peminjaman`
LEFT JOIN `anggota` ON `anggota`.`id` = `peminjaman`.`id_anggota`')
 3 SYSTEMPATH\Database\BaseBuilder.php(1649): CodeIgniter\Database\BaseConnection->query('SELECT `peminjaman`.*
FROM `peminjaman`
LEFT JOIN `anggota` ON `anggota`.`id` = `peminjaman`.`id_anggota`', [], false)
 4 APPPATH\Controllers\peminjaman.php(38): CodeIgniter\Database\BaseBuilder->get()
 5 SYSTEMPATH\CodeIgniter.php(933): App\Controllers\Peminjaman->index()
 6 SYSTEMPATH\CodeIgniter.php(507): CodeIgniter\CodeIgniter->runController(Object(App\Controllers\Peminjaman))
 7 SYSTEMPATH\CodeIgniter.php(354): CodeIgniter\CodeIgniter->handleRequest(null, Object(Config\Cache), false)
 8 SYSTEMPATH\Boot.php(363): CodeIgniter\CodeIgniter->run()
 9 SYSTEMPATH\Boot.php(68): CodeIgniter\Boot::runCodeIgniter(Object(CodeIgniter\CodeIgniter))
10 FCPATH\index.php(59): CodeIgniter\Boot::bootWeb(Object(Config\Paths))
CRITICAL - 2026-04-25 13:58:44 --> [Caused by] mysqli_sql_exception: Unknown column 'anggota.id' in 'on clause'
in SYSTEMPATH\Database\MySQLi\Connection.php on line 327.
 1 SYSTEMPATH\Database\MySQLi\Connection.php(327): mysqli->query('SELECT `peminjaman`.*
FROM `peminjaman`
LEFT JOIN `anggota` ON `anggota`.`id` = `peminjaman`.`id_anggota`', 0)
 2 SYSTEMPATH\Database\BaseConnection.php(729): CodeIgniter\Database\MySQLi\Connection->execute('SELECT `peminjaman`.*
FROM `peminjaman`
LEFT JOIN `anggota` ON `anggota`.`id` = `peminjaman`.`id_anggota`')
 3 SYSTEMPATH\Database\BaseConnection.php(646): CodeIgniter\Database\BaseConnection->simpleQuery('SELECT `peminjaman`.*
FROM `peminjaman`
LEFT JOIN `anggota` ON `anggota`.`id` = `peminjaman`.`id_anggota`')
 4 SYSTEMPATH\Database\BaseBuilder.php(1649): CodeIgniter\Database\BaseConnection->query('SELECT `peminjaman`.*
FROM `peminjaman`
LEFT JOIN `anggota` ON `anggota`.`id` = `peminjaman`.`id_anggota`', [], false)
 5 APPPATH\Controllers\peminjaman.php(38): CodeIgniter\Database\BaseBuilder->get()
 6 SYSTEMPATH\CodeIgniter.php(933): App\Controllers\Peminjaman->index()
 7 SYSTEMPATH\CodeIgniter.php(507): CodeIgniter\CodeIgniter->runController(Object(App\Controllers\Peminjaman))
 8 SYSTEMPATH\CodeIgniter.php(354): CodeIgniter\CodeIgniter->handleRequest(null, Object(Config\Cache), false)
 9 SYSTEMPATH\Boot.php(363): CodeIgniter\CodeIgniter->run()
10 SYSTEMPATH\Boot.php(68): CodeIgniter\Boot::runCodeIgniter(Object(CodeIgniter\CodeIgniter))
11 FCPATH\index.php(59): CodeIgniter\Boot::bootWeb(Object(Config\Paths))
ERROR - 2026-04-25 13:58:44 --> mysqli_sql_exception: Unknown column 'anggota.id' in 'on clause' in C:\xampp\htdocs\perpus\system\Database\MySQLi\Connection.php:327
Stack trace:
#0 C:\xampp\htdocs\perpus\system\Database\MySQLi\Connection.php(327): mysqli->query('SELECT `peminja...', 0)
#1 C:\xampp\htdocs\perpus\system\Database\BaseConnection.php(729): CodeIgniter\Database\MySQLi\Connection->execute('SELECT `peminja...')
#2 C:\xampp\htdocs\perpus\system\Database\BaseConnection.php(646): CodeIgniter\Database\BaseConnection->simpleQuery('SELECT `peminja...')
#3 C:\xampp\htdocs\perpus\system\Database\BaseBuilder.php(1649): CodeIgniter\Database\BaseConnection->query('SELECT `peminja...', Array, false)
#4 C:\xampp\htdocs\perpus\app\Controllers\peminjaman.php(38): CodeIgniter\Database\BaseBuilder->get()
#5 C:\xampp\htdocs\perpus\system\CodeIgniter.php(933): App\Controllers\Peminjaman->index()
#6 C:\xampp\htdocs\perpus\system\CodeIgniter.php(507): CodeIgniter\CodeIgniter->runController(Object(App\Controllers\Peminjaman))
#7 C:\xampp\htdocs\perpus\system\CodeIgniter.php(354): CodeIgniter\CodeIgniter->handleRequest(NULL, Object(Config\Cache), false)
#8 C:\xampp\htdocs\perpus\system\Boot.php(363): CodeIgniter\CodeIgniter->run()
#9 C:\xampp\htdocs\perpus\system\Boot.php(68): CodeIgniter\Boot::runCodeIgniter(Object(CodeIgniter\CodeIgniter))
#10 C:\xampp\htdocs\perpus\index.php(59): CodeIgniter\Boot::bootWeb(Object(Config\Paths))
#11 {main}
CRITICAL - 2026-04-25 13:58:44 --> CodeIgniter\Database\Exceptions\DatabaseException: Unknown column 'anggota.id' in 'on clause'
[Method: GET, Route: peminjaman]
in SYSTEMPATH\Database\BaseConnection.php on line 684.
 1 SYSTEMPATH\Database\BaseBuilder.php(1649): CodeIgniter\Database\BaseConnection->query('SELECT `peminjaman`.*
FROM `peminjaman`
LEFT JOIN `anggota` ON `anggota`.`id` = `peminjaman`.`id_anggota`', [], false)
 2 APPPATH\Controllers\peminjaman.php(38): CodeIgniter\Database\BaseBuilder->get()
 3 SYSTEMPATH\CodeIgniter.php(933): App\Controllers\Peminjaman->index()
 4 SYSTEMPATH\CodeIgniter.php(507): CodeIgniter\CodeIgniter->runController(Object(App\Controllers\Peminjaman))
 5 SYSTEMPATH\CodeIgniter.php(354): CodeIgniter\CodeIgniter->handleRequest(null, Object(Config\Cache), false)
 6 SYSTEMPATH\Boot.php(363): CodeIgniter\CodeIgniter->run()
 7 SYSTEMPATH\Boot.php(68): CodeIgniter\Boot::runCodeIgniter(Object(CodeIgniter\CodeIgniter))
 8 FCPATH\index.php(59): CodeIgniter\Boot::bootWeb(Object(Config\Paths))
CRITICAL - 2026-04-25 13:58:44 --> [Caused by] CodeIgniter\Database\Exceptions\DatabaseException: Unknown column 'anggota.id' in 'on clause'
in SYSTEMPATH\Database\MySQLi\Connection.php on line 332.
 1 SYSTEMPATH\Database\BaseConnection.php(729): CodeIgniter\Database\MySQLi\Connection->execute('SELECT `peminjaman`.*
FROM `peminjaman`
LEFT JOIN `anggota` ON `anggota`.`id` = `peminjaman`.`id_anggota`')
 2 SYSTEMPATH\Database\BaseConnection.php(646): CodeIgniter\Database\BaseConnection->simpleQuery('SELECT `peminjaman`.*
FROM `peminjaman`
LEFT JOIN `anggota` ON `anggota`.`id` = `peminjaman`.`id_anggota`')
 3 SYSTEMPATH\Database\BaseBuilder.php(1649): CodeIgniter\Database\BaseConnection->query('SELECT `peminjaman`.*
FROM `peminjaman`
LEFT JOIN `anggota` ON `anggota`.`id` = `peminjaman`.`id_anggota`', [], false)
 4 APPPATH\Controllers\peminjaman.php(38): CodeIgniter\Database\BaseBuilder->get()
 5 SYSTEMPATH\CodeIgniter.php(933): App\Controllers\Peminjaman->index()
 6 SYSTEMPATH\CodeIgniter.php(507): CodeIgniter\CodeIgniter->runController(Object(App\Controllers\Peminjaman))
 7 SYSTEMPATH\CodeIgniter.php(354): CodeIgniter\CodeIgniter->handleRequest(null, Object(Config\Cache), false)
 8 SYSTEMPATH\Boot.php(363): CodeIgniter\CodeIgniter->run()
 9 SYSTEMPATH\Boot.php(68): CodeIgniter\Boot::runCodeIgniter(Object(CodeIgniter\CodeIgniter))
10 FCPATH\index.php(59): CodeIgniter\Boot::bootWeb(Object(Config\Paths))
CRITICAL - 2026-04-25 13:58:44 --> [Caused by] mysqli_sql_exception: Unknown column 'anggota.id' in 'on clause'
in SYSTEMPATH\Database\MySQLi\Connection.php on line 327.
 1 SYSTEMPATH\Database\MySQLi\Connection.php(327): mysqli->query('SELECT `peminjaman`.*
FROM `peminjaman`
LEFT JOIN `anggota` ON `anggota`.`id` = `peminjaman`.`id_anggota`', 0)
 2 SYSTEMPATH\Database\BaseConnection.php(729): CodeIgniter\Database\MySQLi\Connection->execute('SELECT `peminjaman`.*
FROM `peminjaman`
LEFT JOIN `anggota` ON `anggota`.`id` = `peminjaman`.`id_anggota`')
 3 SYSTEMPATH\Database\BaseConnection.php(646): CodeIgniter\Database\BaseConnection->simpleQuery('SELECT `peminjaman`.*
FROM `peminjaman`
LEFT JOIN `anggota` ON `anggota`.`id` = `peminjaman`.`id_anggota`')
 4 SYSTEMPATH\Database\BaseBuilder.php(1649): CodeIgniter\Database\BaseConnection->query('SELECT `peminjaman`.*
FROM `peminjaman`
LEFT JOIN `anggota` ON `anggota`.`id` = `peminjaman`.`id_anggota`', [], false)
 5 APPPATH\Controllers\peminjaman.php(38): CodeIgniter\Database\BaseBuilder->get()
 6 SYSTEMPATH\CodeIgniter.php(933): App\Controllers\Peminjaman->index()
 7 SYSTEMPATH\CodeIgniter.php(507): CodeIgniter\CodeIgniter->runController(Object(App\Controllers\Peminjaman))
 8 SYSTEMPATH\CodeIgniter.php(354): CodeIgniter\CodeIgniter->handleRequest(null, Object(Config\Cache), false)
 9 SYSTEMPATH\Boot.php(363): CodeIgniter\CodeIgniter->run()
10 SYSTEMPATH\Boot.php(68): CodeIgniter\Boot::runCodeIgniter(Object(CodeIgniter\CodeIgniter))
11 FCPATH\index.php(59): CodeIgniter\Boot::bootWeb(Object(Config\Paths))
DEBUG - 2026-04-25 13:59:13 --> Session: Class initialized using 'CodeIgniter\Session\Handlers\FileHandler' driver.
DEBUG - 2026-04-25 13:59:16 --> Session: Class initialized using 'CodeIgniter\Session\Handlers\FileHandler' driver.
DEBUG - 2026-04-25 13:59:18 --> Session: Class initialized using 'CodeIgniter\Session\Handlers\FileHandler' driver.
DEBUG - 2026-04-25 13:59:20 --> Session: Class initialized using 'CodeIgniter\Session\Handlers\FileHandler' driver.
ERROR - 2026-04-25 13:59:22 --> mysqli_sql_exception: Unknown column 'anggota.id' in 'on clause' in C:\xampp\htdocs\perpus\system\Database\MySQLi\Connection.php:327
Stack trace:
#0 C:\xampp\htdocs\perpus\system\Database\MySQLi\Connection.php(327): mysqli->query('SELECT `peminja...', 0)
#1 C:\xampp\htdocs\perpus\system\Database\BaseConnection.php(729): CodeIgniter\Database\MySQLi\Connection->execute('SELECT `peminja...')
#2 C:\xampp\htdocs\perpus\system\Database\BaseConnection.php(646): CodeIgniter\Database\BaseConnection->simpleQuery('SELECT `peminja...')
#3 C:\xampp\htdocs\perpus\system\Database\BaseBuilder.php(1649): CodeIgniter\Database\BaseConnection->query('SELECT `peminja...', Array, false)
#4 C:\xampp\htdocs\perpus\app\Controllers\peminjaman.php(38): CodeIgniter\Database\BaseBuilder->get()
#5 C:\xampp\htdocs\perpus\system\CodeIgniter.php(933): App\Controllers\Peminjaman->index()
#6 C:\xampp\htdocs\perpus\system\CodeIgniter.php(507): CodeIgniter\CodeIgniter->runController(Object(App\Controllers\Peminjaman))
#7 C:\xampp\htdocs\perpus\system\CodeIgniter.php(354): CodeIgniter\CodeIgniter->handleRequest(NULL, Object(Config\Cache), false)
#8 C:\xampp\htdocs\perpus\system\Boot.php(363): CodeIgniter\CodeIgniter->run()
#9 C:\xampp\htdocs\perpus\system\Boot.php(68): CodeIgniter\Boot::runCodeIgniter(Object(CodeIgniter\CodeIgniter))
#10 C:\xampp\htdocs\perpus\index.php(59): CodeIgniter\Boot::bootWeb(Object(Config\Paths))
#11 {main}
CRITICAL - 2026-04-25 13:59:22 --> CodeIgniter\Database\Exceptions\DatabaseException: Unknown column 'anggota.id' in 'on clause'
[Method: GET, Route: peminjaman]
in SYSTEMPATH\Database\BaseConnection.php on line 684.
 1 SYSTEMPATH\Database\BaseBuilder.php(1649): CodeIgniter\Database\BaseConnection->query('SELECT `peminjaman`.*
FROM `peminjaman`
LEFT JOIN `anggota` ON `anggota`.`id` = `peminjaman`.`id_anggota`', [], false)
 2 APPPATH\Controllers\peminjaman.php(38): CodeIgniter\Database\BaseBuilder->get()
 3 SYSTEMPATH\CodeIgniter.php(933): App\Controllers\Peminjaman->index()
 4 SYSTEMPATH\CodeIgniter.php(507): CodeIgniter\CodeIgniter->runController(Object(App\Controllers\Peminjaman))
 5 SYSTEMPATH\CodeIgniter.php(354): CodeIgniter\CodeIgniter->handleRequest(null, Object(Config\Cache), false)
 6 SYSTEMPATH\Boot.php(363): CodeIgniter\CodeIgniter->run()
 7 SYSTEMPATH\Boot.php(68): CodeIgniter\Boot::runCodeIgniter(Object(CodeIgniter\CodeIgniter))
 8 FCPATH\index.php(59): CodeIgniter\Boot::bootWeb(Object(Config\Paths))
CRITICAL - 2026-04-25 13:59:22 --> [Caused by] CodeIgniter\Database\Exceptions\DatabaseException: Unknown column 'anggota.id' in 'on clause'
in SYSTEMPATH\Database\MySQLi\Connection.php on line 332.
 1 SYSTEMPATH\Database\BaseConnection.php(729): CodeIgniter\Database\MySQLi\Connection->execute('SELECT `peminjaman`.*
FROM `peminjaman`
LEFT JOIN `anggota` ON `anggota`.`id` = `peminjaman`.`id_anggota`')
 2 SYSTEMPATH\Database\BaseConnection.php(646): CodeIgniter\Database\BaseConnection->simpleQuery('SELECT `peminjaman`.*
FROM `peminjaman`
LEFT JOIN `anggota` ON `anggota`.`id` = `peminjaman`.`id_anggota`')
 3 SYSTEMPATH\Database\BaseBuilder.php(1649): CodeIgniter\Database\BaseConnection->query('SELECT `peminjaman`.*
FROM `peminjaman`
LEFT JOIN `anggota` ON `anggota`.`id` = `peminjaman`.`id_anggota`', [], false)
 4 APPPATH\Controllers\peminjaman.php(38): CodeIgniter\Database\BaseBuilder->get()
 5 SYSTEMPATH\CodeIgniter.php(933): App\Controllers\Peminjaman->index()
 6 SYSTEMPATH\CodeIgniter.php(507): CodeIgniter\CodeIgniter->runController(Object(App\Controllers\Peminjaman))
 7 SYSTEMPATH\CodeIgniter.php(354): CodeIgniter\CodeIgniter->handleRequest(null, Object(Config\Cache), false)
 8 SYSTEMPATH\Boot.php(363): CodeIgniter\CodeIgniter->run()
 9 SYSTEMPATH\Boot.php(68): CodeIgniter\Boot::runCodeIgniter(Object(CodeIgniter\CodeIgniter))
10 FCPATH\index.php(59): CodeIgniter\Boot::bootWeb(Object(Config\Paths))
CRITICAL - 2026-04-25 13:59:22 --> [Caused by] mysqli_sql_exception: Unknown column 'anggota.id' in 'on clause'
in SYSTEMPATH\Database\MySQLi\Connection.php on line 327.
 1 SYSTEMPATH\Database\MySQLi\Connection.php(327): mysqli->query('SELECT `peminjaman`.*
FROM `peminjaman`
LEFT JOIN `anggota` ON `anggota`.`id` = `peminjaman`.`id_anggota`', 0)
 2 SYSTEMPATH\Database\BaseConnection.php(729): CodeIgniter\Database\MySQLi\Connection->execute('SELECT `peminjaman`.*
FROM `peminjaman`
LEFT JOIN `anggota` ON `anggota`.`id` = `peminjaman`.`id_anggota`')
 3 SYSTEMPATH\Database\BaseConnection.php(646): CodeIgniter\Database\BaseConnection->simpleQuery('SELECT `peminjaman`.*
FROM `peminjaman`
LEFT JOIN `anggota` ON `anggota`.`id` = `peminjaman`.`id_anggota`')
 4 SYSTEMPATH\Database\BaseBuilder.php(1649): CodeIgniter\Database\BaseConnection->query('SELECT `peminjaman`.*
FROM `peminjaman`
LEFT JOIN `anggota` ON `anggota`.`id` = `peminjaman`.`id_anggota`', [], false)
 5 APPPATH\Controllers\peminjaman.php(38): CodeIgniter\Database\BaseBuilder->get()
 6 SYSTEMPATH\CodeIgniter.php(933): App\Controllers\Peminjaman->index()
 7 SYSTEMPATH\CodeIgniter.php(507): CodeIgniter\CodeIgniter->runController(Object(App\Controllers\Peminjaman))
 8 SYSTEMPATH\CodeIgniter.php(354): CodeIgniter\CodeIgniter->handleRequest(null, Object(Config\Cache), false)
 9 SYSTEMPATH\Boot.php(363): CodeIgniter\CodeIgniter->run()
10 SYSTEMPATH\Boot.php(68): CodeIgniter\Boot::runCodeIgniter(Object(CodeIgniter\CodeIgniter))
11 FCPATH\index.php(59): CodeIgniter\Boot::bootWeb(Object(Config\Paths))
DEBUG - 2026-04-25 13:59:26 --> Session: Class initialized using 'CodeIgniter\Session\Handlers\FileHandler' driver.
ERROR - 2026-04-25 13:59:29 --> mysqli_sql_exception: Unknown column 'anggota.id' in 'on clause' in C:\xampp\htdocs\perpus\system\Database\MySQLi\Connection.php:327
Stack trace:
#0 C:\xampp\htdocs\perpus\system\Database\MySQLi\Connection.php(327): mysqli->query('SELECT `peminja...', 0)
#1 C:\xampp\htdocs\perpus\system\Database\BaseConnection.php(729): CodeIgniter\Database\MySQLi\Connection->execute('SELECT `peminja...')
#2 C:\xampp\htdocs\perpus\system\Database\BaseConnection.php(646): CodeIgniter\Database\BaseConnection->simpleQuery('SELECT `peminja...')
#3 C:\xampp\htdocs\perpus\system\Database\BaseBuilder.php(1649): CodeIgniter\Database\BaseConnection->query('SELECT `peminja...', Array, false)
#4 C:\xampp\htdocs\perpus\app\Controllers\peminjaman.php(38): CodeIgniter\Database\BaseBuilder->get()
#5 C:\xampp\htdocs\perpus\system\CodeIgniter.php(933): App\Controllers\Peminjaman->index()
#6 C:\xampp\htdocs\perpus\system\CodeIgniter.php(507): CodeIgniter\CodeIgniter->runController(Object(App\Controllers\Peminjaman))
#7 C:\xampp\htdocs\perpus\system\CodeIgniter.php(354): CodeIgniter\CodeIgniter->handleRequest(NULL, Object(Config\Cache), false)
#8 C:\xampp\htdocs\perpus\system\Boot.php(363): CodeIgniter\CodeIgniter->run()
#9 C:\xampp\htdocs\perpus\system\Boot.php(68): CodeIgniter\Boot::runCodeIgniter(Object(CodeIgniter\CodeIgniter))
#10 C:\xampp\htdocs\perpus\index.php(59): CodeIgniter\Boot::bootWeb(Object(Config\Paths))
#11 {main}
CRITICAL - 2026-04-25 13:59:29 --> CodeIgniter\Database\Exceptions\DatabaseException: Unknown column 'anggota.id' in 'on clause'
[Method: GET, Route: peminjaman]
in SYSTEMPATH\Database\BaseConnection.php on line 684.
 1 SYSTEMPATH\Database\BaseBuilder.php(1649): CodeIgniter\Database\BaseConnection->query('SELECT `peminjaman`.*
FROM `peminjaman`
LEFT JOIN `anggota` ON `anggota`.`id` = `peminjaman`.`id_anggota`', [], false)
 2 APPPATH\Controllers\peminjaman.php(38): CodeIgniter\Database\BaseBuilder->get()
 3 SYSTEMPATH\CodeIgniter.php(933): App\Controllers\Peminjaman->index()
 4 SYSTEMPATH\CodeIgniter.php(507): CodeIgniter\CodeIgniter->runController(Object(App\Controllers\Peminjaman))
 5 SYSTEMPATH\CodeIgniter.php(354): CodeIgniter\CodeIgniter->handleRequest(null, Object(Config\Cache), false)
 6 SYSTEMPATH\Boot.php(363): CodeIgniter\CodeIgniter->run()
 7 SYSTEMPATH\Boot.php(68): CodeIgniter\Boot::runCodeIgniter(Object(CodeIgniter\CodeIgniter))
 8 FCPATH\index.php(59): CodeIgniter\Boot::bootWeb(Object(Config\Paths))
CRITICAL - 2026-04-25 13:59:29 --> [Caused by] CodeIgniter\Database\Exceptions\DatabaseException: Unknown column 'anggota.id' in 'on clause'
in SYSTEMPATH\Database\MySQLi\Connection.php on line 332.
 1 SYSTEMPATH\Database\BaseConnection.php(729): CodeIgniter\Database\MySQLi\Connection->execute('SELECT `peminjaman`.*
FROM `peminjaman`
LEFT JOIN `anggota` ON `anggota`.`id` = `peminjaman`.`id_anggota`')
 2 SYSTEMPATH\Database\BaseConnection.php(646): CodeIgniter\Database\BaseConnection->simpleQuery('SELECT `peminjaman`.*
FROM `peminjaman`
LEFT JOIN `anggota` ON `anggota`.`id` = `peminjaman`.`id_anggota`')
 3 SYSTEMPATH\Database\BaseBuilder.php(1649): CodeIgniter\Database\BaseConnection->query('SELECT `peminjaman`.*
FROM `peminjaman`
LEFT JOIN `anggota` ON `anggota`.`id` = `peminjaman`.`id_anggota`', [], false)
 4 APPPATH\Controllers\peminjaman.php(38): CodeIgniter\Database\BaseBuilder->get()
 5 SYSTEMPATH\CodeIgniter.php(933): App\Controllers\Peminjaman->index()
 6 SYSTEMPATH\CodeIgniter.php(507): CodeIgniter\CodeIgniter->runController(Object(App\Controllers\Peminjaman))
 7 SYSTEMPATH\CodeIgniter.php(354): CodeIgniter\CodeIgniter->handleRequest(null, Object(Config\Cache), false)
 8 SYSTEMPATH\Boot.php(363): CodeIgniter\CodeIgniter->run()
 9 SYSTEMPATH\Boot.php(68): CodeIgniter\Boot::runCodeIgniter(Object(CodeIgniter\CodeIgniter))
10 FCPATH\index.php(59): CodeIgniter\Boot::bootWeb(Object(Config\Paths))
CRITICAL - 2026-04-25 13:59:29 --> [Caused by] mysqli_sql_exception: Unknown column 'anggota.id' in 'on clause'
in SYSTEMPATH\Database\MySQLi\Connection.php on line 327.
 1 SYSTEMPATH\Database\MySQLi\Connection.php(327): mysqli->query('SELECT `peminjaman`.*
FROM `peminjaman`
LEFT JOIN `anggota` ON `anggota`.`id` = `peminjaman`.`id_anggota`', 0)
 2 SYSTEMPATH\Database\BaseConnection.php(729): CodeIgniter\Database\MySQLi\Connection->execute('SELECT `peminjaman`.*
FROM `peminjaman`
LEFT JOIN `anggota` ON `anggota`.`id` = `peminjaman`.`id_anggota`')
 3 SYSTEMPATH\Database\BaseConnection.php(646): CodeIgniter\Database\BaseConnection->simpleQuery('SELECT `peminjaman`.*
FROM `peminjaman`
LEFT JOIN `anggota` ON `anggota`.`id` = `peminjaman`.`id_anggota`')
 4 SYSTEMPATH\Database\BaseBuilder.php(1649): CodeIgniter\Database\BaseConnection->query('SELECT `peminjaman`.*
FROM `peminjaman`
LEFT JOIN `anggota` ON `anggota`.`id` = `peminjaman`.`id_anggota`', [], false)
 5 APPPATH\Controllers\peminjaman.php(38): CodeIgniter\Database\BaseBuilder->get()
 6 SYSTEMPATH\CodeIgniter.php(933): App\Controllers\Peminjaman->index()
 7 SYSTEMPATH\CodeIgniter.php(507): CodeIgniter\CodeIgniter->runController(Object(App\Controllers\Peminjaman))
 8 SYSTEMPATH\CodeIgniter.php(354): CodeIgniter\CodeIgniter->handleRequest(null, Object(Config\Cache), false)
 9 SYSTEMPATH\Boot.php(363): CodeIgniter\CodeIgniter->run()
10 SYSTEMPATH\Boot.php(68): CodeIgniter\Boot::runCodeIgniter(Object(CodeIgniter\CodeIgniter))
11 FCPATH\index.php(59): CodeIgniter\Boot::bootWeb(Object(Config\Paths))
ERROR - 2026-04-25 13:59:45 --> mysqli_sql_exception: Unknown column 'anggota.id' in 'on clause' in C:\xampp\htdocs\perpus\system\Database\MySQLi\Connection.php:327
Stack trace:
#0 C:\xampp\htdocs\perpus\system\Database\MySQLi\Connection.php(327): mysqli->query('SELECT `peminja...', 0)
#1 C:\xampp\htdocs\perpus\system\Database\BaseConnection.php(729): CodeIgniter\Database\MySQLi\Connection->execute('SELECT `peminja...')
#2 C:\xampp\htdocs\perpus\system\Database\BaseConnection.php(646): CodeIgniter\Database\BaseConnection->simpleQuery('SELECT `peminja...')
#3 C:\xampp\htdocs\perpus\system\Database\BaseBuilder.php(1649): CodeIgniter\Database\BaseConnection->query('SELECT `peminja...', Array, false)
#4 C:\xampp\htdocs\perpus\app\Controllers\peminjaman.php(38): CodeIgniter\Database\BaseBuilder->get()
#5 C:\xampp\htdocs\perpus\system\CodeIgniter.php(933): App\Controllers\Peminjaman->index()
#6 C:\xampp\htdocs\perpus\system\CodeIgniter.php(507): CodeIgniter\CodeIgniter->runController(Object(App\Controllers\Peminjaman))
#7 C:\xampp\htdocs\perpus\system\CodeIgniter.php(354): CodeIgniter\CodeIgniter->handleRequest(NULL, Object(Config\Cache), false)
#8 C:\xampp\htdocs\perpus\system\Boot.php(363): CodeIgniter\CodeIgniter->run()
#9 C:\xampp\htdocs\perpus\system\Boot.php(68): CodeIgniter\Boot::runCodeIgniter(Object(CodeIgniter\CodeIgniter))
#10 C:\xampp\htdocs\perpus\index.php(59): CodeIgniter\Boot::bootWeb(Object(Config\Paths))
#11 {main}
CRITICAL - 2026-04-25 13:59:45 --> CodeIgniter\Database\Exceptions\DatabaseException: Unknown column 'anggota.id' in 'on clause'
[Method: GET, Route: peminjaman]
in SYSTEMPATH\Database\BaseConnection.php on line 684.
 1 SYSTEMPATH\Database\BaseBuilder.php(1649): CodeIgniter\Database\BaseConnection->query('SELECT `peminjaman`.*
FROM `peminjaman`
LEFT JOIN `anggota` ON `anggota`.`id` = `peminjaman`.`id_anggota`', [], false)
 2 APPPATH\Controllers\peminjaman.php(38): CodeIgniter\Database\BaseBuilder->get()
 3 SYSTEMPATH\CodeIgniter.php(933): App\Controllers\Peminjaman->index()
 4 SYSTEMPATH\CodeIgniter.php(507): CodeIgniter\CodeIgniter->runController(Object(App\Controllers\Peminjaman))
 5 SYSTEMPATH\CodeIgniter.php(354): CodeIgniter\CodeIgniter->handleRequest(null, Object(Config\Cache), false)
 6 SYSTEMPATH\Boot.php(363): CodeIgniter\CodeIgniter->run()
 7 SYSTEMPATH\Boot.php(68): CodeIgniter\Boot::runCodeIgniter(Object(CodeIgniter\CodeIgniter))
 8 FCPATH\index.php(59): CodeIgniter\Boot::bootWeb(Object(Config\Paths))
CRITICAL - 2026-04-25 13:59:45 --> [Caused by] CodeIgniter\Database\Exceptions\DatabaseException: Unknown column 'anggota.id' in 'on clause'
in SYSTEMPATH\Database\MySQLi\Connection.php on line 332.
 1 SYSTEMPATH\Database\BaseConnection.php(729): CodeIgniter\Database\MySQLi\Connection->execute('SELECT `peminjaman`.*
FROM `peminjaman`
LEFT JOIN `anggota` ON `anggota`.`id` = `peminjaman`.`id_anggota`')
 2 SYSTEMPATH\Database\BaseConnection.php(646): CodeIgniter\Database\BaseConnection->simpleQuery('SELECT `peminjaman`.*
FROM `peminjaman`
LEFT JOIN `anggota` ON `anggota`.`id` = `peminjaman`.`id_anggota`')
 3 SYSTEMPATH\Database\BaseBuilder.php(1649): CodeIgniter\Database\BaseConnection->query('SELECT `peminjaman`.*
FROM `peminjaman`
LEFT JOIN `anggota` ON `anggota`.`id` = `peminjaman`.`id_anggota`', [], false)
 4 APPPATH\Controllers\peminjaman.php(38): CodeIgniter\Database\BaseBuilder->get()
 5 SYSTEMPATH\CodeIgniter.php(933): App\Controllers\Peminjaman->index()
 6 SYSTEMPATH\CodeIgniter.php(507): CodeIgniter\CodeIgniter->runController(Object(App\Controllers\Peminjaman))
 7 SYSTEMPATH\CodeIgniter.php(354): CodeIgniter\CodeIgniter->handleRequest(null, Object(Config\Cache), false)
 8 SYSTEMPATH\Boot.php(363): CodeIgniter\CodeIgniter->run()
 9 SYSTEMPATH\Boot.php(68): CodeIgniter\Boot::runCodeIgniter(Object(CodeIgniter\CodeIgniter))
10 FCPATH\index.php(59): CodeIgniter\Boot::bootWeb(Object(Config\Paths))
CRITICAL - 2026-04-25 13:59:45 --> [Caused by] mysqli_sql_exception: Unknown column 'anggota.id' in 'on clause'
in SYSTEMPATH\Database\MySQLi\Connection.php on line 327.
 1 SYSTEMPATH\Database\MySQLi\Connection.php(327): mysqli->query('SELECT `peminjaman`.*
FROM `peminjaman`
LEFT JOIN `anggota` ON `anggota`.`id` = `peminjaman`.`id_anggota`', 0)
 2 SYSTEMPATH\Database\BaseConnection.php(729): CodeIgniter\Database\MySQLi\Connection->execute('SELECT `peminjaman`.*
FROM `peminjaman`
LEFT JOIN `anggota` ON `anggota`.`id` = `peminjaman`.`id_anggota`')
 3 SYSTEMPATH\Database\BaseConnection.php(646): CodeIgniter\Database\BaseConnection->simpleQuery('SELECT `peminjaman`.*
FROM `peminjaman`
LEFT JOIN `anggota` ON `anggota`.`id` = `peminjaman`.`id_anggota`')
 4 SYSTEMPATH\Database\BaseBuilder.php(1649): CodeIgniter\Database\BaseConnection->query('SELECT `peminjaman`.*
FROM `peminjaman`
LEFT JOIN `anggota` ON `anggota`.`id` = `peminjaman`.`id_anggota`', [], false)
 5 APPPATH\Controllers\peminjaman.php(38): CodeIgniter\Database\BaseBuilder->get()
 6 SYSTEMPATH\CodeIgniter.php(933): App\Controllers\Peminjaman->index()
 7 SYSTEMPATH\CodeIgniter.php(507): CodeIgniter\CodeIgniter->runController(Object(App\Controllers\Peminjaman))
 8 SYSTEMPATH\CodeIgniter.php(354): CodeIgniter\CodeIgniter->handleRequest(null, Object(Config\Cache), false)
 9 SYSTEMPATH\Boot.php(363): CodeIgniter\CodeIgniter->run()
10 SYSTEMPATH\Boot.php(68): CodeIgniter\Boot::runCodeIgniter(Object(CodeIgniter\CodeIgniter))
11 FCPATH\index.php(59): CodeIgniter\Boot::bootWeb(Object(Config\Paths))
ERROR - 2026-04-25 14:01:07 --> mysqli_sql_exception: Unknown column 'anggota.nama' in 'field list' in C:\xampp\htdocs\perpus\system\Database\MySQLi\Connection.php:327
Stack trace:
#0 C:\xampp\htdocs\perpus\system\Database\MySQLi\Connection.php(327): mysqli->query('SELECT `peminja...', 0)
#1 C:\xampp\htdocs\perpus\system\Database\BaseConnection.php(729): CodeIgniter\Database\MySQLi\Connection->execute('SELECT `peminja...')
#2 C:\xampp\htdocs\perpus\system\Database\BaseConnection.php(646): CodeIgniter\Database\BaseConnection->simpleQuery('SELECT `peminja...')
#3 C:\xampp\htdocs\perpus\system\Database\BaseBuilder.php(1649): CodeIgniter\Database\BaseConnection->query('SELECT `peminja...', Array, false)
#4 C:\xampp\htdocs\perpus\app\Controllers\peminjaman.php(30): CodeIgniter\Database\BaseBuilder->get()
#5 C:\xampp\htdocs\perpus\system\CodeIgniter.php(933): App\Controllers\Peminjaman->index()
#6 C:\xampp\htdocs\perpus\system\CodeIgniter.php(507): CodeIgniter\CodeIgniter->runController(Object(App\Controllers\Peminjaman))
#7 C:\xampp\htdocs\perpus\system\CodeIgniter.php(354): CodeIgniter\CodeIgniter->handleRequest(NULL, Object(Config\Cache), false)
#8 C:\xampp\htdocs\perpus\system\Boot.php(363): CodeIgniter\CodeIgniter->run()
#9 C:\xampp\htdocs\perpus\system\Boot.php(68): CodeIgniter\Boot::runCodeIgniter(Object(CodeIgniter\CodeIgniter))
#10 C:\xampp\htdocs\perpus\index.php(59): CodeIgniter\Boot::bootWeb(Object(Config\Paths))
#11 {main}
CRITICAL - 2026-04-25 14:01:07 --> CodeIgniter\Database\Exceptions\DatabaseException: Unknown column 'anggota.nama' in 'field list'
[Method: GET, Route: peminjaman]
in SYSTEMPATH\Database\BaseConnection.php on line 684.
 1 SYSTEMPATH\Database\BaseBuilder.php(1649): CodeIgniter\Database\BaseConnection->query('SELECT `peminjaman`.*, `anggota`.`nama` as `nama_anggota`
FROM `peminjaman`
LEFT JOIN `anggota` ON `anggota`.`id` = `peminjaman`.`id_anggota`', [], false)
 2 APPPATH\Controllers\peminjaman.php(30): CodeIgniter\Database\BaseBuilder->get()
 3 SYSTEMPATH\CodeIgniter.php(933): App\Controllers\Peminjaman->index()
 4 SYSTEMPATH\CodeIgniter.php(507): CodeIgniter\CodeIgniter->runController(Object(App\Controllers\Peminjaman))
 5 SYSTEMPATH\CodeIgniter.php(354): CodeIgniter\CodeIgniter->handleRequest(null, Object(Config\Cache), false)
 6 SYSTEMPATH\Boot.php(363): CodeIgniter\CodeIgniter->run()
 7 SYSTEMPATH\Boot.php(68): CodeIgniter\Boot::runCodeIgniter(Object(CodeIgniter\CodeIgniter))
 8 FCPATH\index.php(59): CodeIgniter\Boot::bootWeb(Object(Config\Paths))
CRITICAL - 2026-04-25 14:01:07 --> [Caused by] CodeIgniter\Database\Exceptions\DatabaseException: Unknown column 'anggota.nama' in 'field list'
in SYSTEMPATH\Database\MySQLi\Connection.php on line 332.
 1 SYSTEMPATH\Database\BaseConnection.php(729): CodeIgniter\Database\MySQLi\Connection->execute('SELECT `peminjaman`.*, `anggota`.`nama` as `nama_anggota`
FROM `peminjaman`
LEFT JOIN `anggota` ON `anggota`.`id` = `peminjaman`.`id_anggota`')
 2 SYSTEMPATH\Database\BaseConnection.php(646): CodeIgniter\Database\BaseConnection->simpleQuery('SELECT `peminjaman`.*, `anggota`.`nama` as `nama_anggota`
FROM `peminjaman`
LEFT JOIN `anggota` ON `anggota`.`id` = `peminjaman`.`id_anggota`')
 3 SYSTEMPATH\Database\BaseBuilder.php(1649): CodeIgniter\Database\BaseConnection->query('SELECT `peminjaman`.*, `anggota`.`nama` as `nama_anggota`
FROM `peminjaman`
LEFT JOIN `anggota` ON `anggota`.`id` = `peminjaman`.`id_anggota`', [], false)
 4 APPPATH\Controllers\peminjaman.php(30): CodeIgniter\Database\BaseBuilder->get()
 5 SYSTEMPATH\CodeIgniter.php(933): App\Controllers\Peminjaman->index()
 6 SYSTEMPATH\CodeIgniter.php(507): CodeIgniter\CodeIgniter->runController(Object(App\Controllers\Peminjaman))
 7 SYSTEMPATH\CodeIgniter.php(354): CodeIgniter\CodeIgniter->handleRequest(null, Object(Config\Cache), false)
 8 SYSTEMPATH\Boot.php(363): CodeIgniter\CodeIgniter->run()
 9 SYSTEMPATH\Boot.php(68): CodeIgniter\Boot::runCodeIgniter(Object(CodeIgniter\CodeIgniter))
10 FCPATH\index.php(59): CodeIgniter\Boot::bootWeb(Object(Config\Paths))
CRITICAL - 2026-04-25 14:01:07 --> [Caused by] mysqli_sql_exception: Unknown column 'anggota.nama' in 'field list'
in SYSTEMPATH\Database\MySQLi\Connection.php on line 327.
 1 SYSTEMPATH\Database\MySQLi\Connection.php(327): mysqli->query('SELECT `peminjaman`.*, `anggota`.`nama` as `nama_anggota`
FROM `peminjaman`
LEFT JOIN `anggota` ON `anggota`.`id` = `peminjaman`.`id_anggota`', 0)
 2 SYSTEMPATH\Database\BaseConnection.php(729): CodeIgniter\Database\MySQLi\Connection->execute('SELECT `peminjaman`.*, `anggota`.`nama` as `nama_anggota`
FROM `peminjaman`
LEFT JOIN `anggota` ON `anggota`.`id` = `peminjaman`.`id_anggota`')
 3 SYSTEMPATH\Database\BaseConnection.php(646): CodeIgniter\Database\BaseConnection->simpleQuery('SELECT `peminjaman`.*, `anggota`.`nama` as `nama_anggota`
FROM `peminjaman`
LEFT JOIN `anggota` ON `anggota`.`id` = `peminjaman`.`id_anggota`')
 4 SYSTEMPATH\Database\BaseBuilder.php(1649): CodeIgniter\Database\BaseConnection->query('SELECT `peminjaman`.*, `anggota`.`nama` as `nama_anggota`
FROM `peminjaman`
LEFT JOIN `anggota` ON `anggota`.`id` = `peminjaman`.`id_anggota`', [], false)
 5 APPPATH\Controllers\peminjaman.php(30): CodeIgniter\Database\BaseBuilder->get()
 6 SYSTEMPATH\CodeIgniter.php(933): App\Controllers\Peminjaman->index()
 7 SYSTEMPATH\CodeIgniter.php(507): CodeIgniter\CodeIgniter->runController(Object(App\Controllers\Peminjaman))
 8 SYSTEMPATH\CodeIgniter.php(354): CodeIgniter\CodeIgniter->handleRequest(null, Object(Config\Cache), false)
 9 SYSTEMPATH\Boot.php(363): CodeIgniter\CodeIgniter->run()
10 SYSTEMPATH\Boot.php(68): CodeIgniter\Boot::runCodeIgniter(Object(CodeIgniter\CodeIgniter))
11 FCPATH\index.php(59): CodeIgniter\Boot::bootWeb(Object(Config\Paths))
CRITICAL - 2026-04-25 14:05:31 --> ParseError: syntax error, unexpected token "public", expecting end of file
[Method: GET, Route: peminjaman]
in APPPATH\Controllers\peminjaman.php on line 34.
 1 SYSTEMPATH\Autoloader\Autoloader.php(295): CodeIgniter\Autoloader\Autoloader->includeFile('C:\\xampp\\htdocs\\perpus\\app\\Controllers\\Peminjaman.php')
 2 SYSTEMPATH\Autoloader\Autoloader.php(271): CodeIgniter\Autoloader\Autoloader->loadInNamespace('App\\Controllers\\Peminjaman')
 3 [internal function]: CodeIgniter\Autoloader\Autoloader->loadClass('App\\Controllers\\Peminjaman')
 4 SYSTEMPATH\CodeIgniter.php(885): class_exists('\\App\\Controllers\\Peminjaman', true)
 5 SYSTEMPATH\CodeIgniter.php(494): CodeIgniter\CodeIgniter->startController()
 6 SYSTEMPATH\CodeIgniter.php(354): CodeIgniter\CodeIgniter->handleRequest(null, Object(Config\Cache), false)
 7 SYSTEMPATH\Boot.php(363): CodeIgniter\CodeIgniter->run()
 8 SYSTEMPATH\Boot.php(68): CodeIgniter\Boot::runCodeIgniter(Object(CodeIgniter\CodeIgniter))
 9 FCPATH\index.php(59): CodeIgniter\Boot::bootWeb(Object(Config\Paths))
CRITICAL - 2026-04-25 14:06:05 --> ParseError: syntax error, unexpected token "public", expecting end of file
[Method: GET, Route: peminjaman]
in APPPATH\Controllers\peminjaman.php on line 32.
 1 SYSTEMPATH\Autoloader\Autoloader.php(295): CodeIgniter\Autoloader\Autoloader->includeFile('C:\\xampp\\htdocs\\perpus\\app\\Controllers\\Peminjaman.php')
 2 SYSTEMPATH\Autoloader\Autoloader.php(271): CodeIgniter\Autoloader\Autoloader->loadInNamespace('App\\Controllers\\Peminjaman')
 3 [internal function]: CodeIgniter\Autoloader\Autoloader->loadClass('App\\Controllers\\Peminjaman')
 4 SYSTEMPATH\CodeIgniter.php(885): class_exists('\\App\\Controllers\\Peminjaman', true)
 5 SYSTEMPATH\CodeIgniter.php(494): CodeIgniter\CodeIgniter->startController()
 6 SYSTEMPATH\CodeIgniter.php(354): CodeIgniter\CodeIgniter->handleRequest(null, Object(Config\Cache), false)
 7 SYSTEMPATH\Boot.php(363): CodeIgniter\CodeIgniter->run()
 8 SYSTEMPATH\Boot.php(68): CodeIgniter\Boot::runCodeIgniter(Object(CodeIgniter\CodeIgniter))
 9 FCPATH\index.php(59): CodeIgniter\Boot::bootWeb(Object(Config\Paths))
CRITICAL - 2026-04-25 14:06:44 --> ParseError: syntax error, unexpected token "public", expecting end of file
[Method: GET, Route: peminjaman]
in APPPATH\Controllers\peminjaman.php on line 41.
 1 SYSTEMPATH\Autoloader\Autoloader.php(295): CodeIgniter\Autoloader\Autoloader->includeFile('C:\\xampp\\htdocs\\perpus\\app\\Controllers\\Peminjaman.php')
 2 SYSTEMPATH\Autoloader\Autoloader.php(271): CodeIgniter\Autoloader\Autoloader->loadInNamespace('App\\Controllers\\Peminjaman')
 3 [internal function]: CodeIgniter\Autoloader\Autoloader->loadClass('App\\Controllers\\Peminjaman')
 4 SYSTEMPATH\CodeIgniter.php(885): class_exists('\\App\\Controllers\\Peminjaman', true)
 5 SYSTEMPATH\CodeIgniter.php(494): CodeIgniter\CodeIgniter->startController()
 6 SYSTEMPATH\CodeIgniter.php(354): CodeIgniter\CodeIgniter->handleRequest(null, Object(Config\Cache), false)
 7 SYSTEMPATH\Boot.php(363): CodeIgniter\CodeIgniter->run()
 8 SYSTEMPATH\Boot.php(68): CodeIgniter\Boot::runCodeIgniter(Object(CodeIgniter\CodeIgniter))
 9 FCPATH\index.php(59): CodeIgniter\Boot::bootWeb(Object(Config\Paths))
CRITICAL - 2026-04-25 14:07:32 --> ParseError: syntax error, unexpected token "public", expecting end of file
[Method: GET, Route: peminjaman]
in APPPATH\Controllers\peminjaman.php on line 74.
 1 SYSTEMPATH\Autoloader\Autoloader.php(295): CodeIgniter\Autoloader\Autoloader->includeFile('C:\\xampp\\htdocs\\perpus\\app\\Controllers\\Peminjaman.php')
 2 SYSTEMPATH\Autoloader\Autoloader.php(271): CodeIgniter\Autoloader\Autoloader->loadInNamespace('App\\Controllers\\Peminjaman')
 3 [internal function]: CodeIgniter\Autoloader\Autoloader->loadClass('App\\Controllers\\Peminjaman')
 4 SYSTEMPATH\CodeIgniter.php(885): class_exists('\\App\\Controllers\\Peminjaman', true)
 5 SYSTEMPATH\CodeIgniter.php(494): CodeIgniter\CodeIgniter->startController()
 6 SYSTEMPATH\CodeIgniter.php(354): CodeIgniter\CodeIgniter->handleRequest(null, Object(Config\Cache), false)
 7 SYSTEMPATH\Boot.php(363): CodeIgniter\CodeIgniter->run()
 8 SYSTEMPATH\Boot.php(68): CodeIgniter\Boot::runCodeIgniter(Object(CodeIgniter\CodeIgniter))
 9 FCPATH\index.php(59): CodeIgniter\Boot::bootWeb(Object(Config\Paths))
CRITICAL - 2026-04-25 14:08:50 --> ParseError: syntax error, unexpected token "public", expecting end of file
[Method: GET, Route: peminjaman]
in APPPATH\Controllers\peminjaman.php on line 93.
 1 SYSTEMPATH\Autoloader\Autoloader.php(295): CodeIgniter\Autoloader\Autoloader->includeFile('C:\\xampp\\htdocs\\perpus\\app\\Controllers\\Peminjaman.php')
 2 SYSTEMPATH\Autoloader\Autoloader.php(271): CodeIgniter\Autoloader\Autoloader->loadInNamespace('App\\Controllers\\Peminjaman')
 3 [internal function]: CodeIgniter\Autoloader\Autoloader->loadClass('App\\Controllers\\Peminjaman')
 4 SYSTEMPATH\CodeIgniter.php(885): class_exists('\\App\\Controllers\\Peminjaman', true)
 5 SYSTEMPATH\CodeIgniter.php(494): CodeIgniter\CodeIgniter->startController()
 6 SYSTEMPATH\CodeIgniter.php(354): CodeIgniter\CodeIgniter->handleRequest(null, Object(Config\Cache), false)
 7 SYSTEMPATH\Boot.php(363): CodeIgniter\CodeIgniter->run()
 8 SYSTEMPATH\Boot.php(68): CodeIgniter\Boot::runCodeIgniter(Object(CodeIgniter\CodeIgniter))
 9 FCPATH\index.php(59): CodeIgniter\Boot::bootWeb(Object(Config\Paths))
CRITICAL - 2026-04-25 14:10:24 --> ParseError: syntax error, unexpected token "public", expecting end of file
[Method: GET, Route: peminjaman]
in APPPATH\Controllers\peminjaman.php on line 101.
 1 SYSTEMPATH\Autoloader\Autoloader.php(295): CodeIgniter\Autoloader\Autoloader->includeFile('C:\\xampp\\htdocs\\perpus\\app\\Controllers\\Peminjaman.php')
 2 SYSTEMPATH\Autoloader\Autoloader.php(271): CodeIgniter\Autoloader\Autoloader->loadInNamespace('App\\Controllers\\Peminjaman')
 3 [internal function]: CodeIgniter\Autoloader\Autoloader->loadClass('App\\Controllers\\Peminjaman')
 4 SYSTEMPATH\CodeIgniter.php(885): class_exists('\\App\\Controllers\\Peminjaman', true)
 5 SYSTEMPATH\CodeIgniter.php(494): CodeIgniter\CodeIgniter->startController()
 6 SYSTEMPATH\CodeIgniter.php(354): CodeIgniter\CodeIgniter->handleRequest(null, Object(Config\Cache), false)
 7 SYSTEMPATH\Boot.php(363): CodeIgniter\CodeIgniter->run()
 8 SYSTEMPATH\Boot.php(68): CodeIgniter\Boot::runCodeIgniter(Object(CodeIgniter\CodeIgniter))
 9 FCPATH\index.php(59): CodeIgniter\Boot::bootWeb(Object(Config\Paths))
CRITICAL - 2026-04-25 14:11:12 --> ParseError: syntax error, unexpected token "public", expecting end of file
[Method: GET, Route: peminjaman]
in APPPATH\Controllers\peminjaman.php on line 128.
 1 SYSTEMPATH\Autoloader\Autoloader.php(295): CodeIgniter\Autoloader\Autoloader->includeFile('C:\\xampp\\htdocs\\perpus\\app\\Controllers\\Peminjaman.php')
 2 SYSTEMPATH\Autoloader\Autoloader.php(271): CodeIgniter\Autoloader\Autoloader->loadInNamespace('App\\Controllers\\Peminjaman')
 3 [internal function]: CodeIgniter\Autoloader\Autoloader->loadClass('App\\Controllers\\Peminjaman')
 4 SYSTEMPATH\CodeIgniter.php(885): class_exists('\\App\\Controllers\\Peminjaman', true)
 5 SYSTEMPATH\CodeIgniter.php(494): CodeIgniter\CodeIgniter->startController()
 6 SYSTEMPATH\CodeIgniter.php(354): CodeIgniter\CodeIgniter->handleRequest(null, Object(Config\Cache), false)
 7 SYSTEMPATH\Boot.php(363): CodeIgniter\CodeIgniter->run()
 8 SYSTEMPATH\Boot.php(68): CodeIgniter\Boot::runCodeIgniter(Object(CodeIgniter\CodeIgniter))
 9 FCPATH\index.php(59): CodeIgniter\Boot::bootWeb(Object(Config\Paths))
ERROR - 2026-04-25 14:12:21 --> mysqli_sql_exception: Unknown column 'anggota.nama' in 'field list' in C:\xampp\htdocs\perpus\system\Database\MySQLi\Connection.php:327
Stack trace:
#0 C:\xampp\htdocs\perpus\system\Database\MySQLi\Connection.php(327): mysqli->query('SELECT `peminja...', 0)
#1 C:\xampp\htdocs\perpus\system\Database\BaseConnection.php(729): CodeIgniter\Database\MySQLi\Connection->execute('SELECT `peminja...')
#2 C:\xampp\htdocs\perpus\system\Database\BaseConnection.php(646): CodeIgniter\Database\BaseConnection->simpleQuery('SELECT `peminja...')
#3 C:\xampp\htdocs\perpus\system\Database\BaseBuilder.php(1649): CodeIgniter\Database\BaseConnection->query('SELECT `peminja...', Array, false)
#4 C:\xampp\htdocs\perpus\app\Controllers\peminjaman.php(28): CodeIgniter\Database\BaseBuilder->get()
#5 C:\xampp\htdocs\perpus\system\CodeIgniter.php(933): App\Controllers\Peminjaman->index()
#6 C:\xampp\htdocs\perpus\system\CodeIgniter.php(507): CodeIgniter\CodeIgniter->runController(Object(App\Controllers\Peminjaman))
#7 C:\xampp\htdocs\perpus\system\CodeIgniter.php(354): CodeIgniter\CodeIgniter->handleRequest(NULL, Object(Config\Cache), false)
#8 C:\xampp\htdocs\perpus\system\Boot.php(363): CodeIgniter\CodeIgniter->run()
#9 C:\xampp\htdocs\perpus\system\Boot.php(68): CodeIgniter\Boot::runCodeIgniter(Object(CodeIgniter\CodeIgniter))
#10 C:\xampp\htdocs\perpus\index.php(59): CodeIgniter\Boot::bootWeb(Object(Config\Paths))
#11 {main}
CRITICAL - 2026-04-25 14:12:21 --> CodeIgniter\Database\Exceptions\DatabaseException: Unknown column 'anggota.nama' in 'field list'
[Method: GET, Route: peminjaman]
in SYSTEMPATH\Database\BaseConnection.php on line 684.
 1 SYSTEMPATH\Database\BaseBuilder.php(1649): CodeIgniter\Database\BaseConnection->query('SELECT `peminjaman`.*, `anggota`.`nama` as `nama_anggota`
FROM `peminjaman`
LEFT JOIN `anggota` ON `anggota`.`id` = `peminjaman`.`id_anggota`', [], false)
 2 APPPATH\Controllers\peminjaman.php(28): CodeIgniter\Database\BaseBuilder->get()
 3 SYSTEMPATH\CodeIgniter.php(933): App\Controllers\Peminjaman->index()
 4 SYSTEMPATH\CodeIgniter.php(507): CodeIgniter\CodeIgniter->runController(Object(App\Controllers\Peminjaman))
 5 SYSTEMPATH\CodeIgniter.php(354): CodeIgniter\CodeIgniter->handleRequest(null, Object(Config\Cache), false)
 6 SYSTEMPATH\Boot.php(363): CodeIgniter\CodeIgniter->run()
 7 SYSTEMPATH\Boot.php(68): CodeIgniter\Boot::runCodeIgniter(Object(CodeIgniter\CodeIgniter))
 8 FCPATH\index.php(59): CodeIgniter\Boot::bootWeb(Object(Config\Paths))
CRITICAL - 2026-04-25 14:12:21 --> [Caused by] CodeIgniter\Database\Exceptions\DatabaseException: Unknown column 'anggota.nama' in 'field list'
in SYSTEMPATH\Database\MySQLi\Connection.php on line 332.
 1 SYSTEMPATH\Database\BaseConnection.php(729): CodeIgniter\Database\MySQLi\Connection->execute('SELECT `peminjaman`.*, `anggota`.`nama` as `nama_anggota`
FROM `peminjaman`
LEFT JOIN `anggota` ON `anggota`.`id` = `peminjaman`.`id_anggota`')
 2 SYSTEMPATH\Database\BaseConnection.php(646): CodeIgniter\Database\BaseConnection->simpleQuery('SELECT `peminjaman`.*, `anggota`.`nama` as `nama_anggota`
FROM `peminjaman`
LEFT JOIN `anggota` ON `anggota`.`id` = `peminjaman`.`id_anggota`')
 3 SYSTEMPATH\Database\BaseBuilder.php(1649): CodeIgniter\Database\BaseConnection->query('SELECT `peminjaman`.*, `anggota`.`nama` as `nama_anggota`
FROM `peminjaman`
LEFT JOIN `anggota` ON `anggota`.`id` = `peminjaman`.`id_anggota`', [], false)
 4 APPPATH\Controllers\peminjaman.php(28): CodeIgniter\Database\BaseBuilder->get()
 5 SYSTEMPATH\CodeIgniter.php(933): App\Controllers\Peminjaman->index()
 6 SYSTEMPATH\CodeIgniter.php(507): CodeIgniter\CodeIgniter->runController(Object(App\Controllers\Peminjaman))
 7 SYSTEMPATH\CodeIgniter.php(354): CodeIgniter\CodeIgniter->handleRequest(null, Object(Config\Cache), false)
 8 SYSTEMPATH\Boot.php(363): CodeIgniter\CodeIgniter->run()
 9 SYSTEMPATH\Boot.php(68): CodeIgniter\Boot::runCodeIgniter(Object(CodeIgniter\CodeIgniter))
10 FCPATH\index.php(59): CodeIgniter\Boot::bootWeb(Object(Config\Paths))
CRITICAL - 2026-04-25 14:12:21 --> [Caused by] mysqli_sql_exception: Unknown column 'anggota.nama' in 'field list'
in SYSTEMPATH\Database\MySQLi\Connection.php on line 327.
 1 SYSTEMPATH\Database\MySQLi\Connection.php(327): mysqli->query('SELECT `peminjaman`.*, `anggota`.`nama` as `nama_anggota`
FROM `peminjaman`
LEFT JOIN `anggota` ON `anggota`.`id` = `peminjaman`.`id_anggota`', 0)
 2 SYSTEMPATH\Database\BaseConnection.php(729): CodeIgniter\Database\MySQLi\Connection->execute('SELECT `peminjaman`.*, `anggota`.`nama` as `nama_anggota`
FROM `peminjaman`
LEFT JOIN `anggota` ON `anggota`.`id` = `peminjaman`.`id_anggota`')
 3 SYSTEMPATH\Database\BaseConnection.php(646): CodeIgniter\Database\BaseConnection->simpleQuery('SELECT `peminjaman`.*, `anggota`.`nama` as `nama_anggota`
FROM `peminjaman`
LEFT JOIN `anggota` ON `anggota`.`id` = `peminjaman`.`id_anggota`')
 4 SYSTEMPATH\Database\BaseBuilder.php(1649): CodeIgniter\Database\BaseConnection->query('SELECT `peminjaman`.*, `anggota`.`nama` as `nama_anggota`
FROM `peminjaman`
LEFT JOIN `anggota` ON `anggota`.`id` = `peminjaman`.`id_anggota`', [], false)
 5 APPPATH\Controllers\peminjaman.php(28): CodeIgniter\Database\BaseBuilder->get()
 6 SYSTEMPATH\CodeIgniter.php(933): App\Controllers\Peminjaman->index()
 7 SYSTEMPATH\CodeIgniter.php(507): CodeIgniter\CodeIgniter->runController(Object(App\Controllers\Peminjaman))
 8 SYSTEMPATH\CodeIgniter.php(354): CodeIgniter\CodeIgniter->handleRequest(null, Object(Config\Cache), false)
 9 SYSTEMPATH\Boot.php(363): CodeIgniter\CodeIgniter->run()
10 SYSTEMPATH\Boot.php(68): CodeIgniter\Boot::runCodeIgniter(Object(CodeIgniter\CodeIgniter))
11 FCPATH\index.php(59): CodeIgniter\Boot::bootWeb(Object(Config\Paths))
DEBUG - 2026-04-25 14:16:08 --> Session: Class initialized using 'CodeIgniter\Session\Handlers\FileHandler' driver.
DEBUG - 2026-04-25 14:16:28 --> Session: Class initialized using 'CodeIgniter\Session\Handlers\FileHandler' driver.
DEBUG - 2026-04-25 14:16:29 --> Session: Class initialized using 'CodeIgniter\Session\Handlers\FileHandler' driver.
DEBUG - 2026-04-25 14:16:46 --> Session: Class initialized using 'CodeIgniter\Session\Handlers\FileHandler' driver.
CRITICAL - 2026-04-25 14:17:27 --> Error: Call to undefined method CodeIgniter\Autoloader\Autoloader::extend()
[Method: GET, Route: peminjaman]
in APPPATH\Controllers\peminjaman.php on line 1.
 1 SYSTEMPATH\Autoloader\Autoloader.php(315): include_once()
 2 SYSTEMPATH\Autoloader\Autoloader.php(295): CodeIgniter\Autoloader\Autoloader->includeFile('C:\\xampp\\htdocs\\perpus\\app\\Controllers\\Peminjaman.php')
 3 SYSTEMPATH\Autoloader\Autoloader.php(271): CodeIgniter\Autoloader\Autoloader->loadInNamespace('App\\Controllers\\Peminjaman')
 4 [internal function]: CodeIgniter\Autoloader\Autoloader->loadClass('App\\Controllers\\Peminjaman')
 5 SYSTEMPATH\CodeIgniter.php(885): class_exists('\\App\\Controllers\\Peminjaman', true)
 6 SYSTEMPATH\CodeIgniter.php(494): CodeIgniter\CodeIgniter->startController()
 7 SYSTEMPATH\CodeIgniter.php(354): CodeIgniter\CodeIgniter->handleRequest(null, Object(Config\Cache), false)
 8 SYSTEMPATH\Boot.php(363): CodeIgniter\CodeIgniter->run()
 9 SYSTEMPATH\Boot.php(68): CodeIgniter\Boot::runCodeIgniter(Object(CodeIgniter\CodeIgniter))
10 FCPATH\index.php(59): CodeIgniter\Boot::bootWeb(Object(Config\Paths))
ERROR - 2026-04-25 14:18:21 --> mysqli_sql_exception: Unknown column 'anggota.id_user' in 'on clause' in C:\xampp\htdocs\perpus\system\Database\MySQLi\Connection.php:327
Stack trace:
#0 C:\xampp\htdocs\perpus\system\Database\MySQLi\Connection.php(327): mysqli->query('SELECT `peminja...', 0)
#1 C:\xampp\htdocs\perpus\system\Database\BaseConnection.php(729): CodeIgniter\Database\MySQLi\Connection->execute('SELECT `peminja...')
#2 C:\xampp\htdocs\perpus\system\Database\BaseConnection.php(646): CodeIgniter\Database\BaseConnection->simpleQuery('SELECT `peminja...')
#3 C:\xampp\htdocs\perpus\system\Database\BaseBuilder.php(1649): CodeIgniter\Database\BaseConnection->query('SELECT `peminja...', Array, false)
#4 C:\xampp\htdocs\perpus\system\Model.php(286): CodeIgniter\Database\BaseBuilder->get()
#5 C:\xampp\htdocs\perpus\system\BaseModel.php(677): CodeIgniter\Model->doFindAll(0, 0)
#6 C:\xampp\htdocs\perpus\app\Controllers\peminjaman.php(35): CodeIgniter\BaseModel->findAll()
#7 C:\xampp\htdocs\perpus\system\CodeIgniter.php(933): App\Controllers\Peminjaman->index()
#8 C:\xampp\htdocs\perpus\system\CodeIgniter.php(507): CodeIgniter\CodeIgniter->runController(Object(App\Controllers\Peminjaman))
#9 C:\xampp\htdocs\perpus\system\CodeIgniter.php(354): CodeIgniter\CodeIgniter->handleRequest(NULL, Object(Config\Cache), false)
#10 C:\xampp\htdocs\perpus\system\Boot.php(363): CodeIgniter\CodeIgniter->run()
#11 C:\xampp\htdocs\perpus\system\Boot.php(68): CodeIgniter\Boot::runCodeIgniter(Object(CodeIgniter\CodeIgniter))
#12 C:\xampp\htdocs\perpus\index.php(59): CodeIgniter\Boot::bootWeb(Object(Config\Paths))
#13 {main}
CRITICAL - 2026-04-25 14:18:21 --> CodeIgniter\Database\Exceptions\DatabaseException: Unknown column 'anggota.id_user' in 'on clause'
[Method: GET, Route: peminjaman]
in SYSTEMPATH\Database\BaseConnection.php on line 684.
 1 SYSTEMPATH\Database\BaseBuilder.php(1649): CodeIgniter\Database\BaseConnection->query('SELECT `peminjaman`.*, `buku`.`judul`, `anggota`.`username` as `nama_anggota`, `petugas`.`username` as `nama_petugas`
FROM `peminjaman`
LEFT JOIN `buku` ON `buku`.`id_buku` = `peminjaman`.`id_buku`
LEFT JOIN `users` as `anggota` ON `anggota`.`id_user` = `peminjaman`.`id_anggota`
LEFT JOIN `users` as `petugas` ON `petugas`.`id_user` = `peminjaman`.`id_petugas`', [], false)
 2 SYSTEMPATH\Model.php(286): CodeIgniter\Database\BaseBuilder->get()
 3 SYSTEMPATH\BaseModel.php(677): CodeIgniter\Model->doFindAll(0, 0)
 4 APPPATH\Controllers\peminjaman.php(35): CodeIgniter\BaseModel->findAll()
 5 SYSTEMPATH\CodeIgniter.php(933): App\Controllers\Peminjaman->index()
 6 SYSTEMPATH\CodeIgniter.php(507): CodeIgniter\CodeIgniter->runController(Object(App\Controllers\Peminjaman))
 7 SYSTEMPATH\CodeIgniter.php(354): CodeIgniter\CodeIgniter->handleRequest(null, Object(Config\Cache), false)
 8 SYSTEMPATH\Boot.php(363): CodeIgniter\CodeIgniter->run()
 9 SYSTEMPATH\Boot.php(68): CodeIgniter\Boot::runCodeIgniter(Object(CodeIgniter\CodeIgniter))
10 FCPATH\index.php(59): CodeIgniter\Boot::bootWeb(Object(Config\Paths))
CRITICAL - 2026-04-25 14:18:21 --> [Caused by] CodeIgniter\Database\Exceptions\DatabaseException: Unknown column 'anggota.id_user' in 'on clause'
in SYSTEMPATH\Database\MySQLi\Connection.php on line 332.
 1 SYSTEMPATH\Database\BaseConnection.php(729): CodeIgniter\Database\MySQLi\Connection->execute('SELECT `peminjaman`.*, `buku`.`judul`, `anggota`.`username` as `nama_anggota`, `petugas`.`username` as `nama_petugas`
FROM `peminjaman`
LEFT JOIN `buku` ON `buku`.`id_buku` = `peminjaman`.`id_buku`
LEFT JOIN `users` as `anggota` ON `anggota`.`id_user` = `peminjaman`.`id_anggota`
LEFT JOIN `users` as `petugas` ON `petugas`.`id_user` = `peminjaman`.`id_petugas`')
 2 SYSTEMPATH\Database\BaseConnection.php(646): CodeIgniter\Database\BaseConnection->simpleQuery('SELECT `peminjaman`.*, `buku`.`judul`, `anggota`.`username` as `nama_anggota`, `petugas`.`username` as `nama_petugas`
FROM `peminjaman`
LEFT JOIN `buku` ON `buku`.`id_buku` = `peminjaman`.`id_buku`
LEFT JOIN `users` as `anggota` ON `anggota`.`id_user` = `peminjaman`.`id_anggota`
LEFT JOIN `users` as `petugas` ON `petugas`.`id_user` = `peminjaman`.`id_petugas`')
 3 SYSTEMPATH\Database\BaseBuilder.php(1649): CodeIgniter\Database\BaseConnection->query('SELECT `peminjaman`.*, `buku`.`judul`, `anggota`.`username` as `nama_anggota`, `petugas`.`username` as `nama_petugas`
FROM `peminjaman`
LEFT JOIN `buku` ON `buku`.`id_buku` = `peminjaman`.`id_buku`
LEFT JOIN `users` as `anggota` ON `anggota`.`id_user` = `peminjaman`.`id_anggota`
LEFT JOIN `users` as `petugas` ON `petugas`.`id_user` = `peminjaman`.`id_petugas`', [], false)
 4 SYSTEMPATH\Model.php(286): CodeIgniter\Database\BaseBuilder->get()
 5 SYSTEMPATH\BaseModel.php(677): CodeIgniter\Model->doFindAll(0, 0)
 6 APPPATH\Controllers\peminjaman.php(35): CodeIgniter\BaseModel->findAll()
 7 SYSTEMPATH\CodeIgniter.php(933): App\Controllers\Peminjaman->index()
 8 SYSTEMPATH\CodeIgniter.php(507): CodeIgniter\CodeIgniter->runController(Object(App\Controllers\Peminjaman))
 9 SYSTEMPATH\CodeIgniter.php(354): CodeIgniter\CodeIgniter->handleRequest(null, Object(Config\Cache), false)
10 SYSTEMPATH\Boot.php(363): CodeIgniter\CodeIgniter->run()
11 SYSTEMPATH\Boot.php(68): CodeIgniter\Boot::runCodeIgniter(Object(CodeIgniter\CodeIgniter))
12 FCPATH\index.php(59): CodeIgniter\Boot::bootWeb(Object(Config\Paths))
CRITICAL - 2026-04-25 14:18:21 --> [Caused by] mysqli_sql_exception: Unknown column 'anggota.id_user' in 'on clause'
in SYSTEMPATH\Database\MySQLi\Connection.php on line 327.
 1 SYSTEMPATH\Database\MySQLi\Connection.php(327): mysqli->query('SELECT `peminjaman`.*, `buku`.`judul`, `anggota`.`username` as `nama_anggota`, `petugas`.`username` as `nama_petugas`
FROM `peminjaman`
LEFT JOIN `buku` ON `buku`.`id_buku` = `peminjaman`.`id_buku`
LEFT JOIN `users` as `anggota` ON `anggota`.`id_user` = `peminjaman`.`id_anggota`
LEFT JOIN `users` as `petugas` ON `petugas`.`id_user` = `peminjaman`.`id_petugas`', 0)
 2 SYSTEMPATH\Database\BaseConnection.php(729): CodeIgniter\Database\MySQLi\Connection->execute('SELECT `peminjaman`.*, `buku`.`judul`, `anggota`.`username` as `nama_anggota`, `petugas`.`username` as `nama_petugas`
FROM `peminjaman`
LEFT JOIN `buku` ON `buku`.`id_buku` = `peminjaman`.`id_buku`
LEFT JOIN `users` as `anggota` ON `anggota`.`id_user` = `peminjaman`.`id_anggota`
LEFT JOIN `users` as `petugas` ON `petugas`.`id_user` = `peminjaman`.`id_petugas`')
 3 SYSTEMPATH\Database\BaseConnection.php(646): CodeIgniter\Database\BaseConnection->simpleQuery('SELECT `peminjaman`.*, `buku`.`judul`, `anggota`.`username` as `nama_anggota`, `petugas`.`username` as `nama_petugas`
FROM `peminjaman`
LEFT JOIN `buku` ON `buku`.`id_buku` = `peminjaman`.`id_buku`
LEFT JOIN `users` as `anggota` ON `anggota`.`id_user` = `peminjaman`.`id_anggota`
LEFT JOIN `users` as `petugas` ON `petugas`.`id_user` = `peminjaman`.`id_petugas`')
 4 SYSTEMPATH\Database\BaseBuilder.php(1649): CodeIgniter\Database\BaseConnection->query('SELECT `peminjaman`.*, `buku`.`judul`, `anggota`.`username` as `nama_anggota`, `petugas`.`username` as `nama_petugas`
FROM `peminjaman`
LEFT JOIN `buku` ON `buku`.`id_buku` = `peminjaman`.`id_buku`
LEFT JOIN `users` as `anggota` ON `anggota`.`id_user` = `peminjaman`.`id_anggota`
LEFT JOIN `users` as `petugas` ON `petugas`.`id_user` = `peminjaman`.`id_petugas`', [], false)
 5 SYSTEMPATH\Model.php(286): CodeIgniter\Database\BaseBuilder->get()
 6 SYSTEMPATH\BaseModel.php(677): CodeIgniter\Model->doFindAll(0, 0)
 7 APPPATH\Controllers\peminjaman.php(35): CodeIgniter\BaseModel->findAll()
 8 SYSTEMPATH\CodeIgniter.php(933): App\Controllers\Peminjaman->index()
 9 SYSTEMPATH\CodeIgniter.php(507): CodeIgniter\CodeIgniter->runController(Object(App\Controllers\Peminjaman))
10 SYSTEMPATH\CodeIgniter.php(354): CodeIgniter\CodeIgniter->handleRequest(null, Object(Config\Cache), false)
11 SYSTEMPATH\Boot.php(363): CodeIgniter\CodeIgniter->run()
12 SYSTEMPATH\Boot.php(68): CodeIgniter\Boot::runCodeIgniter(Object(CodeIgniter\CodeIgniter))
13 FCPATH\index.php(59): CodeIgniter\Boot::bootWeb(Object(Config\Paths))
ERROR - 2026-04-25 14:19:13 --> mysqli_sql_exception: Unknown column 'anggota.id_user' in 'on clause' in C:\xampp\htdocs\perpus\system\Database\MySQLi\Connection.php:327
Stack trace:
#0 C:\xampp\htdocs\perpus\system\Database\MySQLi\Connection.php(327): mysqli->query('SELECT `peminja...', 0)
#1 C:\xampp\htdocs\perpus\system\Database\BaseConnection.php(729): CodeIgniter\Database\MySQLi\Connection->execute('SELECT `peminja...')
#2 C:\xampp\htdocs\perpus\system\Database\BaseConnection.php(646): CodeIgniter\Database\BaseConnection->simpleQuery('SELECT `peminja...')
#3 C:\xampp\htdocs\perpus\system\Database\BaseBuilder.php(1649): CodeIgniter\Database\BaseConnection->query('SELECT `peminja...', Array, false)
#4 C:\xampp\htdocs\perpus\system\Model.php(286): CodeIgniter\Database\BaseBuilder->get()
#5 C:\xampp\htdocs\perpus\system\BaseModel.php(677): CodeIgniter\Model->doFindAll(0, 0)
#6 C:\xampp\htdocs\perpus\app\Controllers\peminjaman.php(35): CodeIgniter\BaseModel->findAll()
#7 C:\xampp\htdocs\perpus\system\CodeIgniter.php(933): App\Controllers\Peminjaman->index()
#8 C:\xampp\htdocs\perpus\system\CodeIgniter.php(507): CodeIgniter\CodeIgniter->runController(Object(App\Controllers\Peminjaman))
#9 C:\xampp\htdocs\perpus\system\CodeIgniter.php(354): CodeIgniter\CodeIgniter->handleRequest(NULL, Object(Config\Cache), false)
#10 C:\xampp\htdocs\perpus\system\Boot.php(363): CodeIgniter\CodeIgniter->run()
#11 C:\xampp\htdocs\perpus\system\Boot.php(68): CodeIgniter\Boot::runCodeIgniter(Object(CodeIgniter\CodeIgniter))
#12 C:\xampp\htdocs\perpus\index.php(59): CodeIgniter\Boot::bootWeb(Object(Config\Paths))
#13 {main}
CRITICAL - 2026-04-25 14:19:13 --> CodeIgniter\Database\Exceptions\DatabaseException: Unknown column 'anggota.id_user' in 'on clause'
[Method: GET, Route: peminjaman]
in SYSTEMPATH\Database\BaseConnection.php on line 684.
 1 SYSTEMPATH\Database\BaseBuilder.php(1649): CodeIgniter\Database\BaseConnection->query('SELECT `peminjaman`.*, `buku`.`judul`, `anggota`.`username` as `nama_anggota`, `petugas`.`username` as `nama_petugas`
FROM `peminjaman`
LEFT JOIN `buku` ON `buku`.`id_buku` = `peminjaman`.`id_buku`
LEFT JOIN `users` as `anggota` ON `anggota`.`id_user` = `peminjaman`.`id_anggota`
LEFT JOIN `users` as `petugas` ON `petugas`.`id_user` = `peminjaman`.`id_petugas`', [], false)
 2 SYSTEMPATH\Model.php(286): CodeIgniter\Database\BaseBuilder->get()
 3 SYSTEMPATH\BaseModel.php(677): CodeIgniter\Model->doFindAll(0, 0)
 4 APPPATH\Controllers\peminjaman.php(35): CodeIgniter\BaseModel->findAll()
 5 SYSTEMPATH\CodeIgniter.php(933): App\Controllers\Peminjaman->index()
 6 SYSTEMPATH\CodeIgniter.php(507): CodeIgniter\CodeIgniter->runController(Object(App\Controllers\Peminjaman))
 7 SYSTEMPATH\CodeIgniter.php(354): CodeIgniter\CodeIgniter->handleRequest(null, Object(Config\Cache), false)
 8 SYSTEMPATH\Boot.php(363): CodeIgniter\CodeIgniter->run()
 9 SYSTEMPATH\Boot.php(68): CodeIgniter\Boot::runCodeIgniter(Object(CodeIgniter\CodeIgniter))
10 FCPATH\index.php(59): CodeIgniter\Boot::bootWeb(Object(Config\Paths))
CRITICAL - 2026-04-25 14:19:13 --> [Caused by] CodeIgniter\Database\Exceptions\DatabaseException: Unknown column 'anggota.id_user' in 'on clause'
in SYSTEMPATH\Database\MySQLi\Connection.php on line 332.
 1 SYSTEMPATH\Database\BaseConnection.php(729): CodeIgniter\Database\MySQLi\Connection->execute('SELECT `peminjaman`.*, `buku`.`judul`, `anggota`.`username` as `nama_anggota`, `petugas`.`username` as `nama_petugas`
FROM `peminjaman`
LEFT JOIN `buku` ON `buku`.`id_buku` = `peminjaman`.`id_buku`
LEFT JOIN `users` as `anggota` ON `anggota`.`id_user` = `peminjaman`.`id_anggota`
LEFT JOIN `users` as `petugas` ON `petugas`.`id_user` = `peminjaman`.`id_petugas`')
 2 SYSTEMPATH\Database\BaseConnection.php(646): CodeIgniter\Database\BaseConnection->simpleQuery('SELECT `peminjaman`.*, `buku`.`judul`, `anggota`.`username` as `nama_anggota`, `petugas`.`username` as `nama_petugas`
FROM `peminjaman`
LEFT JOIN `buku` ON `buku`.`id_buku` = `peminjaman`.`id_buku`
LEFT JOIN `users` as `anggota` ON `anggota`.`id_user` = `peminjaman`.`id_anggota`
LEFT JOIN `users` as `petugas` ON `petugas`.`id_user` = `peminjaman`.`id_petugas`')
 3 SYSTEMPATH\Database\BaseBuilder.php(1649): CodeIgniter\Database\BaseConnection->query('SELECT `peminjaman`.*, `buku`.`judul`, `anggota`.`username` as `nama_anggota`, `petugas`.`username` as `nama_petugas`
FROM `peminjaman`
LEFT JOIN `buku` ON `buku`.`id_buku` = `peminjaman`.`id_buku`
LEFT JOIN `users` as `anggota` ON `anggota`.`id_user` = `peminjaman`.`id_anggota`
LEFT JOIN `users` as `petugas` ON `petugas`.`id_user` = `peminjaman`.`id_petugas`', [], false)
 4 SYSTEMPATH\Model.php(286): CodeIgniter\Database\BaseBuilder->get()
 5 SYSTEMPATH\BaseModel.php(677): CodeIgniter\Model->doFindAll(0, 0)
 6 APPPATH\Controllers\peminjaman.php(35): CodeIgniter\BaseModel->findAll()
 7 SYSTEMPATH\CodeIgniter.php(933): App\Controllers\Peminjaman->index()
 8 SYSTEMPATH\CodeIgniter.php(507): CodeIgniter\CodeIgniter->runController(Object(App\Controllers\Peminjaman))
 9 SYSTEMPATH\CodeIgniter.php(354): CodeIgniter\CodeIgniter->handleRequest(null, Object(Config\Cache), false)
10 SYSTEMPATH\Boot.php(363): CodeIgniter\CodeIgniter->run()
11 SYSTEMPATH\Boot.php(68): CodeIgniter\Boot::runCodeIgniter(Object(CodeIgniter\CodeIgniter))
12 FCPATH\index.php(59): CodeIgniter\Boot::bootWeb(Object(Config\Paths))
CRITICAL - 2026-04-25 14:19:13 --> [Caused by] mysqli_sql_exception: Unknown column 'anggota.id_user' in 'on clause'
in SYSTEMPATH\Database\MySQLi\Connection.php on line 327.
 1 SYSTEMPATH\Database\MySQLi\Connection.php(327): mysqli->query('SELECT `peminjaman`.*, `buku`.`judul`, `anggota`.`username` as `nama_anggota`, `petugas`.`username` as `nama_petugas`
FROM `peminjaman`
LEFT JOIN `buku` ON `buku`.`id_buku` = `peminjaman`.`id_buku`
LEFT JOIN `users` as `anggota` ON `anggota`.`id_user` = `peminjaman`.`id_anggota`
LEFT JOIN `users` as `petugas` ON `petugas`.`id_user` = `peminjaman`.`id_petugas`', 0)
 2 SYSTEMPATH\Database\BaseConnection.php(729): CodeIgniter\Database\MySQLi\Connection->execute('SELECT `peminjaman`.*, `buku`.`judul`, `anggota`.`username` as `nama_anggota`, `petugas`.`username` as `nama_petugas`
FROM `peminjaman`
LEFT JOIN `buku` ON `buku`.`id_buku` = `peminjaman`.`id_buku`
LEFT JOIN `users` as `anggota` ON `anggota`.`id_user` = `peminjaman`.`id_anggota`
LEFT JOIN `users` as `petugas` ON `petugas`.`id_user` = `peminjaman`.`id_petugas`')
 3 SYSTEMPATH\Database\BaseConnection.php(646): CodeIgniter\Database\BaseConnection->simpleQuery('SELECT `peminjaman`.*, `buku`.`judul`, `anggota`.`username` as `nama_anggota`, `petugas`.`username` as `nama_petugas`
FROM `peminjaman`
LEFT JOIN `buku` ON `buku`.`id_buku` = `peminjaman`.`id_buku`
LEFT JOIN `users` as `anggota` ON `anggota`.`id_user` = `peminjaman`.`id_anggota`
LEFT JOIN `users` as `petugas` ON `petugas`.`id_user` = `peminjaman`.`id_petugas`')
 4 SYSTEMPATH\Database\BaseBuilder.php(1649): CodeIgniter\Database\BaseConnection->query('SELECT `peminjaman`.*, `buku`.`judul`, `anggota`.`username` as `nama_anggota`, `petugas`.`username` as `nama_petugas`
FROM `peminjaman`
LEFT JOIN `buku` ON `buku`.`id_buku` = `peminjaman`.`id_buku`
LEFT JOIN `users` as `anggota` ON `anggota`.`id_user` = `peminjaman`.`id_anggota`
LEFT JOIN `users` as `petugas` ON `petugas`.`id_user` = `peminjaman`.`id_petugas`', [], false)
 5 SYSTEMPATH\Model.php(286): CodeIgniter\Database\BaseBuilder->get()
 6 SYSTEMPATH\BaseModel.php(677): CodeIgniter\Model->doFindAll(0, 0)
 7 APPPATH\Controllers\peminjaman.php(35): CodeIgniter\BaseModel->findAll()
 8 SYSTEMPATH\CodeIgniter.php(933): App\Controllers\Peminjaman->index()
 9 SYSTEMPATH\CodeIgniter.php(507): CodeIgniter\CodeIgniter->runController(Object(App\Controllers\Peminjaman))
10 SYSTEMPATH\CodeIgniter.php(354): CodeIgniter\CodeIgniter->handleRequest(null, Object(Config\Cache), false)
11 SYSTEMPATH\Boot.php(363): CodeIgniter\CodeIgniter->run()
12 SYSTEMPATH\Boot.php(68): CodeIgniter\Boot::runCodeIgniter(Object(CodeIgniter\CodeIgniter))
13 FCPATH\index.php(59): CodeIgniter\Boot::bootWeb(Object(Config\Paths))
ERROR - 2026-04-25 14:20:49 --> mysqli_sql_exception: Unknown column 'anggota.id_user' in 'on clause' in C:\xampp\htdocs\perpus\system\Database\MySQLi\Connection.php:327
Stack trace:
#0 C:\xampp\htdocs\perpus\system\Database\MySQLi\Connection.php(327): mysqli->query('SELECT `peminja...', 0)
#1 C:\xampp\htdocs\perpus\system\Database\BaseConnection.php(729): CodeIgniter\Database\MySQLi\Connection->execute('SELECT `peminja...')
#2 C:\xampp\htdocs\perpus\system\Database\BaseConnection.php(646): CodeIgniter\Database\BaseConnection->simpleQuery('SELECT `peminja...')
#3 C:\xampp\htdocs\perpus\system\Database\BaseBuilder.php(1649): CodeIgniter\Database\BaseConnection->query('SELECT `peminja...', Array, false)
#4 C:\xampp\htdocs\perpus\system\Model.php(286): CodeIgniter\Database\BaseBuilder->get()
#5 C:\xampp\htdocs\perpus\system\BaseModel.php(677): CodeIgniter\Model->doFindAll(0, 0)
#6 C:\xampp\htdocs\perpus\app\Controllers\peminjaman.php(35): CodeIgniter\BaseModel->findAll()
#7 C:\xampp\htdocs\perpus\system\CodeIgniter.php(933): App\Controllers\Peminjaman->index()
#8 C:\xampp\htdocs\perpus\system\CodeIgniter.php(507): CodeIgniter\CodeIgniter->runController(Object(App\Controllers\Peminjaman))
#9 C:\xampp\htdocs\perpus\system\CodeIgniter.php(354): CodeIgniter\CodeIgniter->handleRequest(NULL, Object(Config\Cache), false)
#10 C:\xampp\htdocs\perpus\system\Boot.php(363): CodeIgniter\CodeIgniter->run()
#11 C:\xampp\htdocs\perpus\system\Boot.php(68): CodeIgniter\Boot::runCodeIgniter(Object(CodeIgniter\CodeIgniter))
#12 C:\xampp\htdocs\perpus\index.php(59): CodeIgniter\Boot::bootWeb(Object(Config\Paths))
#13 {main}
CRITICAL - 2026-04-25 14:20:49 --> CodeIgniter\Database\Exceptions\DatabaseException: Unknown column 'anggota.id_user' in 'on clause'
[Method: GET, Route: peminjaman]
in SYSTEMPATH\Database\BaseConnection.php on line 684.
 1 SYSTEMPATH\Database\BaseBuilder.php(1649): CodeIgniter\Database\BaseConnection->query('SELECT `peminjaman`.*, `buku`.`judul`, `anggota`.`username` as `nama_anggota`, `petugas`.`username` as `nama_petugas`
FROM `peminjaman`
LEFT JOIN `buku` ON `buku`.`id_buku` = `peminjaman`.`id_buku`
LEFT JOIN `users` as `anggota` ON `anggota`.`id_user` = `peminjaman`.`id_anggota`
LEFT JOIN `users` as `petugas` ON `petugas`.`id_user` = `peminjaman`.`id_petugas`', [], false)
 2 SYSTEMPATH\Model.php(286): CodeIgniter\Database\BaseBuilder->get()
 3 SYSTEMPATH\BaseModel.php(677): CodeIgniter\Model->doFindAll(0, 0)
 4 APPPATH\Controllers\peminjaman.php(35): CodeIgniter\BaseModel->findAll()
 5 SYSTEMPATH\CodeIgniter.php(933): App\Controllers\Peminjaman->index()
 6 SYSTEMPATH\CodeIgniter.php(507): CodeIgniter\CodeIgniter->runController(Object(App\Controllers\Peminjaman))
 7 SYSTEMPATH\CodeIgniter.php(354): CodeIgniter\CodeIgniter->handleRequest(null, Object(Config\Cache), false)
 8 SYSTEMPATH\Boot.php(363): CodeIgniter\CodeIgniter->run()
 9 SYSTEMPATH\Boot.php(68): CodeIgniter\Boot::runCodeIgniter(Object(CodeIgniter\CodeIgniter))
10 FCPATH\index.php(59): CodeIgniter\Boot::bootWeb(Object(Config\Paths))
CRITICAL - 2026-04-25 14:20:49 --> [Caused by] CodeIgniter\Database\Exceptions\DatabaseException: Unknown column 'anggota.id_user' in 'on clause'
in SYSTEMPATH\Database\MySQLi\Connection.php on line 332.
 1 SYSTEMPATH\Database\BaseConnection.php(729): CodeIgniter\Database\MySQLi\Connection->execute('SELECT `peminjaman`.*, `buku`.`judul`, `anggota`.`username` as `nama_anggota`, `petugas`.`username` as `nama_petugas`
FROM `peminjaman`
LEFT JOIN `buku` ON `buku`.`id_buku` = `peminjaman`.`id_buku`
LEFT JOIN `users` as `anggota` ON `anggota`.`id_user` = `peminjaman`.`id_anggota`
LEFT JOIN `users` as `petugas` ON `petugas`.`id_user` = `peminjaman`.`id_petugas`')
 2 SYSTEMPATH\Database\BaseConnection.php(646): CodeIgniter\Database\BaseConnection->simpleQuery('SELECT `peminjaman`.*, `buku`.`judul`, `anggota`.`username` as `nama_anggota`, `petugas`.`username` as `nama_petugas`
FROM `peminjaman`
LEFT JOIN `buku` ON `buku`.`id_buku` = `peminjaman`.`id_buku`
LEFT JOIN `users` as `anggota` ON `anggota`.`id_user` = `peminjaman`.`id_anggota`
LEFT JOIN `users` as `petugas` ON `petugas`.`id_user` = `peminjaman`.`id_petugas`')
 3 SYSTEMPATH\Database\BaseBuilder.php(1649): CodeIgniter\Database\BaseConnection->query('SELECT `peminjaman`.*, `buku`.`judul`, `anggota`.`username` as `nama_anggota`, `petugas`.`username` as `nama_petugas`
FROM `peminjaman`
LEFT JOIN `buku` ON `buku`.`id_buku` = `peminjaman`.`id_buku`
LEFT JOIN `users` as `anggota` ON `anggota`.`id_user` = `peminjaman`.`id_anggota`
LEFT JOIN `users` as `petugas` ON `petugas`.`id_user` = `peminjaman`.`id_petugas`', [], false)
 4 SYSTEMPATH\Model.php(286): CodeIgniter\Database\BaseBuilder->get()
 5 SYSTEMPATH\BaseModel.php(677): CodeIgniter\Model->doFindAll(0, 0)
 6 APPPATH\Controllers\peminjaman.php(35): CodeIgniter\BaseModel->findAll()
 7 SYSTEMPATH\CodeIgniter.php(933): App\Controllers\Peminjaman->index()
 8 SYSTEMPATH\CodeIgniter.php(507): CodeIgniter\CodeIgniter->runController(Object(App\Controllers\Peminjaman))
 9 SYSTEMPATH\CodeIgniter.php(354): CodeIgniter\CodeIgniter->handleRequest(null, Object(Config\Cache), false)
10 SYSTEMPATH\Boot.php(363): CodeIgniter\CodeIgniter->run()
11 SYSTEMPATH\Boot.php(68): CodeIgniter\Boot::runCodeIgniter(Object(CodeIgniter\CodeIgniter))
12 FCPATH\index.php(59): CodeIgniter\Boot::bootWeb(Object(Config\Paths))
CRITICAL - 2026-04-25 14:20:49 --> [Caused by] mysqli_sql_exception: Unknown column 'anggota.id_user' in 'on clause'
in SYSTEMPATH\Database\MySQLi\Connection.php on line 327.
 1 SYSTEMPATH\Database\MySQLi\Connection.php(327): mysqli->query('SELECT `peminjaman`.*, `buku`.`judul`, `anggota`.`username` as `nama_anggota`, `petugas`.`username` as `nama_petugas`
FROM `peminjaman`
LEFT JOIN `buku` ON `buku`.`id_buku` = `peminjaman`.`id_buku`
LEFT JOIN `users` as `anggota` ON `anggota`.`id_user` = `peminjaman`.`id_anggota`
LEFT JOIN `users` as `petugas` ON `petugas`.`id_user` = `peminjaman`.`id_petugas`', 0)
 2 SYSTEMPATH\Database\BaseConnection.php(729): CodeIgniter\Database\MySQLi\Connection->execute('SELECT `peminjaman`.*, `buku`.`judul`, `anggota`.`username` as `nama_anggota`, `petugas`.`username` as `nama_petugas`
FROM `peminjaman`
LEFT JOIN `buku` ON `buku`.`id_buku` = `peminjaman`.`id_buku`
LEFT JOIN `users` as `anggota` ON `anggota`.`id_user` = `peminjaman`.`id_anggota`
LEFT JOIN `users` as `petugas` ON `petugas`.`id_user` = `peminjaman`.`id_petugas`')
 3 SYSTEMPATH\Database\BaseConnection.php(646): CodeIgniter\Database\BaseConnection->simpleQuery('SELECT `peminjaman`.*, `buku`.`judul`, `anggota`.`username` as `nama_anggota`, `petugas`.`username` as `nama_petugas`
FROM `peminjaman`
LEFT JOIN `buku` ON `buku`.`id_buku` = `peminjaman`.`id_buku`
LEFT JOIN `users` as `anggota` ON `anggota`.`id_user` = `peminjaman`.`id_anggota`
LEFT JOIN `users` as `petugas` ON `petugas`.`id_user` = `peminjaman`.`id_petugas`')
 4 SYSTEMPATH\Database\BaseBuilder.php(1649): CodeIgniter\Database\BaseConnection->query('SELECT `peminjaman`.*, `buku`.`judul`, `anggota`.`username` as `nama_anggota`, `petugas`.`username` as `nama_petugas`
FROM `peminjaman`
LEFT JOIN `buku` ON `buku`.`id_buku` = `peminjaman`.`id_buku`
LEFT JOIN `users` as `anggota` ON `anggota`.`id_user` = `peminjaman`.`id_anggota`
LEFT JOIN `users` as `petugas` ON `petugas`.`id_user` = `peminjaman`.`id_petugas`', [], false)
 5 SYSTEMPATH\Model.php(286): CodeIgniter\Database\BaseBuilder->get()
 6 SYSTEMPATH\BaseModel.php(677): CodeIgniter\Model->doFindAll(0, 0)
 7 APPPATH\Controllers\peminjaman.php(35): CodeIgniter\BaseModel->findAll()
 8 SYSTEMPATH\CodeIgniter.php(933): App\Controllers\Peminjaman->index()
 9 SYSTEMPATH\CodeIgniter.php(507): CodeIgniter\CodeIgniter->runController(Object(App\Controllers\Peminjaman))
10 SYSTEMPATH\CodeIgniter.php(354): CodeIgniter\CodeIgniter->handleRequest(null, Object(Config\Cache), false)
11 SYSTEMPATH\Boot.php(363): CodeIgniter\CodeIgniter->run()
12 SYSTEMPATH\Boot.php(68): CodeIgniter\Boot::runCodeIgniter(Object(CodeIgniter\CodeIgniter))
13 FCPATH\index.php(59): CodeIgniter\Boot::bootWeb(Object(Config\Paths))
ERROR - 2026-04-25 14:20:50 --> mysqli_sql_exception: Unknown column 'anggota.id_user' in 'on clause' in C:\xampp\htdocs\perpus\system\Database\MySQLi\Connection.php:327
Stack trace:
#0 C:\xampp\htdocs\perpus\system\Database\MySQLi\Connection.php(327): mysqli->query('SELECT `peminja...', 0)
#1 C:\xampp\htdocs\perpus\system\Database\BaseConnection.php(729): CodeIgniter\Database\MySQLi\Connection->execute('SELECT `peminja...')
#2 C:\xampp\htdocs\perpus\system\Database\BaseConnection.php(646): CodeIgniter\Database\BaseConnection->simpleQuery('SELECT `peminja...')
#3 C:\xampp\htdocs\perpus\system\Database\BaseBuilder.php(1649): CodeIgniter\Database\BaseConnection->query('SELECT `peminja...', Array, false)
#4 C:\xampp\htdocs\perpus\system\Model.php(286): CodeIgniter\Database\BaseBuilder->get()
#5 C:\xampp\htdocs\perpus\system\BaseModel.php(677): CodeIgniter\Model->doFindAll(0, 0)
#6 C:\xampp\htdocs\perpus\app\Controllers\peminjaman.php(35): CodeIgniter\BaseModel->findAll()
#7 C:\xampp\htdocs\perpus\system\CodeIgniter.php(933): App\Controllers\Peminjaman->index()
#8 C:\xampp\htdocs\perpus\system\CodeIgniter.php(507): CodeIgniter\CodeIgniter->runController(Object(App\Controllers\Peminjaman))
#9 C:\xampp\htdocs\perpus\system\CodeIgniter.php(354): CodeIgniter\CodeIgniter->handleRequest(NULL, Object(Config\Cache), false)
#10 C:\xampp\htdocs\perpus\system\Boot.php(363): CodeIgniter\CodeIgniter->run()
#11 C:\xampp\htdocs\perpus\system\Boot.php(68): CodeIgniter\Boot::runCodeIgniter(Object(CodeIgniter\CodeIgniter))
#12 C:\xampp\htdocs\perpus\index.php(59): CodeIgniter\Boot::bootWeb(Object(Config\Paths))
#13 {main}
CRITICAL - 2026-04-25 14:20:50 --> CodeIgniter\Database\Exceptions\DatabaseException: Unknown column 'anggota.id_user' in 'on clause'
[Method: GET, Route: peminjaman]
in SYSTEMPATH\Database\BaseConnection.php on line 684.
 1 SYSTEMPATH\Database\BaseBuilder.php(1649): CodeIgniter\Database\BaseConnection->query('SELECT `peminjaman`.*, `buku`.`judul`, `anggota`.`username` as `nama_anggota`, `petugas`.`username` as `nama_petugas`
FROM `peminjaman`
LEFT JOIN `buku` ON `buku`.`id_buku` = `peminjaman`.`id_buku`
LEFT JOIN `users` as `anggota` ON `anggota`.`id_user` = `peminjaman`.`id_anggota`
LEFT JOIN `users` as `petugas` ON `petugas`.`id_user` = `peminjaman`.`id_petugas`', [], false)
 2 SYSTEMPATH\Model.php(286): CodeIgniter\Database\BaseBuilder->get()
 3 SYSTEMPATH\BaseModel.php(677): CodeIgniter\Model->doFindAll(0, 0)
 4 APPPATH\Controllers\peminjaman.php(35): CodeIgniter\BaseModel->findAll()
 5 SYSTEMPATH\CodeIgniter.php(933): App\Controllers\Peminjaman->index()
 6 SYSTEMPATH\CodeIgniter.php(507): CodeIgniter\CodeIgniter->runController(Object(App\Controllers\Peminjaman))
 7 SYSTEMPATH\CodeIgniter.php(354): CodeIgniter\CodeIgniter->handleRequest(null, Object(Config\Cache), false)
 8 SYSTEMPATH\Boot.php(363): CodeIgniter\CodeIgniter->run()
 9 SYSTEMPATH\Boot.php(68): CodeIgniter\Boot::runCodeIgniter(Object(CodeIgniter\CodeIgniter))
10 FCPATH\index.php(59): CodeIgniter\Boot::bootWeb(Object(Config\Paths))
CRITICAL - 2026-04-25 14:20:50 --> [Caused by] CodeIgniter\Database\Exceptions\DatabaseException: Unknown column 'anggota.id_user' in 'on clause'
in SYSTEMPATH\Database\MySQLi\Connection.php on line 332.
 1 SYSTEMPATH\Database\BaseConnection.php(729): CodeIgniter\Database\MySQLi\Connection->execute('SELECT `peminjaman`.*, `buku`.`judul`, `anggota`.`username` as `nama_anggota`, `petugas`.`username` as `nama_petugas`
FROM `peminjaman`
LEFT JOIN `buku` ON `buku`.`id_buku` = `peminjaman`.`id_buku`
LEFT JOIN `users` as `anggota` ON `anggota`.`id_user` = `peminjaman`.`id_anggota`
LEFT JOIN `users` as `petugas` ON `petugas`.`id_user` = `peminjaman`.`id_petugas`')
 2 SYSTEMPATH\Database\BaseConnection.php(646): CodeIgniter\Database\BaseConnection->simpleQuery('SELECT `peminjaman`.*, `buku`.`judul`, `anggota`.`username` as `nama_anggota`, `petugas`.`username` as `nama_petugas`
FROM `peminjaman`
LEFT JOIN `buku` ON `buku`.`id_buku` = `peminjaman`.`id_buku`
LEFT JOIN `users` as `anggota` ON `anggota`.`id_user` = `peminjaman`.`id_anggota`
LEFT JOIN `users` as `petugas` ON `petugas`.`id_user` = `peminjaman`.`id_petugas`')
 3 SYSTEMPATH\Database\BaseBuilder.php(1649): CodeIgniter\Database\BaseConnection->query('SELECT `peminjaman`.*, `buku`.`judul`, `anggota`.`username` as `nama_anggota`, `petugas`.`username` as `nama_petugas`
FROM `peminjaman`
LEFT JOIN `buku` ON `buku`.`id_buku` = `peminjaman`.`id_buku`
LEFT JOIN `users` as `anggota` ON `anggota`.`id_user` = `peminjaman`.`id_anggota`
LEFT JOIN `users` as `petugas` ON `petugas`.`id_user` = `peminjaman`.`id_petugas`', [], false)
 4 SYSTEMPATH\Model.php(286): CodeIgniter\Database\BaseBuilder->get()
 5 SYSTEMPATH\BaseModel.php(677): CodeIgniter\Model->doFindAll(0, 0)
 6 APPPATH\Controllers\peminjaman.php(35): CodeIgniter\BaseModel->findAll()
 7 SYSTEMPATH\CodeIgniter.php(933): App\Controllers\Peminjaman->index()
 8 SYSTEMPATH\CodeIgniter.php(507): CodeIgniter\CodeIgniter->runController(Object(App\Controllers\Peminjaman))
 9 SYSTEMPATH\CodeIgniter.php(354): CodeIgniter\CodeIgniter->handleRequest(null, Object(Config\Cache), false)
10 SYSTEMPATH\Boot.php(363): CodeIgniter\CodeIgniter->run()
11 SYSTEMPATH\Boot.php(68): CodeIgniter\Boot::runCodeIgniter(Object(CodeIgniter\CodeIgniter))
12 FCPATH\index.php(59): CodeIgniter\Boot::bootWeb(Object(Config\Paths))
CRITICAL - 2026-04-25 14:20:50 --> [Caused by] mysqli_sql_exception: Unknown column 'anggota.id_user' in 'on clause'
in SYSTEMPATH\Database\MySQLi\Connection.php on line 327.
 1 SYSTEMPATH\Database\MySQLi\Connection.php(327): mysqli->query('SELECT `peminjaman`.*, `buku`.`judul`, `anggota`.`username` as `nama_anggota`, `petugas`.`username` as `nama_petugas`
FROM `peminjaman`
LEFT JOIN `buku` ON `buku`.`id_buku` = `peminjaman`.`id_buku`
LEFT JOIN `users` as `anggota` ON `anggota`.`id_user` = `peminjaman`.`id_anggota`
LEFT JOIN `users` as `petugas` ON `petugas`.`id_user` = `peminjaman`.`id_petugas`', 0)
 2 SYSTEMPATH\Database\BaseConnection.php(729): CodeIgniter\Database\MySQLi\Connection->execute('SELECT `peminjaman`.*, `buku`.`judul`, `anggota`.`username` as `nama_anggota`, `petugas`.`username` as `nama_petugas`
FROM `peminjaman`
LEFT JOIN `buku` ON `buku`.`id_buku` = `peminjaman`.`id_buku`
LEFT JOIN `users` as `anggota` ON `anggota`.`id_user` = `peminjaman`.`id_anggota`
LEFT JOIN `users` as `petugas` ON `petugas`.`id_user` = `peminjaman`.`id_petugas`')
 3 SYSTEMPATH\Database\BaseConnection.php(646): CodeIgniter\Database\BaseConnection->simpleQuery('SELECT `peminjaman`.*, `buku`.`judul`, `anggota`.`username` as `nama_anggota`, `petugas`.`username` as `nama_petugas`
FROM `peminjaman`
LEFT JOIN `buku` ON `buku`.`id_buku` = `peminjaman`.`id_buku`
LEFT JOIN `users` as `anggota` ON `anggota`.`id_user` = `peminjaman`.`id_anggota`
LEFT JOIN `users` as `petugas` ON `petugas`.`id_user` = `peminjaman`.`id_petugas`')
 4 SYSTEMPATH\Database\BaseBuilder.php(1649): CodeIgniter\Database\BaseConnection->query('SELECT `peminjaman`.*, `buku`.`judul`, `anggota`.`username` as `nama_anggota`, `petugas`.`username` as `nama_petugas`
FROM `peminjaman`
LEFT JOIN `buku` ON `buku`.`id_buku` = `peminjaman`.`id_buku`
LEFT JOIN `users` as `anggota` ON `anggota`.`id_user` = `peminjaman`.`id_anggota`
LEFT JOIN `users` as `petugas` ON `petugas`.`id_user` = `peminjaman`.`id_petugas`', [], false)
 5 SYSTEMPATH\Model.php(286): CodeIgniter\Database\BaseBuilder->get()
 6 SYSTEMPATH\BaseModel.php(677): CodeIgniter\Model->doFindAll(0, 0)
 7 APPPATH\Controllers\peminjaman.php(35): CodeIgniter\BaseModel->findAll()
 8 SYSTEMPATH\CodeIgniter.php(933): App\Controllers\Peminjaman->index()
 9 SYSTEMPATH\CodeIgniter.php(507): CodeIgniter\CodeIgniter->runController(Object(App\Controllers\Peminjaman))
10 SYSTEMPATH\CodeIgniter.php(354): CodeIgniter\CodeIgniter->handleRequest(null, Object(Config\Cache), false)
11 SYSTEMPATH\Boot.php(363): CodeIgniter\CodeIgniter->run()
12 SYSTEMPATH\Boot.php(68): CodeIgniter\Boot::runCodeIgniter(Object(CodeIgniter\CodeIgniter))
13 FCPATH\index.php(59): CodeIgniter\Boot::bootWeb(Object(Config\Paths))
CRITICAL - 2026-04-25 14:22:17 --> ErrorException: Undefined property: App\Controllers\Peminjaman::$db
[Method: GET, Route: peminjaman]
in APPPATH\Controllers\peminjaman.php on line 25.
 1 APPPATH\Controllers\peminjaman.php(25): CodeIgniter\Debug\Exceptions->errorHandler(2, 'Undefined property: App\\Controllers\\Peminjaman::$db', 'C:\\xampp\\htdocs\\perpus\\app\\Controllers\\peminjaman.php', 25)
 2 SYSTEMPATH\CodeIgniter.php(933): App\Controllers\Peminjaman->index()
 3 SYSTEMPATH\CodeIgniter.php(507): CodeIgniter\CodeIgniter->runController(Object(App\Controllers\Peminjaman))
 4 SYSTEMPATH\CodeIgniter.php(354): CodeIgniter\CodeIgniter->handleRequest(null, Object(Config\Cache), false)
 5 SYSTEMPATH\Boot.php(363): CodeIgniter\CodeIgniter->run()
 6 SYSTEMPATH\Boot.php(68): CodeIgniter\Boot::runCodeIgniter(Object(CodeIgniter\CodeIgniter))
 7 FCPATH\index.php(59): CodeIgniter\Boot::bootWeb(Object(Config\Paths))
CRITICAL - 2026-04-25 14:22:54 --> ErrorException: Cannot redeclare App\Controllers\Peminjaman::__construct()
[Method: GET, Route: peminjaman]
in APPPATH\Controllers\peminjaman.php on line 164.
 1 [internal function]: CodeIgniter\Debug\Exceptions->shutdownHandler()
CRITICAL - 2026-04-25 14:23:48 --> ErrorException: Cannot redeclare App\Controllers\Peminjaman::__construct()
[Method: GET, Route: peminjaman]
in APPPATH\Controllers\peminjaman.php on line 164.
 1 [internal function]: CodeIgniter\Debug\Exceptions->shutdownHandler()
WARNING - 2026-04-25 14:25:12 --> [DEPRECATED] Creation of dynamic property App\Controllers\Peminjaman::$db is deprecated in APPPATH\Controllers\peminjaman.php on line 17.
 1 SYSTEMPATH\CodeIgniter.php(903): App\Controllers\Peminjaman->__construct()
 2 SYSTEMPATH\CodeIgniter.php(498): CodeIgniter\CodeIgniter->createController()
 3 SYSTEMPATH\CodeIgniter.php(354): CodeIgniter\CodeIgniter->handleRequest(null, Object(Config\Cache), false)
 4 SYSTEMPATH\Boot.php(363): CodeIgniter\CodeIgniter->run()
 5 SYSTEMPATH\Boot.php(68): CodeIgniter\Boot::runCodeIgniter(Object(CodeIgniter\CodeIgniter))
 6 FCPATH\index.php(59): CodeIgniter\Boot::bootWeb(Object(Config\Paths))
ERROR - 2026-04-25 14:25:12 --> mysqli_sql_exception: Unknown column 'anggota.nama_user' in 'field list' in C:\xampp\htdocs\perpus\system\Database\MySQLi\Connection.php:327
Stack trace:
#0 C:\xampp\htdocs\perpus\system\Database\MySQLi\Connection.php(327): mysqli->query('SELECT `peminja...', 0)
#1 C:\xampp\htdocs\perpus\system\Database\BaseConnection.php(729): CodeIgniter\Database\MySQLi\Connection->execute('SELECT `peminja...')
#2 C:\xampp\htdocs\perpus\system\Database\BaseConnection.php(646): CodeIgniter\Database\BaseConnection->simpleQuery('SELECT `peminja...')
#3 C:\xampp\htdocs\perpus\system\Database\BaseBuilder.php(1649): CodeIgniter\Database\BaseConnection->query('SELECT `peminja...', Array, false)
#4 C:\xampp\htdocs\perpus\app\Controllers\peminjaman.php(44): CodeIgniter\Database\BaseBuilder->get()
#5 C:\xampp\htdocs\perpus\system\CodeIgniter.php(933): App\Controllers\Peminjaman->index()
#6 C:\xampp\htdocs\perpus\system\CodeIgniter.php(507): CodeIgniter\CodeIgniter->runController(Object(App\Controllers\Peminjaman))
#7 C:\xampp\htdocs\perpus\system\CodeIgniter.php(354): CodeIgniter\CodeIgniter->handleRequest(NULL, Object(Config\Cache), false)
#8 C:\xampp\htdocs\perpus\system\Boot.php(363): CodeIgniter\CodeIgniter->run()
#9 C:\xampp\htdocs\perpus\system\Boot.php(68): CodeIgniter\Boot::runCodeIgniter(Object(CodeIgniter\CodeIgniter))
#10 C:\xampp\htdocs\perpus\index.php(59): CodeIgniter\Boot::bootWeb(Object(Config\Paths))
#11 {main}
CRITICAL - 2026-04-25 14:25:12 --> CodeIgniter\Database\Exceptions\DatabaseException: Unknown column 'anggota.nama_user' in 'field list'
[Method: GET, Route: peminjaman]
in SYSTEMPATH\Database\BaseConnection.php on line 684.
 1 SYSTEMPATH\Database\BaseBuilder.php(1649): CodeIgniter\Database\BaseConnection->query('SELECT `peminjaman`.*, `anggota`.`nama_user` as `nama_anggota`, GROUP_CONCAT(buku.judul SEPARATOR ", ") as judul_buku, GROUP_CONCAT(buku.cover SEPARATOR ", ") as cover_buku
FROM `peminjaman`
LEFT JOIN `anggota` ON `anggota`.`id` = `peminjaman`.`id_anggota`
LEFT JOIN `detail_peminjaman` ON `detail_peminjaman`.`id_peminjaman` = `peminjaman`.`id_peminjaman`
LEFT JOIN `buku` ON `buku`.`id_buku` = `detail_peminjaman`.`id_buku`
GROUP BY `peminjaman`.`id_peminjaman`
ORDER BY `peminjaman`.`id_peminjaman` DESC', [], false)
 2 APPPATH\Controllers\peminjaman.php(44): CodeIgniter\Database\BaseBuilder->get()
 3 SYSTEMPATH\CodeIgniter.php(933): App\Controllers\Peminjaman->index()
 4 SYSTEMPATH\CodeIgniter.php(507): CodeIgniter\CodeIgniter->runController(Object(App\Controllers\Peminjaman))
 5 SYSTEMPATH\CodeIgniter.php(354): CodeIgniter\CodeIgniter->handleRequest(null, Object(Config\Cache), false)
 6 SYSTEMPATH\Boot.php(363): CodeIgniter\CodeIgniter->run()
 7 SYSTEMPATH\Boot.php(68): CodeIgniter\Boot::runCodeIgniter(Object(CodeIgniter\CodeIgniter))
 8 FCPATH\index.php(59): CodeIgniter\Boot::bootWeb(Object(Config\Paths))
CRITICAL - 2026-04-25 14:25:12 --> [Caused by] CodeIgniter\Database\Exceptions\DatabaseException: Unknown column 'anggota.nama_user' in 'field list'
in SYSTEMPATH\Database\MySQLi\Connection.php on line 332.
 1 SYSTEMPATH\Database\BaseConnection.php(729): CodeIgniter\Database\MySQLi\Connection->execute('SELECT `peminjaman`.*, `anggota`.`nama_user` as `nama_anggota`, GROUP_CONCAT(buku.judul SEPARATOR ", ") as judul_buku, GROUP_CONCAT(buku.cover SEPARATOR ", ") as cover_buku
FROM `peminjaman`
LEFT JOIN `anggota` ON `anggota`.`id` = `peminjaman`.`id_anggota`
LEFT JOIN `detail_peminjaman` ON `detail_peminjaman`.`id_peminjaman` = `peminjaman`.`id_peminjaman`
LEFT JOIN `buku` ON `buku`.`id_buku` = `detail_peminjaman`.`id_buku`
GROUP BY `peminjaman`.`id_peminjaman`
ORDER BY `peminjaman`.`id_peminjaman` DESC')
 2 SYSTEMPATH\Database\BaseConnection.php(646): CodeIgniter\Database\BaseConnection->simpleQuery('SELECT `peminjaman`.*, `anggota`.`nama_user` as `nama_anggota`, GROUP_CONCAT(buku.judul SEPARATOR ", ") as judul_buku, GROUP_CONCAT(buku.cover SEPARATOR ", ") as cover_buku
FROM `peminjaman`
LEFT JOIN `anggota` ON `anggota`.`id` = `peminjaman`.`id_anggota`
LEFT JOIN `detail_peminjaman` ON `detail_peminjaman`.`id_peminjaman` = `peminjaman`.`id_peminjaman`
LEFT JOIN `buku` ON `buku`.`id_buku` = `detail_peminjaman`.`id_buku`
GROUP BY `peminjaman`.`id_peminjaman`
ORDER BY `peminjaman`.`id_peminjaman` DESC')
 3 SYSTEMPATH\Database\BaseBuilder.php(1649): CodeIgniter\Database\BaseConnection->query('SELECT `peminjaman`.*, `anggota`.`nama_user` as `nama_anggota`, GROUP_CONCAT(buku.judul SEPARATOR ", ") as judul_buku, GROUP_CONCAT(buku.cover SEPARATOR ", ") as cover_buku
FROM `peminjaman`
LEFT JOIN `anggota` ON `anggota`.`id` = `peminjaman`.`id_anggota`
LEFT JOIN `detail_peminjaman` ON `detail_peminjaman`.`id_peminjaman` = `peminjaman`.`id_peminjaman`
LEFT JOIN `buku` ON `buku`.`id_buku` = `detail_peminjaman`.`id_buku`
GROUP BY `peminjaman`.`id_peminjaman`
ORDER BY `peminjaman`.`id_peminjaman` DESC', [], false)
 4 APPPATH\Controllers\peminjaman.php(44): CodeIgniter\Database\BaseBuilder->get()
 5 SYSTEMPATH\CodeIgniter.php(933): App\Controllers\Peminjaman->index()
 6 SYSTEMPATH\CodeIgniter.php(507): CodeIgniter\CodeIgniter->runController(Object(App\Controllers\Peminjaman))
 7 SYSTEMPATH\CodeIgniter.php(354): CodeIgniter\CodeIgniter->handleRequest(null, Object(Config\Cache), false)
 8 SYSTEMPATH\Boot.php(363): CodeIgniter\CodeIgniter->run()
 9 SYSTEMPATH\Boot.php(68): CodeIgniter\Boot::runCodeIgniter(Object(CodeIgniter\CodeIgniter))
10 FCPATH\index.php(59): CodeIgniter\Boot::bootWeb(Object(Config\Paths))
CRITICAL - 2026-04-25 14:25:12 --> [Caused by] mysqli_sql_exception: Unknown column 'anggota.nama_user' in 'field list'
in SYSTEMPATH\Database\MySQLi\Connection.php on line 327.
 1 SYSTEMPATH\Database\MySQLi\Connection.php(327): mysqli->query('SELECT `peminjaman`.*, `anggota`.`nama_user` as `nama_anggota`, GROUP_CONCAT(buku.judul SEPARATOR ", ") as judul_buku, GROUP_CONCAT(buku.cover SEPARATOR ", ") as cover_buku
FROM `peminjaman`
LEFT JOIN `anggota` ON `anggota`.`id` = `peminjaman`.`id_anggota`
LEFT JOIN `detail_peminjaman` ON `detail_peminjaman`.`id_peminjaman` = `peminjaman`.`id_peminjaman`
LEFT JOIN `buku` ON `buku`.`id_buku` = `detail_peminjaman`.`id_buku`
GROUP BY `peminjaman`.`id_peminjaman`
ORDER BY `peminjaman`.`id_peminjaman` DESC', 0)
 2 SYSTEMPATH\Database\BaseConnection.php(729): CodeIgniter\Database\MySQLi\Connection->execute('SELECT `peminjaman`.*, `anggota`.`nama_user` as `nama_anggota`, GROUP_CONCAT(buku.judul SEPARATOR ", ") as judul_buku, GROUP_CONCAT(buku.cover SEPARATOR ", ") as cover_buku
FROM `peminjaman`
LEFT JOIN `anggota` ON `anggota`.`id` = `peminjaman`.`id_anggota`
LEFT JOIN `detail_peminjaman` ON `detail_peminjaman`.`id_peminjaman` = `peminjaman`.`id_peminjaman`
LEFT JOIN `buku` ON `buku`.`id_buku` = `detail_peminjaman`.`id_buku`
GROUP BY `peminjaman`.`id_peminjaman`
ORDER BY `peminjaman`.`id_peminjaman` DESC')
 3 SYSTEMPATH\Database\BaseConnection.php(646): CodeIgniter\Database\BaseConnection->simpleQuery('SELECT `peminjaman`.*, `anggota`.`nama_user` as `nama_anggota`, GROUP_CONCAT(buku.judul SEPARATOR ", ") as judul_buku, GROUP_CONCAT(buku.cover SEPARATOR ", ") as cover_buku
FROM `peminjaman`
LEFT JOIN `anggota` ON `anggota`.`id` = `peminjaman`.`id_anggota`
LEFT JOIN `detail_peminjaman` ON `detail_peminjaman`.`id_peminjaman` = `peminjaman`.`id_peminjaman`
LEFT JOIN `buku` ON `buku`.`id_buku` = `detail_peminjaman`.`id_buku`
GROUP BY `peminjaman`.`id_peminjaman`
ORDER BY `peminjaman`.`id_peminjaman` DESC')
 4 SYSTEMPATH\Database\BaseBuilder.php(1649): CodeIgniter\Database\BaseConnection->query('SELECT `peminjaman`.*, `anggota`.`nama_user` as `nama_anggota`, GROUP_CONCAT(buku.judul SEPARATOR ", ") as judul_buku, GROUP_CONCAT(buku.cover SEPARATOR ", ") as cover_buku
FROM `peminjaman`
LEFT JOIN `anggota` ON `anggota`.`id` = `peminjaman`.`id_anggota`
LEFT JOIN `detail_peminjaman` ON `detail_peminjaman`.`id_peminjaman` = `peminjaman`.`id_peminjaman`
LEFT JOIN `buku` ON `buku`.`id_buku` = `detail_peminjaman`.`id_buku`
GROUP BY `peminjaman`.`id_peminjaman`
ORDER BY `peminjaman`.`id_peminjaman` DESC', [], false)
 5 APPPATH\Controllers\peminjaman.php(44): CodeIgniter\Database\BaseBuilder->get()
 6 SYSTEMPATH\CodeIgniter.php(933): App\Controllers\Peminjaman->index()
 7 SYSTEMPATH\CodeIgniter.php(507): CodeIgniter\CodeIgniter->runController(Object(App\Controllers\Peminjaman))
 8 SYSTEMPATH\CodeIgniter.php(354): CodeIgniter\CodeIgniter->handleRequest(null, Object(Config\Cache), false)
 9 SYSTEMPATH\Boot.php(363): CodeIgniter\CodeIgniter->run()
10 SYSTEMPATH\Boot.php(68): CodeIgniter\Boot::runCodeIgniter(Object(CodeIgniter\CodeIgniter))
11 FCPATH\index.php(59): CodeIgniter\Boot::bootWeb(Object(Config\Paths))
CRITICAL - 2026-04-25 14:27:42 --> ParseError: syntax error, unexpected token "->"
[Method: GET, Route: peminjaman]
in APPPATH\Controllers\peminjaman.php on line 35.
 1 SYSTEMPATH\Autoloader\Autoloader.php(295): CodeIgniter\Autoloader\Autoloader->includeFile('C:\\xampp\\htdocs\\perpus\\app\\Controllers\\Peminjaman.php')
 2 SYSTEMPATH\Autoloader\Autoloader.php(271): CodeIgniter\Autoloader\Autoloader->loadInNamespace('App\\Controllers\\Peminjaman')
 3 [internal function]: CodeIgniter\Autoloader\Autoloader->loadClass('App\\Controllers\\Peminjaman')
 4 SYSTEMPATH\CodeIgniter.php(885): class_exists('\\App\\Controllers\\Peminjaman', true)
 5 SYSTEMPATH\CodeIgniter.php(494): CodeIgniter\CodeIgniter->startController()
 6 SYSTEMPATH\CodeIgniter.php(354): CodeIgniter\CodeIgniter->handleRequest(null, Object(Config\Cache), false)
 7 SYSTEMPATH\Boot.php(363): CodeIgniter\CodeIgniter->run()
 8 SYSTEMPATH\Boot.php(68): CodeIgniter\Boot::runCodeIgniter(Object(CodeIgniter\CodeIgniter))
 9 FCPATH\index.php(59): CodeIgniter\Boot::bootWeb(Object(Config\Paths))
WARNING - 2026-04-25 14:28:22 --> [DEPRECATED] Creation of dynamic property App\Controllers\Peminjaman::$db is deprecated in APPPATH\Controllers\peminjaman.php on line 17.
 1 SYSTEMPATH\CodeIgniter.php(903): App\Controllers\Peminjaman->__construct()
 2 SYSTEMPATH\CodeIgniter.php(498): CodeIgniter\CodeIgniter->createController()
 3 SYSTEMPATH\CodeIgniter.php(354): CodeIgniter\CodeIgniter->handleRequest(null, Object(Config\Cache), false)
 4 SYSTEMPATH\Boot.php(363): CodeIgniter\CodeIgniter->run()
 5 SYSTEMPATH\Boot.php(68): CodeIgniter\Boot::runCodeIgniter(Object(CodeIgniter\CodeIgniter))
 6 FCPATH\index.php(59): CodeIgniter\Boot::bootWeb(Object(Config\Paths))
DEBUG - 2026-04-25 14:28:22 --> Session: Class initialized using 'CodeIgniter\Session\Handlers\FileHandler' driver.
WARNING - 2026-04-25 14:31:42 --> [DEPRECATED] Creation of dynamic property App\Controllers\Peminjaman::$db is deprecated in APPPATH\Controllers\peminjaman.php on line 17.
 1 SYSTEMPATH\CodeIgniter.php(903): App\Controllers\Peminjaman->__construct()
 2 SYSTEMPATH\CodeIgniter.php(498): CodeIgniter\CodeIgniter->createController()
 3 SYSTEMPATH\CodeIgniter.php(354): CodeIgniter\CodeIgniter->handleRequest(null, Object(Config\Cache), false)
 4 SYSTEMPATH\Boot.php(363): CodeIgniter\CodeIgniter->run()
 5 SYSTEMPATH\Boot.php(68): CodeIgniter\Boot::runCodeIgniter(Object(CodeIgniter\CodeIgniter))
 6 FCPATH\index.php(59): CodeIgniter\Boot::bootWeb(Object(Config\Paths))
ERROR - 2026-04-25 14:31:42 --> mysqli_sql_exception: Unknown column 'anggota.nama_user' in 'field list' in C:\xampp\htdocs\perpus\system\Database\MySQLi\Connection.php:327
Stack trace:
#0 C:\xampp\htdocs\perpus\system\Database\MySQLi\Connection.php(327): mysqli->query('SELECT `peminja...', 0)
#1 C:\xampp\htdocs\perpus\system\Database\BaseConnection.php(729): CodeIgniter\Database\MySQLi\Connection->execute('SELECT `peminja...')
#2 C:\xampp\htdocs\perpus\system\Database\BaseConnection.php(646): CodeIgniter\Database\BaseConnection->simpleQuery('SELECT `peminja...')
#3 C:\xampp\htdocs\perpus\system\Database\BaseBuilder.php(1649): CodeIgniter\Database\BaseConnection->query('SELECT `peminja...', Array, false)
#4 C:\xampp\htdocs\perpus\app\Controllers\peminjaman.php(40): CodeIgniter\Database\BaseBuilder->get()
#5 C:\xampp\htdocs\perpus\system\CodeIgniter.php(933): App\Controllers\Peminjaman->index()
#6 C:\xampp\htdocs\perpus\system\CodeIgniter.php(507): CodeIgniter\CodeIgniter->runController(Object(App\Controllers\Peminjaman))
#7 C:\xampp\htdocs\perpus\system\CodeIgniter.php(354): CodeIgniter\CodeIgniter->handleRequest(NULL, Object(Config\Cache), false)
#8 C:\xampp\htdocs\perpus\system\Boot.php(363): CodeIgniter\CodeIgniter->run()
#9 C:\xampp\htdocs\perpus\system\Boot.php(68): CodeIgniter\Boot::runCodeIgniter(Object(CodeIgniter\CodeIgniter))
#10 C:\xampp\htdocs\perpus\index.php(59): CodeIgniter\Boot::bootWeb(Object(Config\Paths))
#11 {main}
CRITICAL - 2026-04-25 14:31:42 --> CodeIgniter\Database\Exceptions\DatabaseException: Unknown column 'anggota.nama_user' in 'field list'
[Method: GET, Route: peminjaman]
in SYSTEMPATH\Database\BaseConnection.php on line 684.
 1 SYSTEMPATH\Database\BaseBuilder.php(1649): CodeIgniter\Database\BaseConnection->query('SELECT `peminjaman`.*, `anggota`.`nama_user` as `nama_anggota`, GROUP_CONCAT(buku.judul SEPARATOR "<br>") as judul_buku, GROUP_CONCAT(buku.cover SEPARATOR ", ") as cover_buku
FROM `peminjaman`
LEFT JOIN `anggota` ON `anggota`.`id` = `peminjaman`.`id_anggota`
LEFT JOIN `detail_peminjaman` ON `detail_peminjaman`.`id_peminjaman` = `peminjaman`.`id_peminjaman`
LEFT JOIN `buku` ON `buku`.`id_buku` = `detail_peminjaman`.`id_buku`
GROUP BY `peminjaman`.`id_peminjaman`
ORDER BY `peminjaman`.`id_peminjaman` DESC', [], false)
 2 APPPATH\Controllers\peminjaman.php(40): CodeIgniter\Database\BaseBuilder->get()
 3 SYSTEMPATH\CodeIgniter.php(933): App\Controllers\Peminjaman->index()
 4 SYSTEMPATH\CodeIgniter.php(507): CodeIgniter\CodeIgniter->runController(Object(App\Controllers\Peminjaman))
 5 SYSTEMPATH\CodeIgniter.php(354): CodeIgniter\CodeIgniter->handleRequest(null, Object(Config\Cache), false)
 6 SYSTEMPATH\Boot.php(363): CodeIgniter\CodeIgniter->run()
 7 SYSTEMPATH\Boot.php(68): CodeIgniter\Boot::runCodeIgniter(Object(CodeIgniter\CodeIgniter))
 8 FCPATH\index.php(59): CodeIgniter\Boot::bootWeb(Object(Config\Paths))
CRITICAL - 2026-04-25 14:31:42 --> [Caused by] CodeIgniter\Database\Exceptions\DatabaseException: Unknown column 'anggota.nama_user' in 'field list'
in SYSTEMPATH\Database\MySQLi\Connection.php on line 332.
 1 SYSTEMPATH\Database\BaseConnection.php(729): CodeIgniter\Database\MySQLi\Connection->execute('SELECT `peminjaman`.*, `anggota`.`nama_user` as `nama_anggota`, GROUP_CONCAT(buku.judul SEPARATOR "<br>") as judul_buku, GROUP_CONCAT(buku.cover SEPARATOR ", ") as cover_buku
FROM `peminjaman`
LEFT JOIN `anggota` ON `anggota`.`id` = `peminjaman`.`id_anggota`
LEFT JOIN `detail_peminjaman` ON `detail_peminjaman`.`id_peminjaman` = `peminjaman`.`id_peminjaman`
LEFT JOIN `buku` ON `buku`.`id_buku` = `detail_peminjaman`.`id_buku`
GROUP BY `peminjaman`.`id_peminjaman`
ORDER BY `peminjaman`.`id_peminjaman` DESC')
 2 SYSTEMPATH\Database\BaseConnection.php(646): CodeIgniter\Database\BaseConnection->simpleQuery('SELECT `peminjaman`.*, `anggota`.`nama_user` as `nama_anggota`, GROUP_CONCAT(buku.judul SEPARATOR "<br>") as judul_buku, GROUP_CONCAT(buku.cover SEPARATOR ", ") as cover_buku
FROM `peminjaman`
LEFT JOIN `anggota` ON `anggota`.`id` = `peminjaman`.`id_anggota`
LEFT JOIN `detail_peminjaman` ON `detail_peminjaman`.`id_peminjaman` = `peminjaman`.`id_peminjaman`
LEFT JOIN `buku` ON `buku`.`id_buku` = `detail_peminjaman`.`id_buku`
GROUP BY `peminjaman`.`id_peminjaman`
ORDER BY `peminjaman`.`id_peminjaman` DESC')
 3 SYSTEMPATH\Database\BaseBuilder.php(1649): CodeIgniter\Database\BaseConnection->query('SELECT `peminjaman`.*, `anggota`.`nama_user` as `nama_anggota`, GROUP_CONCAT(buku.judul SEPARATOR "<br>") as judul_buku, GROUP_CONCAT(buku.cover SEPARATOR ", ") as cover_buku
FROM `peminjaman`
LEFT JOIN `anggota` ON `anggota`.`id` = `peminjaman`.`id_anggota`
LEFT JOIN `detail_peminjaman` ON `detail_peminjaman`.`id_peminjaman` = `peminjaman`.`id_peminjaman`
LEFT JOIN `buku` ON `buku`.`id_buku` = `detail_peminjaman`.`id_buku`
GROUP BY `peminjaman`.`id_peminjaman`
ORDER BY `peminjaman`.`id_peminjaman` DESC', [], false)
 4 APPPATH\Controllers\peminjaman.php(40): CodeIgniter\Database\BaseBuilder->get()
 5 SYSTEMPATH\CodeIgniter.php(933): App\Controllers\Peminjaman->index()
 6 SYSTEMPATH\CodeIgniter.php(507): CodeIgniter\CodeIgniter->runController(Object(App\Controllers\Peminjaman))
 7 SYSTEMPATH\CodeIgniter.php(354): CodeIgniter\CodeIgniter->handleRequest(null, Object(Config\Cache), false)
 8 SYSTEMPATH\Boot.php(363): CodeIgniter\CodeIgniter->run()
 9 SYSTEMPATH\Boot.php(68): CodeIgniter\Boot::runCodeIgniter(Object(CodeIgniter\CodeIgniter))
10 FCPATH\index.php(59): CodeIgniter\Boot::bootWeb(Object(Config\Paths))
CRITICAL - 2026-04-25 14:31:42 --> [Caused by] mysqli_sql_exception: Unknown column 'anggota.nama_user' in 'field list'
in SYSTEMPATH\Database\MySQLi\Connection.php on line 327.
 1 SYSTEMPATH\Database\MySQLi\Connection.php(327): mysqli->query('SELECT `peminjaman`.*, `anggota`.`nama_user` as `nama_anggota`, GROUP_CONCAT(buku.judul SEPARATOR "<br>") as judul_buku, GROUP_CONCAT(buku.cover SEPARATOR ", ") as cover_buku
FROM `peminjaman`
LEFT JOIN `anggota` ON `anggota`.`id` = `peminjaman`.`id_anggota`
LEFT JOIN `detail_peminjaman` ON `detail_peminjaman`.`id_peminjaman` = `peminjaman`.`id_peminjaman`
LEFT JOIN `buku` ON `buku`.`id_buku` = `detail_peminjaman`.`id_buku`
GROUP BY `peminjaman`.`id_peminjaman`
ORDER BY `peminjaman`.`id_peminjaman` DESC', 0)
 2 SYSTEMPATH\Database\BaseConnection.php(729): CodeIgniter\Database\MySQLi\Connection->execute('SELECT `peminjaman`.*, `anggota`.`nama_user` as `nama_anggota`, GROUP_CONCAT(buku.judul SEPARATOR "<br>") as judul_buku, GROUP_CONCAT(buku.cover SEPARATOR ", ") as cover_buku
FROM `peminjaman`
LEFT JOIN `anggota` ON `anggota`.`id` = `peminjaman`.`id_anggota`
LEFT JOIN `detail_peminjaman` ON `detail_peminjaman`.`id_peminjaman` = `peminjaman`.`id_peminjaman`
LEFT JOIN `buku` ON `buku`.`id_buku` = `detail_peminjaman`.`id_buku`
GROUP BY `peminjaman`.`id_peminjaman`
ORDER BY `peminjaman`.`id_peminjaman` DESC')
 3 SYSTEMPATH\Database\BaseConnection.php(646): CodeIgniter\Database\BaseConnection->simpleQuery('SELECT `peminjaman`.*, `anggota`.`nama_user` as `nama_anggota`, GROUP_CONCAT(buku.judul SEPARATOR "<br>") as judul_buku, GROUP_CONCAT(buku.cover SEPARATOR ", ") as cover_buku
FROM `peminjaman`
LEFT JOIN `anggota` ON `anggota`.`id` = `peminjaman`.`id_anggota`
LEFT JOIN `detail_peminjaman` ON `detail_peminjaman`.`id_peminjaman` = `peminjaman`.`id_peminjaman`
LEFT JOIN `buku` ON `buku`.`id_buku` = `detail_peminjaman`.`id_buku`
GROUP BY `peminjaman`.`id_peminjaman`
ORDER BY `peminjaman`.`id_peminjaman` DESC')
 4 SYSTEMPATH\Database\BaseBuilder.php(1649): CodeIgniter\Database\BaseConnection->query('SELECT `peminjaman`.*, `anggota`.`nama_user` as `nama_anggota`, GROUP_CONCAT(buku.judul SEPARATOR "<br>") as judul_buku, GROUP_CONCAT(buku.cover SEPARATOR ", ") as cover_buku
FROM `peminjaman`
LEFT JOIN `anggota` ON `anggota`.`id` = `peminjaman`.`id_anggota`
LEFT JOIN `detail_peminjaman` ON `detail_peminjaman`.`id_peminjaman` = `peminjaman`.`id_peminjaman`
LEFT JOIN `buku` ON `buku`.`id_buku` = `detail_peminjaman`.`id_buku`
GROUP BY `peminjaman`.`id_peminjaman`
ORDER BY `peminjaman`.`id_peminjaman` DESC', [], false)
 5 APPPATH\Controllers\peminjaman.php(40): CodeIgniter\Database\BaseBuilder->get()
 6 SYSTEMPATH\CodeIgniter.php(933): App\Controllers\Peminjaman->index()
 7 SYSTEMPATH\CodeIgniter.php(507): CodeIgniter\CodeIgniter->runController(Object(App\Controllers\Peminjaman))
 8 SYSTEMPATH\CodeIgniter.php(354): CodeIgniter\CodeIgniter->handleRequest(null, Object(Config\Cache), false)
 9 SYSTEMPATH\Boot.php(363): CodeIgniter\CodeIgniter->run()
10 SYSTEMPATH\Boot.php(68): CodeIgniter\Boot::runCodeIgniter(Object(CodeIgniter\CodeIgniter))
11 FCPATH\index.php(59): CodeIgniter\Boot::bootWeb(Object(Config\Paths))
WARNING - 2026-04-25 14:31:52 --> [DEPRECATED] Creation of dynamic property App\Controllers\Peminjaman::$db is deprecated in APPPATH\Controllers\peminjaman.php on line 17.
 1 SYSTEMPATH\CodeIgniter.php(903): App\Controllers\Peminjaman->__construct()
 2 SYSTEMPATH\CodeIgniter.php(498): CodeIgniter\CodeIgniter->createController()
 3 SYSTEMPATH\CodeIgniter.php(354): CodeIgniter\CodeIgniter->handleRequest(null, Object(Config\Cache), false)
 4 SYSTEMPATH\Boot.php(363): CodeIgniter\CodeIgniter->run()
 5 SYSTEMPATH\Boot.php(68): CodeIgniter\Boot::runCodeIgniter(Object(CodeIgniter\CodeIgniter))
 6 FCPATH\index.php(59): CodeIgniter\Boot::bootWeb(Object(Config\Paths))
ERROR - 2026-04-25 14:31:52 --> mysqli_sql_exception: Unknown column 'anggota.nama_user' in 'field list' in C:\xampp\htdocs\perpus\system\Database\MySQLi\Connection.php:327
Stack trace:
#0 C:\xampp\htdocs\perpus\system\Database\MySQLi\Connection.php(327): mysqli->query('SELECT `peminja...', 0)
#1 C:\xampp\htdocs\perpus\system\Database\BaseConnection.php(729): CodeIgniter\Database\MySQLi\Connection->execute('SELECT `peminja...')
#2 C:\xampp\htdocs\perpus\system\Database\BaseConnection.php(646): CodeIgniter\Database\BaseConnection->simpleQuery('SELECT `peminja...')
#3 C:\xampp\htdocs\perpus\system\Database\BaseBuilder.php(1649): CodeIgniter\Database\BaseConnection->query('SELECT `peminja...', Array, false)
#4 C:\xampp\htdocs\perpus\app\Controllers\peminjaman.php(40): CodeIgniter\Database\BaseBuilder->get()
#5 C:\xampp\htdocs\perpus\system\CodeIgniter.php(933): App\Controllers\Peminjaman->index()
#6 C:\xampp\htdocs\perpus\system\CodeIgniter.php(507): CodeIgniter\CodeIgniter->runController(Object(App\Controllers\Peminjaman))
#7 C:\xampp\htdocs\perpus\system\CodeIgniter.php(354): CodeIgniter\CodeIgniter->handleRequest(NULL, Object(Config\Cache), false)
#8 C:\xampp\htdocs\perpus\system\Boot.php(363): CodeIgniter\CodeIgniter->run()
#9 C:\xampp\htdocs\perpus\system\Boot.php(68): CodeIgniter\Boot::runCodeIgniter(Object(CodeIgniter\CodeIgniter))
#10 C:\xampp\htdocs\perpus\index.php(59): CodeIgniter\Boot::bootWeb(Object(Config\Paths))
#11 {main}
CRITICAL - 2026-04-25 14:31:52 --> CodeIgniter\Database\Exceptions\DatabaseException: Unknown column 'anggota.nama_user' in 'field list'
[Method: GET, Route: peminjaman]
in SYSTEMPATH\Database\BaseConnection.php on line 684.
 1 SYSTEMPATH\Database\BaseBuilder.php(1649): CodeIgniter\Database\BaseConnection->query('SELECT `peminjaman`.*, `anggota`.`nama_user` as `nama_anggota`, GROUP_CONCAT(buku.judul SEPARATOR "<br>") as judul_buku, GROUP_CONCAT(buku.cover SEPARATOR ", ") as cover_buku
FROM `peminjaman`
LEFT JOIN `anggota` ON `anggota`.`id` = `peminjaman`.`id_anggota`
LEFT JOIN `detail_peminjaman` ON `detail_peminjaman`.`id_peminjaman` = `peminjaman`.`id_peminjaman`
LEFT JOIN `buku` ON `buku`.`id_buku` = `detail_peminjaman`.`id_buku`
GROUP BY `peminjaman`.`id_peminjaman`
ORDER BY `peminjaman`.`id_peminjaman` DESC', [], false)
 2 APPPATH\Controllers\peminjaman.php(40): CodeIgniter\Database\BaseBuilder->get()
 3 SYSTEMPATH\CodeIgniter.php(933): App\Controllers\Peminjaman->index()
 4 SYSTEMPATH\CodeIgniter.php(507): CodeIgniter\CodeIgniter->runController(Object(App\Controllers\Peminjaman))
 5 SYSTEMPATH\CodeIgniter.php(354): CodeIgniter\CodeIgniter->handleRequest(null, Object(Config\Cache), false)
 6 SYSTEMPATH\Boot.php(363): CodeIgniter\CodeIgniter->run()
 7 SYSTEMPATH\Boot.php(68): CodeIgniter\Boot::runCodeIgniter(Object(CodeIgniter\CodeIgniter))
 8 FCPATH\index.php(59): CodeIgniter\Boot::bootWeb(Object(Config\Paths))
CRITICAL - 2026-04-25 14:31:52 --> [Caused by] CodeIgniter\Database\Exceptions\DatabaseException: Unknown column 'anggota.nama_user' in 'field list'
in SYSTEMPATH\Database\MySQLi\Connection.php on line 332.
 1 SYSTEMPATH\Database\BaseConnection.php(729): CodeIgniter\Database\MySQLi\Connection->execute('SELECT `peminjaman`.*, `anggota`.`nama_user` as `nama_anggota`, GROUP_CONCAT(buku.judul SEPARATOR "<br>") as judul_buku, GROUP_CONCAT(buku.cover SEPARATOR ", ") as cover_buku
FROM `peminjaman`
LEFT JOIN `anggota` ON `anggota`.`id` = `peminjaman`.`id_anggota`
LEFT JOIN `detail_peminjaman` ON `detail_peminjaman`.`id_peminjaman` = `peminjaman`.`id_peminjaman`
LEFT JOIN `buku` ON `buku`.`id_buku` = `detail_peminjaman`.`id_buku`
GROUP BY `peminjaman`.`id_peminjaman`
ORDER BY `peminjaman`.`id_peminjaman` DESC')
 2 SYSTEMPATH\Database\BaseConnection.php(646): CodeIgniter\Database\BaseConnection->simpleQuery('SELECT `peminjaman`.*, `anggota`.`nama_user` as `nama_anggota`, GROUP_CONCAT(buku.judul SEPARATOR "<br>") as judul_buku, GROUP_CONCAT(buku.cover SEPARATOR ", ") as cover_buku
FROM `peminjaman`
LEFT JOIN `anggota` ON `anggota`.`id` = `peminjaman`.`id_anggota`
LEFT JOIN `detail_peminjaman` ON `detail_peminjaman`.`id_peminjaman` = `peminjaman`.`id_peminjaman`
LEFT JOIN `buku` ON `buku`.`id_buku` = `detail_peminjaman`.`id_buku`
GROUP BY `peminjaman`.`id_peminjaman`
ORDER BY `peminjaman`.`id_peminjaman` DESC')
 3 SYSTEMPATH\Database\BaseBuilder.php(1649): CodeIgniter\Database\BaseConnection->query('SELECT `peminjaman`.*, `anggota`.`nama_user` as `nama_anggota`, GROUP_CONCAT(buku.judul SEPARATOR "<br>") as judul_buku, GROUP_CONCAT(buku.cover SEPARATOR ", ") as cover_buku
FROM `peminjaman`
LEFT JOIN `anggota` ON `anggota`.`id` = `peminjaman`.`id_anggota`
LEFT JOIN `detail_peminjaman` ON `detail_peminjaman`.`id_peminjaman` = `peminjaman`.`id_peminjaman`
LEFT JOIN `buku` ON `buku`.`id_buku` = `detail_peminjaman`.`id_buku`
GROUP BY `peminjaman`.`id_peminjaman`
ORDER BY `peminjaman`.`id_peminjaman` DESC', [], false)
 4 APPPATH\Controllers\peminjaman.php(40): CodeIgniter\Database\BaseBuilder->get()
 5 SYSTEMPATH\CodeIgniter.php(933): App\Controllers\Peminjaman->index()
 6 SYSTEMPATH\CodeIgniter.php(507): CodeIgniter\CodeIgniter->runController(Object(App\Controllers\Peminjaman))
 7 SYSTEMPATH\CodeIgniter.php(354): CodeIgniter\CodeIgniter->handleRequest(null, Object(Config\Cache), false)
 8 SYSTEMPATH\Boot.php(363): CodeIgniter\CodeIgniter->run()
 9 SYSTEMPATH\Boot.php(68): CodeIgniter\Boot::runCodeIgniter(Object(CodeIgniter\CodeIgniter))
10 FCPATH\index.php(59): CodeIgniter\Boot::bootWeb(Object(Config\Paths))
CRITICAL - 2026-04-25 14:31:52 --> [Caused by] mysqli_sql_exception: Unknown column 'anggota.nama_user' in 'field list'
in SYSTEMPATH\Database\MySQLi\Connection.php on line 327.
 1 SYSTEMPATH\Database\MySQLi\Connection.php(327): mysqli->query('SELECT `peminjaman`.*, `anggota`.`nama_user` as `nama_anggota`, GROUP_CONCAT(buku.judul SEPARATOR "<br>") as judul_buku, GROUP_CONCAT(buku.cover SEPARATOR ", ") as cover_buku
FROM `peminjaman`
LEFT JOIN `anggota` ON `anggota`.`id` = `peminjaman`.`id_anggota`
LEFT JOIN `detail_peminjaman` ON `detail_peminjaman`.`id_peminjaman` = `peminjaman`.`id_peminjaman`
LEFT JOIN `buku` ON `buku`.`id_buku` = `detail_peminjaman`.`id_buku`
GROUP BY `peminjaman`.`id_peminjaman`
ORDER BY `peminjaman`.`id_peminjaman` DESC', 0)
 2 SYSTEMPATH\Database\BaseConnection.php(729): CodeIgniter\Database\MySQLi\Connection->execute('SELECT `peminjaman`.*, `anggota`.`nama_user` as `nama_anggota`, GROUP_CONCAT(buku.judul SEPARATOR "<br>") as judul_buku, GROUP_CONCAT(buku.cover SEPARATOR ", ") as cover_buku
FROM `peminjaman`
LEFT JOIN `anggota` ON `anggota`.`id` = `peminjaman`.`id_anggota`
LEFT JOIN `detail_peminjaman` ON `detail_peminjaman`.`id_peminjaman` = `peminjaman`.`id_peminjaman`
LEFT JOIN `buku` ON `buku`.`id_buku` = `detail_peminjaman`.`id_buku`
GROUP BY `peminjaman`.`id_peminjaman`
ORDER BY `peminjaman`.`id_peminjaman` DESC')
 3 SYSTEMPATH\Database\BaseConnection.php(646): CodeIgniter\Database\BaseConnection->simpleQuery('SELECT `peminjaman`.*, `anggota`.`nama_user` as `nama_anggota`, GROUP_CONCAT(buku.judul SEPARATOR "<br>") as judul_buku, GROUP_CONCAT(buku.cover SEPARATOR ", ") as cover_buku
FROM `peminjaman`
LEFT JOIN `anggota` ON `anggota`.`id` = `peminjaman`.`id_anggota`
LEFT JOIN `detail_peminjaman` ON `detail_peminjaman`.`id_peminjaman` = `peminjaman`.`id_peminjaman`
LEFT JOIN `buku` ON `buku`.`id_buku` = `detail_peminjaman`.`id_buku`
GROUP BY `peminjaman`.`id_peminjaman`
ORDER BY `peminjaman`.`id_peminjaman` DESC')
 4 SYSTEMPATH\Database\BaseBuilder.php(1649): CodeIgniter\Database\BaseConnection->query('SELECT `peminjaman`.*, `anggota`.`nama_user` as `nama_anggota`, GROUP_CONCAT(buku.judul SEPARATOR "<br>") as judul_buku, GROUP_CONCAT(buku.cover SEPARATOR ", ") as cover_buku
FROM `peminjaman`
LEFT JOIN `anggota` ON `anggota`.`id` = `peminjaman`.`id_anggota`
LEFT JOIN `detail_peminjaman` ON `detail_peminjaman`.`id_peminjaman` = `peminjaman`.`id_peminjaman`
LEFT JOIN `buku` ON `buku`.`id_buku` = `detail_peminjaman`.`id_buku`
GROUP BY `peminjaman`.`id_peminjaman`
ORDER BY `peminjaman`.`id_peminjaman` DESC', [], false)
 5 APPPATH\Controllers\peminjaman.php(40): CodeIgniter\Database\BaseBuilder->get()
 6 SYSTEMPATH\CodeIgniter.php(933): App\Controllers\Peminjaman->index()
 7 SYSTEMPATH\CodeIgniter.php(507): CodeIgniter\CodeIgniter->runController(Object(App\Controllers\Peminjaman))
 8 SYSTEMPATH\CodeIgniter.php(354): CodeIgniter\CodeIgniter->handleRequest(null, Object(Config\Cache), false)
 9 SYSTEMPATH\Boot.php(363): CodeIgniter\CodeIgniter->run()
10 SYSTEMPATH\Boot.php(68): CodeIgniter\Boot::runCodeIgniter(Object(CodeIgniter\CodeIgniter))
11 FCPATH\index.php(59): CodeIgniter\Boot::bootWeb(Object(Config\Paths))
WARNING - 2026-04-25 14:32:15 --> [DEPRECATED] Creation of dynamic property App\Controllers\Peminjaman::$db is deprecated in APPPATH\Controllers\peminjaman.php on line 17.
 1 SYSTEMPATH\CodeIgniter.php(903): App\Controllers\Peminjaman->__construct()
 2 SYSTEMPATH\CodeIgniter.php(498): CodeIgniter\CodeIgniter->createController()
 3 SYSTEMPATH\CodeIgniter.php(354): CodeIgniter\CodeIgniter->handleRequest(null, Object(Config\Cache), false)
 4 SYSTEMPATH\Boot.php(363): CodeIgniter\CodeIgniter->run()
 5 SYSTEMPATH\Boot.php(68): CodeIgniter\Boot::runCodeIgniter(Object(CodeIgniter\CodeIgniter))
 6 FCPATH\index.php(59): CodeIgniter\Boot::bootWeb(Object(Config\Paths))
DEBUG - 2026-04-25 14:32:15 --> Session: Class initialized using 'CodeIgniter\Session\Handlers\FileHandler' driver.
WARNING - 2026-04-25 14:32:54 --> [DEPRECATED] Creation of dynamic property App\Controllers\Peminjaman::$db is deprecated in APPPATH\Controllers\peminjaman.php on line 17.
 1 SYSTEMPATH\CodeIgniter.php(903): App\Controllers\Peminjaman->__construct()
 2 SYSTEMPATH\CodeIgniter.php(498): CodeIgniter\CodeIgniter->createController()
 3 SYSTEMPATH\CodeIgniter.php(354): CodeIgniter\CodeIgniter->handleRequest(null, Object(Config\Cache), false)
 4 SYSTEMPATH\Boot.php(363): CodeIgniter\CodeIgniter->run()
 5 SYSTEMPATH\Boot.php(68): CodeIgniter\Boot::runCodeIgniter(Object(CodeIgniter\CodeIgniter))
 6 FCPATH\index.php(59): CodeIgniter\Boot::bootWeb(Object(Config\Paths))
DEBUG - 2026-04-25 14:32:54 --> Session: Class initialized using 'CodeIgniter\Session\Handlers\FileHandler' driver.
WARNING - 2026-04-25 14:32:55 --> [DEPRECATED] Creation of dynamic property App\Controllers\Peminjaman::$db is deprecated in APPPATH\Controllers\peminjaman.php on line 17.
 1 SYSTEMPATH\CodeIgniter.php(903): App\Controllers\Peminjaman->__construct()
 2 SYSTEMPATH\CodeIgniter.php(498): CodeIgniter\CodeIgniter->createController()
 3 SYSTEMPATH\CodeIgniter.php(354): CodeIgniter\CodeIgniter->handleRequest(null, Object(Config\Cache), false)
 4 SYSTEMPATH\Boot.php(363): CodeIgniter\CodeIgniter->run()
 5 SYSTEMPATH\Boot.php(68): CodeIgniter\Boot::runCodeIgniter(Object(CodeIgniter\CodeIgniter))
 6 FCPATH\index.php(59): CodeIgniter\Boot::bootWeb(Object(Config\Paths))
DEBUG - 2026-04-25 14:32:55 --> Session: Class initialized using 'CodeIgniter\Session\Handlers\FileHandler' driver.
WARNING - 2026-04-25 14:32:55 --> [DEPRECATED] Creation of dynamic property App\Controllers\Peminjaman::$db is deprecated in APPPATH\Controllers\peminjaman.php on line 17.
 1 SYSTEMPATH\CodeIgniter.php(903): App\Controllers\Peminjaman->__construct()
 2 SYSTEMPATH\CodeIgniter.php(498): CodeIgniter\CodeIgniter->createController()
 3 SYSTEMPATH\CodeIgniter.php(354): CodeIgniter\CodeIgniter->handleRequest(null, Object(Config\Cache), false)
 4 SYSTEMPATH\Boot.php(363): CodeIgniter\CodeIgniter->run()
 5 SYSTEMPATH\Boot.php(68): CodeIgniter\Boot::runCodeIgniter(Object(CodeIgniter\CodeIgniter))
 6 FCPATH\index.php(59): CodeIgniter\Boot::bootWeb(Object(Config\Paths))
DEBUG - 2026-04-25 14:32:55 --> Session: Class initialized using 'CodeIgniter\Session\Handlers\FileHandler' driver.
WARNING - 2026-04-25 14:35:13 --> [DEPRECATED] Creation of dynamic property App\Controllers\Peminjaman::$db is deprecated in APPPATH\Controllers\peminjaman.php on line 17.
 1 SYSTEMPATH\CodeIgniter.php(903): App\Controllers\Peminjaman->__construct()
 2 SYSTEMPATH\CodeIgniter.php(498): CodeIgniter\CodeIgniter->createController()
 3 SYSTEMPATH\CodeIgniter.php(354): CodeIgniter\CodeIgniter->handleRequest(null, Object(Config\Cache), false)
 4 SYSTEMPATH\Boot.php(363): CodeIgniter\CodeIgniter->run()
 5 SYSTEMPATH\Boot.php(68): CodeIgniter\Boot::runCodeIgniter(Object(CodeIgniter\CodeIgniter))
 6 FCPATH\index.php(59): CodeIgniter\Boot::bootWeb(Object(Config\Paths))
DEBUG - 2026-04-25 14:35:13 --> Session: Class initialized using 'CodeIgniter\Session\Handlers\FileHandler' driver.
WARNING - 2026-04-25 14:36:59 --> [DEPRECATED] Creation of dynamic property App\Controllers\Peminjaman::$db is deprecated in APPPATH\Controllers\peminjaman.php on line 17.
 1 SYSTEMPATH\CodeIgniter.php(903): App\Controllers\Peminjaman->__construct()
 2 SYSTEMPATH\CodeIgniter.php(498): CodeIgniter\CodeIgniter->createController()
 3 SYSTEMPATH\CodeIgniter.php(354): CodeIgniter\CodeIgniter->handleRequest(null, Object(Config\Cache), false)
 4 SYSTEMPATH\Boot.php(363): CodeIgniter\CodeIgniter->run()
 5 SYSTEMPATH\Boot.php(68): CodeIgniter\Boot::runCodeIgniter(Object(CodeIgniter\CodeIgniter))
 6 FCPATH\index.php(59): CodeIgniter\Boot::bootWeb(Object(Config\Paths))
DEBUG - 2026-04-25 14:36:59 --> Session: Class initialized using 'CodeIgniter\Session\Handlers\FileHandler' driver.
WARNING - 2026-04-25 14:37:52 --> [DEPRECATED] Creation of dynamic property App\Controllers\Peminjaman::$db is deprecated in APPPATH\Controllers\peminjaman.php on line 17.
 1 SYSTEMPATH\CodeIgniter.php(903): App\Controllers\Peminjaman->__construct()
 2 SYSTEMPATH\CodeIgniter.php(498): CodeIgniter\CodeIgniter->createController()
 3 SYSTEMPATH\CodeIgniter.php(354): CodeIgniter\CodeIgniter->handleRequest(null, Object(Config\Cache), false)
 4 SYSTEMPATH\Boot.php(363): CodeIgniter\CodeIgniter->run()
 5 SYSTEMPATH\Boot.php(68): CodeIgniter\Boot::runCodeIgniter(Object(CodeIgniter\CodeIgniter))
 6 FCPATH\index.php(59): CodeIgniter\Boot::bootWeb(Object(Config\Paths))
DEBUG - 2026-04-25 14:37:52 --> Session: Class initialized using 'CodeIgniter\Session\Handlers\FileHandler' driver.
WARNING - 2026-04-25 14:38:01 --> [DEPRECATED] Creation of dynamic property App\Controllers\Peminjaman::$db is deprecated in APPPATH\Controllers\peminjaman.php on line 17.
 1 SYSTEMPATH\CodeIgniter.php(903): App\Controllers\Peminjaman->__construct()
 2 SYSTEMPATH\CodeIgniter.php(498): CodeIgniter\CodeIgniter->createController()
 3 SYSTEMPATH\CodeIgniter.php(354): CodeIgniter\CodeIgniter->handleRequest(null, Object(Config\Cache), false)
 4 SYSTEMPATH\Boot.php(363): CodeIgniter\CodeIgniter->run()
 5 SYSTEMPATH\Boot.php(68): CodeIgniter\Boot::runCodeIgniter(Object(CodeIgniter\CodeIgniter))
 6 FCPATH\index.php(59): CodeIgniter\Boot::bootWeb(Object(Config\Paths))
DEBUG - 2026-04-25 14:38:01 --> Session: Class initialized using 'CodeIgniter\Session\Handlers\FileHandler' driver.
WARNING - 2026-04-25 14:38:05 --> [DEPRECATED] Creation of dynamic property App\Controllers\Peminjaman::$db is deprecated in APPPATH\Controllers\peminjaman.php on line 17.
 1 SYSTEMPATH\CodeIgniter.php(903): App\Controllers\Peminjaman->__construct()
 2 SYSTEMPATH\CodeIgniter.php(498): CodeIgniter\CodeIgniter->createController()
 3 SYSTEMPATH\CodeIgniter.php(354): CodeIgniter\CodeIgniter->handleRequest(null, Object(Config\Cache), false)
 4 SYSTEMPATH\Boot.php(363): CodeIgniter\CodeIgniter->run()
 5 SYSTEMPATH\Boot.php(68): CodeIgniter\Boot::runCodeIgniter(Object(CodeIgniter\CodeIgniter))
 6 FCPATH\index.php(59): CodeIgniter\Boot::bootWeb(Object(Config\Paths))
DEBUG - 2026-04-25 14:38:05 --> Session: Class initialized using 'CodeIgniter\Session\Handlers\FileHandler' driver.
WARNING - 2026-04-25 14:38:20 --> [DEPRECATED] Creation of dynamic property App\Controllers\Peminjaman::$db is deprecated in APPPATH\Controllers\peminjaman.php on line 17.
 1 SYSTEMPATH\CodeIgniter.php(903): App\Controllers\Peminjaman->__construct()
 2 SYSTEMPATH\CodeIgniter.php(498): CodeIgniter\CodeIgniter->createController()
 3 SYSTEMPATH\CodeIgniter.php(354): CodeIgniter\CodeIgniter->handleRequest(null, Object(Config\Cache), false)
 4 SYSTEMPATH\Boot.php(363): CodeIgniter\CodeIgniter->run()
 5 SYSTEMPATH\Boot.php(68): CodeIgniter\Boot::runCodeIgniter(Object(CodeIgniter\CodeIgniter))
 6 FCPATH\index.php(59): CodeIgniter\Boot::bootWeb(Object(Config\Paths))
ERROR - 2026-04-25 14:38:20 --> mysqli_sql_exception: Unknown column 'foto' in 'field list' in C:\xampp\htdocs\perpus\system\Database\MySQLi\Connection.php:327
Stack trace:
#0 C:\xampp\htdocs\perpus\system\Database\MySQLi\Connection.php(327): mysqli->query('UPDATE `peminja...', 0)
#1 C:\xampp\htdocs\perpus\system\Database\BaseConnection.php(729): CodeIgniter\Database\MySQLi\Connection->execute('UPDATE `peminja...')
#2 C:\xampp\htdocs\perpus\system\Database\BaseConnection.php(646): CodeIgniter\Database\BaseConnection->simpleQuery('UPDATE `peminja...')
#3 C:\xampp\htdocs\perpus\system\Database\BaseBuilder.php(2521): CodeIgniter\Database\BaseConnection->query('UPDATE `peminja...', Array, false)
#4 C:\xampp\htdocs\perpus\system\Model.php(461): CodeIgniter\Database\BaseBuilder->update()
#5 C:\xampp\htdocs\perpus\system\BaseModel.php(1025): CodeIgniter\Model->doUpdate(Array, Array)
#6 C:\xampp\htdocs\perpus\system\Model.php(860): CodeIgniter\BaseModel->update(Array, Array)
#7 C:\xampp\htdocs\perpus\app\Controllers\peminjaman.php(119): CodeIgniter\Model->update('67', Array)
#8 C:\xampp\htdocs\perpus\system\CodeIgniter.php(933): App\Controllers\Peminjaman->update('67')
#9 C:\xampp\htdocs\perpus\system\CodeIgniter.php(507): CodeIgniter\CodeIgniter->runController(Object(App\Controllers\Peminjaman))
#10 C:\xampp\htdocs\perpus\system\CodeIgniter.php(354): CodeIgniter\CodeIgniter->handleRequest(NULL, Object(Config\Cache), false)
#11 C:\xampp\htdocs\perpus\system\Boot.php(363): CodeIgniter\CodeIgniter->run()
#12 C:\xampp\htdocs\perpus\system\Boot.php(68): CodeIgniter\Boot::runCodeIgniter(Object(CodeIgniter\CodeIgniter))
#13 C:\xampp\htdocs\perpus\index.php(59): CodeIgniter\Boot::bootWeb(Object(Config\Paths))
#14 {main}
CRITICAL - 2026-04-25 14:38:20 --> CodeIgniter\Database\Exceptions\DatabaseException: Unknown column 'foto' in 'field list'
[Method: POST, Route: peminjaman/update/67]
in SYSTEMPATH\Database\BaseConnection.php on line 684.
 1 SYSTEMPATH\Database\BaseBuilder.php(2521): CodeIgniter\Database\BaseConnection->query('UPDATE `peminjaman` SET `id_buku` = :id_buku:, `tanggal_pinjam` = :tanggal_pinjam:, `tanggal_kembali` = :tanggal_kembali:, `status` = :status:, `id_anggota` = :id_anggota:, `id_petugas` = :id_petugas:, `foto` = :foto:
WHERE `peminjaman`.`id_peminjaman` IN :peminjaman.id_peminjaman:', [...], false)
 2 SYSTEMPATH\Model.php(461): CodeIgniter\Database\BaseBuilder->update()
 3 SYSTEMPATH\BaseModel.php(1025): CodeIgniter\Model->doUpdate([...], [...])
 4 SYSTEMPATH\Model.php(860): CodeIgniter\BaseModel->update([...], [...])
 5 APPPATH\Controllers\peminjaman.php(119): CodeIgniter\Model->update('67', [...])
 6 SYSTEMPATH\CodeIgniter.php(933): App\Controllers\Peminjaman->update('67')
 7 SYSTEMPATH\CodeIgniter.php(507): CodeIgniter\CodeIgniter->runController(Object(App\Controllers\Peminjaman))
 8 SYSTEMPATH\CodeIgniter.php(354): CodeIgniter\CodeIgniter->handleRequest(null, Object(Config\Cache), false)
 9 SYSTEMPATH\Boot.php(363): CodeIgniter\CodeIgniter->run()
10 SYSTEMPATH\Boot.php(68): CodeIgniter\Boot::runCodeIgniter(Object(CodeIgniter\CodeIgniter))
11 FCPATH\index.php(59): CodeIgniter\Boot::bootWeb(Object(Config\Paths))
CRITICAL - 2026-04-25 14:38:20 --> [Caused by] CodeIgniter\Database\Exceptions\DatabaseException: Unknown column 'foto' in 'field list'
in SYSTEMPATH\Database\MySQLi\Connection.php on line 332.
 1 SYSTEMPATH\Database\BaseConnection.php(729): CodeIgniter\Database\MySQLi\Connection->execute('UPDATE `peminjaman` SET `id_buku` = NULL, `tanggal_pinjam` = \'2026-04-24\', `tanggal_kembali` = \'2026-04-25\', `status` = \'dipinjam\', `id_anggota` = NULL, `id_petugas` = NULL, `foto` = \'1777127900_fe2275606b617444525a.jpg\'
WHERE `peminjaman`.`id_peminjaman` IN (\'67\')')
 2 SYSTEMPATH\Database\BaseConnection.php(646): CodeIgniter\Database\BaseConnection->simpleQuery('UPDATE `peminjaman` SET `id_buku` = NULL, `tanggal_pinjam` = \'2026-04-24\', `tanggal_kembali` = \'2026-04-25\', `status` = \'dipinjam\', `id_anggota` = NULL, `id_petugas` = NULL, `foto` = \'1777127900_fe2275606b617444525a.jpg\'
WHERE `peminjaman`.`id_peminjaman` IN (\'67\')')
 3 SYSTEMPATH\Database\BaseBuilder.php(2521): CodeIgniter\Database\BaseConnection->query('UPDATE `peminjaman` SET `id_buku` = :id_buku:, `tanggal_pinjam` = :tanggal_pinjam:, `tanggal_kembali` = :tanggal_kembali:, `status` = :status:, `id_anggota` = :id_anggota:, `id_petugas` = :id_petugas:, `foto` = :foto:
WHERE `peminjaman`.`id_peminjaman` IN :peminjaman.id_peminjaman:', [...], false)
 4 SYSTEMPATH\Model.php(461): CodeIgniter\Database\BaseBuilder->update()
 5 SYSTEMPATH\BaseModel.php(1025): CodeIgniter\Model->doUpdate([...], [...])
 6 SYSTEMPATH\Model.php(860): CodeIgniter\BaseModel->update([...], [...])
 7 APPPATH\Controllers\peminjaman.php(119): CodeIgniter\Model->update('67', [...])
 8 SYSTEMPATH\CodeIgniter.php(933): App\Controllers\Peminjaman->update('67')
 9 SYSTEMPATH\CodeIgniter.php(507): CodeIgniter\CodeIgniter->runController(Object(App\Controllers\Peminjaman))
10 SYSTEMPATH\CodeIgniter.php(354): CodeIgniter\CodeIgniter->handleRequest(null, Object(Config\Cache), false)
11 SYSTEMPATH\Boot.php(363): CodeIgniter\CodeIgniter->run()
12 SYSTEMPATH\Boot.php(68): CodeIgniter\Boot::runCodeIgniter(Object(CodeIgniter\CodeIgniter))
13 FCPATH\index.php(59): CodeIgniter\Boot::bootWeb(Object(Config\Paths))
CRITICAL - 2026-04-25 14:38:20 --> [Caused by] mysqli_sql_exception: Unknown column 'foto' in 'field list'
in SYSTEMPATH\Database\MySQLi\Connection.php on line 327.
 1 SYSTEMPATH\Database\MySQLi\Connection.php(327): mysqli->query('UPDATE `peminjaman` SET `id_buku` = NULL, `tanggal_pinjam` = \'2026-04-24\', `tanggal_kembali` = \'2026-04-25\', `status` = \'dipinjam\', `id_anggota` = NULL, `id_petugas` = NULL, `foto` = \'1777127900_fe2275606b617444525a.jpg\'
WHERE `peminjaman`.`id_peminjaman` IN (\'67\')', 0)
 2 SYSTEMPATH\Database\BaseConnection.php(729): CodeIgniter\Database\MySQLi\Connection->execute('UPDATE `peminjaman` SET `id_buku` = NULL, `tanggal_pinjam` = \'2026-04-24\', `tanggal_kembali` = \'2026-04-25\', `status` = \'dipinjam\', `id_anggota` = NULL, `id_petugas` = NULL, `foto` = \'1777127900_fe2275606b617444525a.jpg\'
WHERE `peminjaman`.`id_peminjaman` IN (\'67\')')
 3 SYSTEMPATH\Database\BaseConnection.php(646): CodeIgniter\Database\BaseConnection->simpleQuery('UPDATE `peminjaman` SET `id_buku` = NULL, `tanggal_pinjam` = \'2026-04-24\', `tanggal_kembali` = \'2026-04-25\', `status` = \'dipinjam\', `id_anggota` = NULL, `id_petugas` = NULL, `foto` = \'1777127900_fe2275606b617444525a.jpg\'
WHERE `peminjaman`.`id_peminjaman` IN (\'67\')')
 4 SYSTEMPATH\Database\BaseBuilder.php(2521): CodeIgniter\Database\BaseConnection->query('UPDATE `peminjaman` SET `id_buku` = :id_buku:, `tanggal_pinjam` = :tanggal_pinjam:, `tanggal_kembali` = :tanggal_kembali:, `status` = :status:, `id_anggota` = :id_anggota:, `id_petugas` = :id_petugas:, `foto` = :foto:
WHERE `peminjaman`.`id_peminjaman` IN :peminjaman.id_peminjaman:', [...], false)
 5 SYSTEMPATH\Model.php(461): CodeIgniter\Database\BaseBuilder->update()
 6 SYSTEMPATH\BaseModel.php(1025): CodeIgniter\Model->doUpdate([...], [...])
 7 SYSTEMPATH\Model.php(860): CodeIgniter\BaseModel->update([...], [...])
 8 APPPATH\Controllers\peminjaman.php(119): CodeIgniter\Model->update('67', [...])
 9 SYSTEMPATH\CodeIgniter.php(933): App\Controllers\Peminjaman->update('67')
10 SYSTEMPATH\CodeIgniter.php(507): CodeIgniter\CodeIgniter->runController(Object(App\Controllers\Peminjaman))
11 SYSTEMPATH\CodeIgniter.php(354): CodeIgniter\CodeIgniter->handleRequest(null, Object(Config\Cache), false)
12 SYSTEMPATH\Boot.php(363): CodeIgniter\CodeIgniter->run()
13 SYSTEMPATH\Boot.php(68): CodeIgniter\Boot::runCodeIgniter(Object(CodeIgniter\CodeIgniter))
14 FCPATH\index.php(59): CodeIgniter\Boot::bootWeb(Object(Config\Paths))
WARNING - 2026-04-25 14:41:01 --> [DEPRECATED] Creation of dynamic property App\Controllers\Peminjaman::$db is deprecated in APPPATH\Controllers\peminjaman.php on line 17.
 1 SYSTEMPATH\CodeIgniter.php(903): App\Controllers\Peminjaman->__construct()
 2 SYSTEMPATH\CodeIgniter.php(498): CodeIgniter\CodeIgniter->createController()
 3 SYSTEMPATH\CodeIgniter.php(354): CodeIgniter\CodeIgniter->handleRequest(null, Object(Config\Cache), false)
 4 SYSTEMPATH\Boot.php(363): CodeIgniter\CodeIgniter->run()
 5 SYSTEMPATH\Boot.php(68): CodeIgniter\Boot::runCodeIgniter(Object(CodeIgniter\CodeIgniter))
 6 FCPATH\index.php(59): CodeIgniter\Boot::bootWeb(Object(Config\Paths))
ERROR - 2026-04-25 14:41:01 --> mysqli_sql_exception: Unknown column 'foto' in 'field list' in C:\xampp\htdocs\perpus\system\Database\MySQLi\Connection.php:327
Stack trace:
#0 C:\xampp\htdocs\perpus\system\Database\MySQLi\Connection.php(327): mysqli->query('UPDATE `peminja...', 0)
#1 C:\xampp\htdocs\perpus\system\Database\BaseConnection.php(729): CodeIgniter\Database\MySQLi\Connection->execute('UPDATE `peminja...')
#2 C:\xampp\htdocs\perpus\system\Database\BaseConnection.php(646): CodeIgniter\Database\BaseConnection->simpleQuery('UPDATE `peminja...')
#3 C:\xampp\htdocs\perpus\system\Database\BaseBuilder.php(2521): CodeIgniter\Database\BaseConnection->query('UPDATE `peminja...', Array, false)
#4 C:\xampp\htdocs\perpus\system\Model.php(461): CodeIgniter\Database\BaseBuilder->update()
#5 C:\xampp\htdocs\perpus\system\BaseModel.php(1025): CodeIgniter\Model->doUpdate(Array, Array)
#6 C:\xampp\htdocs\perpus\system\Model.php(860): CodeIgniter\BaseModel->update(Array, Array)
#7 C:\xampp\htdocs\perpus\app\Controllers\peminjaman.php(118): CodeIgniter\Model->update('67', Array)
#8 C:\xampp\htdocs\perpus\system\CodeIgniter.php(933): App\Controllers\Peminjaman->update('67')
#9 C:\xampp\htdocs\perpus\system\CodeIgniter.php(507): CodeIgniter\CodeIgniter->runController(Object(App\Controllers\Peminjaman))
#10 C:\xampp\htdocs\perpus\system\CodeIgniter.php(354): CodeIgniter\CodeIgniter->handleRequest(NULL, Object(Config\Cache), false)
#11 C:\xampp\htdocs\perpus\system\Boot.php(363): CodeIgniter\CodeIgniter->run()
#12 C:\xampp\htdocs\perpus\system\Boot.php(68): CodeIgniter\Boot::runCodeIgniter(Object(CodeIgniter\CodeIgniter))
#13 C:\xampp\htdocs\perpus\index.php(59): CodeIgniter\Boot::bootWeb(Object(Config\Paths))
#14 {main}
CRITICAL - 2026-04-25 14:41:01 --> CodeIgniter\Database\Exceptions\DatabaseException: Unknown column 'foto' in 'field list'
[Method: POST, Route: peminjaman/update/67]
in SYSTEMPATH\Database\BaseConnection.php on line 684.
 1 SYSTEMPATH\Database\BaseBuilder.php(2521): CodeIgniter\Database\BaseConnection->query('UPDATE `peminjaman` SET `id_buku` = :id_buku:, `tanggal_pinjam` = :tanggal_pinjam:, `tanggal_kembali` = :tanggal_kembali:, `status` = :status:, `id_anggota` = :id_anggota:, `id_petugas` = :id_petugas:, `foto` = :foto:
WHERE `peminjaman`.`id_peminjaman` IN :peminjaman.id_peminjaman:', [...], false)
 2 SYSTEMPATH\Model.php(461): CodeIgniter\Database\BaseBuilder->update()
 3 SYSTEMPATH\BaseModel.php(1025): CodeIgniter\Model->doUpdate([...], [...])
 4 SYSTEMPATH\Model.php(860): CodeIgniter\BaseModel->update([...], [...])
 5 APPPATH\Controllers\peminjaman.php(118): CodeIgniter\Model->update('67', [...])
 6 SYSTEMPATH\CodeIgniter.php(933): App\Controllers\Peminjaman->update('67')
 7 SYSTEMPATH\CodeIgniter.php(507): CodeIgniter\CodeIgniter->runController(Object(App\Controllers\Peminjaman))
 8 SYSTEMPATH\CodeIgniter.php(354): CodeIgniter\CodeIgniter->handleRequest(null, Object(Config\Cache), false)
 9 SYSTEMPATH\Boot.php(363): CodeIgniter\CodeIgniter->run()
10 SYSTEMPATH\Boot.php(68): CodeIgniter\Boot::runCodeIgniter(Object(CodeIgniter\CodeIgniter))
11 FCPATH\index.php(59): CodeIgniter\Boot::bootWeb(Object(Config\Paths))
CRITICAL - 2026-04-25 14:41:01 --> [Caused by] CodeIgniter\Database\Exceptions\DatabaseException: Unknown column 'foto' in 'field list'
in SYSTEMPATH\Database\MySQLi\Connection.php on line 332.
 1 SYSTEMPATH\Database\BaseConnection.php(729): CodeIgniter\Database\MySQLi\Connection->execute('UPDATE `peminjaman` SET `id_buku` = NULL, `tanggal_pinjam` = \'2026-04-24\', `tanggal_kembali` = \'2026-04-25\', `status` = \'dipinjam\', `id_anggota` = NULL, `id_petugas` = NULL, `foto` = \'1777128061_908bda2fe63749b515f9.jpg\'
WHERE `peminjaman`.`id_peminjaman` IN (\'67\')')
 2 SYSTEMPATH\Database\BaseConnection.php(646): CodeIgniter\Database\BaseConnection->simpleQuery('UPDATE `peminjaman` SET `id_buku` = NULL, `tanggal_pinjam` = \'2026-04-24\', `tanggal_kembali` = \'2026-04-25\', `status` = \'dipinjam\', `id_anggota` = NULL, `id_petugas` = NULL, `foto` = \'1777128061_908bda2fe63749b515f9.jpg\'
WHERE `peminjaman`.`id_peminjaman` IN (\'67\')')
 3 SYSTEMPATH\Database\BaseBuilder.php(2521): CodeIgniter\Database\BaseConnection->query('UPDATE `peminjaman` SET `id_buku` = :id_buku:, `tanggal_pinjam` = :tanggal_pinjam:, `tanggal_kembali` = :tanggal_kembali:, `status` = :status:, `id_anggota` = :id_anggota:, `id_petugas` = :id_petugas:, `foto` = :foto:
WHERE `peminjaman`.`id_peminjaman` IN :peminjaman.id_peminjaman:', [...], false)
 4 SYSTEMPATH\Model.php(461): CodeIgniter\Database\BaseBuilder->update()
 5 SYSTEMPATH\BaseModel.php(1025): CodeIgniter\Model->doUpdate([...], [...])
 6 SYSTEMPATH\Model.php(860): CodeIgniter\BaseModel->update([...], [...])
 7 APPPATH\Controllers\peminjaman.php(118): CodeIgniter\Model->update('67', [...])
 8 SYSTEMPATH\CodeIgniter.php(933): App\Controllers\Peminjaman->update('67')
 9 SYSTEMPATH\CodeIgniter.php(507): CodeIgniter\CodeIgniter->runController(Object(App\Controllers\Peminjaman))
10 SYSTEMPATH\CodeIgniter.php(354): CodeIgniter\CodeIgniter->handleRequest(null, Object(Config\Cache), false)
11 SYSTEMPATH\Boot.php(363): CodeIgniter\CodeIgniter->run()
12 SYSTEMPATH\Boot.php(68): CodeIgniter\Boot::runCodeIgniter(Object(CodeIgniter\CodeIgniter))
13 FCPATH\index.php(59): CodeIgniter\Boot::bootWeb(Object(Config\Paths))
CRITICAL - 2026-04-25 14:41:01 --> [Caused by] mysqli_sql_exception: Unknown column 'foto' in 'field list'
in SYSTEMPATH\Database\MySQLi\Connection.php on line 327.
 1 SYSTEMPATH\Database\MySQLi\Connection.php(327): mysqli->query('UPDATE `peminjaman` SET `id_buku` = NULL, `tanggal_pinjam` = \'2026-04-24\', `tanggal_kembali` = \'2026-04-25\', `status` = \'dipinjam\', `id_anggota` = NULL, `id_petugas` = NULL, `foto` = \'1777128061_908bda2fe63749b515f9.jpg\'
WHERE `peminjaman`.`id_peminjaman` IN (\'67\')', 0)
 2 SYSTEMPATH\Database\BaseConnection.php(729): CodeIgniter\Database\MySQLi\Connection->execute('UPDATE `peminjaman` SET `id_buku` = NULL, `tanggal_pinjam` = \'2026-04-24\', `tanggal_kembali` = \'2026-04-25\', `status` = \'dipinjam\', `id_anggota` = NULL, `id_petugas` = NULL, `foto` = \'1777128061_908bda2fe63749b515f9.jpg\'
WHERE `peminjaman`.`id_peminjaman` IN (\'67\')')
 3 SYSTEMPATH\Database\BaseConnection.php(646): CodeIgniter\Database\BaseConnection->simpleQuery('UPDATE `peminjaman` SET `id_buku` = NULL, `tanggal_pinjam` = \'2026-04-24\', `tanggal_kembali` = \'2026-04-25\', `status` = \'dipinjam\', `id_anggota` = NULL, `id_petugas` = NULL, `foto` = \'1777128061_908bda2fe63749b515f9.jpg\'
WHERE `peminjaman`.`id_peminjaman` IN (\'67\')')
 4 SYSTEMPATH\Database\BaseBuilder.php(2521): CodeIgniter\Database\BaseConnection->query('UPDATE `peminjaman` SET `id_buku` = :id_buku:, `tanggal_pinjam` = :tanggal_pinjam:, `tanggal_kembali` = :tanggal_kembali:, `status` = :status:, `id_anggota` = :id_anggota:, `id_petugas` = :id_petugas:, `foto` = :foto:
WHERE `peminjaman`.`id_peminjaman` IN :peminjaman.id_peminjaman:', [...], false)
 5 SYSTEMPATH\Model.php(461): CodeIgniter\Database\BaseBuilder->update()
 6 SYSTEMPATH\BaseModel.php(1025): CodeIgniter\Model->doUpdate([...], [...])
 7 SYSTEMPATH\Model.php(860): CodeIgniter\BaseModel->update([...], [...])
 8 APPPATH\Controllers\peminjaman.php(118): CodeIgniter\Model->update('67', [...])
 9 SYSTEMPATH\CodeIgniter.php(933): App\Controllers\Peminjaman->update('67')
10 SYSTEMPATH\CodeIgniter.php(507): CodeIgniter\CodeIgniter->runController(Object(App\Controllers\Peminjaman))
11 SYSTEMPATH\CodeIgniter.php(354): CodeIgniter\CodeIgniter->handleRequest(null, Object(Config\Cache), false)
12 SYSTEMPATH\Boot.php(363): CodeIgniter\CodeIgniter->run()
13 SYSTEMPATH\Boot.php(68): CodeIgniter\Boot::runCodeIgniter(Object(CodeIgniter\CodeIgniter))
14 FCPATH\index.php(59): CodeIgniter\Boot::bootWeb(Object(Config\Paths))
WARNING - 2026-04-25 14:42:16 --> [DEPRECATED] Creation of dynamic property App\Controllers\Peminjaman::$db is deprecated in APPPATH\Controllers\peminjaman.php on line 17.
 1 SYSTEMPATH\CodeIgniter.php(903): App\Controllers\Peminjaman->__construct()
 2 SYSTEMPATH\CodeIgniter.php(498): CodeIgniter\CodeIgniter->createController()
 3 SYSTEMPATH\CodeIgniter.php(354): CodeIgniter\CodeIgniter->handleRequest(null, Object(Config\Cache), false)
 4 SYSTEMPATH\Boot.php(363): CodeIgniter\CodeIgniter->run()
 5 SYSTEMPATH\Boot.php(68): CodeIgniter\Boot::runCodeIgniter(Object(CodeIgniter\CodeIgniter))
 6 FCPATH\index.php(59): CodeIgniter\Boot::bootWeb(Object(Config\Paths))
ERROR - 2026-04-25 14:42:16 --> mysqli_sql_exception: Unknown column 'foto' in 'field list' in C:\xampp\htdocs\perpus\system\Database\MySQLi\Connection.php:327
Stack trace:
#0 C:\xampp\htdocs\perpus\system\Database\MySQLi\Connection.php(327): mysqli->query('UPDATE `peminja...', 0)
#1 C:\xampp\htdocs\perpus\system\Database\BaseConnection.php(729): CodeIgniter\Database\MySQLi\Connection->execute('UPDATE `peminja...')
#2 C:\xampp\htdocs\perpus\system\Database\BaseConnection.php(646): CodeIgniter\Database\BaseConnection->simpleQuery('UPDATE `peminja...')
#3 C:\xampp\htdocs\perpus\system\Database\BaseBuilder.php(2521): CodeIgniter\Database\BaseConnection->query('UPDATE `peminja...', Array, false)
#4 C:\xampp\htdocs\perpus\system\Model.php(461): CodeIgniter\Database\BaseBuilder->update()
#5 C:\xampp\htdocs\perpus\system\BaseModel.php(1025): CodeIgniter\Model->doUpdate(Array, Array)
#6 C:\xampp\htdocs\perpus\system\Model.php(860): CodeIgniter\BaseModel->update(Array, Array)
#7 C:\xampp\htdocs\perpus\app\Controllers\peminjaman.php(128): CodeIgniter\Model->update('67', Array)
#8 C:\xampp\htdocs\perpus\system\CodeIgniter.php(933): App\Controllers\Peminjaman->update('67')
#9 C:\xampp\htdocs\perpus\system\CodeIgniter.php(507): CodeIgniter\CodeIgniter->runController(Object(App\Controllers\Peminjaman))
#10 C:\xampp\htdocs\perpus\system\CodeIgniter.php(354): CodeIgniter\CodeIgniter->handleRequest(NULL, Object(Config\Cache), false)
#11 C:\xampp\htdocs\perpus\system\Boot.php(363): CodeIgniter\CodeIgniter->run()
#12 C:\xampp\htdocs\perpus\system\Boot.php(68): CodeIgniter\Boot::runCodeIgniter(Object(CodeIgniter\CodeIgniter))
#13 C:\xampp\htdocs\perpus\index.php(59): CodeIgniter\Boot::bootWeb(Object(Config\Paths))
#14 {main}
CRITICAL - 2026-04-25 14:42:16 --> CodeIgniter\Database\Exceptions\DatabaseException: Unknown column 'foto' in 'field list'
[Method: POST, Route: peminjaman/update/67]
in SYSTEMPATH\Database\BaseConnection.php on line 684.
 1 SYSTEMPATH\Database\BaseBuilder.php(2521): CodeIgniter\Database\BaseConnection->query('UPDATE `peminjaman` SET `id_buku` = :id_buku:, `tanggal_pinjam` = :tanggal_pinjam:, `tanggal_kembali` = :tanggal_kembali:, `status` = :status:, `id_anggota` = :id_anggota:, `id_petugas` = :id_petugas:, `foto` = :foto:
WHERE `peminjaman`.`id_peminjaman` IN :peminjaman.id_peminjaman:', [...], false)
 2 SYSTEMPATH\Model.php(461): CodeIgniter\Database\BaseBuilder->update()
 3 SYSTEMPATH\BaseModel.php(1025): CodeIgniter\Model->doUpdate([...], [...])
 4 SYSTEMPATH\Model.php(860): CodeIgniter\BaseModel->update([...], [...])
 5 APPPATH\Controllers\peminjaman.php(128): CodeIgniter\Model->update('67', [...])
 6 SYSTEMPATH\CodeIgniter.php(933): App\Controllers\Peminjaman->update('67')
 7 SYSTEMPATH\CodeIgniter.php(507): CodeIgniter\CodeIgniter->runController(Object(App\Controllers\Peminjaman))
 8 SYSTEMPATH\CodeIgniter.php(354): CodeIgniter\CodeIgniter->handleRequest(null, Object(Config\Cache), false)
 9 SYSTEMPATH\Boot.php(363): CodeIgniter\CodeIgniter->run()
10 SYSTEMPATH\Boot.php(68): CodeIgniter\Boot::runCodeIgniter(Object(CodeIgniter\CodeIgniter))
11 FCPATH\index.php(59): CodeIgniter\Boot::bootWeb(Object(Config\Paths))
CRITICAL - 2026-04-25 14:42:16 --> [Caused by] CodeIgniter\Database\Exceptions\DatabaseException: Unknown column 'foto' in 'field list'
in SYSTEMPATH\Database\MySQLi\Connection.php on line 332.
 1 SYSTEMPATH\Database\BaseConnection.php(729): CodeIgniter\Database\MySQLi\Connection->execute('UPDATE `peminjaman` SET `id_buku` = NULL, `tanggal_pinjam` = \'2026-04-24\', `tanggal_kembali` = \'2026-04-25\', `status` = \'dipinjam\', `id_anggota` = NULL, `id_petugas` = NULL, `foto` = \'1777128136_551e17cca527dec1ab7d.jpg\'
WHERE `peminjaman`.`id_peminjaman` IN (\'67\')')
 2 SYSTEMPATH\Database\BaseConnection.php(646): CodeIgniter\Database\BaseConnection->simpleQuery('UPDATE `peminjaman` SET `id_buku` = NULL, `tanggal_pinjam` = \'2026-04-24\', `tanggal_kembali` = \'2026-04-25\', `status` = \'dipinjam\', `id_anggota` = NULL, `id_petugas` = NULL, `foto` = \'1777128136_551e17cca527dec1ab7d.jpg\'
WHERE `peminjaman`.`id_peminjaman` IN (\'67\')')
 3 SYSTEMPATH\Database\BaseBuilder.php(2521): CodeIgniter\Database\BaseConnection->query('UPDATE `peminjaman` SET `id_buku` = :id_buku:, `tanggal_pinjam` = :tanggal_pinjam:, `tanggal_kembali` = :tanggal_kembali:, `status` = :status:, `id_anggota` = :id_anggota:, `id_petugas` = :id_petugas:, `foto` = :foto:
WHERE `peminjaman`.`id_peminjaman` IN :peminjaman.id_peminjaman:', [...], false)
 4 SYSTEMPATH\Model.php(461): CodeIgniter\Database\BaseBuilder->update()
 5 SYSTEMPATH\BaseModel.php(1025): CodeIgniter\Model->doUpdate([...], [...])
 6 SYSTEMPATH\Model.php(860): CodeIgniter\BaseModel->update([...], [...])
 7 APPPATH\Controllers\peminjaman.php(128): CodeIgniter\Model->update('67', [...])
 8 SYSTEMPATH\CodeIgniter.php(933): App\Controllers\Peminjaman->update('67')
 9 SYSTEMPATH\CodeIgniter.php(507): CodeIgniter\CodeIgniter->runController(Object(App\Controllers\Peminjaman))
10 SYSTEMPATH\CodeIgniter.php(354): CodeIgniter\CodeIgniter->handleRequest(null, Object(Config\Cache), false)
11 SYSTEMPATH\Boot.php(363): CodeIgniter\CodeIgniter->run()
12 SYSTEMPATH\Boot.php(68): CodeIgniter\Boot::runCodeIgniter(Object(CodeIgniter\CodeIgniter))
13 FCPATH\index.php(59): CodeIgniter\Boot::bootWeb(Object(Config\Paths))
CRITICAL - 2026-04-25 14:42:16 --> [Caused by] mysqli_sql_exception: Unknown column 'foto' in 'field list'
in SYSTEMPATH\Database\MySQLi\Connection.php on line 327.
 1 SYSTEMPATH\Database\MySQLi\Connection.php(327): mysqli->query('UPDATE `peminjaman` SET `id_buku` = NULL, `tanggal_pinjam` = \'2026-04-24\', `tanggal_kembali` = \'2026-04-25\', `status` = \'dipinjam\', `id_anggota` = NULL, `id_petugas` = NULL, `foto` = \'1777128136_551e17cca527dec1ab7d.jpg\'
WHERE `peminjaman`.`id_peminjaman` IN (\'67\')', 0)
 2 SYSTEMPATH\Database\BaseConnection.php(729): CodeIgniter\Database\MySQLi\Connection->execute('UPDATE `peminjaman` SET `id_buku` = NULL, `tanggal_pinjam` = \'2026-04-24\', `tanggal_kembali` = \'2026-04-25\', `status` = \'dipinjam\', `id_anggota` = NULL, `id_petugas` = NULL, `foto` = \'1777128136_551e17cca527dec1ab7d.jpg\'
WHERE `peminjaman`.`id_peminjaman` IN (\'67\')')
 3 SYSTEMPATH\Database\BaseConnection.php(646): CodeIgniter\Database\BaseConnection->simpleQuery('UPDATE `peminjaman` SET `id_buku` = NULL, `tanggal_pinjam` = \'2026-04-24\', `tanggal_kembali` = \'2026-04-25\', `status` = \'dipinjam\', `id_anggota` = NULL, `id_petugas` = NULL, `foto` = \'1777128136_551e17cca527dec1ab7d.jpg\'
WHERE `peminjaman`.`id_peminjaman` IN (\'67\')')
 4 SYSTEMPATH\Database\BaseBuilder.php(2521): CodeIgniter\Database\BaseConnection->query('UPDATE `peminjaman` SET `id_buku` = :id_buku:, `tanggal_pinjam` = :tanggal_pinjam:, `tanggal_kembali` = :tanggal_kembali:, `status` = :status:, `id_anggota` = :id_anggota:, `id_petugas` = :id_petugas:, `foto` = :foto:
WHERE `peminjaman`.`id_peminjaman` IN :peminjaman.id_peminjaman:', [...], false)
 5 SYSTEMPATH\Model.php(461): CodeIgniter\Database\BaseBuilder->update()
 6 SYSTEMPATH\BaseModel.php(1025): CodeIgniter\Model->doUpdate([...], [...])
 7 SYSTEMPATH\Model.php(860): CodeIgniter\BaseModel->update([...], [...])
 8 APPPATH\Controllers\peminjaman.php(128): CodeIgniter\Model->update('67', [...])
 9 SYSTEMPATH\CodeIgniter.php(933): App\Controllers\Peminjaman->update('67')
10 SYSTEMPATH\CodeIgniter.php(507): CodeIgniter\CodeIgniter->runController(Object(App\Controllers\Peminjaman))
11 SYSTEMPATH\CodeIgniter.php(354): CodeIgniter\CodeIgniter->handleRequest(null, Object(Config\Cache), false)
12 SYSTEMPATH\Boot.php(363): CodeIgniter\CodeIgniter->run()
13 SYSTEMPATH\Boot.php(68): CodeIgniter\Boot::runCodeIgniter(Object(CodeIgniter\CodeIgniter))
14 FCPATH\index.php(59): CodeIgniter\Boot::bootWeb(Object(Config\Paths))
CRITICAL - 2026-04-25 14:43:59 --> ParseError: syntax error, unexpected variable "$this", expecting "function" or "const"
[Method: POST, Route: peminjaman/update/67]
in APPPATH\Controllers\peminjaman.php on line 65.
 1 SYSTEMPATH\Autoloader\Autoloader.php(295): CodeIgniter\Autoloader\Autoloader->includeFile('C:\\xampp\\htdocs\\perpus\\app\\Controllers\\Peminjaman.php')
 2 SYSTEMPATH\Autoloader\Autoloader.php(271): CodeIgniter\Autoloader\Autoloader->loadInNamespace('App\\Controllers\\Peminjaman')
 3 [internal function]: CodeIgniter\Autoloader\Autoloader->loadClass('App\\Controllers\\Peminjaman')
 4 SYSTEMPATH\CodeIgniter.php(885): class_exists('\\App\\Controllers\\Peminjaman', true)
 5 SYSTEMPATH\CodeIgniter.php(494): CodeIgniter\CodeIgniter->startController()
 6 SYSTEMPATH\CodeIgniter.php(354): CodeIgniter\CodeIgniter->handleRequest(null, Object(Config\Cache), false)
 7 SYSTEMPATH\Boot.php(363): CodeIgniter\CodeIgniter->run()
 8 SYSTEMPATH\Boot.php(68): CodeIgniter\Boot::runCodeIgniter(Object(CodeIgniter\CodeIgniter))
 9 FCPATH\index.php(59): CodeIgniter\Boot::bootWeb(Object(Config\Paths))
CRITICAL - 2026-04-25 14:45:22 --> ParseError: syntax error, unexpected variable "$this", expecting "function" or "const"
[Method: GET, Route: peminjaman/edit/67]
in APPPATH\Controllers\peminjaman.php on line 65.
 1 SYSTEMPATH\Autoloader\Autoloader.php(295): CodeIgniter\Autoloader\Autoloader->includeFile('C:\\xampp\\htdocs\\perpus\\app\\Controllers\\Peminjaman.php')
 2 SYSTEMPATH\Autoloader\Autoloader.php(271): CodeIgniter\Autoloader\Autoloader->loadInNamespace('App\\Controllers\\Peminjaman')
 3 [internal function]: CodeIgniter\Autoloader\Autoloader->loadClass('App\\Controllers\\Peminjaman')
 4 SYSTEMPATH\CodeIgniter.php(885): class_exists('\\App\\Controllers\\Peminjaman', true)
 5 SYSTEMPATH\CodeIgniter.php(494): CodeIgniter\CodeIgniter->startController()
 6 SYSTEMPATH\CodeIgniter.php(354): CodeIgniter\CodeIgniter->handleRequest(null, Object(Config\Cache), false)
 7 SYSTEMPATH\Boot.php(363): CodeIgniter\CodeIgniter->run()
 8 SYSTEMPATH\Boot.php(68): CodeIgniter\Boot::runCodeIgniter(Object(CodeIgniter\CodeIgniter))
 9 FCPATH\index.php(59): CodeIgniter\Boot::bootWeb(Object(Config\Paths))
CRITICAL - 2026-04-25 14:45:23 --> ParseError: syntax error, unexpected variable "$this", expecting "function" or "const"
[Method: GET, Route: peminjaman]
in APPPATH\Controllers\peminjaman.php on line 65.
 1 SYSTEMPATH\Autoloader\Autoloader.php(295): CodeIgniter\Autoloader\Autoloader->includeFile('C:\\xampp\\htdocs\\perpus\\app\\Controllers\\Peminjaman.php')
 2 SYSTEMPATH\Autoloader\Autoloader.php(271): CodeIgniter\Autoloader\Autoloader->loadInNamespace('App\\Controllers\\Peminjaman')
 3 [internal function]: CodeIgniter\Autoloader\Autoloader->loadClass('App\\Controllers\\Peminjaman')
 4 SYSTEMPATH\CodeIgniter.php(885): class_exists('\\App\\Controllers\\Peminjaman', true)
 5 SYSTEMPATH\CodeIgniter.php(494): CodeIgniter\CodeIgniter->startController()
 6 SYSTEMPATH\CodeIgniter.php(354): CodeIgniter\CodeIgniter->handleRequest(null, Object(Config\Cache), false)
 7 SYSTEMPATH\Boot.php(363): CodeIgniter\CodeIgniter->run()
 8 SYSTEMPATH\Boot.php(68): CodeIgniter\Boot::runCodeIgniter(Object(CodeIgniter\CodeIgniter))
 9 FCPATH\index.php(59): CodeIgniter\Boot::bootWeb(Object(Config\Paths))
DEBUG - 2026-04-25 14:45:24 --> Session: Class initialized using 'CodeIgniter\Session\Handlers\FileHandler' driver.
CRITICAL - 2026-04-25 14:45:28 --> ParseError: syntax error, unexpected variable "$this", expecting "function" or "const"
[Method: GET, Route: peminjaman]
in APPPATH\Controllers\peminjaman.php on line 65.
 1 SYSTEMPATH\Autoloader\Autoloader.php(295): CodeIgniter\Autoloader\Autoloader->includeFile('C:\\xampp\\htdocs\\perpus\\app\\Controllers\\Peminjaman.php')
 2 SYSTEMPATH\Autoloader\Autoloader.php(271): CodeIgniter\Autoloader\Autoloader->loadInNamespace('App\\Controllers\\Peminjaman')
 3 [internal function]: CodeIgniter\Autoloader\Autoloader->loadClass('App\\Controllers\\Peminjaman')
 4 SYSTEMPATH\CodeIgniter.php(885): class_exists('\\App\\Controllers\\Peminjaman', true)
 5 SYSTEMPATH\CodeIgniter.php(494): CodeIgniter\CodeIgniter->startController()
 6 SYSTEMPATH\CodeIgniter.php(354): CodeIgniter\CodeIgniter->handleRequest(null, Object(Config\Cache), false)
 7 SYSTEMPATH\Boot.php(363): CodeIgniter\CodeIgniter->run()
 8 SYSTEMPATH\Boot.php(68): CodeIgniter\Boot::runCodeIgniter(Object(CodeIgniter\CodeIgniter))
 9 FCPATH\index.php(59): CodeIgniter\Boot::bootWeb(Object(Config\Paths))
WARNING - 2026-04-25 14:46:16 --> [DEPRECATED] Creation of dynamic property App\Controllers\Peminjaman::$db is deprecated in APPPATH\Controllers\peminjaman.php on line 17.
 1 SYSTEMPATH\CodeIgniter.php(903): App\Controllers\Peminjaman->__construct()
 2 SYSTEMPATH\CodeIgniter.php(498): CodeIgniter\CodeIgniter->createController()
 3 SYSTEMPATH\CodeIgniter.php(354): CodeIgniter\CodeIgniter->handleRequest(null, Object(Config\Cache), false)
 4 SYSTEMPATH\Boot.php(363): CodeIgniter\CodeIgniter->run()
 5 SYSTEMPATH\Boot.php(68): CodeIgniter\Boot::runCodeIgniter(Object(CodeIgniter\CodeIgniter))
 6 FCPATH\index.php(59): CodeIgniter\Boot::bootWeb(Object(Config\Paths))
DEBUG - 2026-04-25 14:46:16 --> Session: Class initialized using 'CodeIgniter\Session\Handlers\FileHandler' driver.
WARNING - 2026-04-25 14:46:19 --> [DEPRECATED] Creation of dynamic property App\Controllers\Peminjaman::$db is deprecated in APPPATH\Controllers\peminjaman.php on line 17.
 1 SYSTEMPATH\CodeIgniter.php(903): App\Controllers\Peminjaman->__construct()
 2 SYSTEMPATH\CodeIgniter.php(498): CodeIgniter\CodeIgniter->createController()
 3 SYSTEMPATH\CodeIgniter.php(354): CodeIgniter\CodeIgniter->handleRequest(null, Object(Config\Cache), false)
 4 SYSTEMPATH\Boot.php(363): CodeIgniter\CodeIgniter->run()
 5 SYSTEMPATH\Boot.php(68): CodeIgniter\Boot::runCodeIgniter(Object(CodeIgniter\CodeIgniter))
 6 FCPATH\index.php(59): CodeIgniter\Boot::bootWeb(Object(Config\Paths))
DEBUG - 2026-04-25 14:46:19 --> Session: Class initialized using 'CodeIgniter\Session\Handlers\FileHandler' driver.
WARNING - 2026-04-25 14:48:36 --> [DEPRECATED] Creation of dynamic property App\Controllers\Peminjaman::$db is deprecated in APPPATH\Controllers\peminjaman.php on line 17.
 1 SYSTEMPATH\CodeIgniter.php(903): App\Controllers\Peminjaman->__construct()
 2 SYSTEMPATH\CodeIgniter.php(498): CodeIgniter\CodeIgniter->createController()
 3 SYSTEMPATH\CodeIgniter.php(354): CodeIgniter\CodeIgniter->handleRequest(null, Object(Config\Cache), false)
 4 SYSTEMPATH\Boot.php(363): CodeIgniter\CodeIgniter->run()
 5 SYSTEMPATH\Boot.php(68): CodeIgniter\Boot::runCodeIgniter(Object(CodeIgniter\CodeIgniter))
 6 FCPATH\index.php(59): CodeIgniter\Boot::bootWeb(Object(Config\Paths))
DEBUG - 2026-04-25 14:48:36 --> Session: Class initialized using 'CodeIgniter\Session\Handlers\FileHandler' driver.
WARNING - 2026-04-25 14:48:39 --> [DEPRECATED] Creation of dynamic property App\Controllers\Peminjaman::$db is deprecated in APPPATH\Controllers\peminjaman.php on line 17.
 1 SYSTEMPATH\CodeIgniter.php(903): App\Controllers\Peminjaman->__construct()
 2 SYSTEMPATH\CodeIgniter.php(498): CodeIgniter\CodeIgniter->createController()
 3 SYSTEMPATH\CodeIgniter.php(354): CodeIgniter\CodeIgniter->handleRequest(null, Object(Config\Cache), false)
 4 SYSTEMPATH\Boot.php(363): CodeIgniter\CodeIgniter->run()
 5 SYSTEMPATH\Boot.php(68): CodeIgniter\Boot::runCodeIgniter(Object(CodeIgniter\CodeIgniter))
 6 FCPATH\index.php(59): CodeIgniter\Boot::bootWeb(Object(Config\Paths))
DEBUG - 2026-04-25 14:48:39 --> Session: Class initialized using 'CodeIgniter\Session\Handlers\FileHandler' driver.
WARNING - 2026-04-25 14:49:32 --> [DEPRECATED] Creation of dynamic property App\Controllers\Peminjaman::$db is deprecated in APPPATH\Controllers\peminjaman.php on line 17.
 1 SYSTEMPATH\CodeIgniter.php(903): App\Controllers\Peminjaman->__construct()
 2 SYSTEMPATH\CodeIgniter.php(498): CodeIgniter\CodeIgniter->createController()
 3 SYSTEMPATH\CodeIgniter.php(354): CodeIgniter\CodeIgniter->handleRequest(null, Object(Config\Cache), false)
 4 SYSTEMPATH\Boot.php(363): CodeIgniter\CodeIgniter->run()
 5 SYSTEMPATH\Boot.php(68): CodeIgniter\Boot::runCodeIgniter(Object(CodeIgniter\CodeIgniter))
 6 FCPATH\index.php(59): CodeIgniter\Boot::bootWeb(Object(Config\Paths))
DEBUG - 2026-04-25 14:49:33 --> Session: Class initialized using 'CodeIgniter\Session\Handlers\FileHandler' driver.
WARNING - 2026-04-25 14:50:39 --> [DEPRECATED] Creation of dynamic property App\Controllers\Peminjaman::$db is deprecated in APPPATH\Controllers\peminjaman.php on line 17.
 1 SYSTEMPATH\CodeIgniter.php(903): App\Controllers\Peminjaman->__construct()
 2 SYSTEMPATH\CodeIgniter.php(498): CodeIgniter\CodeIgniter->createController()
 3 SYSTEMPATH\CodeIgniter.php(354): CodeIgniter\CodeIgniter->handleRequest(null, Object(Config\Cache), false)
 4 SYSTEMPATH\Boot.php(363): CodeIgniter\CodeIgniter->run()
 5 SYSTEMPATH\Boot.php(68): CodeIgniter\Boot::runCodeIgniter(Object(CodeIgniter\CodeIgniter))
 6 FCPATH\index.php(59): CodeIgniter\Boot::bootWeb(Object(Config\Paths))
DEBUG - 2026-04-25 14:50:39 --> Session: Class initialized using 'CodeIgniter\Session\Handlers\FileHandler' driver.
WARNING - 2026-04-25 14:50:39 --> [DEPRECATED] Creation of dynamic property App\Controllers\Peminjaman::$db is deprecated in APPPATH\Controllers\peminjaman.php on line 17.
 1 SYSTEMPATH\CodeIgniter.php(903): App\Controllers\Peminjaman->__construct()
 2 SYSTEMPATH\CodeIgniter.php(498): CodeIgniter\CodeIgniter->createController()
 3 SYSTEMPATH\CodeIgniter.php(354): CodeIgniter\CodeIgniter->handleRequest(null, Object(Config\Cache), false)
 4 SYSTEMPATH\Boot.php(363): CodeIgniter\CodeIgniter->run()
 5 SYSTEMPATH\Boot.php(68): CodeIgniter\Boot::runCodeIgniter(Object(CodeIgniter\CodeIgniter))
 6 FCPATH\index.php(59): CodeIgniter\Boot::bootWeb(Object(Config\Paths))
DEBUG - 2026-04-25 14:50:39 --> Session: Class initialized using 'CodeIgniter\Session\Handlers\FileHandler' driver.
WARNING - 2026-04-25 14:50:43 --> [DEPRECATED] Creation of dynamic property App\Controllers\Peminjaman::$db is deprecated in APPPATH\Controllers\peminjaman.php on line 17.
 1 SYSTEMPATH\CodeIgniter.php(903): App\Controllers\Peminjaman->__construct()
 2 SYSTEMPATH\CodeIgniter.php(498): CodeIgniter\CodeIgniter->createController()
 3 SYSTEMPATH\CodeIgniter.php(354): CodeIgniter\CodeIgniter->handleRequest(null, Object(Config\Cache), false)
 4 SYSTEMPATH\Boot.php(363): CodeIgniter\CodeIgniter->run()
 5 SYSTEMPATH\Boot.php(68): CodeIgniter\Boot::runCodeIgniter(Object(CodeIgniter\CodeIgniter))
 6 FCPATH\index.php(59): CodeIgniter\Boot::bootWeb(Object(Config\Paths))
DEBUG - 2026-04-25 14:50:43 --> Session: Class initialized using 'CodeIgniter\Session\Handlers\FileHandler' driver.
WARNING - 2026-04-25 14:50:43 --> [DEPRECATED] Creation of dynamic property App\Controllers\Peminjaman::$db is deprecated in APPPATH\Controllers\peminjaman.php on line 17.
 1 SYSTEMPATH\CodeIgniter.php(903): App\Controllers\Peminjaman->__construct()
 2 SYSTEMPATH\CodeIgniter.php(498): CodeIgniter\CodeIgniter->createController()
 3 SYSTEMPATH\CodeIgniter.php(354): CodeIgniter\CodeIgniter->handleRequest(null, Object(Config\Cache), false)
 4 SYSTEMPATH\Boot.php(363): CodeIgniter\CodeIgniter->run()
 5 SYSTEMPATH\Boot.php(68): CodeIgniter\Boot::runCodeIgniter(Object(CodeIgniter\CodeIgniter))
 6 FCPATH\index.php(59): CodeIgniter\Boot::bootWeb(Object(Config\Paths))
DEBUG - 2026-04-25 14:50:43 --> Session: Class initialized using 'CodeIgniter\Session\Handlers\FileHandler' driver.
WARNING - 2026-04-25 14:50:47 --> [DEPRECATED] Creation of dynamic property App\Controllers\Peminjaman::$db is deprecated in APPPATH\Controllers\peminjaman.php on line 17.
 1 SYSTEMPATH\CodeIgniter.php(903): App\Controllers\Peminjaman->__construct()
 2 SYSTEMPATH\CodeIgniter.php(498): CodeIgniter\CodeIgniter->createController()
 3 SYSTEMPATH\CodeIgniter.php(354): CodeIgniter\CodeIgniter->handleRequest(null, Object(Config\Cache), false)
 4 SYSTEMPATH\Boot.php(363): CodeIgniter\CodeIgniter->run()
 5 SYSTEMPATH\Boot.php(68): CodeIgniter\Boot::runCodeIgniter(Object(CodeIgniter\CodeIgniter))
 6 FCPATH\index.php(59): CodeIgniter\Boot::bootWeb(Object(Config\Paths))
DEBUG - 2026-04-25 14:50:47 --> Session: Class initialized using 'CodeIgniter\Session\Handlers\FileHandler' driver.
WARNING - 2026-04-25 14:51:36 --> [DEPRECATED] Creation of dynamic property App\Controllers\Peminjaman::$db is deprecated in APPPATH\Controllers\peminjaman.php on line 17.
 1 SYSTEMPATH\CodeIgniter.php(903): App\Controllers\Peminjaman->__construct()
 2 SYSTEMPATH\CodeIgniter.php(498): CodeIgniter\CodeIgniter->createController()
 3 SYSTEMPATH\CodeIgniter.php(354): CodeIgniter\CodeIgniter->handleRequest(null, Object(Config\Cache), false)
 4 SYSTEMPATH\Boot.php(363): CodeIgniter\CodeIgniter->run()
 5 SYSTEMPATH\Boot.php(68): CodeIgniter\Boot::runCodeIgniter(Object(CodeIgniter\CodeIgniter))
 6 FCPATH\index.php(59): CodeIgniter\Boot::bootWeb(Object(Config\Paths))
DEBUG - 2026-04-25 14:51:37 --> Session: Class initialized using 'CodeIgniter\Session\Handlers\FileHandler' driver.
WARNING - 2026-04-25 14:52:40 --> [DEPRECATED] Creation of dynamic property App\Controllers\Peminjaman::$db is deprecated in APPPATH\Controllers\peminjaman.php on line 17.
 1 SYSTEMPATH\CodeIgniter.php(903): App\Controllers\Peminjaman->__construct()
 2 SYSTEMPATH\CodeIgniter.php(498): CodeIgniter\CodeIgniter->createController()
 3 SYSTEMPATH\CodeIgniter.php(354): CodeIgniter\CodeIgniter->handleRequest(null, Object(Config\Cache), false)
 4 SYSTEMPATH\Boot.php(363): CodeIgniter\CodeIgniter->run()
 5 SYSTEMPATH\Boot.php(68): CodeIgniter\Boot::runCodeIgniter(Object(CodeIgniter\CodeIgniter))
 6 FCPATH\index.php(59): CodeIgniter\Boot::bootWeb(Object(Config\Paths))
DEBUG - 2026-04-25 14:52:40 --> Session: Class initialized using 'CodeIgniter\Session\Handlers\FileHandler' driver.
WARNING - 2026-04-25 14:54:50 --> [DEPRECATED] Creation of dynamic property App\Controllers\Peminjaman::$db is deprecated in APPPATH\Controllers\peminjaman.php on line 17.
 1 SYSTEMPATH\CodeIgniter.php(903): App\Controllers\Peminjaman->__construct()
 2 SYSTEMPATH\CodeIgniter.php(498): CodeIgniter\CodeIgniter->createController()
 3 SYSTEMPATH\CodeIgniter.php(354): CodeIgniter\CodeIgniter->handleRequest(null, Object(Config\Cache), false)
 4 SYSTEMPATH\Boot.php(363): CodeIgniter\CodeIgniter->run()
 5 SYSTEMPATH\Boot.php(68): CodeIgniter\Boot::runCodeIgniter(Object(CodeIgniter\CodeIgniter))
 6 FCPATH\index.php(59): CodeIgniter\Boot::bootWeb(Object(Config\Paths))
CRITICAL - 2026-04-25 14:54:50 --> ErrorException: Undefined array key "nama_user"
[Method: GET, Route: peminjaman/create]
in APPPATH\Views\peminjaman\create.php on line 18.
 1 APPPATH\Views\peminjaman\create.php(18): CodeIgniter\Debug\Exceptions->errorHandler(2, 'Undefined array key "nama_user"', 'C:\\xampp\\htdocs\\perpus\\app\\Views\\peminjaman\\create.php', 18)
 2 SYSTEMPATH\View\View.php(226): include('C:\\xampp\\htdocs\\perpus\\app\\Views\\peminjaman\\create.php')
 3 SYSTEMPATH\View\View.php(229): CodeIgniter\View\View->CodeIgniter\View\{closure}()
 4 SYSTEMPATH\Common.php(1167): CodeIgniter\View\View->render('peminjaman/create', [], true)
 5 APPPATH\Controllers\peminjaman.php(54): view('peminjaman/create', [...])
 6 SYSTEMPATH\CodeIgniter.php(933): App\Controllers\Peminjaman->create()
 7 SYSTEMPATH\CodeIgniter.php(507): CodeIgniter\CodeIgniter->runController(Object(App\Controllers\Peminjaman))
 8 SYSTEMPATH\CodeIgniter.php(354): CodeIgniter\CodeIgniter->handleRequest(null, Object(Config\Cache), false)
 9 SYSTEMPATH\Boot.php(363): CodeIgniter\CodeIgniter->run()
10 SYSTEMPATH\Boot.php(68): CodeIgniter\Boot::runCodeIgniter(Object(CodeIgniter\CodeIgniter))
11 FCPATH\index.php(59): CodeIgniter\Boot::bootWeb(Object(Config\Paths))
WARNING - 2026-04-25 14:55:03 --> [DEPRECATED] Creation of dynamic property App\Controllers\Peminjaman::$db is deprecated in APPPATH\Controllers\peminjaman.php on line 17.
 1 SYSTEMPATH\CodeIgniter.php(903): App\Controllers\Peminjaman->__construct()
 2 SYSTEMPATH\CodeIgniter.php(498): CodeIgniter\CodeIgniter->createController()
 3 SYSTEMPATH\CodeIgniter.php(354): CodeIgniter\CodeIgniter->handleRequest(null, Object(Config\Cache), false)
 4 SYSTEMPATH\Boot.php(363): CodeIgniter\CodeIgniter->run()
 5 SYSTEMPATH\Boot.php(68): CodeIgniter\Boot::runCodeIgniter(Object(CodeIgniter\CodeIgniter))
 6 FCPATH\index.php(59): CodeIgniter\Boot::bootWeb(Object(Config\Paths))
DEBUG - 2026-04-25 14:55:03 --> Session: Class initialized using 'CodeIgniter\Session\Handlers\FileHandler' driver.
WARNING - 2026-04-25 14:55:10 --> [DEPRECATED] Creation of dynamic property App\Controllers\Peminjaman::$db is deprecated in APPPATH\Controllers\peminjaman.php on line 17.
 1 SYSTEMPATH\CodeIgniter.php(903): App\Controllers\Peminjaman->__construct()
 2 SYSTEMPATH\CodeIgniter.php(498): CodeIgniter\CodeIgniter->createController()
 3 SYSTEMPATH\CodeIgniter.php(354): CodeIgniter\CodeIgniter->handleRequest(null, Object(Config\Cache), false)
 4 SYSTEMPATH\Boot.php(363): CodeIgniter\CodeIgniter->run()
 5 SYSTEMPATH\Boot.php(68): CodeIgniter\Boot::runCodeIgniter(Object(CodeIgniter\CodeIgniter))
 6 FCPATH\index.php(59): CodeIgniter\Boot::bootWeb(Object(Config\Paths))
CRITICAL - 2026-04-25 14:55:11 --> ErrorException: Undefined array key "judul_buku"
[Method: GET, Route: peminjaman]
in APPPATH\Views\peminjaman\index.php on line 29.
 1 APPPATH\Views\peminjaman\index.php(29): CodeIgniter\Debug\Exceptions->errorHandler(2, 'Undefined array key "judul_buku"', 'C:\\xampp\\htdocs\\perpus\\app\\Views\\peminjaman\\index.php', 29)
 2 SYSTEMPATH\View\View.php(226): include('C:\\xampp\\htdocs\\perpus\\app\\Views\\peminjaman\\index.php')
 3 SYSTEMPATH\View\View.php(229): CodeIgniter\View\View->CodeIgniter\View\{closure}()
 4 SYSTEMPATH\Common.php(1167): CodeIgniter\View\View->render('peminjaman/index', [], true)
 5 APPPATH\Controllers\peminjaman.php(39): view('peminjaman/index', [...])
 6 SYSTEMPATH\CodeIgniter.php(933): App\Controllers\Peminjaman->index()
 7 SYSTEMPATH\CodeIgniter.php(507): CodeIgniter\CodeIgniter->runController(Object(App\Controllers\Peminjaman))
 8 SYSTEMPATH\CodeIgniter.php(354): CodeIgniter\CodeIgniter->handleRequest(null, Object(Config\Cache), false)
 9 SYSTEMPATH\Boot.php(363): CodeIgniter\CodeIgniter->run()
10 SYSTEMPATH\Boot.php(68): CodeIgniter\Boot::runCodeIgniter(Object(CodeIgniter\CodeIgniter))
11 FCPATH\index.php(59): CodeIgniter\Boot::bootWeb(Object(Config\Paths))
WARNING - 2026-04-25 14:55:26 --> [DEPRECATED] Creation of dynamic property App\Controllers\Peminjaman::$db is deprecated in APPPATH\Controllers\peminjaman.php on line 17.
 1 SYSTEMPATH\CodeIgniter.php(903): App\Controllers\Peminjaman->__construct()
 2 SYSTEMPATH\CodeIgniter.php(498): CodeIgniter\CodeIgniter->createController()
 3 SYSTEMPATH\CodeIgniter.php(354): CodeIgniter\CodeIgniter->handleRequest(null, Object(Config\Cache), false)
 4 SYSTEMPATH\Boot.php(363): CodeIgniter\CodeIgniter->run()
 5 SYSTEMPATH\Boot.php(68): CodeIgniter\Boot::runCodeIgniter(Object(CodeIgniter\CodeIgniter))
 6 FCPATH\index.php(59): CodeIgniter\Boot::bootWeb(Object(Config\Paths))
DEBUG - 2026-04-25 14:55:26 --> Session: Class initialized using 'CodeIgniter\Session\Handlers\FileHandler' driver.
WARNING - 2026-04-25 14:55:29 --> [DEPRECATED] Creation of dynamic property App\Controllers\Peminjaman::$db is deprecated in APPPATH\Controllers\peminjaman.php on line 17.
 1 SYSTEMPATH\CodeIgniter.php(903): App\Controllers\Peminjaman->__construct()
 2 SYSTEMPATH\CodeIgniter.php(498): CodeIgniter\CodeIgniter->createController()
 3 SYSTEMPATH\CodeIgniter.php(354): CodeIgniter\CodeIgniter->handleRequest(null, Object(Config\Cache), false)
 4 SYSTEMPATH\Boot.php(363): CodeIgniter\CodeIgniter->run()
 5 SYSTEMPATH\Boot.php(68): CodeIgniter\Boot::runCodeIgniter(Object(CodeIgniter\CodeIgniter))
 6 FCPATH\index.php(59): CodeIgniter\Boot::bootWeb(Object(Config\Paths))
DEBUG - 2026-04-25 14:55:29 --> Session: Class initialized using 'CodeIgniter\Session\Handlers\FileHandler' driver.
WARNING - 2026-04-25 14:56:36 --> [DEPRECATED] Creation of dynamic property App\Controllers\Peminjaman::$db is deprecated in APPPATH\Controllers\peminjaman.php on line 17.
 1 SYSTEMPATH\CodeIgniter.php(903): App\Controllers\Peminjaman->__construct()
 2 SYSTEMPATH\CodeIgniter.php(498): CodeIgniter\CodeIgniter->createController()
 3 SYSTEMPATH\CodeIgniter.php(354): CodeIgniter\CodeIgniter->handleRequest(null, Object(Config\Cache), false)
 4 SYSTEMPATH\Boot.php(363): CodeIgniter\CodeIgniter->run()
 5 SYSTEMPATH\Boot.php(68): CodeIgniter\Boot::runCodeIgniter(Object(CodeIgniter\CodeIgniter))
 6 FCPATH\index.php(59): CodeIgniter\Boot::bootWeb(Object(Config\Paths))
DEBUG - 2026-04-25 14:56:36 --> Session: Class initialized using 'CodeIgniter\Session\Handlers\FileHandler' driver.
WARNING - 2026-04-25 14:56:53 --> [DEPRECATED] Creation of dynamic property App\Controllers\Peminjaman::$db is deprecated in APPPATH\Controllers\peminjaman.php on line 17.
 1 SYSTEMPATH\CodeIgniter.php(903): App\Controllers\Peminjaman->__construct()
 2 SYSTEMPATH\CodeIgniter.php(498): CodeIgniter\CodeIgniter->createController()
 3 SYSTEMPATH\CodeIgniter.php(354): CodeIgniter\CodeIgniter->handleRequest(null, Object(Config\Cache), false)
 4 SYSTEMPATH\Boot.php(363): CodeIgniter\CodeIgniter->run()
 5 SYSTEMPATH\Boot.php(68): CodeIgniter\Boot::runCodeIgniter(Object(CodeIgniter\CodeIgniter))
 6 FCPATH\index.php(59): CodeIgniter\Boot::bootWeb(Object(Config\Paths))
ERROR - 2026-04-25 14:56:53 --> mysqli_sql_exception: Operand should contain 1 column(s) in C:\xampp\htdocs\perpus\system\Database\MySQLi\Connection.php:327
Stack trace:
#0 C:\xampp\htdocs\perpus\system\Database\MySQLi\Connection.php(327): mysqli->query('INSERT INTO `pe...', 0)
#1 C:\xampp\htdocs\perpus\system\Database\BaseConnection.php(729): CodeIgniter\Database\MySQLi\Connection->execute('INSERT INTO `pe...')
#2 C:\xampp\htdocs\perpus\system\Database\BaseConnection.php(646): CodeIgniter\Database\BaseConnection->simpleQuery('INSERT INTO `pe...')
#3 C:\xampp\htdocs\perpus\system\Database\BaseBuilder.php(2345): CodeIgniter\Database\BaseConnection->query('INSERT INTO `pe...', Array, false)
#4 C:\xampp\htdocs\perpus\system\Model.php(394): CodeIgniter\Database\BaseBuilder->insert()
#5 C:\xampp\htdocs\perpus\system\BaseModel.php(838): CodeIgniter\Model->doInsert(Array)
#6 C:\xampp\htdocs\perpus\system\Model.php(797): CodeIgniter\BaseModel->insert(Array, false)
#7 C:\xampp\htdocs\perpus\system\BaseModel.php(751): CodeIgniter\Model->insert(Array, false)
#8 C:\xampp\htdocs\perpus\app\Controllers\peminjaman.php(68): CodeIgniter\BaseModel->save(Array)
#9 C:\xampp\htdocs\perpus\system\CodeIgniter.php(933): App\Controllers\Peminjaman->store()
#10 C:\xampp\htdocs\perpus\system\CodeIgniter.php(507): CodeIgniter\CodeIgniter->runController(Object(App\Controllers\Peminjaman))
#11 C:\xampp\htdocs\perpus\system\CodeIgniter.php(354): CodeIgniter\CodeIgniter->handleRequest(NULL, Object(Config\Cache), false)
#12 C:\xampp\htdocs\perpus\system\Boot.php(363): CodeIgniter\CodeIgniter->run()
#13 C:\xampp\htdocs\perpus\system\Boot.php(68): CodeIgniter\Boot::runCodeIgniter(Object(CodeIgniter\CodeIgniter))
#14 C:\xampp\htdocs\perpus\index.php(59): CodeIgniter\Boot::bootWeb(Object(Config\Paths))
#15 {main}
CRITICAL - 2026-04-25 14:56:53 --> CodeIgniter\Database\Exceptions\DatabaseException: Operand should contain 1 column(s)
[Method: POST, Route: peminjaman/store]
in SYSTEMPATH\Database\BaseConnection.php on line 684.
 1 SYSTEMPATH\Database\BaseBuilder.php(2345): CodeIgniter\Database\BaseConnection->query('INSERT INTO `peminjaman` (`id_buku`, `tanggal_pinjam`, `tanggal_kembali`, `status`, `id_anggota`, `id_petugas`, `foto`) VALUES (:id_buku:, :tanggal_pinjam:, :tanggal_kembali:, :status:, :id_anggota:, :id_petugas:, :foto:)', [...], false)
 2 SYSTEMPATH\Model.php(394): CodeIgniter\Database\BaseBuilder->insert()
 3 SYSTEMPATH\BaseModel.php(838): CodeIgniter\Model->doInsert([...])
 4 SYSTEMPATH\Model.php(797): CodeIgniter\BaseModel->insert([...], false)
 5 SYSTEMPATH\BaseModel.php(751): CodeIgniter\Model->insert([...], false)
 6 APPPATH\Controllers\peminjaman.php(68): CodeIgniter\BaseModel->save([...])
 7 SYSTEMPATH\CodeIgniter.php(933): App\Controllers\Peminjaman->store()
 8 SYSTEMPATH\CodeIgniter.php(507): CodeIgniter\CodeIgniter->runController(Object(App\Controllers\Peminjaman))
 9 SYSTEMPATH\CodeIgniter.php(354): CodeIgniter\CodeIgniter->handleRequest(null, Object(Config\Cache), false)
10 SYSTEMPATH\Boot.php(363): CodeIgniter\CodeIgniter->run()
11 SYSTEMPATH\Boot.php(68): CodeIgniter\Boot::runCodeIgniter(Object(CodeIgniter\CodeIgniter))
12 FCPATH\index.php(59): CodeIgniter\Boot::bootWeb(Object(Config\Paths))
CRITICAL - 2026-04-25 14:56:53 --> [Caused by] CodeIgniter\Database\Exceptions\DatabaseException: Operand should contain 1 column(s)
in SYSTEMPATH\Database\MySQLi\Connection.php on line 332.
 1 SYSTEMPATH\Database\BaseConnection.php(729): CodeIgniter\Database\MySQLi\Connection->execute('INSERT INTO `peminjaman` (`id_buku`, `tanggal_pinjam`, `tanggal_kembali`, `status`, `id_anggota`, `id_petugas`, `foto`) VALUES ((\'13\',\'36\'), \'2026-04-16\', NULL, \'dipinjam\', \'10\', NULL, NULL)')
 2 SYSTEMPATH\Database\BaseConnection.php(646): CodeIgniter\Database\BaseConnection->simpleQuery('INSERT INTO `peminjaman` (`id_buku`, `tanggal_pinjam`, `tanggal_kembali`, `status`, `id_anggota`, `id_petugas`, `foto`) VALUES ((\'13\',\'36\'), \'2026-04-16\', NULL, \'dipinjam\', \'10\', NULL, NULL)')
 3 SYSTEMPATH\Database\BaseBuilder.php(2345): CodeIgniter\Database\BaseConnection->query('INSERT INTO `peminjaman` (`id_buku`, `tanggal_pinjam`, `tanggal_kembali`, `status`, `id_anggota`, `id_petugas`, `foto`) VALUES (:id_buku:, :tanggal_pinjam:, :tanggal_kembali:, :status:, :id_anggota:, :id_petugas:, :foto:)', [...], false)
 4 SYSTEMPATH\Model.php(394): CodeIgniter\Database\BaseBuilder->insert()
 5 SYSTEMPATH\BaseModel.php(838): CodeIgniter\Model->doInsert([...])
 6 SYSTEMPATH\Model.php(797): CodeIgniter\BaseModel->insert([...], false)
 7 SYSTEMPATH\BaseModel.php(751): CodeIgniter\Model->insert([...], false)
 8 APPPATH\Controllers\peminjaman.php(68): CodeIgniter\BaseModel->save([...])
 9 SYSTEMPATH\CodeIgniter.php(933): App\Controllers\Peminjaman->store()
10 SYSTEMPATH\CodeIgniter.php(507): CodeIgniter\CodeIgniter->runController(Object(App\Controllers\Peminjaman))
11 SYSTEMPATH\CodeIgniter.php(354): CodeIgniter\CodeIgniter->handleRequest(null, Object(Config\Cache), false)
12 SYSTEMPATH\Boot.php(363): CodeIgniter\CodeIgniter->run()
13 SYSTEMPATH\Boot.php(68): CodeIgniter\Boot::runCodeIgniter(Object(CodeIgniter\CodeIgniter))
14 FCPATH\index.php(59): CodeIgniter\Boot::bootWeb(Object(Config\Paths))
CRITICAL - 2026-04-25 14:56:53 --> [Caused by] mysqli_sql_exception: Operand should contain 1 column(s)
in SYSTEMPATH\Database\MySQLi\Connection.php on line 327.
 1 SYSTEMPATH\Database\MySQLi\Connection.php(327): mysqli->query('INSERT INTO `peminjaman` (`id_buku`, `tanggal_pinjam`, `tanggal_kembali`, `status`, `id_anggota`, `id_petugas`, `foto`) VALUES ((\'13\',\'36\'), \'2026-04-16\', NULL, \'dipinjam\', \'10\', NULL, NULL)', 0)
 2 SYSTEMPATH\Database\BaseConnection.php(729): CodeIgniter\Database\MySQLi\Connection->execute('INSERT INTO `peminjaman` (`id_buku`, `tanggal_pinjam`, `tanggal_kembali`, `status`, `id_anggota`, `id_petugas`, `foto`) VALUES ((\'13\',\'36\'), \'2026-04-16\', NULL, \'dipinjam\', \'10\', NULL, NULL)')
 3 SYSTEMPATH\Database\BaseConnection.php(646): CodeIgniter\Database\BaseConnection->simpleQuery('INSERT INTO `peminjaman` (`id_buku`, `tanggal_pinjam`, `tanggal_kembali`, `status`, `id_anggota`, `id_petugas`, `foto`) VALUES ((\'13\',\'36\'), \'2026-04-16\', NULL, \'dipinjam\', \'10\', NULL, NULL)')
 4 SYSTEMPATH\Database\BaseBuilder.php(2345): CodeIgniter\Database\BaseConnection->query('INSERT INTO `peminjaman` (`id_buku`, `tanggal_pinjam`, `tanggal_kembali`, `status`, `id_anggota`, `id_petugas`, `foto`) VALUES (:id_buku:, :tanggal_pinjam:, :tanggal_kembali:, :status:, :id_anggota:, :id_petugas:, :foto:)', [...], false)
 5 SYSTEMPATH\Model.php(394): CodeIgniter\Database\BaseBuilder->insert()
 6 SYSTEMPATH\BaseModel.php(838): CodeIgniter\Model->doInsert([...])
 7 SYSTEMPATH\Model.php(797): CodeIgniter\BaseModel->insert([...], false)
 8 SYSTEMPATH\BaseModel.php(751): CodeIgniter\Model->insert([...], false)
 9 APPPATH\Controllers\peminjaman.php(68): CodeIgniter\BaseModel->save([...])
10 SYSTEMPATH\CodeIgniter.php(933): App\Controllers\Peminjaman->store()
11 SYSTEMPATH\CodeIgniter.php(507): CodeIgniter\CodeIgniter->runController(Object(App\Controllers\Peminjaman))
12 SYSTEMPATH\CodeIgniter.php(354): CodeIgniter\CodeIgniter->handleRequest(null, Object(Config\Cache), false)
13 SYSTEMPATH\Boot.php(363): CodeIgniter\CodeIgniter->run()
14 SYSTEMPATH\Boot.php(68): CodeIgniter\Boot::runCodeIgniter(Object(CodeIgniter\CodeIgniter))
15 FCPATH\index.php(59): CodeIgniter\Boot::bootWeb(Object(Config\Paths))
WARNING - 2026-04-25 14:59:09 --> [DEPRECATED] Creation of dynamic property App\Controllers\Peminjaman::$db is deprecated in APPPATH\Controllers\peminjaman.php on line 17.
 1 SYSTEMPATH\CodeIgniter.php(903): App\Controllers\Peminjaman->__construct()
 2 SYSTEMPATH\CodeIgniter.php(498): CodeIgniter\CodeIgniter->createController()
 3 SYSTEMPATH\CodeIgniter.php(354): CodeIgniter\CodeIgniter->handleRequest(null, Object(Config\Cache), false)
 4 SYSTEMPATH\Boot.php(363): CodeIgniter\CodeIgniter->run()
 5 SYSTEMPATH\Boot.php(68): CodeIgniter\Boot::runCodeIgniter(Object(CodeIgniter\CodeIgniter))
 6 FCPATH\index.php(59): CodeIgniter\Boot::bootWeb(Object(Config\Paths))
ERROR - 2026-04-25 14:59:09 --> mysqli_sql_exception: Operand should contain 1 column(s) in C:\xampp\htdocs\perpus\system\Database\MySQLi\Connection.php:327
Stack trace:
#0 C:\xampp\htdocs\perpus\system\Database\MySQLi\Connection.php(327): mysqli->query('INSERT INTO `pe...', 0)
#1 C:\xampp\htdocs\perpus\system\Database\BaseConnection.php(729): CodeIgniter\Database\MySQLi\Connection->execute('INSERT INTO `pe...')
#2 C:\xampp\htdocs\perpus\system\Database\BaseConnection.php(646): CodeIgniter\Database\BaseConnection->simpleQuery('INSERT INTO `pe...')
#3 C:\xampp\htdocs\perpus\system\Database\BaseBuilder.php(2345): CodeIgniter\Database\BaseConnection->query('INSERT INTO `pe...', Array, false)
#4 C:\xampp\htdocs\perpus\system\Model.php(394): CodeIgniter\Database\BaseBuilder->insert()
#5 C:\xampp\htdocs\perpus\system\BaseModel.php(838): CodeIgniter\Model->doInsert(Array)
#6 C:\xampp\htdocs\perpus\system\Model.php(797): CodeIgniter\BaseModel->insert(Array, false)
#7 C:\xampp\htdocs\perpus\system\BaseModel.php(751): CodeIgniter\Model->insert(Array, false)
#8 C:\xampp\htdocs\perpus\app\Controllers\peminjaman.php(68): CodeIgniter\BaseModel->save(Array)
#9 C:\xampp\htdocs\perpus\system\CodeIgniter.php(933): App\Controllers\Peminjaman->store()
#10 C:\xampp\htdocs\perpus\system\CodeIgniter.php(507): CodeIgniter\CodeIgniter->runController(Object(App\Controllers\Peminjaman))
#11 C:\xampp\htdocs\perpus\system\CodeIgniter.php(354): CodeIgniter\CodeIgniter->handleRequest(NULL, Object(Config\Cache), false)
#12 C:\xampp\htdocs\perpus\system\Boot.php(363): CodeIgniter\CodeIgniter->run()
#13 C:\xampp\htdocs\perpus\system\Boot.php(68): CodeIgniter\Boot::runCodeIgniter(Object(CodeIgniter\CodeIgniter))
#14 C:\xampp\htdocs\perpus\index.php(59): CodeIgniter\Boot::bootWeb(Object(Config\Paths))
#15 {main}
CRITICAL - 2026-04-25 14:59:09 --> CodeIgniter\Database\Exceptions\DatabaseException: Operand should contain 1 column(s)
[Method: POST, Route: peminjaman/store]
in SYSTEMPATH\Database\BaseConnection.php on line 684.
 1 SYSTEMPATH\Database\BaseBuilder.php(2345): CodeIgniter\Database\BaseConnection->query('INSERT INTO `peminjaman` (`id_buku`, `tanggal_pinjam`, `tanggal_kembali`, `status`, `id_anggota`, `id_petugas`, `foto`) VALUES (:id_buku:, :tanggal_pinjam:, :tanggal_kembali:, :status:, :id_anggota:, :id_petugas:, :foto:)', [...], false)
 2 SYSTEMPATH\Model.php(394): CodeIgniter\Database\BaseBuilder->insert()
 3 SYSTEMPATH\BaseModel.php(838): CodeIgniter\Model->doInsert([...])
 4 SYSTEMPATH\Model.php(797): CodeIgniter\BaseModel->insert([...], false)
 5 SYSTEMPATH\BaseModel.php(751): CodeIgniter\Model->insert([...], false)
 6 APPPATH\Controllers\peminjaman.php(68): CodeIgniter\BaseModel->save([...])
 7 SYSTEMPATH\CodeIgniter.php(933): App\Controllers\Peminjaman->store()
 8 SYSTEMPATH\CodeIgniter.php(507): CodeIgniter\CodeIgniter->runController(Object(App\Controllers\Peminjaman))
 9 SYSTEMPATH\CodeIgniter.php(354): CodeIgniter\CodeIgniter->handleRequest(null, Object(Config\Cache), false)
10 SYSTEMPATH\Boot.php(363): CodeIgniter\CodeIgniter->run()
11 SYSTEMPATH\Boot.php(68): CodeIgniter\Boot::runCodeIgniter(Object(CodeIgniter\CodeIgniter))
12 FCPATH\index.php(59): CodeIgniter\Boot::bootWeb(Object(Config\Paths))
CRITICAL - 2026-04-25 14:59:09 --> [Caused by] CodeIgniter\Database\Exceptions\DatabaseException: Operand should contain 1 column(s)
in SYSTEMPATH\Database\MySQLi\Connection.php on line 332.
 1 SYSTEMPATH\Database\BaseConnection.php(729): CodeIgniter\Database\MySQLi\Connection->execute('INSERT INTO `peminjaman` (`id_buku`, `tanggal_pinjam`, `tanggal_kembali`, `status`, `id_anggota`, `id_petugas`, `foto`) VALUES ((\'13\',\'36\'), \'2026-04-16\', NULL, \'dipinjam\', \'10\', NULL, NULL)')
 2 SYSTEMPATH\Database\BaseConnection.php(646): CodeIgniter\Database\BaseConnection->simpleQuery('INSERT INTO `peminjaman` (`id_buku`, `tanggal_pinjam`, `tanggal_kembali`, `status`, `id_anggota`, `id_petugas`, `foto`) VALUES ((\'13\',\'36\'), \'2026-04-16\', NULL, \'dipinjam\', \'10\', NULL, NULL)')
 3 SYSTEMPATH\Database\BaseBuilder.php(2345): CodeIgniter\Database\BaseConnection->query('INSERT INTO `peminjaman` (`id_buku`, `tanggal_pinjam`, `tanggal_kembali`, `status`, `id_anggota`, `id_petugas`, `foto`) VALUES (:id_buku:, :tanggal_pinjam:, :tanggal_kembali:, :status:, :id_anggota:, :id_petugas:, :foto:)', [...], false)
 4 SYSTEMPATH\Model.php(394): CodeIgniter\Database\BaseBuilder->insert()
 5 SYSTEMPATH\BaseModel.php(838): CodeIgniter\Model->doInsert([...])
 6 SYSTEMPATH\Model.php(797): CodeIgniter\BaseModel->insert([...], false)
 7 SYSTEMPATH\BaseModel.php(751): CodeIgniter\Model->insert([...], false)
 8 APPPATH\Controllers\peminjaman.php(68): CodeIgniter\BaseModel->save([...])
 9 SYSTEMPATH\CodeIgniter.php(933): App\Controllers\Peminjaman->store()
10 SYSTEMPATH\CodeIgniter.php(507): CodeIgniter\CodeIgniter->runController(Object(App\Controllers\Peminjaman))
11 SYSTEMPATH\CodeIgniter.php(354): CodeIgniter\CodeIgniter->handleRequest(null, Object(Config\Cache), false)
12 SYSTEMPATH\Boot.php(363): CodeIgniter\CodeIgniter->run()
13 SYSTEMPATH\Boot.php(68): CodeIgniter\Boot::runCodeIgniter(Object(CodeIgniter\CodeIgniter))
14 FCPATH\index.php(59): CodeIgniter\Boot::bootWeb(Object(Config\Paths))
CRITICAL - 2026-04-25 14:59:09 --> [Caused by] mysqli_sql_exception: Operand should contain 1 column(s)
in SYSTEMPATH\Database\MySQLi\Connection.php on line 327.
 1 SYSTEMPATH\Database\MySQLi\Connection.php(327): mysqli->query('INSERT INTO `peminjaman` (`id_buku`, `tanggal_pinjam`, `tanggal_kembali`, `status`, `id_anggota`, `id_petugas`, `foto`) VALUES ((\'13\',\'36\'), \'2026-04-16\', NULL, \'dipinjam\', \'10\', NULL, NULL)', 0)
 2 SYSTEMPATH\Database\BaseConnection.php(729): CodeIgniter\Database\MySQLi\Connection->execute('INSERT INTO `peminjaman` (`id_buku`, `tanggal_pinjam`, `tanggal_kembali`, `status`, `id_anggota`, `id_petugas`, `foto`) VALUES ((\'13\',\'36\'), \'2026-04-16\', NULL, \'dipinjam\', \'10\', NULL, NULL)')
 3 SYSTEMPATH\Database\BaseConnection.php(646): CodeIgniter\Database\BaseConnection->simpleQuery('INSERT INTO `peminjaman` (`id_buku`, `tanggal_pinjam`, `tanggal_kembali`, `status`, `id_anggota`, `id_petugas`, `foto`) VALUES ((\'13\',\'36\'), \'2026-04-16\', NULL, \'dipinjam\', \'10\', NULL, NULL)')
 4 SYSTEMPATH\Database\BaseBuilder.php(2345): CodeIgniter\Database\BaseConnection->query('INSERT INTO `peminjaman` (`id_buku`, `tanggal_pinjam`, `tanggal_kembali`, `status`, `id_anggota`, `id_petugas`, `foto`) VALUES (:id_buku:, :tanggal_pinjam:, :tanggal_kembali:, :status:, :id_anggota:, :id_petugas:, :foto:)', [...], false)
 5 SYSTEMPATH\Model.php(394): CodeIgniter\Database\BaseBuilder->insert()
 6 SYSTEMPATH\BaseModel.php(838): CodeIgniter\Model->doInsert([...])
 7 SYSTEMPATH\Model.php(797): CodeIgniter\BaseModel->insert([...], false)
 8 SYSTEMPATH\BaseModel.php(751): CodeIgniter\Model->insert([...], false)
 9 APPPATH\Controllers\peminjaman.php(68): CodeIgniter\BaseModel->save([...])
10 SYSTEMPATH\CodeIgniter.php(933): App\Controllers\Peminjaman->store()
11 SYSTEMPATH\CodeIgniter.php(507): CodeIgniter\CodeIgniter->runController(Object(App\Controllers\Peminjaman))
12 SYSTEMPATH\CodeIgniter.php(354): CodeIgniter\CodeIgniter->handleRequest(null, Object(Config\Cache), false)
13 SYSTEMPATH\Boot.php(363): CodeIgniter\CodeIgniter->run()
14 SYSTEMPATH\Boot.php(68): CodeIgniter\Boot::runCodeIgniter(Object(CodeIgniter\CodeIgniter))
15 FCPATH\index.php(59): CodeIgniter\Boot::bootWeb(Object(Config\Paths))
WARNING - 2026-04-25 14:59:22 --> [DEPRECATED] Creation of dynamic property App\Controllers\Peminjaman::$db is deprecated in APPPATH\Controllers\peminjaman.php on line 17.
 1 SYSTEMPATH\CodeIgniter.php(903): App\Controllers\Peminjaman->__construct()
 2 SYSTEMPATH\CodeIgniter.php(498): CodeIgniter\CodeIgniter->createController()
 3 SYSTEMPATH\CodeIgniter.php(354): CodeIgniter\CodeIgniter->handleRequest(null, Object(Config\Cache), false)
 4 SYSTEMPATH\Boot.php(363): CodeIgniter\CodeIgniter->run()
 5 SYSTEMPATH\Boot.php(68): CodeIgniter\Boot::runCodeIgniter(Object(CodeIgniter\CodeIgniter))
 6 FCPATH\index.php(59): CodeIgniter\Boot::bootWeb(Object(Config\Paths))
DEBUG - 2026-04-25 14:59:22 --> Session: Class initialized using 'CodeIgniter\Session\Handlers\FileHandler' driver.
WARNING - 2026-04-25 14:59:25 --> [DEPRECATED] Creation of dynamic property App\Controllers\Peminjaman::$db is deprecated in APPPATH\Controllers\peminjaman.php on line 17.
 1 SYSTEMPATH\CodeIgniter.php(903): App\Controllers\Peminjaman->__construct()
 2 SYSTEMPATH\CodeIgniter.php(498): CodeIgniter\CodeIgniter->createController()
 3 SYSTEMPATH\CodeIgniter.php(354): CodeIgniter\CodeIgniter->handleRequest(null, Object(Config\Cache), false)
 4 SYSTEMPATH\Boot.php(363): CodeIgniter\CodeIgniter->run()
 5 SYSTEMPATH\Boot.php(68): CodeIgniter\Boot::runCodeIgniter(Object(CodeIgniter\CodeIgniter))
 6 FCPATH\index.php(59): CodeIgniter\Boot::bootWeb(Object(Config\Paths))
DEBUG - 2026-04-25 14:59:25 --> Session: Class initialized using 'CodeIgniter\Session\Handlers\FileHandler' driver.
WARNING - 2026-04-25 14:59:26 --> [DEPRECATED] Creation of dynamic property App\Controllers\Peminjaman::$db is deprecated in APPPATH\Controllers\peminjaman.php on line 17.
 1 SYSTEMPATH\CodeIgniter.php(903): App\Controllers\Peminjaman->__construct()
 2 SYSTEMPATH\CodeIgniter.php(498): CodeIgniter\CodeIgniter->createController()
 3 SYSTEMPATH\CodeIgniter.php(354): CodeIgniter\CodeIgniter->handleRequest(null, Object(Config\Cache), false)
 4 SYSTEMPATH\Boot.php(363): CodeIgniter\CodeIgniter->run()
 5 SYSTEMPATH\Boot.php(68): CodeIgniter\Boot::runCodeIgniter(Object(CodeIgniter\CodeIgniter))
 6 FCPATH\index.php(59): CodeIgniter\Boot::bootWeb(Object(Config\Paths))
DEBUG - 2026-04-25 14:59:26 --> Session: Class initialized using 'CodeIgniter\Session\Handlers\FileHandler' driver.
WARNING - 2026-04-25 14:59:35 --> [DEPRECATED] Creation of dynamic property App\Controllers\Peminjaman::$db is deprecated in APPPATH\Controllers\peminjaman.php on line 17.
 1 SYSTEMPATH\CodeIgniter.php(903): App\Controllers\Peminjaman->__construct()
 2 SYSTEMPATH\CodeIgniter.php(498): CodeIgniter\CodeIgniter->createController()
 3 SYSTEMPATH\CodeIgniter.php(354): CodeIgniter\CodeIgniter->handleRequest(null, Object(Config\Cache), false)
 4 SYSTEMPATH\Boot.php(363): CodeIgniter\CodeIgniter->run()
 5 SYSTEMPATH\Boot.php(68): CodeIgniter\Boot::runCodeIgniter(Object(CodeIgniter\CodeIgniter))
 6 FCPATH\index.php(59): CodeIgniter\Boot::bootWeb(Object(Config\Paths))
ERROR - 2026-04-25 14:59:35 --> mysqli_sql_exception: Unknown column 'foto' in 'field list' in C:\xampp\htdocs\perpus\system\Database\MySQLi\Connection.php:327
Stack trace:
#0 C:\xampp\htdocs\perpus\system\Database\MySQLi\Connection.php(327): mysqli->query('INSERT INTO `pe...', 0)
#1 C:\xampp\htdocs\perpus\system\Database\BaseConnection.php(729): CodeIgniter\Database\MySQLi\Connection->execute('INSERT INTO `pe...')
#2 C:\xampp\htdocs\perpus\system\Database\BaseConnection.php(646): CodeIgniter\Database\BaseConnection->simpleQuery('INSERT INTO `pe...')
#3 C:\xampp\htdocs\perpus\system\Database\BaseBuilder.php(2345): CodeIgniter\Database\BaseConnection->query('INSERT INTO `pe...', Array, false)
#4 C:\xampp\htdocs\perpus\system\Model.php(394): CodeIgniter\Database\BaseBuilder->insert()
#5 C:\xampp\htdocs\perpus\system\BaseModel.php(838): CodeIgniter\Model->doInsert(Array)
#6 C:\xampp\htdocs\perpus\system\Model.php(797): CodeIgniter\BaseModel->insert(Array, false)
#7 C:\xampp\htdocs\perpus\system\BaseModel.php(751): CodeIgniter\Model->insert(Array, false)
#8 C:\xampp\htdocs\perpus\app\Controllers\peminjaman.php(68): CodeIgniter\BaseModel->save(Array)
#9 C:\xampp\htdocs\perpus\system\CodeIgniter.php(933): App\Controllers\Peminjaman->store()
#10 C:\xampp\htdocs\perpus\system\CodeIgniter.php(507): CodeIgniter\CodeIgniter->runController(Object(App\Controllers\Peminjaman))
#11 C:\xampp\htdocs\perpus\system\CodeIgniter.php(354): CodeIgniter\CodeIgniter->handleRequest(NULL, Object(Config\Cache), false)
#12 C:\xampp\htdocs\perpus\system\Boot.php(363): CodeIgniter\CodeIgniter->run()
#13 C:\xampp\htdocs\perpus\system\Boot.php(68): CodeIgniter\Boot::runCodeIgniter(Object(CodeIgniter\CodeIgniter))
#14 C:\xampp\htdocs\perpus\index.php(59): CodeIgniter\Boot::bootWeb(Object(Config\Paths))
#15 {main}
CRITICAL - 2026-04-25 14:59:35 --> CodeIgniter\Database\Exceptions\DatabaseException: Unknown column 'foto' in 'field list'
[Method: POST, Route: peminjaman/store]
in SYSTEMPATH\Database\BaseConnection.php on line 684.
 1 SYSTEMPATH\Database\BaseBuilder.php(2345): CodeIgniter\Database\BaseConnection->query('INSERT INTO `peminjaman` (`id_buku`, `tanggal_pinjam`, `tanggal_kembali`, `status`, `id_anggota`, `id_petugas`, `foto`) VALUES (:id_buku:, :tanggal_pinjam:, :tanggal_kembali:, :status:, :id_anggota:, :id_petugas:, :foto:)', [...], false)
 2 SYSTEMPATH\Model.php(394): CodeIgniter\Database\BaseBuilder->insert()
 3 SYSTEMPATH\BaseModel.php(838): CodeIgniter\Model->doInsert([...])
 4 SYSTEMPATH\Model.php(797): CodeIgniter\BaseModel->insert([...], false)
 5 SYSTEMPATH\BaseModel.php(751): CodeIgniter\Model->insert([...], false)
 6 APPPATH\Controllers\peminjaman.php(68): CodeIgniter\BaseModel->save([...])
 7 SYSTEMPATH\CodeIgniter.php(933): App\Controllers\Peminjaman->store()
 8 SYSTEMPATH\CodeIgniter.php(507): CodeIgniter\CodeIgniter->runController(Object(App\Controllers\Peminjaman))
 9 SYSTEMPATH\CodeIgniter.php(354): CodeIgniter\CodeIgniter->handleRequest(null, Object(Config\Cache), false)
10 SYSTEMPATH\Boot.php(363): CodeIgniter\CodeIgniter->run()
11 SYSTEMPATH\Boot.php(68): CodeIgniter\Boot::runCodeIgniter(Object(CodeIgniter\CodeIgniter))
12 FCPATH\index.php(59): CodeIgniter\Boot::bootWeb(Object(Config\Paths))
CRITICAL - 2026-04-25 14:59:35 --> [Caused by] CodeIgniter\Database\Exceptions\DatabaseException: Unknown column 'foto' in 'field list'
in SYSTEMPATH\Database\MySQLi\Connection.php on line 332.
 1 SYSTEMPATH\Database\BaseConnection.php(729): CodeIgniter\Database\MySQLi\Connection->execute('INSERT INTO `peminjaman` (`id_buku`, `tanggal_pinjam`, `tanggal_kembali`, `status`, `id_anggota`, `id_petugas`, `foto`) VALUES ((\'35\'), \'2026-04-25\', NULL, \'dipinjam\', \'9\', NULL, NULL)')
 2 SYSTEMPATH\Database\BaseConnection.php(646): CodeIgniter\Database\BaseConnection->simpleQuery('INSERT INTO `peminjaman` (`id_buku`, `tanggal_pinjam`, `tanggal_kembali`, `status`, `id_anggota`, `id_petugas`, `foto`) VALUES ((\'35\'), \'2026-04-25\', NULL, \'dipinjam\', \'9\', NULL, NULL)')
 3 SYSTEMPATH\Database\BaseBuilder.php(2345): CodeIgniter\Database\BaseConnection->query('INSERT INTO `peminjaman` (`id_buku`, `tanggal_pinjam`, `tanggal_kembali`, `status`, `id_anggota`, `id_petugas`, `foto`) VALUES (:id_buku:, :tanggal_pinjam:, :tanggal_kembali:, :status:, :id_anggota:, :id_petugas:, :foto:)', [...], false)
 4 SYSTEMPATH\Model.php(394): CodeIgniter\Database\BaseBuilder->insert()
 5 SYSTEMPATH\BaseModel.php(838): CodeIgniter\Model->doInsert([...])
 6 SYSTEMPATH\Model.php(797): CodeIgniter\BaseModel->insert([...], false)
 7 SYSTEMPATH\BaseModel.php(751): CodeIgniter\Model->insert([...], false)
 8 APPPATH\Controllers\peminjaman.php(68): CodeIgniter\BaseModel->save([...])
 9 SYSTEMPATH\CodeIgniter.php(933): App\Controllers\Peminjaman->store()
10 SYSTEMPATH\CodeIgniter.php(507): CodeIgniter\CodeIgniter->runController(Object(App\Controllers\Peminjaman))
11 SYSTEMPATH\CodeIgniter.php(354): CodeIgniter\CodeIgniter->handleRequest(null, Object(Config\Cache), false)
12 SYSTEMPATH\Boot.php(363): CodeIgniter\CodeIgniter->run()
13 SYSTEMPATH\Boot.php(68): CodeIgniter\Boot::runCodeIgniter(Object(CodeIgniter\CodeIgniter))
14 FCPATH\index.php(59): CodeIgniter\Boot::bootWeb(Object(Config\Paths))
CRITICAL - 2026-04-25 14:59:35 --> [Caused by] mysqli_sql_exception: Unknown column 'foto' in 'field list'
in SYSTEMPATH\Database\MySQLi\Connection.php on line 327.
 1 SYSTEMPATH\Database\MySQLi\Connection.php(327): mysqli->query('INSERT INTO `peminjaman` (`id_buku`, `tanggal_pinjam`, `tanggal_kembali`, `status`, `id_anggota`, `id_petugas`, `foto`) VALUES ((\'35\'), \'2026-04-25\', NULL, \'dipinjam\', \'9\', NULL, NULL)', 0)
 2 SYSTEMPATH\Database\BaseConnection.php(729): CodeIgniter\Database\MySQLi\Connection->execute('INSERT INTO `peminjaman` (`id_buku`, `tanggal_pinjam`, `tanggal_kembali`, `status`, `id_anggota`, `id_petugas`, `foto`) VALUES ((\'35\'), \'2026-04-25\', NULL, \'dipinjam\', \'9\', NULL, NULL)')
 3 SYSTEMPATH\Database\BaseConnection.php(646): CodeIgniter\Database\BaseConnection->simpleQuery('INSERT INTO `peminjaman` (`id_buku`, `tanggal_pinjam`, `tanggal_kembali`, `status`, `id_anggota`, `id_petugas`, `foto`) VALUES ((\'35\'), \'2026-04-25\', NULL, \'dipinjam\', \'9\', NULL, NULL)')
 4 SYSTEMPATH\Database\BaseBuilder.php(2345): CodeIgniter\Database\BaseConnection->query('INSERT INTO `peminjaman` (`id_buku`, `tanggal_pinjam`, `tanggal_kembali`, `status`, `id_anggota`, `id_petugas`, `foto`) VALUES (:id_buku:, :tanggal_pinjam:, :tanggal_kembali:, :status:, :id_anggota:, :id_petugas:, :foto:)', [...], false)
 5 SYSTEMPATH\Model.php(394): CodeIgniter\Database\BaseBuilder->insert()
 6 SYSTEMPATH\BaseModel.php(838): CodeIgniter\Model->doInsert([...])
 7 SYSTEMPATH\Model.php(797): CodeIgniter\BaseModel->insert([...], false)
 8 SYSTEMPATH\BaseModel.php(751): CodeIgniter\Model->insert([...], false)
 9 APPPATH\Controllers\peminjaman.php(68): CodeIgniter\BaseModel->save([...])
10 SYSTEMPATH\CodeIgniter.php(933): App\Controllers\Peminjaman->store()
11 SYSTEMPATH\CodeIgniter.php(507): CodeIgniter\CodeIgniter->runController(Object(App\Controllers\Peminjaman))
12 SYSTEMPATH\CodeIgniter.php(354): CodeIgniter\CodeIgniter->handleRequest(null, Object(Config\Cache), false)
13 SYSTEMPATH\Boot.php(363): CodeIgniter\CodeIgniter->run()
14 SYSTEMPATH\Boot.php(68): CodeIgniter\Boot::runCodeIgniter(Object(CodeIgniter\CodeIgniter))
15 FCPATH\index.php(59): CodeIgniter\Boot::bootWeb(Object(Config\Paths))
CRITICAL - 2026-04-25 15:00:46 --> ParseError: syntax error, unexpected token "public"
[Method: POST, Route: peminjaman/store]
in APPPATH\Controllers\peminjaman.php on line 78.
 1 SYSTEMPATH\Autoloader\Autoloader.php(295): CodeIgniter\Autoloader\Autoloader->includeFile('C:\\xampp\\htdocs\\perpus\\app\\Controllers\\Peminjaman.php')
 2 SYSTEMPATH\Autoloader\Autoloader.php(271): CodeIgniter\Autoloader\Autoloader->loadInNamespace('App\\Controllers\\Peminjaman')
 3 [internal function]: CodeIgniter\Autoloader\Autoloader->loadClass('App\\Controllers\\Peminjaman')
 4 SYSTEMPATH\CodeIgniter.php(885): class_exists('\\App\\Controllers\\Peminjaman', true)
 5 SYSTEMPATH\CodeIgniter.php(494): CodeIgniter\CodeIgniter->startController()
 6 SYSTEMPATH\CodeIgniter.php(354): CodeIgniter\CodeIgniter->handleRequest(null, Object(Config\Cache), false)
 7 SYSTEMPATH\Boot.php(363): CodeIgniter\CodeIgniter->run()
 8 SYSTEMPATH\Boot.php(68): CodeIgniter\Boot::runCodeIgniter(Object(CodeIgniter\CodeIgniter))
 9 FCPATH\index.php(59): CodeIgniter\Boot::bootWeb(Object(Config\Paths))
DEBUG - 2026-04-25 15:01:44 --> Session: Class initialized using 'CodeIgniter\Session\Handlers\FileHandler' driver.
DEBUG - 2026-04-25 15:01:47 --> Session: Class initialized using 'CodeIgniter\Session\Handlers\FileHandler' driver.
DEBUG - 2026-04-25 15:02:01 --> Session: Class initialized using 'CodeIgniter\Session\Handlers\FileHandler' driver.
DEBUG - 2026-04-25 15:02:08 --> Session: Class initialized using 'CodeIgniter\Session\Handlers\FileHandler' driver.
DEBUG - 2026-04-25 15:02:18 --> Session: Class initialized using 'CodeIgniter\Session\Handlers\FileHandler' driver.
CRITICAL - 2026-04-25 15:04:42 --> ErrorException: Undefined array key "judul"
[Method: GET, Route: peminjaman/detail/69]
in APPPATH\Views\peminjaman\detail.php on line 10.
 1 APPPATH\Views\peminjaman\detail.php(10): CodeIgniter\Debug\Exceptions->errorHandler(2, 'Undefined array key "judul"', 'C:\\xampp\\htdocs\\perpus\\app\\Views\\peminjaman\\detail.php', 10)
 2 SYSTEMPATH\View\View.php(226): include('C:\\xampp\\htdocs\\perpus\\app\\Views\\peminjaman\\detail.php')
 3 SYSTEMPATH\View\View.php(229): CodeIgniter\View\View->CodeIgniter\View\{closure}()
 4 SYSTEMPATH\Common.php(1167): CodeIgniter\View\View->render('peminjaman/detail', [], true)
 5 APPPATH\Controllers\peminjaman.php(160): view('peminjaman/detail', [...])
 6 SYSTEMPATH\CodeIgniter.php(933): App\Controllers\Peminjaman->detail('69')
 7 SYSTEMPATH\CodeIgniter.php(507): CodeIgniter\CodeIgniter->runController(Object(App\Controllers\Peminjaman))
 8 SYSTEMPATH\CodeIgniter.php(354): CodeIgniter\CodeIgniter->handleRequest(null, Object(Config\Cache), false)
 9 SYSTEMPATH\Boot.php(363): CodeIgniter\CodeIgniter->run()
10 SYSTEMPATH\Boot.php(68): CodeIgniter\Boot::runCodeIgniter(Object(CodeIgniter\CodeIgniter))
11 FCPATH\index.php(59): CodeIgniter\Boot::bootWeb(Object(Config\Paths))
DEBUG - 2026-04-25 15:08:13 --> Session: Class initialized using 'CodeIgniter\Session\Handlers\FileHandler' driver.
DEBUG - 2026-04-25 15:31:30 --> Session: Class initialized using 'CodeIgniter\Session\Handlers\FileHandler' driver.
DEBUG - 2026-04-25 15:34:37 --> Session: Class initialized using 'CodeIgniter\Session\Handlers\FileHandler' driver.
DEBUG - 2026-04-25 15:36:25 --> Session: Class initialized using 'CodeIgniter\Session\Handlers\FileHandler' driver.
DEBUG - 2026-04-25 15:36:47 --> Session: Class initialized using 'CodeIgniter\Session\Handlers\FileHandler' driver.
DEBUG - 2026-04-25 15:41:28 --> Session: Class initialized using 'CodeIgniter\Session\Handlers\FileHandler' driver.
DEBUG - 2026-04-25 15:41:38 --> Session: Class initialized using 'CodeIgniter\Session\Handlers\FileHandler' driver.
DEBUG - 2026-04-25 15:41:49 --> Session: Class initialized using 'CodeIgniter\Session\Handlers\FileHandler' driver.
DEBUG - 2026-04-25 15:41:54 --> Session: Class initialized using 'CodeIgniter\Session\Handlers\FileHandler' driver.
DEBUG - 2026-04-25 15:42:04 --> Session: Class initialized using 'CodeIgniter\Session\Handlers\FileHandler' driver.
DEBUG - 2026-04-25 15:42:50 --> Session: Class initialized using 'CodeIgniter\Session\Handlers\FileHandler' driver.
DEBUG - 2026-04-25 15:43:58 --> Session: Class initialized using 'CodeIgniter\Session\Handlers\FileHandler' driver.
DEBUG - 2026-04-25 15:45:39 --> Session: Class initialized using 'CodeIgniter\Session\Handlers\FileHandler' driver.
DEBUG - 2026-04-25 15:45:49 --> Session: Class initialized using 'CodeIgniter\Session\Handlers\FileHandler' driver.
DEBUG - 2026-04-25 15:45:53 --> Session: Class initialized using 'CodeIgniter\Session\Handlers\FileHandler' driver.
DEBUG - 2026-04-25 15:46:03 --> Session: Class initialized using 'CodeIgniter\Session\Handlers\FileHandler' driver.
DEBUG - 2026-04-25 15:46:06 --> Session: Class initialized using 'CodeIgniter\Session\Handlers\FileHandler' driver.
DEBUG - 2026-04-25 15:48:00 --> Session: Class initialized using 'CodeIgniter\Session\Handlers\FileHandler' driver.
DEBUG - 2026-04-25 15:48:05 --> Session: Class initialized using 'CodeIgniter\Session\Handlers\FileHandler' driver.
DEBUG - 2026-04-25 15:48:23 --> Session: Class initialized using 'CodeIgniter\Session\Handlers\FileHandler' driver.
DEBUG - 2026-04-25 15:49:34 --> Session: Class initialized using 'CodeIgniter\Session\Handlers\FileHandler' driver.
DEBUG - 2026-04-25 15:50:07 --> Session: Class initialized using 'CodeIgniter\Session\Handlers\FileHandler' driver.
DEBUG - 2026-04-25 15:50:29 --> Session: Class initialized using 'CodeIgniter\Session\Handlers\FileHandler' driver.
DEBUG - 2026-04-25 15:50:29 --> Session: Class initialized using 'CodeIgniter\Session\Handlers\FileHandler' driver.
DEBUG - 2026-04-25 15:50:40 --> Session: Class initialized using 'CodeIgniter\Session\Handlers\FileHandler' driver.
DEBUG - 2026-04-25 15:51:12 --> Session: Class initialized using 'CodeIgniter\Session\Handlers\FileHandler' driver.
DEBUG - 2026-04-25 15:51:14 --> Session: Class initialized using 'CodeIgniter\Session\Handlers\FileHandler' driver.
DEBUG - 2026-04-25 15:51:15 --> Session: Class initialized using 'CodeIgniter\Session\Handlers\FileHandler' driver.
DEBUG - 2026-04-25 15:51:54 --> Session: Class initialized using 'CodeIgniter\Session\Handlers\FileHandler' driver.
DEBUG - 2026-04-25 15:52:02 --> Session: Class initialized using 'CodeIgniter\Session\Handlers\FileHandler' driver.
DEBUG - 2026-04-25 15:52:16 --> Session: Class initialized using 'CodeIgniter\Session\Handlers\FileHandler' driver.
DEBUG - 2026-04-25 15:52:19 --> Session: Class initialized using 'CodeIgniter\Session\Handlers\FileHandler' driver.
DEBUG - 2026-04-25 15:52:25 --> Session: Class initialized using 'CodeIgniter\Session\Handlers\FileHandler' driver.
DEBUG - 2026-04-25 15:53:30 --> Session: Class initialized using 'CodeIgniter\Session\Handlers\FileHandler' driver.
DEBUG - 2026-04-25 15:53:46 --> Session: Class initialized using 'CodeIgniter\Session\Handlers\FileHandler' driver.
DEBUG - 2026-04-25 15:53:52 --> Session: Class initialized using 'CodeIgniter\Session\Handlers\FileHandler' driver.
DEBUG - 2026-04-25 16:08:19 --> Session: Class initialized using 'CodeIgniter\Session\Handlers\FileHandler' driver.
DEBUG - 2026-04-25 16:08:24 --> Session: Class initialized using 'CodeIgniter\Session\Handlers\FileHandler' driver.
DEBUG - 2026-04-25 16:08:31 --> Session: Class initialized using 'CodeIgniter\Session\Handlers\FileHandler' driver.
DEBUG - 2026-04-25 16:08:47 --> Session: Class initialized using 'CodeIgniter\Session\Handlers\FileHandler' driver.
DEBUG - 2026-04-25 16:09:38 --> Session: Class initialized using 'CodeIgniter\Session\Handlers\FileHandler' driver.
DEBUG - 2026-04-25 16:09:42 --> Session: Class initialized using 'CodeIgniter\Session\Handlers\FileHandler' driver.
DEBUG - 2026-04-25 16:09:46 --> Session: Class initialized using 'CodeIgniter\Session\Handlers\FileHandler' driver.
DEBUG - 2026-04-25 16:09:49 --> Session: Class initialized using 'CodeIgniter\Session\Handlers\FileHandler' driver.
DEBUG - 2026-04-25 16:10:02 --> Session: Class initialized using 'CodeIgniter\Session\Handlers\FileHandler' driver.
DEBUG - 2026-04-25 16:10:11 --> Session: Class initialized using 'CodeIgniter\Session\Handlers\FileHandler' driver.
DEBUG - 2026-04-25 16:10:21 --> Session: Class initialized using 'CodeIgniter\Session\Handlers\FileHandler' driver.
DEBUG - 2026-04-25 16:10:28 --> Session: Class initialized using 'CodeIgniter\Session\Handlers\FileHandler' driver.
DEBUG - 2026-04-25 16:10:40 --> Session: Class initialized using 'CodeIgniter\Session\Handlers\FileHandler' driver.
DEBUG - 2026-04-25 16:13:09 --> Session: Class initialized using 'CodeIgniter\Session\Handlers\FileHandler' driver.
DEBUG - 2026-04-25 16:14:27 --> Session: Class initialized using 'CodeIgniter\Session\Handlers\FileHandler' driver.
DEBUG - 2026-04-25 16:16:18 --> Session: Class initialized using 'CodeIgniter\Session\Handlers\FileHandler' driver.
DEBUG - 2026-04-25 16:18:04 --> Session: Class initialized using 'CodeIgniter\Session\Handlers\FileHandler' driver.
DEBUG - 2026-04-25 16:22:59 --> Session: Class initialized using 'CodeIgniter\Session\Handlers\FileHandler' driver.
DEBUG - 2026-04-25 16:23:28 --> Session: Class initialized using 'CodeIgniter\Session\Handlers\FileHandler' driver.
DEBUG - 2026-04-25 16:25:13 --> Session: Class initialized using 'CodeIgniter\Session\Handlers\FileHandler' driver.
DEBUG - 2026-04-25 16:25:57 --> Session: Class initialized using 'CodeIgniter\Session\Handlers\FileHandler' driver.
DEBUG - 2026-04-25 16:26:20 --> Session: Class initialized using 'CodeIgniter\Session\Handlers\FileHandler' driver.
DEBUG - 2026-04-25 16:27:35 --> Session: Class initialized using 'CodeIgniter\Session\Handlers\FileHandler' driver.
DEBUG - 2026-04-25 16:27:37 --> Session: Class initialized using 'CodeIgniter\Session\Handlers\FileHandler' driver.
DEBUG - 2026-04-25 16:28:41 --> Session: Class initialized using 'CodeIgniter\Session\Handlers\FileHandler' driver.
DEBUG - 2026-04-25 16:28:55 --> Session: Class initialized using 'CodeIgniter\Session\Handlers\FileHandler' driver.
DEBUG - 2026-04-25 16:29:03 --> Session: Class initialized using 'CodeIgniter\Session\Handlers\FileHandler' driver.
DEBUG - 2026-04-25 16:29:05 --> Session: Class initialized using 'CodeIgniter\Session\Handlers\FileHandler' driver.
DEBUG - 2026-04-25 16:29:09 --> Session: Class initialized using 'CodeIgniter\Session\Handlers\FileHandler' driver.
DEBUG - 2026-04-25 16:29:17 --> Session: Class initialized using 'CodeIgniter\Session\Handlers\FileHandler' driver.
DEBUG - 2026-04-25 16:34:11 --> Session: Class initialized using 'CodeIgniter\Session\Handlers\FileHandler' driver.
CRITICAL - 2026-04-25 16:34:32 --> ErrorException: Undefined property: App\Controllers\Users::$db
[Method: GET, Route: users]
in APPPATH\Controllers\Users.php on line 19.
 1 APPPATH\Controllers\Users.php(19): CodeIgniter\Debug\Exceptions->errorHandler(2, 'Undefined property: App\\Controllers\\Users::$db', 'C:\\xampp\\htdocs\\perpus\\app\\Controllers\\Users.php', 19)
 2 SYSTEMPATH\CodeIgniter.php(933): App\Controllers\Users->index()
 3 SYSTEMPATH\CodeIgniter.php(507): CodeIgniter\CodeIgniter->runController(Object(App\Controllers\Users))
 4 SYSTEMPATH\CodeIgniter.php(354): CodeIgniter\CodeIgniter->handleRequest(null, Object(Config\Cache), false)
 5 SYSTEMPATH\Boot.php(363): CodeIgniter\CodeIgniter->run()
 6 SYSTEMPATH\Boot.php(68): CodeIgniter\Boot::runCodeIgniter(Object(CodeIgniter\CodeIgniter))
 7 FCPATH\index.php(59): CodeIgniter\Boot::bootWeb(Object(Config\Paths))
CRITICAL - 2026-04-25 16:35:28 --> ParseError: syntax error, unexpected token "public", expecting end of file
[Method: GET, Route: users]
in APPPATH\Controllers\Users.php on line 33.
 1 SYSTEMPATH\Autoloader\Autoloader.php(295): CodeIgniter\Autoloader\Autoloader->includeFile('C:\\xampp\\htdocs\\perpus\\app\\Controllers\\Users.php')
 2 SYSTEMPATH\Autoloader\Autoloader.php(271): CodeIgniter\Autoloader\Autoloader->loadInNamespace('App\\Controllers\\Users')
 3 [internal function]: CodeIgniter\Autoloader\Autoloader->loadClass('App\\Controllers\\Users')
 4 SYSTEMPATH\CodeIgniter.php(885): class_exists('\\App\\Controllers\\Users', true)
 5 SYSTEMPATH\CodeIgniter.php(494): CodeIgniter\CodeIgniter->startController()
 6 SYSTEMPATH\CodeIgniter.php(354): CodeIgniter\CodeIgniter->handleRequest(null, Object(Config\Cache), false)
 7 SYSTEMPATH\Boot.php(363): CodeIgniter\CodeIgniter->run()
 8 SYSTEMPATH\Boot.php(68): CodeIgniter\Boot::runCodeIgniter(Object(CodeIgniter\CodeIgniter))
 9 FCPATH\index.php(59): CodeIgniter\Boot::bootWeb(Object(Config\Paths))
CRITICAL - 2026-04-25 16:36:00 --> ErrorException: Undefined property: App\Controllers\Users::$db
[Method: GET, Route: users]
in APPPATH\Controllers\Users.php on line 19.
 1 APPPATH\Controllers\Users.php(19): CodeIgniter\Debug\Exceptions->errorHandler(2, 'Undefined property: App\\Controllers\\Users::$db', 'C:\\xampp\\htdocs\\perpus\\app\\Controllers\\Users.php', 19)
 2 SYSTEMPATH\CodeIgniter.php(933): App\Controllers\Users->index()
 3 SYSTEMPATH\CodeIgniter.php(507): CodeIgniter\CodeIgniter->runController(Object(App\Controllers\Users))
 4 SYSTEMPATH\CodeIgniter.php(354): CodeIgniter\CodeIgniter->handleRequest(null, Object(Config\Cache), false)
 5 SYSTEMPATH\Boot.php(363): CodeIgniter\CodeIgniter->run()
 6 SYSTEMPATH\Boot.php(68): CodeIgniter\Boot::runCodeIgniter(Object(CodeIgniter\CodeIgniter))
 7 FCPATH\index.php(59): CodeIgniter\Boot::bootWeb(Object(Config\Paths))
CRITICAL - 2026-04-25 16:37:44 --> ParseError: syntax error, unexpected token "public", expecting end of file
[Method: GET, Route: users]
in APPPATH\Controllers\Users.php on line 144.
 1 SYSTEMPATH\Autoloader\Autoloader.php(295): CodeIgniter\Autoloader\Autoloader->includeFile('C:\\xampp\\htdocs\\perpus\\app\\Controllers\\Users.php')
 2 SYSTEMPATH\Autoloader\Autoloader.php(271): CodeIgniter\Autoloader\Autoloader->loadInNamespace('App\\Controllers\\Users')
 3 [internal function]: CodeIgniter\Autoloader\Autoloader->loadClass('App\\Controllers\\Users')
 4 SYSTEMPATH\CodeIgniter.php(885): class_exists('\\App\\Controllers\\Users', true)
 5 SYSTEMPATH\CodeIgniter.php(494): CodeIgniter\CodeIgniter->startController()
 6 SYSTEMPATH\CodeIgniter.php(354): CodeIgniter\CodeIgniter->handleRequest(null, Object(Config\Cache), false)
 7 SYSTEMPATH\Boot.php(363): CodeIgniter\CodeIgniter->run()
 8 SYSTEMPATH\Boot.php(68): CodeIgniter\Boot::runCodeIgniter(Object(CodeIgniter\CodeIgniter))
 9 FCPATH\index.php(59): CodeIgniter\Boot::bootWeb(Object(Config\Paths))
CRITICAL - 2026-04-25 16:39:37 --> ParseError: syntax error, unexpected token "public", expecting end of file
[Method: GET, Route: users]
in APPPATH\Controllers\Users.php on line 144.
 1 SYSTEMPATH\Autoloader\Autoloader.php(295): CodeIgniter\Autoloader\Autoloader->includeFile('C:\\xampp\\htdocs\\perpus\\app\\Controllers\\Users.php')
 2 SYSTEMPATH\Autoloader\Autoloader.php(271): CodeIgniter\Autoloader\Autoloader->loadInNamespace('App\\Controllers\\Users')
 3 [internal function]: CodeIgniter\Autoloader\Autoloader->loadClass('App\\Controllers\\Users')
 4 SYSTEMPATH\CodeIgniter.php(885): class_exists('\\App\\Controllers\\Users', true)
 5 SYSTEMPATH\CodeIgniter.php(494): CodeIgniter\CodeIgniter->startController()
 6 SYSTEMPATH\CodeIgniter.php(354): CodeIgniter\CodeIgniter->handleRequest(null, Object(Config\Cache), false)
 7 SYSTEMPATH\Boot.php(363): CodeIgniter\CodeIgniter->run()
 8 SYSTEMPATH\Boot.php(68): CodeIgniter\Boot::runCodeIgniter(Object(CodeIgniter\CodeIgniter))
 9 FCPATH\index.php(59): CodeIgniter\Boot::bootWeb(Object(Config\Paths))
CRITICAL - 2026-04-25 16:40:58 --> ParseError: syntax error, unexpected token "public", expecting end of file
[Method: GET, Route: users]
in APPPATH\Controllers\Users.php on line 144.
 1 SYSTEMPATH\Autoloader\Autoloader.php(295): CodeIgniter\Autoloader\Autoloader->includeFile('C:\\xampp\\htdocs\\perpus\\app\\Controllers\\Users.php')
 2 SYSTEMPATH\Autoloader\Autoloader.php(271): CodeIgniter\Autoloader\Autoloader->loadInNamespace('App\\Controllers\\Users')
 3 [internal function]: CodeIgniter\Autoloader\Autoloader->loadClass('App\\Controllers\\Users')
 4 SYSTEMPATH\CodeIgniter.php(885): class_exists('\\App\\Controllers\\Users', true)
 5 SYSTEMPATH\CodeIgniter.php(494): CodeIgniter\CodeIgniter->startController()
 6 SYSTEMPATH\CodeIgniter.php(354): CodeIgniter\CodeIgniter->handleRequest(null, Object(Config\Cache), false)
 7 SYSTEMPATH\Boot.php(363): CodeIgniter\CodeIgniter->run()
 8 SYSTEMPATH\Boot.php(68): CodeIgniter\Boot::runCodeIgniter(Object(CodeIgniter\CodeIgniter))
 9 FCPATH\index.php(59): CodeIgniter\Boot::bootWeb(Object(Config\Paths))
DEBUG - 2026-04-25 16:42:37 --> Session: Class initialized using 'CodeIgniter\Session\Handlers\FileHandler' driver.
DEBUG - 2026-04-25 16:42:41 --> Session: Class initialized using 'CodeIgniter\Session\Handlers\FileHandler' driver.
DEBUG - 2026-04-25 16:42:44 --> Session: Class initialized using 'CodeIgniter\Session\Handlers\FileHandler' driver.
DEBUG - 2026-04-25 16:43:02 --> Session: Class initialized using 'CodeIgniter\Session\Handlers\FileHandler' driver.
DEBUG - 2026-04-25 16:43:06 --> Session: Class initialized using 'CodeIgniter\Session\Handlers\FileHandler' driver.
DEBUG - 2026-04-25 16:43:13 --> Session: Class initialized using 'CodeIgniter\Session\Handlers\FileHandler' driver.
DEBUG - 2026-04-25 16:43:18 --> Session: Class initialized using 'CodeIgniter\Session\Handlers\FileHandler' driver.
DEBUG - 2026-04-25 16:43:26 --> Session: Class initialized using 'CodeIgniter\Session\Handlers\FileHandler' driver.
DEBUG - 2026-04-25 16:43:26 --> Session: Class initialized using 'CodeIgniter\Session\Handlers\FileHandler' driver.
DEBUG - 2026-04-25 16:44:09 --> Session: Class initialized using 'CodeIgniter\Session\Handlers\FileHandler' driver.
DEBUG - 2026-04-25 16:45:05 --> Session: Class initialized using 'CodeIgniter\Session\Handlers\FileHandler' driver.
DEBUG - 2026-04-25 16:45:08 --> Session: Class initialized using 'CodeIgniter\Session\Handlers\FileHandler' driver.
DEBUG - 2026-04-25 16:45:46 --> Session: Class initialized using 'CodeIgniter\Session\Handlers\FileHandler' driver.
DEBUG - 2026-04-25 16:45:47 --> Session: Class initialized using 'CodeIgniter\Session\Handlers\FileHandler' driver.
DEBUG - 2026-04-25 16:45:47 --> Session: Class initialized using 'CodeIgniter\Session\Handlers\FileHandler' driver.
DEBUG - 2026-04-25 16:46:49 --> Session: Class initialized using 'CodeIgniter\Session\Handlers\FileHandler' driver.
DEBUG - 2026-04-25 16:46:56 --> Session: Class initialized using 'CodeIgniter\Session\Handlers\FileHandler' driver.
DEBUG - 2026-04-25 16:47:55 --> Session: Class initialized using 'CodeIgniter\Session\Handlers\FileHandler' driver.
DEBUG - 2026-04-25 16:47:56 --> Session: Class initialized using 'CodeIgniter\Session\Handlers\FileHandler' driver.
DEBUG - 2026-04-25 16:48:19 --> Session: Class initialized using 'CodeIgniter\Session\Handlers\FileHandler' driver.
DEBUG - 2026-04-25 16:48:31 --> Session: Class initialized using 'CodeIgniter\Session\Handlers\FileHandler' driver.
DEBUG - 2026-04-25 16:48:42 --> Session: Class initialized using 'CodeIgniter\Session\Handlers\FileHandler' driver.
DEBUG - 2026-04-25 16:48:50 --> Session: Class initialized using 'CodeIgniter\Session\Handlers\FileHandler' driver.
DEBUG - 2026-04-25 16:48:50 --> Session: Class initialized using 'CodeIgniter\Session\Handlers\FileHandler' driver.
DEBUG - 2026-04-25 16:48:57 --> Session: Class initialized using 'CodeIgniter\Session\Handlers\FileHandler' driver.
DEBUG - 2026-04-25 16:49:04 --> Session: Class initialized using 'CodeIgniter\Session\Handlers\FileHandler' driver.
DEBUG - 2026-04-25 16:49:04 --> Session: Class initialized using 'CodeIgniter\Session\Handlers\FileHandler' driver.
DEBUG - 2026-04-25 16:49:11 --> Session: Class initialized using 'CodeIgniter\Session\Handlers\FileHandler' driver.
DEBUG - 2026-04-25 16:49:16 --> Session: Class initialized using 'CodeIgniter\Session\Handlers\FileHandler' driver.
DEBUG - 2026-04-25 16:49:16 --> Session: Class initialized using 'CodeIgniter\Session\Handlers\FileHandler' driver.
ERROR - 2026-04-25 16:52:40 --> mysqli_sql_exception: Unknown column 'buku.isbn' in 'field list' in C:\xampp\htdocs\perpus\system\Database\MySQLi\Connection.php:327
Stack trace:
#0 C:\xampp\htdocs\perpus\system\Database\MySQLi\Connection.php(327): mysqli->query('SELECT `buku`.`...', 0)
#1 C:\xampp\htdocs\perpus\system\Database\BaseConnection.php(729): CodeIgniter\Database\MySQLi\Connection->execute('SELECT `buku`.`...')
#2 C:\xampp\htdocs\perpus\system\Database\BaseConnection.php(646): CodeIgniter\Database\BaseConnection->simpleQuery('SELECT `buku`.`...')
#3 C:\xampp\htdocs\perpus\system\Database\BaseBuilder.php(1649): CodeIgniter\Database\BaseConnection->query('SELECT `buku`.`...', Array, false)
#4 C:\xampp\htdocs\perpus\app\Controllers\Buku.php(46): CodeIgniter\Database\BaseBuilder->get()
#5 C:\xampp\htdocs\perpus\system\CodeIgniter.php(933): App\Controllers\Buku->index()
#6 C:\xampp\htdocs\perpus\system\CodeIgniter.php(507): CodeIgniter\CodeIgniter->runController(Object(App\Controllers\Buku))
#7 C:\xampp\htdocs\perpus\system\CodeIgniter.php(354): CodeIgniter\CodeIgniter->handleRequest(NULL, Object(Config\Cache), false)
#8 C:\xampp\htdocs\perpus\system\Boot.php(363): CodeIgniter\CodeIgniter->run()
#9 C:\xampp\htdocs\perpus\system\Boot.php(68): CodeIgniter\Boot::runCodeIgniter(Object(CodeIgniter\CodeIgniter))
#10 C:\xampp\htdocs\perpus\index.php(59): CodeIgniter\Boot::bootWeb(Object(Config\Paths))
#11 {main}
CRITICAL - 2026-04-25 16:52:40 --> CodeIgniter\Database\Exceptions\DatabaseException: Unknown column 'buku.isbn' in 'field list'
[Method: GET, Route: buku]
in SYSTEMPATH\Database\BaseConnection.php on line 684.
 1 SYSTEMPATH\Database\BaseBuilder.php(1649): CodeIgniter\Database\BaseConnection->query('SELECT `buku`.`id_buku`, `buku`.`isbn`, `buku`.`judul`, `buku`.`kategori`, `buku`.`penulis`, `buku`.`penerbit`, `buku`.`rak`, `buku`.`tahun`, `buku`.`jumlah`, `buku`.`tersedia`, `buku`.`cover`
FROM `buku`
LEFT JOIN `kategori` ON `kategori`.`id_kategori` = `buku`.`id_kategori`
LEFT JOIN `penulis` ON `penulis`.`id_penulis` = `buku`.`id_penulis`
LEFT JOIN `penerbit` ON `penerbit`.`id_penerbit` = `buku`.`id_penerbit`
LEFT JOIN `buku_rak` ON `buku_rak`.`id_buku` = `buku`.`id_buku`
LEFT JOIN `rak` ON `rak`.`id_rak` = `buku_rak`.`id_rak`', [], false)
 2 APPPATH\Controllers\Buku.php(46): CodeIgniter\Database\BaseBuilder->get()
 3 SYSTEMPATH\CodeIgniter.php(933): App\Controllers\Buku->index()
 4 SYSTEMPATH\CodeIgniter.php(507): CodeIgniter\CodeIgniter->runController(Object(App\Controllers\Buku))
 5 SYSTEMPATH\CodeIgniter.php(354): CodeIgniter\CodeIgniter->handleRequest(null, Object(Config\Cache), false)
 6 SYSTEMPATH\Boot.php(363): CodeIgniter\CodeIgniter->run()
 7 SYSTEMPATH\Boot.php(68): CodeIgniter\Boot::runCodeIgniter(Object(CodeIgniter\CodeIgniter))
 8 FCPATH\index.php(59): CodeIgniter\Boot::bootWeb(Object(Config\Paths))
CRITICAL - 2026-04-25 16:52:40 --> [Caused by] CodeIgniter\Database\Exceptions\DatabaseException: Unknown column 'buku.isbn' in 'field list'
in SYSTEMPATH\Database\MySQLi\Connection.php on line 332.
 1 SYSTEMPATH\Database\BaseConnection.php(729): CodeIgniter\Database\MySQLi\Connection->execute('SELECT `buku`.`id_buku`, `buku`.`isbn`, `buku`.`judul`, `buku`.`kategori`, `buku`.`penulis`, `buku`.`penerbit`, `buku`.`rak`, `buku`.`tahun`, `buku`.`jumlah`, `buku`.`tersedia`, `buku`.`cover`
FROM `buku`
LEFT JOIN `kategori` ON `kategori`.`id_kategori` = `buku`.`id_kategori`
LEFT JOIN `penulis` ON `penulis`.`id_penulis` = `buku`.`id_penulis`
LEFT JOIN `penerbit` ON `penerbit`.`id_penerbit` = `buku`.`id_penerbit`
LEFT JOIN `buku_rak` ON `buku_rak`.`id_buku` = `buku`.`id_buku`
LEFT JOIN `rak` ON `rak`.`id_rak` = `buku_rak`.`id_rak`')
 2 SYSTEMPATH\Database\BaseConnection.php(646): CodeIgniter\Database\BaseConnection->simpleQuery('SELECT `buku`.`id_buku`, `buku`.`isbn`, `buku`.`judul`, `buku`.`kategori`, `buku`.`penulis`, `buku`.`penerbit`, `buku`.`rak`, `buku`.`tahun`, `buku`.`jumlah`, `buku`.`tersedia`, `buku`.`cover`
FROM `buku`
LEFT JOIN `kategori` ON `kategori`.`id_kategori` = `buku`.`id_kategori`
LEFT JOIN `penulis` ON `penulis`.`id_penulis` = `buku`.`id_penulis`
LEFT JOIN `penerbit` ON `penerbit`.`id_penerbit` = `buku`.`id_penerbit`
LEFT JOIN `buku_rak` ON `buku_rak`.`id_buku` = `buku`.`id_buku`
LEFT JOIN `rak` ON `rak`.`id_rak` = `buku_rak`.`id_rak`')
 3 SYSTEMPATH\Database\BaseBuilder.php(1649): CodeIgniter\Database\BaseConnection->query('SELECT `buku`.`id_buku`, `buku`.`isbn`, `buku`.`judul`, `buku`.`kategori`, `buku`.`penulis`, `buku`.`penerbit`, `buku`.`rak`, `buku`.`tahun`, `buku`.`jumlah`, `buku`.`tersedia`, `buku`.`cover`
FROM `buku`
LEFT JOIN `kategori` ON `kategori`.`id_kategori` = `buku`.`id_kategori`
LEFT JOIN `penulis` ON `penulis`.`id_penulis` = `buku`.`id_penulis`
LEFT JOIN `penerbit` ON `penerbit`.`id_penerbit` = `buku`.`id_penerbit`
LEFT JOIN `buku_rak` ON `buku_rak`.`id_buku` = `buku`.`id_buku`
LEFT JOIN `rak` ON `rak`.`id_rak` = `buku_rak`.`id_rak`', [], false)
 4 APPPATH\Controllers\Buku.php(46): CodeIgniter\Database\BaseBuilder->get()
 5 SYSTEMPATH\CodeIgniter.php(933): App\Controllers\Buku->index()
 6 SYSTEMPATH\CodeIgniter.php(507): CodeIgniter\CodeIgniter->runController(Object(App\Controllers\Buku))
 7 SYSTEMPATH\CodeIgniter.php(354): CodeIgniter\CodeIgniter->handleRequest(null, Object(Config\Cache), false)
 8 SYSTEMPATH\Boot.php(363): CodeIgniter\CodeIgniter->run()
 9 SYSTEMPATH\Boot.php(68): CodeIgniter\Boot::runCodeIgniter(Object(CodeIgniter\CodeIgniter))
10 FCPATH\index.php(59): CodeIgniter\Boot::bootWeb(Object(Config\Paths))
CRITICAL - 2026-04-25 16:52:40 --> [Caused by] mysqli_sql_exception: Unknown column 'buku.isbn' in 'field list'
in SYSTEMPATH\Database\MySQLi\Connection.php on line 327.
 1 SYSTEMPATH\Database\MySQLi\Connection.php(327): mysqli->query('SELECT `buku`.`id_buku`, `buku`.`isbn`, `buku`.`judul`, `buku`.`kategori`, `buku`.`penulis`, `buku`.`penerbit`, `buku`.`rak`, `buku`.`tahun`, `buku`.`jumlah`, `buku`.`tersedia`, `buku`.`cover`
FROM `buku`
LEFT JOIN `kategori` ON `kategori`.`id_kategori` = `buku`.`id_kategori`
LEFT JOIN `penulis` ON `penulis`.`id_penulis` = `buku`.`id_penulis`
LEFT JOIN `penerbit` ON `penerbit`.`id_penerbit` = `buku`.`id_penerbit`
LEFT JOIN `buku_rak` ON `buku_rak`.`id_buku` = `buku`.`id_buku`
LEFT JOIN `rak` ON `rak`.`id_rak` = `buku_rak`.`id_rak`', 0)
 2 SYSTEMPATH\Database\BaseConnection.php(729): CodeIgniter\Database\MySQLi\Connection->execute('SELECT `buku`.`id_buku`, `buku`.`isbn`, `buku`.`judul`, `buku`.`kategori`, `buku`.`penulis`, `buku`.`penerbit`, `buku`.`rak`, `buku`.`tahun`, `buku`.`jumlah`, `buku`.`tersedia`, `buku`.`cover`
FROM `buku`
LEFT JOIN `kategori` ON `kategori`.`id_kategori` = `buku`.`id_kategori`
LEFT JOIN `penulis` ON `penulis`.`id_penulis` = `buku`.`id_penulis`
LEFT JOIN `penerbit` ON `penerbit`.`id_penerbit` = `buku`.`id_penerbit`
LEFT JOIN `buku_rak` ON `buku_rak`.`id_buku` = `buku`.`id_buku`
LEFT JOIN `rak` ON `rak`.`id_rak` = `buku_rak`.`id_rak`')
 3 SYSTEMPATH\Database\BaseConnection.php(646): CodeIgniter\Database\BaseConnection->simpleQuery('SELECT `buku`.`id_buku`, `buku`.`isbn`, `buku`.`judul`, `buku`.`kategori`, `buku`.`penulis`, `buku`.`penerbit`, `buku`.`rak`, `buku`.`tahun`, `buku`.`jumlah`, `buku`.`tersedia`, `buku`.`cover`
FROM `buku`
LEFT JOIN `kategori` ON `kategori`.`id_kategori` = `buku`.`id_kategori`
LEFT JOIN `penulis` ON `penulis`.`id_penulis` = `buku`.`id_penulis`
LEFT JOIN `penerbit` ON `penerbit`.`id_penerbit` = `buku`.`id_penerbit`
LEFT JOIN `buku_rak` ON `buku_rak`.`id_buku` = `buku`.`id_buku`
LEFT JOIN `rak` ON `rak`.`id_rak` = `buku_rak`.`id_rak`')
 4 SYSTEMPATH\Database\BaseBuilder.php(1649): CodeIgniter\Database\BaseConnection->query('SELECT `buku`.`id_buku`, `buku`.`isbn`, `buku`.`judul`, `buku`.`kategori`, `buku`.`penulis`, `buku`.`penerbit`, `buku`.`rak`, `buku`.`tahun`, `buku`.`jumlah`, `buku`.`tersedia`, `buku`.`cover`
FROM `buku`
LEFT JOIN `kategori` ON `kategori`.`id_kategori` = `buku`.`id_kategori`
LEFT JOIN `penulis` ON `penulis`.`id_penulis` = `buku`.`id_penulis`
LEFT JOIN `penerbit` ON `penerbit`.`id_penerbit` = `buku`.`id_penerbit`
LEFT JOIN `buku_rak` ON `buku_rak`.`id_buku` = `buku`.`id_buku`
LEFT JOIN `rak` ON `rak`.`id_rak` = `buku_rak`.`id_rak`', [], false)
 5 APPPATH\Controllers\Buku.php(46): CodeIgniter\Database\BaseBuilder->get()
 6 SYSTEMPATH\CodeIgniter.php(933): App\Controllers\Buku->index()
 7 SYSTEMPATH\CodeIgniter.php(507): CodeIgniter\CodeIgniter->runController(Object(App\Controllers\Buku))
 8 SYSTEMPATH\CodeIgniter.php(354): CodeIgniter\CodeIgniter->handleRequest(null, Object(Config\Cache), false)
 9 SYSTEMPATH\Boot.php(363): CodeIgniter\CodeIgniter->run()
10 SYSTEMPATH\Boot.php(68): CodeIgniter\Boot::runCodeIgniter(Object(CodeIgniter\CodeIgniter))
11 FCPATH\index.php(59): CodeIgniter\Boot::bootWeb(Object(Config\Paths))
DEBUG - 2026-04-25 16:53:50 --> Session: Class initialized using 'CodeIgniter\Session\Handlers\FileHandler' driver.
DEBUG - 2026-04-25 16:55:41 --> Session: Class initialized using 'CodeIgniter\Session\Handlers\FileHandler' driver.
DEBUG - 2026-04-25 16:55:49 --> Session: Class initialized using 'CodeIgniter\Session\Handlers\FileHandler' driver.
DEBUG - 2026-04-25 16:56:14 --> Session: Class initialized using 'CodeIgniter\Session\Handlers\FileHandler' driver.
DEBUG - 2026-04-25 16:56:14 --> Session: Class initialized using 'CodeIgniter\Session\Handlers\FileHandler' driver.
DEBUG - 2026-04-25 16:56:23 --> Session: Class initialized using 'CodeIgniter\Session\Handlers\FileHandler' driver.
DEBUG - 2026-04-25 16:56:54 --> Session: Class initialized using 'CodeIgniter\Session\Handlers\FileHandler' driver.
DEBUG - 2026-04-25 16:57:21 --> Session: Class initialized using 'CodeIgniter\Session\Handlers\FileHandler' driver.
DEBUG - 2026-04-25 16:57:21 --> Session: Class initialized using 'CodeIgniter\Session\Handlers\FileHandler' driver.
DEBUG - 2026-04-25 16:57:32 --> Session: Class initialized using 'CodeIgniter\Session\Handlers\FileHandler' driver.
DEBUG - 2026-04-25 16:57:50 --> Session: Class initialized using 'CodeIgniter\Session\Handlers\FileHandler' driver.
DEBUG - 2026-04-25 16:58:15 --> Session: Class initialized using 'CodeIgniter\Session\Handlers\FileHandler' driver.
DEBUG - 2026-04-25 16:58:19 --> Session: Class initialized using 'CodeIgniter\Session\Handlers\FileHandler' driver.
DEBUG - 2026-04-25 16:58:48 --> Session: Class initialized using 'CodeIgniter\Session\Handlers\FileHandler' driver.
DEBUG - 2026-04-25 16:58:48 --> Session: Class initialized using 'CodeIgniter\Session\Handlers\FileHandler' driver.
DEBUG - 2026-04-25 16:58:55 --> Session: Class initialized using 'CodeIgniter\Session\Handlers\FileHandler' driver.
DEBUG - 2026-04-25 16:59:21 --> Session: Class initialized using 'CodeIgniter\Session\Handlers\FileHandler' driver.
DEBUG - 2026-04-25 16:59:21 --> Session: Class initialized using 'CodeIgniter\Session\Handlers\FileHandler' driver.
DEBUG - 2026-04-25 16:59:28 --> Session: Class initialized using 'CodeIgniter\Session\Handlers\FileHandler' driver.
DEBUG - 2026-04-25 16:59:33 --> Session: Class initialized using 'CodeIgniter\Session\Handlers\FileHandler' driver.
DEBUG - 2026-04-25 16:59:33 --> Session: Class initialized using 'CodeIgniter\Session\Handlers\FileHandler' driver.
DEBUG - 2026-04-25 17:01:18 --> Session: Class initialized using 'CodeIgniter\Session\Handlers\FileHandler' driver.
DEBUG - 2026-04-25 17:01:21 --> Session: Class initialized using 'CodeIgniter\Session\Handlers\FileHandler' driver.
DEBUG - 2026-04-25 17:01:37 --> Session: Class initialized using 'CodeIgniter\Session\Handlers\FileHandler' driver.
DEBUG - 2026-04-25 17:01:37 --> Session: Class initialized using 'CodeIgniter\Session\Handlers\FileHandler' driver.
DEBUG - 2026-04-25 17:01:51 --> Session: Class initialized using 'CodeIgniter\Session\Handlers\FileHandler' driver.
DEBUG - 2026-04-25 17:03:48 --> Session: Class initialized using 'CodeIgniter\Session\Handlers\FileHandler' driver.
DEBUG - 2026-04-25 17:04:38 --> Session: Class initialized using 'CodeIgniter\Session\Handlers\FileHandler' driver.
DEBUG - 2026-04-25 17:05:34 --> Session: Class initialized using 'CodeIgniter\Session\Handlers\FileHandler' driver.
DEBUG - 2026-04-25 17:05:36 --> Session: Class initialized using 'CodeIgniter\Session\Handlers\FileHandler' driver.
DEBUG - 2026-04-25 17:07:12 --> Session: Class initialized using 'CodeIgniter\Session\Handlers\FileHandler' driver.
DEBUG - 2026-04-25 17:10:10 --> Session: Class initialized using 'CodeIgniter\Session\Handlers\FileHandler' driver.
DEBUG - 2026-04-25 17:10:56 --> Session: Class initialized using 'CodeIgniter\Session\Handlers\FileHandler' driver.
DEBUG - 2026-04-25 17:12:11 --> Session: Class initialized using 'CodeIgniter\Session\Handlers\FileHandler' driver.
DEBUG - 2026-04-25 17:12:23 --> Session: Class initialized using 'CodeIgniter\Session\Handlers\FileHandler' driver.
DEBUG - 2026-04-25 17:15:27 --> Session: Class initialized using 'CodeIgniter\Session\Handlers\FileHandler' driver.
DEBUG - 2026-04-25 17:16:37 --> Session: Class initialized using 'CodeIgniter\Session\Handlers\FileHandler' driver.
DEBUG - 2026-04-25 17:16:41 --> Session: Class initialized using 'CodeIgniter\Session\Handlers\FileHandler' driver.
DEBUG - 2026-04-25 17:17:01 --> Session: Class initialized using 'CodeIgniter\Session\Handlers\FileHandler' driver.
DEBUG - 2026-04-25 17:17:01 --> Session: Class initialized using 'CodeIgniter\Session\Handlers\FileHandler' driver.
DEBUG - 2026-04-25 17:17:10 --> Session: Class initialized using 'CodeIgniter\Session\Handlers\FileHandler' driver.
DEBUG - 2026-04-25 17:17:16 --> Session: Class initialized using 'CodeIgniter\Session\Handlers\FileHandler' driver.
DEBUG - 2026-04-25 17:17:17 --> Session: Class initialized using 'CodeIgniter\Session\Handlers\FileHandler' driver.
DEBUG - 2026-04-25 17:17:22 --> Session: Class initialized using 'CodeIgniter\Session\Handlers\FileHandler' driver.
DEBUG - 2026-04-25 17:17:30 --> Session: Class initialized using 'CodeIgniter\Session\Handlers\FileHandler' driver.
DEBUG - 2026-04-25 17:17:31 --> Session: Class initialized using 'CodeIgniter\Session\Handlers\FileHandler' driver.
DEBUG - 2026-04-25 17:17:35 --> Session: Class initialized using 'CodeIgniter\Session\Handlers\FileHandler' driver.
DEBUG - 2026-04-25 17:17:47 --> Session: Class initialized using 'CodeIgniter\Session\Handlers\FileHandler' driver.
DEBUG - 2026-04-25 17:17:52 --> Session: Class initialized using 'CodeIgniter\Session\Handlers\FileHandler' driver.
DEBUG - 2026-04-25 17:17:52 --> Session: Class initialized using 'CodeIgniter\Session\Handlers\FileHandler' driver.
DEBUG - 2026-04-25 17:18:06 --> Session: Class initialized using 'CodeIgniter\Session\Handlers\FileHandler' driver.
DEBUG - 2026-04-25 17:19:50 --> Session: Class initialized using 'CodeIgniter\Session\Handlers\FileHandler' driver.
DEBUG - 2026-04-25 17:19:55 --> Session: Class initialized using 'CodeIgniter\Session\Handlers\FileHandler' driver.
CRITICAL - 2026-04-25 17:20:00 --> ParseError: syntax error, unexpected token "public", expecting end of file
[Method: GET, Route: peminjaman]
in APPPATH\Controllers\peminjaman.php on line 42.
 1 SYSTEMPATH\Autoloader\Autoloader.php(295): CodeIgniter\Autoloader\Autoloader->includeFile('C:\\xampp\\htdocs\\perpus\\app\\Controllers\\Peminjaman.php')
 2 SYSTEMPATH\Autoloader\Autoloader.php(271): CodeIgniter\Autoloader\Autoloader->loadInNamespace('App\\Controllers\\Peminjaman')
 3 [internal function]: CodeIgniter\Autoloader\Autoloader->loadClass('App\\Controllers\\Peminjaman')
 4 SYSTEMPATH\CodeIgniter.php(885): class_exists('\\App\\Controllers\\Peminjaman', true)
 5 SYSTEMPATH\CodeIgniter.php(494): CodeIgniter\CodeIgniter->startController()
 6 SYSTEMPATH\CodeIgniter.php(354): CodeIgniter\CodeIgniter->handleRequest(null, Object(Config\Cache), false)
 7 SYSTEMPATH\Boot.php(363): CodeIgniter\CodeIgniter->run()
 8 SYSTEMPATH\Boot.php(68): CodeIgniter\Boot::runCodeIgniter(Object(CodeIgniter\CodeIgniter))
 9 FCPATH\index.php(59): CodeIgniter\Boot::bootWeb(Object(Config\Paths))
DEBUG - 2026-04-25 17:20:16 --> Session: Class initialized using 'CodeIgniter\Session\Handlers\FileHandler' driver.
CRITICAL - 2026-04-25 17:20:23 --> ParseError: syntax error, unexpected token "public", expecting end of file
[Method: GET, Route: peminjaman]
in APPPATH\Controllers\peminjaman.php on line 42.
 1 SYSTEMPATH\Autoloader\Autoloader.php(295): CodeIgniter\Autoloader\Autoloader->includeFile('C:\\xampp\\htdocs\\perpus\\app\\Controllers\\Peminjaman.php')
 2 SYSTEMPATH\Autoloader\Autoloader.php(271): CodeIgniter\Autoloader\Autoloader->loadInNamespace('App\\Controllers\\Peminjaman')
 3 [internal function]: CodeIgniter\Autoloader\Autoloader->loadClass('App\\Controllers\\Peminjaman')
 4 SYSTEMPATH\CodeIgniter.php(885): class_exists('\\App\\Controllers\\Peminjaman', true)
 5 SYSTEMPATH\CodeIgniter.php(494): CodeIgniter\CodeIgniter->startController()
 6 SYSTEMPATH\CodeIgniter.php(354): CodeIgniter\CodeIgniter->handleRequest(null, Object(Config\Cache), false)
 7 SYSTEMPATH\Boot.php(363): CodeIgniter\CodeIgniter->run()
 8 SYSTEMPATH\Boot.php(68): CodeIgniter\Boot::runCodeIgniter(Object(CodeIgniter\CodeIgniter))
 9 FCPATH\index.php(59): CodeIgniter\Boot::bootWeb(Object(Config\Paths))
DEBUG - 2026-04-25 17:23:15 --> Session: Class initialized using 'CodeIgniter\Session\Handlers\FileHandler' driver.
DEBUG - 2026-04-25 17:24:52 --> Session: Class initialized using 'CodeIgniter\Session\Handlers\FileHandler' driver.
DEBUG - 2026-04-25 17:25:01 --> Session: Class initialized using 'CodeIgniter\Session\Handlers\FileHandler' driver.
DEBUG - 2026-04-25 17:25:40 --> Session: Class initialized using 'CodeIgniter\Session\Handlers\FileHandler' driver.
DEBUG - 2026-04-25 17:25:43 --> Session: Class initialized using 'CodeIgniter\Session\Handlers\FileHandler' driver.
DEBUG - 2026-04-25 17:26:25 --> Session: Class initialized using 'CodeIgniter\Session\Handlers\FileHandler' driver.
DEBUG - 2026-04-25 17:26:28 --> Session: Class initialized using 'CodeIgniter\Session\Handlers\FileHandler' driver.
DEBUG - 2026-04-25 17:26:29 --> Session: Class initialized using 'CodeIgniter\Session\Handlers\FileHandler' driver.
DEBUG - 2026-04-25 17:26:32 --> Session: Class initialized using 'CodeIgniter\Session\Handlers\FileHandler' driver.
DEBUG - 2026-04-25 17:26:35 --> Session: Class initialized using 'CodeIgniter\Session\Handlers\FileHandler' driver.
DEBUG - 2026-04-25 17:28:26 --> Session: Class initialized using 'CodeIgniter\Session\Handlers\FileHandler' driver.
DEBUG - 2026-04-25 17:32:43 --> Session: Class initialized using 'CodeIgniter\Session\Handlers\FileHandler' driver.
DEBUG - 2026-04-25 17:32:46 --> Session: Class initialized using 'CodeIgniter\Session\Handlers\FileHandler' driver.
DEBUG - 2026-04-25 17:32:52 --> Session: Class initialized using 'CodeIgniter\Session\Handlers\FileHandler' driver.
DEBUG - 2026-04-25 17:32:57 --> Session: Class initialized using 'CodeIgniter\Session\Handlers\FileHandler' driver.
DEBUG - 2026-04-25 17:33:02 --> Session: Class initialized using 'CodeIgniter\Session\Handlers\FileHandler' driver.
DEBUG - 2026-04-25 17:33:17 --> Session: Class initialized using 'CodeIgniter\Session\Handlers\FileHandler' driver.
DEBUG - 2026-04-25 17:33:21 --> Session: Class initialized using 'CodeIgniter\Session\Handlers\FileHandler' driver.
DEBUG - 2026-04-25 17:33:26 --> Session: Class initialized using 'CodeIgniter\Session\Handlers\FileHandler' driver.
DEBUG - 2026-04-25 17:34:44 --> Session: Class initialized using 'CodeIgniter\Session\Handlers\FileHandler' driver.
DEBUG - 2026-04-25 17:34:46 --> Session: Class initialized using 'CodeIgniter\Session\Handlers\FileHandler' driver.
DEBUG - 2026-04-25 17:34:51 --> Session: Class initialized using 'CodeIgniter\Session\Handlers\FileHandler' driver.
DEBUG - 2026-04-25 17:35:02 --> Session: Class initialized using 'CodeIgniter\Session\Handlers\FileHandler' driver.
DEBUG - 2026-04-25 17:37:31 --> Session: Class initialized using 'CodeIgniter\Session\Handlers\FileHandler' driver.
DEBUG - 2026-04-25 17:39:02 --> Session: Class initialized using 'CodeIgniter\Session\Handlers\FileHandler' driver.
DEBUG - 2026-04-25 17:39:06 --> Session: Class initialized using 'CodeIgniter\Session\Handlers\FileHandler' driver.
DEBUG - 2026-04-25 17:39:12 --> Session: Class initialized using 'CodeIgniter\Session\Handlers\FileHandler' driver.
DEBUG - 2026-04-25 17:39:16 --> Session: Class initialized using 'CodeIgniter\Session\Handlers\FileHandler' driver.
DEBUG - 2026-04-25 17:39:24 --> Session: Class initialized using 'CodeIgniter\Session\Handlers\FileHandler' driver.
DEBUG - 2026-04-25 17:39:28 --> Session: Class initialized using 'CodeIgniter\Session\Handlers\FileHandler' driver.
DEBUG - 2026-04-25 17:44:13 --> Session: Class initialized using 'CodeIgniter\Session\Handlers\FileHandler' driver.
DEBUG - 2026-04-25 17:44:17 --> Session: Class initialized using 'CodeIgniter\Session\Handlers\FileHandler' driver.
DEBUG - 2026-04-25 17:44:21 --> Session: Class initialized using 'CodeIgniter\Session\Handlers\FileHandler' driver.
DEBUG - 2026-04-25 17:46:06 --> Session: Class initialized using 'CodeIgniter\Session\Handlers\FileHandler' driver.
DEBUG - 2026-04-25 17:51:24 --> Session: Class initialized using 'CodeIgniter\Session\Handlers\FileHandler' driver.
DEBUG - 2026-04-25 17:55:43 --> Session: Class initialized using 'CodeIgniter\Session\Handlers\FileHandler' driver.
DEBUG - 2026-04-25 17:57:48 --> Session: Class initialized using 'CodeIgniter\Session\Handlers\FileHandler' driver.
DEBUG - 2026-04-25 17:57:52 --> Session: Class initialized using 'CodeIgniter\Session\Handlers\FileHandler' driver.
DEBUG - 2026-04-25 17:58:03 --> Session: Class initialized using 'CodeIgniter\Session\Handlers\FileHandler' driver.
DEBUG - 2026-04-25 17:58:08 --> Session: Class initialized using 'CodeIgniter\Session\Handlers\FileHandler' driver.
DEBUG - 2026-04-25 17:58:10 --> Session: Class initialized using 'CodeIgniter\Session\Handlers\FileHandler' driver.
DEBUG - 2026-04-25 17:58:10 --> Session: Class initialized using 'CodeIgniter\Session\Handlers\FileHandler' driver.
DEBUG - 2026-04-25 17:58:21 --> Session: Class initialized using 'CodeIgniter\Session\Handlers\FileHandler' driver.
DEBUG - 2026-04-25 17:58:21 --> Session: Class initialized using 'CodeIgniter\Session\Handlers\FileHandler' driver.
DEBUG - 2026-04-25 18:14:25 --> Session: Class initialized using 'CodeIgniter\Session\Handlers\FileHandler' driver.
DEBUG - 2026-04-25 18:14:31 --> Session: Class initialized using 'CodeIgniter\Session\Handlers\FileHandler' driver.
DEBUG - 2026-04-25 18:14:31 --> Session: Class initialized using 'CodeIgniter\Session\Handlers\FileHandler' driver.
DEBUG - 2026-04-25 18:14:42 --> Session: Class initialized using 'CodeIgniter\Session\Handlers\FileHandler' driver.
DEBUG - 2026-04-25 18:14:43 --> Session: Class initialized using 'CodeIgniter\Session\Handlers\FileHandler' driver.
DEBUG - 2026-04-25 18:14:46 --> Session: Class initialized using 'CodeIgniter\Session\Handlers\FileHandler' driver.
DEBUG - 2026-04-25 18:14:52 --> Session: Class initialized using 'CodeIgniter\Session\Handlers\FileHandler' driver.
DEBUG - 2026-04-25 18:16:08 --> Session: Class initialized using 'CodeIgniter\Session\Handlers\FileHandler' driver.
DEBUG - 2026-04-25 18:16:17 --> Session: Class initialized using 'CodeIgniter\Session\Handlers\FileHandler' driver.
DEBUG - 2026-04-25 18:16:17 --> Session: Class initialized using 'CodeIgniter\Session\Handlers\FileHandler' driver.
CRITICAL - 2026-04-25 18:16:19 --> ParseError: syntax error, unexpected token "endforeach", expecting end of file
[Method: GET, Route: peminjaman]
in APPPATH\Views\peminjaman\index.php on line 70.
 1 SYSTEMPATH\View\View.php(229): CodeIgniter\View\View->CodeIgniter\View\{closure}()
 2 SYSTEMPATH\Common.php(1167): CodeIgniter\View\View->render('peminjaman/index', [], true)
 3 APPPATH\Controllers\peminjaman.php(38): view('peminjaman/index', [...])
 4 SYSTEMPATH\CodeIgniter.php(933): App\Controllers\Peminjaman->index()
 5 SYSTEMPATH\CodeIgniter.php(507): CodeIgniter\CodeIgniter->runController(Object(App\Controllers\Peminjaman))
 6 SYSTEMPATH\CodeIgniter.php(354): CodeIgniter\CodeIgniter->handleRequest(null, Object(Config\Cache), false)
 7 SYSTEMPATH\Boot.php(363): CodeIgniter\CodeIgniter->run()
 8 SYSTEMPATH\Boot.php(68): CodeIgniter\Boot::runCodeIgniter(Object(CodeIgniter\CodeIgniter))
 9 FCPATH\index.php(59): CodeIgniter\Boot::bootWeb(Object(Config\Paths))
CRITICAL - 2026-04-25 18:16:28 --> ParseError: syntax error, unexpected token "endforeach", expecting end of file
[Method: GET, Route: peminjaman]
in APPPATH\Views\peminjaman\index.php on line 70.
 1 SYSTEMPATH\View\View.php(229): CodeIgniter\View\View->CodeIgniter\View\{closure}()
 2 SYSTEMPATH\Common.php(1167): CodeIgniter\View\View->render('peminjaman/index', [], true)
 3 APPPATH\Controllers\peminjaman.php(38): view('peminjaman/index', [...])
 4 SYSTEMPATH\CodeIgniter.php(933): App\Controllers\Peminjaman->index()
 5 SYSTEMPATH\CodeIgniter.php(507): CodeIgniter\CodeIgniter->runController(Object(App\Controllers\Peminjaman))
 6 SYSTEMPATH\CodeIgniter.php(354): CodeIgniter\CodeIgniter->handleRequest(null, Object(Config\Cache), false)
 7 SYSTEMPATH\Boot.php(363): CodeIgniter\CodeIgniter->run()
 8 SYSTEMPATH\Boot.php(68): CodeIgniter\Boot::runCodeIgniter(Object(CodeIgniter\CodeIgniter))
 9 FCPATH\index.php(59): CodeIgniter\Boot::bootWeb(Object(Config\Paths))
CRITICAL - 2026-04-25 18:16:30 --> ParseError: syntax error, unexpected token "endforeach", expecting end of file
[Method: GET, Route: peminjaman]
in APPPATH\Views\peminjaman\index.php on line 70.
 1 SYSTEMPATH\View\View.php(229): CodeIgniter\View\View->CodeIgniter\View\{closure}()
 2 SYSTEMPATH\Common.php(1167): CodeIgniter\View\View->render('peminjaman/index', [], true)
 3 APPPATH\Controllers\peminjaman.php(38): view('peminjaman/index', [...])
 4 SYSTEMPATH\CodeIgniter.php(933): App\Controllers\Peminjaman->index()
 5 SYSTEMPATH\CodeIgniter.php(507): CodeIgniter\CodeIgniter->runController(Object(App\Controllers\Peminjaman))
 6 SYSTEMPATH\CodeIgniter.php(354): CodeIgniter\CodeIgniter->handleRequest(null, Object(Config\Cache), false)
 7 SYSTEMPATH\Boot.php(363): CodeIgniter\CodeIgniter->run()
 8 SYSTEMPATH\Boot.php(68): CodeIgniter\Boot::runCodeIgniter(Object(CodeIgniter\CodeIgniter))
 9 FCPATH\index.php(59): CodeIgniter\Boot::bootWeb(Object(Config\Paths))
DEBUG - 2026-04-25 18:16:57 --> Session: Class initialized using 'CodeIgniter\Session\Handlers\FileHandler' driver.
DEBUG - 2026-04-25 18:18:39 --> Session: Class initialized using 'CodeIgniter\Session\Handlers\FileHandler' driver.
DEBUG - 2026-04-25 18:18:42 --> Session: Class initialized using 'CodeIgniter\Session\Handlers\FileHandler' driver.
DEBUG - 2026-04-25 18:18:49 --> Session: Class initialized using 'CodeIgniter\Session\Handlers\FileHandler' driver.
DEBUG - 2026-04-25 18:18:49 --> Session: Class initialized using 'CodeIgniter\Session\Handlers\FileHandler' driver.
DEBUG - 2026-04-25 18:18:59 --> Session: Class initialized using 'CodeIgniter\Session\Handlers\FileHandler' driver.
DEBUG - 2026-04-25 18:18:59 --> Session: Class initialized using 'CodeIgniter\Session\Handlers\FileHandler' driver.
DEBUG - 2026-04-25 18:19:01 --> Session: Class initialized using 'CodeIgniter\Session\Handlers\FileHandler' driver.
CRITICAL - 2026-04-25 18:22:29 --> ErrorException: Undefined variable $p
[Method: GET, Route: dashboard]
in APPPATH\Views\layouts\main.php on line 61.
 1 APPPATH\Views\layouts\main.php(61): CodeIgniter\Debug\Exceptions->errorHandler(2, 'Undefined variable $p', 'C:\\xampp\\htdocs\\perpus\\app\\Views\\layouts\\main.php', 61)
 2 SYSTEMPATH\View\View.php(226): include('C:\\xampp\\htdocs\\perpus\\app\\Views\\layouts\\main.php')
 3 SYSTEMPATH\View\View.php(229): CodeIgniter\View\View->CodeIgniter\View\{closure}()
 4 SYSTEMPATH\View\View.php(242): CodeIgniter\View\View->render('layouts/main', [], true)
 5 SYSTEMPATH\Common.php(1167): CodeIgniter\View\View->render('layouts/dashboard', [], true)
 6 APPPATH\Controllers\Home.php(9): view('layouts/dashboard')
 7 SYSTEMPATH\CodeIgniter.php(933): App\Controllers\Home->index()
 8 SYSTEMPATH\CodeIgniter.php(507): CodeIgniter\CodeIgniter->runController(Object(App\Controllers\Home))
 9 SYSTEMPATH\CodeIgniter.php(354): CodeIgniter\CodeIgniter->handleRequest(null, Object(Config\Cache), false)
10 SYSTEMPATH\Boot.php(363): CodeIgniter\CodeIgniter->run()
11 SYSTEMPATH\Boot.php(68): CodeIgniter\Boot::runCodeIgniter(Object(CodeIgniter\CodeIgniter))
12 FCPATH\index.php(59): CodeIgniter\Boot::bootWeb(Object(Config\Paths))
DEBUG - 2026-04-25 18:23:09 --> Session: Class initialized using 'CodeIgniter\Session\Handlers\FileHandler' driver.
CRITICAL - 2026-04-25 18:23:09 --> ErrorException: Undefined variable $p
[Method: GET, Route: dashboard]
in APPPATH\Views\layouts\menu.php on line 32.
 1 APPPATH\Views\layouts\menu.php(32): CodeIgniter\Debug\Exceptions->errorHandler(2, 'Undefined variable $p', 'C:\\xampp\\htdocs\\perpus\\app\\Views\\layouts\\menu.php', 32)
 2 APPPATH\Views\layouts\main.php(99): include('C:\\xampp\\htdocs\\perpus\\app\\Views\\layouts\\menu.php')
 3 SYSTEMPATH\View\View.php(226): include('C:\\xampp\\htdocs\\perpus\\app\\Views\\layouts\\main.php')
 4 SYSTEMPATH\View\View.php(229): CodeIgniter\View\View->CodeIgniter\View\{closure}()
 5 SYSTEMPATH\View\View.php(242): CodeIgniter\View\View->render('layouts/main', [], true)
 6 SYSTEMPATH\Common.php(1167): CodeIgniter\View\View->render('layouts/dashboard', [], true)
 7 APPPATH\Controllers\Home.php(9): view('layouts/dashboard')
 8 SYSTEMPATH\CodeIgniter.php(933): App\Controllers\Home->index()
 9 SYSTEMPATH\CodeIgniter.php(507): CodeIgniter\CodeIgniter->runController(Object(App\Controllers\Home))
10 SYSTEMPATH\CodeIgniter.php(354): CodeIgniter\CodeIgniter->handleRequest(null, Object(Config\Cache), false)
11 SYSTEMPATH\Boot.php(363): CodeIgniter\CodeIgniter->run()
12 SYSTEMPATH\Boot.php(68): CodeIgniter\Boot::runCodeIgniter(Object(CodeIgniter\CodeIgniter))
13 FCPATH\index.php(59): CodeIgniter\Boot::bootWeb(Object(Config\Paths))
DEBUG - 2026-04-25 18:23:38 --> Session: Class initialized using 'CodeIgniter\Session\Handlers\FileHandler' driver.
DEBUG - 2026-04-25 18:23:47 --> Session: Class initialized using 'CodeIgniter\Session\Handlers\FileHandler' driver.
DEBUG - 2026-04-25 18:23:47 --> Session: Class initialized using 'CodeIgniter\Session\Handlers\FileHandler' driver.
DEBUG - 2026-04-25 18:24:18 --> Session: Class initialized using 'CodeIgniter\Session\Handlers\FileHandler' driver.
CRITICAL - 2026-04-25 18:24:18 --> ErrorException: Undefined variable $p
[Method: GET, Route: dashboard]
in APPPATH\Views\layouts\menu.php on line 32.
 1 APPPATH\Views\layouts\menu.php(32): CodeIgniter\Debug\Exceptions->errorHandler(2, 'Undefined variable $p', 'C:\\xampp\\htdocs\\perpus\\app\\Views\\layouts\\menu.php', 32)
 2 APPPATH\Views\layouts\main.php(99): include('C:\\xampp\\htdocs\\perpus\\app\\Views\\layouts\\menu.php')
 3 SYSTEMPATH\View\View.php(226): include('C:\\xampp\\htdocs\\perpus\\app\\Views\\layouts\\main.php')
 4 SYSTEMPATH\View\View.php(229): CodeIgniter\View\View->CodeIgniter\View\{closure}()
 5 SYSTEMPATH\View\View.php(242): CodeIgniter\View\View->render('layouts/main', [], true)
 6 SYSTEMPATH\Common.php(1167): CodeIgniter\View\View->render('layouts/dashboard', [], true)
 7 APPPATH\Controllers\Home.php(9): view('layouts/dashboard')
 8 SYSTEMPATH\CodeIgniter.php(933): App\Controllers\Home->index()
 9 SYSTEMPATH\CodeIgniter.php(507): CodeIgniter\CodeIgniter->runController(Object(App\Controllers\Home))
10 SYSTEMPATH\CodeIgniter.php(354): CodeIgniter\CodeIgniter->handleRequest(null, Object(Config\Cache), false)
11 SYSTEMPATH\Boot.php(363): CodeIgniter\CodeIgniter->run()
12 SYSTEMPATH\Boot.php(68): CodeIgniter\Boot::runCodeIgniter(Object(CodeIgniter\CodeIgniter))
13 FCPATH\index.php(59): CodeIgniter\Boot::bootWeb(Object(Config\Paths))
DEBUG - 2026-04-25 18:24:36 --> Session: Class initialized using 'CodeIgniter\Session\Handlers\FileHandler' driver.
CRITICAL - 2026-04-25 18:24:36 --> ErrorException: Undefined variable $p
[Method: GET, Route: dashboard]
in APPPATH\Views\layouts\menu.php on line 30.
 1 APPPATH\Views\layouts\menu.php(30): CodeIgniter\Debug\Exceptions->errorHandler(2, 'Undefined variable $p', 'C:\\xampp\\htdocs\\perpus\\app\\Views\\layouts\\menu.php', 30)
 2 APPPATH\Views\layouts\main.php(99): include('C:\\xampp\\htdocs\\perpus\\app\\Views\\layouts\\menu.php')
 3 SYSTEMPATH\View\View.php(226): include('C:\\xampp\\htdocs\\perpus\\app\\Views\\layouts\\main.php')
 4 SYSTEMPATH\View\View.php(229): CodeIgniter\View\View->CodeIgniter\View\{closure}()
 5 SYSTEMPATH\View\View.php(242): CodeIgniter\View\View->render('layouts/main', [], true)
 6 SYSTEMPATH\Common.php(1167): CodeIgniter\View\View->render('layouts/dashboard', [], true)
 7 APPPATH\Controllers\Home.php(9): view('layouts/dashboard')
 8 SYSTEMPATH\CodeIgniter.php(933): App\Controllers\Home->index()
 9 SYSTEMPATH\CodeIgniter.php(507): CodeIgniter\CodeIgniter->runController(Object(App\Controllers\Home))
10 SYSTEMPATH\CodeIgniter.php(354): CodeIgniter\CodeIgniter->handleRequest(null, Object(Config\Cache), false)
11 SYSTEMPATH\Boot.php(363): CodeIgniter\CodeIgniter->run()
12 SYSTEMPATH\Boot.php(68): CodeIgniter\Boot::runCodeIgniter(Object(CodeIgniter\CodeIgniter))
13 FCPATH\index.php(59): CodeIgniter\Boot::bootWeb(Object(Config\Paths))
DEBUG - 2026-04-25 18:24:44 --> Session: Class initialized using 'CodeIgniter\Session\Handlers\FileHandler' driver.
DEBUG - 2026-04-25 18:25:00 --> Session: Class initialized using 'CodeIgniter\Session\Handlers\FileHandler' driver.
CRITICAL - 2026-04-25 18:25:00 --> ErrorException: Undefined variable $p
[Method: GET, Route: dashboard]
in APPPATH\Views\layouts\menu.php on line 39.
 1 APPPATH\Views\layouts\menu.php(39): CodeIgniter\Debug\Exceptions->errorHandler(2, 'Undefined variable $p', 'C:\\xampp\\htdocs\\perpus\\app\\Views\\layouts\\menu.php', 39)
 2 APPPATH\Views\layouts\main.php(99): include('C:\\xampp\\htdocs\\perpus\\app\\Views\\layouts\\menu.php')
 3 SYSTEMPATH\View\View.php(226): include('C:\\xampp\\htdocs\\perpus\\app\\Views\\layouts\\main.php')
 4 SYSTEMPATH\View\View.php(229): CodeIgniter\View\View->CodeIgniter\View\{closure}()
 5 SYSTEMPATH\View\View.php(242): CodeIgniter\View\View->render('layouts/main', [], true)
 6 SYSTEMPATH\Common.php(1167): CodeIgniter\View\View->render('layouts/dashboard', [], true)
 7 APPPATH\Controllers\Home.php(9): view('layouts/dashboard')
 8 SYSTEMPATH\CodeIgniter.php(933): App\Controllers\Home->index()
 9 SYSTEMPATH\CodeIgniter.php(507): CodeIgniter\CodeIgniter->runController(Object(App\Controllers\Home))
10 SYSTEMPATH\CodeIgniter.php(354): CodeIgniter\CodeIgniter->handleRequest(null, Object(Config\Cache), false)
11 SYSTEMPATH\Boot.php(363): CodeIgniter\CodeIgniter->run()
12 SYSTEMPATH\Boot.php(68): CodeIgniter\Boot::runCodeIgniter(Object(CodeIgniter\CodeIgniter))
13 FCPATH\index.php(59): CodeIgniter\Boot::bootWeb(Object(Config\Paths))
DEBUG - 2026-04-25 18:28:40 --> Session: Class initialized using 'CodeIgniter\Session\Handlers\FileHandler' driver.
DEBUG - 2026-04-25 18:31:29 --> Session: Class initialized using 'CodeIgniter\Session\Handlers\FileHandler' driver.
DEBUG - 2026-04-25 18:31:32 --> Session: Class initialized using 'CodeIgniter\Session\Handlers\FileHandler' driver.
DEBUG - 2026-04-25 18:47:17 --> Session: Class initialized using 'CodeIgniter\Session\Handlers\FileHandler' driver.
DEBUG - 2026-04-25 18:47:22 --> Session: Class initialized using 'CodeIgniter\Session\Handlers\FileHandler' driver.
DEBUG - 2026-04-25 18:47:23 --> Session: Class initialized using 'CodeIgniter\Session\Handlers\FileHandler' driver.
DEBUG - 2026-04-25 18:47:26 --> Session: Class initialized using 'CodeIgniter\Session\Handlers\FileHandler' driver.
DEBUG - 2026-04-25 18:47:32 --> Session: Class initialized using 'CodeIgniter\Session\Handlers\FileHandler' driver.
DEBUG - 2026-04-25 18:47:35 --> Session: Class initialized using 'CodeIgniter\Session\Handlers\FileHandler' driver.
DEBUG - 2026-04-25 18:47:46 --> Session: Class initialized using 'CodeIgniter\Session\Handlers\FileHandler' driver.
DEBUG - 2026-04-25 18:50:26 --> Session: Class initialized using 'CodeIgniter\Session\Handlers\FileHandler' driver.
DEBUG - 2026-04-25 18:51:08 --> Session: Class initialized using 'CodeIgniter\Session\Handlers\FileHandler' driver.
DEBUG - 2026-04-25 19:06:03 --> Session: Class initialized using 'CodeIgniter\Session\Handlers\FileHandler' driver.
DEBUG - 2026-04-25 19:12:39 --> Session: Class initialized using 'CodeIgniter\Session\Handlers\FileHandler' driver.
DEBUG - 2026-04-25 19:12:43 --> Session: Class initialized using 'CodeIgniter\Session\Handlers\FileHandler' driver.
DEBUG - 2026-04-25 19:12:58 --> Session: Class initialized using 'CodeIgniter\Session\Handlers\FileHandler' driver.
DEBUG - 2026-04-25 19:13:39 --> Session: Class initialized using 'CodeIgniter\Session\Handlers\FileHandler' driver.
DEBUG - 2026-04-25 19:14:13 --> Session: Class initialized using 'CodeIgniter\Session\Handlers\FileHandler' driver.
DEBUG - 2026-04-25 19:14:47 --> Session: Class initialized using 'CodeIgniter\Session\Handlers\FileHandler' driver.
DEBUG - 2026-04-25 19:15:36 --> Session: Class initialized using 'CodeIgniter\Session\Handlers\FileHandler' driver.
DEBUG - 2026-04-25 19:17:37 --> Session: Class initialized using 'CodeIgniter\Session\Handlers\FileHandler' driver.
DEBUG - 2026-04-25 19:18:25 --> Session: Class initialized using 'CodeIgniter\Session\Handlers\FileHandler' driver.
DEBUG - 2026-04-25 19:21:08 --> Session: Class initialized using 'CodeIgniter\Session\Handlers\FileHandler' driver.
DEBUG - 2026-04-25 19:21:16 --> Session: Class initialized using 'CodeIgniter\Session\Handlers\FileHandler' driver.
DEBUG - 2026-04-25 19:21:24 --> Session: Class initialized using 'CodeIgniter\Session\Handlers\FileHandler' driver.
DEBUG - 2026-04-25 19:21:28 --> Session: Class initialized using 'CodeIgniter\Session\Handlers\FileHandler' driver.
DEBUG - 2026-04-25 19:24:34 --> Session: Class initialized using 'CodeIgniter\Session\Handlers\FileHandler' driver.
DEBUG - 2026-04-25 19:24:40 --> Session: Class initialized using 'CodeIgniter\Session\Handlers\FileHandler' driver.
DEBUG - 2026-04-25 19:24:44 --> Session: Class initialized using 'CodeIgniter\Session\Handlers\FileHandler' driver.
DEBUG - 2026-04-25 19:27:02 --> Session: Class initialized using 'CodeIgniter\Session\Handlers\FileHandler' driver.
DEBUG - 2026-04-25 19:27:04 --> Session: Class initialized using 'CodeIgniter\Session\Handlers\FileHandler' driver.
DEBUG - 2026-04-25 19:27:16 --> Session: Class initialized using 'CodeIgniter\Session\Handlers\FileHandler' driver.
DEBUG - 2026-04-25 19:27:20 --> Session: Class initialized using 'CodeIgniter\Session\Handlers\FileHandler' driver.
DEBUG - 2026-04-25 19:27:23 --> Session: Class initialized using 'CodeIgniter\Session\Handlers\FileHandler' driver.
DEBUG - 2026-04-25 19:27:25 --> Session: Class initialized using 'CodeIgniter\Session\Handlers\FileHandler' driver.
DEBUG - 2026-04-25 19:27:43 --> Session: Class initialized using 'CodeIgniter\Session\Handlers\FileHandler' driver.
DEBUG - 2026-04-25 19:39:50 --> Session: Class initialized using 'CodeIgniter\Session\Handlers\FileHandler' driver.
DEBUG - 2026-04-25 19:39:51 --> Session: Class initialized using 'CodeIgniter\Session\Handlers\FileHandler' driver.
DEBUG - 2026-04-25 19:39:58 --> Session: Class initialized using 'CodeIgniter\Session\Handlers\FileHandler' driver.
DEBUG - 2026-04-25 19:39:59 --> Session: Class initialized using 'CodeIgniter\Session\Handlers\FileHandler' driver.
DEBUG - 2026-04-25 19:39:59 --> Session: Class initialized using 'CodeIgniter\Session\Handlers\FileHandler' driver.
DEBUG - 2026-04-25 19:40:00 --> Session: Class initialized using 'CodeIgniter\Session\Handlers\FileHandler' driver.
DEBUG - 2026-04-25 19:58:07 --> Session: Class initialized using 'CodeIgniter\Session\Handlers\FileHandler' driver.
DEBUG - 2026-04-25 19:58:17 --> Session: Class initialized using 'CodeIgniter\Session\Handlers\FileHandler' driver.
