DEBUG - 2026-04-20 01:59:15 --> Session: Class initialized using 'CodeIgniter\Session\Handlers\FileHandler' driver.
DEBUG - 2026-04-20 01:59:17 --> Session: Class initialized using 'CodeIgniter\Session\Handlers\FileHandler' driver.
DEBUG - 2026-04-20 01:59:25 --> Session: Class initialized using 'CodeIgniter\Session\Handlers\FileHandler' driver.
DEBUG - 2026-04-20 01:59:26 --> Session: Class initialized using 'CodeIgniter\Session\Handlers\FileHandler' driver.
DEBUG - 2026-04-20 02:01:22 --> Session: Class initialized using 'CodeIgniter\Session\Handlers\FileHandler' driver.
DEBUG - 2026-04-20 02:01:30 --> Session: Class initialized using 'CodeIgniter\Session\Handlers\FileHandler' driver.
CRITICAL - 2026-04-20 02:11:24 --> ParseError: syntax error, unexpected token "endforeach", expecting "elseif" or "else" or "endif"
[Method: GET, Route: rak]
in APPPATH\Views\rak\index.php on line 27.
 1 SYSTEMPATH\View\View.php(229): CodeIgniter\View\View->CodeIgniter\View\{closure}()
 2 SYSTEMPATH\Common.php(1167): CodeIgniter\View\View->render('rak/index', [], true)
 3 APPPATH\Controllers\RakBuku.php(15): view('rak/index', [...])
 4 SYSTEMPATH\CodeIgniter.php(933): App\Controllers\RakBuku->index()
 5 SYSTEMPATH\CodeIgniter.php(507): CodeIgniter\CodeIgniter->runController(Object(App\Controllers\RakBuku))
 6 SYSTEMPATH\CodeIgniter.php(354): CodeIgniter\CodeIgniter->handleRequest(null, Object(Config\Cache), false)
 7 SYSTEMPATH\Boot.php(363): CodeIgniter\CodeIgniter->run()
 8 SYSTEMPATH\Boot.php(68): CodeIgniter\Boot::runCodeIgniter(Object(CodeIgniter\CodeIgniter))
 9 FCPATH\index.php(59): CodeIgniter\Boot::bootWeb(Object(Config\Paths))
CRITICAL - 2026-04-20 02:23:22 --> ParseError: syntax error, unexpected token "public", expecting end of file
[Method: GET, Route: rak]
in APPPATH\Models\RakBukuModel.php on line 13.
 1 SYSTEMPATH\Autoloader\Autoloader.php(295): CodeIgniter\Autoloader\Autoloader->includeFile('C:\\xampp\\htdocs\\perpus\\app\\Models\\RakBukuModel.php')
 2 SYSTEMPATH\Autoloader\Autoloader.php(271): CodeIgniter\Autoloader\Autoloader->loadInNamespace('App\\Models\\RakBukuModel')
 3 APPPATH\Controllers\RakBuku.php(11): CodeIgniter\Autoloader\Autoloader->loadClass('App\\Models\\RakBukuModel')
 4 SYSTEMPATH\CodeIgniter.php(933): App\Controllers\RakBuku->index()
 5 SYSTEMPATH\CodeIgniter.php(507): CodeIgniter\CodeIgniter->runController(Object(App\Controllers\RakBuku))
 6 SYSTEMPATH\CodeIgniter.php(354): CodeIgniter\CodeIgniter->handleRequest(null, Object(Config\Cache), false)
 7 SYSTEMPATH\Boot.php(363): CodeIgniter\CodeIgniter->run()
 8 SYSTEMPATH\Boot.php(68): CodeIgniter\Boot::runCodeIgniter(Object(CodeIgniter\CodeIgniter))
 9 FCPATH\index.php(59): CodeIgniter\Boot::bootWeb(Object(Config\Paths))
CRITICAL - 2026-04-20 02:25:08 --> ParseError: syntax error, unexpected token "return", expecting "function" or "const"
[Method: GET, Route: rak]
in APPPATH\Controllers\RakBuku.php on line 42.
 1 SYSTEMPATH\Autoloader\Autoloader.php(295): CodeIgniter\Autoloader\Autoloader->includeFile('C:\\xampp\\htdocs\\perpus\\app\\Controllers\\RakBuku.php')
 2 SYSTEMPATH\Autoloader\Autoloader.php(271): CodeIgniter\Autoloader\Autoloader->loadInNamespace('App\\Controllers\\RakBuku')
 3 [internal function]: CodeIgniter\Autoloader\Autoloader->loadClass('App\\Controllers\\RakBuku')
 4 SYSTEMPATH\CodeIgniter.php(885): class_exists('\\App\\Controllers\\RakBuku', true)
 5 SYSTEMPATH\CodeIgniter.php(494): CodeIgniter\CodeIgniter->startController()
 6 SYSTEMPATH\CodeIgniter.php(354): CodeIgniter\CodeIgniter->handleRequest(null, Object(Config\Cache), false)
 7 SYSTEMPATH\Boot.php(363): CodeIgniter\CodeIgniter->run()
 8 SYSTEMPATH\Boot.php(68): CodeIgniter\Boot::runCodeIgniter(Object(CodeIgniter\CodeIgniter))
 9 FCPATH\index.php(59): CodeIgniter\Boot::bootWeb(Object(Config\Paths))
CRITICAL - 2026-04-20 02:25:48 --> ErrorException: Cannot redeclare App\Controllers\RakBuku::hapus()
[Method: GET, Route: rak]
in APPPATH\Controllers\RakBuku.php on line 44.
 1 [internal function]: CodeIgniter\Debug\Exceptions->shutdownHandler()
CRITICAL - 2026-04-20 02:26:01 --> ParseError: syntax error, unexpected token "return", expecting "function" or "const"
[Method: GET, Route: rak]
in APPPATH\Controllers\RakBuku.php on line 34.
 1 SYSTEMPATH\Autoloader\Autoloader.php(295): CodeIgniter\Autoloader\Autoloader->includeFile('C:\\xampp\\htdocs\\perpus\\app\\Controllers\\RakBuku.php')
 2 SYSTEMPATH\Autoloader\Autoloader.php(271): CodeIgniter\Autoloader\Autoloader->loadInNamespace('App\\Controllers\\RakBuku')
 3 [internal function]: CodeIgniter\Autoloader\Autoloader->loadClass('App\\Controllers\\RakBuku')
 4 SYSTEMPATH\CodeIgniter.php(885): class_exists('\\App\\Controllers\\RakBuku', true)
 5 SYSTEMPATH\CodeIgniter.php(494): CodeIgniter\CodeIgniter->startController()
 6 SYSTEMPATH\CodeIgniter.php(354): CodeIgniter\CodeIgniter->handleRequest(null, Object(Config\Cache), false)
 7 SYSTEMPATH\Boot.php(363): CodeIgniter\CodeIgniter->run()
 8 SYSTEMPATH\Boot.php(68): CodeIgniter\Boot::runCodeIgniter(Object(CodeIgniter\CodeIgniter))
 9 FCPATH\index.php(59): CodeIgniter\Boot::bootWeb(Object(Config\Paths))
ERROR - 2026-04-20 02:30:16 --> mysqli_sql_exception: Table 'perpus.rak' doesn't exist in C:\xampp\htdocs\perpus\system\Database\MySQLi\Connection.php:327
Stack trace:
#0 C:\xampp\htdocs\perpus\system\Database\MySQLi\Connection.php(327): mysqli->query('SELECT *\nFROM `...', 0)
#1 C:\xampp\htdocs\perpus\system\Database\BaseConnection.php(729): CodeIgniter\Database\MySQLi\Connection->execute('SELECT *\nFROM `...')
#2 C:\xampp\htdocs\perpus\system\Database\BaseConnection.php(646): CodeIgniter\Database\BaseConnection->simpleQuery('SELECT *\nFROM `...')
#3 C:\xampp\htdocs\perpus\system\Database\BaseBuilder.php(1649): CodeIgniter\Database\BaseConnection->query('SELECT *\nFROM `...', Array, false)
#4 C:\xampp\htdocs\perpus\system\Model.php(286): CodeIgniter\Database\BaseBuilder->get()
#5 C:\xampp\htdocs\perpus\system\BaseModel.php(677): CodeIgniter\Model->doFindAll(0, 0)
#6 C:\xampp\htdocs\perpus\app\Controllers\RakBuku.php(12): CodeIgniter\BaseModel->findAll()
#7 C:\xampp\htdocs\perpus\system\CodeIgniter.php(933): App\Controllers\RakBuku->index()
#8 C:\xampp\htdocs\perpus\system\CodeIgniter.php(507): CodeIgniter\CodeIgniter->runController(Object(App\Controllers\RakBuku))
#9 C:\xampp\htdocs\perpus\system\CodeIgniter.php(354): CodeIgniter\CodeIgniter->handleRequest(NULL, Object(Config\Cache), false)
#10 C:\xampp\htdocs\perpus\system\Boot.php(363): CodeIgniter\CodeIgniter->run()
#11 C:\xampp\htdocs\perpus\system\Boot.php(68): CodeIgniter\Boot::runCodeIgniter(Object(CodeIgniter\CodeIgniter))
#12 C:\xampp\htdocs\perpus\index.php(59): CodeIgniter\Boot::bootWeb(Object(Config\Paths))
#13 {main}
CRITICAL - 2026-04-20 02:30:16 --> CodeIgniter\Database\Exceptions\DatabaseException: Table 'perpus.rak' doesn't exist
[Method: GET, Route: rak]
in SYSTEMPATH\Database\BaseConnection.php on line 684.
 1 SYSTEMPATH\Database\BaseBuilder.php(1649): CodeIgniter\Database\BaseConnection->query('SELECT *
FROM `rak`', [], false)
 2 SYSTEMPATH\Model.php(286): CodeIgniter\Database\BaseBuilder->get()
 3 SYSTEMPATH\BaseModel.php(677): CodeIgniter\Model->doFindAll(0, 0)
 4 APPPATH\Controllers\RakBuku.php(12): CodeIgniter\BaseModel->findAll()
 5 SYSTEMPATH\CodeIgniter.php(933): App\Controllers\RakBuku->index()
 6 SYSTEMPATH\CodeIgniter.php(507): CodeIgniter\CodeIgniter->runController(Object(App\Controllers\RakBuku))
 7 SYSTEMPATH\CodeIgniter.php(354): CodeIgniter\CodeIgniter->handleRequest(null, Object(Config\Cache), false)
 8 SYSTEMPATH\Boot.php(363): CodeIgniter\CodeIgniter->run()
 9 SYSTEMPATH\Boot.php(68): CodeIgniter\Boot::runCodeIgniter(Object(CodeIgniter\CodeIgniter))
10 FCPATH\index.php(59): CodeIgniter\Boot::bootWeb(Object(Config\Paths))
CRITICAL - 2026-04-20 02:30:16 --> [Caused by] CodeIgniter\Database\Exceptions\DatabaseException: Table 'perpus.rak' doesn't exist
in SYSTEMPATH\Database\MySQLi\Connection.php on line 332.
 1 SYSTEMPATH\Database\BaseConnection.php(729): CodeIgniter\Database\MySQLi\Connection->execute('SELECT *
FROM `rak`')
 2 SYSTEMPATH\Database\BaseConnection.php(646): CodeIgniter\Database\BaseConnection->simpleQuery('SELECT *
FROM `rak`')
 3 SYSTEMPATH\Database\BaseBuilder.php(1649): CodeIgniter\Database\BaseConnection->query('SELECT *
FROM `rak`', [], false)
 4 SYSTEMPATH\Model.php(286): CodeIgniter\Database\BaseBuilder->get()
 5 SYSTEMPATH\BaseModel.php(677): CodeIgniter\Model->doFindAll(0, 0)
 6 APPPATH\Controllers\RakBuku.php(12): CodeIgniter\BaseModel->findAll()
 7 SYSTEMPATH\CodeIgniter.php(933): App\Controllers\RakBuku->index()
 8 SYSTEMPATH\CodeIgniter.php(507): CodeIgniter\CodeIgniter->runController(Object(App\Controllers\RakBuku))
 9 SYSTEMPATH\CodeIgniter.php(354): CodeIgniter\CodeIgniter->handleRequest(null, Object(Config\Cache), false)
10 SYSTEMPATH\Boot.php(363): CodeIgniter\CodeIgniter->run()
11 SYSTEMPATH\Boot.php(68): CodeIgniter\Boot::runCodeIgniter(Object(CodeIgniter\CodeIgniter))
12 FCPATH\index.php(59): CodeIgniter\Boot::bootWeb(Object(Config\Paths))
CRITICAL - 2026-04-20 02:30:16 --> [Caused by] mysqli_sql_exception: Table 'perpus.rak' doesn't exist
in SYSTEMPATH\Database\MySQLi\Connection.php on line 327.
 1 SYSTEMPATH\Database\MySQLi\Connection.php(327): mysqli->query('SELECT *
FROM `rak`', 0)
 2 SYSTEMPATH\Database\BaseConnection.php(729): CodeIgniter\Database\MySQLi\Connection->execute('SELECT *
FROM `rak`')
 3 SYSTEMPATH\Database\BaseConnection.php(646): CodeIgniter\Database\BaseConnection->simpleQuery('SELECT *
FROM `rak`')
 4 SYSTEMPATH\Database\BaseBuilder.php(1649): CodeIgniter\Database\BaseConnection->query('SELECT *
FROM `rak`', [], false)
 5 SYSTEMPATH\Model.php(286): CodeIgniter\Database\BaseBuilder->get()
 6 SYSTEMPATH\BaseModel.php(677): CodeIgniter\Model->doFindAll(0, 0)
 7 APPPATH\Controllers\RakBuku.php(12): CodeIgniter\BaseModel->findAll()
 8 SYSTEMPATH\CodeIgniter.php(933): App\Controllers\RakBuku->index()
 9 SYSTEMPATH\CodeIgniter.php(507): CodeIgniter\CodeIgniter->runController(Object(App\Controllers\RakBuku))
10 SYSTEMPATH\CodeIgniter.php(354): CodeIgniter\CodeIgniter->handleRequest(null, Object(Config\Cache), false)
11 SYSTEMPATH\Boot.php(363): CodeIgniter\CodeIgniter->run()
12 SYSTEMPATH\Boot.php(68): CodeIgniter\Boot::runCodeIgniter(Object(CodeIgniter\CodeIgniter))
13 FCPATH\index.php(59): CodeIgniter\Boot::bootWeb(Object(Config\Paths))
ERROR - 2026-04-20 02:30:35 --> mysqli_sql_exception: Table 'perpus.rak' doesn't exist in C:\xampp\htdocs\perpus\system\Database\MySQLi\Connection.php:327
Stack trace:
#0 C:\xampp\htdocs\perpus\system\Database\MySQLi\Connection.php(327): mysqli->query('SELECT *\nFROM `...', 0)
#1 C:\xampp\htdocs\perpus\system\Database\BaseConnection.php(729): CodeIgniter\Database\MySQLi\Connection->execute('SELECT *\nFROM `...')
#2 C:\xampp\htdocs\perpus\system\Database\BaseConnection.php(646): CodeIgniter\Database\BaseConnection->simpleQuery('SELECT *\nFROM `...')
#3 C:\xampp\htdocs\perpus\system\Database\BaseBuilder.php(1649): CodeIgniter\Database\BaseConnection->query('SELECT *\nFROM `...', Array, false)
#4 C:\xampp\htdocs\perpus\system\Model.php(286): CodeIgniter\Database\BaseBuilder->get()
#5 C:\xampp\htdocs\perpus\system\BaseModel.php(677): CodeIgniter\Model->doFindAll(0, 0)
#6 C:\xampp\htdocs\perpus\app\Controllers\RakBuku.php(12): CodeIgniter\BaseModel->findAll()
#7 C:\xampp\htdocs\perpus\system\CodeIgniter.php(933): App\Controllers\RakBuku->index()
#8 C:\xampp\htdocs\perpus\system\CodeIgniter.php(507): CodeIgniter\CodeIgniter->runController(Object(App\Controllers\RakBuku))
#9 C:\xampp\htdocs\perpus\system\CodeIgniter.php(354): CodeIgniter\CodeIgniter->handleRequest(NULL, Object(Config\Cache), false)
#10 C:\xampp\htdocs\perpus\system\Boot.php(363): CodeIgniter\CodeIgniter->run()
#11 C:\xampp\htdocs\perpus\system\Boot.php(68): CodeIgniter\Boot::runCodeIgniter(Object(CodeIgniter\CodeIgniter))
#12 C:\xampp\htdocs\perpus\index.php(59): CodeIgniter\Boot::bootWeb(Object(Config\Paths))
#13 {main}
CRITICAL - 2026-04-20 02:30:35 --> CodeIgniter\Database\Exceptions\DatabaseException: Table 'perpus.rak' doesn't exist
[Method: GET, Route: rak]
in SYSTEMPATH\Database\BaseConnection.php on line 684.
 1 SYSTEMPATH\Database\BaseBuilder.php(1649): CodeIgniter\Database\BaseConnection->query('SELECT *
FROM `rak`', [], false)
 2 SYSTEMPATH\Model.php(286): CodeIgniter\Database\BaseBuilder->get()
 3 SYSTEMPATH\BaseModel.php(677): CodeIgniter\Model->doFindAll(0, 0)
 4 APPPATH\Controllers\RakBuku.php(12): CodeIgniter\BaseModel->findAll()
 5 SYSTEMPATH\CodeIgniter.php(933): App\Controllers\RakBuku->index()
 6 SYSTEMPATH\CodeIgniter.php(507): CodeIgniter\CodeIgniter->runController(Object(App\Controllers\RakBuku))
 7 SYSTEMPATH\CodeIgniter.php(354): CodeIgniter\CodeIgniter->handleRequest(null, Object(Config\Cache), false)
 8 SYSTEMPATH\Boot.php(363): CodeIgniter\CodeIgniter->run()
 9 SYSTEMPATH\Boot.php(68): CodeIgniter\Boot::runCodeIgniter(Object(CodeIgniter\CodeIgniter))
10 FCPATH\index.php(59): CodeIgniter\Boot::bootWeb(Object(Config\Paths))
CRITICAL - 2026-04-20 02:30:35 --> [Caused by] CodeIgniter\Database\Exceptions\DatabaseException: Table 'perpus.rak' doesn't exist
in SYSTEMPATH\Database\MySQLi\Connection.php on line 332.
 1 SYSTEMPATH\Database\BaseConnection.php(729): CodeIgniter\Database\MySQLi\Connection->execute('SELECT *
FROM `rak`')
 2 SYSTEMPATH\Database\BaseConnection.php(646): CodeIgniter\Database\BaseConnection->simpleQuery('SELECT *
FROM `rak`')
 3 SYSTEMPATH\Database\BaseBuilder.php(1649): CodeIgniter\Database\BaseConnection->query('SELECT *
FROM `rak`', [], false)
 4 SYSTEMPATH\Model.php(286): CodeIgniter\Database\BaseBuilder->get()
 5 SYSTEMPATH\BaseModel.php(677): CodeIgniter\Model->doFindAll(0, 0)
 6 APPPATH\Controllers\RakBuku.php(12): CodeIgniter\BaseModel->findAll()
 7 SYSTEMPATH\CodeIgniter.php(933): App\Controllers\RakBuku->index()
 8 SYSTEMPATH\CodeIgniter.php(507): CodeIgniter\CodeIgniter->runController(Object(App\Controllers\RakBuku))
 9 SYSTEMPATH\CodeIgniter.php(354): CodeIgniter\CodeIgniter->handleRequest(null, Object(Config\Cache), false)
10 SYSTEMPATH\Boot.php(363): CodeIgniter\CodeIgniter->run()
11 SYSTEMPATH\Boot.php(68): CodeIgniter\Boot::runCodeIgniter(Object(CodeIgniter\CodeIgniter))
12 FCPATH\index.php(59): CodeIgniter\Boot::bootWeb(Object(Config\Paths))
CRITICAL - 2026-04-20 02:30:35 --> [Caused by] mysqli_sql_exception: Table 'perpus.rak' doesn't exist
in SYSTEMPATH\Database\MySQLi\Connection.php on line 327.
 1 SYSTEMPATH\Database\MySQLi\Connection.php(327): mysqli->query('SELECT *
FROM `rak`', 0)
 2 SYSTEMPATH\Database\BaseConnection.php(729): CodeIgniter\Database\MySQLi\Connection->execute('SELECT *
FROM `rak`')
 3 SYSTEMPATH\Database\BaseConnection.php(646): CodeIgniter\Database\BaseConnection->simpleQuery('SELECT *
FROM `rak`')
 4 SYSTEMPATH\Database\BaseBuilder.php(1649): CodeIgniter\Database\BaseConnection->query('SELECT *
FROM `rak`', [], false)
 5 SYSTEMPATH\Model.php(286): CodeIgniter\Database\BaseBuilder->get()
 6 SYSTEMPATH\BaseModel.php(677): CodeIgniter\Model->doFindAll(0, 0)
 7 APPPATH\Controllers\RakBuku.php(12): CodeIgniter\BaseModel->findAll()
 8 SYSTEMPATH\CodeIgniter.php(933): App\Controllers\RakBuku->index()
 9 SYSTEMPATH\CodeIgniter.php(507): CodeIgniter\CodeIgniter->runController(Object(App\Controllers\RakBuku))
10 SYSTEMPATH\CodeIgniter.php(354): CodeIgniter\CodeIgniter->handleRequest(null, Object(Config\Cache), false)
11 SYSTEMPATH\Boot.php(363): CodeIgniter\CodeIgniter->run()
12 SYSTEMPATH\Boot.php(68): CodeIgniter\Boot::runCodeIgniter(Object(CodeIgniter\CodeIgniter))
13 FCPATH\index.php(59): CodeIgniter\Boot::bootWeb(Object(Config\Paths))
ERROR - 2026-04-20 02:31:28 --> mysqli_sql_exception: Table 'perpus.rak' doesn't exist in C:\xampp\htdocs\perpus\system\Database\MySQLi\Connection.php:327
Stack trace:
#0 C:\xampp\htdocs\perpus\system\Database\MySQLi\Connection.php(327): mysqli->query('SELECT *\nFROM `...', 0)
#1 C:\xampp\htdocs\perpus\system\Database\BaseConnection.php(729): CodeIgniter\Database\MySQLi\Connection->execute('SELECT *\nFROM `...')
#2 C:\xampp\htdocs\perpus\system\Database\BaseConnection.php(646): CodeIgniter\Database\BaseConnection->simpleQuery('SELECT *\nFROM `...')
#3 C:\xampp\htdocs\perpus\system\Database\BaseBuilder.php(1649): CodeIgniter\Database\BaseConnection->query('SELECT *\nFROM `...', Array, false)
#4 C:\xampp\htdocs\perpus\system\Model.php(286): CodeIgniter\Database\BaseBuilder->get()
#5 C:\xampp\htdocs\perpus\system\BaseModel.php(677): CodeIgniter\Model->doFindAll(0, 0)
#6 C:\xampp\htdocs\perpus\app\Controllers\RakBuku.php(12): CodeIgniter\BaseModel->findAll()
#7 C:\xampp\htdocs\perpus\system\CodeIgniter.php(933): App\Controllers\RakBuku->index()
#8 C:\xampp\htdocs\perpus\system\CodeIgniter.php(507): CodeIgniter\CodeIgniter->runController(Object(App\Controllers\RakBuku))
#9 C:\xampp\htdocs\perpus\system\CodeIgniter.php(354): CodeIgniter\CodeIgniter->handleRequest(NULL, Object(Config\Cache), false)
#10 C:\xampp\htdocs\perpus\system\Boot.php(363): CodeIgniter\CodeIgniter->run()
#11 C:\xampp\htdocs\perpus\system\Boot.php(68): CodeIgniter\Boot::runCodeIgniter(Object(CodeIgniter\CodeIgniter))
#12 C:\xampp\htdocs\perpus\index.php(59): CodeIgniter\Boot::bootWeb(Object(Config\Paths))
#13 {main}
CRITICAL - 2026-04-20 02:31:28 --> CodeIgniter\Database\Exceptions\DatabaseException: Table 'perpus.rak' doesn't exist
[Method: GET, Route: rak]
in SYSTEMPATH\Database\BaseConnection.php on line 684.
 1 SYSTEMPATH\Database\BaseBuilder.php(1649): CodeIgniter\Database\BaseConnection->query('SELECT *
FROM `rak`', [], false)
 2 SYSTEMPATH\Model.php(286): CodeIgniter\Database\BaseBuilder->get()
 3 SYSTEMPATH\BaseModel.php(677): CodeIgniter\Model->doFindAll(0, 0)
 4 APPPATH\Controllers\RakBuku.php(12): CodeIgniter\BaseModel->findAll()
 5 SYSTEMPATH\CodeIgniter.php(933): App\Controllers\RakBuku->index()
 6 SYSTEMPATH\CodeIgniter.php(507): CodeIgniter\CodeIgniter->runController(Object(App\Controllers\RakBuku))
 7 SYSTEMPATH\CodeIgniter.php(354): CodeIgniter\CodeIgniter->handleRequest(null, Object(Config\Cache), false)
 8 SYSTEMPATH\Boot.php(363): CodeIgniter\CodeIgniter->run()
 9 SYSTEMPATH\Boot.php(68): CodeIgniter\Boot::runCodeIgniter(Object(CodeIgniter\CodeIgniter))
10 FCPATH\index.php(59): CodeIgniter\Boot::bootWeb(Object(Config\Paths))
CRITICAL - 2026-04-20 02:31:28 --> [Caused by] CodeIgniter\Database\Exceptions\DatabaseException: Table 'perpus.rak' doesn't exist
in SYSTEMPATH\Database\MySQLi\Connection.php on line 332.
 1 SYSTEMPATH\Database\BaseConnection.php(729): CodeIgniter\Database\MySQLi\Connection->execute('SELECT *
FROM `rak`')
 2 SYSTEMPATH\Database\BaseConnection.php(646): CodeIgniter\Database\BaseConnection->simpleQuery('SELECT *
FROM `rak`')
 3 SYSTEMPATH\Database\BaseBuilder.php(1649): CodeIgniter\Database\BaseConnection->query('SELECT *
FROM `rak`', [], false)
 4 SYSTEMPATH\Model.php(286): CodeIgniter\Database\BaseBuilder->get()
 5 SYSTEMPATH\BaseModel.php(677): CodeIgniter\Model->doFindAll(0, 0)
 6 APPPATH\Controllers\RakBuku.php(12): CodeIgniter\BaseModel->findAll()
 7 SYSTEMPATH\CodeIgniter.php(933): App\Controllers\RakBuku->index()
 8 SYSTEMPATH\CodeIgniter.php(507): CodeIgniter\CodeIgniter->runController(Object(App\Controllers\RakBuku))
 9 SYSTEMPATH\CodeIgniter.php(354): CodeIgniter\CodeIgniter->handleRequest(null, Object(Config\Cache), false)
10 SYSTEMPATH\Boot.php(363): CodeIgniter\CodeIgniter->run()
11 SYSTEMPATH\Boot.php(68): CodeIgniter\Boot::runCodeIgniter(Object(CodeIgniter\CodeIgniter))
12 FCPATH\index.php(59): CodeIgniter\Boot::bootWeb(Object(Config\Paths))
CRITICAL - 2026-04-20 02:31:28 --> [Caused by] mysqli_sql_exception: Table 'perpus.rak' doesn't exist
in SYSTEMPATH\Database\MySQLi\Connection.php on line 327.
 1 SYSTEMPATH\Database\MySQLi\Connection.php(327): mysqli->query('SELECT *
FROM `rak`', 0)
 2 SYSTEMPATH\Database\BaseConnection.php(729): CodeIgniter\Database\MySQLi\Connection->execute('SELECT *
FROM `rak`')
 3 SYSTEMPATH\Database\BaseConnection.php(646): CodeIgniter\Database\BaseConnection->simpleQuery('SELECT *
FROM `rak`')
 4 SYSTEMPATH\Database\BaseBuilder.php(1649): CodeIgniter\Database\BaseConnection->query('SELECT *
FROM `rak`', [], false)
 5 SYSTEMPATH\Model.php(286): CodeIgniter\Database\BaseBuilder->get()
 6 SYSTEMPATH\BaseModel.php(677): CodeIgniter\Model->doFindAll(0, 0)
 7 APPPATH\Controllers\RakBuku.php(12): CodeIgniter\BaseModel->findAll()
 8 SYSTEMPATH\CodeIgniter.php(933): App\Controllers\RakBuku->index()
 9 SYSTEMPATH\CodeIgniter.php(507): CodeIgniter\CodeIgniter->runController(Object(App\Controllers\RakBuku))
10 SYSTEMPATH\CodeIgniter.php(354): CodeIgniter\CodeIgniter->handleRequest(null, Object(Config\Cache), false)
11 SYSTEMPATH\Boot.php(363): CodeIgniter\CodeIgniter->run()
12 SYSTEMPATH\Boot.php(68): CodeIgniter\Boot::runCodeIgniter(Object(CodeIgniter\CodeIgniter))
13 FCPATH\index.php(59): CodeIgniter\Boot::bootWeb(Object(Config\Paths))
DEBUG - 2026-04-20 02:33:25 --> Session: Class initialized using 'CodeIgniter\Session\Handlers\FileHandler' driver.
DEBUG - 2026-04-20 02:33:32 --> Session: Class initialized using 'CodeIgniter\Session\Handlers\FileHandler' driver.
DEBUG - 2026-04-20 02:33:42 --> Session: Class initialized using 'CodeIgniter\Session\Handlers\FileHandler' driver.
CRITICAL - 2026-04-20 02:41:58 --> Error: Object of class CodeIgniter\Router\RouteCollection could not be converted to string
[Method: GET, Route: peminjaman]
in APPPATH\Config\Routes.php on line 49.
 1 SYSTEMPATH\Router\RouteCollection.php(339): require()
 2 SYSTEMPATH\CodeIgniter.php(821): CodeIgniter\Router\RouteCollection->loadRoutes()
 3 SYSTEMPATH\CodeIgniter.php(455): CodeIgniter\CodeIgniter->tryToRouteIt(null)
 4 SYSTEMPATH\CodeIgniter.php(354): CodeIgniter\CodeIgniter->handleRequest(null, Object(Config\Cache), false)
 5 SYSTEMPATH\Boot.php(363): CodeIgniter\CodeIgniter->run()
 6 SYSTEMPATH\Boot.php(68): CodeIgniter\Boot::runCodeIgniter(Object(CodeIgniter\CodeIgniter))
 7 FCPATH\index.php(59): CodeIgniter\Boot::bootWeb(Object(Config\Paths))
CRITICAL - 2026-04-20 02:54:37 --> ParseError: syntax error, unexpected token "public", expecting end of file
[Method: GET, Route: peminjaman]
in APPPATH\Controllers\peminjaman.php on line 26.
 1 SYSTEMPATH\Autoloader\Autoloader.php(295): CodeIgniter\Autoloader\Autoloader->includeFile('C:\\xampp\\htdocs\\perpus\\app\\Controllers\\Peminjaman.php')
 2 SYSTEMPATH\Autoloader\Autoloader.php(271): CodeIgniter\Autoloader\Autoloader->loadInNamespace('App\\Controllers\\Peminjaman')
 3 [internal function]: CodeIgniter\Autoloader\Autoloader->loadClass('App\\Controllers\\Peminjaman')
 4 SYSTEMPATH\CodeIgniter.php(885): class_exists('\\App\\Controllers\\Peminjaman', true)
 5 SYSTEMPATH\CodeIgniter.php(494): CodeIgniter\CodeIgniter->startController()
 6 SYSTEMPATH\CodeIgniter.php(354): CodeIgniter\CodeIgniter->handleRequest(null, Object(Config\Cache), false)
 7 SYSTEMPATH\Boot.php(363): CodeIgniter\CodeIgniter->run()
 8 SYSTEMPATH\Boot.php(68): CodeIgniter\Boot::runCodeIgniter(Object(CodeIgniter\CodeIgniter))
 9 FCPATH\index.php(59): CodeIgniter\Boot::bootWeb(Object(Config\Paths))
CRITICAL - 2026-04-20 02:54:52 --> ParseError: syntax error, unexpected token "public", expecting end of file
[Method: GET, Route: peminjaman]
in APPPATH\Controllers\peminjaman.php on line 26.
 1 SYSTEMPATH\Autoloader\Autoloader.php(295): CodeIgniter\Autoloader\Autoloader->includeFile('C:\\xampp\\htdocs\\perpus\\app\\Controllers\\Peminjaman.php')
 2 SYSTEMPATH\Autoloader\Autoloader.php(271): CodeIgniter\Autoloader\Autoloader->loadInNamespace('App\\Controllers\\Peminjaman')
 3 [internal function]: CodeIgniter\Autoloader\Autoloader->loadClass('App\\Controllers\\Peminjaman')
 4 SYSTEMPATH\CodeIgniter.php(885): class_exists('\\App\\Controllers\\Peminjaman', true)
 5 SYSTEMPATH\CodeIgniter.php(494): CodeIgniter\CodeIgniter->startController()
 6 SYSTEMPATH\CodeIgniter.php(354): CodeIgniter\CodeIgniter->handleRequest(null, Object(Config\Cache), false)
 7 SYSTEMPATH\Boot.php(363): CodeIgniter\CodeIgniter->run()
 8 SYSTEMPATH\Boot.php(68): CodeIgniter\Boot::runCodeIgniter(Object(CodeIgniter\CodeIgniter))
 9 FCPATH\index.php(59): CodeIgniter\Boot::bootWeb(Object(Config\Paths))
CRITICAL - 2026-04-20 03:01:04 --> ErrorException: Undefined variable $anggota
[Method: GET, Route: peminjaman/create]
in APPPATH\Views\peminjaman\create.php on line 7.
 1 APPPATH\Views\peminjaman\create.php(7): CodeIgniter\Debug\Exceptions->errorHandler(2, 'Undefined variable $anggota', 'C:\\xampp\\htdocs\\perpus\\app\\Views\\peminjaman\\create.php', 7)
 2 SYSTEMPATH\View\View.php(226): include('C:\\xampp\\htdocs\\perpus\\app\\Views\\peminjaman\\create.php')
 3 SYSTEMPATH\View\View.php(229): CodeIgniter\View\View->CodeIgniter\View\{closure}()
 4 SYSTEMPATH\Common.php(1167): CodeIgniter\View\View->render('peminjaman/create', [], true)
 5 APPPATH\Controllers\peminjaman.php(33): view('peminjaman/create')
 6 SYSTEMPATH\CodeIgniter.php(933): App\Controllers\Peminjaman->create()
 7 SYSTEMPATH\CodeIgniter.php(507): CodeIgniter\CodeIgniter->runController(Object(App\Controllers\Peminjaman))
 8 SYSTEMPATH\CodeIgniter.php(354): CodeIgniter\CodeIgniter->handleRequest(null, Object(Config\Cache), false)
 9 SYSTEMPATH\Boot.php(363): CodeIgniter\CodeIgniter->run()
10 SYSTEMPATH\Boot.php(68): CodeIgniter\Boot::runCodeIgniter(Object(CodeIgniter\CodeIgniter))
11 FCPATH\index.php(59): CodeIgniter\Boot::bootWeb(Object(Config\Paths))
DEBUG - 2026-04-20 03:06:32 --> Session: Class initialized using 'CodeIgniter\Session\Handlers\FileHandler' driver.
DEBUG - 2026-04-20 03:06:35 --> Session: Class initialized using 'CodeIgniter\Session\Handlers\FileHandler' driver.
DEBUG - 2026-04-20 03:06:36 --> Session: Class initialized using 'CodeIgniter\Session\Handlers\FileHandler' driver.
DEBUG - 2026-04-20 03:06:43 --> Session: Class initialized using 'CodeIgniter\Session\Handlers\FileHandler' driver.
DEBUG - 2026-04-20 03:06:51 --> Session: Class initialized using 'CodeIgniter\Session\Handlers\FileHandler' driver.
DEBUG - 2026-04-20 03:07:10 --> Session: Class initialized using 'CodeIgniter\Session\Handlers\FileHandler' driver.
DEBUG - 2026-04-20 03:07:48 --> Session: Class initialized using 'CodeIgniter\Session\Handlers\FileHandler' driver.
DEBUG - 2026-04-20 03:22:20 --> Session: Class initialized using 'CodeIgniter\Session\Handlers\FileHandler' driver.
DEBUG - 2026-04-20 03:22:48 --> Session: Class initialized using 'CodeIgniter\Session\Handlers\FileHandler' driver.
DEBUG - 2026-04-20 03:22:48 --> Session: Class initialized using 'CodeIgniter\Session\Handlers\FileHandler' driver.
DEBUG - 2026-04-20 03:22:57 --> Session: Class initialized using 'CodeIgniter\Session\Handlers\FileHandler' driver.
DEBUG - 2026-04-20 03:22:57 --> Session: Class initialized using 'CodeIgniter\Session\Handlers\FileHandler' driver.
DEBUG - 2026-04-20 03:23:28 --> Session: Class initialized using 'CodeIgniter\Session\Handlers\FileHandler' driver.
DEBUG - 2026-04-20 03:23:28 --> Session: Class initialized using 'CodeIgniter\Session\Handlers\FileHandler' driver.
DEBUG - 2026-04-20 04:04:07 --> Session: Class initialized using 'CodeIgniter\Session\Handlers\FileHandler' driver.
DEBUG - 2026-04-20 04:04:35 --> Session: Class initialized using 'CodeIgniter\Session\Handlers\FileHandler' driver.
DEBUG - 2026-04-20 04:04:36 --> Session: Class initialized using 'CodeIgniter\Session\Handlers\FileHandler' driver.
CRITICAL - 2026-04-20 04:07:29 --> ParseError: syntax error, unexpected token "public", expecting ";" or "{"
[Method: GET, Route: kategori]
in APPPATH\Controllers\kategori.php on line 51.
 1 SYSTEMPATH\Autoloader\Autoloader.php(295): CodeIgniter\Autoloader\Autoloader->includeFile('C:\\xampp\\htdocs\\perpus\\app\\Controllers\\Kategori.php')
 2 SYSTEMPATH\Autoloader\Autoloader.php(271): CodeIgniter\Autoloader\Autoloader->loadInNamespace('App\\Controllers\\Kategori')
 3 [internal function]: CodeIgniter\Autoloader\Autoloader->loadClass('App\\Controllers\\Kategori')
 4 SYSTEMPATH\CodeIgniter.php(885): class_exists('\\App\\Controllers\\Kategori', true)
 5 SYSTEMPATH\CodeIgniter.php(494): CodeIgniter\CodeIgniter->startController()
 6 SYSTEMPATH\CodeIgniter.php(354): CodeIgniter\CodeIgniter->handleRequest(null, Object(Config\Cache), false)
 7 SYSTEMPATH\Boot.php(363): CodeIgniter\CodeIgniter->run()
 8 SYSTEMPATH\Boot.php(68): CodeIgniter\Boot::runCodeIgniter(Object(CodeIgniter\CodeIgniter))
 9 FCPATH\index.php(59): CodeIgniter\Boot::bootWeb(Object(Config\Paths))
CRITICAL - 2026-04-20 04:08:29 --> ErrorException: Undefined variable $kategori
[Method: GET, Route: kategori]
in APPPATH\Views\kategori\index.php on line 66.
 1 APPPATH\Views\kategori\index.php(66): CodeIgniter\Debug\Exceptions->errorHandler(2, 'Undefined variable $kategori', 'C:\\xampp\\htdocs\\perpus\\app\\Views\\kategori\\index.php', 66)
 2 SYSTEMPATH\View\View.php(226): include('C:\\xampp\\htdocs\\perpus\\app\\Views\\kategori\\index.php')
 3 SYSTEMPATH\View\View.php(229): CodeIgniter\View\View->CodeIgniter\View\{closure}()
 4 SYSTEMPATH\Common.php(1167): CodeIgniter\View\View->render('kategori/index', [], true)
 5 APPPATH\Controllers\kategori.php(9): view('kategori/index')
 6 SYSTEMPATH\CodeIgniter.php(933): App\Controllers\Kategori->index()
 7 SYSTEMPATH\CodeIgniter.php(507): CodeIgniter\CodeIgniter->runController(Object(App\Controllers\Kategori))
 8 SYSTEMPATH\CodeIgniter.php(354): CodeIgniter\CodeIgniter->handleRequest(null, Object(Config\Cache), false)
 9 SYSTEMPATH\Boot.php(363): CodeIgniter\CodeIgniter->run()
10 SYSTEMPATH\Boot.php(68): CodeIgniter\Boot::runCodeIgniter(Object(CodeIgniter\CodeIgniter))
11 FCPATH\index.php(59): CodeIgniter\Boot::bootWeb(Object(Config\Paths))
CRITICAL - 2026-04-20 04:14:11 --> ErrorException: Cannot redeclare App\Controllers\Kategori::store()
[Method: GET, Route: kategori/create]
in APPPATH\Controllers\kategori.php on line 25.
 1 [internal function]: CodeIgniter\Debug\Exceptions->shutdownHandler()
CRITICAL - 2026-04-20 04:14:13 --> ErrorException: Cannot redeclare App\Controllers\Kategori::store()
[Method: GET, Route: kategori]
in APPPATH\Controllers\kategori.php on line 25.
 1 [internal function]: CodeIgniter\Debug\Exceptions->shutdownHandler()
DEBUG - 2026-04-20 04:14:14 --> Session: Class initialized using 'CodeIgniter\Session\Handlers\FileHandler' driver.
CRITICAL - 2026-04-20 04:14:15 --> ErrorException: Cannot redeclare App\Controllers\Kategori::store()
[Method: GET, Route: kategori]
in APPPATH\Controllers\kategori.php on line 25.
 1 [internal function]: CodeIgniter\Debug\Exceptions->shutdownHandler()
CRITICAL - 2026-04-20 04:25:31 --> ErrorException: Trying to access array offset on value of type int
[Method: GET, Route: kategori]
in APPPATH\Views\kategori\index.php on line 77.
 1 APPPATH\Views\kategori\index.php(77): CodeIgniter\Debug\Exceptions->errorHandler(2, 'Trying to access array offset on value of type int', 'C:\\xampp\\htdocs\\perpus\\app\\Views\\kategori\\index.php', 77)
 2 SYSTEMPATH\View\View.php(226): include('C:\\xampp\\htdocs\\perpus\\app\\Views\\kategori\\index.php')
 3 SYSTEMPATH\View\View.php(229): CodeIgniter\View\View->CodeIgniter\View\{closure}()
 4 SYSTEMPATH\Common.php(1167): CodeIgniter\View\View->render('kategori/index', [], true)
 5 APPPATH\Controllers\kategori.php(13): view('kategori/index', [...])
 6 SYSTEMPATH\CodeIgniter.php(933): App\Controllers\Kategori->index()
 7 SYSTEMPATH\CodeIgniter.php(507): CodeIgniter\CodeIgniter->runController(Object(App\Controllers\Kategori))
 8 SYSTEMPATH\CodeIgniter.php(354): CodeIgniter\CodeIgniter->handleRequest(null, Object(Config\Cache), false)
 9 SYSTEMPATH\Boot.php(363): CodeIgniter\CodeIgniter->run()
10 SYSTEMPATH\Boot.php(68): CodeIgniter\Boot::runCodeIgniter(Object(CodeIgniter\CodeIgniter))
11 FCPATH\index.php(59): CodeIgniter\Boot::bootWeb(Object(Config\Paths))
CRITICAL - 2026-04-20 04:25:34 --> ErrorException: Trying to access array offset on value of type int
[Method: GET, Route: kategori]
in APPPATH\Views\kategori\index.php on line 77.
 1 APPPATH\Views\kategori\index.php(77): CodeIgniter\Debug\Exceptions->errorHandler(2, 'Trying to access array offset on value of type int', 'C:\\xampp\\htdocs\\perpus\\app\\Views\\kategori\\index.php', 77)
 2 SYSTEMPATH\View\View.php(226): include('C:\\xampp\\htdocs\\perpus\\app\\Views\\kategori\\index.php')
 3 SYSTEMPATH\View\View.php(229): CodeIgniter\View\View->CodeIgniter\View\{closure}()
 4 SYSTEMPATH\Common.php(1167): CodeIgniter\View\View->render('kategori/index', [], true)
 5 APPPATH\Controllers\kategori.php(13): view('kategori/index', [...])
 6 SYSTEMPATH\CodeIgniter.php(933): App\Controllers\Kategori->index()
 7 SYSTEMPATH\CodeIgniter.php(507): CodeIgniter\CodeIgniter->runController(Object(App\Controllers\Kategori))
 8 SYSTEMPATH\CodeIgniter.php(354): CodeIgniter\CodeIgniter->handleRequest(null, Object(Config\Cache), false)
 9 SYSTEMPATH\Boot.php(363): CodeIgniter\CodeIgniter->run()
10 SYSTEMPATH\Boot.php(68): CodeIgniter\Boot::runCodeIgniter(Object(CodeIgniter\CodeIgniter))
11 FCPATH\index.php(59): CodeIgniter\Boot::bootWeb(Object(Config\Paths))
DEBUG - 2026-04-20 04:28:52 --> Session: Class initialized using 'CodeIgniter\Session\Handlers\FileHandler' driver.
DEBUG - 2026-04-20 04:30:22 --> Session: Class initialized using 'CodeIgniter\Session\Handlers\FileHandler' driver.
DEBUG - 2026-04-20 04:30:25 --> Session: Class initialized using 'CodeIgniter\Session\Handlers\FileHandler' driver.
DEBUG - 2026-04-20 04:33:02 --> Session: Class initialized using 'CodeIgniter\Session\Handlers\FileHandler' driver.
DEBUG - 2026-04-20 04:33:08 --> Session: Class initialized using 'CodeIgniter\Session\Handlers\FileHandler' driver.
CRITICAL - 2026-04-20 04:35:54 --> ParseError: syntax error, unexpected token "public"
[Method: GET, Route: buku]
in APPPATH\Controllers\buku.php on line 65.
 1 SYSTEMPATH\Autoloader\Autoloader.php(295): CodeIgniter\Autoloader\Autoloader->includeFile('C:\\xampp\\htdocs\\perpus\\app\\Controllers\\Buku.php')
 2 SYSTEMPATH\Autoloader\Autoloader.php(271): CodeIgniter\Autoloader\Autoloader->loadInNamespace('App\\Controllers\\Buku')
 3 [internal function]: CodeIgniter\Autoloader\Autoloader->loadClass('App\\Controllers\\Buku')
 4 SYSTEMPATH\CodeIgniter.php(885): class_exists('\\App\\Controllers\\Buku', true)
 5 SYSTEMPATH\CodeIgniter.php(494): CodeIgniter\CodeIgniter->startController()
 6 SYSTEMPATH\CodeIgniter.php(354): CodeIgniter\CodeIgniter->handleRequest(null, Object(Config\Cache), false)
 7 SYSTEMPATH\Boot.php(363): CodeIgniter\CodeIgniter->run()
 8 SYSTEMPATH\Boot.php(68): CodeIgniter\Boot::runCodeIgniter(Object(CodeIgniter\CodeIgniter))
 9 FCPATH\index.php(59): CodeIgniter\Boot::bootWeb(Object(Config\Paths))
DEBUG - 2026-04-20 04:36:18 --> Session: Class initialized using 'CodeIgniter\Session\Handlers\FileHandler' driver.
DEBUG - 2026-04-20 04:36:35 --> Session: Class initialized using 'CodeIgniter\Session\Handlers\FileHandler' driver.
CRITICAL - 2026-04-20 04:36:36 --> ErrorException: Undefined array key "nama_kategori"
[Method: GET, Route: buku/print]
in APPPATH\Views\buku\print.php on line 28.
 1 APPPATH\Views\buku\print.php(28): CodeIgniter\Debug\Exceptions->errorHandler(2, 'Undefined array key "nama_kategori"', 'C:\\xampp\\htdocs\\perpus\\app\\Views\\buku\\print.php', 28)
 2 SYSTEMPATH\View\View.php(226): include('C:\\xampp\\htdocs\\perpus\\app\\Views\\buku\\print.php')
 3 SYSTEMPATH\View\View.php(229): CodeIgniter\View\View->CodeIgniter\View\{closure}()
 4 SYSTEMPATH\Common.php(1167): CodeIgniter\View\View->render('buku/print', [], true)
 5 APPPATH\Controllers\buku.php(46): view('buku/print', [...])
 6 SYSTEMPATH\CodeIgniter.php(933): App\Controllers\Buku->print()
 7 SYSTEMPATH\CodeIgniter.php(507): CodeIgniter\CodeIgniter->runController(Object(App\Controllers\Buku))
 8 SYSTEMPATH\CodeIgniter.php(354): CodeIgniter\CodeIgniter->handleRequest(null, Object(Config\Cache), false)
 9 SYSTEMPATH\Boot.php(363): CodeIgniter\CodeIgniter->run()
10 SYSTEMPATH\Boot.php(68): CodeIgniter\Boot::runCodeIgniter(Object(CodeIgniter\CodeIgniter))
11 FCPATH\index.php(59): CodeIgniter\Boot::bootWeb(Object(Config\Paths))
CRITICAL - 2026-04-20 04:37:36 --> ParseError: syntax error, unexpected identifier "Undefined"
[Method: GET, Route: buku]
in APPPATH\Controllers\buku.php on line 40.
 1 SYSTEMPATH\Autoloader\Autoloader.php(295): CodeIgniter\Autoloader\Autoloader->includeFile('C:\\xampp\\htdocs\\perpus\\app\\Controllers\\Buku.php')
 2 SYSTEMPATH\Autoloader\Autoloader.php(271): CodeIgniter\Autoloader\Autoloader->loadInNamespace('App\\Controllers\\Buku')
 3 [internal function]: CodeIgniter\Autoloader\Autoloader->loadClass('App\\Controllers\\Buku')
 4 SYSTEMPATH\CodeIgniter.php(885): class_exists('\\App\\Controllers\\Buku', true)
 5 SYSTEMPATH\CodeIgniter.php(494): CodeIgniter\CodeIgniter->startController()
 6 SYSTEMPATH\CodeIgniter.php(354): CodeIgniter\CodeIgniter->handleRequest(null, Object(Config\Cache), false)
 7 SYSTEMPATH\Boot.php(363): CodeIgniter\CodeIgniter->run()
 8 SYSTEMPATH\Boot.php(68): CodeIgniter\Boot::runCodeIgniter(Object(CodeIgniter\CodeIgniter))
 9 FCPATH\index.php(59): CodeIgniter\Boot::bootWeb(Object(Config\Paths))
DEBUG - 2026-04-20 04:37:44 --> Session: Class initialized using 'CodeIgniter\Session\Handlers\FileHandler' driver.
CRITICAL - 2026-04-20 04:38:24 --> ErrorException: Undefined array key "nama_kategori"
[Method: GET, Route: buku/print]
in APPPATH\Views\buku\print.php on line 28.
 1 APPPATH\Views\buku\print.php(28): CodeIgniter\Debug\Exceptions->errorHandler(2, 'Undefined array key "nama_kategori"', 'C:\\xampp\\htdocs\\perpus\\app\\Views\\buku\\print.php', 28)
 2 SYSTEMPATH\View\View.php(226): include('C:\\xampp\\htdocs\\perpus\\app\\Views\\buku\\print.php')
 3 SYSTEMPATH\View\View.php(229): CodeIgniter\View\View->CodeIgniter\View\{closure}()
 4 SYSTEMPATH\Common.php(1167): CodeIgniter\View\View->render('buku/print', [], true)
 5 APPPATH\Controllers\buku.php(46): view('buku/print', [...])
 6 SYSTEMPATH\CodeIgniter.php(933): App\Controllers\Buku->print()
 7 SYSTEMPATH\CodeIgniter.php(507): CodeIgniter\CodeIgniter->runController(Object(App\Controllers\Buku))
 8 SYSTEMPATH\CodeIgniter.php(354): CodeIgniter\CodeIgniter->handleRequest(null, Object(Config\Cache), false)
 9 SYSTEMPATH\Boot.php(363): CodeIgniter\CodeIgniter->run()
10 SYSTEMPATH\Boot.php(68): CodeIgniter\Boot::runCodeIgniter(Object(CodeIgniter\CodeIgniter))
11 FCPATH\index.php(59): CodeIgniter\Boot::bootWeb(Object(Config\Paths))
DEBUG - 2026-04-20 04:40:03 --> Session: Class initialized using 'CodeIgniter\Session\Handlers\FileHandler' driver.
CRITICAL - 2026-04-20 04:40:05 --> ErrorException: Undefined array key "nama_kategori"
[Method: GET, Route: buku/print]
in APPPATH\Views\buku\print.php on line 28.
 1 APPPATH\Views\buku\print.php(28): CodeIgniter\Debug\Exceptions->errorHandler(2, 'Undefined array key "nama_kategori"', 'C:\\xampp\\htdocs\\perpus\\app\\Views\\buku\\print.php', 28)
 2 SYSTEMPATH\View\View.php(226): include('C:\\xampp\\htdocs\\perpus\\app\\Views\\buku\\print.php')
 3 SYSTEMPATH\View\View.php(229): CodeIgniter\View\View->CodeIgniter\View\{closure}()
 4 SYSTEMPATH\Common.php(1167): CodeIgniter\View\View->render('buku/print', [], true)
 5 APPPATH\Controllers\buku.php(46): view('buku/print', [...])
 6 SYSTEMPATH\CodeIgniter.php(933): App\Controllers\Buku->print()
 7 SYSTEMPATH\CodeIgniter.php(507): CodeIgniter\CodeIgniter->runController(Object(App\Controllers\Buku))
 8 SYSTEMPATH\CodeIgniter.php(354): CodeIgniter\CodeIgniter->handleRequest(null, Object(Config\Cache), false)
 9 SYSTEMPATH\Boot.php(363): CodeIgniter\CodeIgniter->run()
10 SYSTEMPATH\Boot.php(68): CodeIgniter\Boot::runCodeIgniter(Object(CodeIgniter\CodeIgniter))
11 FCPATH\index.php(59): CodeIgniter\Boot::bootWeb(Object(Config\Paths))
CRITICAL - 2026-04-20 04:40:27 --> ErrorException: Undefined array key "nama_kategori"
[Method: GET, Route: buku/print]
in APPPATH\Views\buku\print.php on line 28.
 1 APPPATH\Views\buku\print.php(28): CodeIgniter\Debug\Exceptions->errorHandler(2, 'Undefined array key "nama_kategori"', 'C:\\xampp\\htdocs\\perpus\\app\\Views\\buku\\print.php', 28)
 2 SYSTEMPATH\View\View.php(226): include('C:\\xampp\\htdocs\\perpus\\app\\Views\\buku\\print.php')
 3 SYSTEMPATH\View\View.php(229): CodeIgniter\View\View->CodeIgniter\View\{closure}()
 4 SYSTEMPATH\Common.php(1167): CodeIgniter\View\View->render('buku/print', [], true)
 5 APPPATH\Controllers\buku.php(46): view('buku/print', [...])
 6 SYSTEMPATH\CodeIgniter.php(933): App\Controllers\Buku->print()
 7 SYSTEMPATH\CodeIgniter.php(507): CodeIgniter\CodeIgniter->runController(Object(App\Controllers\Buku))
 8 SYSTEMPATH\CodeIgniter.php(354): CodeIgniter\CodeIgniter->handleRequest(null, Object(Config\Cache), false)
 9 SYSTEMPATH\Boot.php(363): CodeIgniter\CodeIgniter->run()
10 SYSTEMPATH\Boot.php(68): CodeIgniter\Boot::runCodeIgniter(Object(CodeIgniter\CodeIgniter))
11 FCPATH\index.php(59): CodeIgniter\Boot::bootWeb(Object(Config\Paths))
CRITICAL - 2026-04-20 04:40:43 --> ErrorException: Undefined array key "nama_kategori"
[Method: GET, Route: buku/print]
in APPPATH\Views\buku\print.php on line 29.
 1 APPPATH\Views\buku\print.php(29): CodeIgniter\Debug\Exceptions->errorHandler(2, 'Undefined array key "nama_kategori"', 'C:\\xampp\\htdocs\\perpus\\app\\Views\\buku\\print.php', 29)
 2 SYSTEMPATH\View\View.php(226): include('C:\\xampp\\htdocs\\perpus\\app\\Views\\buku\\print.php')
 3 SYSTEMPATH\View\View.php(229): CodeIgniter\View\View->CodeIgniter\View\{closure}()
 4 SYSTEMPATH\Common.php(1167): CodeIgniter\View\View->render('buku/print', [], true)
 5 APPPATH\Controllers\buku.php(46): view('buku/print', [...])
 6 SYSTEMPATH\CodeIgniter.php(933): App\Controllers\Buku->print()
 7 SYSTEMPATH\CodeIgniter.php(507): CodeIgniter\CodeIgniter->runController(Object(App\Controllers\Buku))
 8 SYSTEMPATH\CodeIgniter.php(354): CodeIgniter\CodeIgniter->handleRequest(null, Object(Config\Cache), false)
 9 SYSTEMPATH\Boot.php(363): CodeIgniter\CodeIgniter->run()
10 SYSTEMPATH\Boot.php(68): CodeIgniter\Boot::runCodeIgniter(Object(CodeIgniter\CodeIgniter))
11 FCPATH\index.php(59): CodeIgniter\Boot::bootWeb(Object(Config\Paths))
CRITICAL - 2026-04-20 04:41:02 --> ErrorException: Undefined array key "nama_penulis"
[Method: GET, Route: buku/print]
in APPPATH\Views\buku\print.php on line 29.
 1 APPPATH\Views\buku\print.php(29): CodeIgniter\Debug\Exceptions->errorHandler(2, 'Undefined array key "nama_penulis"', 'C:\\xampp\\htdocs\\perpus\\app\\Views\\buku\\print.php', 29)
 2 SYSTEMPATH\View\View.php(226): include('C:\\xampp\\htdocs\\perpus\\app\\Views\\buku\\print.php')
 3 SYSTEMPATH\View\View.php(229): CodeIgniter\View\View->CodeIgniter\View\{closure}()
 4 SYSTEMPATH\Common.php(1167): CodeIgniter\View\View->render('buku/print', [], true)
 5 APPPATH\Controllers\buku.php(46): view('buku/print', [...])
 6 SYSTEMPATH\CodeIgniter.php(933): App\Controllers\Buku->print()
 7 SYSTEMPATH\CodeIgniter.php(507): CodeIgniter\CodeIgniter->runController(Object(App\Controllers\Buku))
 8 SYSTEMPATH\CodeIgniter.php(354): CodeIgniter\CodeIgniter->handleRequest(null, Object(Config\Cache), false)
 9 SYSTEMPATH\Boot.php(363): CodeIgniter\CodeIgniter->run()
10 SYSTEMPATH\Boot.php(68): CodeIgniter\Boot::runCodeIgniter(Object(CodeIgniter\CodeIgniter))
11 FCPATH\index.php(59): CodeIgniter\Boot::bootWeb(Object(Config\Paths))
CRITICAL - 2026-04-20 04:41:03 --> ErrorException: Undefined array key "nama_penulis"
[Method: GET, Route: buku/print]
in APPPATH\Views\buku\print.php on line 29.
 1 APPPATH\Views\buku\print.php(29): CodeIgniter\Debug\Exceptions->errorHandler(2, 'Undefined array key "nama_penulis"', 'C:\\xampp\\htdocs\\perpus\\app\\Views\\buku\\print.php', 29)
 2 SYSTEMPATH\View\View.php(226): include('C:\\xampp\\htdocs\\perpus\\app\\Views\\buku\\print.php')
 3 SYSTEMPATH\View\View.php(229): CodeIgniter\View\View->CodeIgniter\View\{closure}()
 4 SYSTEMPATH\Common.php(1167): CodeIgniter\View\View->render('buku/print', [], true)
 5 APPPATH\Controllers\buku.php(46): view('buku/print', [...])
 6 SYSTEMPATH\CodeIgniter.php(933): App\Controllers\Buku->print()
 7 SYSTEMPATH\CodeIgniter.php(507): CodeIgniter\CodeIgniter->runController(Object(App\Controllers\Buku))
 8 SYSTEMPATH\CodeIgniter.php(354): CodeIgniter\CodeIgniter->handleRequest(null, Object(Config\Cache), false)
 9 SYSTEMPATH\Boot.php(363): CodeIgniter\CodeIgniter->run()
10 SYSTEMPATH\Boot.php(68): CodeIgniter\Boot::runCodeIgniter(Object(CodeIgniter\CodeIgniter))
11 FCPATH\index.php(59): CodeIgniter\Boot::bootWeb(Object(Config\Paths))
DEBUG - 2026-04-20 04:42:06 --> Session: Class initialized using 'CodeIgniter\Session\Handlers\FileHandler' driver.
CRITICAL - 2026-04-20 04:42:09 --> ErrorException: Undefined array key "nama_penerbit"
[Method: GET, Route: buku/print]
in APPPATH\Views\buku\print.php on line 30.
 1 APPPATH\Views\buku\print.php(30): CodeIgniter\Debug\Exceptions->errorHandler(2, 'Undefined array key "nama_penerbit"', 'C:\\xampp\\htdocs\\perpus\\app\\Views\\buku\\print.php', 30)
 2 SYSTEMPATH\View\View.php(226): include('C:\\xampp\\htdocs\\perpus\\app\\Views\\buku\\print.php')
 3 SYSTEMPATH\View\View.php(229): CodeIgniter\View\View->CodeIgniter\View\{closure}()
 4 SYSTEMPATH\Common.php(1167): CodeIgniter\View\View->render('buku/print', [], true)
 5 APPPATH\Controllers\buku.php(46): view('buku/print', [...])
 6 SYSTEMPATH\CodeIgniter.php(933): App\Controllers\Buku->print()
 7 SYSTEMPATH\CodeIgniter.php(507): CodeIgniter\CodeIgniter->runController(Object(App\Controllers\Buku))
 8 SYSTEMPATH\CodeIgniter.php(354): CodeIgniter\CodeIgniter->handleRequest(null, Object(Config\Cache), false)
 9 SYSTEMPATH\Boot.php(363): CodeIgniter\CodeIgniter->run()
10 SYSTEMPATH\Boot.php(68): CodeIgniter\Boot::runCodeIgniter(Object(CodeIgniter\CodeIgniter))
11 FCPATH\index.php(59): CodeIgniter\Boot::bootWeb(Object(Config\Paths))
DEBUG - 2026-04-20 04:44:58 --> Session: Class initialized using 'CodeIgniter\Session\Handlers\FileHandler' driver.
CRITICAL - 2026-04-20 04:45:00 --> ErrorException: Undefined array key "nama_penerbit"
[Method: GET, Route: buku/print]
in APPPATH\Views\buku\print.php on line 30.
 1 APPPATH\Views\buku\print.php(30): CodeIgniter\Debug\Exceptions->errorHandler(2, 'Undefined array key "nama_penerbit"', 'C:\\xampp\\htdocs\\perpus\\app\\Views\\buku\\print.php', 30)
 2 SYSTEMPATH\View\View.php(226): include('C:\\xampp\\htdocs\\perpus\\app\\Views\\buku\\print.php')
 3 SYSTEMPATH\View\View.php(229): CodeIgniter\View\View->CodeIgniter\View\{closure}()
 4 SYSTEMPATH\Common.php(1167): CodeIgniter\View\View->render('buku/print', [], true)
 5 APPPATH\Controllers\buku.php(46): view('buku/print', [...])
 6 SYSTEMPATH\CodeIgniter.php(933): App\Controllers\Buku->print()
 7 SYSTEMPATH\CodeIgniter.php(507): CodeIgniter\CodeIgniter->runController(Object(App\Controllers\Buku))
 8 SYSTEMPATH\CodeIgniter.php(354): CodeIgniter\CodeIgniter->handleRequest(null, Object(Config\Cache), false)
 9 SYSTEMPATH\Boot.php(363): CodeIgniter\CodeIgniter->run()
10 SYSTEMPATH\Boot.php(68): CodeIgniter\Boot::runCodeIgniter(Object(CodeIgniter\CodeIgniter))
11 FCPATH\index.php(59): CodeIgniter\Boot::bootWeb(Object(Config\Paths))
DEBUG - 2026-04-20 04:46:09 --> Session: Class initialized using 'CodeIgniter\Session\Handlers\FileHandler' driver.
DEBUG - 2026-04-20 04:46:38 --> Session: Class initialized using 'CodeIgniter\Session\Handlers\FileHandler' driver.
DEBUG - 2026-04-20 04:48:49 --> Session: Class initialized using 'CodeIgniter\Session\Handlers\FileHandler' driver.
DEBUG - 2026-04-20 04:48:51 --> Session: Class initialized using 'CodeIgniter\Session\Handlers\FileHandler' driver.
DEBUG - 2026-04-20 04:55:45 --> Session: Class initialized using 'CodeIgniter\Session\Handlers\FileHandler' driver.
DEBUG - 2026-04-20 05:00:48 --> Session: Class initialized using 'CodeIgniter\Session\Handlers\FileHandler' driver.
DEBUG - 2026-04-20 06:14:38 --> Session: Class initialized using 'CodeIgniter\Session\Handlers\FileHandler' driver.
DEBUG - 2026-04-20 06:16:33 --> Session: Class initialized using 'CodeIgniter\Session\Handlers\FileHandler' driver.
DEBUG - 2026-04-20 06:22:40 --> Session: Class initialized using 'CodeIgniter\Session\Handlers\FileHandler' driver.
DEBUG - 2026-04-20 06:22:42 --> Session: Class initialized using 'CodeIgniter\Session\Handlers\FileHandler' driver.
DEBUG - 2026-04-20 06:26:42 --> Session: Class initialized using 'CodeIgniter\Session\Handlers\FileHandler' driver.
CRITICAL - 2026-04-20 06:29:30 --> ParseError: syntax error, unexpected token "public"
[Method: GET, Route: peminjaman]
in APPPATH\Controllers\peminjaman.php on line 22.
 1 SYSTEMPATH\Autoloader\Autoloader.php(295): CodeIgniter\Autoloader\Autoloader->includeFile('C:\\xampp\\htdocs\\perpus\\app\\Controllers\\Peminjaman.php')
 2 SYSTEMPATH\Autoloader\Autoloader.php(271): CodeIgniter\Autoloader\Autoloader->loadInNamespace('App\\Controllers\\Peminjaman')
 3 [internal function]: CodeIgniter\Autoloader\Autoloader->loadClass('App\\Controllers\\Peminjaman')
 4 SYSTEMPATH\CodeIgniter.php(885): class_exists('\\App\\Controllers\\Peminjaman', true)
 5 SYSTEMPATH\CodeIgniter.php(494): CodeIgniter\CodeIgniter->startController()
 6 SYSTEMPATH\CodeIgniter.php(354): CodeIgniter\CodeIgniter->handleRequest(null, Object(Config\Cache), false)
 7 SYSTEMPATH\Boot.php(363): CodeIgniter\CodeIgniter->run()
 8 SYSTEMPATH\Boot.php(68): CodeIgniter\Boot::runCodeIgniter(Object(CodeIgniter\CodeIgniter))
 9 FCPATH\index.php(59): CodeIgniter\Boot::bootWeb(Object(Config\Paths))
CRITICAL - 2026-04-20 06:30:15 --> ErrorException: Undefined variable $anggota
[Method: GET, Route: peminjaman]
in APPPATH\Controllers\peminjaman.php on line 9.
 1 APPPATH\Controllers\peminjaman.php(9): CodeIgniter\Debug\Exceptions->errorHandler(2, 'Undefined variable $anggota', 'C:\\xampp\\htdocs\\perpus\\app\\Controllers\\peminjaman.php', 9)
 2 SYSTEMPATH\Autoloader\Autoloader.php(315): include_once('C:\\xampp\\htdocs\\perpus\\app\\Controllers\\peminjaman.php')
 3 SYSTEMPATH\Autoloader\Autoloader.php(295): CodeIgniter\Autoloader\Autoloader->includeFile('C:\\xampp\\htdocs\\perpus\\app\\Controllers\\Peminjaman.php')
 4 SYSTEMPATH\Autoloader\Autoloader.php(271): CodeIgniter\Autoloader\Autoloader->loadInNamespace('App\\Controllers\\Peminjaman')
 5 [internal function]: CodeIgniter\Autoloader\Autoloader->loadClass('App\\Controllers\\Peminjaman')
 6 SYSTEMPATH\CodeIgniter.php(885): class_exists('\\App\\Controllers\\Peminjaman', true)
 7 SYSTEMPATH\CodeIgniter.php(494): CodeIgniter\CodeIgniter->startController()
 8 SYSTEMPATH\CodeIgniter.php(354): CodeIgniter\CodeIgniter->handleRequest(null, Object(Config\Cache), false)
 9 SYSTEMPATH\Boot.php(363): CodeIgniter\CodeIgniter->run()
10 SYSTEMPATH\Boot.php(68): CodeIgniter\Boot::runCodeIgniter(Object(CodeIgniter\CodeIgniter))
11 FCPATH\index.php(59): CodeIgniter\Boot::bootWeb(Object(Config\Paths))
DEBUG - 2026-04-20 06:35:41 --> Session: Class initialized using 'CodeIgniter\Session\Handlers\FileHandler' driver.
DEBUG - 2026-04-20 06:35:43 --> Session: Class initialized using 'CodeIgniter\Session\Handlers\FileHandler' driver.
DEBUG - 2026-04-20 06:45:36 --> Session: Class initialized using 'CodeIgniter\Session\Handlers\FileHandler' driver.
CRITICAL - 2026-04-20 06:45:37 --> ParseError: syntax error, unexpected token "public"
[Method: GET, Route: buku]
in APPPATH\Controllers\buku.php on line 39.
 1 SYSTEMPATH\Autoloader\Autoloader.php(295): CodeIgniter\Autoloader\Autoloader->includeFile('C:\\xampp\\htdocs\\perpus\\app\\Controllers\\Buku.php')
 2 SYSTEMPATH\Autoloader\Autoloader.php(271): CodeIgniter\Autoloader\Autoloader->loadInNamespace('App\\Controllers\\Buku')
 3 [internal function]: CodeIgniter\Autoloader\Autoloader->loadClass('App\\Controllers\\Buku')
 4 SYSTEMPATH\CodeIgniter.php(885): class_exists('\\App\\Controllers\\Buku', true)
 5 SYSTEMPATH\CodeIgniter.php(494): CodeIgniter\CodeIgniter->startController()
 6 SYSTEMPATH\CodeIgniter.php(354): CodeIgniter\CodeIgniter->handleRequest(null, Object(Config\Cache), false)
 7 SYSTEMPATH\Boot.php(363): CodeIgniter\CodeIgniter->run()
 8 SYSTEMPATH\Boot.php(68): CodeIgniter\Boot::runCodeIgniter(Object(CodeIgniter\CodeIgniter))
 9 FCPATH\index.php(59): CodeIgniter\Boot::bootWeb(Object(Config\Paths))
DEBUG - 2026-04-20 06:46:48 --> Session: Class initialized using 'CodeIgniter\Session\Handlers\FileHandler' driver.
DEBUG - 2026-04-20 06:48:01 --> Session: Class initialized using 'CodeIgniter\Session\Handlers\FileHandler' driver.
WARNING - 2026-04-20 06:49:04 --> [DEPRECATED] Creation of dynamic property App\Controllers\Peminjaman::$db is deprecated in APPPATH\Controllers\peminjaman.php on line 51.
 1 SYSTEMPATH\CodeIgniter.php(933): App\Controllers\Peminjaman->kembalikan('35')
 2 SYSTEMPATH\CodeIgniter.php(507): CodeIgniter\CodeIgniter->runController(Object(App\Controllers\Peminjaman))
 3 SYSTEMPATH\CodeIgniter.php(354): CodeIgniter\CodeIgniter->handleRequest(null, Object(Config\Cache), false)
 4 SYSTEMPATH\Boot.php(363): CodeIgniter\CodeIgniter->run()
 5 SYSTEMPATH\Boot.php(68): CodeIgniter\Boot::runCodeIgniter(Object(CodeIgniter\CodeIgniter))
 6 FCPATH\index.php(59): CodeIgniter\Boot::bootWeb(Object(Config\Paths))
WARNING - 2026-04-20 06:49:07 --> [DEPRECATED] Creation of dynamic property App\Controllers\Peminjaman::$db is deprecated in APPPATH\Controllers\peminjaman.php on line 51.
 1 SYSTEMPATH\CodeIgniter.php(933): App\Controllers\Peminjaman->kembalikan('30')
 2 SYSTEMPATH\CodeIgniter.php(507): CodeIgniter\CodeIgniter->runController(Object(App\Controllers\Peminjaman))
 3 SYSTEMPATH\CodeIgniter.php(354): CodeIgniter\CodeIgniter->handleRequest(null, Object(Config\Cache), false)
 4 SYSTEMPATH\Boot.php(363): CodeIgniter\CodeIgniter->run()
 5 SYSTEMPATH\Boot.php(68): CodeIgniter\Boot::runCodeIgniter(Object(CodeIgniter\CodeIgniter))
 6 FCPATH\index.php(59): CodeIgniter\Boot::bootWeb(Object(Config\Paths))
ERROR - 2026-04-20 06:49:39 --> mysqli_sql_exception: Unknown column 'anggota.nama' in 'field list' in C:\xampp\htdocs\perpus\system\Database\MySQLi\Connection.php:327
Stack trace:
#0 C:\xampp\htdocs\perpus\system\Database\MySQLi\Connection.php(327): mysqli->query('SELECT `peminja...', 0)
#1 C:\xampp\htdocs\perpus\system\Database\BaseConnection.php(729): CodeIgniter\Database\MySQLi\Connection->execute('SELECT `peminja...')
#2 C:\xampp\htdocs\perpus\system\Database\BaseConnection.php(646): CodeIgniter\Database\BaseConnection->simpleQuery('SELECT `peminja...')
#3 C:\xampp\htdocs\perpus\system\Database\BaseBuilder.php(1649): CodeIgniter\Database\BaseConnection->query('SELECT `peminja...', Array, false)
#4 C:\xampp\htdocs\perpus\app\Controllers\peminjaman.php(71): CodeIgniter\Database\BaseBuilder->get()
#5 C:\xampp\htdocs\perpus\system\CodeIgniter.php(933): App\Controllers\Peminjaman->detail('31')
#6 C:\xampp\htdocs\perpus\system\CodeIgniter.php(507): CodeIgniter\CodeIgniter->runController(Object(App\Controllers\Peminjaman))
#7 C:\xampp\htdocs\perpus\system\CodeIgniter.php(354): CodeIgniter\CodeIgniter->handleRequest(NULL, Object(Config\Cache), false)
#8 C:\xampp\htdocs\perpus\system\Boot.php(363): CodeIgniter\CodeIgniter->run()
#9 C:\xampp\htdocs\perpus\system\Boot.php(68): CodeIgniter\Boot::runCodeIgniter(Object(CodeIgniter\CodeIgniter))
#10 C:\xampp\htdocs\perpus\index.php(59): CodeIgniter\Boot::bootWeb(Object(Config\Paths))
#11 {main}
CRITICAL - 2026-04-20 06:49:39 --> CodeIgniter\Database\Exceptions\DatabaseException: Unknown column 'anggota.nama' in 'field list'
[Method: GET, Route: peminjaman/detail/31]
in SYSTEMPATH\Database\BaseConnection.php on line 684.
 1 SYSTEMPATH\Database\BaseBuilder.php(1649): CodeIgniter\Database\BaseConnection->query('SELECT `peminjaman`.*, `buku`.`judul`, `anggota`.`nama`
FROM `peminjaman`
LEFT JOIN `buku` ON `buku`.`id_buku` = `peminjaman`.`id_buku`
LEFT JOIN `anggota` ON `anggota`.`id_anggota` = `peminjaman`.`id_anggota`
WHERE `peminjaman`.`id_peminjaman` = :peminjaman.id_peminjaman:', [...], false)
 2 APPPATH\Controllers\peminjaman.php(71): CodeIgniter\Database\BaseBuilder->get()
 3 SYSTEMPATH\CodeIgniter.php(933): App\Controllers\Peminjaman->detail('31')
 4 SYSTEMPATH\CodeIgniter.php(507): CodeIgniter\CodeIgniter->runController(Object(App\Controllers\Peminjaman))
 5 SYSTEMPATH\CodeIgniter.php(354): CodeIgniter\CodeIgniter->handleRequest(null, Object(Config\Cache), false)
 6 SYSTEMPATH\Boot.php(363): CodeIgniter\CodeIgniter->run()
 7 SYSTEMPATH\Boot.php(68): CodeIgniter\Boot::runCodeIgniter(Object(CodeIgniter\CodeIgniter))
 8 FCPATH\index.php(59): CodeIgniter\Boot::bootWeb(Object(Config\Paths))
CRITICAL - 2026-04-20 06:49:39 --> [Caused by] CodeIgniter\Database\Exceptions\DatabaseException: Unknown column 'anggota.nama' in 'field list'
in SYSTEMPATH\Database\MySQLi\Connection.php on line 332.
 1 SYSTEMPATH\Database\BaseConnection.php(729): CodeIgniter\Database\MySQLi\Connection->execute('SELECT `peminjaman`.*, `buku`.`judul`, `anggota`.`nama`
FROM `peminjaman`
LEFT JOIN `buku` ON `buku`.`id_buku` = `peminjaman`.`id_buku`
LEFT JOIN `anggota` ON `anggota`.`id_anggota` = `peminjaman`.`id_anggota`
WHERE `peminjaman`.`id_peminjaman` = \'31\'')
 2 SYSTEMPATH\Database\BaseConnection.php(646): CodeIgniter\Database\BaseConnection->simpleQuery('SELECT `peminjaman`.*, `buku`.`judul`, `anggota`.`nama`
FROM `peminjaman`
LEFT JOIN `buku` ON `buku`.`id_buku` = `peminjaman`.`id_buku`
LEFT JOIN `anggota` ON `anggota`.`id_anggota` = `peminjaman`.`id_anggota`
WHERE `peminjaman`.`id_peminjaman` = \'31\'')
 3 SYSTEMPATH\Database\BaseBuilder.php(1649): CodeIgniter\Database\BaseConnection->query('SELECT `peminjaman`.*, `buku`.`judul`, `anggota`.`nama`
FROM `peminjaman`
LEFT JOIN `buku` ON `buku`.`id_buku` = `peminjaman`.`id_buku`
LEFT JOIN `anggota` ON `anggota`.`id_anggota` = `peminjaman`.`id_anggota`
WHERE `peminjaman`.`id_peminjaman` = :peminjaman.id_peminjaman:', [...], false)
 4 APPPATH\Controllers\peminjaman.php(71): CodeIgniter\Database\BaseBuilder->get()
 5 SYSTEMPATH\CodeIgniter.php(933): App\Controllers\Peminjaman->detail('31')
 6 SYSTEMPATH\CodeIgniter.php(507): CodeIgniter\CodeIgniter->runController(Object(App\Controllers\Peminjaman))
 7 SYSTEMPATH\CodeIgniter.php(354): CodeIgniter\CodeIgniter->handleRequest(null, Object(Config\Cache), false)
 8 SYSTEMPATH\Boot.php(363): CodeIgniter\CodeIgniter->run()
 9 SYSTEMPATH\Boot.php(68): CodeIgniter\Boot::runCodeIgniter(Object(CodeIgniter\CodeIgniter))
10 FCPATH\index.php(59): CodeIgniter\Boot::bootWeb(Object(Config\Paths))
CRITICAL - 2026-04-20 06:49:39 --> [Caused by] mysqli_sql_exception: Unknown column 'anggota.nama' in 'field list'
in SYSTEMPATH\Database\MySQLi\Connection.php on line 327.
 1 SYSTEMPATH\Database\MySQLi\Connection.php(327): mysqli->query('SELECT `peminjaman`.*, `buku`.`judul`, `anggota`.`nama`
FROM `peminjaman`
LEFT JOIN `buku` ON `buku`.`id_buku` = `peminjaman`.`id_buku`
LEFT JOIN `anggota` ON `anggota`.`id_anggota` = `peminjaman`.`id_anggota`
WHERE `peminjaman`.`id_peminjaman` = \'31\'', 0)
 2 SYSTEMPATH\Database\BaseConnection.php(729): CodeIgniter\Database\MySQLi\Connection->execute('SELECT `peminjaman`.*, `buku`.`judul`, `anggota`.`nama`
FROM `peminjaman`
LEFT JOIN `buku` ON `buku`.`id_buku` = `peminjaman`.`id_buku`
LEFT JOIN `anggota` ON `anggota`.`id_anggota` = `peminjaman`.`id_anggota`
WHERE `peminjaman`.`id_peminjaman` = \'31\'')
 3 SYSTEMPATH\Database\BaseConnection.php(646): CodeIgniter\Database\BaseConnection->simpleQuery('SELECT `peminjaman`.*, `buku`.`judul`, `anggota`.`nama`
FROM `peminjaman`
LEFT JOIN `buku` ON `buku`.`id_buku` = `peminjaman`.`id_buku`
LEFT JOIN `anggota` ON `anggota`.`id_anggota` = `peminjaman`.`id_anggota`
WHERE `peminjaman`.`id_peminjaman` = \'31\'')
 4 SYSTEMPATH\Database\BaseBuilder.php(1649): CodeIgniter\Database\BaseConnection->query('SELECT `peminjaman`.*, `buku`.`judul`, `anggota`.`nama`
FROM `peminjaman`
LEFT JOIN `buku` ON `buku`.`id_buku` = `peminjaman`.`id_buku`
LEFT JOIN `anggota` ON `anggota`.`id_anggota` = `peminjaman`.`id_anggota`
WHERE `peminjaman`.`id_peminjaman` = :peminjaman.id_peminjaman:', [...], false)
 5 APPPATH\Controllers\peminjaman.php(71): CodeIgniter\Database\BaseBuilder->get()
 6 SYSTEMPATH\CodeIgniter.php(933): App\Controllers\Peminjaman->detail('31')
 7 SYSTEMPATH\CodeIgniter.php(507): CodeIgniter\CodeIgniter->runController(Object(App\Controllers\Peminjaman))
 8 SYSTEMPATH\CodeIgniter.php(354): CodeIgniter\CodeIgniter->handleRequest(null, Object(Config\Cache), false)
 9 SYSTEMPATH\Boot.php(363): CodeIgniter\CodeIgniter->run()
10 SYSTEMPATH\Boot.php(68): CodeIgniter\Boot::runCodeIgniter(Object(CodeIgniter\CodeIgniter))
11 FCPATH\index.php(59): CodeIgniter\Boot::bootWeb(Object(Config\Paths))
CRITICAL - 2026-04-20 06:51:50 --> ErrorException: Undefined array key "nama"
[Method: GET, Route: peminjaman/detail/31]
in APPPATH\Views\peminjaman\detail.php on line 3.
 1 APPPATH\Views\peminjaman\detail.php(3): CodeIgniter\Debug\Exceptions->errorHandler(2, 'Undefined array key "nama"', 'C:\\xampp\\htdocs\\perpus\\app\\Views\\peminjaman\\detail.php', 3)
 2 SYSTEMPATH\View\View.php(226): include('C:\\xampp\\htdocs\\perpus\\app\\Views\\peminjaman\\detail.php')
 3 SYSTEMPATH\View\View.php(229): CodeIgniter\View\View->CodeIgniter\View\{closure}()
 4 SYSTEMPATH\Common.php(1167): CodeIgniter\View\View->render('peminjaman/detail', [], true)
 5 APPPATH\Controllers\peminjaman.php(74): view('peminjaman/detail', [...])
 6 SYSTEMPATH\CodeIgniter.php(933): App\Controllers\Peminjaman->detail('31')
 7 SYSTEMPATH\CodeIgniter.php(507): CodeIgniter\CodeIgniter->runController(Object(App\Controllers\Peminjaman))
 8 SYSTEMPATH\CodeIgniter.php(354): CodeIgniter\CodeIgniter->handleRequest(null, Object(Config\Cache), false)
 9 SYSTEMPATH\Boot.php(363): CodeIgniter\CodeIgniter->run()
10 SYSTEMPATH\Boot.php(68): CodeIgniter\Boot::runCodeIgniter(Object(CodeIgniter\CodeIgniter))
11 FCPATH\index.php(59): CodeIgniter\Boot::bootWeb(Object(Config\Paths))
CRITICAL - 2026-04-20 06:52:30 --> ErrorException: Undefined array key "nama"
[Method: GET, Route: peminjaman/detail/31]
in APPPATH\Views\peminjaman\detail.php on line 3.
 1 APPPATH\Views\peminjaman\detail.php(3): CodeIgniter\Debug\Exceptions->errorHandler(2, 'Undefined array key "nama"', 'C:\\xampp\\htdocs\\perpus\\app\\Views\\peminjaman\\detail.php', 3)
 2 SYSTEMPATH\View\View.php(226): include('C:\\xampp\\htdocs\\perpus\\app\\Views\\peminjaman\\detail.php')
 3 SYSTEMPATH\View\View.php(229): CodeIgniter\View\View->CodeIgniter\View\{closure}()
 4 SYSTEMPATH\Common.php(1167): CodeIgniter\View\View->render('peminjaman/detail', [], true)
 5 APPPATH\Controllers\peminjaman.php(77): view('peminjaman/detail', [...])
 6 SYSTEMPATH\CodeIgniter.php(933): App\Controllers\Peminjaman->detail('31')
 7 SYSTEMPATH\CodeIgniter.php(507): CodeIgniter\CodeIgniter->runController(Object(App\Controllers\Peminjaman))
 8 SYSTEMPATH\CodeIgniter.php(354): CodeIgniter\CodeIgniter->handleRequest(null, Object(Config\Cache), false)
 9 SYSTEMPATH\Boot.php(363): CodeIgniter\CodeIgniter->run()
10 SYSTEMPATH\Boot.php(68): CodeIgniter\Boot::runCodeIgniter(Object(CodeIgniter\CodeIgniter))
11 FCPATH\index.php(59): CodeIgniter\Boot::bootWeb(Object(Config\Paths))
CRITICAL - 2026-04-20 06:52:31 --> ErrorException: Undefined array key "nama"
[Method: GET, Route: peminjaman/detail/31]
in APPPATH\Views\peminjaman\detail.php on line 3.
 1 APPPATH\Views\peminjaman\detail.php(3): CodeIgniter\Debug\Exceptions->errorHandler(2, 'Undefined array key "nama"', 'C:\\xampp\\htdocs\\perpus\\app\\Views\\peminjaman\\detail.php', 3)
 2 SYSTEMPATH\View\View.php(226): include('C:\\xampp\\htdocs\\perpus\\app\\Views\\peminjaman\\detail.php')
 3 SYSTEMPATH\View\View.php(229): CodeIgniter\View\View->CodeIgniter\View\{closure}()
 4 SYSTEMPATH\Common.php(1167): CodeIgniter\View\View->render('peminjaman/detail', [], true)
 5 APPPATH\Controllers\peminjaman.php(77): view('peminjaman/detail', [...])
 6 SYSTEMPATH\CodeIgniter.php(933): App\Controllers\Peminjaman->detail('31')
 7 SYSTEMPATH\CodeIgniter.php(507): CodeIgniter\CodeIgniter->runController(Object(App\Controllers\Peminjaman))
 8 SYSTEMPATH\CodeIgniter.php(354): CodeIgniter\CodeIgniter->handleRequest(null, Object(Config\Cache), false)
 9 SYSTEMPATH\Boot.php(363): CodeIgniter\CodeIgniter->run()
10 SYSTEMPATH\Boot.php(68): CodeIgniter\Boot::runCodeIgniter(Object(CodeIgniter\CodeIgniter))
11 FCPATH\index.php(59): CodeIgniter\Boot::bootWeb(Object(Config\Paths))
CRITICAL - 2026-04-20 06:52:31 --> ErrorException: Undefined array key "nama"
[Method: GET, Route: peminjaman/detail/31]
in APPPATH\Views\peminjaman\detail.php on line 3.
 1 APPPATH\Views\peminjaman\detail.php(3): CodeIgniter\Debug\Exceptions->errorHandler(2, 'Undefined array key "nama"', 'C:\\xampp\\htdocs\\perpus\\app\\Views\\peminjaman\\detail.php', 3)
 2 SYSTEMPATH\View\View.php(226): include('C:\\xampp\\htdocs\\perpus\\app\\Views\\peminjaman\\detail.php')
 3 SYSTEMPATH\View\View.php(229): CodeIgniter\View\View->CodeIgniter\View\{closure}()
 4 SYSTEMPATH\Common.php(1167): CodeIgniter\View\View->render('peminjaman/detail', [], true)
 5 APPPATH\Controllers\peminjaman.php(77): view('peminjaman/detail', [...])
 6 SYSTEMPATH\CodeIgniter.php(933): App\Controllers\Peminjaman->detail('31')
 7 SYSTEMPATH\CodeIgniter.php(507): CodeIgniter\CodeIgniter->runController(Object(App\Controllers\Peminjaman))
 8 SYSTEMPATH\CodeIgniter.php(354): CodeIgniter\CodeIgniter->handleRequest(null, Object(Config\Cache), false)
 9 SYSTEMPATH\Boot.php(363): CodeIgniter\CodeIgniter->run()
10 SYSTEMPATH\Boot.php(68): CodeIgniter\Boot::runCodeIgniter(Object(CodeIgniter\CodeIgniter))
11 FCPATH\index.php(59): CodeIgniter\Boot::bootWeb(Object(Config\Paths))
CRITICAL - 2026-04-20 06:52:31 --> ErrorException: Undefined array key "nama"
[Method: GET, Route: peminjaman/detail/31]
in APPPATH\Views\peminjaman\detail.php on line 3.
 1 APPPATH\Views\peminjaman\detail.php(3): CodeIgniter\Debug\Exceptions->errorHandler(2, 'Undefined array key "nama"', 'C:\\xampp\\htdocs\\perpus\\app\\Views\\peminjaman\\detail.php', 3)
 2 SYSTEMPATH\View\View.php(226): include('C:\\xampp\\htdocs\\perpus\\app\\Views\\peminjaman\\detail.php')
 3 SYSTEMPATH\View\View.php(229): CodeIgniter\View\View->CodeIgniter\View\{closure}()
 4 SYSTEMPATH\Common.php(1167): CodeIgniter\View\View->render('peminjaman/detail', [], true)
 5 APPPATH\Controllers\peminjaman.php(77): view('peminjaman/detail', [...])
 6 SYSTEMPATH\CodeIgniter.php(933): App\Controllers\Peminjaman->detail('31')
 7 SYSTEMPATH\CodeIgniter.php(507): CodeIgniter\CodeIgniter->runController(Object(App\Controllers\Peminjaman))
 8 SYSTEMPATH\CodeIgniter.php(354): CodeIgniter\CodeIgniter->handleRequest(null, Object(Config\Cache), false)
 9 SYSTEMPATH\Boot.php(363): CodeIgniter\CodeIgniter->run()
10 SYSTEMPATH\Boot.php(68): CodeIgniter\Boot::runCodeIgniter(Object(CodeIgniter\CodeIgniter))
11 FCPATH\index.php(59): CodeIgniter\Boot::bootWeb(Object(Config\Paths))
CRITICAL - 2026-04-20 06:52:31 --> ErrorException: Undefined array key "nama"
[Method: GET, Route: peminjaman/detail/31]
in APPPATH\Views\peminjaman\detail.php on line 3.
 1 APPPATH\Views\peminjaman\detail.php(3): CodeIgniter\Debug\Exceptions->errorHandler(2, 'Undefined array key "nama"', 'C:\\xampp\\htdocs\\perpus\\app\\Views\\peminjaman\\detail.php', 3)
 2 SYSTEMPATH\View\View.php(226): include('C:\\xampp\\htdocs\\perpus\\app\\Views\\peminjaman\\detail.php')
 3 SYSTEMPATH\View\View.php(229): CodeIgniter\View\View->CodeIgniter\View\{closure}()
 4 SYSTEMPATH\Common.php(1167): CodeIgniter\View\View->render('peminjaman/detail', [], true)
 5 APPPATH\Controllers\peminjaman.php(77): view('peminjaman/detail', [...])
 6 SYSTEMPATH\CodeIgniter.php(933): App\Controllers\Peminjaman->detail('31')
 7 SYSTEMPATH\CodeIgniter.php(507): CodeIgniter\CodeIgniter->runController(Object(App\Controllers\Peminjaman))
 8 SYSTEMPATH\CodeIgniter.php(354): CodeIgniter\CodeIgniter->handleRequest(null, Object(Config\Cache), false)
 9 SYSTEMPATH\Boot.php(363): CodeIgniter\CodeIgniter->run()
10 SYSTEMPATH\Boot.php(68): CodeIgniter\Boot::runCodeIgniter(Object(CodeIgniter\CodeIgniter))
11 FCPATH\index.php(59): CodeIgniter\Boot::bootWeb(Object(Config\Paths))
CRITICAL - 2026-04-20 06:52:32 --> ErrorException: Undefined array key "nama"
[Method: GET, Route: peminjaman/detail/31]
in APPPATH\Views\peminjaman\detail.php on line 3.
 1 APPPATH\Views\peminjaman\detail.php(3): CodeIgniter\Debug\Exceptions->errorHandler(2, 'Undefined array key "nama"', 'C:\\xampp\\htdocs\\perpus\\app\\Views\\peminjaman\\detail.php', 3)
 2 SYSTEMPATH\View\View.php(226): include('C:\\xampp\\htdocs\\perpus\\app\\Views\\peminjaman\\detail.php')
 3 SYSTEMPATH\View\View.php(229): CodeIgniter\View\View->CodeIgniter\View\{closure}()
 4 SYSTEMPATH\Common.php(1167): CodeIgniter\View\View->render('peminjaman/detail', [], true)
 5 APPPATH\Controllers\peminjaman.php(77): view('peminjaman/detail', [...])
 6 SYSTEMPATH\CodeIgniter.php(933): App\Controllers\Peminjaman->detail('31')
 7 SYSTEMPATH\CodeIgniter.php(507): CodeIgniter\CodeIgniter->runController(Object(App\Controllers\Peminjaman))
 8 SYSTEMPATH\CodeIgniter.php(354): CodeIgniter\CodeIgniter->handleRequest(null, Object(Config\Cache), false)
 9 SYSTEMPATH\Boot.php(363): CodeIgniter\CodeIgniter->run()
10 SYSTEMPATH\Boot.php(68): CodeIgniter\Boot::runCodeIgniter(Object(CodeIgniter\CodeIgniter))
11 FCPATH\index.php(59): CodeIgniter\Boot::bootWeb(Object(Config\Paths))
DEBUG - 2026-04-20 07:00:44 --> Session: Class initialized using 'CodeIgniter\Session\Handlers\FileHandler' driver.
DEBUG - 2026-04-20 07:00:50 --> Session: Class initialized using 'CodeIgniter\Session\Handlers\FileHandler' driver.
DEBUG - 2026-04-20 07:01:33 --> Session: Class initialized using 'CodeIgniter\Session\Handlers\FileHandler' driver.
DEBUG - 2026-04-20 07:01:37 --> Session: Class initialized using 'CodeIgniter\Session\Handlers\FileHandler' driver.
DEBUG - 2026-04-20 07:02:36 --> Session: Class initialized using 'CodeIgniter\Session\Handlers\FileHandler' driver.
DEBUG - 2026-04-20 07:04:53 --> Session: Class initialized using 'CodeIgniter\Session\Handlers\FileHandler' driver.
DEBUG - 2026-04-20 07:06:33 --> Session: Class initialized using 'CodeIgniter\Session\Handlers\FileHandler' driver.
DEBUG - 2026-04-20 07:06:34 --> Session: Class initialized using 'CodeIgniter\Session\Handlers\FileHandler' driver.
DEBUG - 2026-04-20 07:08:08 --> Session: Class initialized using 'CodeIgniter\Session\Handlers\FileHandler' driver.
DEBUG - 2026-04-20 07:10:48 --> Session: Class initialized using 'CodeIgniter\Session\Handlers\FileHandler' driver.
CRITICAL - 2026-04-20 07:14:37 --> ErrorException: Undefined array key "cover"
[Method: GET, Route: buku]
in APPPATH\Views\buku\index.php on line 13.
 1 APPPATH\Views\buku\index.php(13): CodeIgniter\Debug\Exceptions->errorHandler(2, 'Undefined array key "cover"', 'C:\\xampp\\htdocs\\perpus\\app\\Views\\buku\\index.php', 13)
 2 SYSTEMPATH\View\View.php(226): include('C:\\xampp\\htdocs\\perpus\\app\\Views\\buku\\index.php')
 3 SYSTEMPATH\View\View.php(229): CodeIgniter\View\View->CodeIgniter\View\{closure}()
 4 SYSTEMPATH\Common.php(1167): CodeIgniter\View\View->render('buku/index', [], true)
 5 APPPATH\Controllers\buku.php(21): view('buku/index', [...])
 6 SYSTEMPATH\CodeIgniter.php(933): App\Controllers\Buku->index()
 7 SYSTEMPATH\CodeIgniter.php(507): CodeIgniter\CodeIgniter->runController(Object(App\Controllers\Buku))
 8 SYSTEMPATH\CodeIgniter.php(354): CodeIgniter\CodeIgniter->handleRequest(null, Object(Config\Cache), false)
 9 SYSTEMPATH\Boot.php(363): CodeIgniter\CodeIgniter->run()
10 SYSTEMPATH\Boot.php(68): CodeIgniter\Boot::runCodeIgniter(Object(CodeIgniter\CodeIgniter))
11 FCPATH\index.php(59): CodeIgniter\Boot::bootWeb(Object(Config\Paths))
DEBUG - 2026-04-20 07:14:54 --> Session: Class initialized using 'CodeIgniter\Session\Handlers\FileHandler' driver.
CRITICAL - 2026-04-20 07:18:18 --> ParseError: syntax error, unexpected token "else"
[Method: GET, Route: buku]
in APPPATH\Views\buku\index.php on line 58.
 1 SYSTEMPATH\View\View.php(229): CodeIgniter\View\View->CodeIgniter\View\{closure}()
 2 SYSTEMPATH\Common.php(1167): CodeIgniter\View\View->render('buku/index', [], true)
 3 APPPATH\Controllers\buku.php(21): view('buku/index', [...])
 4 SYSTEMPATH\CodeIgniter.php(933): App\Controllers\Buku->index()
 5 SYSTEMPATH\CodeIgniter.php(507): CodeIgniter\CodeIgniter->runController(Object(App\Controllers\Buku))
 6 SYSTEMPATH\CodeIgniter.php(354): CodeIgniter\CodeIgniter->handleRequest(null, Object(Config\Cache), false)
 7 SYSTEMPATH\Boot.php(363): CodeIgniter\CodeIgniter->run()
 8 SYSTEMPATH\Boot.php(68): CodeIgniter\Boot::runCodeIgniter(Object(CodeIgniter\CodeIgniter))
 9 FCPATH\index.php(59): CodeIgniter\Boot::bootWeb(Object(Config\Paths))
DEBUG - 2026-04-20 07:19:34 --> Session: Class initialized using 'CodeIgniter\Session\Handlers\FileHandler' driver.
DEBUG - 2026-04-20 07:20:01 --> Session: Class initialized using 'CodeIgniter\Session\Handlers\FileHandler' driver.
DEBUG - 2026-04-20 07:20:34 --> Session: Class initialized using 'CodeIgniter\Session\Handlers\FileHandler' driver.
DEBUG - 2026-04-20 07:20:38 --> Session: Class initialized using 'CodeIgniter\Session\Handlers\FileHandler' driver.
DEBUG - 2026-04-20 07:26:20 --> Session: Class initialized using 'CodeIgniter\Session\Handlers\FileHandler' driver.
DEBUG - 2026-04-20 07:27:27 --> Session: Class initialized using 'CodeIgniter\Session\Handlers\FileHandler' driver.
DEBUG - 2026-04-20 07:27:34 --> Session: Class initialized using 'CodeIgniter\Session\Handlers\FileHandler' driver.
DEBUG - 2026-04-20 07:28:07 --> Session: Class initialized using 'CodeIgniter\Session\Handlers\FileHandler' driver.
CRITICAL - 2026-04-20 07:29:26 --> ErrorException: Undefined array key "isbn"
[Method: GET, Route: buku/detail/8]
in APPPATH\Views\buku\detail.php on line 17.
 1 APPPATH\Views\buku\detail.php(17): CodeIgniter\Debug\Exceptions->errorHandler(2, 'Undefined array key "isbn"', 'C:\\xampp\\htdocs\\perpus\\app\\Views\\buku\\detail.php', 17)
 2 SYSTEMPATH\View\View.php(226): include('C:\\xampp\\htdocs\\perpus\\app\\Views\\buku\\detail.php')
 3 SYSTEMPATH\View\View.php(229): CodeIgniter\View\View->CodeIgniter\View\{closure}()
 4 SYSTEMPATH\Common.php(1167): CodeIgniter\View\View->render('buku/detail', [], true)
 5 APPPATH\Controllers\buku.php(37): view('buku/detail', [...])
 6 SYSTEMPATH\CodeIgniter.php(933): App\Controllers\Buku->detail('8')
 7 SYSTEMPATH\CodeIgniter.php(507): CodeIgniter\CodeIgniter->runController(Object(App\Controllers\Buku))
 8 SYSTEMPATH\CodeIgniter.php(354): CodeIgniter\CodeIgniter->handleRequest(null, Object(Config\Cache), false)
 9 SYSTEMPATH\Boot.php(363): CodeIgniter\CodeIgniter->run()
10 SYSTEMPATH\Boot.php(68): CodeIgniter\Boot::runCodeIgniter(Object(CodeIgniter\CodeIgniter))
11 FCPATH\index.php(59): CodeIgniter\Boot::bootWeb(Object(Config\Paths))
DEBUG - 2026-04-20 07:30:02 --> Session: Class initialized using 'CodeIgniter\Session\Handlers\FileHandler' driver.
DEBUG - 2026-04-20 07:30:05 --> Session: Class initialized using 'CodeIgniter\Session\Handlers\FileHandler' driver.
DEBUG - 2026-04-20 07:30:49 --> Session: Class initialized using 'CodeIgniter\Session\Handlers\FileHandler' driver.
DEBUG - 2026-04-20 07:30:50 --> Session: Class initialized using 'CodeIgniter\Session\Handlers\FileHandler' driver.
DEBUG - 2026-04-20 07:35:05 --> Session: Class initialized using 'CodeIgniter\Session\Handlers\FileHandler' driver.
DEBUG - 2026-04-20 07:35:06 --> Session: Class initialized using 'CodeIgniter\Session\Handlers\FileHandler' driver.
DEBUG - 2026-04-20 07:35:06 --> Session: Class initialized using 'CodeIgniter\Session\Handlers\FileHandler' driver.
DEBUG - 2026-04-20 07:35:07 --> Session: Class initialized using 'CodeIgniter\Session\Handlers\FileHandler' driver.
DEBUG - 2026-04-20 07:35:07 --> Session: Class initialized using 'CodeIgniter\Session\Handlers\FileHandler' driver.
DEBUG - 2026-04-20 07:35:08 --> Session: Class initialized using 'CodeIgniter\Session\Handlers\FileHandler' driver.
DEBUG - 2026-04-20 07:36:30 --> Session: Class initialized using 'CodeIgniter\Session\Handlers\FileHandler' driver.
DEBUG - 2026-04-20 07:36:31 --> Session: Class initialized using 'CodeIgniter\Session\Handlers\FileHandler' driver.
DEBUG - 2026-04-20 07:36:33 --> Session: Class initialized using 'CodeIgniter\Session\Handlers\FileHandler' driver.
DEBUG - 2026-04-20 07:36:41 --> Session: Class initialized using 'CodeIgniter\Session\Handlers\FileHandler' driver.
DEBUG - 2026-04-20 07:37:38 --> Session: Class initialized using 'CodeIgniter\Session\Handlers\FileHandler' driver.
DEBUG - 2026-04-20 07:37:43 --> Session: Class initialized using 'CodeIgniter\Session\Handlers\FileHandler' driver.
CRITICAL - 2026-04-20 07:39:34 --> ParseError: syntax error, unexpected token "endif"
[Method: GET, Route: buku]
in APPPATH\Views\buku\index.php on line 60.
 1 SYSTEMPATH\View\View.php(229): CodeIgniter\View\View->CodeIgniter\View\{closure}()
 2 SYSTEMPATH\Common.php(1167): CodeIgniter\View\View->render('buku/index', [], true)
 3 APPPATH\Controllers\buku.php(21): view('buku/index', [...])
 4 SYSTEMPATH\CodeIgniter.php(933): App\Controllers\Buku->index()
 5 SYSTEMPATH\CodeIgniter.php(507): CodeIgniter\CodeIgniter->runController(Object(App\Controllers\Buku))
 6 SYSTEMPATH\CodeIgniter.php(354): CodeIgniter\CodeIgniter->handleRequest(null, Object(Config\Cache), false)
 7 SYSTEMPATH\Boot.php(363): CodeIgniter\CodeIgniter->run()
 8 SYSTEMPATH\Boot.php(68): CodeIgniter\Boot::runCodeIgniter(Object(CodeIgniter\CodeIgniter))
 9 FCPATH\index.php(59): CodeIgniter\Boot::bootWeb(Object(Config\Paths))
DEBUG - 2026-04-20 07:39:47 --> Session: Class initialized using 'CodeIgniter\Session\Handlers\FileHandler' driver.
DEBUG - 2026-04-20 07:41:23 --> Session: Class initialized using 'CodeIgniter\Session\Handlers\FileHandler' driver.
DEBUG - 2026-04-20 07:42:43 --> Session: Class initialized using 'CodeIgniter\Session\Handlers\FileHandler' driver.
DEBUG - 2026-04-20 07:44:18 --> Session: Class initialized using 'CodeIgniter\Session\Handlers\FileHandler' driver.
DEBUG - 2026-04-20 07:44:21 --> Session: Class initialized using 'CodeIgniter\Session\Handlers\FileHandler' driver.
DEBUG - 2026-04-20 07:44:44 --> Session: Class initialized using 'CodeIgniter\Session\Handlers\FileHandler' driver.
DEBUG - 2026-04-20 07:45:23 --> Session: Class initialized using 'CodeIgniter\Session\Handlers\FileHandler' driver.
CRITICAL - 2026-04-20 07:48:19 --> ErrorException: Undefined array key "cover"
[Method: GET, Route: buku]
in APPPATH\Views\buku\index.php on line 43.
 1 APPPATH\Views\buku\index.php(43): CodeIgniter\Debug\Exceptions->errorHandler(2, 'Undefined array key "cover"', 'C:\\xampp\\htdocs\\perpus\\app\\Views\\buku\\index.php', 43)
 2 SYSTEMPATH\View\View.php(226): include('C:\\xampp\\htdocs\\perpus\\app\\Views\\buku\\index.php')
 3 SYSTEMPATH\View\View.php(229): CodeIgniter\View\View->CodeIgniter\View\{closure}()
 4 SYSTEMPATH\Common.php(1167): CodeIgniter\View\View->render('buku/index', [], true)
 5 APPPATH\Controllers\buku.php(21): view('buku/index', [...])
 6 SYSTEMPATH\CodeIgniter.php(933): App\Controllers\Buku->index()
 7 SYSTEMPATH\CodeIgniter.php(507): CodeIgniter\CodeIgniter->runController(Object(App\Controllers\Buku))
 8 SYSTEMPATH\CodeIgniter.php(354): CodeIgniter\CodeIgniter->handleRequest(null, Object(Config\Cache), false)
 9 SYSTEMPATH\Boot.php(363): CodeIgniter\CodeIgniter->run()
10 SYSTEMPATH\Boot.php(68): CodeIgniter\Boot::runCodeIgniter(Object(CodeIgniter\CodeIgniter))
11 FCPATH\index.php(59): CodeIgniter\Boot::bootWeb(Object(Config\Paths))
DEBUG - 2026-04-20 07:48:30 --> Session: Class initialized using 'CodeIgniter\Session\Handlers\FileHandler' driver.
DEBUG - 2026-04-20 07:48:59 --> Session: Class initialized using 'CodeIgniter\Session\Handlers\FileHandler' driver.
DEBUG - 2026-04-20 07:49:23 --> Session: Class initialized using 'CodeIgniter\Session\Handlers\FileHandler' driver.
DEBUG - 2026-04-20 15:11:31 --> Session: Class initialized using 'CodeIgniter\Session\Handlers\FileHandler' driver.
DEBUG - 2026-04-20 15:11:33 --> Session: Class initialized using 'CodeIgniter\Session\Handlers\FileHandler' driver.
DEBUG - 2026-04-20 15:11:48 --> Session: Class initialized using 'CodeIgniter\Session\Handlers\FileHandler' driver.
DEBUG - 2026-04-20 15:11:49 --> Session: Class initialized using 'CodeIgniter\Session\Handlers\FileHandler' driver.
CRITICAL - 2026-04-20 15:21:54 --> ErrorException: Undefined variable $data_peminjaman
[Method: GET, Route: peminjaman]
in APPPATH\Views\peminjaman\index.php on line 18.
 1 APPPATH\Views\peminjaman\index.php(18): CodeIgniter\Debug\Exceptions->errorHandler(2, 'Undefined variable $data_peminjaman', 'C:\\xampp\\htdocs\\perpus\\app\\Views\\peminjaman\\index.php', 18)
 2 SYSTEMPATH\View\View.php(226): include('C:\\xampp\\htdocs\\perpus\\app\\Views\\peminjaman\\index.php')
 3 SYSTEMPATH\View\View.php(229): CodeIgniter\View\View->CodeIgniter\View\{closure}()
 4 SYSTEMPATH\Common.php(1167): CodeIgniter\View\View->render('peminjaman/index', [], true)
 5 APPPATH\Controllers\peminjaman.php(26): view('peminjaman/index', [...])
 6 SYSTEMPATH\CodeIgniter.php(933): App\Controllers\Peminjaman->index()
 7 SYSTEMPATH\CodeIgniter.php(507): CodeIgniter\CodeIgniter->runController(Object(App\Controllers\Peminjaman))
 8 SYSTEMPATH\CodeIgniter.php(354): CodeIgniter\CodeIgniter->handleRequest(null, Object(Config\Cache), false)
 9 SYSTEMPATH\Boot.php(363): CodeIgniter\CodeIgniter->run()
10 SYSTEMPATH\Boot.php(68): CodeIgniter\Boot::runCodeIgniter(Object(CodeIgniter\CodeIgniter))
11 FCPATH\index.php(59): CodeIgniter\Boot::bootWeb(Object(Config\Paths))
CRITICAL - 2026-04-20 15:22:53 --> ParseError: syntax error, unexpected token "public", expecting ";" or "{"
[Method: GET, Route: peminjaman]
in APPPATH\Controllers\peminjaman.php on line 12.
 1 SYSTEMPATH\Autoloader\Autoloader.php(295): CodeIgniter\Autoloader\Autoloader->includeFile('C:\\xampp\\htdocs\\perpus\\app\\Controllers\\Peminjaman.php')
 2 SYSTEMPATH\Autoloader\Autoloader.php(271): CodeIgniter\Autoloader\Autoloader->loadInNamespace('App\\Controllers\\Peminjaman')
 3 [internal function]: CodeIgniter\Autoloader\Autoloader->loadClass('App\\Controllers\\Peminjaman')
 4 SYSTEMPATH\CodeIgniter.php(885): class_exists('\\App\\Controllers\\Peminjaman', true)
 5 SYSTEMPATH\CodeIgniter.php(494): CodeIgniter\CodeIgniter->startController()
 6 SYSTEMPATH\CodeIgniter.php(354): CodeIgniter\CodeIgniter->handleRequest(null, Object(Config\Cache), false)
 7 SYSTEMPATH\Boot.php(363): CodeIgniter\CodeIgniter->run()
 8 SYSTEMPATH\Boot.php(68): CodeIgniter\Boot::runCodeIgniter(Object(CodeIgniter\CodeIgniter))
 9 FCPATH\index.php(59): CodeIgniter\Boot::bootWeb(Object(Config\Paths))
ERROR - 2026-04-20 15:23:46 --> mysqli_sql_exception: Unknown column 'buku.foto' in 'field list' in C:\xampp\htdocs\perpus\system\Database\MySQLi\Connection.php:327
Stack trace:
#0 C:\xampp\htdocs\perpus\system\Database\MySQLi\Connection.php(327): mysqli->query('SELECT `peminja...', 0)
#1 C:\xampp\htdocs\perpus\system\Database\BaseConnection.php(729): CodeIgniter\Database\MySQLi\Connection->execute('SELECT `peminja...')
#2 C:\xampp\htdocs\perpus\system\Database\BaseConnection.php(646): CodeIgniter\Database\BaseConnection->simpleQuery('SELECT `peminja...')
#3 C:\xampp\htdocs\perpus\system\Database\BaseBuilder.php(1649): CodeIgniter\Database\BaseConnection->query('SELECT `peminja...', Array, false)
#4 C:\xampp\htdocs\perpus\app\Controllers\peminjaman.php(25): CodeIgniter\Database\BaseBuilder->get()
#5 C:\xampp\htdocs\perpus\system\CodeIgniter.php(933): App\Controllers\Peminjaman->index()
#6 C:\xampp\htdocs\perpus\system\CodeIgniter.php(507): CodeIgniter\CodeIgniter->runController(Object(App\Controllers\Peminjaman))
#7 C:\xampp\htdocs\perpus\system\CodeIgniter.php(354): CodeIgniter\CodeIgniter->handleRequest(NULL, Object(Config\Cache), false)
#8 C:\xampp\htdocs\perpus\system\Boot.php(363): CodeIgniter\CodeIgniter->run()
#9 C:\xampp\htdocs\perpus\system\Boot.php(68): CodeIgniter\Boot::runCodeIgniter(Object(CodeIgniter\CodeIgniter))
#10 C:\xampp\htdocs\perpus\index.php(59): CodeIgniter\Boot::bootWeb(Object(Config\Paths))
#11 {main}
CRITICAL - 2026-04-20 15:23:46 --> CodeIgniter\Database\Exceptions\DatabaseException: Unknown column 'buku.foto' in 'field list'
[Method: GET, Route: peminjaman]
in SYSTEMPATH\Database\BaseConnection.php on line 684.
 1 SYSTEMPATH\Database\BaseBuilder.php(1649): CodeIgniter\Database\BaseConnection->query('SELECT `peminjaman`.*, `buku`.`foto`, `anggota`.`nama_anggota`, `petugas`.`nama_petugas`
FROM `peminjaman`
LEFT JOIN `buku` ON `buku`.`id_buku` = `peminjaman`.`id_buku`
LEFT JOIN `anggota` ON `anggota`.`id_anggota` = `peminjaman`.`id_anggota`
LEFT JOIN `petugas` ON `petugas`.`id_petugas` = `peminjaman`.`id_petugas`', [], false)
 2 APPPATH\Controllers\peminjaman.php(25): CodeIgniter\Database\BaseBuilder->get()
 3 SYSTEMPATH\CodeIgniter.php(933): App\Controllers\Peminjaman->index()
 4 SYSTEMPATH\CodeIgniter.php(507): CodeIgniter\CodeIgniter->runController(Object(App\Controllers\Peminjaman))
 5 SYSTEMPATH\CodeIgniter.php(354): CodeIgniter\CodeIgniter->handleRequest(null, Object(Config\Cache), false)
 6 SYSTEMPATH\Boot.php(363): CodeIgniter\CodeIgniter->run()
 7 SYSTEMPATH\Boot.php(68): CodeIgniter\Boot::runCodeIgniter(Object(CodeIgniter\CodeIgniter))
 8 FCPATH\index.php(59): CodeIgniter\Boot::bootWeb(Object(Config\Paths))
CRITICAL - 2026-04-20 15:23:46 --> [Caused by] CodeIgniter\Database\Exceptions\DatabaseException: Unknown column 'buku.foto' in 'field list'
in SYSTEMPATH\Database\MySQLi\Connection.php on line 332.
 1 SYSTEMPATH\Database\BaseConnection.php(729): CodeIgniter\Database\MySQLi\Connection->execute('SELECT `peminjaman`.*, `buku`.`foto`, `anggota`.`nama_anggota`, `petugas`.`nama_petugas`
FROM `peminjaman`
LEFT JOIN `buku` ON `buku`.`id_buku` = `peminjaman`.`id_buku`
LEFT JOIN `anggota` ON `anggota`.`id_anggota` = `peminjaman`.`id_anggota`
LEFT JOIN `petugas` ON `petugas`.`id_petugas` = `peminjaman`.`id_petugas`')
 2 SYSTEMPATH\Database\BaseConnection.php(646): CodeIgniter\Database\BaseConnection->simpleQuery('SELECT `peminjaman`.*, `buku`.`foto`, `anggota`.`nama_anggota`, `petugas`.`nama_petugas`
FROM `peminjaman`
LEFT JOIN `buku` ON `buku`.`id_buku` = `peminjaman`.`id_buku`
LEFT JOIN `anggota` ON `anggota`.`id_anggota` = `peminjaman`.`id_anggota`
LEFT JOIN `petugas` ON `petugas`.`id_petugas` = `peminjaman`.`id_petugas`')
 3 SYSTEMPATH\Database\BaseBuilder.php(1649): CodeIgniter\Database\BaseConnection->query('SELECT `peminjaman`.*, `buku`.`foto`, `anggota`.`nama_anggota`, `petugas`.`nama_petugas`
FROM `peminjaman`
LEFT JOIN `buku` ON `buku`.`id_buku` = `peminjaman`.`id_buku`
LEFT JOIN `anggota` ON `anggota`.`id_anggota` = `peminjaman`.`id_anggota`
LEFT JOIN `petugas` ON `petugas`.`id_petugas` = `peminjaman`.`id_petugas`', [], false)
 4 APPPATH\Controllers\peminjaman.php(25): CodeIgniter\Database\BaseBuilder->get()
 5 SYSTEMPATH\CodeIgniter.php(933): App\Controllers\Peminjaman->index()
 6 SYSTEMPATH\CodeIgniter.php(507): CodeIgniter\CodeIgniter->runController(Object(App\Controllers\Peminjaman))
 7 SYSTEMPATH\CodeIgniter.php(354): CodeIgniter\CodeIgniter->handleRequest(null, Object(Config\Cache), false)
 8 SYSTEMPATH\Boot.php(363): CodeIgniter\CodeIgniter->run()
 9 SYSTEMPATH\Boot.php(68): CodeIgniter\Boot::runCodeIgniter(Object(CodeIgniter\CodeIgniter))
10 FCPATH\index.php(59): CodeIgniter\Boot::bootWeb(Object(Config\Paths))
CRITICAL - 2026-04-20 15:23:46 --> [Caused by] mysqli_sql_exception: Unknown column 'buku.foto' in 'field list'
in SYSTEMPATH\Database\MySQLi\Connection.php on line 327.
 1 SYSTEMPATH\Database\MySQLi\Connection.php(327): mysqli->query('SELECT `peminjaman`.*, `buku`.`foto`, `anggota`.`nama_anggota`, `petugas`.`nama_petugas`
FROM `peminjaman`
LEFT JOIN `buku` ON `buku`.`id_buku` = `peminjaman`.`id_buku`
LEFT JOIN `anggota` ON `anggota`.`id_anggota` = `peminjaman`.`id_anggota`
LEFT JOIN `petugas` ON `petugas`.`id_petugas` = `peminjaman`.`id_petugas`', 0)
 2 SYSTEMPATH\Database\BaseConnection.php(729): CodeIgniter\Database\MySQLi\Connection->execute('SELECT `peminjaman`.*, `buku`.`foto`, `anggota`.`nama_anggota`, `petugas`.`nama_petugas`
FROM `peminjaman`
LEFT JOIN `buku` ON `buku`.`id_buku` = `peminjaman`.`id_buku`
LEFT JOIN `anggota` ON `anggota`.`id_anggota` = `peminjaman`.`id_anggota`
LEFT JOIN `petugas` ON `petugas`.`id_petugas` = `peminjaman`.`id_petugas`')
 3 SYSTEMPATH\Database\BaseConnection.php(646): CodeIgniter\Database\BaseConnection->simpleQuery('SELECT `peminjaman`.*, `buku`.`foto`, `anggota`.`nama_anggota`, `petugas`.`nama_petugas`
FROM `peminjaman`
LEFT JOIN `buku` ON `buku`.`id_buku` = `peminjaman`.`id_buku`
LEFT JOIN `anggota` ON `anggota`.`id_anggota` = `peminjaman`.`id_anggota`
LEFT JOIN `petugas` ON `petugas`.`id_petugas` = `peminjaman`.`id_petugas`')
 4 SYSTEMPATH\Database\BaseBuilder.php(1649): CodeIgniter\Database\BaseConnection->query('SELECT `peminjaman`.*, `buku`.`foto`, `anggota`.`nama_anggota`, `petugas`.`nama_petugas`
FROM `peminjaman`
LEFT JOIN `buku` ON `buku`.`id_buku` = `peminjaman`.`id_buku`
LEFT JOIN `anggota` ON `anggota`.`id_anggota` = `peminjaman`.`id_anggota`
LEFT JOIN `petugas` ON `petugas`.`id_petugas` = `peminjaman`.`id_petugas`', [], false)
 5 APPPATH\Controllers\peminjaman.php(25): CodeIgniter\Database\BaseBuilder->get()
 6 SYSTEMPATH\CodeIgniter.php(933): App\Controllers\Peminjaman->index()
 7 SYSTEMPATH\CodeIgniter.php(507): CodeIgniter\CodeIgniter->runController(Object(App\Controllers\Peminjaman))
 8 SYSTEMPATH\CodeIgniter.php(354): CodeIgniter\CodeIgniter->handleRequest(null, Object(Config\Cache), false)
 9 SYSTEMPATH\Boot.php(363): CodeIgniter\CodeIgniter->run()
10 SYSTEMPATH\Boot.php(68): CodeIgniter\Boot::runCodeIgniter(Object(CodeIgniter\CodeIgniter))
11 FCPATH\index.php(59): CodeIgniter\Boot::bootWeb(Object(Config\Paths))
ERROR - 2026-04-20 15:24:15 --> mysqli_sql_exception: Unknown column 'buku.foto' in 'field list' in C:\xampp\htdocs\perpus\system\Database\MySQLi\Connection.php:327
Stack trace:
#0 C:\xampp\htdocs\perpus\system\Database\MySQLi\Connection.php(327): mysqli->query('SELECT `peminja...', 0)
#1 C:\xampp\htdocs\perpus\system\Database\BaseConnection.php(729): CodeIgniter\Database\MySQLi\Connection->execute('SELECT `peminja...')
#2 C:\xampp\htdocs\perpus\system\Database\BaseConnection.php(646): CodeIgniter\Database\BaseConnection->simpleQuery('SELECT `peminja...')
#3 C:\xampp\htdocs\perpus\system\Database\BaseBuilder.php(1649): CodeIgniter\Database\BaseConnection->query('SELECT `peminja...', Array, false)
#4 C:\xampp\htdocs\perpus\app\Controllers\peminjaman.php(25): CodeIgniter\Database\BaseBuilder->get()
#5 C:\xampp\htdocs\perpus\system\CodeIgniter.php(933): App\Controllers\Peminjaman->index()
#6 C:\xampp\htdocs\perpus\system\CodeIgniter.php(507): CodeIgniter\CodeIgniter->runController(Object(App\Controllers\Peminjaman))
#7 C:\xampp\htdocs\perpus\system\CodeIgniter.php(354): CodeIgniter\CodeIgniter->handleRequest(NULL, Object(Config\Cache), false)
#8 C:\xampp\htdocs\perpus\system\Boot.php(363): CodeIgniter\CodeIgniter->run()
#9 C:\xampp\htdocs\perpus\system\Boot.php(68): CodeIgniter\Boot::runCodeIgniter(Object(CodeIgniter\CodeIgniter))
#10 C:\xampp\htdocs\perpus\index.php(59): CodeIgniter\Boot::bootWeb(Object(Config\Paths))
#11 {main}
CRITICAL - 2026-04-20 15:24:15 --> CodeIgniter\Database\Exceptions\DatabaseException: Unknown column 'buku.foto' in 'field list'
[Method: GET, Route: peminjaman]
in SYSTEMPATH\Database\BaseConnection.php on line 684.
 1 SYSTEMPATH\Database\BaseBuilder.php(1649): CodeIgniter\Database\BaseConnection->query('SELECT `peminjaman`.*, `buku`.`foto`, `anggota`.`nama_anggota`, `petugas`.`nama_petugas`
FROM `peminjaman`
LEFT JOIN `buku` ON `buku`.`id_buku` = `peminjaman`.`id_buku`
LEFT JOIN `anggota` ON `anggota`.`id_anggota` = `peminjaman`.`id_anggota`
LEFT JOIN `petugas` ON `petugas`.`id_petugas` = `peminjaman`.`id_petugas`', [], false)
 2 APPPATH\Controllers\peminjaman.php(25): CodeIgniter\Database\BaseBuilder->get()
 3 SYSTEMPATH\CodeIgniter.php(933): App\Controllers\Peminjaman->index()
 4 SYSTEMPATH\CodeIgniter.php(507): CodeIgniter\CodeIgniter->runController(Object(App\Controllers\Peminjaman))
 5 SYSTEMPATH\CodeIgniter.php(354): CodeIgniter\CodeIgniter->handleRequest(null, Object(Config\Cache), false)
 6 SYSTEMPATH\Boot.php(363): CodeIgniter\CodeIgniter->run()
 7 SYSTEMPATH\Boot.php(68): CodeIgniter\Boot::runCodeIgniter(Object(CodeIgniter\CodeIgniter))
 8 FCPATH\index.php(59): CodeIgniter\Boot::bootWeb(Object(Config\Paths))
CRITICAL - 2026-04-20 15:24:15 --> [Caused by] CodeIgniter\Database\Exceptions\DatabaseException: Unknown column 'buku.foto' in 'field list'
in SYSTEMPATH\Database\MySQLi\Connection.php on line 332.
 1 SYSTEMPATH\Database\BaseConnection.php(729): CodeIgniter\Database\MySQLi\Connection->execute('SELECT `peminjaman`.*, `buku`.`foto`, `anggota`.`nama_anggota`, `petugas`.`nama_petugas`
FROM `peminjaman`
LEFT JOIN `buku` ON `buku`.`id_buku` = `peminjaman`.`id_buku`
LEFT JOIN `anggota` ON `anggota`.`id_anggota` = `peminjaman`.`id_anggota`
LEFT JOIN `petugas` ON `petugas`.`id_petugas` = `peminjaman`.`id_petugas`')
 2 SYSTEMPATH\Database\BaseConnection.php(646): CodeIgniter\Database\BaseConnection->simpleQuery('SELECT `peminjaman`.*, `buku`.`foto`, `anggota`.`nama_anggota`, `petugas`.`nama_petugas`
FROM `peminjaman`
LEFT JOIN `buku` ON `buku`.`id_buku` = `peminjaman`.`id_buku`
LEFT JOIN `anggota` ON `anggota`.`id_anggota` = `peminjaman`.`id_anggota`
LEFT JOIN `petugas` ON `petugas`.`id_petugas` = `peminjaman`.`id_petugas`')
 3 SYSTEMPATH\Database\BaseBuilder.php(1649): CodeIgniter\Database\BaseConnection->query('SELECT `peminjaman`.*, `buku`.`foto`, `anggota`.`nama_anggota`, `petugas`.`nama_petugas`
FROM `peminjaman`
LEFT JOIN `buku` ON `buku`.`id_buku` = `peminjaman`.`id_buku`
LEFT JOIN `anggota` ON `anggota`.`id_anggota` = `peminjaman`.`id_anggota`
LEFT JOIN `petugas` ON `petugas`.`id_petugas` = `peminjaman`.`id_petugas`', [], false)
 4 APPPATH\Controllers\peminjaman.php(25): CodeIgniter\Database\BaseBuilder->get()
 5 SYSTEMPATH\CodeIgniter.php(933): App\Controllers\Peminjaman->index()
 6 SYSTEMPATH\CodeIgniter.php(507): CodeIgniter\CodeIgniter->runController(Object(App\Controllers\Peminjaman))
 7 SYSTEMPATH\CodeIgniter.php(354): CodeIgniter\CodeIgniter->handleRequest(null, Object(Config\Cache), false)
 8 SYSTEMPATH\Boot.php(363): CodeIgniter\CodeIgniter->run()
 9 SYSTEMPATH\Boot.php(68): CodeIgniter\Boot::runCodeIgniter(Object(CodeIgniter\CodeIgniter))
10 FCPATH\index.php(59): CodeIgniter\Boot::bootWeb(Object(Config\Paths))
CRITICAL - 2026-04-20 15:24:15 --> [Caused by] mysqli_sql_exception: Unknown column 'buku.foto' in 'field list'
in SYSTEMPATH\Database\MySQLi\Connection.php on line 327.
 1 SYSTEMPATH\Database\MySQLi\Connection.php(327): mysqli->query('SELECT `peminjaman`.*, `buku`.`foto`, `anggota`.`nama_anggota`, `petugas`.`nama_petugas`
FROM `peminjaman`
LEFT JOIN `buku` ON `buku`.`id_buku` = `peminjaman`.`id_buku`
LEFT JOIN `anggota` ON `anggota`.`id_anggota` = `peminjaman`.`id_anggota`
LEFT JOIN `petugas` ON `petugas`.`id_petugas` = `peminjaman`.`id_petugas`', 0)
 2 SYSTEMPATH\Database\BaseConnection.php(729): CodeIgniter\Database\MySQLi\Connection->execute('SELECT `peminjaman`.*, `buku`.`foto`, `anggota`.`nama_anggota`, `petugas`.`nama_petugas`
FROM `peminjaman`
LEFT JOIN `buku` ON `buku`.`id_buku` = `peminjaman`.`id_buku`
LEFT JOIN `anggota` ON `anggota`.`id_anggota` = `peminjaman`.`id_anggota`
LEFT JOIN `petugas` ON `petugas`.`id_petugas` = `peminjaman`.`id_petugas`')
 3 SYSTEMPATH\Database\BaseConnection.php(646): CodeIgniter\Database\BaseConnection->simpleQuery('SELECT `peminjaman`.*, `buku`.`foto`, `anggota`.`nama_anggota`, `petugas`.`nama_petugas`
FROM `peminjaman`
LEFT JOIN `buku` ON `buku`.`id_buku` = `peminjaman`.`id_buku`
LEFT JOIN `anggota` ON `anggota`.`id_anggota` = `peminjaman`.`id_anggota`
LEFT JOIN `petugas` ON `petugas`.`id_petugas` = `peminjaman`.`id_petugas`')
 4 SYSTEMPATH\Database\BaseBuilder.php(1649): CodeIgniter\Database\BaseConnection->query('SELECT `peminjaman`.*, `buku`.`foto`, `anggota`.`nama_anggota`, `petugas`.`nama_petugas`
FROM `peminjaman`
LEFT JOIN `buku` ON `buku`.`id_buku` = `peminjaman`.`id_buku`
LEFT JOIN `anggota` ON `anggota`.`id_anggota` = `peminjaman`.`id_anggota`
LEFT JOIN `petugas` ON `petugas`.`id_petugas` = `peminjaman`.`id_petugas`', [], false)
 5 APPPATH\Controllers\peminjaman.php(25): CodeIgniter\Database\BaseBuilder->get()
 6 SYSTEMPATH\CodeIgniter.php(933): App\Controllers\Peminjaman->index()
 7 SYSTEMPATH\CodeIgniter.php(507): CodeIgniter\CodeIgniter->runController(Object(App\Controllers\Peminjaman))
 8 SYSTEMPATH\CodeIgniter.php(354): CodeIgniter\CodeIgniter->handleRequest(null, Object(Config\Cache), false)
 9 SYSTEMPATH\Boot.php(363): CodeIgniter\CodeIgniter->run()
10 SYSTEMPATH\Boot.php(68): CodeIgniter\Boot::runCodeIgniter(Object(CodeIgniter\CodeIgniter))
11 FCPATH\index.php(59): CodeIgniter\Boot::bootWeb(Object(Config\Paths))
ERROR - 2026-04-20 15:25:57 --> mysqli_sql_exception: Unknown column 'buku.foto' in 'field list' in C:\xampp\htdocs\perpus\system\Database\MySQLi\Connection.php:327
Stack trace:
#0 C:\xampp\htdocs\perpus\system\Database\MySQLi\Connection.php(327): mysqli->query('SELECT `peminja...', 0)
#1 C:\xampp\htdocs\perpus\system\Database\BaseConnection.php(729): CodeIgniter\Database\MySQLi\Connection->execute('SELECT `peminja...')
#2 C:\xampp\htdocs\perpus\system\Database\BaseConnection.php(646): CodeIgniter\Database\BaseConnection->simpleQuery('SELECT `peminja...')
#3 C:\xampp\htdocs\perpus\system\Database\BaseBuilder.php(1649): CodeIgniter\Database\BaseConnection->query('SELECT `peminja...', Array, false)
#4 C:\xampp\htdocs\perpus\app\Controllers\peminjaman.php(25): CodeIgniter\Database\BaseBuilder->get()
#5 C:\xampp\htdocs\perpus\system\CodeIgniter.php(933): App\Controllers\Peminjaman->index()
#6 C:\xampp\htdocs\perpus\system\CodeIgniter.php(507): CodeIgniter\CodeIgniter->runController(Object(App\Controllers\Peminjaman))
#7 C:\xampp\htdocs\perpus\system\CodeIgniter.php(354): CodeIgniter\CodeIgniter->handleRequest(NULL, Object(Config\Cache), false)
#8 C:\xampp\htdocs\perpus\system\Boot.php(363): CodeIgniter\CodeIgniter->run()
#9 C:\xampp\htdocs\perpus\system\Boot.php(68): CodeIgniter\Boot::runCodeIgniter(Object(CodeIgniter\CodeIgniter))
#10 C:\xampp\htdocs\perpus\index.php(59): CodeIgniter\Boot::bootWeb(Object(Config\Paths))
#11 {main}
CRITICAL - 2026-04-20 15:25:57 --> CodeIgniter\Database\Exceptions\DatabaseException: Unknown column 'buku.foto' in 'field list'
[Method: GET, Route: peminjaman]
in SYSTEMPATH\Database\BaseConnection.php on line 684.
 1 SYSTEMPATH\Database\BaseBuilder.php(1649): CodeIgniter\Database\BaseConnection->query('SELECT `peminjaman`.*, `buku`.`foto`, `anggota`.`nama_anggota`, `petugas`.`nama_petugas`
FROM `peminjaman`
LEFT JOIN `buku` ON `buku`.`id_buku` = `peminjaman`.`id_buku`
LEFT JOIN `anggota` ON `anggota`.`id_anggota` = `peminjaman`.`id_anggota`
LEFT JOIN `petugas` ON `petugas`.`id_petugas` = `peminjaman`.`id_petugas`', [], false)
 2 APPPATH\Controllers\peminjaman.php(25): CodeIgniter\Database\BaseBuilder->get()
 3 SYSTEMPATH\CodeIgniter.php(933): App\Controllers\Peminjaman->index()
 4 SYSTEMPATH\CodeIgniter.php(507): CodeIgniter\CodeIgniter->runController(Object(App\Controllers\Peminjaman))
 5 SYSTEMPATH\CodeIgniter.php(354): CodeIgniter\CodeIgniter->handleRequest(null, Object(Config\Cache), false)
 6 SYSTEMPATH\Boot.php(363): CodeIgniter\CodeIgniter->run()
 7 SYSTEMPATH\Boot.php(68): CodeIgniter\Boot::runCodeIgniter(Object(CodeIgniter\CodeIgniter))
 8 FCPATH\index.php(59): CodeIgniter\Boot::bootWeb(Object(Config\Paths))
CRITICAL - 2026-04-20 15:25:57 --> [Caused by] CodeIgniter\Database\Exceptions\DatabaseException: Unknown column 'buku.foto' in 'field list'
in SYSTEMPATH\Database\MySQLi\Connection.php on line 332.
 1 SYSTEMPATH\Database\BaseConnection.php(729): CodeIgniter\Database\MySQLi\Connection->execute('SELECT `peminjaman`.*, `buku`.`foto`, `anggota`.`nama_anggota`, `petugas`.`nama_petugas`
FROM `peminjaman`
LEFT JOIN `buku` ON `buku`.`id_buku` = `peminjaman`.`id_buku`
LEFT JOIN `anggota` ON `anggota`.`id_anggota` = `peminjaman`.`id_anggota`
LEFT JOIN `petugas` ON `petugas`.`id_petugas` = `peminjaman`.`id_petugas`')
 2 SYSTEMPATH\Database\BaseConnection.php(646): CodeIgniter\Database\BaseConnection->simpleQuery('SELECT `peminjaman`.*, `buku`.`foto`, `anggota`.`nama_anggota`, `petugas`.`nama_petugas`
FROM `peminjaman`
LEFT JOIN `buku` ON `buku`.`id_buku` = `peminjaman`.`id_buku`
LEFT JOIN `anggota` ON `anggota`.`id_anggota` = `peminjaman`.`id_anggota`
LEFT JOIN `petugas` ON `petugas`.`id_petugas` = `peminjaman`.`id_petugas`')
 3 SYSTEMPATH\Database\BaseBuilder.php(1649): CodeIgniter\Database\BaseConnection->query('SELECT `peminjaman`.*, `buku`.`foto`, `anggota`.`nama_anggota`, `petugas`.`nama_petugas`
FROM `peminjaman`
LEFT JOIN `buku` ON `buku`.`id_buku` = `peminjaman`.`id_buku`
LEFT JOIN `anggota` ON `anggota`.`id_anggota` = `peminjaman`.`id_anggota`
LEFT JOIN `petugas` ON `petugas`.`id_petugas` = `peminjaman`.`id_petugas`', [], false)
 4 APPPATH\Controllers\peminjaman.php(25): CodeIgniter\Database\BaseBuilder->get()
 5 SYSTEMPATH\CodeIgniter.php(933): App\Controllers\Peminjaman->index()
 6 SYSTEMPATH\CodeIgniter.php(507): CodeIgniter\CodeIgniter->runController(Object(App\Controllers\Peminjaman))
 7 SYSTEMPATH\CodeIgniter.php(354): CodeIgniter\CodeIgniter->handleRequest(null, Object(Config\Cache), false)
 8 SYSTEMPATH\Boot.php(363): CodeIgniter\CodeIgniter->run()
 9 SYSTEMPATH\Boot.php(68): CodeIgniter\Boot::runCodeIgniter(Object(CodeIgniter\CodeIgniter))
10 FCPATH\index.php(59): CodeIgniter\Boot::bootWeb(Object(Config\Paths))
CRITICAL - 2026-04-20 15:25:57 --> [Caused by] mysqli_sql_exception: Unknown column 'buku.foto' in 'field list'
in SYSTEMPATH\Database\MySQLi\Connection.php on line 327.
 1 SYSTEMPATH\Database\MySQLi\Connection.php(327): mysqli->query('SELECT `peminjaman`.*, `buku`.`foto`, `anggota`.`nama_anggota`, `petugas`.`nama_petugas`
FROM `peminjaman`
LEFT JOIN `buku` ON `buku`.`id_buku` = `peminjaman`.`id_buku`
LEFT JOIN `anggota` ON `anggota`.`id_anggota` = `peminjaman`.`id_anggota`
LEFT JOIN `petugas` ON `petugas`.`id_petugas` = `peminjaman`.`id_petugas`', 0)
 2 SYSTEMPATH\Database\BaseConnection.php(729): CodeIgniter\Database\MySQLi\Connection->execute('SELECT `peminjaman`.*, `buku`.`foto`, `anggota`.`nama_anggota`, `petugas`.`nama_petugas`
FROM `peminjaman`
LEFT JOIN `buku` ON `buku`.`id_buku` = `peminjaman`.`id_buku`
LEFT JOIN `anggota` ON `anggota`.`id_anggota` = `peminjaman`.`id_anggota`
LEFT JOIN `petugas` ON `petugas`.`id_petugas` = `peminjaman`.`id_petugas`')
 3 SYSTEMPATH\Database\BaseConnection.php(646): CodeIgniter\Database\BaseConnection->simpleQuery('SELECT `peminjaman`.*, `buku`.`foto`, `anggota`.`nama_anggota`, `petugas`.`nama_petugas`
FROM `peminjaman`
LEFT JOIN `buku` ON `buku`.`id_buku` = `peminjaman`.`id_buku`
LEFT JOIN `anggota` ON `anggota`.`id_anggota` = `peminjaman`.`id_anggota`
LEFT JOIN `petugas` ON `petugas`.`id_petugas` = `peminjaman`.`id_petugas`')
 4 SYSTEMPATH\Database\BaseBuilder.php(1649): CodeIgniter\Database\BaseConnection->query('SELECT `peminjaman`.*, `buku`.`foto`, `anggota`.`nama_anggota`, `petugas`.`nama_petugas`
FROM `peminjaman`
LEFT JOIN `buku` ON `buku`.`id_buku` = `peminjaman`.`id_buku`
LEFT JOIN `anggota` ON `anggota`.`id_anggota` = `peminjaman`.`id_anggota`
LEFT JOIN `petugas` ON `petugas`.`id_petugas` = `peminjaman`.`id_petugas`', [], false)
 5 APPPATH\Controllers\peminjaman.php(25): CodeIgniter\Database\BaseBuilder->get()
 6 SYSTEMPATH\CodeIgniter.php(933): App\Controllers\Peminjaman->index()
 7 SYSTEMPATH\CodeIgniter.php(507): CodeIgniter\CodeIgniter->runController(Object(App\Controllers\Peminjaman))
 8 SYSTEMPATH\CodeIgniter.php(354): CodeIgniter\CodeIgniter->handleRequest(null, Object(Config\Cache), false)
 9 SYSTEMPATH\Boot.php(363): CodeIgniter\CodeIgniter->run()
10 SYSTEMPATH\Boot.php(68): CodeIgniter\Boot::runCodeIgniter(Object(CodeIgniter\CodeIgniter))
11 FCPATH\index.php(59): CodeIgniter\Boot::bootWeb(Object(Config\Paths))
ERROR - 2026-04-20 15:27:51 --> mysqli_sql_exception: Unknown column 'buku.foto' in 'field list' in C:\xampp\htdocs\perpus\system\Database\MySQLi\Connection.php:327
Stack trace:
#0 C:\xampp\htdocs\perpus\system\Database\MySQLi\Connection.php(327): mysqli->query('SELECT `peminja...', 0)
#1 C:\xampp\htdocs\perpus\system\Database\BaseConnection.php(729): CodeIgniter\Database\MySQLi\Connection->execute('SELECT `peminja...')
#2 C:\xampp\htdocs\perpus\system\Database\BaseConnection.php(646): CodeIgniter\Database\BaseConnection->simpleQuery('SELECT `peminja...')
#3 C:\xampp\htdocs\perpus\system\Database\BaseBuilder.php(1649): CodeIgniter\Database\BaseConnection->query('SELECT `peminja...', Array, false)
#4 C:\xampp\htdocs\perpus\app\Controllers\peminjaman.php(25): CodeIgniter\Database\BaseBuilder->get()
#5 C:\xampp\htdocs\perpus\system\CodeIgniter.php(933): App\Controllers\Peminjaman->index()
#6 C:\xampp\htdocs\perpus\system\CodeIgniter.php(507): CodeIgniter\CodeIgniter->runController(Object(App\Controllers\Peminjaman))
#7 C:\xampp\htdocs\perpus\system\CodeIgniter.php(354): CodeIgniter\CodeIgniter->handleRequest(NULL, Object(Config\Cache), false)
#8 C:\xampp\htdocs\perpus\system\Boot.php(363): CodeIgniter\CodeIgniter->run()
#9 C:\xampp\htdocs\perpus\system\Boot.php(68): CodeIgniter\Boot::runCodeIgniter(Object(CodeIgniter\CodeIgniter))
#10 C:\xampp\htdocs\perpus\index.php(59): CodeIgniter\Boot::bootWeb(Object(Config\Paths))
#11 {main}
CRITICAL - 2026-04-20 15:27:51 --> CodeIgniter\Database\Exceptions\DatabaseException: Unknown column 'buku.foto' in 'field list'
[Method: GET, Route: peminjaman]
in SYSTEMPATH\Database\BaseConnection.php on line 684.
 1 SYSTEMPATH\Database\BaseBuilder.php(1649): CodeIgniter\Database\BaseConnection->query('SELECT `peminjaman`.*, `buku`.`foto`, `anggota`.`nama_anggota`, `petugas`.`nama_petugas`
FROM `peminjaman`
LEFT JOIN `buku` ON `buku`.`id_buku` = `peminjaman`.`id_buku`
LEFT JOIN `anggota` ON `anggota`.`id_anggota` = `peminjaman`.`id_anggota`
LEFT JOIN `petugas` ON `petugas`.`id_petugas` = `peminjaman`.`id_petugas`', [], false)
 2 APPPATH\Controllers\peminjaman.php(25): CodeIgniter\Database\BaseBuilder->get()
 3 SYSTEMPATH\CodeIgniter.php(933): App\Controllers\Peminjaman->index()
 4 SYSTEMPATH\CodeIgniter.php(507): CodeIgniter\CodeIgniter->runController(Object(App\Controllers\Peminjaman))
 5 SYSTEMPATH\CodeIgniter.php(354): CodeIgniter\CodeIgniter->handleRequest(null, Object(Config\Cache), false)
 6 SYSTEMPATH\Boot.php(363): CodeIgniter\CodeIgniter->run()
 7 SYSTEMPATH\Boot.php(68): CodeIgniter\Boot::runCodeIgniter(Object(CodeIgniter\CodeIgniter))
 8 FCPATH\index.php(59): CodeIgniter\Boot::bootWeb(Object(Config\Paths))
CRITICAL - 2026-04-20 15:27:51 --> [Caused by] CodeIgniter\Database\Exceptions\DatabaseException: Unknown column 'buku.foto' in 'field list'
in SYSTEMPATH\Database\MySQLi\Connection.php on line 332.
 1 SYSTEMPATH\Database\BaseConnection.php(729): CodeIgniter\Database\MySQLi\Connection->execute('SELECT `peminjaman`.*, `buku`.`foto`, `anggota`.`nama_anggota`, `petugas`.`nama_petugas`
FROM `peminjaman`
LEFT JOIN `buku` ON `buku`.`id_buku` = `peminjaman`.`id_buku`
LEFT JOIN `anggota` ON `anggota`.`id_anggota` = `peminjaman`.`id_anggota`
LEFT JOIN `petugas` ON `petugas`.`id_petugas` = `peminjaman`.`id_petugas`')
 2 SYSTEMPATH\Database\BaseConnection.php(646): CodeIgniter\Database\BaseConnection->simpleQuery('SELECT `peminjaman`.*, `buku`.`foto`, `anggota`.`nama_anggota`, `petugas`.`nama_petugas`
FROM `peminjaman`
LEFT JOIN `buku` ON `buku`.`id_buku` = `peminjaman`.`id_buku`
LEFT JOIN `anggota` ON `anggota`.`id_anggota` = `peminjaman`.`id_anggota`
LEFT JOIN `petugas` ON `petugas`.`id_petugas` = `peminjaman`.`id_petugas`')
 3 SYSTEMPATH\Database\BaseBuilder.php(1649): CodeIgniter\Database\BaseConnection->query('SELECT `peminjaman`.*, `buku`.`foto`, `anggota`.`nama_anggota`, `petugas`.`nama_petugas`
FROM `peminjaman`
LEFT JOIN `buku` ON `buku`.`id_buku` = `peminjaman`.`id_buku`
LEFT JOIN `anggota` ON `anggota`.`id_anggota` = `peminjaman`.`id_anggota`
LEFT JOIN `petugas` ON `petugas`.`id_petugas` = `peminjaman`.`id_petugas`', [], false)
 4 APPPATH\Controllers\peminjaman.php(25): CodeIgniter\Database\BaseBuilder->get()
 5 SYSTEMPATH\CodeIgniter.php(933): App\Controllers\Peminjaman->index()
 6 SYSTEMPATH\CodeIgniter.php(507): CodeIgniter\CodeIgniter->runController(Object(App\Controllers\Peminjaman))
 7 SYSTEMPATH\CodeIgniter.php(354): CodeIgniter\CodeIgniter->handleRequest(null, Object(Config\Cache), false)
 8 SYSTEMPATH\Boot.php(363): CodeIgniter\CodeIgniter->run()
 9 SYSTEMPATH\Boot.php(68): CodeIgniter\Boot::runCodeIgniter(Object(CodeIgniter\CodeIgniter))
10 FCPATH\index.php(59): CodeIgniter\Boot::bootWeb(Object(Config\Paths))
CRITICAL - 2026-04-20 15:27:51 --> [Caused by] mysqli_sql_exception: Unknown column 'buku.foto' in 'field list'
in SYSTEMPATH\Database\MySQLi\Connection.php on line 327.
 1 SYSTEMPATH\Database\MySQLi\Connection.php(327): mysqli->query('SELECT `peminjaman`.*, `buku`.`foto`, `anggota`.`nama_anggota`, `petugas`.`nama_petugas`
FROM `peminjaman`
LEFT JOIN `buku` ON `buku`.`id_buku` = `peminjaman`.`id_buku`
LEFT JOIN `anggota` ON `anggota`.`id_anggota` = `peminjaman`.`id_anggota`
LEFT JOIN `petugas` ON `petugas`.`id_petugas` = `peminjaman`.`id_petugas`', 0)
 2 SYSTEMPATH\Database\BaseConnection.php(729): CodeIgniter\Database\MySQLi\Connection->execute('SELECT `peminjaman`.*, `buku`.`foto`, `anggota`.`nama_anggota`, `petugas`.`nama_petugas`
FROM `peminjaman`
LEFT JOIN `buku` ON `buku`.`id_buku` = `peminjaman`.`id_buku`
LEFT JOIN `anggota` ON `anggota`.`id_anggota` = `peminjaman`.`id_anggota`
LEFT JOIN `petugas` ON `petugas`.`id_petugas` = `peminjaman`.`id_petugas`')
 3 SYSTEMPATH\Database\BaseConnection.php(646): CodeIgniter\Database\BaseConnection->simpleQuery('SELECT `peminjaman`.*, `buku`.`foto`, `anggota`.`nama_anggota`, `petugas`.`nama_petugas`
FROM `peminjaman`
LEFT JOIN `buku` ON `buku`.`id_buku` = `peminjaman`.`id_buku`
LEFT JOIN `anggota` ON `anggota`.`id_anggota` = `peminjaman`.`id_anggota`
LEFT JOIN `petugas` ON `petugas`.`id_petugas` = `peminjaman`.`id_petugas`')
 4 SYSTEMPATH\Database\BaseBuilder.php(1649): CodeIgniter\Database\BaseConnection->query('SELECT `peminjaman`.*, `buku`.`foto`, `anggota`.`nama_anggota`, `petugas`.`nama_petugas`
FROM `peminjaman`
LEFT JOIN `buku` ON `buku`.`id_buku` = `peminjaman`.`id_buku`
LEFT JOIN `anggota` ON `anggota`.`id_anggota` = `peminjaman`.`id_anggota`
LEFT JOIN `petugas` ON `petugas`.`id_petugas` = `peminjaman`.`id_petugas`', [], false)
 5 APPPATH\Controllers\peminjaman.php(25): CodeIgniter\Database\BaseBuilder->get()
 6 SYSTEMPATH\CodeIgniter.php(933): App\Controllers\Peminjaman->index()
 7 SYSTEMPATH\CodeIgniter.php(507): CodeIgniter\CodeIgniter->runController(Object(App\Controllers\Peminjaman))
 8 SYSTEMPATH\CodeIgniter.php(354): CodeIgniter\CodeIgniter->handleRequest(null, Object(Config\Cache), false)
 9 SYSTEMPATH\Boot.php(363): CodeIgniter\CodeIgniter->run()
10 SYSTEMPATH\Boot.php(68): CodeIgniter\Boot::runCodeIgniter(Object(CodeIgniter\CodeIgniter))
11 FCPATH\index.php(59): CodeIgniter\Boot::bootWeb(Object(Config\Paths))
ERROR - 2026-04-20 15:27:52 --> mysqli_sql_exception: Unknown column 'buku.foto' in 'field list' in C:\xampp\htdocs\perpus\system\Database\MySQLi\Connection.php:327
Stack trace:
#0 C:\xampp\htdocs\perpus\system\Database\MySQLi\Connection.php(327): mysqli->query('SELECT `peminja...', 0)
#1 C:\xampp\htdocs\perpus\system\Database\BaseConnection.php(729): CodeIgniter\Database\MySQLi\Connection->execute('SELECT `peminja...')
#2 C:\xampp\htdocs\perpus\system\Database\BaseConnection.php(646): CodeIgniter\Database\BaseConnection->simpleQuery('SELECT `peminja...')
#3 C:\xampp\htdocs\perpus\system\Database\BaseBuilder.php(1649): CodeIgniter\Database\BaseConnection->query('SELECT `peminja...', Array, false)
#4 C:\xampp\htdocs\perpus\app\Controllers\peminjaman.php(25): CodeIgniter\Database\BaseBuilder->get()
#5 C:\xampp\htdocs\perpus\system\CodeIgniter.php(933): App\Controllers\Peminjaman->index()
#6 C:\xampp\htdocs\perpus\system\CodeIgniter.php(507): CodeIgniter\CodeIgniter->runController(Object(App\Controllers\Peminjaman))
#7 C:\xampp\htdocs\perpus\system\CodeIgniter.php(354): CodeIgniter\CodeIgniter->handleRequest(NULL, Object(Config\Cache), false)
#8 C:\xampp\htdocs\perpus\system\Boot.php(363): CodeIgniter\CodeIgniter->run()
#9 C:\xampp\htdocs\perpus\system\Boot.php(68): CodeIgniter\Boot::runCodeIgniter(Object(CodeIgniter\CodeIgniter))
#10 C:\xampp\htdocs\perpus\index.php(59): CodeIgniter\Boot::bootWeb(Object(Config\Paths))
#11 {main}
CRITICAL - 2026-04-20 15:27:52 --> CodeIgniter\Database\Exceptions\DatabaseException: Unknown column 'buku.foto' in 'field list'
[Method: GET, Route: peminjaman]
in SYSTEMPATH\Database\BaseConnection.php on line 684.
 1 SYSTEMPATH\Database\BaseBuilder.php(1649): CodeIgniter\Database\BaseConnection->query('SELECT `peminjaman`.*, `buku`.`foto`, `anggota`.`nama_anggota`, `petugas`.`nama_petugas`
FROM `peminjaman`
LEFT JOIN `buku` ON `buku`.`id_buku` = `peminjaman`.`id_buku`
LEFT JOIN `anggota` ON `anggota`.`id_anggota` = `peminjaman`.`id_anggota`
LEFT JOIN `petugas` ON `petugas`.`id_petugas` = `peminjaman`.`id_petugas`', [], false)
 2 APPPATH\Controllers\peminjaman.php(25): CodeIgniter\Database\BaseBuilder->get()
 3 SYSTEMPATH\CodeIgniter.php(933): App\Controllers\Peminjaman->index()
 4 SYSTEMPATH\CodeIgniter.php(507): CodeIgniter\CodeIgniter->runController(Object(App\Controllers\Peminjaman))
 5 SYSTEMPATH\CodeIgniter.php(354): CodeIgniter\CodeIgniter->handleRequest(null, Object(Config\Cache), false)
 6 SYSTEMPATH\Boot.php(363): CodeIgniter\CodeIgniter->run()
 7 SYSTEMPATH\Boot.php(68): CodeIgniter\Boot::runCodeIgniter(Object(CodeIgniter\CodeIgniter))
 8 FCPATH\index.php(59): CodeIgniter\Boot::bootWeb(Object(Config\Paths))
CRITICAL - 2026-04-20 15:27:52 --> [Caused by] CodeIgniter\Database\Exceptions\DatabaseException: Unknown column 'buku.foto' in 'field list'
in SYSTEMPATH\Database\MySQLi\Connection.php on line 332.
 1 SYSTEMPATH\Database\BaseConnection.php(729): CodeIgniter\Database\MySQLi\Connection->execute('SELECT `peminjaman`.*, `buku`.`foto`, `anggota`.`nama_anggota`, `petugas`.`nama_petugas`
FROM `peminjaman`
LEFT JOIN `buku` ON `buku`.`id_buku` = `peminjaman`.`id_buku`
LEFT JOIN `anggota` ON `anggota`.`id_anggota` = `peminjaman`.`id_anggota`
LEFT JOIN `petugas` ON `petugas`.`id_petugas` = `peminjaman`.`id_petugas`')
 2 SYSTEMPATH\Database\BaseConnection.php(646): CodeIgniter\Database\BaseConnection->simpleQuery('SELECT `peminjaman`.*, `buku`.`foto`, `anggota`.`nama_anggota`, `petugas`.`nama_petugas`
FROM `peminjaman`
LEFT JOIN `buku` ON `buku`.`id_buku` = `peminjaman`.`id_buku`
LEFT JOIN `anggota` ON `anggota`.`id_anggota` = `peminjaman`.`id_anggota`
LEFT JOIN `petugas` ON `petugas`.`id_petugas` = `peminjaman`.`id_petugas`')
 3 SYSTEMPATH\Database\BaseBuilder.php(1649): CodeIgniter\Database\BaseConnection->query('SELECT `peminjaman`.*, `buku`.`foto`, `anggota`.`nama_anggota`, `petugas`.`nama_petugas`
FROM `peminjaman`
LEFT JOIN `buku` ON `buku`.`id_buku` = `peminjaman`.`id_buku`
LEFT JOIN `anggota` ON `anggota`.`id_anggota` = `peminjaman`.`id_anggota`
LEFT JOIN `petugas` ON `petugas`.`id_petugas` = `peminjaman`.`id_petugas`', [], false)
 4 APPPATH\Controllers\peminjaman.php(25): CodeIgniter\Database\BaseBuilder->get()
 5 SYSTEMPATH\CodeIgniter.php(933): App\Controllers\Peminjaman->index()
 6 SYSTEMPATH\CodeIgniter.php(507): CodeIgniter\CodeIgniter->runController(Object(App\Controllers\Peminjaman))
 7 SYSTEMPATH\CodeIgniter.php(354): CodeIgniter\CodeIgniter->handleRequest(null, Object(Config\Cache), false)
 8 SYSTEMPATH\Boot.php(363): CodeIgniter\CodeIgniter->run()
 9 SYSTEMPATH\Boot.php(68): CodeIgniter\Boot::runCodeIgniter(Object(CodeIgniter\CodeIgniter))
10 FCPATH\index.php(59): CodeIgniter\Boot::bootWeb(Object(Config\Paths))
CRITICAL - 2026-04-20 15:27:52 --> [Caused by] mysqli_sql_exception: Unknown column 'buku.foto' in 'field list'
in SYSTEMPATH\Database\MySQLi\Connection.php on line 327.
 1 SYSTEMPATH\Database\MySQLi\Connection.php(327): mysqli->query('SELECT `peminjaman`.*, `buku`.`foto`, `anggota`.`nama_anggota`, `petugas`.`nama_petugas`
FROM `peminjaman`
LEFT JOIN `buku` ON `buku`.`id_buku` = `peminjaman`.`id_buku`
LEFT JOIN `anggota` ON `anggota`.`id_anggota` = `peminjaman`.`id_anggota`
LEFT JOIN `petugas` ON `petugas`.`id_petugas` = `peminjaman`.`id_petugas`', 0)
 2 SYSTEMPATH\Database\BaseConnection.php(729): CodeIgniter\Database\MySQLi\Connection->execute('SELECT `peminjaman`.*, `buku`.`foto`, `anggota`.`nama_anggota`, `petugas`.`nama_petugas`
FROM `peminjaman`
LEFT JOIN `buku` ON `buku`.`id_buku` = `peminjaman`.`id_buku`
LEFT JOIN `anggota` ON `anggota`.`id_anggota` = `peminjaman`.`id_anggota`
LEFT JOIN `petugas` ON `petugas`.`id_petugas` = `peminjaman`.`id_petugas`')
 3 SYSTEMPATH\Database\BaseConnection.php(646): CodeIgniter\Database\BaseConnection->simpleQuery('SELECT `peminjaman`.*, `buku`.`foto`, `anggota`.`nama_anggota`, `petugas`.`nama_petugas`
FROM `peminjaman`
LEFT JOIN `buku` ON `buku`.`id_buku` = `peminjaman`.`id_buku`
LEFT JOIN `anggota` ON `anggota`.`id_anggota` = `peminjaman`.`id_anggota`
LEFT JOIN `petugas` ON `petugas`.`id_petugas` = `peminjaman`.`id_petugas`')
 4 SYSTEMPATH\Database\BaseBuilder.php(1649): CodeIgniter\Database\BaseConnection->query('SELECT `peminjaman`.*, `buku`.`foto`, `anggota`.`nama_anggota`, `petugas`.`nama_petugas`
FROM `peminjaman`
LEFT JOIN `buku` ON `buku`.`id_buku` = `peminjaman`.`id_buku`
LEFT JOIN `anggota` ON `anggota`.`id_anggota` = `peminjaman`.`id_anggota`
LEFT JOIN `petugas` ON `petugas`.`id_petugas` = `peminjaman`.`id_petugas`', [], false)
 5 APPPATH\Controllers\peminjaman.php(25): CodeIgniter\Database\BaseBuilder->get()
 6 SYSTEMPATH\CodeIgniter.php(933): App\Controllers\Peminjaman->index()
 7 SYSTEMPATH\CodeIgniter.php(507): CodeIgniter\CodeIgniter->runController(Object(App\Controllers\Peminjaman))
 8 SYSTEMPATH\CodeIgniter.php(354): CodeIgniter\CodeIgniter->handleRequest(null, Object(Config\Cache), false)
 9 SYSTEMPATH\Boot.php(363): CodeIgniter\CodeIgniter->run()
10 SYSTEMPATH\Boot.php(68): CodeIgniter\Boot::runCodeIgniter(Object(CodeIgniter\CodeIgniter))
11 FCPATH\index.php(59): CodeIgniter\Boot::bootWeb(Object(Config\Paths))
ERROR - 2026-04-20 15:29:52 --> mysqli_sql_exception: Unknown column 'buku.foto' in 'field list' in C:\xampp\htdocs\perpus\system\Database\MySQLi\Connection.php:327
Stack trace:
#0 C:\xampp\htdocs\perpus\system\Database\MySQLi\Connection.php(327): mysqli->query('SELECT `peminja...', 0)
#1 C:\xampp\htdocs\perpus\system\Database\BaseConnection.php(729): CodeIgniter\Database\MySQLi\Connection->execute('SELECT `peminja...')
#2 C:\xampp\htdocs\perpus\system\Database\BaseConnection.php(646): CodeIgniter\Database\BaseConnection->simpleQuery('SELECT `peminja...')
#3 C:\xampp\htdocs\perpus\system\Database\BaseBuilder.php(1649): CodeIgniter\Database\BaseConnection->query('SELECT `peminja...', Array, false)
#4 C:\xampp\htdocs\perpus\app\Controllers\peminjaman.php(25): CodeIgniter\Database\BaseBuilder->get()
#5 C:\xampp\htdocs\perpus\system\CodeIgniter.php(933): App\Controllers\Peminjaman->index()
#6 C:\xampp\htdocs\perpus\system\CodeIgniter.php(507): CodeIgniter\CodeIgniter->runController(Object(App\Controllers\Peminjaman))
#7 C:\xampp\htdocs\perpus\system\CodeIgniter.php(354): CodeIgniter\CodeIgniter->handleRequest(NULL, Object(Config\Cache), false)
#8 C:\xampp\htdocs\perpus\system\Boot.php(363): CodeIgniter\CodeIgniter->run()
#9 C:\xampp\htdocs\perpus\system\Boot.php(68): CodeIgniter\Boot::runCodeIgniter(Object(CodeIgniter\CodeIgniter))
#10 C:\xampp\htdocs\perpus\index.php(59): CodeIgniter\Boot::bootWeb(Object(Config\Paths))
#11 {main}
CRITICAL - 2026-04-20 15:29:52 --> CodeIgniter\Database\Exceptions\DatabaseException: Unknown column 'buku.foto' in 'field list'
[Method: GET, Route: peminjaman]
in SYSTEMPATH\Database\BaseConnection.php on line 684.
 1 SYSTEMPATH\Database\BaseBuilder.php(1649): CodeIgniter\Database\BaseConnection->query('SELECT `peminjaman`.*, `buku`.`foto`, `anggota`.`nama_anggota`, `petugas`.`nama_petugas`
FROM `peminjaman`
LEFT JOIN `buku` ON `buku`.`id_buku` = `peminjaman`.`id_buku`
LEFT JOIN `anggota` ON `anggota`.`id_anggota` = `peminjaman`.`id_anggota`
LEFT JOIN `petugas` ON `petugas`.`id_petugas` = `peminjaman`.`id_petugas`', [], false)
 2 APPPATH\Controllers\peminjaman.php(25): CodeIgniter\Database\BaseBuilder->get()
 3 SYSTEMPATH\CodeIgniter.php(933): App\Controllers\Peminjaman->index()
 4 SYSTEMPATH\CodeIgniter.php(507): CodeIgniter\CodeIgniter->runController(Object(App\Controllers\Peminjaman))
 5 SYSTEMPATH\CodeIgniter.php(354): CodeIgniter\CodeIgniter->handleRequest(null, Object(Config\Cache), false)
 6 SYSTEMPATH\Boot.php(363): CodeIgniter\CodeIgniter->run()
 7 SYSTEMPATH\Boot.php(68): CodeIgniter\Boot::runCodeIgniter(Object(CodeIgniter\CodeIgniter))
 8 FCPATH\index.php(59): CodeIgniter\Boot::bootWeb(Object(Config\Paths))
CRITICAL - 2026-04-20 15:29:52 --> [Caused by] CodeIgniter\Database\Exceptions\DatabaseException: Unknown column 'buku.foto' in 'field list'
in SYSTEMPATH\Database\MySQLi\Connection.php on line 332.
 1 SYSTEMPATH\Database\BaseConnection.php(729): CodeIgniter\Database\MySQLi\Connection->execute('SELECT `peminjaman`.*, `buku`.`foto`, `anggota`.`nama_anggota`, `petugas`.`nama_petugas`
FROM `peminjaman`
LEFT JOIN `buku` ON `buku`.`id_buku` = `peminjaman`.`id_buku`
LEFT JOIN `anggota` ON `anggota`.`id_anggota` = `peminjaman`.`id_anggota`
LEFT JOIN `petugas` ON `petugas`.`id_petugas` = `peminjaman`.`id_petugas`')
 2 SYSTEMPATH\Database\BaseConnection.php(646): CodeIgniter\Database\BaseConnection->simpleQuery('SELECT `peminjaman`.*, `buku`.`foto`, `anggota`.`nama_anggota`, `petugas`.`nama_petugas`
FROM `peminjaman`
LEFT JOIN `buku` ON `buku`.`id_buku` = `peminjaman`.`id_buku`
LEFT JOIN `anggota` ON `anggota`.`id_anggota` = `peminjaman`.`id_anggota`
LEFT JOIN `petugas` ON `petugas`.`id_petugas` = `peminjaman`.`id_petugas`')
 3 SYSTEMPATH\Database\BaseBuilder.php(1649): CodeIgniter\Database\BaseConnection->query('SELECT `peminjaman`.*, `buku`.`foto`, `anggota`.`nama_anggota`, `petugas`.`nama_petugas`
FROM `peminjaman`
LEFT JOIN `buku` ON `buku`.`id_buku` = `peminjaman`.`id_buku`
LEFT JOIN `anggota` ON `anggota`.`id_anggota` = `peminjaman`.`id_anggota`
LEFT JOIN `petugas` ON `petugas`.`id_petugas` = `peminjaman`.`id_petugas`', [], false)
 4 APPPATH\Controllers\peminjaman.php(25): CodeIgniter\Database\BaseBuilder->get()
 5 SYSTEMPATH\CodeIgniter.php(933): App\Controllers\Peminjaman->index()
 6 SYSTEMPATH\CodeIgniter.php(507): CodeIgniter\CodeIgniter->runController(Object(App\Controllers\Peminjaman))
 7 SYSTEMPATH\CodeIgniter.php(354): CodeIgniter\CodeIgniter->handleRequest(null, Object(Config\Cache), false)
 8 SYSTEMPATH\Boot.php(363): CodeIgniter\CodeIgniter->run()
 9 SYSTEMPATH\Boot.php(68): CodeIgniter\Boot::runCodeIgniter(Object(CodeIgniter\CodeIgniter))
10 FCPATH\index.php(59): CodeIgniter\Boot::bootWeb(Object(Config\Paths))
CRITICAL - 2026-04-20 15:29:52 --> [Caused by] mysqli_sql_exception: Unknown column 'buku.foto' in 'field list'
in SYSTEMPATH\Database\MySQLi\Connection.php on line 327.
 1 SYSTEMPATH\Database\MySQLi\Connection.php(327): mysqli->query('SELECT `peminjaman`.*, `buku`.`foto`, `anggota`.`nama_anggota`, `petugas`.`nama_petugas`
FROM `peminjaman`
LEFT JOIN `buku` ON `buku`.`id_buku` = `peminjaman`.`id_buku`
LEFT JOIN `anggota` ON `anggota`.`id_anggota` = `peminjaman`.`id_anggota`
LEFT JOIN `petugas` ON `petugas`.`id_petugas` = `peminjaman`.`id_petugas`', 0)
 2 SYSTEMPATH\Database\BaseConnection.php(729): CodeIgniter\Database\MySQLi\Connection->execute('SELECT `peminjaman`.*, `buku`.`foto`, `anggota`.`nama_anggota`, `petugas`.`nama_petugas`
FROM `peminjaman`
LEFT JOIN `buku` ON `buku`.`id_buku` = `peminjaman`.`id_buku`
LEFT JOIN `anggota` ON `anggota`.`id_anggota` = `peminjaman`.`id_anggota`
LEFT JOIN `petugas` ON `petugas`.`id_petugas` = `peminjaman`.`id_petugas`')
 3 SYSTEMPATH\Database\BaseConnection.php(646): CodeIgniter\Database\BaseConnection->simpleQuery('SELECT `peminjaman`.*, `buku`.`foto`, `anggota`.`nama_anggota`, `petugas`.`nama_petugas`
FROM `peminjaman`
LEFT JOIN `buku` ON `buku`.`id_buku` = `peminjaman`.`id_buku`
LEFT JOIN `anggota` ON `anggota`.`id_anggota` = `peminjaman`.`id_anggota`
LEFT JOIN `petugas` ON `petugas`.`id_petugas` = `peminjaman`.`id_petugas`')
 4 SYSTEMPATH\Database\BaseBuilder.php(1649): CodeIgniter\Database\BaseConnection->query('SELECT `peminjaman`.*, `buku`.`foto`, `anggota`.`nama_anggota`, `petugas`.`nama_petugas`
FROM `peminjaman`
LEFT JOIN `buku` ON `buku`.`id_buku` = `peminjaman`.`id_buku`
LEFT JOIN `anggota` ON `anggota`.`id_anggota` = `peminjaman`.`id_anggota`
LEFT JOIN `petugas` ON `petugas`.`id_petugas` = `peminjaman`.`id_petugas`', [], false)
 5 APPPATH\Controllers\peminjaman.php(25): CodeIgniter\Database\BaseBuilder->get()
 6 SYSTEMPATH\CodeIgniter.php(933): App\Controllers\Peminjaman->index()
 7 SYSTEMPATH\CodeIgniter.php(507): CodeIgniter\CodeIgniter->runController(Object(App\Controllers\Peminjaman))
 8 SYSTEMPATH\CodeIgniter.php(354): CodeIgniter\CodeIgniter->handleRequest(null, Object(Config\Cache), false)
 9 SYSTEMPATH\Boot.php(363): CodeIgniter\CodeIgniter->run()
10 SYSTEMPATH\Boot.php(68): CodeIgniter\Boot::runCodeIgniter(Object(CodeIgniter\CodeIgniter))
11 FCPATH\index.php(59): CodeIgniter\Boot::bootWeb(Object(Config\Paths))
CRITICAL - 2026-04-20 15:31:19 --> ErrorException: Undefined array key "no"
[Method: GET, Route: peminjaman]
in APPPATH\Views\peminjaman\index.php on line 20.
 1 APPPATH\Views\peminjaman\index.php(20): CodeIgniter\Debug\Exceptions->errorHandler(2, 'Undefined array key "no"', 'C:\\xampp\\htdocs\\perpus\\app\\Views\\peminjaman\\index.php', 20)
 2 SYSTEMPATH\View\View.php(226): include('C:\\xampp\\htdocs\\perpus\\app\\Views\\peminjaman\\index.php')
 3 SYSTEMPATH\View\View.php(229): CodeIgniter\View\View->CodeIgniter\View\{closure}()
 4 SYSTEMPATH\Common.php(1167): CodeIgniter\View\View->render('peminjaman/index', [], true)
 5 APPPATH\Controllers\peminjaman.php(28): view('peminjaman/index', [...])
 6 SYSTEMPATH\CodeIgniter.php(933): App\Controllers\Peminjaman->index()
 7 SYSTEMPATH\CodeIgniter.php(507): CodeIgniter\CodeIgniter->runController(Object(App\Controllers\Peminjaman))
 8 SYSTEMPATH\CodeIgniter.php(354): CodeIgniter\CodeIgniter->handleRequest(null, Object(Config\Cache), false)
 9 SYSTEMPATH\Boot.php(363): CodeIgniter\CodeIgniter->run()
10 SYSTEMPATH\Boot.php(68): CodeIgniter\Boot::runCodeIgniter(Object(CodeIgniter\CodeIgniter))
11 FCPATH\index.php(59): CodeIgniter\Boot::bootWeb(Object(Config\Paths))
CRITICAL - 2026-04-20 15:53:42 --> ErrorException: Undefined variable $i
[Method: GET, Route: peminjaman]
in APPPATH\Views\peminjaman\index.php on line 43.
 1 APPPATH\Views\peminjaman\index.php(43): CodeIgniter\Debug\Exceptions->errorHandler(2, 'Undefined variable $i', 'C:\\xampp\\htdocs\\perpus\\app\\Views\\peminjaman\\index.php', 43)
 2 SYSTEMPATH\View\View.php(226): include('C:\\xampp\\htdocs\\perpus\\app\\Views\\peminjaman\\index.php')
 3 SYSTEMPATH\View\View.php(229): CodeIgniter\View\View->CodeIgniter\View\{closure}()
 4 SYSTEMPATH\Common.php(1167): CodeIgniter\View\View->render('peminjaman/index', [], true)
 5 APPPATH\Controllers\peminjaman.php(28): view('peminjaman/index', [...])
 6 SYSTEMPATH\CodeIgniter.php(933): App\Controllers\Peminjaman->index()
 7 SYSTEMPATH\CodeIgniter.php(507): CodeIgniter\CodeIgniter->runController(Object(App\Controllers\Peminjaman))
 8 SYSTEMPATH\CodeIgniter.php(354): CodeIgniter\CodeIgniter->handleRequest(null, Object(Config\Cache), false)
 9 SYSTEMPATH\Boot.php(363): CodeIgniter\CodeIgniter->run()
10 SYSTEMPATH\Boot.php(68): CodeIgniter\Boot::runCodeIgniter(Object(CodeIgniter\CodeIgniter))
11 FCPATH\index.php(59): CodeIgniter\Boot::bootWeb(Object(Config\Paths))
CRITICAL - 2026-04-20 15:54:27 --> ErrorException: Undefined array key "cover"
[Method: GET, Route: peminjaman]
in APPPATH\Views\peminjaman\index.php on line 49.
 1 APPPATH\Views\peminjaman\index.php(49): CodeIgniter\Debug\Exceptions->errorHandler(2, 'Undefined array key "cover"', 'C:\\xampp\\htdocs\\perpus\\app\\Views\\peminjaman\\index.php', 49)
 2 SYSTEMPATH\View\View.php(226): include('C:\\xampp\\htdocs\\perpus\\app\\Views\\peminjaman\\index.php')
 3 SYSTEMPATH\View\View.php(229): CodeIgniter\View\View->CodeIgniter\View\{closure}()
 4 SYSTEMPATH\Common.php(1167): CodeIgniter\View\View->render('peminjaman/index', [], true)
 5 APPPATH\Controllers\peminjaman.php(28): view('peminjaman/index', [...])
 6 SYSTEMPATH\CodeIgniter.php(933): App\Controllers\Peminjaman->index()
 7 SYSTEMPATH\CodeIgniter.php(507): CodeIgniter\CodeIgniter->runController(Object(App\Controllers\Peminjaman))
 8 SYSTEMPATH\CodeIgniter.php(354): CodeIgniter\CodeIgniter->handleRequest(null, Object(Config\Cache), false)
 9 SYSTEMPATH\Boot.php(363): CodeIgniter\CodeIgniter->run()
10 SYSTEMPATH\Boot.php(68): CodeIgniter\Boot::runCodeIgniter(Object(CodeIgniter\CodeIgniter))
11 FCPATH\index.php(59): CodeIgniter\Boot::bootWeb(Object(Config\Paths))
CRITICAL - 2026-04-20 15:54:28 --> ErrorException: Undefined array key "cover"
[Method: GET, Route: peminjaman]
in APPPATH\Views\peminjaman\index.php on line 49.
 1 APPPATH\Views\peminjaman\index.php(49): CodeIgniter\Debug\Exceptions->errorHandler(2, 'Undefined array key "cover"', 'C:\\xampp\\htdocs\\perpus\\app\\Views\\peminjaman\\index.php', 49)
 2 SYSTEMPATH\View\View.php(226): include('C:\\xampp\\htdocs\\perpus\\app\\Views\\peminjaman\\index.php')
 3 SYSTEMPATH\View\View.php(229): CodeIgniter\View\View->CodeIgniter\View\{closure}()
 4 SYSTEMPATH\Common.php(1167): CodeIgniter\View\View->render('peminjaman/index', [], true)
 5 APPPATH\Controllers\peminjaman.php(28): view('peminjaman/index', [...])
 6 SYSTEMPATH\CodeIgniter.php(933): App\Controllers\Peminjaman->index()
 7 SYSTEMPATH\CodeIgniter.php(507): CodeIgniter\CodeIgniter->runController(Object(App\Controllers\Peminjaman))
 8 SYSTEMPATH\CodeIgniter.php(354): CodeIgniter\CodeIgniter->handleRequest(null, Object(Config\Cache), false)
 9 SYSTEMPATH\Boot.php(363): CodeIgniter\CodeIgniter->run()
10 SYSTEMPATH\Boot.php(68): CodeIgniter\Boot::runCodeIgniter(Object(CodeIgniter\CodeIgniter))
11 FCPATH\index.php(59): CodeIgniter\Boot::bootWeb(Object(Config\Paths))
DEBUG - 2026-04-20 15:58:01 --> Session: Class initialized using 'CodeIgniter\Session\Handlers\FileHandler' driver.
DEBUG - 2026-04-20 16:07:00 --> Session: Class initialized using 'CodeIgniter\Session\Handlers\FileHandler' driver.
CRITICAL - 2026-04-20 16:08:41 --> ParseError: syntax error, unexpected token "return", expecting "function" or "const"
[Method: GET, Route: peminjaman]
in APPPATH\Controllers\peminjaman.php on line 65.
 1 SYSTEMPATH\Autoloader\Autoloader.php(295): CodeIgniter\Autoloader\Autoloader->includeFile('C:\\xampp\\htdocs\\perpus\\app\\Controllers\\Peminjaman.php')
 2 SYSTEMPATH\Autoloader\Autoloader.php(271): CodeIgniter\Autoloader\Autoloader->loadInNamespace('App\\Controllers\\Peminjaman')
 3 [internal function]: CodeIgniter\Autoloader\Autoloader->loadClass('App\\Controllers\\Peminjaman')
 4 SYSTEMPATH\CodeIgniter.php(885): class_exists('\\App\\Controllers\\Peminjaman', true)
 5 SYSTEMPATH\CodeIgniter.php(494): CodeIgniter\CodeIgniter->startController()
 6 SYSTEMPATH\CodeIgniter.php(354): CodeIgniter\CodeIgniter->handleRequest(null, Object(Config\Cache), false)
 7 SYSTEMPATH\Boot.php(363): CodeIgniter\CodeIgniter->run()
 8 SYSTEMPATH\Boot.php(68): CodeIgniter\Boot::runCodeIgniter(Object(CodeIgniter\CodeIgniter))
 9 FCPATH\index.php(59): CodeIgniter\Boot::bootWeb(Object(Config\Paths))
CRITICAL - 2026-04-20 16:11:26 --> ParseError: syntax error, unexpected token "return", expecting "function" or "const"
[Method: GET, Route: peminjaman]
in APPPATH\Controllers\peminjaman.php on line 65.
 1 SYSTEMPATH\Autoloader\Autoloader.php(295): CodeIgniter\Autoloader\Autoloader->includeFile('C:\\xampp\\htdocs\\perpus\\app\\Controllers\\Peminjaman.php')
 2 SYSTEMPATH\Autoloader\Autoloader.php(271): CodeIgniter\Autoloader\Autoloader->loadInNamespace('App\\Controllers\\Peminjaman')
 3 [internal function]: CodeIgniter\Autoloader\Autoloader->loadClass('App\\Controllers\\Peminjaman')
 4 SYSTEMPATH\CodeIgniter.php(885): class_exists('\\App\\Controllers\\Peminjaman', true)
 5 SYSTEMPATH\CodeIgniter.php(494): CodeIgniter\CodeIgniter->startController()
 6 SYSTEMPATH\CodeIgniter.php(354): CodeIgniter\CodeIgniter->handleRequest(null, Object(Config\Cache), false)
 7 SYSTEMPATH\Boot.php(363): CodeIgniter\CodeIgniter->run()
 8 SYSTEMPATH\Boot.php(68): CodeIgniter\Boot::runCodeIgniter(Object(CodeIgniter\CodeIgniter))
 9 FCPATH\index.php(59): CodeIgniter\Boot::bootWeb(Object(Config\Paths))
ERROR - 2026-04-20 16:12:16 --> mysqli_sql_exception: Unknown column 'sampul' in 'field list' in C:\xampp\htdocs\perpus\system\Database\MySQLi\Connection.php:327
Stack trace:
#0 C:\xampp\htdocs\perpus\system\Database\MySQLi\Connection.php(327): mysqli->query('INSERT INTO `pe...', 0)
#1 C:\xampp\htdocs\perpus\system\Database\BaseConnection.php(729): CodeIgniter\Database\MySQLi\Connection->execute('INSERT INTO `pe...')
#2 C:\xampp\htdocs\perpus\system\Database\BaseConnection.php(646): CodeIgniter\Database\BaseConnection->simpleQuery('INSERT INTO `pe...')
#3 C:\xampp\htdocs\perpus\system\Database\BaseBuilder.php(2345): CodeIgniter\Database\BaseConnection->query('INSERT INTO `pe...', Array, false)
#4 C:\xampp\htdocs\perpus\app\Controllers\peminjaman.php(61): CodeIgniter\Database\BaseBuilder->insert(Array)
#5 C:\xampp\htdocs\perpus\system\CodeIgniter.php(933): App\Controllers\Peminjaman->store()
#6 C:\xampp\htdocs\perpus\system\CodeIgniter.php(507): CodeIgniter\CodeIgniter->runController(Object(App\Controllers\Peminjaman))
#7 C:\xampp\htdocs\perpus\system\CodeIgniter.php(354): CodeIgniter\CodeIgniter->handleRequest(NULL, Object(Config\Cache), false)
#8 C:\xampp\htdocs\perpus\system\Boot.php(363): CodeIgniter\CodeIgniter->run()
#9 C:\xampp\htdocs\perpus\system\Boot.php(68): CodeIgniter\Boot::runCodeIgniter(Object(CodeIgniter\CodeIgniter))
#10 C:\xampp\htdocs\perpus\index.php(59): CodeIgniter\Boot::bootWeb(Object(Config\Paths))
#11 {main}
CRITICAL - 2026-04-20 16:12:16 --> CodeIgniter\Database\Exceptions\DatabaseException: Unknown column 'sampul' in 'field list'
[Method: POST, Route: peminjaman/store]
in SYSTEMPATH\Database\BaseConnection.php on line 684.
 1 SYSTEMPATH\Database\BaseBuilder.php(2345): CodeIgniter\Database\BaseConnection->query('INSERT INTO `peminjaman` (`id_anggota`, `id_buku`, `id_petugas`, `tanggal_pinjam`, `status`, `sampul`) VALUES (:id_anggota:, :id_buku:, :id_petugas:, :tanggal_pinjam:, :status:, :sampul:)', [...], false)
 2 APPPATH\Controllers\peminjaman.php(61): CodeIgniter\Database\BaseBuilder->insert([...])
 3 SYSTEMPATH\CodeIgniter.php(933): App\Controllers\Peminjaman->store()
 4 SYSTEMPATH\CodeIgniter.php(507): CodeIgniter\CodeIgniter->runController(Object(App\Controllers\Peminjaman))
 5 SYSTEMPATH\CodeIgniter.php(354): CodeIgniter\CodeIgniter->handleRequest(null, Object(Config\Cache), false)
 6 SYSTEMPATH\Boot.php(363): CodeIgniter\CodeIgniter->run()
 7 SYSTEMPATH\Boot.php(68): CodeIgniter\Boot::runCodeIgniter(Object(CodeIgniter\CodeIgniter))
 8 FCPATH\index.php(59): CodeIgniter\Boot::bootWeb(Object(Config\Paths))
CRITICAL - 2026-04-20 16:12:16 --> [Caused by] CodeIgniter\Database\Exceptions\DatabaseException: Unknown column 'sampul' in 'field list'
in SYSTEMPATH\Database\MySQLi\Connection.php on line 332.
 1 SYSTEMPATH\Database\BaseConnection.php(729): CodeIgniter\Database\MySQLi\Connection->execute('INSERT INTO `peminjaman` (`id_anggota`, `id_buku`, `id_petugas`, `tanggal_pinjam`, `status`, `sampul`) VALUES (\'\', NULL, NULL, \'2026-04-20\', \'dipinjam\', \'default.jpg\')')
 2 SYSTEMPATH\Database\BaseConnection.php(646): CodeIgniter\Database\BaseConnection->simpleQuery('INSERT INTO `peminjaman` (`id_anggota`, `id_buku`, `id_petugas`, `tanggal_pinjam`, `status`, `sampul`) VALUES (\'\', NULL, NULL, \'2026-04-20\', \'dipinjam\', \'default.jpg\')')
 3 SYSTEMPATH\Database\BaseBuilder.php(2345): CodeIgniter\Database\BaseConnection->query('INSERT INTO `peminjaman` (`id_anggota`, `id_buku`, `id_petugas`, `tanggal_pinjam`, `status`, `sampul`) VALUES (:id_anggota:, :id_buku:, :id_petugas:, :tanggal_pinjam:, :status:, :sampul:)', [...], false)
 4 APPPATH\Controllers\peminjaman.php(61): CodeIgniter\Database\BaseBuilder->insert([...])
 5 SYSTEMPATH\CodeIgniter.php(933): App\Controllers\Peminjaman->store()
 6 SYSTEMPATH\CodeIgniter.php(507): CodeIgniter\CodeIgniter->runController(Object(App\Controllers\Peminjaman))
 7 SYSTEMPATH\CodeIgniter.php(354): CodeIgniter\CodeIgniter->handleRequest(null, Object(Config\Cache), false)
 8 SYSTEMPATH\Boot.php(363): CodeIgniter\CodeIgniter->run()
 9 SYSTEMPATH\Boot.php(68): CodeIgniter\Boot::runCodeIgniter(Object(CodeIgniter\CodeIgniter))
10 FCPATH\index.php(59): CodeIgniter\Boot::bootWeb(Object(Config\Paths))
CRITICAL - 2026-04-20 16:12:16 --> [Caused by] mysqli_sql_exception: Unknown column 'sampul' in 'field list'
in SYSTEMPATH\Database\MySQLi\Connection.php on line 327.
 1 SYSTEMPATH\Database\MySQLi\Connection.php(327): mysqli->query('INSERT INTO `peminjaman` (`id_anggota`, `id_buku`, `id_petugas`, `tanggal_pinjam`, `status`, `sampul`) VALUES (\'\', NULL, NULL, \'2026-04-20\', \'dipinjam\', \'default.jpg\')', 0)
 2 SYSTEMPATH\Database\BaseConnection.php(729): CodeIgniter\Database\MySQLi\Connection->execute('INSERT INTO `peminjaman` (`id_anggota`, `id_buku`, `id_petugas`, `tanggal_pinjam`, `status`, `sampul`) VALUES (\'\', NULL, NULL, \'2026-04-20\', \'dipinjam\', \'default.jpg\')')
 3 SYSTEMPATH\Database\BaseConnection.php(646): CodeIgniter\Database\BaseConnection->simpleQuery('INSERT INTO `peminjaman` (`id_anggota`, `id_buku`, `id_petugas`, `tanggal_pinjam`, `status`, `sampul`) VALUES (\'\', NULL, NULL, \'2026-04-20\', \'dipinjam\', \'default.jpg\')')
 4 SYSTEMPATH\Database\BaseBuilder.php(2345): CodeIgniter\Database\BaseConnection->query('INSERT INTO `peminjaman` (`id_anggota`, `id_buku`, `id_petugas`, `tanggal_pinjam`, `status`, `sampul`) VALUES (:id_anggota:, :id_buku:, :id_petugas:, :tanggal_pinjam:, :status:, :sampul:)', [...], false)
 5 APPPATH\Controllers\peminjaman.php(61): CodeIgniter\Database\BaseBuilder->insert([...])
 6 SYSTEMPATH\CodeIgniter.php(933): App\Controllers\Peminjaman->store()
 7 SYSTEMPATH\CodeIgniter.php(507): CodeIgniter\CodeIgniter->runController(Object(App\Controllers\Peminjaman))
 8 SYSTEMPATH\CodeIgniter.php(354): CodeIgniter\CodeIgniter->handleRequest(null, Object(Config\Cache), false)
 9 SYSTEMPATH\Boot.php(363): CodeIgniter\CodeIgniter->run()
10 SYSTEMPATH\Boot.php(68): CodeIgniter\Boot::runCodeIgniter(Object(CodeIgniter\CodeIgniter))
11 FCPATH\index.php(59): CodeIgniter\Boot::bootWeb(Object(Config\Paths))
ERROR - 2026-04-20 16:14:54 --> mysqli_sql_exception: Unknown column 'sampul' in 'field list' in C:\xampp\htdocs\perpus\system\Database\MySQLi\Connection.php:327
Stack trace:
#0 C:\xampp\htdocs\perpus\system\Database\MySQLi\Connection.php(327): mysqli->query('INSERT INTO `pe...', 0)
#1 C:\xampp\htdocs\perpus\system\Database\BaseConnection.php(729): CodeIgniter\Database\MySQLi\Connection->execute('INSERT INTO `pe...')
#2 C:\xampp\htdocs\perpus\system\Database\BaseConnection.php(646): CodeIgniter\Database\BaseConnection->simpleQuery('INSERT INTO `pe...')
#3 C:\xampp\htdocs\perpus\system\Database\BaseBuilder.php(2345): CodeIgniter\Database\BaseConnection->query('INSERT INTO `pe...', Array, false)
#4 C:\xampp\htdocs\perpus\app\Controllers\peminjaman.php(64): CodeIgniter\Database\BaseBuilder->insert(Array)
#5 C:\xampp\htdocs\perpus\system\CodeIgniter.php(933): App\Controllers\Peminjaman->store()
#6 C:\xampp\htdocs\perpus\system\CodeIgniter.php(507): CodeIgniter\CodeIgniter->runController(Object(App\Controllers\Peminjaman))
#7 C:\xampp\htdocs\perpus\system\CodeIgniter.php(354): CodeIgniter\CodeIgniter->handleRequest(NULL, Object(Config\Cache), false)
#8 C:\xampp\htdocs\perpus\system\Boot.php(363): CodeIgniter\CodeIgniter->run()
#9 C:\xampp\htdocs\perpus\system\Boot.php(68): CodeIgniter\Boot::runCodeIgniter(Object(CodeIgniter\CodeIgniter))
#10 C:\xampp\htdocs\perpus\index.php(59): CodeIgniter\Boot::bootWeb(Object(Config\Paths))
#11 {main}
CRITICAL - 2026-04-20 16:14:54 --> CodeIgniter\Database\Exceptions\DatabaseException: Unknown column 'sampul' in 'field list'
[Method: POST, Route: peminjaman/store]
in SYSTEMPATH\Database\BaseConnection.php on line 684.
 1 SYSTEMPATH\Database\BaseBuilder.php(2345): CodeIgniter\Database\BaseConnection->query('INSERT INTO `peminjaman` (`id_anggota`, `id_buku`, `id_petugas`, `tanggal_pinjam`, `status`, `sampul`) VALUES (:id_anggota:, :id_buku:, :id_petugas:, :tanggal_pinjam:, :status:, :sampul:)', [...], false)
 2 APPPATH\Controllers\peminjaman.php(64): CodeIgniter\Database\BaseBuilder->insert([...])
 3 SYSTEMPATH\CodeIgniter.php(933): App\Controllers\Peminjaman->store()
 4 SYSTEMPATH\CodeIgniter.php(507): CodeIgniter\CodeIgniter->runController(Object(App\Controllers\Peminjaman))
 5 SYSTEMPATH\CodeIgniter.php(354): CodeIgniter\CodeIgniter->handleRequest(null, Object(Config\Cache), false)
 6 SYSTEMPATH\Boot.php(363): CodeIgniter\CodeIgniter->run()
 7 SYSTEMPATH\Boot.php(68): CodeIgniter\Boot::runCodeIgniter(Object(CodeIgniter\CodeIgniter))
 8 FCPATH\index.php(59): CodeIgniter\Boot::bootWeb(Object(Config\Paths))
CRITICAL - 2026-04-20 16:14:54 --> [Caused by] CodeIgniter\Database\Exceptions\DatabaseException: Unknown column 'sampul' in 'field list'
in SYSTEMPATH\Database\MySQLi\Connection.php on line 332.
 1 SYSTEMPATH\Database\BaseConnection.php(729): CodeIgniter\Database\MySQLi\Connection->execute('INSERT INTO `peminjaman` (`id_anggota`, `id_buku`, `id_petugas`, `tanggal_pinjam`, `status`, `sampul`) VALUES (\'\', NULL, NULL, \'2026-04-20\', \'dipinjam\', \'default.jpg\')')
 2 SYSTEMPATH\Database\BaseConnection.php(646): CodeIgniter\Database\BaseConnection->simpleQuery('INSERT INTO `peminjaman` (`id_anggota`, `id_buku`, `id_petugas`, `tanggal_pinjam`, `status`, `sampul`) VALUES (\'\', NULL, NULL, \'2026-04-20\', \'dipinjam\', \'default.jpg\')')
 3 SYSTEMPATH\Database\BaseBuilder.php(2345): CodeIgniter\Database\BaseConnection->query('INSERT INTO `peminjaman` (`id_anggota`, `id_buku`, `id_petugas`, `tanggal_pinjam`, `status`, `sampul`) VALUES (:id_anggota:, :id_buku:, :id_petugas:, :tanggal_pinjam:, :status:, :sampul:)', [...], false)
 4 APPPATH\Controllers\peminjaman.php(64): CodeIgniter\Database\BaseBuilder->insert([...])
 5 SYSTEMPATH\CodeIgniter.php(933): App\Controllers\Peminjaman->store()
 6 SYSTEMPATH\CodeIgniter.php(507): CodeIgniter\CodeIgniter->runController(Object(App\Controllers\Peminjaman))
 7 SYSTEMPATH\CodeIgniter.php(354): CodeIgniter\CodeIgniter->handleRequest(null, Object(Config\Cache), false)
 8 SYSTEMPATH\Boot.php(363): CodeIgniter\CodeIgniter->run()
 9 SYSTEMPATH\Boot.php(68): CodeIgniter\Boot::runCodeIgniter(Object(CodeIgniter\CodeIgniter))
10 FCPATH\index.php(59): CodeIgniter\Boot::bootWeb(Object(Config\Paths))
CRITICAL - 2026-04-20 16:14:54 --> [Caused by] mysqli_sql_exception: Unknown column 'sampul' in 'field list'
in SYSTEMPATH\Database\MySQLi\Connection.php on line 327.
 1 SYSTEMPATH\Database\MySQLi\Connection.php(327): mysqli->query('INSERT INTO `peminjaman` (`id_anggota`, `id_buku`, `id_petugas`, `tanggal_pinjam`, `status`, `sampul`) VALUES (\'\', NULL, NULL, \'2026-04-20\', \'dipinjam\', \'default.jpg\')', 0)
 2 SYSTEMPATH\Database\BaseConnection.php(729): CodeIgniter\Database\MySQLi\Connection->execute('INSERT INTO `peminjaman` (`id_anggota`, `id_buku`, `id_petugas`, `tanggal_pinjam`, `status`, `sampul`) VALUES (\'\', NULL, NULL, \'2026-04-20\', \'dipinjam\', \'default.jpg\')')
 3 SYSTEMPATH\Database\BaseConnection.php(646): CodeIgniter\Database\BaseConnection->simpleQuery('INSERT INTO `peminjaman` (`id_anggota`, `id_buku`, `id_petugas`, `tanggal_pinjam`, `status`, `sampul`) VALUES (\'\', NULL, NULL, \'2026-04-20\', \'dipinjam\', \'default.jpg\')')
 4 SYSTEMPATH\Database\BaseBuilder.php(2345): CodeIgniter\Database\BaseConnection->query('INSERT INTO `peminjaman` (`id_anggota`, `id_buku`, `id_petugas`, `tanggal_pinjam`, `status`, `sampul`) VALUES (:id_anggota:, :id_buku:, :id_petugas:, :tanggal_pinjam:, :status:, :sampul:)', [...], false)
 5 APPPATH\Controllers\peminjaman.php(64): CodeIgniter\Database\BaseBuilder->insert([...])
 6 SYSTEMPATH\CodeIgniter.php(933): App\Controllers\Peminjaman->store()
 7 SYSTEMPATH\CodeIgniter.php(507): CodeIgniter\CodeIgniter->runController(Object(App\Controllers\Peminjaman))
 8 SYSTEMPATH\CodeIgniter.php(354): CodeIgniter\CodeIgniter->handleRequest(null, Object(Config\Cache), false)
 9 SYSTEMPATH\Boot.php(363): CodeIgniter\CodeIgniter->run()
10 SYSTEMPATH\Boot.php(68): CodeIgniter\Boot::runCodeIgniter(Object(CodeIgniter\CodeIgniter))
11 FCPATH\index.php(59): CodeIgniter\Boot::bootWeb(Object(Config\Paths))
ERROR - 2026-04-20 16:16:21 --> mysqli_sql_exception: Column 'id_petugas' cannot be null in C:\xampp\htdocs\perpus\system\Database\MySQLi\Connection.php:327
Stack trace:
#0 C:\xampp\htdocs\perpus\system\Database\MySQLi\Connection.php(327): mysqli->query('INSERT INTO `pe...', 0)
#1 C:\xampp\htdocs\perpus\system\Database\BaseConnection.php(729): CodeIgniter\Database\MySQLi\Connection->execute('INSERT INTO `pe...')
#2 C:\xampp\htdocs\perpus\system\Database\BaseConnection.php(646): CodeIgniter\Database\BaseConnection->simpleQuery('INSERT INTO `pe...')
#3 C:\xampp\htdocs\perpus\system\Database\BaseBuilder.php(2345): CodeIgniter\Database\BaseConnection->query('INSERT INTO `pe...', Array, false)
#4 C:\xampp\htdocs\perpus\app\Controllers\peminjaman.php(64): CodeIgniter\Database\BaseBuilder->insert(Array)
#5 C:\xampp\htdocs\perpus\system\CodeIgniter.php(933): App\Controllers\Peminjaman->store()
#6 C:\xampp\htdocs\perpus\system\CodeIgniter.php(507): CodeIgniter\CodeIgniter->runController(Object(App\Controllers\Peminjaman))
#7 C:\xampp\htdocs\perpus\system\CodeIgniter.php(354): CodeIgniter\CodeIgniter->handleRequest(NULL, Object(Config\Cache), false)
#8 C:\xampp\htdocs\perpus\system\Boot.php(363): CodeIgniter\CodeIgniter->run()
#9 C:\xampp\htdocs\perpus\system\Boot.php(68): CodeIgniter\Boot::runCodeIgniter(Object(CodeIgniter\CodeIgniter))
#10 C:\xampp\htdocs\perpus\index.php(59): CodeIgniter\Boot::bootWeb(Object(Config\Paths))
#11 {main}
CRITICAL - 2026-04-20 16:16:21 --> CodeIgniter\Database\Exceptions\DatabaseException: Column 'id_petugas' cannot be null
[Method: POST, Route: peminjaman/store]
in SYSTEMPATH\Database\BaseConnection.php on line 684.
 1 SYSTEMPATH\Database\BaseBuilder.php(2345): CodeIgniter\Database\BaseConnection->query('INSERT INTO `peminjaman` (`id_anggota`, `id_buku`, `id_petugas`, `tanggal_pinjam`, `status`, `sampul`) VALUES (:id_anggota:, :id_buku:, :id_petugas:, :tanggal_pinjam:, :status:, :sampul:)', [...], false)
 2 APPPATH\Controllers\peminjaman.php(64): CodeIgniter\Database\BaseBuilder->insert([...])
 3 SYSTEMPATH\CodeIgniter.php(933): App\Controllers\Peminjaman->store()
 4 SYSTEMPATH\CodeIgniter.php(507): CodeIgniter\CodeIgniter->runController(Object(App\Controllers\Peminjaman))
 5 SYSTEMPATH\CodeIgniter.php(354): CodeIgniter\CodeIgniter->handleRequest(null, Object(Config\Cache), false)
 6 SYSTEMPATH\Boot.php(363): CodeIgniter\CodeIgniter->run()
 7 SYSTEMPATH\Boot.php(68): CodeIgniter\Boot::runCodeIgniter(Object(CodeIgniter\CodeIgniter))
 8 FCPATH\index.php(59): CodeIgniter\Boot::bootWeb(Object(Config\Paths))
CRITICAL - 2026-04-20 16:16:21 --> [Caused by] CodeIgniter\Database\Exceptions\DatabaseException: Column 'id_petugas' cannot be null
in SYSTEMPATH\Database\MySQLi\Connection.php on line 332.
 1 SYSTEMPATH\Database\BaseConnection.php(729): CodeIgniter\Database\MySQLi\Connection->execute('INSERT INTO `peminjaman` (`id_anggota`, `id_buku`, `id_petugas`, `tanggal_pinjam`, `status`, `sampul`) VALUES (\'\', NULL, NULL, \'2026-04-20\', \'dipinjam\', \'default.jpg\')')
 2 SYSTEMPATH\Database\BaseConnection.php(646): CodeIgniter\Database\BaseConnection->simpleQuery('INSERT INTO `peminjaman` (`id_anggota`, `id_buku`, `id_petugas`, `tanggal_pinjam`, `status`, `sampul`) VALUES (\'\', NULL, NULL, \'2026-04-20\', \'dipinjam\', \'default.jpg\')')
 3 SYSTEMPATH\Database\BaseBuilder.php(2345): CodeIgniter\Database\BaseConnection->query('INSERT INTO `peminjaman` (`id_anggota`, `id_buku`, `id_petugas`, `tanggal_pinjam`, `status`, `sampul`) VALUES (:id_anggota:, :id_buku:, :id_petugas:, :tanggal_pinjam:, :status:, :sampul:)', [...], false)
 4 APPPATH\Controllers\peminjaman.php(64): CodeIgniter\Database\BaseBuilder->insert([...])
 5 SYSTEMPATH\CodeIgniter.php(933): App\Controllers\Peminjaman->store()
 6 SYSTEMPATH\CodeIgniter.php(507): CodeIgniter\CodeIgniter->runController(Object(App\Controllers\Peminjaman))
 7 SYSTEMPATH\CodeIgniter.php(354): CodeIgniter\CodeIgniter->handleRequest(null, Object(Config\Cache), false)
 8 SYSTEMPATH\Boot.php(363): CodeIgniter\CodeIgniter->run()
 9 SYSTEMPATH\Boot.php(68): CodeIgniter\Boot::runCodeIgniter(Object(CodeIgniter\CodeIgniter))
10 FCPATH\index.php(59): CodeIgniter\Boot::bootWeb(Object(Config\Paths))
CRITICAL - 2026-04-20 16:16:21 --> [Caused by] mysqli_sql_exception: Column 'id_petugas' cannot be null
in SYSTEMPATH\Database\MySQLi\Connection.php on line 327.
 1 SYSTEMPATH\Database\MySQLi\Connection.php(327): mysqli->query('INSERT INTO `peminjaman` (`id_anggota`, `id_buku`, `id_petugas`, `tanggal_pinjam`, `status`, `sampul`) VALUES (\'\', NULL, NULL, \'2026-04-20\', \'dipinjam\', \'default.jpg\')', 0)
 2 SYSTEMPATH\Database\BaseConnection.php(729): CodeIgniter\Database\MySQLi\Connection->execute('INSERT INTO `peminjaman` (`id_anggota`, `id_buku`, `id_petugas`, `tanggal_pinjam`, `status`, `sampul`) VALUES (\'\', NULL, NULL, \'2026-04-20\', \'dipinjam\', \'default.jpg\')')
 3 SYSTEMPATH\Database\BaseConnection.php(646): CodeIgniter\Database\BaseConnection->simpleQuery('INSERT INTO `peminjaman` (`id_anggota`, `id_buku`, `id_petugas`, `tanggal_pinjam`, `status`, `sampul`) VALUES (\'\', NULL, NULL, \'2026-04-20\', \'dipinjam\', \'default.jpg\')')
 4 SYSTEMPATH\Database\BaseBuilder.php(2345): CodeIgniter\Database\BaseConnection->query('INSERT INTO `peminjaman` (`id_anggota`, `id_buku`, `id_petugas`, `tanggal_pinjam`, `status`, `sampul`) VALUES (:id_anggota:, :id_buku:, :id_petugas:, :tanggal_pinjam:, :status:, :sampul:)', [...], false)
 5 APPPATH\Controllers\peminjaman.php(64): CodeIgniter\Database\BaseBuilder->insert([...])
 6 SYSTEMPATH\CodeIgniter.php(933): App\Controllers\Peminjaman->store()
 7 SYSTEMPATH\CodeIgniter.php(507): CodeIgniter\CodeIgniter->runController(Object(App\Controllers\Peminjaman))
 8 SYSTEMPATH\CodeIgniter.php(354): CodeIgniter\CodeIgniter->handleRequest(null, Object(Config\Cache), false)
 9 SYSTEMPATH\Boot.php(363): CodeIgniter\CodeIgniter->run()
10 SYSTEMPATH\Boot.php(68): CodeIgniter\Boot::runCodeIgniter(Object(CodeIgniter\CodeIgniter))
11 FCPATH\index.php(59): CodeIgniter\Boot::bootWeb(Object(Config\Paths))
ERROR - 2026-04-20 16:18:08 --> mysqli_sql_exception: Column 'id_petugas' cannot be null in C:\xampp\htdocs\perpus\system\Database\MySQLi\Connection.php:327
Stack trace:
#0 C:\xampp\htdocs\perpus\system\Database\MySQLi\Connection.php(327): mysqli->query('INSERT INTO `pe...', 0)
#1 C:\xampp\htdocs\perpus\system\Database\BaseConnection.php(729): CodeIgniter\Database\MySQLi\Connection->execute('INSERT INTO `pe...')
#2 C:\xampp\htdocs\perpus\system\Database\BaseConnection.php(646): CodeIgniter\Database\BaseConnection->simpleQuery('INSERT INTO `pe...')
#3 C:\xampp\htdocs\perpus\system\Database\BaseBuilder.php(2345): CodeIgniter\Database\BaseConnection->query('INSERT INTO `pe...', Array, false)
#4 C:\xampp\htdocs\perpus\app\Controllers\peminjaman.php(64): CodeIgniter\Database\BaseBuilder->insert(Array)
#5 C:\xampp\htdocs\perpus\system\CodeIgniter.php(933): App\Controllers\Peminjaman->store()
#6 C:\xampp\htdocs\perpus\system\CodeIgniter.php(507): CodeIgniter\CodeIgniter->runController(Object(App\Controllers\Peminjaman))
#7 C:\xampp\htdocs\perpus\system\CodeIgniter.php(354): CodeIgniter\CodeIgniter->handleRequest(NULL, Object(Config\Cache), false)
#8 C:\xampp\htdocs\perpus\system\Boot.php(363): CodeIgniter\CodeIgniter->run()
#9 C:\xampp\htdocs\perpus\system\Boot.php(68): CodeIgniter\Boot::runCodeIgniter(Object(CodeIgniter\CodeIgniter))
#10 C:\xampp\htdocs\perpus\index.php(59): CodeIgniter\Boot::bootWeb(Object(Config\Paths))
#11 {main}
CRITICAL - 2026-04-20 16:18:08 --> CodeIgniter\Database\Exceptions\DatabaseException: Column 'id_petugas' cannot be null
[Method: POST, Route: peminjaman/store]
in SYSTEMPATH\Database\BaseConnection.php on line 684.
 1 SYSTEMPATH\Database\BaseBuilder.php(2345): CodeIgniter\Database\BaseConnection->query('INSERT INTO `peminjaman` (`id_anggota`, `id_buku`, `id_petugas`, `tanggal_pinjam`, `status`, `sampul`) VALUES (:id_anggota:, :id_buku:, :id_petugas:, :tanggal_pinjam:, :status:, :sampul:)', [...], false)
 2 APPPATH\Controllers\peminjaman.php(64): CodeIgniter\Database\BaseBuilder->insert([...])
 3 SYSTEMPATH\CodeIgniter.php(933): App\Controllers\Peminjaman->store()
 4 SYSTEMPATH\CodeIgniter.php(507): CodeIgniter\CodeIgniter->runController(Object(App\Controllers\Peminjaman))
 5 SYSTEMPATH\CodeIgniter.php(354): CodeIgniter\CodeIgniter->handleRequest(null, Object(Config\Cache), false)
 6 SYSTEMPATH\Boot.php(363): CodeIgniter\CodeIgniter->run()
 7 SYSTEMPATH\Boot.php(68): CodeIgniter\Boot::runCodeIgniter(Object(CodeIgniter\CodeIgniter))
 8 FCPATH\index.php(59): CodeIgniter\Boot::bootWeb(Object(Config\Paths))
CRITICAL - 2026-04-20 16:18:08 --> [Caused by] CodeIgniter\Database\Exceptions\DatabaseException: Column 'id_petugas' cannot be null
in SYSTEMPATH\Database\MySQLi\Connection.php on line 332.
 1 SYSTEMPATH\Database\BaseConnection.php(729): CodeIgniter\Database\MySQLi\Connection->execute('INSERT INTO `peminjaman` (`id_anggota`, `id_buku`, `id_petugas`, `tanggal_pinjam`, `status`, `sampul`) VALUES (\'\', NULL, NULL, \'2026-04-20\', \'dipinjam\', \'default.jpg\')')
 2 SYSTEMPATH\Database\BaseConnection.php(646): CodeIgniter\Database\BaseConnection->simpleQuery('INSERT INTO `peminjaman` (`id_anggota`, `id_buku`, `id_petugas`, `tanggal_pinjam`, `status`, `sampul`) VALUES (\'\', NULL, NULL, \'2026-04-20\', \'dipinjam\', \'default.jpg\')')
 3 SYSTEMPATH\Database\BaseBuilder.php(2345): CodeIgniter\Database\BaseConnection->query('INSERT INTO `peminjaman` (`id_anggota`, `id_buku`, `id_petugas`, `tanggal_pinjam`, `status`, `sampul`) VALUES (:id_anggota:, :id_buku:, :id_petugas:, :tanggal_pinjam:, :status:, :sampul:)', [...], false)
 4 APPPATH\Controllers\peminjaman.php(64): CodeIgniter\Database\BaseBuilder->insert([...])
 5 SYSTEMPATH\CodeIgniter.php(933): App\Controllers\Peminjaman->store()
 6 SYSTEMPATH\CodeIgniter.php(507): CodeIgniter\CodeIgniter->runController(Object(App\Controllers\Peminjaman))
 7 SYSTEMPATH\CodeIgniter.php(354): CodeIgniter\CodeIgniter->handleRequest(null, Object(Config\Cache), false)
 8 SYSTEMPATH\Boot.php(363): CodeIgniter\CodeIgniter->run()
 9 SYSTEMPATH\Boot.php(68): CodeIgniter\Boot::runCodeIgniter(Object(CodeIgniter\CodeIgniter))
10 FCPATH\index.php(59): CodeIgniter\Boot::bootWeb(Object(Config\Paths))
CRITICAL - 2026-04-20 16:18:08 --> [Caused by] mysqli_sql_exception: Column 'id_petugas' cannot be null
in SYSTEMPATH\Database\MySQLi\Connection.php on line 327.
 1 SYSTEMPATH\Database\MySQLi\Connection.php(327): mysqli->query('INSERT INTO `peminjaman` (`id_anggota`, `id_buku`, `id_petugas`, `tanggal_pinjam`, `status`, `sampul`) VALUES (\'\', NULL, NULL, \'2026-04-20\', \'dipinjam\', \'default.jpg\')', 0)
 2 SYSTEMPATH\Database\BaseConnection.php(729): CodeIgniter\Database\MySQLi\Connection->execute('INSERT INTO `peminjaman` (`id_anggota`, `id_buku`, `id_petugas`, `tanggal_pinjam`, `status`, `sampul`) VALUES (\'\', NULL, NULL, \'2026-04-20\', \'dipinjam\', \'default.jpg\')')
 3 SYSTEMPATH\Database\BaseConnection.php(646): CodeIgniter\Database\BaseConnection->simpleQuery('INSERT INTO `peminjaman` (`id_anggota`, `id_buku`, `id_petugas`, `tanggal_pinjam`, `status`, `sampul`) VALUES (\'\', NULL, NULL, \'2026-04-20\', \'dipinjam\', \'default.jpg\')')
 4 SYSTEMPATH\Database\BaseBuilder.php(2345): CodeIgniter\Database\BaseConnection->query('INSERT INTO `peminjaman` (`id_anggota`, `id_buku`, `id_petugas`, `tanggal_pinjam`, `status`, `sampul`) VALUES (:id_anggota:, :id_buku:, :id_petugas:, :tanggal_pinjam:, :status:, :sampul:)', [...], false)
 5 APPPATH\Controllers\peminjaman.php(64): CodeIgniter\Database\BaseBuilder->insert([...])
 6 SYSTEMPATH\CodeIgniter.php(933): App\Controllers\Peminjaman->store()
 7 SYSTEMPATH\CodeIgniter.php(507): CodeIgniter\CodeIgniter->runController(Object(App\Controllers\Peminjaman))
 8 SYSTEMPATH\CodeIgniter.php(354): CodeIgniter\CodeIgniter->handleRequest(null, Object(Config\Cache), false)
 9 SYSTEMPATH\Boot.php(363): CodeIgniter\CodeIgniter->run()
10 SYSTEMPATH\Boot.php(68): CodeIgniter\Boot::runCodeIgniter(Object(CodeIgniter\CodeIgniter))
11 FCPATH\index.php(59): CodeIgniter\Boot::bootWeb(Object(Config\Paths))
ERROR - 2026-04-20 16:20:34 --> mysqli_sql_exception: Column 'id_petugas' cannot be null in C:\xampp\htdocs\perpus\system\Database\MySQLi\Connection.php:327
Stack trace:
#0 C:\xampp\htdocs\perpus\system\Database\MySQLi\Connection.php(327): mysqli->query('INSERT INTO `pe...', 0)
#1 C:\xampp\htdocs\perpus\system\Database\BaseConnection.php(729): CodeIgniter\Database\MySQLi\Connection->execute('INSERT INTO `pe...')
#2 C:\xampp\htdocs\perpus\system\Database\BaseConnection.php(646): CodeIgniter\Database\BaseConnection->simpleQuery('INSERT INTO `pe...')
#3 C:\xampp\htdocs\perpus\system\Database\BaseBuilder.php(2345): CodeIgniter\Database\BaseConnection->query('INSERT INTO `pe...', Array, false)
#4 C:\xampp\htdocs\perpus\app\Controllers\peminjaman.php(65): CodeIgniter\Database\BaseBuilder->insert(Array)
#5 C:\xampp\htdocs\perpus\system\CodeIgniter.php(933): App\Controllers\Peminjaman->store()
#6 C:\xampp\htdocs\perpus\system\CodeIgniter.php(507): CodeIgniter\CodeIgniter->runController(Object(App\Controllers\Peminjaman))
#7 C:\xampp\htdocs\perpus\system\CodeIgniter.php(354): CodeIgniter\CodeIgniter->handleRequest(NULL, Object(Config\Cache), false)
#8 C:\xampp\htdocs\perpus\system\Boot.php(363): CodeIgniter\CodeIgniter->run()
#9 C:\xampp\htdocs\perpus\system\Boot.php(68): CodeIgniter\Boot::runCodeIgniter(Object(CodeIgniter\CodeIgniter))
#10 C:\xampp\htdocs\perpus\index.php(59): CodeIgniter\Boot::bootWeb(Object(Config\Paths))
#11 {main}
CRITICAL - 2026-04-20 16:20:34 --> CodeIgniter\Database\Exceptions\DatabaseException: Column 'id_petugas' cannot be null
[Method: POST, Route: peminjaman/store]
in SYSTEMPATH\Database\BaseConnection.php on line 684.
 1 SYSTEMPATH\Database\BaseBuilder.php(2345): CodeIgniter\Database\BaseConnection->query('INSERT INTO `peminjaman` (`id_anggota`, `id_buku`, `id_petugas`, `tanggal_pinjam`, `status`, `sampul`) VALUES (:id_anggota:, :id_buku:, :id_petugas:, :tanggal_pinjam:, :status:, :sampul:)', [...], false)
 2 APPPATH\Controllers\peminjaman.php(65): CodeIgniter\Database\BaseBuilder->insert([...])
 3 SYSTEMPATH\CodeIgniter.php(933): App\Controllers\Peminjaman->store()
 4 SYSTEMPATH\CodeIgniter.php(507): CodeIgniter\CodeIgniter->runController(Object(App\Controllers\Peminjaman))
 5 SYSTEMPATH\CodeIgniter.php(354): CodeIgniter\CodeIgniter->handleRequest(null, Object(Config\Cache), false)
 6 SYSTEMPATH\Boot.php(363): CodeIgniter\CodeIgniter->run()
 7 SYSTEMPATH\Boot.php(68): CodeIgniter\Boot::runCodeIgniter(Object(CodeIgniter\CodeIgniter))
 8 FCPATH\index.php(59): CodeIgniter\Boot::bootWeb(Object(Config\Paths))
CRITICAL - 2026-04-20 16:20:34 --> [Caused by] CodeIgniter\Database\Exceptions\DatabaseException: Column 'id_petugas' cannot be null
in SYSTEMPATH\Database\MySQLi\Connection.php on line 332.
 1 SYSTEMPATH\Database\BaseConnection.php(729): CodeIgniter\Database\MySQLi\Connection->execute('INSERT INTO `peminjaman` (`id_anggota`, `id_buku`, `id_petugas`, `tanggal_pinjam`, `status`, `sampul`) VALUES (\'\', NULL, NULL, \'2026-04-20\', \'dipinjam\', \'default.jpg\')')
 2 SYSTEMPATH\Database\BaseConnection.php(646): CodeIgniter\Database\BaseConnection->simpleQuery('INSERT INTO `peminjaman` (`id_anggota`, `id_buku`, `id_petugas`, `tanggal_pinjam`, `status`, `sampul`) VALUES (\'\', NULL, NULL, \'2026-04-20\', \'dipinjam\', \'default.jpg\')')
 3 SYSTEMPATH\Database\BaseBuilder.php(2345): CodeIgniter\Database\BaseConnection->query('INSERT INTO `peminjaman` (`id_anggota`, `id_buku`, `id_petugas`, `tanggal_pinjam`, `status`, `sampul`) VALUES (:id_anggota:, :id_buku:, :id_petugas:, :tanggal_pinjam:, :status:, :sampul:)', [...], false)
 4 APPPATH\Controllers\peminjaman.php(65): CodeIgniter\Database\BaseBuilder->insert([...])
 5 SYSTEMPATH\CodeIgniter.php(933): App\Controllers\Peminjaman->store()
 6 SYSTEMPATH\CodeIgniter.php(507): CodeIgniter\CodeIgniter->runController(Object(App\Controllers\Peminjaman))
 7 SYSTEMPATH\CodeIgniter.php(354): CodeIgniter\CodeIgniter->handleRequest(null, Object(Config\Cache), false)
 8 SYSTEMPATH\Boot.php(363): CodeIgniter\CodeIgniter->run()
 9 SYSTEMPATH\Boot.php(68): CodeIgniter\Boot::runCodeIgniter(Object(CodeIgniter\CodeIgniter))
10 FCPATH\index.php(59): CodeIgniter\Boot::bootWeb(Object(Config\Paths))
CRITICAL - 2026-04-20 16:20:34 --> [Caused by] mysqli_sql_exception: Column 'id_petugas' cannot be null
in SYSTEMPATH\Database\MySQLi\Connection.php on line 327.
 1 SYSTEMPATH\Database\MySQLi\Connection.php(327): mysqli->query('INSERT INTO `peminjaman` (`id_anggota`, `id_buku`, `id_petugas`, `tanggal_pinjam`, `status`, `sampul`) VALUES (\'\', NULL, NULL, \'2026-04-20\', \'dipinjam\', \'default.jpg\')', 0)
 2 SYSTEMPATH\Database\BaseConnection.php(729): CodeIgniter\Database\MySQLi\Connection->execute('INSERT INTO `peminjaman` (`id_anggota`, `id_buku`, `id_petugas`, `tanggal_pinjam`, `status`, `sampul`) VALUES (\'\', NULL, NULL, \'2026-04-20\', \'dipinjam\', \'default.jpg\')')
 3 SYSTEMPATH\Database\BaseConnection.php(646): CodeIgniter\Database\BaseConnection->simpleQuery('INSERT INTO `peminjaman` (`id_anggota`, `id_buku`, `id_petugas`, `tanggal_pinjam`, `status`, `sampul`) VALUES (\'\', NULL, NULL, \'2026-04-20\', \'dipinjam\', \'default.jpg\')')
 4 SYSTEMPATH\Database\BaseBuilder.php(2345): CodeIgniter\Database\BaseConnection->query('INSERT INTO `peminjaman` (`id_anggota`, `id_buku`, `id_petugas`, `tanggal_pinjam`, `status`, `sampul`) VALUES (:id_anggota:, :id_buku:, :id_petugas:, :tanggal_pinjam:, :status:, :sampul:)', [...], false)
 5 APPPATH\Controllers\peminjaman.php(65): CodeIgniter\Database\BaseBuilder->insert([...])
 6 SYSTEMPATH\CodeIgniter.php(933): App\Controllers\Peminjaman->store()
 7 SYSTEMPATH\CodeIgniter.php(507): CodeIgniter\CodeIgniter->runController(Object(App\Controllers\Peminjaman))
 8 SYSTEMPATH\CodeIgniter.php(354): CodeIgniter\CodeIgniter->handleRequest(null, Object(Config\Cache), false)
 9 SYSTEMPATH\Boot.php(363): CodeIgniter\CodeIgniter->run()
10 SYSTEMPATH\Boot.php(68): CodeIgniter\Boot::runCodeIgniter(Object(CodeIgniter\CodeIgniter))
11 FCPATH\index.php(59): CodeIgniter\Boot::bootWeb(Object(Config\Paths))
ERROR - 2026-04-20 16:23:11 --> mysqli_sql_exception: Column 'id_petugas' cannot be null in C:\xampp\htdocs\perpus\system\Database\MySQLi\Connection.php:327
Stack trace:
#0 C:\xampp\htdocs\perpus\system\Database\MySQLi\Connection.php(327): mysqli->query('INSERT INTO `pe...', 0)
#1 C:\xampp\htdocs\perpus\system\Database\BaseConnection.php(729): CodeIgniter\Database\MySQLi\Connection->execute('INSERT INTO `pe...')
#2 C:\xampp\htdocs\perpus\system\Database\BaseConnection.php(646): CodeIgniter\Database\BaseConnection->simpleQuery('INSERT INTO `pe...')
#3 C:\xampp\htdocs\perpus\system\Database\BaseBuilder.php(2345): CodeIgniter\Database\BaseConnection->query('INSERT INTO `pe...', Array, false)
#4 C:\xampp\htdocs\perpus\app\Controllers\peminjaman.php(65): CodeIgniter\Database\BaseBuilder->insert(Array)
#5 C:\xampp\htdocs\perpus\system\CodeIgniter.php(933): App\Controllers\Peminjaman->store()
#6 C:\xampp\htdocs\perpus\system\CodeIgniter.php(507): CodeIgniter\CodeIgniter->runController(Object(App\Controllers\Peminjaman))
#7 C:\xampp\htdocs\perpus\system\CodeIgniter.php(354): CodeIgniter\CodeIgniter->handleRequest(NULL, Object(Config\Cache), false)
#8 C:\xampp\htdocs\perpus\system\Boot.php(363): CodeIgniter\CodeIgniter->run()
#9 C:\xampp\htdocs\perpus\system\Boot.php(68): CodeIgniter\Boot::runCodeIgniter(Object(CodeIgniter\CodeIgniter))
#10 C:\xampp\htdocs\perpus\index.php(59): CodeIgniter\Boot::bootWeb(Object(Config\Paths))
#11 {main}
CRITICAL - 2026-04-20 16:23:11 --> CodeIgniter\Database\Exceptions\DatabaseException: Column 'id_petugas' cannot be null
[Method: POST, Route: peminjaman/store]
in SYSTEMPATH\Database\BaseConnection.php on line 684.
 1 SYSTEMPATH\Database\BaseBuilder.php(2345): CodeIgniter\Database\BaseConnection->query('INSERT INTO `peminjaman` (`id_anggota`, `id_buku`, `id_petugas`, `tanggal_pinjam`, `status`, `sampul`) VALUES (:id_anggota:, :id_buku:, :id_petugas:, :tanggal_pinjam:, :status:, :sampul:)', [...], false)
 2 APPPATH\Controllers\peminjaman.php(65): CodeIgniter\Database\BaseBuilder->insert([...])
 3 SYSTEMPATH\CodeIgniter.php(933): App\Controllers\Peminjaman->store()
 4 SYSTEMPATH\CodeIgniter.php(507): CodeIgniter\CodeIgniter->runController(Object(App\Controllers\Peminjaman))
 5 SYSTEMPATH\CodeIgniter.php(354): CodeIgniter\CodeIgniter->handleRequest(null, Object(Config\Cache), false)
 6 SYSTEMPATH\Boot.php(363): CodeIgniter\CodeIgniter->run()
 7 SYSTEMPATH\Boot.php(68): CodeIgniter\Boot::runCodeIgniter(Object(CodeIgniter\CodeIgniter))
 8 FCPATH\index.php(59): CodeIgniter\Boot::bootWeb(Object(Config\Paths))
CRITICAL - 2026-04-20 16:23:11 --> [Caused by] CodeIgniter\Database\Exceptions\DatabaseException: Column 'id_petugas' cannot be null
in SYSTEMPATH\Database\MySQLi\Connection.php on line 332.
 1 SYSTEMPATH\Database\BaseConnection.php(729): CodeIgniter\Database\MySQLi\Connection->execute('INSERT INTO `peminjaman` (`id_anggota`, `id_buku`, `id_petugas`, `tanggal_pinjam`, `status`, `sampul`) VALUES (\'\', NULL, NULL, \'2026-04-20\', \'dipinjam\', \'default.jpg\')')
 2 SYSTEMPATH\Database\BaseConnection.php(646): CodeIgniter\Database\BaseConnection->simpleQuery('INSERT INTO `peminjaman` (`id_anggota`, `id_buku`, `id_petugas`, `tanggal_pinjam`, `status`, `sampul`) VALUES (\'\', NULL, NULL, \'2026-04-20\', \'dipinjam\', \'default.jpg\')')
 3 SYSTEMPATH\Database\BaseBuilder.php(2345): CodeIgniter\Database\BaseConnection->query('INSERT INTO `peminjaman` (`id_anggota`, `id_buku`, `id_petugas`, `tanggal_pinjam`, `status`, `sampul`) VALUES (:id_anggota:, :id_buku:, :id_petugas:, :tanggal_pinjam:, :status:, :sampul:)', [...], false)
 4 APPPATH\Controllers\peminjaman.php(65): CodeIgniter\Database\BaseBuilder->insert([...])
 5 SYSTEMPATH\CodeIgniter.php(933): App\Controllers\Peminjaman->store()
 6 SYSTEMPATH\CodeIgniter.php(507): CodeIgniter\CodeIgniter->runController(Object(App\Controllers\Peminjaman))
 7 SYSTEMPATH\CodeIgniter.php(354): CodeIgniter\CodeIgniter->handleRequest(null, Object(Config\Cache), false)
 8 SYSTEMPATH\Boot.php(363): CodeIgniter\CodeIgniter->run()
 9 SYSTEMPATH\Boot.php(68): CodeIgniter\Boot::runCodeIgniter(Object(CodeIgniter\CodeIgniter))
10 FCPATH\index.php(59): CodeIgniter\Boot::bootWeb(Object(Config\Paths))
CRITICAL - 2026-04-20 16:23:11 --> [Caused by] mysqli_sql_exception: Column 'id_petugas' cannot be null
in SYSTEMPATH\Database\MySQLi\Connection.php on line 327.
 1 SYSTEMPATH\Database\MySQLi\Connection.php(327): mysqli->query('INSERT INTO `peminjaman` (`id_anggota`, `id_buku`, `id_petugas`, `tanggal_pinjam`, `status`, `sampul`) VALUES (\'\', NULL, NULL, \'2026-04-20\', \'dipinjam\', \'default.jpg\')', 0)
 2 SYSTEMPATH\Database\BaseConnection.php(729): CodeIgniter\Database\MySQLi\Connection->execute('INSERT INTO `peminjaman` (`id_anggota`, `id_buku`, `id_petugas`, `tanggal_pinjam`, `status`, `sampul`) VALUES (\'\', NULL, NULL, \'2026-04-20\', \'dipinjam\', \'default.jpg\')')
 3 SYSTEMPATH\Database\BaseConnection.php(646): CodeIgniter\Database\BaseConnection->simpleQuery('INSERT INTO `peminjaman` (`id_anggota`, `id_buku`, `id_petugas`, `tanggal_pinjam`, `status`, `sampul`) VALUES (\'\', NULL, NULL, \'2026-04-20\', \'dipinjam\', \'default.jpg\')')
 4 SYSTEMPATH\Database\BaseBuilder.php(2345): CodeIgniter\Database\BaseConnection->query('INSERT INTO `peminjaman` (`id_anggota`, `id_buku`, `id_petugas`, `tanggal_pinjam`, `status`, `sampul`) VALUES (:id_anggota:, :id_buku:, :id_petugas:, :tanggal_pinjam:, :status:, :sampul:)', [...], false)
 5 APPPATH\Controllers\peminjaman.php(65): CodeIgniter\Database\BaseBuilder->insert([...])
 6 SYSTEMPATH\CodeIgniter.php(933): App\Controllers\Peminjaman->store()
 7 SYSTEMPATH\CodeIgniter.php(507): CodeIgniter\CodeIgniter->runController(Object(App\Controllers\Peminjaman))
 8 SYSTEMPATH\CodeIgniter.php(354): CodeIgniter\CodeIgniter->handleRequest(null, Object(Config\Cache), false)
 9 SYSTEMPATH\Boot.php(363): CodeIgniter\CodeIgniter->run()
10 SYSTEMPATH\Boot.php(68): CodeIgniter\Boot::runCodeIgniter(Object(CodeIgniter\CodeIgniter))
11 FCPATH\index.php(59): CodeIgniter\Boot::bootWeb(Object(Config\Paths))
CRITICAL - 2026-04-20 16:25:10 --> ErrorException: Undefined variable $namaFoto
[Method: POST, Route: peminjaman/store]
in APPPATH\Controllers\peminjaman.php on line 52.
 1 APPPATH\Controllers\peminjaman.php(52): CodeIgniter\Debug\Exceptions->errorHandler(2, 'Undefined variable $namaFoto', 'C:\\xampp\\htdocs\\perpus\\app\\Controllers\\peminjaman.php', 52)
 2 SYSTEMPATH\CodeIgniter.php(933): App\Controllers\Peminjaman->store()
 3 SYSTEMPATH\CodeIgniter.php(507): CodeIgniter\CodeIgniter->runController(Object(App\Controllers\Peminjaman))
 4 SYSTEMPATH\CodeIgniter.php(354): CodeIgniter\CodeIgniter->handleRequest(null, Object(Config\Cache), false)
 5 SYSTEMPATH\Boot.php(363): CodeIgniter\CodeIgniter->run()
 6 SYSTEMPATH\Boot.php(68): CodeIgniter\Boot::runCodeIgniter(Object(CodeIgniter\CodeIgniter))
 7 FCPATH\index.php(59): CodeIgniter\Boot::bootWeb(Object(Config\Paths))
ERROR - 2026-04-20 16:27:58 --> mysqli_sql_exception: Column 'id_petugas' cannot be null in C:\xampp\htdocs\perpus\system\Database\MySQLi\Connection.php:327
Stack trace:
#0 C:\xampp\htdocs\perpus\system\Database\MySQLi\Connection.php(327): mysqli->query('INSERT INTO `pe...', 0)
#1 C:\xampp\htdocs\perpus\system\Database\BaseConnection.php(729): CodeIgniter\Database\MySQLi\Connection->execute('INSERT INTO `pe...')
#2 C:\xampp\htdocs\perpus\system\Database\BaseConnection.php(646): CodeIgniter\Database\BaseConnection->simpleQuery('INSERT INTO `pe...')
#3 C:\xampp\htdocs\perpus\system\Database\BaseBuilder.php(2345): CodeIgniter\Database\BaseConnection->query('INSERT INTO `pe...', Array, false)
#4 C:\xampp\htdocs\perpus\app\Controllers\peminjaman.php(67): CodeIgniter\Database\BaseBuilder->insert(Array)
#5 C:\xampp\htdocs\perpus\system\CodeIgniter.php(933): App\Controllers\Peminjaman->store()
#6 C:\xampp\htdocs\perpus\system\CodeIgniter.php(507): CodeIgniter\CodeIgniter->runController(Object(App\Controllers\Peminjaman))
#7 C:\xampp\htdocs\perpus\system\CodeIgniter.php(354): CodeIgniter\CodeIgniter->handleRequest(NULL, Object(Config\Cache), false)
#8 C:\xampp\htdocs\perpus\system\Boot.php(363): CodeIgniter\CodeIgniter->run()
#9 C:\xampp\htdocs\perpus\system\Boot.php(68): CodeIgniter\Boot::runCodeIgniter(Object(CodeIgniter\CodeIgniter))
#10 C:\xampp\htdocs\perpus\index.php(59): CodeIgniter\Boot::bootWeb(Object(Config\Paths))
#11 {main}
CRITICAL - 2026-04-20 16:27:58 --> CodeIgniter\Database\Exceptions\DatabaseException: Column 'id_petugas' cannot be null
[Method: POST, Route: peminjaman/store]
in SYSTEMPATH\Database\BaseConnection.php on line 684.
 1 SYSTEMPATH\Database\BaseBuilder.php(2345): CodeIgniter\Database\BaseConnection->query('INSERT INTO `peminjaman` (`id_anggota`, `id_buku`, `id_petugas`, `tanggal_pinjam`, `tanggal_kembali`, `status`, `sampul`) VALUES (:id_anggota:, :id_buku:, :id_petugas:, :tanggal_pinjam:, :tanggal_kembali:, :status:, :sampul:)', [...], false)
 2 APPPATH\Controllers\peminjaman.php(67): CodeIgniter\Database\BaseBuilder->insert([...])
 3 SYSTEMPATH\CodeIgniter.php(933): App\Controllers\Peminjaman->store()
 4 SYSTEMPATH\CodeIgniter.php(507): CodeIgniter\CodeIgniter->runController(Object(App\Controllers\Peminjaman))
 5 SYSTEMPATH\CodeIgniter.php(354): CodeIgniter\CodeIgniter->handleRequest(null, Object(Config\Cache), false)
 6 SYSTEMPATH\Boot.php(363): CodeIgniter\CodeIgniter->run()
 7 SYSTEMPATH\Boot.php(68): CodeIgniter\Boot::runCodeIgniter(Object(CodeIgniter\CodeIgniter))
 8 FCPATH\index.php(59): CodeIgniter\Boot::bootWeb(Object(Config\Paths))
CRITICAL - 2026-04-20 16:27:58 --> [Caused by] CodeIgniter\Database\Exceptions\DatabaseException: Column 'id_petugas' cannot be null
in SYSTEMPATH\Database\MySQLi\Connection.php on line 332.
 1 SYSTEMPATH\Database\BaseConnection.php(729): CodeIgniter\Database\MySQLi\Connection->execute('INSERT INTO `peminjaman` (`id_anggota`, `id_buku`, `id_petugas`, `tanggal_pinjam`, `tanggal_kembali`, `status`, `sampul`) VALUES (\'\', NULL, NULL, NULL, NULL, \'dipinjam\', \'default.jpg\')')
 2 SYSTEMPATH\Database\BaseConnection.php(646): CodeIgniter\Database\BaseConnection->simpleQuery('INSERT INTO `peminjaman` (`id_anggota`, `id_buku`, `id_petugas`, `tanggal_pinjam`, `tanggal_kembali`, `status`, `sampul`) VALUES (\'\', NULL, NULL, NULL, NULL, \'dipinjam\', \'default.jpg\')')
 3 SYSTEMPATH\Database\BaseBuilder.php(2345): CodeIgniter\Database\BaseConnection->query('INSERT INTO `peminjaman` (`id_anggota`, `id_buku`, `id_petugas`, `tanggal_pinjam`, `tanggal_kembali`, `status`, `sampul`) VALUES (:id_anggota:, :id_buku:, :id_petugas:, :tanggal_pinjam:, :tanggal_kembali:, :status:, :sampul:)', [...], false)
 4 APPPATH\Controllers\peminjaman.php(67): CodeIgniter\Database\BaseBuilder->insert([...])
 5 SYSTEMPATH\CodeIgniter.php(933): App\Controllers\Peminjaman->store()
 6 SYSTEMPATH\CodeIgniter.php(507): CodeIgniter\CodeIgniter->runController(Object(App\Controllers\Peminjaman))
 7 SYSTEMPATH\CodeIgniter.php(354): CodeIgniter\CodeIgniter->handleRequest(null, Object(Config\Cache), false)
 8 SYSTEMPATH\Boot.php(363): CodeIgniter\CodeIgniter->run()
 9 SYSTEMPATH\Boot.php(68): CodeIgniter\Boot::runCodeIgniter(Object(CodeIgniter\CodeIgniter))
10 FCPATH\index.php(59): CodeIgniter\Boot::bootWeb(Object(Config\Paths))
CRITICAL - 2026-04-20 16:27:58 --> [Caused by] mysqli_sql_exception: Column 'id_petugas' cannot be null
in SYSTEMPATH\Database\MySQLi\Connection.php on line 327.
 1 SYSTEMPATH\Database\MySQLi\Connection.php(327): mysqli->query('INSERT INTO `peminjaman` (`id_anggota`, `id_buku`, `id_petugas`, `tanggal_pinjam`, `tanggal_kembali`, `status`, `sampul`) VALUES (\'\', NULL, NULL, NULL, NULL, \'dipinjam\', \'default.jpg\')', 0)
 2 SYSTEMPATH\Database\BaseConnection.php(729): CodeIgniter\Database\MySQLi\Connection->execute('INSERT INTO `peminjaman` (`id_anggota`, `id_buku`, `id_petugas`, `tanggal_pinjam`, `tanggal_kembali`, `status`, `sampul`) VALUES (\'\', NULL, NULL, NULL, NULL, \'dipinjam\', \'default.jpg\')')
 3 SYSTEMPATH\Database\BaseConnection.php(646): CodeIgniter\Database\BaseConnection->simpleQuery('INSERT INTO `peminjaman` (`id_anggota`, `id_buku`, `id_petugas`, `tanggal_pinjam`, `tanggal_kembali`, `status`, `sampul`) VALUES (\'\', NULL, NULL, NULL, NULL, \'dipinjam\', \'default.jpg\')')
 4 SYSTEMPATH\Database\BaseBuilder.php(2345): CodeIgniter\Database\BaseConnection->query('INSERT INTO `peminjaman` (`id_anggota`, `id_buku`, `id_petugas`, `tanggal_pinjam`, `tanggal_kembali`, `status`, `sampul`) VALUES (:id_anggota:, :id_buku:, :id_petugas:, :tanggal_pinjam:, :tanggal_kembali:, :status:, :sampul:)', [...], false)
 5 APPPATH\Controllers\peminjaman.php(67): CodeIgniter\Database\BaseBuilder->insert([...])
 6 SYSTEMPATH\CodeIgniter.php(933): App\Controllers\Peminjaman->store()
 7 SYSTEMPATH\CodeIgniter.php(507): CodeIgniter\CodeIgniter->runController(Object(App\Controllers\Peminjaman))
 8 SYSTEMPATH\CodeIgniter.php(354): CodeIgniter\CodeIgniter->handleRequest(null, Object(Config\Cache), false)
 9 SYSTEMPATH\Boot.php(363): CodeIgniter\CodeIgniter->run()
10 SYSTEMPATH\Boot.php(68): CodeIgniter\Boot::runCodeIgniter(Object(CodeIgniter\CodeIgniter))
11 FCPATH\index.php(59): CodeIgniter\Boot::bootWeb(Object(Config\Paths))
CRITICAL - 2026-04-20 16:28:54 --> ErrorException: Undefined variable $namaFoto
[Method: POST, Route: peminjaman/store]
in APPPATH\Controllers\peminjaman.php on line 52.
 1 APPPATH\Controllers\peminjaman.php(52): CodeIgniter\Debug\Exceptions->errorHandler(2, 'Undefined variable $namaFoto', 'C:\\xampp\\htdocs\\perpus\\app\\Controllers\\peminjaman.php', 52)
 2 SYSTEMPATH\CodeIgniter.php(933): App\Controllers\Peminjaman->store()
 3 SYSTEMPATH\CodeIgniter.php(507): CodeIgniter\CodeIgniter->runController(Object(App\Controllers\Peminjaman))
 4 SYSTEMPATH\CodeIgniter.php(354): CodeIgniter\CodeIgniter->handleRequest(null, Object(Config\Cache), false)
 5 SYSTEMPATH\Boot.php(363): CodeIgniter\CodeIgniter->run()
 6 SYSTEMPATH\Boot.php(68): CodeIgniter\Boot::runCodeIgniter(Object(CodeIgniter\CodeIgniter))
 7 FCPATH\index.php(59): CodeIgniter\Boot::bootWeb(Object(Config\Paths))
DEBUG - 2026-04-20 16:29:48 --> Session: Class initialized using 'CodeIgniter\Session\Handlers\FileHandler' driver.
DEBUG - 2026-04-20 16:29:49 --> Session: Class initialized using 'CodeIgniter\Session\Handlers\FileHandler' driver.
DEBUG - 2026-04-20 16:29:53 --> Session: Class initialized using 'CodeIgniter\Session\Handlers\FileHandler' driver.
DEBUG - 2026-04-20 16:29:53 --> Session: Class initialized using 'CodeIgniter\Session\Handlers\FileHandler' driver.
DEBUG - 2026-04-20 16:30:03 --> Session: Class initialized using 'CodeIgniter\Session\Handlers\FileHandler' driver.
DEBUG - 2026-04-20 16:30:03 --> Session: Class initialized using 'CodeIgniter\Session\Handlers\FileHandler' driver.
DEBUG - 2026-04-20 16:30:45 --> Session: Class initialized using 'CodeIgniter\Session\Handlers\FileHandler' driver.
DEBUG - 2026-04-20 16:34:27 --> Session: Class initialized using 'CodeIgniter\Session\Handlers\FileHandler' driver.
DEBUG - 2026-04-20 16:34:28 --> Session: Class initialized using 'CodeIgniter\Session\Handlers\FileHandler' driver.
CRITICAL - 2026-04-20 16:34:30 --> ErrorException: Undefined variable $anggota
[Method: GET, Route: peminjaman]
in APPPATH\Views\peminjaman\index.php on line 34.
 1 APPPATH\Views\peminjaman\index.php(34): CodeIgniter\Debug\Exceptions->errorHandler(2, 'Undefined variable $anggota', 'C:\\xampp\\htdocs\\perpus\\app\\Views\\peminjaman\\index.php', 34)
 2 SYSTEMPATH\View\View.php(226): include('C:\\xampp\\htdocs\\perpus\\app\\Views\\peminjaman\\index.php')
 3 SYSTEMPATH\View\View.php(229): CodeIgniter\View\View->CodeIgniter\View\{closure}()
 4 SYSTEMPATH\Common.php(1167): CodeIgniter\View\View->render('peminjaman/index', [], true)
 5 APPPATH\Controllers\peminjaman.php(24): view('peminjaman/index', [...])
 6 SYSTEMPATH\CodeIgniter.php(933): App\Controllers\Peminjaman->index()
 7 SYSTEMPATH\CodeIgniter.php(507): CodeIgniter\CodeIgniter->runController(Object(App\Controllers\Peminjaman))
 8 SYSTEMPATH\CodeIgniter.php(354): CodeIgniter\CodeIgniter->handleRequest(null, Object(Config\Cache), false)
 9 SYSTEMPATH\Boot.php(363): CodeIgniter\CodeIgniter->run()
10 SYSTEMPATH\Boot.php(68): CodeIgniter\Boot::runCodeIgniter(Object(CodeIgniter\CodeIgniter))
11 FCPATH\index.php(59): CodeIgniter\Boot::bootWeb(Object(Config\Paths))
DEBUG - 2026-04-20 16:35:34 --> Session: Class initialized using 'CodeIgniter\Session\Handlers\FileHandler' driver.
DEBUG - 2026-04-20 16:35:34 --> Session: Class initialized using 'CodeIgniter\Session\Handlers\FileHandler' driver.
DEBUG - 2026-04-20 16:35:36 --> Session: Class initialized using 'CodeIgniter\Session\Handlers\FileHandler' driver.
CRITICAL - 2026-04-20 16:36:35 --> ErrorException: Undefined variable $anggota
[Method: GET, Route: peminjaman]
in APPPATH\Views\peminjaman\index.php on line 33.
 1 APPPATH\Views\peminjaman\index.php(33): CodeIgniter\Debug\Exceptions->errorHandler(2, 'Undefined variable $anggota', 'C:\\xampp\\htdocs\\perpus\\app\\Views\\peminjaman\\index.php', 33)
 2 SYSTEMPATH\View\View.php(226): include('C:\\xampp\\htdocs\\perpus\\app\\Views\\peminjaman\\index.php')
 3 SYSTEMPATH\View\View.php(229): CodeIgniter\View\View->CodeIgniter\View\{closure}()
 4 SYSTEMPATH\Common.php(1167): CodeIgniter\View\View->render('peminjaman/index', [], true)
 5 APPPATH\Controllers\peminjaman.php(24): view('peminjaman/index', [...])
 6 SYSTEMPATH\CodeIgniter.php(933): App\Controllers\Peminjaman->index()
 7 SYSTEMPATH\CodeIgniter.php(507): CodeIgniter\CodeIgniter->runController(Object(App\Controllers\Peminjaman))
 8 SYSTEMPATH\CodeIgniter.php(354): CodeIgniter\CodeIgniter->handleRequest(null, Object(Config\Cache), false)
 9 SYSTEMPATH\Boot.php(363): CodeIgniter\CodeIgniter->run()
10 SYSTEMPATH\Boot.php(68): CodeIgniter\Boot::runCodeIgniter(Object(CodeIgniter\CodeIgniter))
11 FCPATH\index.php(59): CodeIgniter\Boot::bootWeb(Object(Config\Paths))
DEBUG - 2026-04-20 16:38:29 --> Session: Class initialized using 'CodeIgniter\Session\Handlers\FileHandler' driver.
CRITICAL - 2026-04-20 16:47:10 --> ParseError: syntax error, unexpected token "public"
[Method: GET, Route: peminjaman]
in APPPATH\Controllers\peminjaman.php on line 41.
 1 SYSTEMPATH\Autoloader\Autoloader.php(295): CodeIgniter\Autoloader\Autoloader->includeFile('C:\\xampp\\htdocs\\perpus\\app\\Controllers\\Peminjaman.php')
 2 SYSTEMPATH\Autoloader\Autoloader.php(271): CodeIgniter\Autoloader\Autoloader->loadInNamespace('App\\Controllers\\Peminjaman')
 3 [internal function]: CodeIgniter\Autoloader\Autoloader->loadClass('App\\Controllers\\Peminjaman')
 4 SYSTEMPATH\CodeIgniter.php(885): class_exists('\\App\\Controllers\\Peminjaman', true)
 5 SYSTEMPATH\CodeIgniter.php(494): CodeIgniter\CodeIgniter->startController()
 6 SYSTEMPATH\CodeIgniter.php(354): CodeIgniter\CodeIgniter->handleRequest(null, Object(Config\Cache), false)
 7 SYSTEMPATH\Boot.php(363): CodeIgniter\CodeIgniter->run()
 8 SYSTEMPATH\Boot.php(68): CodeIgniter\Boot::runCodeIgniter(Object(CodeIgniter\CodeIgniter))
 9 FCPATH\index.php(59): CodeIgniter\Boot::bootWeb(Object(Config\Paths))
CRITICAL - 2026-04-20 16:48:27 --> ParseError: syntax error, unexpected token "public"
[Method: GET, Route: peminjaman]
in APPPATH\Controllers\peminjaman.php on line 43.
 1 SYSTEMPATH\Autoloader\Autoloader.php(295): CodeIgniter\Autoloader\Autoloader->includeFile('C:\\xampp\\htdocs\\perpus\\app\\Controllers\\Peminjaman.php')
 2 SYSTEMPATH\Autoloader\Autoloader.php(271): CodeIgniter\Autoloader\Autoloader->loadInNamespace('App\\Controllers\\Peminjaman')
 3 [internal function]: CodeIgniter\Autoloader\Autoloader->loadClass('App\\Controllers\\Peminjaman')
 4 SYSTEMPATH\CodeIgniter.php(885): class_exists('\\App\\Controllers\\Peminjaman', true)
 5 SYSTEMPATH\CodeIgniter.php(494): CodeIgniter\CodeIgniter->startController()
 6 SYSTEMPATH\CodeIgniter.php(354): CodeIgniter\CodeIgniter->handleRequest(null, Object(Config\Cache), false)
 7 SYSTEMPATH\Boot.php(363): CodeIgniter\CodeIgniter->run()
 8 SYSTEMPATH\Boot.php(68): CodeIgniter\Boot::runCodeIgniter(Object(CodeIgniter\CodeIgniter))
 9 FCPATH\index.php(59): CodeIgniter\Boot::bootWeb(Object(Config\Paths))
DEBUG - 2026-04-20 16:51:10 --> Session: Class initialized using 'CodeIgniter\Session\Handlers\FileHandler' driver.
DEBUG - 2026-04-20 16:51:55 --> Session: Class initialized using 'CodeIgniter\Session\Handlers\FileHandler' driver.
DEBUG - 2026-04-20 16:57:21 --> Session: Class initialized using 'CodeIgniter\Session\Handlers\FileHandler' driver.
DEBUG - 2026-04-20 17:00:01 --> Session: Class initialized using 'CodeIgniter\Session\Handlers\FileHandler' driver.
DEBUG - 2026-04-20 17:05:27 --> Session: Class initialized using 'CodeIgniter\Session\Handlers\FileHandler' driver.
DEBUG - 2026-04-20 17:07:23 --> Session: Class initialized using 'CodeIgniter\Session\Handlers\FileHandler' driver.
DEBUG - 2026-04-20 17:07:25 --> Session: Class initialized using 'CodeIgniter\Session\Handlers\FileHandler' driver.
DEBUG - 2026-04-20 17:07:41 --> Session: Class initialized using 'CodeIgniter\Session\Handlers\FileHandler' driver.
DEBUG - 2026-04-20 17:12:20 --> Session: Class initialized using 'CodeIgniter\Session\Handlers\FileHandler' driver.
DEBUG - 2026-04-20 17:12:26 --> Session: Class initialized using 'CodeIgniter\Session\Handlers\FileHandler' driver.
DEBUG - 2026-04-20 17:12:36 --> Session: Class initialized using 'CodeIgniter\Session\Handlers\FileHandler' driver.
DEBUG - 2026-04-20 17:15:04 --> Session: Class initialized using 'CodeIgniter\Session\Handlers\FileHandler' driver.
DEBUG - 2026-04-20 17:15:09 --> Session: Class initialized using 'CodeIgniter\Session\Handlers\FileHandler' driver.
DEBUG - 2026-04-20 17:16:11 --> Session: Class initialized using 'CodeIgniter\Session\Handlers\FileHandler' driver.
DEBUG - 2026-04-20 17:17:10 --> Session: Class initialized using 'CodeIgniter\Session\Handlers\FileHandler' driver.
DEBUG - 2026-04-20 17:17:13 --> Session: Class initialized using 'CodeIgniter\Session\Handlers\FileHandler' driver.
CRITICAL - 2026-04-20 17:25:18 --> ParseError: syntax error, unexpected token "public"
[Method: GET, Route: peminjaman]
in APPPATH\Controllers\peminjaman.php on line 31.
 1 SYSTEMPATH\Autoloader\Autoloader.php(295): CodeIgniter\Autoloader\Autoloader->includeFile('C:\\xampp\\htdocs\\perpus\\app\\Controllers\\Peminjaman.php')
 2 SYSTEMPATH\Autoloader\Autoloader.php(271): CodeIgniter\Autoloader\Autoloader->loadInNamespace('App\\Controllers\\Peminjaman')
 3 [internal function]: CodeIgniter\Autoloader\Autoloader->loadClass('App\\Controllers\\Peminjaman')
 4 SYSTEMPATH\CodeIgniter.php(885): class_exists('\\App\\Controllers\\Peminjaman', true)
 5 SYSTEMPATH\CodeIgniter.php(494): CodeIgniter\CodeIgniter->startController()
 6 SYSTEMPATH\CodeIgniter.php(354): CodeIgniter\CodeIgniter->handleRequest(null, Object(Config\Cache), false)
 7 SYSTEMPATH\Boot.php(363): CodeIgniter\CodeIgniter->run()
 8 SYSTEMPATH\Boot.php(68): CodeIgniter\Boot::runCodeIgniter(Object(CodeIgniter\CodeIgniter))
 9 FCPATH\index.php(59): CodeIgniter\Boot::bootWeb(Object(Config\Paths))
CRITICAL - 2026-04-20 17:26:38 --> ParseError: syntax error, unexpected token "public"
[Method: GET, Route: peminjaman]
in APPPATH\Controllers\peminjaman.php on line 31.
 1 SYSTEMPATH\Autoloader\Autoloader.php(295): CodeIgniter\Autoloader\Autoloader->includeFile('C:\\xampp\\htdocs\\perpus\\app\\Controllers\\Peminjaman.php')
 2 SYSTEMPATH\Autoloader\Autoloader.php(271): CodeIgniter\Autoloader\Autoloader->loadInNamespace('App\\Controllers\\Peminjaman')
 3 [internal function]: CodeIgniter\Autoloader\Autoloader->loadClass('App\\Controllers\\Peminjaman')
 4 SYSTEMPATH\CodeIgniter.php(885): class_exists('\\App\\Controllers\\Peminjaman', true)
 5 SYSTEMPATH\CodeIgniter.php(494): CodeIgniter\CodeIgniter->startController()
 6 SYSTEMPATH\CodeIgniter.php(354): CodeIgniter\CodeIgniter->handleRequest(null, Object(Config\Cache), false)
 7 SYSTEMPATH\Boot.php(363): CodeIgniter\CodeIgniter->run()
 8 SYSTEMPATH\Boot.php(68): CodeIgniter\Boot::runCodeIgniter(Object(CodeIgniter\CodeIgniter))
 9 FCPATH\index.php(59): CodeIgniter\Boot::bootWeb(Object(Config\Paths))
CRITICAL - 2026-04-20 17:26:39 --> ParseError: syntax error, unexpected token "public"
[Method: GET, Route: peminjaman]
in APPPATH\Controllers\peminjaman.php on line 31.
 1 SYSTEMPATH\Autoloader\Autoloader.php(295): CodeIgniter\Autoloader\Autoloader->includeFile('C:\\xampp\\htdocs\\perpus\\app\\Controllers\\Peminjaman.php')
 2 SYSTEMPATH\Autoloader\Autoloader.php(271): CodeIgniter\Autoloader\Autoloader->loadInNamespace('App\\Controllers\\Peminjaman')
 3 [internal function]: CodeIgniter\Autoloader\Autoloader->loadClass('App\\Controllers\\Peminjaman')
 4 SYSTEMPATH\CodeIgniter.php(885): class_exists('\\App\\Controllers\\Peminjaman', true)
 5 SYSTEMPATH\CodeIgniter.php(494): CodeIgniter\CodeIgniter->startController()
 6 SYSTEMPATH\CodeIgniter.php(354): CodeIgniter\CodeIgniter->handleRequest(null, Object(Config\Cache), false)
 7 SYSTEMPATH\Boot.php(363): CodeIgniter\CodeIgniter->run()
 8 SYSTEMPATH\Boot.php(68): CodeIgniter\Boot::runCodeIgniter(Object(CodeIgniter\CodeIgniter))
 9 FCPATH\index.php(59): CodeIgniter\Boot::bootWeb(Object(Config\Paths))
CRITICAL - 2026-04-20 17:27:23 --> ParseError: syntax error, unexpected token "public"
[Method: GET, Route: peminjaman]
in APPPATH\Controllers\peminjaman.php on line 31.
 1 SYSTEMPATH\Autoloader\Autoloader.php(295): CodeIgniter\Autoloader\Autoloader->includeFile('C:\\xampp\\htdocs\\perpus\\app\\Controllers\\Peminjaman.php')
 2 SYSTEMPATH\Autoloader\Autoloader.php(271): CodeIgniter\Autoloader\Autoloader->loadInNamespace('App\\Controllers\\Peminjaman')
 3 [internal function]: CodeIgniter\Autoloader\Autoloader->loadClass('App\\Controllers\\Peminjaman')
 4 SYSTEMPATH\CodeIgniter.php(885): class_exists('\\App\\Controllers\\Peminjaman', true)
 5 SYSTEMPATH\CodeIgniter.php(494): CodeIgniter\CodeIgniter->startController()
 6 SYSTEMPATH\CodeIgniter.php(354): CodeIgniter\CodeIgniter->handleRequest(null, Object(Config\Cache), false)
 7 SYSTEMPATH\Boot.php(363): CodeIgniter\CodeIgniter->run()
 8 SYSTEMPATH\Boot.php(68): CodeIgniter\Boot::runCodeIgniter(Object(CodeIgniter\CodeIgniter))
 9 FCPATH\index.php(59): CodeIgniter\Boot::bootWeb(Object(Config\Paths))
CRITICAL - 2026-04-20 17:27:24 --> ParseError: syntax error, unexpected token "public"
[Method: GET, Route: peminjaman]
in APPPATH\Controllers\peminjaman.php on line 31.
 1 SYSTEMPATH\Autoloader\Autoloader.php(295): CodeIgniter\Autoloader\Autoloader->includeFile('C:\\xampp\\htdocs\\perpus\\app\\Controllers\\Peminjaman.php')
 2 SYSTEMPATH\Autoloader\Autoloader.php(271): CodeIgniter\Autoloader\Autoloader->loadInNamespace('App\\Controllers\\Peminjaman')
 3 [internal function]: CodeIgniter\Autoloader\Autoloader->loadClass('App\\Controllers\\Peminjaman')
 4 SYSTEMPATH\CodeIgniter.php(885): class_exists('\\App\\Controllers\\Peminjaman', true)
 5 SYSTEMPATH\CodeIgniter.php(494): CodeIgniter\CodeIgniter->startController()
 6 SYSTEMPATH\CodeIgniter.php(354): CodeIgniter\CodeIgniter->handleRequest(null, Object(Config\Cache), false)
 7 SYSTEMPATH\Boot.php(363): CodeIgniter\CodeIgniter->run()
 8 SYSTEMPATH\Boot.php(68): CodeIgniter\Boot::runCodeIgniter(Object(CodeIgniter\CodeIgniter))
 9 FCPATH\index.php(59): CodeIgniter\Boot::bootWeb(Object(Config\Paths))
CRITICAL - 2026-04-20 17:28:06 --> ParseError: syntax error, unexpected token "public"
[Method: GET, Route: peminjaman]
in APPPATH\Controllers\peminjaman.php on line 31.
 1 SYSTEMPATH\Autoloader\Autoloader.php(295): CodeIgniter\Autoloader\Autoloader->includeFile('C:\\xampp\\htdocs\\perpus\\app\\Controllers\\Peminjaman.php')
 2 SYSTEMPATH\Autoloader\Autoloader.php(271): CodeIgniter\Autoloader\Autoloader->loadInNamespace('App\\Controllers\\Peminjaman')
 3 [internal function]: CodeIgniter\Autoloader\Autoloader->loadClass('App\\Controllers\\Peminjaman')
 4 SYSTEMPATH\CodeIgniter.php(885): class_exists('\\App\\Controllers\\Peminjaman', true)
 5 SYSTEMPATH\CodeIgniter.php(494): CodeIgniter\CodeIgniter->startController()
 6 SYSTEMPATH\CodeIgniter.php(354): CodeIgniter\CodeIgniter->handleRequest(null, Object(Config\Cache), false)
 7 SYSTEMPATH\Boot.php(363): CodeIgniter\CodeIgniter->run()
 8 SYSTEMPATH\Boot.php(68): CodeIgniter\Boot::runCodeIgniter(Object(CodeIgniter\CodeIgniter))
 9 FCPATH\index.php(59): CodeIgniter\Boot::bootWeb(Object(Config\Paths))
CRITICAL - 2026-04-20 17:28:46 --> ParseError: syntax error, unexpected token "public"
[Method: GET, Route: peminjaman]
in APPPATH\Controllers\peminjaman.php on line 31.
 1 SYSTEMPATH\Autoloader\Autoloader.php(295): CodeIgniter\Autoloader\Autoloader->includeFile('C:\\xampp\\htdocs\\perpus\\app\\Controllers\\Peminjaman.php')
 2 SYSTEMPATH\Autoloader\Autoloader.php(271): CodeIgniter\Autoloader\Autoloader->loadInNamespace('App\\Controllers\\Peminjaman')
 3 [internal function]: CodeIgniter\Autoloader\Autoloader->loadClass('App\\Controllers\\Peminjaman')
 4 SYSTEMPATH\CodeIgniter.php(885): class_exists('\\App\\Controllers\\Peminjaman', true)
 5 SYSTEMPATH\CodeIgniter.php(494): CodeIgniter\CodeIgniter->startController()
 6 SYSTEMPATH\CodeIgniter.php(354): CodeIgniter\CodeIgniter->handleRequest(null, Object(Config\Cache), false)
 7 SYSTEMPATH\Boot.php(363): CodeIgniter\CodeIgniter->run()
 8 SYSTEMPATH\Boot.php(68): CodeIgniter\Boot::runCodeIgniter(Object(CodeIgniter\CodeIgniter))
 9 FCPATH\index.php(59): CodeIgniter\Boot::bootWeb(Object(Config\Paths))
CRITICAL - 2026-04-20 17:28:47 --> ParseError: syntax error, unexpected token "public"
[Method: GET, Route: peminjaman]
in APPPATH\Controllers\peminjaman.php on line 31.
 1 SYSTEMPATH\Autoloader\Autoloader.php(295): CodeIgniter\Autoloader\Autoloader->includeFile('C:\\xampp\\htdocs\\perpus\\app\\Controllers\\Peminjaman.php')
 2 SYSTEMPATH\Autoloader\Autoloader.php(271): CodeIgniter\Autoloader\Autoloader->loadInNamespace('App\\Controllers\\Peminjaman')
 3 [internal function]: CodeIgniter\Autoloader\Autoloader->loadClass('App\\Controllers\\Peminjaman')
 4 SYSTEMPATH\CodeIgniter.php(885): class_exists('\\App\\Controllers\\Peminjaman', true)
 5 SYSTEMPATH\CodeIgniter.php(494): CodeIgniter\CodeIgniter->startController()
 6 SYSTEMPATH\CodeIgniter.php(354): CodeIgniter\CodeIgniter->handleRequest(null, Object(Config\Cache), false)
 7 SYSTEMPATH\Boot.php(363): CodeIgniter\CodeIgniter->run()
 8 SYSTEMPATH\Boot.php(68): CodeIgniter\Boot::runCodeIgniter(Object(CodeIgniter\CodeIgniter))
 9 FCPATH\index.php(59): CodeIgniter\Boot::bootWeb(Object(Config\Paths))
CRITICAL - 2026-04-20 17:30:00 --> ErrorException: Undefined variable $anggota
[Method: GET, Route: peminjaman]
in APPPATH\Views\peminjaman\index.php on line 33.
 1 APPPATH\Views\peminjaman\index.php(33): CodeIgniter\Debug\Exceptions->errorHandler(2, 'Undefined variable $anggota', 'C:\\xampp\\htdocs\\perpus\\app\\Views\\peminjaman\\index.php', 33)
 2 SYSTEMPATH\View\View.php(226): include('C:\\xampp\\htdocs\\perpus\\app\\Views\\peminjaman\\index.php')
 3 SYSTEMPATH\View\View.php(229): CodeIgniter\View\View->CodeIgniter\View\{closure}()
 4 SYSTEMPATH\Common.php(1167): CodeIgniter\View\View->render('peminjaman/index', [], true)
 5 APPPATH\Controllers\peminjaman.php(24): view('peminjaman/index', [...])
 6 SYSTEMPATH\CodeIgniter.php(933): App\Controllers\Peminjaman->index()
 7 SYSTEMPATH\CodeIgniter.php(507): CodeIgniter\CodeIgniter->runController(Object(App\Controllers\Peminjaman))
 8 SYSTEMPATH\CodeIgniter.php(354): CodeIgniter\CodeIgniter->handleRequest(null, Object(Config\Cache), false)
 9 SYSTEMPATH\Boot.php(363): CodeIgniter\CodeIgniter->run()
10 SYSTEMPATH\Boot.php(68): CodeIgniter\Boot::runCodeIgniter(Object(CodeIgniter\CodeIgniter))
11 FCPATH\index.php(59): CodeIgniter\Boot::bootWeb(Object(Config\Paths))
DEBUG - 2026-04-20 17:32:32 --> Session: Class initialized using 'CodeIgniter\Session\Handlers\FileHandler' driver.
CRITICAL - 2026-04-20 17:32:40 --> ErrorException: Undefined variable $anggota
[Method: GET, Route: peminjaman]
in APPPATH\Views\peminjaman\index.php on line 33.
 1 APPPATH\Views\peminjaman\index.php(33): CodeIgniter\Debug\Exceptions->errorHandler(2, 'Undefined variable $anggota', 'C:\\xampp\\htdocs\\perpus\\app\\Views\\peminjaman\\index.php', 33)
 2 SYSTEMPATH\View\View.php(226): include('C:\\xampp\\htdocs\\perpus\\app\\Views\\peminjaman\\index.php')
 3 SYSTEMPATH\View\View.php(229): CodeIgniter\View\View->CodeIgniter\View\{closure}()
 4 SYSTEMPATH\Common.php(1167): CodeIgniter\View\View->render('peminjaman/index', [], true)
 5 APPPATH\Controllers\peminjaman.php(24): view('peminjaman/index', [...])
 6 SYSTEMPATH\CodeIgniter.php(933): App\Controllers\Peminjaman->index()
 7 SYSTEMPATH\CodeIgniter.php(507): CodeIgniter\CodeIgniter->runController(Object(App\Controllers\Peminjaman))
 8 SYSTEMPATH\CodeIgniter.php(354): CodeIgniter\CodeIgniter->handleRequest(null, Object(Config\Cache), false)
 9 SYSTEMPATH\Boot.php(363): CodeIgniter\CodeIgniter->run()
10 SYSTEMPATH\Boot.php(68): CodeIgniter\Boot::runCodeIgniter(Object(CodeIgniter\CodeIgniter))
11 FCPATH\index.php(59): CodeIgniter\Boot::bootWeb(Object(Config\Paths))
DEBUG - 2026-04-20 17:32:43 --> Session: Class initialized using 'CodeIgniter\Session\Handlers\FileHandler' driver.
DEBUG - 2026-04-20 17:32:44 --> Session: Class initialized using 'CodeIgniter\Session\Handlers\FileHandler' driver.
DEBUG - 2026-04-20 17:32:51 --> Session: Class initialized using 'CodeIgniter\Session\Handlers\FileHandler' driver.
CRITICAL - 2026-04-20 17:32:52 --> ErrorException: Undefined variable $anggota
[Method: GET, Route: peminjaman]
in APPPATH\Views\peminjaman\index.php on line 33.
 1 APPPATH\Views\peminjaman\index.php(33): CodeIgniter\Debug\Exceptions->errorHandler(2, 'Undefined variable $anggota', 'C:\\xampp\\htdocs\\perpus\\app\\Views\\peminjaman\\index.php', 33)
 2 SYSTEMPATH\View\View.php(226): include('C:\\xampp\\htdocs\\perpus\\app\\Views\\peminjaman\\index.php')
 3 SYSTEMPATH\View\View.php(229): CodeIgniter\View\View->CodeIgniter\View\{closure}()
 4 SYSTEMPATH\Common.php(1167): CodeIgniter\View\View->render('peminjaman/index', [], true)
 5 APPPATH\Controllers\peminjaman.php(24): view('peminjaman/index', [...])
 6 SYSTEMPATH\CodeIgniter.php(933): App\Controllers\Peminjaman->index()
 7 SYSTEMPATH\CodeIgniter.php(507): CodeIgniter\CodeIgniter->runController(Object(App\Controllers\Peminjaman))
 8 SYSTEMPATH\CodeIgniter.php(354): CodeIgniter\CodeIgniter->handleRequest(null, Object(Config\Cache), false)
 9 SYSTEMPATH\Boot.php(363): CodeIgniter\CodeIgniter->run()
10 SYSTEMPATH\Boot.php(68): CodeIgniter\Boot::runCodeIgniter(Object(CodeIgniter\CodeIgniter))
11 FCPATH\index.php(59): CodeIgniter\Boot::bootWeb(Object(Config\Paths))
CRITICAL - 2026-04-20 17:36:09 --> ErrorException: Undefined variable $anggota
[Method: GET, Route: peminjaman]
in APPPATH\Views\peminjaman\index.php on line 33.
 1 APPPATH\Views\peminjaman\index.php(33): CodeIgniter\Debug\Exceptions->errorHandler(2, 'Undefined variable $anggota', 'C:\\xampp\\htdocs\\perpus\\app\\Views\\peminjaman\\index.php', 33)
 2 SYSTEMPATH\View\View.php(226): include('C:\\xampp\\htdocs\\perpus\\app\\Views\\peminjaman\\index.php')
 3 SYSTEMPATH\View\View.php(229): CodeIgniter\View\View->CodeIgniter\View\{closure}()
 4 SYSTEMPATH\Common.php(1167): CodeIgniter\View\View->render('peminjaman/index', [], true)
 5 APPPATH\Controllers\peminjaman.php(24): view('peminjaman/index', [...])
 6 SYSTEMPATH\CodeIgniter.php(933): App\Controllers\Peminjaman->index()
 7 SYSTEMPATH\CodeIgniter.php(507): CodeIgniter\CodeIgniter->runController(Object(App\Controllers\Peminjaman))
 8 SYSTEMPATH\CodeIgniter.php(354): CodeIgniter\CodeIgniter->handleRequest(null, Object(Config\Cache), false)
 9 SYSTEMPATH\Boot.php(363): CodeIgniter\CodeIgniter->run()
10 SYSTEMPATH\Boot.php(68): CodeIgniter\Boot::runCodeIgniter(Object(CodeIgniter\CodeIgniter))
11 FCPATH\index.php(59): CodeIgniter\Boot::bootWeb(Object(Config\Paths))
CRITICAL - 2026-04-20 17:37:01 --> ErrorException: Undefined variable $anggota
[Method: GET, Route: peminjaman]
in APPPATH\Views\peminjaman\index.php on line 33.
 1 APPPATH\Views\peminjaman\index.php(33): CodeIgniter\Debug\Exceptions->errorHandler(2, 'Undefined variable $anggota', 'C:\\xampp\\htdocs\\perpus\\app\\Views\\peminjaman\\index.php', 33)
 2 SYSTEMPATH\View\View.php(226): include('C:\\xampp\\htdocs\\perpus\\app\\Views\\peminjaman\\index.php')
 3 SYSTEMPATH\View\View.php(229): CodeIgniter\View\View->CodeIgniter\View\{closure}()
 4 SYSTEMPATH\Common.php(1167): CodeIgniter\View\View->render('peminjaman/index', [], true)
 5 APPPATH\Controllers\peminjaman.php(24): view('peminjaman/index', [...])
 6 SYSTEMPATH\CodeIgniter.php(933): App\Controllers\Peminjaman->index()
 7 SYSTEMPATH\CodeIgniter.php(507): CodeIgniter\CodeIgniter->runController(Object(App\Controllers\Peminjaman))
 8 SYSTEMPATH\CodeIgniter.php(354): CodeIgniter\CodeIgniter->handleRequest(null, Object(Config\Cache), false)
 9 SYSTEMPATH\Boot.php(363): CodeIgniter\CodeIgniter->run()
10 SYSTEMPATH\Boot.php(68): CodeIgniter\Boot::runCodeIgniter(Object(CodeIgniter\CodeIgniter))
11 FCPATH\index.php(59): CodeIgniter\Boot::bootWeb(Object(Config\Paths))
CRITICAL - 2026-04-20 17:40:07 --> ErrorException: Undefined variable $anggota
[Method: GET, Route: peminjaman]
in APPPATH\Views\peminjaman\index.php on line 33.
 1 APPPATH\Views\peminjaman\index.php(33): CodeIgniter\Debug\Exceptions->errorHandler(2, 'Undefined variable $anggota', 'C:\\xampp\\htdocs\\perpus\\app\\Views\\peminjaman\\index.php', 33)
 2 SYSTEMPATH\View\View.php(226): include('C:\\xampp\\htdocs\\perpus\\app\\Views\\peminjaman\\index.php')
 3 SYSTEMPATH\View\View.php(229): CodeIgniter\View\View->CodeIgniter\View\{closure}()
 4 SYSTEMPATH\Common.php(1167): CodeIgniter\View\View->render('peminjaman/index', [], true)
 5 APPPATH\Controllers\peminjaman.php(24): view('peminjaman/index', [...])
 6 SYSTEMPATH\CodeIgniter.php(933): App\Controllers\Peminjaman->index()
 7 SYSTEMPATH\CodeIgniter.php(507): CodeIgniter\CodeIgniter->runController(Object(App\Controllers\Peminjaman))
 8 SYSTEMPATH\CodeIgniter.php(354): CodeIgniter\CodeIgniter->handleRequest(null, Object(Config\Cache), false)
 9 SYSTEMPATH\Boot.php(363): CodeIgniter\CodeIgniter->run()
10 SYSTEMPATH\Boot.php(68): CodeIgniter\Boot::runCodeIgniter(Object(CodeIgniter\CodeIgniter))
11 FCPATH\index.php(59): CodeIgniter\Boot::bootWeb(Object(Config\Paths))
CRITICAL - 2026-04-20 17:40:08 --> ErrorException: Undefined variable $anggota
[Method: GET, Route: peminjaman]
in APPPATH\Views\peminjaman\index.php on line 33.
 1 APPPATH\Views\peminjaman\index.php(33): CodeIgniter\Debug\Exceptions->errorHandler(2, 'Undefined variable $anggota', 'C:\\xampp\\htdocs\\perpus\\app\\Views\\peminjaman\\index.php', 33)
 2 SYSTEMPATH\View\View.php(226): include('C:\\xampp\\htdocs\\perpus\\app\\Views\\peminjaman\\index.php')
 3 SYSTEMPATH\View\View.php(229): CodeIgniter\View\View->CodeIgniter\View\{closure}()
 4 SYSTEMPATH\Common.php(1167): CodeIgniter\View\View->render('peminjaman/index', [], true)
 5 APPPATH\Controllers\peminjaman.php(24): view('peminjaman/index', [...])
 6 SYSTEMPATH\CodeIgniter.php(933): App\Controllers\Peminjaman->index()
 7 SYSTEMPATH\CodeIgniter.php(507): CodeIgniter\CodeIgniter->runController(Object(App\Controllers\Peminjaman))
 8 SYSTEMPATH\CodeIgniter.php(354): CodeIgniter\CodeIgniter->handleRequest(null, Object(Config\Cache), false)
 9 SYSTEMPATH\Boot.php(363): CodeIgniter\CodeIgniter->run()
10 SYSTEMPATH\Boot.php(68): CodeIgniter\Boot::runCodeIgniter(Object(CodeIgniter\CodeIgniter))
11 FCPATH\index.php(59): CodeIgniter\Boot::bootWeb(Object(Config\Paths))
CRITICAL - 2026-04-20 17:40:08 --> ErrorException: Undefined variable $anggota
[Method: GET, Route: peminjaman]
in APPPATH\Views\peminjaman\index.php on line 33.
 1 APPPATH\Views\peminjaman\index.php(33): CodeIgniter\Debug\Exceptions->errorHandler(2, 'Undefined variable $anggota', 'C:\\xampp\\htdocs\\perpus\\app\\Views\\peminjaman\\index.php', 33)
 2 SYSTEMPATH\View\View.php(226): include('C:\\xampp\\htdocs\\perpus\\app\\Views\\peminjaman\\index.php')
 3 SYSTEMPATH\View\View.php(229): CodeIgniter\View\View->CodeIgniter\View\{closure}()
 4 SYSTEMPATH\Common.php(1167): CodeIgniter\View\View->render('peminjaman/index', [], true)
 5 APPPATH\Controllers\peminjaman.php(24): view('peminjaman/index', [...])
 6 SYSTEMPATH\CodeIgniter.php(933): App\Controllers\Peminjaman->index()
 7 SYSTEMPATH\CodeIgniter.php(507): CodeIgniter\CodeIgniter->runController(Object(App\Controllers\Peminjaman))
 8 SYSTEMPATH\CodeIgniter.php(354): CodeIgniter\CodeIgniter->handleRequest(null, Object(Config\Cache), false)
 9 SYSTEMPATH\Boot.php(363): CodeIgniter\CodeIgniter->run()
10 SYSTEMPATH\Boot.php(68): CodeIgniter\Boot::runCodeIgniter(Object(CodeIgniter\CodeIgniter))
11 FCPATH\index.php(59): CodeIgniter\Boot::bootWeb(Object(Config\Paths))
DEBUG - 2026-04-20 17:44:43 --> Session: Class initialized using 'CodeIgniter\Session\Handlers\FileHandler' driver.
DEBUG - 2026-04-20 17:48:12 --> Session: Class initialized using 'CodeIgniter\Session\Handlers\FileHandler' driver.
DEBUG - 2026-04-20 17:49:03 --> Session: Class initialized using 'CodeIgniter\Session\Handlers\FileHandler' driver.
DEBUG - 2026-04-20 17:49:16 --> Session: Class initialized using 'CodeIgniter\Session\Handlers\FileHandler' driver.
DEBUG - 2026-04-20 17:52:19 --> Session: Class initialized using 'CodeIgniter\Session\Handlers\FileHandler' driver.
DEBUG - 2026-04-20 17:52:26 --> Session: Class initialized using 'CodeIgniter\Session\Handlers\FileHandler' driver.
DEBUG - 2026-04-20 17:55:28 --> Session: Class initialized using 'CodeIgniter\Session\Handlers\FileHandler' driver.
DEBUG - 2026-04-20 17:55:30 --> Session: Class initialized using 'CodeIgniter\Session\Handlers\FileHandler' driver.
DEBUG - 2026-04-20 17:55:44 --> Session: Class initialized using 'CodeIgniter\Session\Handlers\FileHandler' driver.
DEBUG - 2026-04-20 18:12:15 --> Session: Class initialized using 'CodeIgniter\Session\Handlers\FileHandler' driver.
DEBUG - 2026-04-20 18:15:55 --> Session: Class initialized using 'CodeIgniter\Session\Handlers\FileHandler' driver.
DEBUG - 2026-04-20 18:44:32 --> Session: Class initialized using 'CodeIgniter\Session\Handlers\FileHandler' driver.
DEBUG - 2026-04-20 18:44:38 --> Session: Class initialized using 'CodeIgniter\Session\Handlers\FileHandler' driver.
DEBUG - 2026-04-20 18:44:44 --> Session: Class initialized using 'CodeIgniter\Session\Handlers\FileHandler' driver.
DEBUG - 2026-04-20 18:44:48 --> Session: Class initialized using 'CodeIgniter\Session\Handlers\FileHandler' driver.
DEBUG - 2026-04-20 18:44:50 --> Session: Class initialized using 'CodeIgniter\Session\Handlers\FileHandler' driver.
DEBUG - 2026-04-20 18:44:56 --> Session: Class initialized using 'CodeIgniter\Session\Handlers\FileHandler' driver.
DEBUG - 2026-04-20 18:44:57 --> Session: Class initialized using 'CodeIgniter\Session\Handlers\FileHandler' driver.
