DEBUG - 2026-04-26 00:04:35 --> Session: Class initialized using 'CodeIgniter\Session\Handlers\FileHandler' driver.
DEBUG - 2026-04-26 00:04:44 --> Session: Class initialized using 'CodeIgniter\Session\Handlers\FileHandler' driver.
DEBUG - 2026-04-26 00:04:50 --> Session: Class initialized using 'CodeIgniter\Session\Handlers\FileHandler' driver.
DEBUG - 2026-04-26 00:04:51 --> Session: Class initialized using 'CodeIgniter\Session\Handlers\FileHandler' driver.
DEBUG - 2026-04-26 00:04:53 --> Session: Class initialized using 'CodeIgniter\Session\Handlers\FileHandler' driver.
DEBUG - 2026-04-26 00:05:07 --> Session: Class initialized using 'CodeIgniter\Session\Handlers\FileHandler' driver.
CRITICAL - 2026-04-26 00:12:19 --> ErrorException: Undefined variable $builder
[Method: GET, Route: peminjaman]
in APPPATH\Controllers\peminjaman.php on line 21.
 1 APPPATH\Controllers\peminjaman.php(21): CodeIgniter\Debug\Exceptions->errorHandler(2, 'Undefined variable $builder', 'C:\\xampp\\htdocs\\perpus\\app\\Controllers\\peminjaman.php', 21)
 2 SYSTEMPATH\CodeIgniter.php(933): App\Controllers\Peminjaman->index()
 3 SYSTEMPATH\CodeIgniter.php(507): CodeIgniter\CodeIgniter->runController(Object(App\Controllers\Peminjaman))
 4 SYSTEMPATH\CodeIgniter.php(354): CodeIgniter\CodeIgniter->handleRequest(null, Object(Config\Cache), false)
 5 SYSTEMPATH\Boot.php(363): CodeIgniter\CodeIgniter->run()
 6 SYSTEMPATH\Boot.php(68): CodeIgniter\Boot::runCodeIgniter(Object(CodeIgniter\CodeIgniter))
 7 FCPATH\index.php(59): CodeIgniter\Boot::bootWeb(Object(Config\Paths))
CRITICAL - 2026-04-26 00:13:14 --> ParseError: syntax error, unexpected variable "$tarif_denda", expecting "function" or "const"
[Method: GET, Route: peminjaman]
in APPPATH\Controllers\peminjaman.php on line 39.
 1 SYSTEMPATH\Autoloader\Autoloader.php(295): CodeIgniter\Autoloader\Autoloader->includeFile('C:\\xampp\\htdocs\\perpus\\app\\Controllers\\Peminjaman.php')
 2 SYSTEMPATH\Autoloader\Autoloader.php(271): CodeIgniter\Autoloader\Autoloader->loadInNamespace('App\\Controllers\\Peminjaman')
 3 [internal function]: CodeIgniter\Autoloader\Autoloader->loadClass('App\\Controllers\\Peminjaman')
 4 SYSTEMPATH\CodeIgniter.php(885): class_exists('\\App\\Controllers\\Peminjaman', true)
 5 SYSTEMPATH\CodeIgniter.php(494): CodeIgniter\CodeIgniter->startController()
 6 SYSTEMPATH\CodeIgniter.php(354): CodeIgniter\CodeIgniter->handleRequest(null, Object(Config\Cache), false)
 7 SYSTEMPATH\Boot.php(363): CodeIgniter\CodeIgniter->run()
 8 SYSTEMPATH\Boot.php(68): CodeIgniter\Boot::runCodeIgniter(Object(CodeIgniter\CodeIgniter))
 9 FCPATH\index.php(59): CodeIgniter\Boot::bootWeb(Object(Config\Paths))
CRITICAL - 2026-04-26 00:14:21 --> ParseError: syntax error, unexpected variable "$tarif_denda", expecting "function" or "const"
[Method: GET, Route: peminjaman]
in APPPATH\Controllers\peminjaman.php on line 38.
 1 SYSTEMPATH\Autoloader\Autoloader.php(295): CodeIgniter\Autoloader\Autoloader->includeFile('C:\\xampp\\htdocs\\perpus\\app\\Controllers\\Peminjaman.php')
 2 SYSTEMPATH\Autoloader\Autoloader.php(271): CodeIgniter\Autoloader\Autoloader->loadInNamespace('App\\Controllers\\Peminjaman')
 3 [internal function]: CodeIgniter\Autoloader\Autoloader->loadClass('App\\Controllers\\Peminjaman')
 4 SYSTEMPATH\CodeIgniter.php(885): class_exists('\\App\\Controllers\\Peminjaman', true)
 5 SYSTEMPATH\CodeIgniter.php(494): CodeIgniter\CodeIgniter->startController()
 6 SYSTEMPATH\CodeIgniter.php(354): CodeIgniter\CodeIgniter->handleRequest(null, Object(Config\Cache), false)
 7 SYSTEMPATH\Boot.php(363): CodeIgniter\CodeIgniter->run()
 8 SYSTEMPATH\Boot.php(68): CodeIgniter\Boot::runCodeIgniter(Object(CodeIgniter\CodeIgniter))
 9 FCPATH\index.php(59): CodeIgniter\Boot::bootWeb(Object(Config\Paths))
CRITICAL - 2026-04-26 00:14:22 --> ParseError: syntax error, unexpected variable "$tarif_denda", expecting "function" or "const"
[Method: GET, Route: peminjaman]
in APPPATH\Controllers\peminjaman.php on line 38.
 1 SYSTEMPATH\Autoloader\Autoloader.php(295): CodeIgniter\Autoloader\Autoloader->includeFile('C:\\xampp\\htdocs\\perpus\\app\\Controllers\\Peminjaman.php')
 2 SYSTEMPATH\Autoloader\Autoloader.php(271): CodeIgniter\Autoloader\Autoloader->loadInNamespace('App\\Controllers\\Peminjaman')
 3 [internal function]: CodeIgniter\Autoloader\Autoloader->loadClass('App\\Controllers\\Peminjaman')
 4 SYSTEMPATH\CodeIgniter.php(885): class_exists('\\App\\Controllers\\Peminjaman', true)
 5 SYSTEMPATH\CodeIgniter.php(494): CodeIgniter\CodeIgniter->startController()
 6 SYSTEMPATH\CodeIgniter.php(354): CodeIgniter\CodeIgniter->handleRequest(null, Object(Config\Cache), false)
 7 SYSTEMPATH\Boot.php(363): CodeIgniter\CodeIgniter->run()
 8 SYSTEMPATH\Boot.php(68): CodeIgniter\Boot::runCodeIgniter(Object(CodeIgniter\CodeIgniter))
 9 FCPATH\index.php(59): CodeIgniter\Boot::bootWeb(Object(Config\Paths))
CRITICAL - 2026-04-26 00:14:59 --> ErrorException: foreach() argument must be of type array|object, null given
[Method: GET, Route: peminjaman]
in APPPATH\Controllers\peminjaman.php on line 39.
 1 APPPATH\Controllers\peminjaman.php(39): CodeIgniter\Debug\Exceptions->errorHandler(2, 'foreach() argument must be of type array|object, null given', 'C:\\xampp\\htdocs\\perpus\\app\\Controllers\\peminjaman.php', 39)
 2 SYSTEMPATH\CodeIgniter.php(933): App\Controllers\Peminjaman->index()
 3 SYSTEMPATH\CodeIgniter.php(507): CodeIgniter\CodeIgniter->runController(Object(App\Controllers\Peminjaman))
 4 SYSTEMPATH\CodeIgniter.php(354): CodeIgniter\CodeIgniter->handleRequest(null, Object(Config\Cache), false)
 5 SYSTEMPATH\Boot.php(363): CodeIgniter\CodeIgniter->run()
 6 SYSTEMPATH\Boot.php(68): CodeIgniter\Boot::runCodeIgniter(Object(CodeIgniter\CodeIgniter))
 7 FCPATH\index.php(59): CodeIgniter\Boot::bootWeb(Object(Config\Paths))
DEBUG - 2026-04-26 00:16:03 --> Session: Class initialized using 'CodeIgniter\Session\Handlers\FileHandler' driver.
DEBUG - 2026-04-26 00:18:14 --> Session: Class initialized using 'CodeIgniter\Session\Handlers\FileHandler' driver.
DEBUG - 2026-04-26 00:19:02 --> Session: Class initialized using 'CodeIgniter\Session\Handlers\FileHandler' driver.
DEBUG - 2026-04-26 00:19:19 --> Session: Class initialized using 'CodeIgniter\Session\Handlers\FileHandler' driver.
DEBUG - 2026-04-26 00:19:28 --> Session: Class initialized using 'CodeIgniter\Session\Handlers\FileHandler' driver.
DEBUG - 2026-04-26 00:20:02 --> Session: Class initialized using 'CodeIgniter\Session\Handlers\FileHandler' driver.
DEBUG - 2026-04-26 00:20:16 --> Session: Class initialized using 'CodeIgniter\Session\Handlers\FileHandler' driver.
DEBUG - 2026-04-26 00:20:43 --> Session: Class initialized using 'CodeIgniter\Session\Handlers\FileHandler' driver.
DEBUG - 2026-04-26 00:20:48 --> Session: Class initialized using 'CodeIgniter\Session\Handlers\FileHandler' driver.
DEBUG - 2026-04-26 00:20:53 --> Session: Class initialized using 'CodeIgniter\Session\Handlers\FileHandler' driver.
DEBUG - 2026-04-26 00:27:55 --> Session: Class initialized using 'CodeIgniter\Session\Handlers\FileHandler' driver.
DEBUG - 2026-04-26 00:30:06 --> Session: Class initialized using 'CodeIgniter\Session\Handlers\FileHandler' driver.
DEBUG - 2026-04-26 00:30:49 --> Session: Class initialized using 'CodeIgniter\Session\Handlers\FileHandler' driver.
CRITICAL - 2026-04-26 00:33:13 --> ErrorException: Undefined array key "nama_petugas"
[Method: GET, Route: peminjaman/detail/2]
in APPPATH\Views\peminjaman\detail.php on line 4.
 1 APPPATH\Views\peminjaman\detail.php(4): CodeIgniter\Debug\Exceptions->errorHandler(2, 'Undefined array key "nama_petugas"', 'C:\\xampp\\htdocs\\perpus\\app\\Views\\peminjaman\\detail.php', 4)
 2 SYSTEMPATH\View\View.php(226): include('C:\\xampp\\htdocs\\perpus\\app\\Views\\peminjaman\\detail.php')
 3 SYSTEMPATH\View\View.php(229): CodeIgniter\View\View->CodeIgniter\View\{closure}()
 4 SYSTEMPATH\Common.php(1167): CodeIgniter\View\View->render('peminjaman/detail', [], true)
 5 APPPATH\Controllers\peminjaman.php(224): view('peminjaman/detail', [...])
 6 SYSTEMPATH\CodeIgniter.php(933): App\Controllers\Peminjaman->detail('2')
 7 SYSTEMPATH\CodeIgniter.php(507): CodeIgniter\CodeIgniter->runController(Object(App\Controllers\Peminjaman))
 8 SYSTEMPATH\CodeIgniter.php(354): CodeIgniter\CodeIgniter->handleRequest(null, Object(Config\Cache), false)
 9 SYSTEMPATH\Boot.php(363): CodeIgniter\CodeIgniter->run()
10 SYSTEMPATH\Boot.php(68): CodeIgniter\Boot::runCodeIgniter(Object(CodeIgniter\CodeIgniter))
11 FCPATH\index.php(59): CodeIgniter\Boot::bootWeb(Object(Config\Paths))
CRITICAL - 2026-04-26 00:37:01 --> ErrorException: Undefined variable $buku_dipinjam
[Method: GET, Route: peminjaman/detail/2]
in APPPATH\Views\peminjaman\detail.php on line 87.
 1 APPPATH\Views\peminjaman\detail.php(87): CodeIgniter\Debug\Exceptions->errorHandler(2, 'Undefined variable $buku_dipinjam', 'C:\\xampp\\htdocs\\perpus\\app\\Views\\peminjaman\\detail.php', 87)
 2 SYSTEMPATH\View\View.php(226): include('C:\\xampp\\htdocs\\perpus\\app\\Views\\peminjaman\\detail.php')
 3 SYSTEMPATH\View\View.php(229): CodeIgniter\View\View->CodeIgniter\View\{closure}()
 4 SYSTEMPATH\Common.php(1167): CodeIgniter\View\View->render('peminjaman/detail', [], true)
 5 APPPATH\Controllers\peminjaman.php(225): view('peminjaman/detail', [...])
 6 SYSTEMPATH\CodeIgniter.php(933): App\Controllers\Peminjaman->detail('2')
 7 SYSTEMPATH\CodeIgniter.php(507): CodeIgniter\CodeIgniter->runController(Object(App\Controllers\Peminjaman))
 8 SYSTEMPATH\CodeIgniter.php(354): CodeIgniter\CodeIgniter->handleRequest(null, Object(Config\Cache), false)
 9 SYSTEMPATH\Boot.php(363): CodeIgniter\CodeIgniter->run()
10 SYSTEMPATH\Boot.php(68): CodeIgniter\Boot::runCodeIgniter(Object(CodeIgniter\CodeIgniter))
11 FCPATH\index.php(59): CodeIgniter\Boot::bootWeb(Object(Config\Paths))
CRITICAL - 2026-04-26 00:46:06 --> ErrorException: Undefined variable $p
[Method: GET, Route: peminjaman]
in APPPATH\Controllers\peminjaman.php on line 36.
 1 APPPATH\Controllers\peminjaman.php(36): CodeIgniter\Debug\Exceptions->errorHandler(2, 'Undefined variable $p', 'C:\\xampp\\htdocs\\perpus\\app\\Controllers\\peminjaman.php', 36)
 2 SYSTEMPATH\CodeIgniter.php(933): App\Controllers\Peminjaman->index()
 3 SYSTEMPATH\CodeIgniter.php(507): CodeIgniter\CodeIgniter->runController(Object(App\Controllers\Peminjaman))
 4 SYSTEMPATH\CodeIgniter.php(354): CodeIgniter\CodeIgniter->handleRequest(null, Object(Config\Cache), false)
 5 SYSTEMPATH\Boot.php(363): CodeIgniter\CodeIgniter->run()
 6 SYSTEMPATH\Boot.php(68): CodeIgniter\Boot::runCodeIgniter(Object(CodeIgniter\CodeIgniter))
 7 FCPATH\index.php(59): CodeIgniter\Boot::bootWeb(Object(Config\Paths))
DEBUG - 2026-04-26 00:46:08 --> Session: Class initialized using 'CodeIgniter\Session\Handlers\FileHandler' driver.
DEBUG - 2026-04-26 00:46:09 --> Session: Class initialized using 'CodeIgniter\Session\Handlers\FileHandler' driver.
CRITICAL - 2026-04-26 00:46:24 --> ErrorException: Undefined variable $p
[Method: GET, Route: peminjaman]
in APPPATH\Controllers\peminjaman.php on line 36.
 1 APPPATH\Controllers\peminjaman.php(36): CodeIgniter\Debug\Exceptions->errorHandler(2, 'Undefined variable $p', 'C:\\xampp\\htdocs\\perpus\\app\\Controllers\\peminjaman.php', 36)
 2 SYSTEMPATH\CodeIgniter.php(933): App\Controllers\Peminjaman->index()
 3 SYSTEMPATH\CodeIgniter.php(507): CodeIgniter\CodeIgniter->runController(Object(App\Controllers\Peminjaman))
 4 SYSTEMPATH\CodeIgniter.php(354): CodeIgniter\CodeIgniter->handleRequest(null, Object(Config\Cache), false)
 5 SYSTEMPATH\Boot.php(363): CodeIgniter\CodeIgniter->run()
 6 SYSTEMPATH\Boot.php(68): CodeIgniter\Boot::runCodeIgniter(Object(CodeIgniter\CodeIgniter))
 7 FCPATH\index.php(59): CodeIgniter\Boot::bootWeb(Object(Config\Paths))
DEBUG - 2026-04-26 00:46:37 --> Session: Class initialized using 'CodeIgniter\Session\Handlers\FileHandler' driver.
ERROR - 2026-04-26 00:46:44 --> mysqli_sql_exception: Column 'id_petugas' cannot be null in C:\xampp\htdocs\perpus\system\Database\MySQLi\Connection.php:327
Stack trace:
#0 C:\xampp\htdocs\perpus\system\Database\MySQLi\Connection.php(327): mysqli->query('INSERT INTO `pe...', 0)
#1 C:\xampp\htdocs\perpus\system\Database\BaseConnection.php(729): CodeIgniter\Database\MySQLi\Connection->execute('INSERT INTO `pe...')
#2 C:\xampp\htdocs\perpus\system\Database\BaseConnection.php(646): CodeIgniter\Database\BaseConnection->simpleQuery('INSERT INTO `pe...')
#3 C:\xampp\htdocs\perpus\system\Database\BaseBuilder.php(2345): CodeIgniter\Database\BaseConnection->query('INSERT INTO `pe...', Array, false)
#4 C:\xampp\htdocs\perpus\app\Controllers\peminjaman.php(121): CodeIgniter\Database\BaseBuilder->insert(Array)
#5 C:\xampp\htdocs\perpus\system\CodeIgniter.php(933): App\Controllers\Peminjaman->store()
#6 C:\xampp\htdocs\perpus\system\CodeIgniter.php(507): CodeIgniter\CodeIgniter->runController(Object(App\Controllers\Peminjaman))
#7 C:\xampp\htdocs\perpus\system\CodeIgniter.php(354): CodeIgniter\CodeIgniter->handleRequest(NULL, Object(Config\Cache), false)
#8 C:\xampp\htdocs\perpus\system\Boot.php(363): CodeIgniter\CodeIgniter->run()
#9 C:\xampp\htdocs\perpus\system\Boot.php(68): CodeIgniter\Boot::runCodeIgniter(Object(CodeIgniter\CodeIgniter))
#10 C:\xampp\htdocs\perpus\index.php(59): CodeIgniter\Boot::bootWeb(Object(Config\Paths))
#11 {main}
CRITICAL - 2026-04-26 00:46:44 --> CodeIgniter\Database\Exceptions\DatabaseException: Column 'id_petugas' cannot be null
[Method: POST, Route: peminjaman/store]
in SYSTEMPATH\Database\BaseConnection.php on line 684.
 1 SYSTEMPATH\Database\BaseBuilder.php(2345): CodeIgniter\Database\BaseConnection->query('INSERT INTO `peminjaman` (`id_anggota`, `id_petugas`, `tanggal_pinjam`, `tanggal_kembali`, `status`) VALUES (:id_anggota:, :id_petugas:, :tanggal_pinjam:, :tanggal_kembali:, :status:)', [...], false)
 2 APPPATH\Controllers\peminjaman.php(121): CodeIgniter\Database\BaseBuilder->insert([...])
 3 SYSTEMPATH\CodeIgniter.php(933): App\Controllers\Peminjaman->store()
 4 SYSTEMPATH\CodeIgniter.php(507): CodeIgniter\CodeIgniter->runController(Object(App\Controllers\Peminjaman))
 5 SYSTEMPATH\CodeIgniter.php(354): CodeIgniter\CodeIgniter->handleRequest(null, Object(Config\Cache), false)
 6 SYSTEMPATH\Boot.php(363): CodeIgniter\CodeIgniter->run()
 7 SYSTEMPATH\Boot.php(68): CodeIgniter\Boot::runCodeIgniter(Object(CodeIgniter\CodeIgniter))
 8 FCPATH\index.php(59): CodeIgniter\Boot::bootWeb(Object(Config\Paths))
CRITICAL - 2026-04-26 00:46:44 --> [Caused by] CodeIgniter\Database\Exceptions\DatabaseException: Column 'id_petugas' cannot be null
in SYSTEMPATH\Database\MySQLi\Connection.php on line 332.
 1 SYSTEMPATH\Database\BaseConnection.php(729): CodeIgniter\Database\MySQLi\Connection->execute('INSERT INTO `peminjaman` (`id_anggota`, `id_petugas`, `tanggal_pinjam`, `tanggal_kembali`, `status`) VALUES (\'13\', NULL, \'2026-04-11\', \'2026-04-18\', \'dipinjam\')')
 2 SYSTEMPATH\Database\BaseConnection.php(646): CodeIgniter\Database\BaseConnection->simpleQuery('INSERT INTO `peminjaman` (`id_anggota`, `id_petugas`, `tanggal_pinjam`, `tanggal_kembali`, `status`) VALUES (\'13\', NULL, \'2026-04-11\', \'2026-04-18\', \'dipinjam\')')
 3 SYSTEMPATH\Database\BaseBuilder.php(2345): CodeIgniter\Database\BaseConnection->query('INSERT INTO `peminjaman` (`id_anggota`, `id_petugas`, `tanggal_pinjam`, `tanggal_kembali`, `status`) VALUES (:id_anggota:, :id_petugas:, :tanggal_pinjam:, :tanggal_kembali:, :status:)', [...], false)
 4 APPPATH\Controllers\peminjaman.php(121): CodeIgniter\Database\BaseBuilder->insert([...])
 5 SYSTEMPATH\CodeIgniter.php(933): App\Controllers\Peminjaman->store()
 6 SYSTEMPATH\CodeIgniter.php(507): CodeIgniter\CodeIgniter->runController(Object(App\Controllers\Peminjaman))
 7 SYSTEMPATH\CodeIgniter.php(354): CodeIgniter\CodeIgniter->handleRequest(null, Object(Config\Cache), false)
 8 SYSTEMPATH\Boot.php(363): CodeIgniter\CodeIgniter->run()
 9 SYSTEMPATH\Boot.php(68): CodeIgniter\Boot::runCodeIgniter(Object(CodeIgniter\CodeIgniter))
10 FCPATH\index.php(59): CodeIgniter\Boot::bootWeb(Object(Config\Paths))
CRITICAL - 2026-04-26 00:46:44 --> [Caused by] mysqli_sql_exception: Column 'id_petugas' cannot be null
in SYSTEMPATH\Database\MySQLi\Connection.php on line 327.
 1 SYSTEMPATH\Database\MySQLi\Connection.php(327): mysqli->query('INSERT INTO `peminjaman` (`id_anggota`, `id_petugas`, `tanggal_pinjam`, `tanggal_kembali`, `status`) VALUES (\'13\', NULL, \'2026-04-11\', \'2026-04-18\', \'dipinjam\')', 0)
 2 SYSTEMPATH\Database\BaseConnection.php(729): CodeIgniter\Database\MySQLi\Connection->execute('INSERT INTO `peminjaman` (`id_anggota`, `id_petugas`, `tanggal_pinjam`, `tanggal_kembali`, `status`) VALUES (\'13\', NULL, \'2026-04-11\', \'2026-04-18\', \'dipinjam\')')
 3 SYSTEMPATH\Database\BaseConnection.php(646): CodeIgniter\Database\BaseConnection->simpleQuery('INSERT INTO `peminjaman` (`id_anggota`, `id_petugas`, `tanggal_pinjam`, `tanggal_kembali`, `status`) VALUES (\'13\', NULL, \'2026-04-11\', \'2026-04-18\', \'dipinjam\')')
 4 SYSTEMPATH\Database\BaseBuilder.php(2345): CodeIgniter\Database\BaseConnection->query('INSERT INTO `peminjaman` (`id_anggota`, `id_petugas`, `tanggal_pinjam`, `tanggal_kembali`, `status`) VALUES (:id_anggota:, :id_petugas:, :tanggal_pinjam:, :tanggal_kembali:, :status:)', [...], false)
 5 APPPATH\Controllers\peminjaman.php(121): CodeIgniter\Database\BaseBuilder->insert([...])
 6 SYSTEMPATH\CodeIgniter.php(933): App\Controllers\Peminjaman->store()
 7 SYSTEMPATH\CodeIgniter.php(507): CodeIgniter\CodeIgniter->runController(Object(App\Controllers\Peminjaman))
 8 SYSTEMPATH\CodeIgniter.php(354): CodeIgniter\CodeIgniter->handleRequest(null, Object(Config\Cache), false)
 9 SYSTEMPATH\Boot.php(363): CodeIgniter\CodeIgniter->run()
10 SYSTEMPATH\Boot.php(68): CodeIgniter\Boot::runCodeIgniter(Object(CodeIgniter\CodeIgniter))
11 FCPATH\index.php(59): CodeIgniter\Boot::bootWeb(Object(Config\Paths))
ERROR - 2026-04-26 00:48:56 --> mysqli_sql_exception: Column 'id_petugas' cannot be null in C:\xampp\htdocs\perpus\system\Database\MySQLi\Connection.php:327
Stack trace:
#0 C:\xampp\htdocs\perpus\system\Database\MySQLi\Connection.php(327): mysqli->query('INSERT INTO `pe...', 0)
#1 C:\xampp\htdocs\perpus\system\Database\BaseConnection.php(729): CodeIgniter\Database\MySQLi\Connection->execute('INSERT INTO `pe...')
#2 C:\xampp\htdocs\perpus\system\Database\BaseConnection.php(646): CodeIgniter\Database\BaseConnection->simpleQuery('INSERT INTO `pe...')
#3 C:\xampp\htdocs\perpus\system\Database\BaseBuilder.php(2345): CodeIgniter\Database\BaseConnection->query('INSERT INTO `pe...', Array, false)
#4 C:\xampp\htdocs\perpus\app\Controllers\peminjaman.php(121): CodeIgniter\Database\BaseBuilder->insert(Array)
#5 C:\xampp\htdocs\perpus\system\CodeIgniter.php(933): App\Controllers\Peminjaman->store()
#6 C:\xampp\htdocs\perpus\system\CodeIgniter.php(507): CodeIgniter\CodeIgniter->runController(Object(App\Controllers\Peminjaman))
#7 C:\xampp\htdocs\perpus\system\CodeIgniter.php(354): CodeIgniter\CodeIgniter->handleRequest(NULL, Object(Config\Cache), false)
#8 C:\xampp\htdocs\perpus\system\Boot.php(363): CodeIgniter\CodeIgniter->run()
#9 C:\xampp\htdocs\perpus\system\Boot.php(68): CodeIgniter\Boot::runCodeIgniter(Object(CodeIgniter\CodeIgniter))
#10 C:\xampp\htdocs\perpus\index.php(59): CodeIgniter\Boot::bootWeb(Object(Config\Paths))
#11 {main}
CRITICAL - 2026-04-26 00:48:56 --> CodeIgniter\Database\Exceptions\DatabaseException: Column 'id_petugas' cannot be null
[Method: POST, Route: peminjaman/store]
in SYSTEMPATH\Database\BaseConnection.php on line 684.
 1 SYSTEMPATH\Database\BaseBuilder.php(2345): CodeIgniter\Database\BaseConnection->query('INSERT INTO `peminjaman` (`id_anggota`, `id_petugas`, `tanggal_pinjam`, `tanggal_kembali`, `status`) VALUES (:id_anggota:, :id_petugas:, :tanggal_pinjam:, :tanggal_kembali:, :status:)', [...], false)
 2 APPPATH\Controllers\peminjaman.php(121): CodeIgniter\Database\BaseBuilder->insert([...])
 3 SYSTEMPATH\CodeIgniter.php(933): App\Controllers\Peminjaman->store()
 4 SYSTEMPATH\CodeIgniter.php(507): CodeIgniter\CodeIgniter->runController(Object(App\Controllers\Peminjaman))
 5 SYSTEMPATH\CodeIgniter.php(354): CodeIgniter\CodeIgniter->handleRequest(null, Object(Config\Cache), false)
 6 SYSTEMPATH\Boot.php(363): CodeIgniter\CodeIgniter->run()
 7 SYSTEMPATH\Boot.php(68): CodeIgniter\Boot::runCodeIgniter(Object(CodeIgniter\CodeIgniter))
 8 FCPATH\index.php(59): CodeIgniter\Boot::bootWeb(Object(Config\Paths))
CRITICAL - 2026-04-26 00:48:56 --> [Caused by] CodeIgniter\Database\Exceptions\DatabaseException: Column 'id_petugas' cannot be null
in SYSTEMPATH\Database\MySQLi\Connection.php on line 332.
 1 SYSTEMPATH\Database\BaseConnection.php(729): CodeIgniter\Database\MySQLi\Connection->execute('INSERT INTO `peminjaman` (`id_anggota`, `id_petugas`, `tanggal_pinjam`, `tanggal_kembali`, `status`) VALUES (\'13\', NULL, \'2026-04-11\', \'2026-04-18\', \'dipinjam\')')
 2 SYSTEMPATH\Database\BaseConnection.php(646): CodeIgniter\Database\BaseConnection->simpleQuery('INSERT INTO `peminjaman` (`id_anggota`, `id_petugas`, `tanggal_pinjam`, `tanggal_kembali`, `status`) VALUES (\'13\', NULL, \'2026-04-11\', \'2026-04-18\', \'dipinjam\')')
 3 SYSTEMPATH\Database\BaseBuilder.php(2345): CodeIgniter\Database\BaseConnection->query('INSERT INTO `peminjaman` (`id_anggota`, `id_petugas`, `tanggal_pinjam`, `tanggal_kembali`, `status`) VALUES (:id_anggota:, :id_petugas:, :tanggal_pinjam:, :tanggal_kembali:, :status:)', [...], false)
 4 APPPATH\Controllers\peminjaman.php(121): CodeIgniter\Database\BaseBuilder->insert([...])
 5 SYSTEMPATH\CodeIgniter.php(933): App\Controllers\Peminjaman->store()
 6 SYSTEMPATH\CodeIgniter.php(507): CodeIgniter\CodeIgniter->runController(Object(App\Controllers\Peminjaman))
 7 SYSTEMPATH\CodeIgniter.php(354): CodeIgniter\CodeIgniter->handleRequest(null, Object(Config\Cache), false)
 8 SYSTEMPATH\Boot.php(363): CodeIgniter\CodeIgniter->run()
 9 SYSTEMPATH\Boot.php(68): CodeIgniter\Boot::runCodeIgniter(Object(CodeIgniter\CodeIgniter))
10 FCPATH\index.php(59): CodeIgniter\Boot::bootWeb(Object(Config\Paths))
CRITICAL - 2026-04-26 00:48:56 --> [Caused by] mysqli_sql_exception: Column 'id_petugas' cannot be null
in SYSTEMPATH\Database\MySQLi\Connection.php on line 327.
 1 SYSTEMPATH\Database\MySQLi\Connection.php(327): mysqli->query('INSERT INTO `peminjaman` (`id_anggota`, `id_petugas`, `tanggal_pinjam`, `tanggal_kembali`, `status`) VALUES (\'13\', NULL, \'2026-04-11\', \'2026-04-18\', \'dipinjam\')', 0)
 2 SYSTEMPATH\Database\BaseConnection.php(729): CodeIgniter\Database\MySQLi\Connection->execute('INSERT INTO `peminjaman` (`id_anggota`, `id_petugas`, `tanggal_pinjam`, `tanggal_kembali`, `status`) VALUES (\'13\', NULL, \'2026-04-11\', \'2026-04-18\', \'dipinjam\')')
 3 SYSTEMPATH\Database\BaseConnection.php(646): CodeIgniter\Database\BaseConnection->simpleQuery('INSERT INTO `peminjaman` (`id_anggota`, `id_petugas`, `tanggal_pinjam`, `tanggal_kembali`, `status`) VALUES (\'13\', NULL, \'2026-04-11\', \'2026-04-18\', \'dipinjam\')')
 4 SYSTEMPATH\Database\BaseBuilder.php(2345): CodeIgniter\Database\BaseConnection->query('INSERT INTO `peminjaman` (`id_anggota`, `id_petugas`, `tanggal_pinjam`, `tanggal_kembali`, `status`) VALUES (:id_anggota:, :id_petugas:, :tanggal_pinjam:, :tanggal_kembali:, :status:)', [...], false)
 5 APPPATH\Controllers\peminjaman.php(121): CodeIgniter\Database\BaseBuilder->insert([...])
 6 SYSTEMPATH\CodeIgniter.php(933): App\Controllers\Peminjaman->store()
 7 SYSTEMPATH\CodeIgniter.php(507): CodeIgniter\CodeIgniter->runController(Object(App\Controllers\Peminjaman))
 8 SYSTEMPATH\CodeIgniter.php(354): CodeIgniter\CodeIgniter->handleRequest(null, Object(Config\Cache), false)
 9 SYSTEMPATH\Boot.php(363): CodeIgniter\CodeIgniter->run()
10 SYSTEMPATH\Boot.php(68): CodeIgniter\Boot::runCodeIgniter(Object(CodeIgniter\CodeIgniter))
11 FCPATH\index.php(59): CodeIgniter\Boot::bootWeb(Object(Config\Paths))
ERROR - 2026-04-26 00:49:37 --> mysqli_sql_exception: Column 'id_petugas' cannot be null in C:\xampp\htdocs\perpus\system\Database\MySQLi\Connection.php:327
Stack trace:
#0 C:\xampp\htdocs\perpus\system\Database\MySQLi\Connection.php(327): mysqli->query('INSERT INTO `pe...', 0)
#1 C:\xampp\htdocs\perpus\system\Database\BaseConnection.php(729): CodeIgniter\Database\MySQLi\Connection->execute('INSERT INTO `pe...')
#2 C:\xampp\htdocs\perpus\system\Database\BaseConnection.php(646): CodeIgniter\Database\BaseConnection->simpleQuery('INSERT INTO `pe...')
#3 C:\xampp\htdocs\perpus\system\Database\BaseBuilder.php(2345): CodeIgniter\Database\BaseConnection->query('INSERT INTO `pe...', Array, false)
#4 C:\xampp\htdocs\perpus\app\Controllers\peminjaman.php(121): CodeIgniter\Database\BaseBuilder->insert(Array)
#5 C:\xampp\htdocs\perpus\system\CodeIgniter.php(933): App\Controllers\Peminjaman->store()
#6 C:\xampp\htdocs\perpus\system\CodeIgniter.php(507): CodeIgniter\CodeIgniter->runController(Object(App\Controllers\Peminjaman))
#7 C:\xampp\htdocs\perpus\system\CodeIgniter.php(354): CodeIgniter\CodeIgniter->handleRequest(NULL, Object(Config\Cache), false)
#8 C:\xampp\htdocs\perpus\system\Boot.php(363): CodeIgniter\CodeIgniter->run()
#9 C:\xampp\htdocs\perpus\system\Boot.php(68): CodeIgniter\Boot::runCodeIgniter(Object(CodeIgniter\CodeIgniter))
#10 C:\xampp\htdocs\perpus\index.php(59): CodeIgniter\Boot::bootWeb(Object(Config\Paths))
#11 {main}
CRITICAL - 2026-04-26 00:49:37 --> CodeIgniter\Database\Exceptions\DatabaseException: Column 'id_petugas' cannot be null
[Method: POST, Route: peminjaman/store]
in SYSTEMPATH\Database\BaseConnection.php on line 684.
 1 SYSTEMPATH\Database\BaseBuilder.php(2345): CodeIgniter\Database\BaseConnection->query('INSERT INTO `peminjaman` (`id_anggota`, `id_petugas`, `tanggal_pinjam`, `tanggal_kembali`, `status`) VALUES (:id_anggota:, :id_petugas:, :tanggal_pinjam:, :tanggal_kembali:, :status:)', [...], false)
 2 APPPATH\Controllers\peminjaman.php(121): CodeIgniter\Database\BaseBuilder->insert([...])
 3 SYSTEMPATH\CodeIgniter.php(933): App\Controllers\Peminjaman->store()
 4 SYSTEMPATH\CodeIgniter.php(507): CodeIgniter\CodeIgniter->runController(Object(App\Controllers\Peminjaman))
 5 SYSTEMPATH\CodeIgniter.php(354): CodeIgniter\CodeIgniter->handleRequest(null, Object(Config\Cache), false)
 6 SYSTEMPATH\Boot.php(363): CodeIgniter\CodeIgniter->run()
 7 SYSTEMPATH\Boot.php(68): CodeIgniter\Boot::runCodeIgniter(Object(CodeIgniter\CodeIgniter))
 8 FCPATH\index.php(59): CodeIgniter\Boot::bootWeb(Object(Config\Paths))
CRITICAL - 2026-04-26 00:49:37 --> [Caused by] CodeIgniter\Database\Exceptions\DatabaseException: Column 'id_petugas' cannot be null
in SYSTEMPATH\Database\MySQLi\Connection.php on line 332.
 1 SYSTEMPATH\Database\BaseConnection.php(729): CodeIgniter\Database\MySQLi\Connection->execute('INSERT INTO `peminjaman` (`id_anggota`, `id_petugas`, `tanggal_pinjam`, `tanggal_kembali`, `status`) VALUES (\'13\', NULL, \'2026-04-11\', \'2026-04-18\', \'dipinjam\')')
 2 SYSTEMPATH\Database\BaseConnection.php(646): CodeIgniter\Database\BaseConnection->simpleQuery('INSERT INTO `peminjaman` (`id_anggota`, `id_petugas`, `tanggal_pinjam`, `tanggal_kembali`, `status`) VALUES (\'13\', NULL, \'2026-04-11\', \'2026-04-18\', \'dipinjam\')')
 3 SYSTEMPATH\Database\BaseBuilder.php(2345): CodeIgniter\Database\BaseConnection->query('INSERT INTO `peminjaman` (`id_anggota`, `id_petugas`, `tanggal_pinjam`, `tanggal_kembali`, `status`) VALUES (:id_anggota:, :id_petugas:, :tanggal_pinjam:, :tanggal_kembali:, :status:)', [...], false)
 4 APPPATH\Controllers\peminjaman.php(121): CodeIgniter\Database\BaseBuilder->insert([...])
 5 SYSTEMPATH\CodeIgniter.php(933): App\Controllers\Peminjaman->store()
 6 SYSTEMPATH\CodeIgniter.php(507): CodeIgniter\CodeIgniter->runController(Object(App\Controllers\Peminjaman))
 7 SYSTEMPATH\CodeIgniter.php(354): CodeIgniter\CodeIgniter->handleRequest(null, Object(Config\Cache), false)
 8 SYSTEMPATH\Boot.php(363): CodeIgniter\CodeIgniter->run()
 9 SYSTEMPATH\Boot.php(68): CodeIgniter\Boot::runCodeIgniter(Object(CodeIgniter\CodeIgniter))
10 FCPATH\index.php(59): CodeIgniter\Boot::bootWeb(Object(Config\Paths))
CRITICAL - 2026-04-26 00:49:37 --> [Caused by] mysqli_sql_exception: Column 'id_petugas' cannot be null
in SYSTEMPATH\Database\MySQLi\Connection.php on line 327.
 1 SYSTEMPATH\Database\MySQLi\Connection.php(327): mysqli->query('INSERT INTO `peminjaman` (`id_anggota`, `id_petugas`, `tanggal_pinjam`, `tanggal_kembali`, `status`) VALUES (\'13\', NULL, \'2026-04-11\', \'2026-04-18\', \'dipinjam\')', 0)
 2 SYSTEMPATH\Database\BaseConnection.php(729): CodeIgniter\Database\MySQLi\Connection->execute('INSERT INTO `peminjaman` (`id_anggota`, `id_petugas`, `tanggal_pinjam`, `tanggal_kembali`, `status`) VALUES (\'13\', NULL, \'2026-04-11\', \'2026-04-18\', \'dipinjam\')')
 3 SYSTEMPATH\Database\BaseConnection.php(646): CodeIgniter\Database\BaseConnection->simpleQuery('INSERT INTO `peminjaman` (`id_anggota`, `id_petugas`, `tanggal_pinjam`, `tanggal_kembali`, `status`) VALUES (\'13\', NULL, \'2026-04-11\', \'2026-04-18\', \'dipinjam\')')
 4 SYSTEMPATH\Database\BaseBuilder.php(2345): CodeIgniter\Database\BaseConnection->query('INSERT INTO `peminjaman` (`id_anggota`, `id_petugas`, `tanggal_pinjam`, `tanggal_kembali`, `status`) VALUES (:id_anggota:, :id_petugas:, :tanggal_pinjam:, :tanggal_kembali:, :status:)', [...], false)
 5 APPPATH\Controllers\peminjaman.php(121): CodeIgniter\Database\BaseBuilder->insert([...])
 6 SYSTEMPATH\CodeIgniter.php(933): App\Controllers\Peminjaman->store()
 7 SYSTEMPATH\CodeIgniter.php(507): CodeIgniter\CodeIgniter->runController(Object(App\Controllers\Peminjaman))
 8 SYSTEMPATH\CodeIgniter.php(354): CodeIgniter\CodeIgniter->handleRequest(null, Object(Config\Cache), false)
 9 SYSTEMPATH\Boot.php(363): CodeIgniter\CodeIgniter->run()
10 SYSTEMPATH\Boot.php(68): CodeIgniter\Boot::runCodeIgniter(Object(CodeIgniter\CodeIgniter))
11 FCPATH\index.php(59): CodeIgniter\Boot::bootWeb(Object(Config\Paths))
DEBUG - 2026-04-26 00:53:09 --> Session: Class initialized using 'CodeIgniter\Session\Handlers\FileHandler' driver.
CRITICAL - 2026-04-26 00:53:09 --> ErrorException: Undefined variable $p
[Method: GET, Route: peminjaman]
in APPPATH\Controllers\peminjaman.php on line 36.
 1 APPPATH\Controllers\peminjaman.php(36): CodeIgniter\Debug\Exceptions->errorHandler(2, 'Undefined variable $p', 'C:\\xampp\\htdocs\\perpus\\app\\Controllers\\peminjaman.php', 36)
 2 SYSTEMPATH\CodeIgniter.php(933): App\Controllers\Peminjaman->index()
 3 SYSTEMPATH\CodeIgniter.php(507): CodeIgniter\CodeIgniter->runController(Object(App\Controllers\Peminjaman))
 4 SYSTEMPATH\CodeIgniter.php(354): CodeIgniter\CodeIgniter->handleRequest(null, Object(Config\Cache), false)
 5 SYSTEMPATH\Boot.php(363): CodeIgniter\CodeIgniter->run()
 6 SYSTEMPATH\Boot.php(68): CodeIgniter\Boot::runCodeIgniter(Object(CodeIgniter\CodeIgniter))
 7 FCPATH\index.php(59): CodeIgniter\Boot::bootWeb(Object(Config\Paths))
CRITICAL - 2026-04-26 00:54:43 --> ParseError: syntax error, unexpected token "public"
[Method: GET, Route: peminjaman]
in APPPATH\Controllers\peminjaman.php on line 95.
 1 SYSTEMPATH\Autoloader\Autoloader.php(295): CodeIgniter\Autoloader\Autoloader->includeFile('C:\\xampp\\htdocs\\perpus\\app\\Controllers\\Peminjaman.php')
 2 SYSTEMPATH\Autoloader\Autoloader.php(271): CodeIgniter\Autoloader\Autoloader->loadInNamespace('App\\Controllers\\Peminjaman')
 3 [internal function]: CodeIgniter\Autoloader\Autoloader->loadClass('App\\Controllers\\Peminjaman')
 4 SYSTEMPATH\CodeIgniter.php(885): class_exists('\\App\\Controllers\\Peminjaman', true)
 5 SYSTEMPATH\CodeIgniter.php(494): CodeIgniter\CodeIgniter->startController()
 6 SYSTEMPATH\CodeIgniter.php(354): CodeIgniter\CodeIgniter->handleRequest(null, Object(Config\Cache), false)
 7 SYSTEMPATH\Boot.php(363): CodeIgniter\CodeIgniter->run()
 8 SYSTEMPATH\Boot.php(68): CodeIgniter\Boot::runCodeIgniter(Object(CodeIgniter\CodeIgniter))
 9 FCPATH\index.php(59): CodeIgniter\Boot::bootWeb(Object(Config\Paths))
DEBUG - 2026-04-26 00:55:28 --> Session: Class initialized using 'CodeIgniter\Session\Handlers\FileHandler' driver.
DEBUG - 2026-04-26 00:55:52 --> Session: Class initialized using 'CodeIgniter\Session\Handlers\FileHandler' driver.
DEBUG - 2026-04-26 00:55:54 --> Session: Class initialized using 'CodeIgniter\Session\Handlers\FileHandler' driver.
DEBUG - 2026-04-26 00:55:58 --> Session: Class initialized using 'CodeIgniter\Session\Handlers\FileHandler' driver.
CRITICAL - 2026-04-26 00:57:02 --> ParseError: syntax error, unexpected variable "$tarif_denda", expecting "function" or "const"
[Method: GET, Route: peminjaman]
in APPPATH\Controllers\peminjaman.php on line 71.
 1 SYSTEMPATH\Autoloader\Autoloader.php(295): CodeIgniter\Autoloader\Autoloader->includeFile('C:\\xampp\\htdocs\\perpus\\app\\Controllers\\Peminjaman.php')
 2 SYSTEMPATH\Autoloader\Autoloader.php(271): CodeIgniter\Autoloader\Autoloader->loadInNamespace('App\\Controllers\\Peminjaman')
 3 [internal function]: CodeIgniter\Autoloader\Autoloader->loadClass('App\\Controllers\\Peminjaman')
 4 SYSTEMPATH\CodeIgniter.php(885): class_exists('\\App\\Controllers\\Peminjaman', true)
 5 SYSTEMPATH\CodeIgniter.php(494): CodeIgniter\CodeIgniter->startController()
 6 SYSTEMPATH\CodeIgniter.php(354): CodeIgniter\CodeIgniter->handleRequest(null, Object(Config\Cache), false)
 7 SYSTEMPATH\Boot.php(363): CodeIgniter\CodeIgniter->run()
 8 SYSTEMPATH\Boot.php(68): CodeIgniter\Boot::runCodeIgniter(Object(CodeIgniter\CodeIgniter))
 9 FCPATH\index.php(59): CodeIgniter\Boot::bootWeb(Object(Config\Paths))
CRITICAL - 2026-04-26 00:58:31 --> ParseError: syntax error, unexpected variable "$tarif_denda", expecting "function" or "const"
[Method: GET, Route: peminjaman]
in APPPATH\Controllers\peminjaman.php on line 71.
 1 SYSTEMPATH\Autoloader\Autoloader.php(295): CodeIgniter\Autoloader\Autoloader->includeFile('C:\\xampp\\htdocs\\perpus\\app\\Controllers\\Peminjaman.php')
 2 SYSTEMPATH\Autoloader\Autoloader.php(271): CodeIgniter\Autoloader\Autoloader->loadInNamespace('App\\Controllers\\Peminjaman')
 3 [internal function]: CodeIgniter\Autoloader\Autoloader->loadClass('App\\Controllers\\Peminjaman')
 4 SYSTEMPATH\CodeIgniter.php(885): class_exists('\\App\\Controllers\\Peminjaman', true)
 5 SYSTEMPATH\CodeIgniter.php(494): CodeIgniter\CodeIgniter->startController()
 6 SYSTEMPATH\CodeIgniter.php(354): CodeIgniter\CodeIgniter->handleRequest(null, Object(Config\Cache), false)
 7 SYSTEMPATH\Boot.php(363): CodeIgniter\CodeIgniter->run()
 8 SYSTEMPATH\Boot.php(68): CodeIgniter\Boot::runCodeIgniter(Object(CodeIgniter\CodeIgniter))
 9 FCPATH\index.php(59): CodeIgniter\Boot::bootWeb(Object(Config\Paths))
CRITICAL - 2026-04-26 01:01:52 --> ParseError: syntax error, unexpected variable "$tarif_denda", expecting "function" or "const"
[Method: GET, Route: peminjaman]
in APPPATH\Controllers\peminjaman.php on line 58.
 1 SYSTEMPATH\Autoloader\Autoloader.php(295): CodeIgniter\Autoloader\Autoloader->includeFile('C:\\xampp\\htdocs\\perpus\\app\\Controllers\\Peminjaman.php')
 2 SYSTEMPATH\Autoloader\Autoloader.php(271): CodeIgniter\Autoloader\Autoloader->loadInNamespace('App\\Controllers\\Peminjaman')
 3 [internal function]: CodeIgniter\Autoloader\Autoloader->loadClass('App\\Controllers\\Peminjaman')
 4 SYSTEMPATH\CodeIgniter.php(885): class_exists('\\App\\Controllers\\Peminjaman', true)
 5 SYSTEMPATH\CodeIgniter.php(494): CodeIgniter\CodeIgniter->startController()
 6 SYSTEMPATH\CodeIgniter.php(354): CodeIgniter\CodeIgniter->handleRequest(null, Object(Config\Cache), false)
 7 SYSTEMPATH\Boot.php(363): CodeIgniter\CodeIgniter->run()
 8 SYSTEMPATH\Boot.php(68): CodeIgniter\Boot::runCodeIgniter(Object(CodeIgniter\CodeIgniter))
 9 FCPATH\index.php(59): CodeIgniter\Boot::bootWeb(Object(Config\Paths))
CRITICAL - 2026-04-26 01:02:25 --> ParseError: syntax error, unexpected variable "$tarif_denda", expecting "function" or "const"
[Method: GET, Route: peminjaman]
in APPPATH\Controllers\peminjaman.php on line 64.
 1 SYSTEMPATH\Autoloader\Autoloader.php(295): CodeIgniter\Autoloader\Autoloader->includeFile('C:\\xampp\\htdocs\\perpus\\app\\Controllers\\Peminjaman.php')
 2 SYSTEMPATH\Autoloader\Autoloader.php(271): CodeIgniter\Autoloader\Autoloader->loadInNamespace('App\\Controllers\\Peminjaman')
 3 [internal function]: CodeIgniter\Autoloader\Autoloader->loadClass('App\\Controllers\\Peminjaman')
 4 SYSTEMPATH\CodeIgniter.php(885): class_exists('\\App\\Controllers\\Peminjaman', true)
 5 SYSTEMPATH\CodeIgniter.php(494): CodeIgniter\CodeIgniter->startController()
 6 SYSTEMPATH\CodeIgniter.php(354): CodeIgniter\CodeIgniter->handleRequest(null, Object(Config\Cache), false)
 7 SYSTEMPATH\Boot.php(363): CodeIgniter\CodeIgniter->run()
 8 SYSTEMPATH\Boot.php(68): CodeIgniter\Boot::runCodeIgniter(Object(CodeIgniter\CodeIgniter))
 9 FCPATH\index.php(59): CodeIgniter\Boot::bootWeb(Object(Config\Paths))
CRITICAL - 2026-04-26 01:02:26 --> ParseError: syntax error, unexpected variable "$tarif_denda", expecting "function" or "const"
[Method: GET, Route: peminjaman]
in APPPATH\Controllers\peminjaman.php on line 64.
 1 SYSTEMPATH\Autoloader\Autoloader.php(295): CodeIgniter\Autoloader\Autoloader->includeFile('C:\\xampp\\htdocs\\perpus\\app\\Controllers\\Peminjaman.php')
 2 SYSTEMPATH\Autoloader\Autoloader.php(271): CodeIgniter\Autoloader\Autoloader->loadInNamespace('App\\Controllers\\Peminjaman')
 3 [internal function]: CodeIgniter\Autoloader\Autoloader->loadClass('App\\Controllers\\Peminjaman')
 4 SYSTEMPATH\CodeIgniter.php(885): class_exists('\\App\\Controllers\\Peminjaman', true)
 5 SYSTEMPATH\CodeIgniter.php(494): CodeIgniter\CodeIgniter->startController()
 6 SYSTEMPATH\CodeIgniter.php(354): CodeIgniter\CodeIgniter->handleRequest(null, Object(Config\Cache), false)
 7 SYSTEMPATH\Boot.php(363): CodeIgniter\CodeIgniter->run()
 8 SYSTEMPATH\Boot.php(68): CodeIgniter\Boot::runCodeIgniter(Object(CodeIgniter\CodeIgniter))
 9 FCPATH\index.php(59): CodeIgniter\Boot::bootWeb(Object(Config\Paths))
CRITICAL - 2026-04-26 01:03:28 --> ParseError: syntax error, unexpected variable "$tarif_denda", expecting "function" or "const"
[Method: GET, Route: peminjaman]
in APPPATH\Controllers\peminjaman.php on line 64.
 1 SYSTEMPATH\Autoloader\Autoloader.php(295): CodeIgniter\Autoloader\Autoloader->includeFile('C:\\xampp\\htdocs\\perpus\\app\\Controllers\\Peminjaman.php')
 2 SYSTEMPATH\Autoloader\Autoloader.php(271): CodeIgniter\Autoloader\Autoloader->loadInNamespace('App\\Controllers\\Peminjaman')
 3 [internal function]: CodeIgniter\Autoloader\Autoloader->loadClass('App\\Controllers\\Peminjaman')
 4 SYSTEMPATH\CodeIgniter.php(885): class_exists('\\App\\Controllers\\Peminjaman', true)
 5 SYSTEMPATH\CodeIgniter.php(494): CodeIgniter\CodeIgniter->startController()
 6 SYSTEMPATH\CodeIgniter.php(354): CodeIgniter\CodeIgniter->handleRequest(null, Object(Config\Cache), false)
 7 SYSTEMPATH\Boot.php(363): CodeIgniter\CodeIgniter->run()
 8 SYSTEMPATH\Boot.php(68): CodeIgniter\Boot::runCodeIgniter(Object(CodeIgniter\CodeIgniter))
 9 FCPATH\index.php(59): CodeIgniter\Boot::bootWeb(Object(Config\Paths))
CRITICAL - 2026-04-26 01:03:29 --> ParseError: syntax error, unexpected variable "$tarif_denda", expecting "function" or "const"
[Method: GET, Route: peminjaman]
in APPPATH\Controllers\peminjaman.php on line 64.
 1 SYSTEMPATH\Autoloader\Autoloader.php(295): CodeIgniter\Autoloader\Autoloader->includeFile('C:\\xampp\\htdocs\\perpus\\app\\Controllers\\Peminjaman.php')
 2 SYSTEMPATH\Autoloader\Autoloader.php(271): CodeIgniter\Autoloader\Autoloader->loadInNamespace('App\\Controllers\\Peminjaman')
 3 [internal function]: CodeIgniter\Autoloader\Autoloader->loadClass('App\\Controllers\\Peminjaman')
 4 SYSTEMPATH\CodeIgniter.php(885): class_exists('\\App\\Controllers\\Peminjaman', true)
 5 SYSTEMPATH\CodeIgniter.php(494): CodeIgniter\CodeIgniter->startController()
 6 SYSTEMPATH\CodeIgniter.php(354): CodeIgniter\CodeIgniter->handleRequest(null, Object(Config\Cache), false)
 7 SYSTEMPATH\Boot.php(363): CodeIgniter\CodeIgniter->run()
 8 SYSTEMPATH\Boot.php(68): CodeIgniter\Boot::runCodeIgniter(Object(CodeIgniter\CodeIgniter))
 9 FCPATH\index.php(59): CodeIgniter\Boot::bootWeb(Object(Config\Paths))
CRITICAL - 2026-04-26 01:03:59 --> ParseError: syntax error, unexpected variable "$tarif_denda", expecting "function" or "const"
[Method: GET, Route: peminjaman]
in APPPATH\Controllers\peminjaman.php on line 64.
 1 SYSTEMPATH\Autoloader\Autoloader.php(295): CodeIgniter\Autoloader\Autoloader->includeFile('C:\\xampp\\htdocs\\perpus\\app\\Controllers\\Peminjaman.php')
 2 SYSTEMPATH\Autoloader\Autoloader.php(271): CodeIgniter\Autoloader\Autoloader->loadInNamespace('App\\Controllers\\Peminjaman')
 3 [internal function]: CodeIgniter\Autoloader\Autoloader->loadClass('App\\Controllers\\Peminjaman')
 4 SYSTEMPATH\CodeIgniter.php(885): class_exists('\\App\\Controllers\\Peminjaman', true)
 5 SYSTEMPATH\CodeIgniter.php(494): CodeIgniter\CodeIgniter->startController()
 6 SYSTEMPATH\CodeIgniter.php(354): CodeIgniter\CodeIgniter->handleRequest(null, Object(Config\Cache), false)
 7 SYSTEMPATH\Boot.php(363): CodeIgniter\CodeIgniter->run()
 8 SYSTEMPATH\Boot.php(68): CodeIgniter\Boot::runCodeIgniter(Object(CodeIgniter\CodeIgniter))
 9 FCPATH\index.php(59): CodeIgniter\Boot::bootWeb(Object(Config\Paths))
CRITICAL - 2026-04-26 01:03:59 --> ParseError: syntax error, unexpected variable "$tarif_denda", expecting "function" or "const"
[Method: GET, Route: peminjaman]
in APPPATH\Controllers\peminjaman.php on line 64.
 1 SYSTEMPATH\Autoloader\Autoloader.php(295): CodeIgniter\Autoloader\Autoloader->includeFile('C:\\xampp\\htdocs\\perpus\\app\\Controllers\\Peminjaman.php')
 2 SYSTEMPATH\Autoloader\Autoloader.php(271): CodeIgniter\Autoloader\Autoloader->loadInNamespace('App\\Controllers\\Peminjaman')
 3 [internal function]: CodeIgniter\Autoloader\Autoloader->loadClass('App\\Controllers\\Peminjaman')
 4 SYSTEMPATH\CodeIgniter.php(885): class_exists('\\App\\Controllers\\Peminjaman', true)
 5 SYSTEMPATH\CodeIgniter.php(494): CodeIgniter\CodeIgniter->startController()
 6 SYSTEMPATH\CodeIgniter.php(354): CodeIgniter\CodeIgniter->handleRequest(null, Object(Config\Cache), false)
 7 SYSTEMPATH\Boot.php(363): CodeIgniter\CodeIgniter->run()
 8 SYSTEMPATH\Boot.php(68): CodeIgniter\Boot::runCodeIgniter(Object(CodeIgniter\CodeIgniter))
 9 FCPATH\index.php(59): CodeIgniter\Boot::bootWeb(Object(Config\Paths))
CRITICAL - 2026-04-26 01:04:00 --> ParseError: syntax error, unexpected variable "$tarif_denda", expecting "function" or "const"
[Method: GET, Route: peminjaman]
in APPPATH\Controllers\peminjaman.php on line 64.
 1 SYSTEMPATH\Autoloader\Autoloader.php(295): CodeIgniter\Autoloader\Autoloader->includeFile('C:\\xampp\\htdocs\\perpus\\app\\Controllers\\Peminjaman.php')
 2 SYSTEMPATH\Autoloader\Autoloader.php(271): CodeIgniter\Autoloader\Autoloader->loadInNamespace('App\\Controllers\\Peminjaman')
 3 [internal function]: CodeIgniter\Autoloader\Autoloader->loadClass('App\\Controllers\\Peminjaman')
 4 SYSTEMPATH\CodeIgniter.php(885): class_exists('\\App\\Controllers\\Peminjaman', true)
 5 SYSTEMPATH\CodeIgniter.php(494): CodeIgniter\CodeIgniter->startController()
 6 SYSTEMPATH\CodeIgniter.php(354): CodeIgniter\CodeIgniter->handleRequest(null, Object(Config\Cache), false)
 7 SYSTEMPATH\Boot.php(363): CodeIgniter\CodeIgniter->run()
 8 SYSTEMPATH\Boot.php(68): CodeIgniter\Boot::runCodeIgniter(Object(CodeIgniter\CodeIgniter))
 9 FCPATH\index.php(59): CodeIgniter\Boot::bootWeb(Object(Config\Paths))
CRITICAL - 2026-04-26 01:04:01 --> ParseError: syntax error, unexpected variable "$tarif_denda", expecting "function" or "const"
[Method: GET, Route: peminjaman]
in APPPATH\Controllers\peminjaman.php on line 64.
 1 SYSTEMPATH\Autoloader\Autoloader.php(295): CodeIgniter\Autoloader\Autoloader->includeFile('C:\\xampp\\htdocs\\perpus\\app\\Controllers\\Peminjaman.php')
 2 SYSTEMPATH\Autoloader\Autoloader.php(271): CodeIgniter\Autoloader\Autoloader->loadInNamespace('App\\Controllers\\Peminjaman')
 3 [internal function]: CodeIgniter\Autoloader\Autoloader->loadClass('App\\Controllers\\Peminjaman')
 4 SYSTEMPATH\CodeIgniter.php(885): class_exists('\\App\\Controllers\\Peminjaman', true)
 5 SYSTEMPATH\CodeIgniter.php(494): CodeIgniter\CodeIgniter->startController()
 6 SYSTEMPATH\CodeIgniter.php(354): CodeIgniter\CodeIgniter->handleRequest(null, Object(Config\Cache), false)
 7 SYSTEMPATH\Boot.php(363): CodeIgniter\CodeIgniter->run()
 8 SYSTEMPATH\Boot.php(68): CodeIgniter\Boot::runCodeIgniter(Object(CodeIgniter\CodeIgniter))
 9 FCPATH\index.php(59): CodeIgniter\Boot::bootWeb(Object(Config\Paths))
CRITICAL - 2026-04-26 01:04:01 --> ParseError: syntax error, unexpected variable "$tarif_denda", expecting "function" or "const"
[Method: GET, Route: peminjaman/create]
in APPPATH\Controllers\peminjaman.php on line 64.
 1 SYSTEMPATH\Autoloader\Autoloader.php(295): CodeIgniter\Autoloader\Autoloader->includeFile('C:\\xampp\\htdocs\\perpus\\app\\Controllers\\Peminjaman.php')
 2 SYSTEMPATH\Autoloader\Autoloader.php(271): CodeIgniter\Autoloader\Autoloader->loadInNamespace('App\\Controllers\\Peminjaman')
 3 [internal function]: CodeIgniter\Autoloader\Autoloader->loadClass('App\\Controllers\\Peminjaman')
 4 SYSTEMPATH\CodeIgniter.php(885): class_exists('\\App\\Controllers\\Peminjaman', true)
 5 SYSTEMPATH\CodeIgniter.php(494): CodeIgniter\CodeIgniter->startController()
 6 SYSTEMPATH\CodeIgniter.php(354): CodeIgniter\CodeIgniter->handleRequest(null, Object(Config\Cache), false)
 7 SYSTEMPATH\Boot.php(363): CodeIgniter\CodeIgniter->run()
 8 SYSTEMPATH\Boot.php(68): CodeIgniter\Boot::runCodeIgniter(Object(CodeIgniter\CodeIgniter))
 9 FCPATH\index.php(59): CodeIgniter\Boot::bootWeb(Object(Config\Paths))
DEBUG - 2026-04-26 01:04:02 --> Session: Class initialized using 'CodeIgniter\Session\Handlers\FileHandler' driver.
CRITICAL - 2026-04-26 01:04:04 --> ParseError: syntax error, unexpected variable "$tarif_denda", expecting "function" or "const"
[Method: GET, Route: peminjaman]
in APPPATH\Controllers\peminjaman.php on line 64.
 1 SYSTEMPATH\Autoloader\Autoloader.php(295): CodeIgniter\Autoloader\Autoloader->includeFile('C:\\xampp\\htdocs\\perpus\\app\\Controllers\\Peminjaman.php')
 2 SYSTEMPATH\Autoloader\Autoloader.php(271): CodeIgniter\Autoloader\Autoloader->loadInNamespace('App\\Controllers\\Peminjaman')
 3 [internal function]: CodeIgniter\Autoloader\Autoloader->loadClass('App\\Controllers\\Peminjaman')
 4 SYSTEMPATH\CodeIgniter.php(885): class_exists('\\App\\Controllers\\Peminjaman', true)
 5 SYSTEMPATH\CodeIgniter.php(494): CodeIgniter\CodeIgniter->startController()
 6 SYSTEMPATH\CodeIgniter.php(354): CodeIgniter\CodeIgniter->handleRequest(null, Object(Config\Cache), false)
 7 SYSTEMPATH\Boot.php(363): CodeIgniter\CodeIgniter->run()
 8 SYSTEMPATH\Boot.php(68): CodeIgniter\Boot::runCodeIgniter(Object(CodeIgniter\CodeIgniter))
 9 FCPATH\index.php(59): CodeIgniter\Boot::bootWeb(Object(Config\Paths))
CRITICAL - 2026-04-26 01:04:58 --> ParseError: syntax error, unexpected variable "$tarif_denda", expecting "function" or "const"
[Method: GET, Route: peminjaman]
in APPPATH\Controllers\peminjaman.php on line 63.
 1 SYSTEMPATH\Autoloader\Autoloader.php(295): CodeIgniter\Autoloader\Autoloader->includeFile('C:\\xampp\\htdocs\\perpus\\app\\Controllers\\Peminjaman.php')
 2 SYSTEMPATH\Autoloader\Autoloader.php(271): CodeIgniter\Autoloader\Autoloader->loadInNamespace('App\\Controllers\\Peminjaman')
 3 [internal function]: CodeIgniter\Autoloader\Autoloader->loadClass('App\\Controllers\\Peminjaman')
 4 SYSTEMPATH\CodeIgniter.php(885): class_exists('\\App\\Controllers\\Peminjaman', true)
 5 SYSTEMPATH\CodeIgniter.php(494): CodeIgniter\CodeIgniter->startController()
 6 SYSTEMPATH\CodeIgniter.php(354): CodeIgniter\CodeIgniter->handleRequest(null, Object(Config\Cache), false)
 7 SYSTEMPATH\Boot.php(363): CodeIgniter\CodeIgniter->run()
 8 SYSTEMPATH\Boot.php(68): CodeIgniter\Boot::runCodeIgniter(Object(CodeIgniter\CodeIgniter))
 9 FCPATH\index.php(59): CodeIgniter\Boot::bootWeb(Object(Config\Paths))
DEBUG - 2026-04-26 01:05:41 --> Session: Class initialized using 'CodeIgniter\Session\Handlers\FileHandler' driver.
DEBUG - 2026-04-26 01:05:49 --> Session: Class initialized using 'CodeIgniter\Session\Handlers\FileHandler' driver.
DEBUG - 2026-04-26 01:05:56 --> Session: Class initialized using 'CodeIgniter\Session\Handlers\FileHandler' driver.
DEBUG - 2026-04-26 01:05:57 --> Session: Class initialized using 'CodeIgniter\Session\Handlers\FileHandler' driver.
DEBUG - 2026-04-26 01:06:05 --> Session: Class initialized using 'CodeIgniter\Session\Handlers\FileHandler' driver.
DEBUG - 2026-04-26 01:06:08 --> Session: Class initialized using 'CodeIgniter\Session\Handlers\FileHandler' driver.
DEBUG - 2026-04-26 01:06:21 --> Session: Class initialized using 'CodeIgniter\Session\Handlers\FileHandler' driver.
DEBUG - 2026-04-26 01:06:22 --> Session: Class initialized using 'CodeIgniter\Session\Handlers\FileHandler' driver.
DEBUG - 2026-04-26 01:10:53 --> Session: Class initialized using 'CodeIgniter\Session\Handlers\FileHandler' driver.
DEBUG - 2026-04-26 01:11:58 --> Session: Class initialized using 'CodeIgniter\Session\Handlers\FileHandler' driver.
DEBUG - 2026-04-26 01:12:13 --> Session: Class initialized using 'CodeIgniter\Session\Handlers\FileHandler' driver.
DEBUG - 2026-04-26 01:12:26 --> Session: Class initialized using 'CodeIgniter\Session\Handlers\FileHandler' driver.
DEBUG - 2026-04-26 01:12:27 --> Session: Class initialized using 'CodeIgniter\Session\Handlers\FileHandler' driver.
DEBUG - 2026-04-26 01:12:30 --> Session: Class initialized using 'CodeIgniter\Session\Handlers\FileHandler' driver.
DEBUG - 2026-04-26 01:15:17 --> Session: Class initialized using 'CodeIgniter\Session\Handlers\FileHandler' driver.
DEBUG - 2026-04-26 01:18:12 --> Session: Class initialized using 'CodeIgniter\Session\Handlers\FileHandler' driver.
DEBUG - 2026-04-26 01:18:36 --> Session: Class initialized using 'CodeIgniter\Session\Handlers\FileHandler' driver.
DEBUG - 2026-04-26 01:18:41 --> Session: Class initialized using 'CodeIgniter\Session\Handlers\FileHandler' driver.
DEBUG - 2026-04-26 01:18:48 --> Session: Class initialized using 'CodeIgniter\Session\Handlers\FileHandler' driver.
CRITICAL - 2026-04-26 01:21:07 --> ErrorException: Undefined array key "id"
[Method: GET, Route: pengembalian]
in APPPATH\Views\pengembalian\index.php on line 70.
 1 APPPATH\Views\pengembalian\index.php(70): CodeIgniter\Debug\Exceptions->errorHandler(2, 'Undefined array key "id"', 'C:\\xampp\\htdocs\\perpus\\app\\Views\\pengembalian\\index.php', 70)
 2 SYSTEMPATH\View\View.php(226): include('C:\\xampp\\htdocs\\perpus\\app\\Views\\pengembalian\\index.php')
 3 SYSTEMPATH\View\View.php(229): CodeIgniter\View\View->CodeIgniter\View\{closure}()
 4 SYSTEMPATH\Common.php(1167): CodeIgniter\View\View->render('pengembalian/index', [], true)
 5 APPPATH\Controllers\Pengembalian.php(17): view('pengembalian/index', [...])
 6 SYSTEMPATH\CodeIgniter.php(933): App\Controllers\Pengembalian->index()
 7 SYSTEMPATH\CodeIgniter.php(507): CodeIgniter\CodeIgniter->runController(Object(App\Controllers\Pengembalian))
 8 SYSTEMPATH\CodeIgniter.php(354): CodeIgniter\CodeIgniter->handleRequest(null, Object(Config\Cache), false)
 9 SYSTEMPATH\Boot.php(363): CodeIgniter\CodeIgniter->run()
10 SYSTEMPATH\Boot.php(68): CodeIgniter\Boot::runCodeIgniter(Object(CodeIgniter\CodeIgniter))
11 FCPATH\index.php(59): CodeIgniter\Boot::bootWeb(Object(Config\Paths))
CRITICAL - 2026-04-26 01:22:06 --> ParseError: syntax error, unexpected identifier "style", expecting ")"
[Method: GET, Route: pengembalian]
in APPPATH\Views\pengembalian\index.php on line 71.
 1 SYSTEMPATH\View\View.php(229): CodeIgniter\View\View->CodeIgniter\View\{closure}()
 2 SYSTEMPATH\Common.php(1167): CodeIgniter\View\View->render('pengembalian/index', [], true)
 3 APPPATH\Controllers\Pengembalian.php(17): view('pengembalian/index', [...])
 4 SYSTEMPATH\CodeIgniter.php(933): App\Controllers\Pengembalian->index()
 5 SYSTEMPATH\CodeIgniter.php(507): CodeIgniter\CodeIgniter->runController(Object(App\Controllers\Pengembalian))
 6 SYSTEMPATH\CodeIgniter.php(354): CodeIgniter\CodeIgniter->handleRequest(null, Object(Config\Cache), false)
 7 SYSTEMPATH\Boot.php(363): CodeIgniter\CodeIgniter->run()
 8 SYSTEMPATH\Boot.php(68): CodeIgniter\Boot::runCodeIgniter(Object(CodeIgniter\CodeIgniter))
 9 FCPATH\index.php(59): CodeIgniter\Boot::bootWeb(Object(Config\Paths))
CRITICAL - 2026-04-26 01:24:14 --> ParseError: syntax error, unexpected identifier "onclick", expecting ")"
[Method: GET, Route: pengembalian]
in APPPATH\Views\pengembalian\index.php on line 77.
 1 SYSTEMPATH\View\View.php(229): CodeIgniter\View\View->CodeIgniter\View\{closure}()
 2 SYSTEMPATH\Common.php(1167): CodeIgniter\View\View->render('pengembalian/index', [], true)
 3 APPPATH\Controllers\Pengembalian.php(17): view('pengembalian/index', [...])
 4 SYSTEMPATH\CodeIgniter.php(933): App\Controllers\Pengembalian->index()
 5 SYSTEMPATH\CodeIgniter.php(507): CodeIgniter\CodeIgniter->runController(Object(App\Controllers\Pengembalian))
 6 SYSTEMPATH\CodeIgniter.php(354): CodeIgniter\CodeIgniter->handleRequest(null, Object(Config\Cache), false)
 7 SYSTEMPATH\Boot.php(363): CodeIgniter\CodeIgniter->run()
 8 SYSTEMPATH\Boot.php(68): CodeIgniter\Boot::runCodeIgniter(Object(CodeIgniter\CodeIgniter))
 9 FCPATH\index.php(59): CodeIgniter\Boot::bootWeb(Object(Config\Paths))
CRITICAL - 2026-04-26 01:24:55 --> ParseError: syntax error, unexpected identifier "onclick", expecting ")"
[Method: GET, Route: pengembalian]
in APPPATH\Views\pengembalian\index.php on line 88.
 1 SYSTEMPATH\View\View.php(229): CodeIgniter\View\View->CodeIgniter\View\{closure}()
 2 SYSTEMPATH\Common.php(1167): CodeIgniter\View\View->render('pengembalian/index', [], true)
 3 APPPATH\Controllers\Pengembalian.php(17): view('pengembalian/index', [...])
 4 SYSTEMPATH\CodeIgniter.php(933): App\Controllers\Pengembalian->index()
 5 SYSTEMPATH\CodeIgniter.php(507): CodeIgniter\CodeIgniter->runController(Object(App\Controllers\Pengembalian))
 6 SYSTEMPATH\CodeIgniter.php(354): CodeIgniter\CodeIgniter->handleRequest(null, Object(Config\Cache), false)
 7 SYSTEMPATH\Boot.php(363): CodeIgniter\CodeIgniter->run()
 8 SYSTEMPATH\Boot.php(68): CodeIgniter\Boot::runCodeIgniter(Object(CodeIgniter\CodeIgniter))
 9 FCPATH\index.php(59): CodeIgniter\Boot::bootWeb(Object(Config\Paths))
CRITICAL - 2026-04-26 01:26:25 --> ParseError: syntax error, unexpected identifier "onclick", expecting ")"
[Method: GET, Route: pengembalian]
in APPPATH\Views\pengembalian\index.php on line 88.
 1 SYSTEMPATH\View\View.php(229): CodeIgniter\View\View->CodeIgniter\View\{closure}()
 2 SYSTEMPATH\Common.php(1167): CodeIgniter\View\View->render('pengembalian/index', [], true)
 3 APPPATH\Controllers\Pengembalian.php(17): view('pengembalian/index', [...])
 4 SYSTEMPATH\CodeIgniter.php(933): App\Controllers\Pengembalian->index()
 5 SYSTEMPATH\CodeIgniter.php(507): CodeIgniter\CodeIgniter->runController(Object(App\Controllers\Pengembalian))
 6 SYSTEMPATH\CodeIgniter.php(354): CodeIgniter\CodeIgniter->handleRequest(null, Object(Config\Cache), false)
 7 SYSTEMPATH\Boot.php(363): CodeIgniter\CodeIgniter->run()
 8 SYSTEMPATH\Boot.php(68): CodeIgniter\Boot::runCodeIgniter(Object(CodeIgniter\CodeIgniter))
 9 FCPATH\index.php(59): CodeIgniter\Boot::bootWeb(Object(Config\Paths))
DEBUG - 2026-04-26 01:28:55 --> Session: Class initialized using 'CodeIgniter\Session\Handlers\FileHandler' driver.
CRITICAL - 2026-04-26 01:31:22 --> ErrorException: Undefined property: App\Controllers\Pengembalian::$db
[Method: GET, Route: pengembalian]
in APPPATH\Controllers\Pengembalian.php on line 12.
 1 APPPATH\Controllers\Pengembalian.php(12): CodeIgniter\Debug\Exceptions->errorHandler(2, 'Undefined property: App\\Controllers\\Pengembalian::$db', 'C:\\xampp\\htdocs\\perpus\\app\\Controllers\\Pengembalian.php', 12)
 2 SYSTEMPATH\CodeIgniter.php(933): App\Controllers\Pengembalian->index()
 3 SYSTEMPATH\CodeIgniter.php(507): CodeIgniter\CodeIgniter->runController(Object(App\Controllers\Pengembalian))
 4 SYSTEMPATH\CodeIgniter.php(354): CodeIgniter\CodeIgniter->handleRequest(null, Object(Config\Cache), false)
 5 SYSTEMPATH\Boot.php(363): CodeIgniter\CodeIgniter->run()
 6 SYSTEMPATH\Boot.php(68): CodeIgniter\Boot::runCodeIgniter(Object(CodeIgniter\CodeIgniter))
 7 FCPATH\index.php(59): CodeIgniter\Boot::bootWeb(Object(Config\Paths))
CRITICAL - 2026-04-26 01:34:30 --> ParseError: syntax error, unexpected token "public", expecting end of file
[Method: GET, Route: pengembalian]
in APPPATH\Controllers\Pengembalian.php on line 27.
 1 SYSTEMPATH\Autoloader\Autoloader.php(295): CodeIgniter\Autoloader\Autoloader->includeFile('C:\\xampp\\htdocs\\perpus\\app\\Controllers\\Pengembalian.php')
 2 SYSTEMPATH\Autoloader\Autoloader.php(271): CodeIgniter\Autoloader\Autoloader->loadInNamespace('App\\Controllers\\Pengembalian')
 3 [internal function]: CodeIgniter\Autoloader\Autoloader->loadClass('App\\Controllers\\Pengembalian')
 4 SYSTEMPATH\CodeIgniter.php(885): class_exists('\\App\\Controllers\\Pengembalian', true)
 5 SYSTEMPATH\CodeIgniter.php(494): CodeIgniter\CodeIgniter->startController()
 6 SYSTEMPATH\CodeIgniter.php(354): CodeIgniter\CodeIgniter->handleRequest(null, Object(Config\Cache), false)
 7 SYSTEMPATH\Boot.php(363): CodeIgniter\CodeIgniter->run()
 8 SYSTEMPATH\Boot.php(68): CodeIgniter\Boot::runCodeIgniter(Object(CodeIgniter\CodeIgniter))
 9 FCPATH\index.php(59): CodeIgniter\Boot::bootWeb(Object(Config\Paths))
DEBUG - 2026-04-26 01:35:18 --> Session: Class initialized using 'CodeIgniter\Session\Handlers\FileHandler' driver.
DEBUG - 2026-04-26 01:42:09 --> Session: Class initialized using 'CodeIgniter\Session\Handlers\FileHandler' driver.
ERROR - 2026-04-26 01:42:16 --> mysqli_sql_exception: Unknown column 'tanggal_kembali' in 'field list' in C:\xampp\htdocs\perpus\system\Database\MySQLi\Connection.php:327
Stack trace:
#0 C:\xampp\htdocs\perpus\system\Database\MySQLi\Connection.php(327): mysqli->query('INSERT INTO `pe...', 0)
#1 C:\xampp\htdocs\perpus\system\Database\BaseConnection.php(729): CodeIgniter\Database\MySQLi\Connection->execute('INSERT INTO `pe...')
#2 C:\xampp\htdocs\perpus\system\Database\BaseConnection.php(646): CodeIgniter\Database\BaseConnection->simpleQuery('INSERT INTO `pe...')
#3 C:\xampp\htdocs\perpus\system\Database\BaseBuilder.php(2345): CodeIgniter\Database\BaseConnection->query('INSERT INTO `pe...', Array, false)
#4 C:\xampp\htdocs\perpus\system\Model.php(394): CodeIgniter\Database\BaseBuilder->insert()
#5 C:\xampp\htdocs\perpus\system\BaseModel.php(838): CodeIgniter\Model->doInsert(Array)
#6 C:\xampp\htdocs\perpus\system\Model.php(797): CodeIgniter\BaseModel->insert(Array, true)
#7 C:\xampp\htdocs\perpus\app\Controllers\Pengembalian.php(39): CodeIgniter\Model->insert(Array)
#8 C:\xampp\htdocs\perpus\system\CodeIgniter.php(933): App\Controllers\Pengembalian->store()
#9 C:\xampp\htdocs\perpus\system\CodeIgniter.php(507): CodeIgniter\CodeIgniter->runController(Object(App\Controllers\Pengembalian))
#10 C:\xampp\htdocs\perpus\system\CodeIgniter.php(354): CodeIgniter\CodeIgniter->handleRequest(NULL, Object(Config\Cache), false)
#11 C:\xampp\htdocs\perpus\system\Boot.php(363): CodeIgniter\CodeIgniter->run()
#12 C:\xampp\htdocs\perpus\system\Boot.php(68): CodeIgniter\Boot::runCodeIgniter(Object(CodeIgniter\CodeIgniter))
#13 C:\xampp\htdocs\perpus\index.php(59): CodeIgniter\Boot::bootWeb(Object(Config\Paths))
#14 {main}
CRITICAL - 2026-04-26 01:42:16 --> CodeIgniter\Database\Exceptions\DatabaseException: Unknown column 'tanggal_kembali' in 'field list'
[Method: POST, Route: pengembalian/store]
in SYSTEMPATH\Database\BaseConnection.php on line 684.
 1 SYSTEMPATH\Database\BaseBuilder.php(2345): CodeIgniter\Database\BaseConnection->query('INSERT INTO `pengembalian` (`id_peminjaman`, `tanggal_kembali`) VALUES (:id_peminjaman:, :tanggal_kembali:)', [...], false)
 2 SYSTEMPATH\Model.php(394): CodeIgniter\Database\BaseBuilder->insert()
 3 SYSTEMPATH\BaseModel.php(838): CodeIgniter\Model->doInsert([...])
 4 SYSTEMPATH\Model.php(797): CodeIgniter\BaseModel->insert([...], true)
 5 APPPATH\Controllers\Pengembalian.php(39): CodeIgniter\Model->insert([...])
 6 SYSTEMPATH\CodeIgniter.php(933): App\Controllers\Pengembalian->store()
 7 SYSTEMPATH\CodeIgniter.php(507): CodeIgniter\CodeIgniter->runController(Object(App\Controllers\Pengembalian))
 8 SYSTEMPATH\CodeIgniter.php(354): CodeIgniter\CodeIgniter->handleRequest(null, Object(Config\Cache), false)
 9 SYSTEMPATH\Boot.php(363): CodeIgniter\CodeIgniter->run()
10 SYSTEMPATH\Boot.php(68): CodeIgniter\Boot::runCodeIgniter(Object(CodeIgniter\CodeIgniter))
11 FCPATH\index.php(59): CodeIgniter\Boot::bootWeb(Object(Config\Paths))
CRITICAL - 2026-04-26 01:42:16 --> [Caused by] CodeIgniter\Database\Exceptions\DatabaseException: Unknown column 'tanggal_kembali' in 'field list'
in SYSTEMPATH\Database\MySQLi\Connection.php on line 332.
 1 SYSTEMPATH\Database\BaseConnection.php(729): CodeIgniter\Database\MySQLi\Connection->execute('INSERT INTO `pengembalian` (`id_peminjaman`, `tanggal_kembali`) VALUES (\'79\', \'2026-04-26\')')
 2 SYSTEMPATH\Database\BaseConnection.php(646): CodeIgniter\Database\BaseConnection->simpleQuery('INSERT INTO `pengembalian` (`id_peminjaman`, `tanggal_kembali`) VALUES (\'79\', \'2026-04-26\')')
 3 SYSTEMPATH\Database\BaseBuilder.php(2345): CodeIgniter\Database\BaseConnection->query('INSERT INTO `pengembalian` (`id_peminjaman`, `tanggal_kembali`) VALUES (:id_peminjaman:, :tanggal_kembali:)', [...], false)
 4 SYSTEMPATH\Model.php(394): CodeIgniter\Database\BaseBuilder->insert()
 5 SYSTEMPATH\BaseModel.php(838): CodeIgniter\Model->doInsert([...])
 6 SYSTEMPATH\Model.php(797): CodeIgniter\BaseModel->insert([...], true)
 7 APPPATH\Controllers\Pengembalian.php(39): CodeIgniter\Model->insert([...])
 8 SYSTEMPATH\CodeIgniter.php(933): App\Controllers\Pengembalian->store()
 9 SYSTEMPATH\CodeIgniter.php(507): CodeIgniter\CodeIgniter->runController(Object(App\Controllers\Pengembalian))
10 SYSTEMPATH\CodeIgniter.php(354): CodeIgniter\CodeIgniter->handleRequest(null, Object(Config\Cache), false)
11 SYSTEMPATH\Boot.php(363): CodeIgniter\CodeIgniter->run()
12 SYSTEMPATH\Boot.php(68): CodeIgniter\Boot::runCodeIgniter(Object(CodeIgniter\CodeIgniter))
13 FCPATH\index.php(59): CodeIgniter\Boot::bootWeb(Object(Config\Paths))
CRITICAL - 2026-04-26 01:42:16 --> [Caused by] mysqli_sql_exception: Unknown column 'tanggal_kembali' in 'field list'
in SYSTEMPATH\Database\MySQLi\Connection.php on line 327.
 1 SYSTEMPATH\Database\MySQLi\Connection.php(327): mysqli->query('INSERT INTO `pengembalian` (`id_peminjaman`, `tanggal_kembali`) VALUES (\'79\', \'2026-04-26\')', 0)
 2 SYSTEMPATH\Database\BaseConnection.php(729): CodeIgniter\Database\MySQLi\Connection->execute('INSERT INTO `pengembalian` (`id_peminjaman`, `tanggal_kembali`) VALUES (\'79\', \'2026-04-26\')')
 3 SYSTEMPATH\Database\BaseConnection.php(646): CodeIgniter\Database\BaseConnection->simpleQuery('INSERT INTO `pengembalian` (`id_peminjaman`, `tanggal_kembali`) VALUES (\'79\', \'2026-04-26\')')
 4 SYSTEMPATH\Database\BaseBuilder.php(2345): CodeIgniter\Database\BaseConnection->query('INSERT INTO `pengembalian` (`id_peminjaman`, `tanggal_kembali`) VALUES (:id_peminjaman:, :tanggal_kembali:)', [...], false)
 5 SYSTEMPATH\Model.php(394): CodeIgniter\Database\BaseBuilder->insert()
 6 SYSTEMPATH\BaseModel.php(838): CodeIgniter\Model->doInsert([...])
 7 SYSTEMPATH\Model.php(797): CodeIgniter\BaseModel->insert([...], true)
 8 APPPATH\Controllers\Pengembalian.php(39): CodeIgniter\Model->insert([...])
 9 SYSTEMPATH\CodeIgniter.php(933): App\Controllers\Pengembalian->store()
10 SYSTEMPATH\CodeIgniter.php(507): CodeIgniter\CodeIgniter->runController(Object(App\Controllers\Pengembalian))
11 SYSTEMPATH\CodeIgniter.php(354): CodeIgniter\CodeIgniter->handleRequest(null, Object(Config\Cache), false)
12 SYSTEMPATH\Boot.php(363): CodeIgniter\CodeIgniter->run()
13 SYSTEMPATH\Boot.php(68): CodeIgniter\Boot::runCodeIgniter(Object(CodeIgniter\CodeIgniter))
14 FCPATH\index.php(59): CodeIgniter\Boot::bootWeb(Object(Config\Paths))
ERROR - 2026-04-26 01:43:21 --> mysqli_sql_exception: Unknown column 'tanggal_kembali' in 'field list' in C:\xampp\htdocs\perpus\system\Database\MySQLi\Connection.php:327
Stack trace:
#0 C:\xampp\htdocs\perpus\system\Database\MySQLi\Connection.php(327): mysqli->query('INSERT INTO `pe...', 0)
#1 C:\xampp\htdocs\perpus\system\Database\BaseConnection.php(729): CodeIgniter\Database\MySQLi\Connection->execute('INSERT INTO `pe...')
#2 C:\xampp\htdocs\perpus\system\Database\BaseConnection.php(646): CodeIgniter\Database\BaseConnection->simpleQuery('INSERT INTO `pe...')
#3 C:\xampp\htdocs\perpus\system\Database\BaseBuilder.php(2345): CodeIgniter\Database\BaseConnection->query('INSERT INTO `pe...', Array, false)
#4 C:\xampp\htdocs\perpus\system\Model.php(394): CodeIgniter\Database\BaseBuilder->insert()
#5 C:\xampp\htdocs\perpus\system\BaseModel.php(838): CodeIgniter\Model->doInsert(Array)
#6 C:\xampp\htdocs\perpus\system\Model.php(797): CodeIgniter\BaseModel->insert(Array, true)
#7 C:\xampp\htdocs\perpus\app\Controllers\Pengembalian.php(39): CodeIgniter\Model->insert(Array)
#8 C:\xampp\htdocs\perpus\system\CodeIgniter.php(933): App\Controllers\Pengembalian->store()
#9 C:\xampp\htdocs\perpus\system\CodeIgniter.php(507): CodeIgniter\CodeIgniter->runController(Object(App\Controllers\Pengembalian))
#10 C:\xampp\htdocs\perpus\system\CodeIgniter.php(354): CodeIgniter\CodeIgniter->handleRequest(NULL, Object(Config\Cache), false)
#11 C:\xampp\htdocs\perpus\system\Boot.php(363): CodeIgniter\CodeIgniter->run()
#12 C:\xampp\htdocs\perpus\system\Boot.php(68): CodeIgniter\Boot::runCodeIgniter(Object(CodeIgniter\CodeIgniter))
#13 C:\xampp\htdocs\perpus\index.php(59): CodeIgniter\Boot::bootWeb(Object(Config\Paths))
#14 {main}
CRITICAL - 2026-04-26 01:43:21 --> CodeIgniter\Database\Exceptions\DatabaseException: Unknown column 'tanggal_kembali' in 'field list'
[Method: POST, Route: pengembalian/store]
in SYSTEMPATH\Database\BaseConnection.php on line 684.
 1 SYSTEMPATH\Database\BaseBuilder.php(2345): CodeIgniter\Database\BaseConnection->query('INSERT INTO `pengembalian` (`id_peminjaman`, `tanggal_kembali`) VALUES (:id_peminjaman:, :tanggal_kembali:)', [...], false)
 2 SYSTEMPATH\Model.php(394): CodeIgniter\Database\BaseBuilder->insert()
 3 SYSTEMPATH\BaseModel.php(838): CodeIgniter\Model->doInsert([...])
 4 SYSTEMPATH\Model.php(797): CodeIgniter\BaseModel->insert([...], true)
 5 APPPATH\Controllers\Pengembalian.php(39): CodeIgniter\Model->insert([...])
 6 SYSTEMPATH\CodeIgniter.php(933): App\Controllers\Pengembalian->store()
 7 SYSTEMPATH\CodeIgniter.php(507): CodeIgniter\CodeIgniter->runController(Object(App\Controllers\Pengembalian))
 8 SYSTEMPATH\CodeIgniter.php(354): CodeIgniter\CodeIgniter->handleRequest(null, Object(Config\Cache), false)
 9 SYSTEMPATH\Boot.php(363): CodeIgniter\CodeIgniter->run()
10 SYSTEMPATH\Boot.php(68): CodeIgniter\Boot::runCodeIgniter(Object(CodeIgniter\CodeIgniter))
11 FCPATH\index.php(59): CodeIgniter\Boot::bootWeb(Object(Config\Paths))
CRITICAL - 2026-04-26 01:43:21 --> [Caused by] CodeIgniter\Database\Exceptions\DatabaseException: Unknown column 'tanggal_kembali' in 'field list'
in SYSTEMPATH\Database\MySQLi\Connection.php on line 332.
 1 SYSTEMPATH\Database\BaseConnection.php(729): CodeIgniter\Database\MySQLi\Connection->execute('INSERT INTO `pengembalian` (`id_peminjaman`, `tanggal_kembali`) VALUES (\'79\', \'2026-04-26\')')
 2 SYSTEMPATH\Database\BaseConnection.php(646): CodeIgniter\Database\BaseConnection->simpleQuery('INSERT INTO `pengembalian` (`id_peminjaman`, `tanggal_kembali`) VALUES (\'79\', \'2026-04-26\')')
 3 SYSTEMPATH\Database\BaseBuilder.php(2345): CodeIgniter\Database\BaseConnection->query('INSERT INTO `pengembalian` (`id_peminjaman`, `tanggal_kembali`) VALUES (:id_peminjaman:, :tanggal_kembali:)', [...], false)
 4 SYSTEMPATH\Model.php(394): CodeIgniter\Database\BaseBuilder->insert()
 5 SYSTEMPATH\BaseModel.php(838): CodeIgniter\Model->doInsert([...])
 6 SYSTEMPATH\Model.php(797): CodeIgniter\BaseModel->insert([...], true)
 7 APPPATH\Controllers\Pengembalian.php(39): CodeIgniter\Model->insert([...])
 8 SYSTEMPATH\CodeIgniter.php(933): App\Controllers\Pengembalian->store()
 9 SYSTEMPATH\CodeIgniter.php(507): CodeIgniter\CodeIgniter->runController(Object(App\Controllers\Pengembalian))
10 SYSTEMPATH\CodeIgniter.php(354): CodeIgniter\CodeIgniter->handleRequest(null, Object(Config\Cache), false)
11 SYSTEMPATH\Boot.php(363): CodeIgniter\CodeIgniter->run()
12 SYSTEMPATH\Boot.php(68): CodeIgniter\Boot::runCodeIgniter(Object(CodeIgniter\CodeIgniter))
13 FCPATH\index.php(59): CodeIgniter\Boot::bootWeb(Object(Config\Paths))
CRITICAL - 2026-04-26 01:43:21 --> [Caused by] mysqli_sql_exception: Unknown column 'tanggal_kembali' in 'field list'
in SYSTEMPATH\Database\MySQLi\Connection.php on line 327.
 1 SYSTEMPATH\Database\MySQLi\Connection.php(327): mysqli->query('INSERT INTO `pengembalian` (`id_peminjaman`, `tanggal_kembali`) VALUES (\'79\', \'2026-04-26\')', 0)
 2 SYSTEMPATH\Database\BaseConnection.php(729): CodeIgniter\Database\MySQLi\Connection->execute('INSERT INTO `pengembalian` (`id_peminjaman`, `tanggal_kembali`) VALUES (\'79\', \'2026-04-26\')')
 3 SYSTEMPATH\Database\BaseConnection.php(646): CodeIgniter\Database\BaseConnection->simpleQuery('INSERT INTO `pengembalian` (`id_peminjaman`, `tanggal_kembali`) VALUES (\'79\', \'2026-04-26\')')
 4 SYSTEMPATH\Database\BaseBuilder.php(2345): CodeIgniter\Database\BaseConnection->query('INSERT INTO `pengembalian` (`id_peminjaman`, `tanggal_kembali`) VALUES (:id_peminjaman:, :tanggal_kembali:)', [...], false)
 5 SYSTEMPATH\Model.php(394): CodeIgniter\Database\BaseBuilder->insert()
 6 SYSTEMPATH\BaseModel.php(838): CodeIgniter\Model->doInsert([...])
 7 SYSTEMPATH\Model.php(797): CodeIgniter\BaseModel->insert([...], true)
 8 APPPATH\Controllers\Pengembalian.php(39): CodeIgniter\Model->insert([...])
 9 SYSTEMPATH\CodeIgniter.php(933): App\Controllers\Pengembalian->store()
10 SYSTEMPATH\CodeIgniter.php(507): CodeIgniter\CodeIgniter->runController(Object(App\Controllers\Pengembalian))
11 SYSTEMPATH\CodeIgniter.php(354): CodeIgniter\CodeIgniter->handleRequest(null, Object(Config\Cache), false)
12 SYSTEMPATH\Boot.php(363): CodeIgniter\CodeIgniter->run()
13 SYSTEMPATH\Boot.php(68): CodeIgniter\Boot::runCodeIgniter(Object(CodeIgniter\CodeIgniter))
14 FCPATH\index.php(59): CodeIgniter\Boot::bootWeb(Object(Config\Paths))
ERROR - 2026-04-26 01:44:00 --> mysqli_sql_exception: Unknown column 'tanggal_kembali' in 'field list' in C:\xampp\htdocs\perpus\system\Database\MySQLi\Connection.php:327
Stack trace:
#0 C:\xampp\htdocs\perpus\system\Database\MySQLi\Connection.php(327): mysqli->query('INSERT INTO `pe...', 0)
#1 C:\xampp\htdocs\perpus\system\Database\BaseConnection.php(729): CodeIgniter\Database\MySQLi\Connection->execute('INSERT INTO `pe...')
#2 C:\xampp\htdocs\perpus\system\Database\BaseConnection.php(646): CodeIgniter\Database\BaseConnection->simpleQuery('INSERT INTO `pe...')
#3 C:\xampp\htdocs\perpus\system\Database\BaseBuilder.php(2345): CodeIgniter\Database\BaseConnection->query('INSERT INTO `pe...', Array, false)
#4 C:\xampp\htdocs\perpus\system\Model.php(394): CodeIgniter\Database\BaseBuilder->insert()
#5 C:\xampp\htdocs\perpus\system\BaseModel.php(838): CodeIgniter\Model->doInsert(Array)
#6 C:\xampp\htdocs\perpus\system\Model.php(797): CodeIgniter\BaseModel->insert(Array, true)
#7 C:\xampp\htdocs\perpus\app\Controllers\Pengembalian.php(38): CodeIgniter\Model->insert(Array)
#8 C:\xampp\htdocs\perpus\system\CodeIgniter.php(933): App\Controllers\Pengembalian->store()
#9 C:\xampp\htdocs\perpus\system\CodeIgniter.php(507): CodeIgniter\CodeIgniter->runController(Object(App\Controllers\Pengembalian))
#10 C:\xampp\htdocs\perpus\system\CodeIgniter.php(354): CodeIgniter\CodeIgniter->handleRequest(NULL, Object(Config\Cache), false)
#11 C:\xampp\htdocs\perpus\system\Boot.php(363): CodeIgniter\CodeIgniter->run()
#12 C:\xampp\htdocs\perpus\system\Boot.php(68): CodeIgniter\Boot::runCodeIgniter(Object(CodeIgniter\CodeIgniter))
#13 C:\xampp\htdocs\perpus\index.php(59): CodeIgniter\Boot::bootWeb(Object(Config\Paths))
#14 {main}
CRITICAL - 2026-04-26 01:44:00 --> CodeIgniter\Database\Exceptions\DatabaseException: Unknown column 'tanggal_kembali' in 'field list'
[Method: POST, Route: pengembalian/store]
in SYSTEMPATH\Database\BaseConnection.php on line 684.
 1 SYSTEMPATH\Database\BaseBuilder.php(2345): CodeIgniter\Database\BaseConnection->query('INSERT INTO `pengembalian` (`id_peminjaman`, `tanggal_kembali`) VALUES (:id_peminjaman:, :tanggal_kembali:)', [...], false)
 2 SYSTEMPATH\Model.php(394): CodeIgniter\Database\BaseBuilder->insert()
 3 SYSTEMPATH\BaseModel.php(838): CodeIgniter\Model->doInsert([...])
 4 SYSTEMPATH\Model.php(797): CodeIgniter\BaseModel->insert([...], true)
 5 APPPATH\Controllers\Pengembalian.php(38): CodeIgniter\Model->insert([...])
 6 SYSTEMPATH\CodeIgniter.php(933): App\Controllers\Pengembalian->store()
 7 SYSTEMPATH\CodeIgniter.php(507): CodeIgniter\CodeIgniter->runController(Object(App\Controllers\Pengembalian))
 8 SYSTEMPATH\CodeIgniter.php(354): CodeIgniter\CodeIgniter->handleRequest(null, Object(Config\Cache), false)
 9 SYSTEMPATH\Boot.php(363): CodeIgniter\CodeIgniter->run()
10 SYSTEMPATH\Boot.php(68): CodeIgniter\Boot::runCodeIgniter(Object(CodeIgniter\CodeIgniter))
11 FCPATH\index.php(59): CodeIgniter\Boot::bootWeb(Object(Config\Paths))
CRITICAL - 2026-04-26 01:44:00 --> [Caused by] CodeIgniter\Database\Exceptions\DatabaseException: Unknown column 'tanggal_kembali' in 'field list'
in SYSTEMPATH\Database\MySQLi\Connection.php on line 332.
 1 SYSTEMPATH\Database\BaseConnection.php(729): CodeIgniter\Database\MySQLi\Connection->execute('INSERT INTO `pengembalian` (`id_peminjaman`, `tanggal_kembali`) VALUES (\'79\', \'2026-04-26\')')
 2 SYSTEMPATH\Database\BaseConnection.php(646): CodeIgniter\Database\BaseConnection->simpleQuery('INSERT INTO `pengembalian` (`id_peminjaman`, `tanggal_kembali`) VALUES (\'79\', \'2026-04-26\')')
 3 SYSTEMPATH\Database\BaseBuilder.php(2345): CodeIgniter\Database\BaseConnection->query('INSERT INTO `pengembalian` (`id_peminjaman`, `tanggal_kembali`) VALUES (:id_peminjaman:, :tanggal_kembali:)', [...], false)
 4 SYSTEMPATH\Model.php(394): CodeIgniter\Database\BaseBuilder->insert()
 5 SYSTEMPATH\BaseModel.php(838): CodeIgniter\Model->doInsert([...])
 6 SYSTEMPATH\Model.php(797): CodeIgniter\BaseModel->insert([...], true)
 7 APPPATH\Controllers\Pengembalian.php(38): CodeIgniter\Model->insert([...])
 8 SYSTEMPATH\CodeIgniter.php(933): App\Controllers\Pengembalian->store()
 9 SYSTEMPATH\CodeIgniter.php(507): CodeIgniter\CodeIgniter->runController(Object(App\Controllers\Pengembalian))
10 SYSTEMPATH\CodeIgniter.php(354): CodeIgniter\CodeIgniter->handleRequest(null, Object(Config\Cache), false)
11 SYSTEMPATH\Boot.php(363): CodeIgniter\CodeIgniter->run()
12 SYSTEMPATH\Boot.php(68): CodeIgniter\Boot::runCodeIgniter(Object(CodeIgniter\CodeIgniter))
13 FCPATH\index.php(59): CodeIgniter\Boot::bootWeb(Object(Config\Paths))
CRITICAL - 2026-04-26 01:44:00 --> [Caused by] mysqli_sql_exception: Unknown column 'tanggal_kembali' in 'field list'
in SYSTEMPATH\Database\MySQLi\Connection.php on line 327.
 1 SYSTEMPATH\Database\MySQLi\Connection.php(327): mysqli->query('INSERT INTO `pengembalian` (`id_peminjaman`, `tanggal_kembali`) VALUES (\'79\', \'2026-04-26\')', 0)
 2 SYSTEMPATH\Database\BaseConnection.php(729): CodeIgniter\Database\MySQLi\Connection->execute('INSERT INTO `pengembalian` (`id_peminjaman`, `tanggal_kembali`) VALUES (\'79\', \'2026-04-26\')')
 3 SYSTEMPATH\Database\BaseConnection.php(646): CodeIgniter\Database\BaseConnection->simpleQuery('INSERT INTO `pengembalian` (`id_peminjaman`, `tanggal_kembali`) VALUES (\'79\', \'2026-04-26\')')
 4 SYSTEMPATH\Database\BaseBuilder.php(2345): CodeIgniter\Database\BaseConnection->query('INSERT INTO `pengembalian` (`id_peminjaman`, `tanggal_kembali`) VALUES (:id_peminjaman:, :tanggal_kembali:)', [...], false)
 5 SYSTEMPATH\Model.php(394): CodeIgniter\Database\BaseBuilder->insert()
 6 SYSTEMPATH\BaseModel.php(838): CodeIgniter\Model->doInsert([...])
 7 SYSTEMPATH\Model.php(797): CodeIgniter\BaseModel->insert([...], true)
 8 APPPATH\Controllers\Pengembalian.php(38): CodeIgniter\Model->insert([...])
 9 SYSTEMPATH\CodeIgniter.php(933): App\Controllers\Pengembalian->store()
10 SYSTEMPATH\CodeIgniter.php(507): CodeIgniter\CodeIgniter->runController(Object(App\Controllers\Pengembalian))
11 SYSTEMPATH\CodeIgniter.php(354): CodeIgniter\CodeIgniter->handleRequest(null, Object(Config\Cache), false)
12 SYSTEMPATH\Boot.php(363): CodeIgniter\CodeIgniter->run()
13 SYSTEMPATH\Boot.php(68): CodeIgniter\Boot::runCodeIgniter(Object(CodeIgniter\CodeIgniter))
14 FCPATH\index.php(59): CodeIgniter\Boot::bootWeb(Object(Config\Paths))
ERROR - 2026-04-26 01:44:17 --> mysqli_sql_exception: Unknown column 'tanggal_kembali' in 'field list' in C:\xampp\htdocs\perpus\system\Database\MySQLi\Connection.php:327
Stack trace:
#0 C:\xampp\htdocs\perpus\system\Database\MySQLi\Connection.php(327): mysqli->query('INSERT INTO `pe...', 0)
#1 C:\xampp\htdocs\perpus\system\Database\BaseConnection.php(729): CodeIgniter\Database\MySQLi\Connection->execute('INSERT INTO `pe...')
#2 C:\xampp\htdocs\perpus\system\Database\BaseConnection.php(646): CodeIgniter\Database\BaseConnection->simpleQuery('INSERT INTO `pe...')
#3 C:\xampp\htdocs\perpus\system\Database\BaseBuilder.php(2345): CodeIgniter\Database\BaseConnection->query('INSERT INTO `pe...', Array, false)
#4 C:\xampp\htdocs\perpus\system\Model.php(394): CodeIgniter\Database\BaseBuilder->insert()
#5 C:\xampp\htdocs\perpus\system\BaseModel.php(838): CodeIgniter\Model->doInsert(Array)
#6 C:\xampp\htdocs\perpus\system\Model.php(797): CodeIgniter\BaseModel->insert(Array, true)
#7 C:\xampp\htdocs\perpus\app\Controllers\Pengembalian.php(38): CodeIgniter\Model->insert(Array)
#8 C:\xampp\htdocs\perpus\system\CodeIgniter.php(933): App\Controllers\Pengembalian->store()
#9 C:\xampp\htdocs\perpus\system\CodeIgniter.php(507): CodeIgniter\CodeIgniter->runController(Object(App\Controllers\Pengembalian))
#10 C:\xampp\htdocs\perpus\system\CodeIgniter.php(354): CodeIgniter\CodeIgniter->handleRequest(NULL, Object(Config\Cache), false)
#11 C:\xampp\htdocs\perpus\system\Boot.php(363): CodeIgniter\CodeIgniter->run()
#12 C:\xampp\htdocs\perpus\system\Boot.php(68): CodeIgniter\Boot::runCodeIgniter(Object(CodeIgniter\CodeIgniter))
#13 C:\xampp\htdocs\perpus\index.php(59): CodeIgniter\Boot::bootWeb(Object(Config\Paths))
#14 {main}
CRITICAL - 2026-04-26 01:44:17 --> CodeIgniter\Database\Exceptions\DatabaseException: Unknown column 'tanggal_kembali' in 'field list'
[Method: POST, Route: pengembalian/store]
in SYSTEMPATH\Database\BaseConnection.php on line 684.
 1 SYSTEMPATH\Database\BaseBuilder.php(2345): CodeIgniter\Database\BaseConnection->query('INSERT INTO `pengembalian` (`id_peminjaman`, `tanggal_kembali`) VALUES (:id_peminjaman:, :tanggal_kembali:)', [...], false)
 2 SYSTEMPATH\Model.php(394): CodeIgniter\Database\BaseBuilder->insert()
 3 SYSTEMPATH\BaseModel.php(838): CodeIgniter\Model->doInsert([...])
 4 SYSTEMPATH\Model.php(797): CodeIgniter\BaseModel->insert([...], true)
 5 APPPATH\Controllers\Pengembalian.php(38): CodeIgniter\Model->insert([...])
 6 SYSTEMPATH\CodeIgniter.php(933): App\Controllers\Pengembalian->store()
 7 SYSTEMPATH\CodeIgniter.php(507): CodeIgniter\CodeIgniter->runController(Object(App\Controllers\Pengembalian))
 8 SYSTEMPATH\CodeIgniter.php(354): CodeIgniter\CodeIgniter->handleRequest(null, Object(Config\Cache), false)
 9 SYSTEMPATH\Boot.php(363): CodeIgniter\CodeIgniter->run()
10 SYSTEMPATH\Boot.php(68): CodeIgniter\Boot::runCodeIgniter(Object(CodeIgniter\CodeIgniter))
11 FCPATH\index.php(59): CodeIgniter\Boot::bootWeb(Object(Config\Paths))
CRITICAL - 2026-04-26 01:44:17 --> [Caused by] CodeIgniter\Database\Exceptions\DatabaseException: Unknown column 'tanggal_kembali' in 'field list'
in SYSTEMPATH\Database\MySQLi\Connection.php on line 332.
 1 SYSTEMPATH\Database\BaseConnection.php(729): CodeIgniter\Database\MySQLi\Connection->execute('INSERT INTO `pengembalian` (`id_peminjaman`, `tanggal_kembali`) VALUES (\'79\', \'2026-04-26\')')
 2 SYSTEMPATH\Database\BaseConnection.php(646): CodeIgniter\Database\BaseConnection->simpleQuery('INSERT INTO `pengembalian` (`id_peminjaman`, `tanggal_kembali`) VALUES (\'79\', \'2026-04-26\')')
 3 SYSTEMPATH\Database\BaseBuilder.php(2345): CodeIgniter\Database\BaseConnection->query('INSERT INTO `pengembalian` (`id_peminjaman`, `tanggal_kembali`) VALUES (:id_peminjaman:, :tanggal_kembali:)', [...], false)
 4 SYSTEMPATH\Model.php(394): CodeIgniter\Database\BaseBuilder->insert()
 5 SYSTEMPATH\BaseModel.php(838): CodeIgniter\Model->doInsert([...])
 6 SYSTEMPATH\Model.php(797): CodeIgniter\BaseModel->insert([...], true)
 7 APPPATH\Controllers\Pengembalian.php(38): CodeIgniter\Model->insert([...])
 8 SYSTEMPATH\CodeIgniter.php(933): App\Controllers\Pengembalian->store()
 9 SYSTEMPATH\CodeIgniter.php(507): CodeIgniter\CodeIgniter->runController(Object(App\Controllers\Pengembalian))
10 SYSTEMPATH\CodeIgniter.php(354): CodeIgniter\CodeIgniter->handleRequest(null, Object(Config\Cache), false)
11 SYSTEMPATH\Boot.php(363): CodeIgniter\CodeIgniter->run()
12 SYSTEMPATH\Boot.php(68): CodeIgniter\Boot::runCodeIgniter(Object(CodeIgniter\CodeIgniter))
13 FCPATH\index.php(59): CodeIgniter\Boot::bootWeb(Object(Config\Paths))
CRITICAL - 2026-04-26 01:44:17 --> [Caused by] mysqli_sql_exception: Unknown column 'tanggal_kembali' in 'field list'
in SYSTEMPATH\Database\MySQLi\Connection.php on line 327.
 1 SYSTEMPATH\Database\MySQLi\Connection.php(327): mysqli->query('INSERT INTO `pengembalian` (`id_peminjaman`, `tanggal_kembali`) VALUES (\'79\', \'2026-04-26\')', 0)
 2 SYSTEMPATH\Database\BaseConnection.php(729): CodeIgniter\Database\MySQLi\Connection->execute('INSERT INTO `pengembalian` (`id_peminjaman`, `tanggal_kembali`) VALUES (\'79\', \'2026-04-26\')')
 3 SYSTEMPATH\Database\BaseConnection.php(646): CodeIgniter\Database\BaseConnection->simpleQuery('INSERT INTO `pengembalian` (`id_peminjaman`, `tanggal_kembali`) VALUES (\'79\', \'2026-04-26\')')
 4 SYSTEMPATH\Database\BaseBuilder.php(2345): CodeIgniter\Database\BaseConnection->query('INSERT INTO `pengembalian` (`id_peminjaman`, `tanggal_kembali`) VALUES (:id_peminjaman:, :tanggal_kembali:)', [...], false)
 5 SYSTEMPATH\Model.php(394): CodeIgniter\Database\BaseBuilder->insert()
 6 SYSTEMPATH\BaseModel.php(838): CodeIgniter\Model->doInsert([...])
 7 SYSTEMPATH\Model.php(797): CodeIgniter\BaseModel->insert([...], true)
 8 APPPATH\Controllers\Pengembalian.php(38): CodeIgniter\Model->insert([...])
 9 SYSTEMPATH\CodeIgniter.php(933): App\Controllers\Pengembalian->store()
10 SYSTEMPATH\CodeIgniter.php(507): CodeIgniter\CodeIgniter->runController(Object(App\Controllers\Pengembalian))
11 SYSTEMPATH\CodeIgniter.php(354): CodeIgniter\CodeIgniter->handleRequest(null, Object(Config\Cache), false)
12 SYSTEMPATH\Boot.php(363): CodeIgniter\CodeIgniter->run()
13 SYSTEMPATH\Boot.php(68): CodeIgniter\Boot::runCodeIgniter(Object(CodeIgniter\CodeIgniter))
14 FCPATH\index.php(59): CodeIgniter\Boot::bootWeb(Object(Config\Paths))
DEBUG - 2026-04-26 01:45:26 --> Session: Class initialized using 'CodeIgniter\Session\Handlers\FileHandler' driver.
CRITICAL - 2026-04-26 01:46:22 --> CodeIgniter\View\Exceptions\ViewException: Invalid file: "pengembalian/detail.php"
[Method: GET, Route: pengembalian/detail/0]
in SYSTEMPATH\Exceptions\FrameworkException.php on line 39.
 1 SYSTEMPATH\View\View.php(214): CodeIgniter\Exceptions\FrameworkException::forInvalidFile('pengembalian/detail.php')
 2 SYSTEMPATH\Common.php(1167): CodeIgniter\View\View->render('pengembalian/detail', [], true)
 3 APPPATH\Controllers\Pengembalian.php(66): view('pengembalian/detail', [...])
 4 SYSTEMPATH\CodeIgniter.php(933): App\Controllers\Pengembalian->detail('0')
 5 SYSTEMPATH\CodeIgniter.php(507): CodeIgniter\CodeIgniter->runController(Object(App\Controllers\Pengembalian))
 6 SYSTEMPATH\CodeIgniter.php(354): CodeIgniter\CodeIgniter->handleRequest(null, Object(Config\Cache), false)
 7 SYSTEMPATH\Boot.php(363): CodeIgniter\CodeIgniter->run()
 8 SYSTEMPATH\Boot.php(68): CodeIgniter\Boot::runCodeIgniter(Object(CodeIgniter\CodeIgniter))
 9 FCPATH\index.php(59): CodeIgniter\Boot::bootWeb(Object(Config\Paths))
CRITICAL - 2026-04-26 01:47:14 --> Error: Call to undefined method CodeIgniter\Autoloader\Autoloader::extend()
[Method: GET, Route: pengembalian/detail/0]
in APPPATH\Controllers\Pengembalian.php on line 1.
 1 SYSTEMPATH\Autoloader\Autoloader.php(315): include_once()
 2 SYSTEMPATH\Autoloader\Autoloader.php(295): CodeIgniter\Autoloader\Autoloader->includeFile('C:\\xampp\\htdocs\\perpus\\app\\Controllers\\Pengembalian.php')
 3 SYSTEMPATH\Autoloader\Autoloader.php(271): CodeIgniter\Autoloader\Autoloader->loadInNamespace('App\\Controllers\\Pengembalian')
 4 [internal function]: CodeIgniter\Autoloader\Autoloader->loadClass('App\\Controllers\\Pengembalian')
 5 SYSTEMPATH\CodeIgniter.php(885): class_exists('\\App\\Controllers\\Pengembalian', true)
 6 SYSTEMPATH\CodeIgniter.php(494): CodeIgniter\CodeIgniter->startController()
 7 SYSTEMPATH\CodeIgniter.php(354): CodeIgniter\CodeIgniter->handleRequest(null, Object(Config\Cache), false)
 8 SYSTEMPATH\Boot.php(363): CodeIgniter\CodeIgniter->run()
 9 SYSTEMPATH\Boot.php(68): CodeIgniter\Boot::runCodeIgniter(Object(CodeIgniter\CodeIgniter))
10 FCPATH\index.php(59): CodeIgniter\Boot::bootWeb(Object(Config\Paths))
CRITICAL - 2026-04-26 01:47:56 --> CodeIgniter\View\Exceptions\ViewException: Invalid file: "pengembalian/detail.php"
[Method: GET, Route: pengembalian/detail/0]
in SYSTEMPATH\Exceptions\FrameworkException.php on line 39.
 1 SYSTEMPATH\View\View.php(214): CodeIgniter\Exceptions\FrameworkException::forInvalidFile('pengembalian/detail.php')
 2 SYSTEMPATH\Common.php(1167): CodeIgniter\View\View->render('pengembalian/detail', [], true)
 3 APPPATH\Controllers\Pengembalian.php(66): view('pengembalian/detail', [...])
 4 SYSTEMPATH\CodeIgniter.php(933): App\Controllers\Pengembalian->detail('0')
 5 SYSTEMPATH\CodeIgniter.php(507): CodeIgniter\CodeIgniter->runController(Object(App\Controllers\Pengembalian))
 6 SYSTEMPATH\CodeIgniter.php(354): CodeIgniter\CodeIgniter->handleRequest(null, Object(Config\Cache), false)
 7 SYSTEMPATH\Boot.php(363): CodeIgniter\CodeIgniter->run()
 8 SYSTEMPATH\Boot.php(68): CodeIgniter\Boot::runCodeIgniter(Object(CodeIgniter\CodeIgniter))
 9 FCPATH\index.php(59): CodeIgniter\Boot::bootWeb(Object(Config\Paths))
CRITICAL - 2026-04-26 01:48:24 --> Error: Call to undefined method CodeIgniter\Autoloader\Autoloader::extend()
[Method: GET, Route: pengembalian/detail/0]
in APPPATH\Controllers\Pengembalian.php on line 1.
 1 SYSTEMPATH\Autoloader\Autoloader.php(315): include_once()
 2 SYSTEMPATH\Autoloader\Autoloader.php(295): CodeIgniter\Autoloader\Autoloader->includeFile('C:\\xampp\\htdocs\\perpus\\app\\Controllers\\Pengembalian.php')
 3 SYSTEMPATH\Autoloader\Autoloader.php(271): CodeIgniter\Autoloader\Autoloader->loadInNamespace('App\\Controllers\\Pengembalian')
 4 [internal function]: CodeIgniter\Autoloader\Autoloader->loadClass('App\\Controllers\\Pengembalian')
 5 SYSTEMPATH\CodeIgniter.php(885): class_exists('\\App\\Controllers\\Pengembalian', true)
 6 SYSTEMPATH\CodeIgniter.php(494): CodeIgniter\CodeIgniter->startController()
 7 SYSTEMPATH\CodeIgniter.php(354): CodeIgniter\CodeIgniter->handleRequest(null, Object(Config\Cache), false)
 8 SYSTEMPATH\Boot.php(363): CodeIgniter\CodeIgniter->run()
 9 SYSTEMPATH\Boot.php(68): CodeIgniter\Boot::runCodeIgniter(Object(CodeIgniter\CodeIgniter))
10 FCPATH\index.php(59): CodeIgniter\Boot::bootWeb(Object(Config\Paths))
CRITICAL - 2026-04-26 01:49:23 --> CodeIgniter\View\Exceptions\ViewException: Invalid file: "pengembalian/detail.php"
[Method: GET, Route: pengembalian/detail/0]
in SYSTEMPATH\Exceptions\FrameworkException.php on line 39.
 1 SYSTEMPATH\View\View.php(214): CodeIgniter\Exceptions\FrameworkException::forInvalidFile('pengembalian/detail.php')
 2 SYSTEMPATH\Common.php(1167): CodeIgniter\View\View->render('pengembalian/detail', [], true)
 3 APPPATH\Controllers\Pengembalian.php(74): view('pengembalian/detail', [...])
 4 SYSTEMPATH\CodeIgniter.php(933): App\Controllers\Pengembalian->detail('0')
 5 SYSTEMPATH\CodeIgniter.php(507): CodeIgniter\CodeIgniter->runController(Object(App\Controllers\Pengembalian))
 6 SYSTEMPATH\CodeIgniter.php(354): CodeIgniter\CodeIgniter->handleRequest(null, Object(Config\Cache), false)
 7 SYSTEMPATH\Boot.php(363): CodeIgniter\CodeIgniter->run()
 8 SYSTEMPATH\Boot.php(68): CodeIgniter\Boot::runCodeIgniter(Object(CodeIgniter\CodeIgniter))
 9 FCPATH\index.php(59): CodeIgniter\Boot::bootWeb(Object(Config\Paths))
CRITICAL - 2026-04-26 01:52:15 --> CodeIgniter\View\Exceptions\ViewException: Invalid file: "pengembalian/detail.php"
[Method: GET, Route: pengembalian/detail/0]
in SYSTEMPATH\Exceptions\FrameworkException.php on line 39.
 1 SYSTEMPATH\View\View.php(214): CodeIgniter\Exceptions\FrameworkException::forInvalidFile('pengembalian/detail.php')
 2 SYSTEMPATH\Common.php(1167): CodeIgniter\View\View->render('pengembalian/detail', [], true)
 3 APPPATH\Controllers\Pengembalian.php(70): view('pengembalian/detail', [...])
 4 SYSTEMPATH\CodeIgniter.php(933): App\Controllers\Pengembalian->detail('0')
 5 SYSTEMPATH\CodeIgniter.php(507): CodeIgniter\CodeIgniter->runController(Object(App\Controllers\Pengembalian))
 6 SYSTEMPATH\CodeIgniter.php(354): CodeIgniter\CodeIgniter->handleRequest(null, Object(Config\Cache), false)
 7 SYSTEMPATH\Boot.php(363): CodeIgniter\CodeIgniter->run()
 8 SYSTEMPATH\Boot.php(68): CodeIgniter\Boot::runCodeIgniter(Object(CodeIgniter\CodeIgniter))
 9 FCPATH\index.php(59): CodeIgniter\Boot::bootWeb(Object(Config\Paths))
CRITICAL - 2026-04-26 01:53:43 --> CodeIgniter\View\Exceptions\ViewException: Invalid file: "pengembalian/detail.php"
[Method: GET, Route: pengembalian/detail/0]
in SYSTEMPATH\Exceptions\FrameworkException.php on line 39.
 1 SYSTEMPATH\View\View.php(214): CodeIgniter\Exceptions\FrameworkException::forInvalidFile('pengembalian/detail.php')
 2 SYSTEMPATH\Common.php(1167): CodeIgniter\View\View->render('pengembalian/detail', [], true)
 3 APPPATH\Controllers\Pengembalian.php(70): view('pengembalian/detail', [...])
 4 SYSTEMPATH\CodeIgniter.php(933): App\Controllers\Pengembalian->detail('0')
 5 SYSTEMPATH\CodeIgniter.php(507): CodeIgniter\CodeIgniter->runController(Object(App\Controllers\Pengembalian))
 6 SYSTEMPATH\CodeIgniter.php(354): CodeIgniter\CodeIgniter->handleRequest(null, Object(Config\Cache), false)
 7 SYSTEMPATH\Boot.php(363): CodeIgniter\CodeIgniter->run()
 8 SYSTEMPATH\Boot.php(68): CodeIgniter\Boot::runCodeIgniter(Object(CodeIgniter\CodeIgniter))
 9 FCPATH\index.php(59): CodeIgniter\Boot::bootWeb(Object(Config\Paths))
DEBUG - 2026-04-26 01:55:04 --> Session: Class initialized using 'CodeIgniter\Session\Handlers\FileHandler' driver.
DEBUG - 2026-04-26 01:55:07 --> Session: Class initialized using 'CodeIgniter\Session\Handlers\FileHandler' driver.
DEBUG - 2026-04-26 01:55:09 --> Session: Class initialized using 'CodeIgniter\Session\Handlers\FileHandler' driver.
DEBUG - 2026-04-26 01:55:14 --> Session: Class initialized using 'CodeIgniter\Session\Handlers\FileHandler' driver.
DEBUG - 2026-04-26 01:55:19 --> Session: Class initialized using 'CodeIgniter\Session\Handlers\FileHandler' driver.
DEBUG - 2026-04-26 01:55:22 --> Session: Class initialized using 'CodeIgniter\Session\Handlers\FileHandler' driver.
DEBUG - 2026-04-26 01:55:27 --> Session: Class initialized using 'CodeIgniter\Session\Handlers\FileHandler' driver.
DEBUG - 2026-04-26 01:56:51 --> Session: Class initialized using 'CodeIgniter\Session\Handlers\FileHandler' driver.
DEBUG - 2026-04-26 02:00:00 --> Session: Class initialized using 'CodeIgniter\Session\Handlers\FileHandler' driver.
DEBUG - 2026-04-26 02:00:02 --> Session: Class initialized using 'CodeIgniter\Session\Handlers\FileHandler' driver.
DEBUG - 2026-04-26 02:00:59 --> Session: Class initialized using 'CodeIgniter\Session\Handlers\FileHandler' driver.
DEBUG - 2026-04-26 02:01:53 --> Session: Class initialized using 'CodeIgniter\Session\Handlers\FileHandler' driver.
DEBUG - 2026-04-26 02:02:58 --> Session: Class initialized using 'CodeIgniter\Session\Handlers\FileHandler' driver.
DEBUG - 2026-04-26 02:02:59 --> Session: Class initialized using 'CodeIgniter\Session\Handlers\FileHandler' driver.
ERROR - 2026-04-26 02:03:03 --> mysqli_sql_exception: Unknown column 'tanggal_dikembalikan' in 'field list' in C:\xampp\htdocs\perpus\system\Database\MySQLi\Connection.php:327
Stack trace:
#0 C:\xampp\htdocs\perpus\system\Database\MySQLi\Connection.php(327): mysqli->query('INSERT INTO `pe...', 0)
#1 C:\xampp\htdocs\perpus\system\Database\BaseConnection.php(729): CodeIgniter\Database\MySQLi\Connection->execute('INSERT INTO `pe...')
#2 C:\xampp\htdocs\perpus\system\Database\BaseConnection.php(646): CodeIgniter\Database\BaseConnection->simpleQuery('INSERT INTO `pe...')
#3 C:\xampp\htdocs\perpus\system\Database\BaseBuilder.php(2345): CodeIgniter\Database\BaseConnection->query('INSERT INTO `pe...', Array, false)
#4 C:\xampp\htdocs\perpus\app\Controllers\Pengembalian.php(67): CodeIgniter\Database\BaseBuilder->insert(Array)
#5 C:\xampp\htdocs\perpus\system\CodeIgniter.php(933): App\Controllers\Pengembalian->store()
#6 C:\xampp\htdocs\perpus\system\CodeIgniter.php(507): CodeIgniter\CodeIgniter->runController(Object(App\Controllers\Pengembalian))
#7 C:\xampp\htdocs\perpus\system\CodeIgniter.php(354): CodeIgniter\CodeIgniter->handleRequest(NULL, Object(Config\Cache), false)
#8 C:\xampp\htdocs\perpus\system\Boot.php(363): CodeIgniter\CodeIgniter->run()
#9 C:\xampp\htdocs\perpus\system\Boot.php(68): CodeIgniter\Boot::runCodeIgniter(Object(CodeIgniter\CodeIgniter))
#10 C:\xampp\htdocs\perpus\index.php(59): CodeIgniter\Boot::bootWeb(Object(Config\Paths))
#11 {main}
CRITICAL - 2026-04-26 02:03:03 --> CodeIgniter\Database\Exceptions\DatabaseException: Unknown column 'tanggal_dikembalikan' in 'field list'
[Method: POST, Route: pengembalian/store]
in SYSTEMPATH\Database\BaseConnection.php on line 684.
 1 SYSTEMPATH\Database\BaseBuilder.php(2345): CodeIgniter\Database\BaseConnection->query('INSERT INTO `pengembalian` (`id_peminjaman`, `tanggal_dikembalikan`, `denda`) VALUES (:id_peminjaman:, :tanggal_dikembalikan:, :denda:)', [...], false)
 2 APPPATH\Controllers\Pengembalian.php(67): CodeIgniter\Database\BaseBuilder->insert([...])
 3 SYSTEMPATH\CodeIgniter.php(933): App\Controllers\Pengembalian->store()
 4 SYSTEMPATH\CodeIgniter.php(507): CodeIgniter\CodeIgniter->runController(Object(App\Controllers\Pengembalian))
 5 SYSTEMPATH\CodeIgniter.php(354): CodeIgniter\CodeIgniter->handleRequest(null, Object(Config\Cache), false)
 6 SYSTEMPATH\Boot.php(363): CodeIgniter\CodeIgniter->run()
 7 SYSTEMPATH\Boot.php(68): CodeIgniter\Boot::runCodeIgniter(Object(CodeIgniter\CodeIgniter))
 8 FCPATH\index.php(59): CodeIgniter\Boot::bootWeb(Object(Config\Paths))
CRITICAL - 2026-04-26 02:03:03 --> [Caused by] CodeIgniter\Database\Exceptions\DatabaseException: Unknown column 'tanggal_dikembalikan' in 'field list'
in SYSTEMPATH\Database\MySQLi\Connection.php on line 332.
 1 SYSTEMPATH\Database\BaseConnection.php(729): CodeIgniter\Database\MySQLi\Connection->execute('INSERT INTO `pengembalian` (`id_peminjaman`, `tanggal_dikembalikan`, `denda`) VALUES (\'81\', \'2026-04-26\', 0)')
 2 SYSTEMPATH\Database\BaseConnection.php(646): CodeIgniter\Database\BaseConnection->simpleQuery('INSERT INTO `pengembalian` (`id_peminjaman`, `tanggal_dikembalikan`, `denda`) VALUES (\'81\', \'2026-04-26\', 0)')
 3 SYSTEMPATH\Database\BaseBuilder.php(2345): CodeIgniter\Database\BaseConnection->query('INSERT INTO `pengembalian` (`id_peminjaman`, `tanggal_dikembalikan`, `denda`) VALUES (:id_peminjaman:, :tanggal_dikembalikan:, :denda:)', [...], false)
 4 APPPATH\Controllers\Pengembalian.php(67): CodeIgniter\Database\BaseBuilder->insert([...])
 5 SYSTEMPATH\CodeIgniter.php(933): App\Controllers\Pengembalian->store()
 6 SYSTEMPATH\CodeIgniter.php(507): CodeIgniter\CodeIgniter->runController(Object(App\Controllers\Pengembalian))
 7 SYSTEMPATH\CodeIgniter.php(354): CodeIgniter\CodeIgniter->handleRequest(null, Object(Config\Cache), false)
 8 SYSTEMPATH\Boot.php(363): CodeIgniter\CodeIgniter->run()
 9 SYSTEMPATH\Boot.php(68): CodeIgniter\Boot::runCodeIgniter(Object(CodeIgniter\CodeIgniter))
10 FCPATH\index.php(59): CodeIgniter\Boot::bootWeb(Object(Config\Paths))
CRITICAL - 2026-04-26 02:03:03 --> [Caused by] mysqli_sql_exception: Unknown column 'tanggal_dikembalikan' in 'field list'
in SYSTEMPATH\Database\MySQLi\Connection.php on line 327.
 1 SYSTEMPATH\Database\MySQLi\Connection.php(327): mysqli->query('INSERT INTO `pengembalian` (`id_peminjaman`, `tanggal_dikembalikan`, `denda`) VALUES (\'81\', \'2026-04-26\', 0)', 0)
 2 SYSTEMPATH\Database\BaseConnection.php(729): CodeIgniter\Database\MySQLi\Connection->execute('INSERT INTO `pengembalian` (`id_peminjaman`, `tanggal_dikembalikan`, `denda`) VALUES (\'81\', \'2026-04-26\', 0)')
 3 SYSTEMPATH\Database\BaseConnection.php(646): CodeIgniter\Database\BaseConnection->simpleQuery('INSERT INTO `pengembalian` (`id_peminjaman`, `tanggal_dikembalikan`, `denda`) VALUES (\'81\', \'2026-04-26\', 0)')
 4 SYSTEMPATH\Database\BaseBuilder.php(2345): CodeIgniter\Database\BaseConnection->query('INSERT INTO `pengembalian` (`id_peminjaman`, `tanggal_dikembalikan`, `denda`) VALUES (:id_peminjaman:, :tanggal_dikembalikan:, :denda:)', [...], false)
 5 APPPATH\Controllers\Pengembalian.php(67): CodeIgniter\Database\BaseBuilder->insert([...])
 6 SYSTEMPATH\CodeIgniter.php(933): App\Controllers\Pengembalian->store()
 7 SYSTEMPATH\CodeIgniter.php(507): CodeIgniter\CodeIgniter->runController(Object(App\Controllers\Pengembalian))
 8 SYSTEMPATH\CodeIgniter.php(354): CodeIgniter\CodeIgniter->handleRequest(null, Object(Config\Cache), false)
 9 SYSTEMPATH\Boot.php(363): CodeIgniter\CodeIgniter->run()
10 SYSTEMPATH\Boot.php(68): CodeIgniter\Boot::runCodeIgniter(Object(CodeIgniter\CodeIgniter))
11 FCPATH\index.php(59): CodeIgniter\Boot::bootWeb(Object(Config\Paths))
CRITICAL - 2026-04-26 02:04:48 --> ErrorException: Undefined variable $tanggal_kembali
[Method: POST, Route: pengembalian/store]
in APPPATH\Controllers\Pengembalian.php on line 69.
 1 APPPATH\Controllers\Pengembalian.php(69): CodeIgniter\Debug\Exceptions->errorHandler(2, 'Undefined variable $tanggal_kembali', 'C:\\xampp\\htdocs\\perpus\\app\\Controllers\\Pengembalian.php', 69)
 2 SYSTEMPATH\CodeIgniter.php(933): App\Controllers\Pengembalian->store()
 3 SYSTEMPATH\CodeIgniter.php(507): CodeIgniter\CodeIgniter->runController(Object(App\Controllers\Pengembalian))
 4 SYSTEMPATH\CodeIgniter.php(354): CodeIgniter\CodeIgniter->handleRequest(null, Object(Config\Cache), false)
 5 SYSTEMPATH\Boot.php(363): CodeIgniter\CodeIgniter->run()
 6 SYSTEMPATH\Boot.php(68): CodeIgniter\Boot::runCodeIgniter(Object(CodeIgniter\CodeIgniter))
 7 FCPATH\index.php(59): CodeIgniter\Boot::bootWeb(Object(Config\Paths))
ERROR - 2026-04-26 02:05:32 --> mysqli_sql_exception: Unknown column 'tanggal_dikembalikan' in 'field list' in C:\xampp\htdocs\perpus\system\Database\MySQLi\Connection.php:327
Stack trace:
#0 C:\xampp\htdocs\perpus\system\Database\MySQLi\Connection.php(327): mysqli->query('INSERT INTO `pe...', 0)
#1 C:\xampp\htdocs\perpus\system\Database\BaseConnection.php(729): CodeIgniter\Database\MySQLi\Connection->execute('INSERT INTO `pe...')
#2 C:\xampp\htdocs\perpus\system\Database\BaseConnection.php(646): CodeIgniter\Database\BaseConnection->simpleQuery('INSERT INTO `pe...')
#3 C:\xampp\htdocs\perpus\system\Database\BaseBuilder.php(2345): CodeIgniter\Database\BaseConnection->query('INSERT INTO `pe...', Array, false)
#4 C:\xampp\htdocs\perpus\app\Controllers\Pengembalian.php(69): CodeIgniter\Database\BaseBuilder->insert(Array)
#5 C:\xampp\htdocs\perpus\system\CodeIgniter.php(933): App\Controllers\Pengembalian->store()
#6 C:\xampp\htdocs\perpus\system\CodeIgniter.php(507): CodeIgniter\CodeIgniter->runController(Object(App\Controllers\Pengembalian))
#7 C:\xampp\htdocs\perpus\system\CodeIgniter.php(354): CodeIgniter\CodeIgniter->handleRequest(NULL, Object(Config\Cache), false)
#8 C:\xampp\htdocs\perpus\system\Boot.php(363): CodeIgniter\CodeIgniter->run()
#9 C:\xampp\htdocs\perpus\system\Boot.php(68): CodeIgniter\Boot::runCodeIgniter(Object(CodeIgniter\CodeIgniter))
#10 C:\xampp\htdocs\perpus\index.php(59): CodeIgniter\Boot::bootWeb(Object(Config\Paths))
#11 {main}
CRITICAL - 2026-04-26 02:05:32 --> CodeIgniter\Database\Exceptions\DatabaseException: Unknown column 'tanggal_dikembalikan' in 'field list'
[Method: POST, Route: pengembalian/store]
in SYSTEMPATH\Database\BaseConnection.php on line 684.
 1 SYSTEMPATH\Database\BaseBuilder.php(2345): CodeIgniter\Database\BaseConnection->query('INSERT INTO `pengembalian` (`id_peminjaman`, `tanggal_dikembalikan`, `denda`) VALUES (:id_peminjaman:, :tanggal_dikembalikan:, :denda:)', [...], false)
 2 APPPATH\Controllers\Pengembalian.php(69): CodeIgniter\Database\BaseBuilder->insert([...])
 3 SYSTEMPATH\CodeIgniter.php(933): App\Controllers\Pengembalian->store()
 4 SYSTEMPATH\CodeIgniter.php(507): CodeIgniter\CodeIgniter->runController(Object(App\Controllers\Pengembalian))
 5 SYSTEMPATH\CodeIgniter.php(354): CodeIgniter\CodeIgniter->handleRequest(null, Object(Config\Cache), false)
 6 SYSTEMPATH\Boot.php(363): CodeIgniter\CodeIgniter->run()
 7 SYSTEMPATH\Boot.php(68): CodeIgniter\Boot::runCodeIgniter(Object(CodeIgniter\CodeIgniter))
 8 FCPATH\index.php(59): CodeIgniter\Boot::bootWeb(Object(Config\Paths))
CRITICAL - 2026-04-26 02:05:32 --> [Caused by] CodeIgniter\Database\Exceptions\DatabaseException: Unknown column 'tanggal_dikembalikan' in 'field list'
in SYSTEMPATH\Database\MySQLi\Connection.php on line 332.
 1 SYSTEMPATH\Database\BaseConnection.php(729): CodeIgniter\Database\MySQLi\Connection->execute('INSERT INTO `pengembalian` (`id_peminjaman`, `tanggal_dikembalikan`, `denda`) VALUES (\'81\', \'2026-04-26\', 0)')
 2 SYSTEMPATH\Database\BaseConnection.php(646): CodeIgniter\Database\BaseConnection->simpleQuery('INSERT INTO `pengembalian` (`id_peminjaman`, `tanggal_dikembalikan`, `denda`) VALUES (\'81\', \'2026-04-26\', 0)')
 3 SYSTEMPATH\Database\BaseBuilder.php(2345): CodeIgniter\Database\BaseConnection->query('INSERT INTO `pengembalian` (`id_peminjaman`, `tanggal_dikembalikan`, `denda`) VALUES (:id_peminjaman:, :tanggal_dikembalikan:, :denda:)', [...], false)
 4 APPPATH\Controllers\Pengembalian.php(69): CodeIgniter\Database\BaseBuilder->insert([...])
 5 SYSTEMPATH\CodeIgniter.php(933): App\Controllers\Pengembalian->store()
 6 SYSTEMPATH\CodeIgniter.php(507): CodeIgniter\CodeIgniter->runController(Object(App\Controllers\Pengembalian))
 7 SYSTEMPATH\CodeIgniter.php(354): CodeIgniter\CodeIgniter->handleRequest(null, Object(Config\Cache), false)
 8 SYSTEMPATH\Boot.php(363): CodeIgniter\CodeIgniter->run()
 9 SYSTEMPATH\Boot.php(68): CodeIgniter\Boot::runCodeIgniter(Object(CodeIgniter\CodeIgniter))
10 FCPATH\index.php(59): CodeIgniter\Boot::bootWeb(Object(Config\Paths))
CRITICAL - 2026-04-26 02:05:32 --> [Caused by] mysqli_sql_exception: Unknown column 'tanggal_dikembalikan' in 'field list'
in SYSTEMPATH\Database\MySQLi\Connection.php on line 327.
 1 SYSTEMPATH\Database\MySQLi\Connection.php(327): mysqli->query('INSERT INTO `pengembalian` (`id_peminjaman`, `tanggal_dikembalikan`, `denda`) VALUES (\'81\', \'2026-04-26\', 0)', 0)
 2 SYSTEMPATH\Database\BaseConnection.php(729): CodeIgniter\Database\MySQLi\Connection->execute('INSERT INTO `pengembalian` (`id_peminjaman`, `tanggal_dikembalikan`, `denda`) VALUES (\'81\', \'2026-04-26\', 0)')
 3 SYSTEMPATH\Database\BaseConnection.php(646): CodeIgniter\Database\BaseConnection->simpleQuery('INSERT INTO `pengembalian` (`id_peminjaman`, `tanggal_dikembalikan`, `denda`) VALUES (\'81\', \'2026-04-26\', 0)')
 4 SYSTEMPATH\Database\BaseBuilder.php(2345): CodeIgniter\Database\BaseConnection->query('INSERT INTO `pengembalian` (`id_peminjaman`, `tanggal_dikembalikan`, `denda`) VALUES (:id_peminjaman:, :tanggal_dikembalikan:, :denda:)', [...], false)
 5 APPPATH\Controllers\Pengembalian.php(69): CodeIgniter\Database\BaseBuilder->insert([...])
 6 SYSTEMPATH\CodeIgniter.php(933): App\Controllers\Pengembalian->store()
 7 SYSTEMPATH\CodeIgniter.php(507): CodeIgniter\CodeIgniter->runController(Object(App\Controllers\Pengembalian))
 8 SYSTEMPATH\CodeIgniter.php(354): CodeIgniter\CodeIgniter->handleRequest(null, Object(Config\Cache), false)
 9 SYSTEMPATH\Boot.php(363): CodeIgniter\CodeIgniter->run()
10 SYSTEMPATH\Boot.php(68): CodeIgniter\Boot::runCodeIgniter(Object(CodeIgniter\CodeIgniter))
11 FCPATH\index.php(59): CodeIgniter\Boot::bootWeb(Object(Config\Paths))
ERROR - 2026-04-26 02:06:30 --> mysqli_sql_exception: Unknown column 'tanggal_dikembalikan' in 'field list' in C:\xampp\htdocs\perpus\system\Database\MySQLi\Connection.php:327
Stack trace:
#0 C:\xampp\htdocs\perpus\system\Database\MySQLi\Connection.php(327): mysqli->query('INSERT INTO `pe...', 0)
#1 C:\xampp\htdocs\perpus\system\Database\BaseConnection.php(729): CodeIgniter\Database\MySQLi\Connection->execute('INSERT INTO `pe...')
#2 C:\xampp\htdocs\perpus\system\Database\BaseConnection.php(646): CodeIgniter\Database\BaseConnection->simpleQuery('INSERT INTO `pe...')
#3 C:\xampp\htdocs\perpus\system\Database\BaseBuilder.php(2345): CodeIgniter\Database\BaseConnection->query('INSERT INTO `pe...', Array, false)
#4 C:\xampp\htdocs\perpus\app\Controllers\Pengembalian.php(73): CodeIgniter\Database\BaseBuilder->insert(Array)
#5 C:\xampp\htdocs\perpus\system\CodeIgniter.php(933): App\Controllers\Pengembalian->store()
#6 C:\xampp\htdocs\perpus\system\CodeIgniter.php(507): CodeIgniter\CodeIgniter->runController(Object(App\Controllers\Pengembalian))
#7 C:\xampp\htdocs\perpus\system\CodeIgniter.php(354): CodeIgniter\CodeIgniter->handleRequest(NULL, Object(Config\Cache), false)
#8 C:\xampp\htdocs\perpus\system\Boot.php(363): CodeIgniter\CodeIgniter->run()
#9 C:\xampp\htdocs\perpus\system\Boot.php(68): CodeIgniter\Boot::runCodeIgniter(Object(CodeIgniter\CodeIgniter))
#10 C:\xampp\htdocs\perpus\index.php(59): CodeIgniter\Boot::bootWeb(Object(Config\Paths))
#11 {main}
CRITICAL - 2026-04-26 02:06:30 --> CodeIgniter\Database\Exceptions\DatabaseException: Unknown column 'tanggal_dikembalikan' in 'field list'
[Method: POST, Route: pengembalian/store]
in SYSTEMPATH\Database\BaseConnection.php on line 684.
 1 SYSTEMPATH\Database\BaseBuilder.php(2345): CodeIgniter\Database\BaseConnection->query('INSERT INTO `pengembalian` (`id_peminjaman`, `tanggal_dikembalikan`, `denda`) VALUES (:id_peminjaman:, :tanggal_dikembalikan:, :denda:)', [...], false)
 2 APPPATH\Controllers\Pengembalian.php(73): CodeIgniter\Database\BaseBuilder->insert([...])
 3 SYSTEMPATH\CodeIgniter.php(933): App\Controllers\Pengembalian->store()
 4 SYSTEMPATH\CodeIgniter.php(507): CodeIgniter\CodeIgniter->runController(Object(App\Controllers\Pengembalian))
 5 SYSTEMPATH\CodeIgniter.php(354): CodeIgniter\CodeIgniter->handleRequest(null, Object(Config\Cache), false)
 6 SYSTEMPATH\Boot.php(363): CodeIgniter\CodeIgniter->run()
 7 SYSTEMPATH\Boot.php(68): CodeIgniter\Boot::runCodeIgniter(Object(CodeIgniter\CodeIgniter))
 8 FCPATH\index.php(59): CodeIgniter\Boot::bootWeb(Object(Config\Paths))
CRITICAL - 2026-04-26 02:06:30 --> [Caused by] CodeIgniter\Database\Exceptions\DatabaseException: Unknown column 'tanggal_dikembalikan' in 'field list'
in SYSTEMPATH\Database\MySQLi\Connection.php on line 332.
 1 SYSTEMPATH\Database\BaseConnection.php(729): CodeIgniter\Database\MySQLi\Connection->execute('INSERT INTO `pengembalian` (`id_peminjaman`, `tanggal_dikembalikan`, `denda`) VALUES (\'81\', \'2026-04-26\', 0)')
 2 SYSTEMPATH\Database\BaseConnection.php(646): CodeIgniter\Database\BaseConnection->simpleQuery('INSERT INTO `pengembalian` (`id_peminjaman`, `tanggal_dikembalikan`, `denda`) VALUES (\'81\', \'2026-04-26\', 0)')
 3 SYSTEMPATH\Database\BaseBuilder.php(2345): CodeIgniter\Database\BaseConnection->query('INSERT INTO `pengembalian` (`id_peminjaman`, `tanggal_dikembalikan`, `denda`) VALUES (:id_peminjaman:, :tanggal_dikembalikan:, :denda:)', [...], false)
 4 APPPATH\Controllers\Pengembalian.php(73): CodeIgniter\Database\BaseBuilder->insert([...])
 5 SYSTEMPATH\CodeIgniter.php(933): App\Controllers\Pengembalian->store()
 6 SYSTEMPATH\CodeIgniter.php(507): CodeIgniter\CodeIgniter->runController(Object(App\Controllers\Pengembalian))
 7 SYSTEMPATH\CodeIgniter.php(354): CodeIgniter\CodeIgniter->handleRequest(null, Object(Config\Cache), false)
 8 SYSTEMPATH\Boot.php(363): CodeIgniter\CodeIgniter->run()
 9 SYSTEMPATH\Boot.php(68): CodeIgniter\Boot::runCodeIgniter(Object(CodeIgniter\CodeIgniter))
10 FCPATH\index.php(59): CodeIgniter\Boot::bootWeb(Object(Config\Paths))
CRITICAL - 2026-04-26 02:06:30 --> [Caused by] mysqli_sql_exception: Unknown column 'tanggal_dikembalikan' in 'field list'
in SYSTEMPATH\Database\MySQLi\Connection.php on line 327.
 1 SYSTEMPATH\Database\MySQLi\Connection.php(327): mysqli->query('INSERT INTO `pengembalian` (`id_peminjaman`, `tanggal_dikembalikan`, `denda`) VALUES (\'81\', \'2026-04-26\', 0)', 0)
 2 SYSTEMPATH\Database\BaseConnection.php(729): CodeIgniter\Database\MySQLi\Connection->execute('INSERT INTO `pengembalian` (`id_peminjaman`, `tanggal_dikembalikan`, `denda`) VALUES (\'81\', \'2026-04-26\', 0)')
 3 SYSTEMPATH\Database\BaseConnection.php(646): CodeIgniter\Database\BaseConnection->simpleQuery('INSERT INTO `pengembalian` (`id_peminjaman`, `tanggal_dikembalikan`, `denda`) VALUES (\'81\', \'2026-04-26\', 0)')
 4 SYSTEMPATH\Database\BaseBuilder.php(2345): CodeIgniter\Database\BaseConnection->query('INSERT INTO `pengembalian` (`id_peminjaman`, `tanggal_dikembalikan`, `denda`) VALUES (:id_peminjaman:, :tanggal_dikembalikan:, :denda:)', [...], false)
 5 APPPATH\Controllers\Pengembalian.php(73): CodeIgniter\Database\BaseBuilder->insert([...])
 6 SYSTEMPATH\CodeIgniter.php(933): App\Controllers\Pengembalian->store()
 7 SYSTEMPATH\CodeIgniter.php(507): CodeIgniter\CodeIgniter->runController(Object(App\Controllers\Pengembalian))
 8 SYSTEMPATH\CodeIgniter.php(354): CodeIgniter\CodeIgniter->handleRequest(null, Object(Config\Cache), false)
 9 SYSTEMPATH\Boot.php(363): CodeIgniter\CodeIgniter->run()
10 SYSTEMPATH\Boot.php(68): CodeIgniter\Boot::runCodeIgniter(Object(CodeIgniter\CodeIgniter))
11 FCPATH\index.php(59): CodeIgniter\Boot::bootWeb(Object(Config\Paths))
CRITICAL - 2026-04-26 02:09:41 --> ParseError: syntax error, unexpected token "=>"
[Method: POST, Route: pengembalian/store]
in APPPATH\Controllers\Pengembalian.php on line 76.
 1 SYSTEMPATH\Autoloader\Autoloader.php(295): CodeIgniter\Autoloader\Autoloader->includeFile('C:\\xampp\\htdocs\\perpus\\app\\Controllers\\Pengembalian.php')
 2 SYSTEMPATH\Autoloader\Autoloader.php(271): CodeIgniter\Autoloader\Autoloader->loadInNamespace('App\\Controllers\\Pengembalian')
 3 [internal function]: CodeIgniter\Autoloader\Autoloader->loadClass('App\\Controllers\\Pengembalian')
 4 SYSTEMPATH\CodeIgniter.php(885): class_exists('\\App\\Controllers\\Pengembalian', true)
 5 SYSTEMPATH\CodeIgniter.php(494): CodeIgniter\CodeIgniter->startController()
 6 SYSTEMPATH\CodeIgniter.php(354): CodeIgniter\CodeIgniter->handleRequest(null, Object(Config\Cache), false)
 7 SYSTEMPATH\Boot.php(363): CodeIgniter\CodeIgniter->run()
 8 SYSTEMPATH\Boot.php(68): CodeIgniter\Boot::runCodeIgniter(Object(CodeIgniter\CodeIgniter))
 9 FCPATH\index.php(59): CodeIgniter\Boot::bootWeb(Object(Config\Paths))
ERROR - 2026-04-26 02:10:30 --> mysqli_sql_exception: Unknown column 'tanggal_dikembalikan' in 'field list' in C:\xampp\htdocs\perpus\system\Database\MySQLi\Connection.php:327
Stack trace:
#0 C:\xampp\htdocs\perpus\system\Database\MySQLi\Connection.php(327): mysqli->query('INSERT INTO `pe...', 0)
#1 C:\xampp\htdocs\perpus\system\Database\BaseConnection.php(729): CodeIgniter\Database\MySQLi\Connection->execute('INSERT INTO `pe...')
#2 C:\xampp\htdocs\perpus\system\Database\BaseConnection.php(646): CodeIgniter\Database\BaseConnection->simpleQuery('INSERT INTO `pe...')
#3 C:\xampp\htdocs\perpus\system\Database\BaseBuilder.php(2345): CodeIgniter\Database\BaseConnection->query('INSERT INTO `pe...', Array, false)
#4 C:\xampp\htdocs\perpus\app\Controllers\Pengembalian.php(73): CodeIgniter\Database\BaseBuilder->insert(Array)
#5 C:\xampp\htdocs\perpus\system\CodeIgniter.php(933): App\Controllers\Pengembalian->store()
#6 C:\xampp\htdocs\perpus\system\CodeIgniter.php(507): CodeIgniter\CodeIgniter->runController(Object(App\Controllers\Pengembalian))
#7 C:\xampp\htdocs\perpus\system\CodeIgniter.php(354): CodeIgniter\CodeIgniter->handleRequest(NULL, Object(Config\Cache), false)
#8 C:\xampp\htdocs\perpus\system\Boot.php(363): CodeIgniter\CodeIgniter->run()
#9 C:\xampp\htdocs\perpus\system\Boot.php(68): CodeIgniter\Boot::runCodeIgniter(Object(CodeIgniter\CodeIgniter))
#10 C:\xampp\htdocs\perpus\index.php(59): CodeIgniter\Boot::bootWeb(Object(Config\Paths))
#11 {main}
CRITICAL - 2026-04-26 02:10:30 --> CodeIgniter\Database\Exceptions\DatabaseException: Unknown column 'tanggal_dikembalikan' in 'field list'
[Method: POST, Route: pengembalian/store]
in SYSTEMPATH\Database\BaseConnection.php on line 684.
 1 SYSTEMPATH\Database\BaseBuilder.php(2345): CodeIgniter\Database\BaseConnection->query('INSERT INTO `pengembalian` (`tanggal_dikembalikan`, `denda`) VALUES (:tanggal_dikembalikan:, :denda:)', [...], false)
 2 APPPATH\Controllers\Pengembalian.php(73): CodeIgniter\Database\BaseBuilder->insert([...])
 3 SYSTEMPATH\CodeIgniter.php(933): App\Controllers\Pengembalian->store()
 4 SYSTEMPATH\CodeIgniter.php(507): CodeIgniter\CodeIgniter->runController(Object(App\Controllers\Pengembalian))
 5 SYSTEMPATH\CodeIgniter.php(354): CodeIgniter\CodeIgniter->handleRequest(null, Object(Config\Cache), false)
 6 SYSTEMPATH\Boot.php(363): CodeIgniter\CodeIgniter->run()
 7 SYSTEMPATH\Boot.php(68): CodeIgniter\Boot::runCodeIgniter(Object(CodeIgniter\CodeIgniter))
 8 FCPATH\index.php(59): CodeIgniter\Boot::bootWeb(Object(Config\Paths))
CRITICAL - 2026-04-26 02:10:30 --> [Caused by] CodeIgniter\Database\Exceptions\DatabaseException: Unknown column 'tanggal_dikembalikan' in 'field list'
in SYSTEMPATH\Database\MySQLi\Connection.php on line 332.
 1 SYSTEMPATH\Database\BaseConnection.php(729): CodeIgniter\Database\MySQLi\Connection->execute('INSERT INTO `pengembalian` (`tanggal_dikembalikan`, `denda`) VALUES (\'2026-04-26\', 0)')
 2 SYSTEMPATH\Database\BaseConnection.php(646): CodeIgniter\Database\BaseConnection->simpleQuery('INSERT INTO `pengembalian` (`tanggal_dikembalikan`, `denda`) VALUES (\'2026-04-26\', 0)')
 3 SYSTEMPATH\Database\BaseBuilder.php(2345): CodeIgniter\Database\BaseConnection->query('INSERT INTO `pengembalian` (`tanggal_dikembalikan`, `denda`) VALUES (:tanggal_dikembalikan:, :denda:)', [...], false)
 4 APPPATH\Controllers\Pengembalian.php(73): CodeIgniter\Database\BaseBuilder->insert([...])
 5 SYSTEMPATH\CodeIgniter.php(933): App\Controllers\Pengembalian->store()
 6 SYSTEMPATH\CodeIgniter.php(507): CodeIgniter\CodeIgniter->runController(Object(App\Controllers\Pengembalian))
 7 SYSTEMPATH\CodeIgniter.php(354): CodeIgniter\CodeIgniter->handleRequest(null, Object(Config\Cache), false)
 8 SYSTEMPATH\Boot.php(363): CodeIgniter\CodeIgniter->run()
 9 SYSTEMPATH\Boot.php(68): CodeIgniter\Boot::runCodeIgniter(Object(CodeIgniter\CodeIgniter))
10 FCPATH\index.php(59): CodeIgniter\Boot::bootWeb(Object(Config\Paths))
CRITICAL - 2026-04-26 02:10:30 --> [Caused by] mysqli_sql_exception: Unknown column 'tanggal_dikembalikan' in 'field list'
in SYSTEMPATH\Database\MySQLi\Connection.php on line 327.
 1 SYSTEMPATH\Database\MySQLi\Connection.php(327): mysqli->query('INSERT INTO `pengembalian` (`tanggal_dikembalikan`, `denda`) VALUES (\'2026-04-26\', 0)', 0)
 2 SYSTEMPATH\Database\BaseConnection.php(729): CodeIgniter\Database\MySQLi\Connection->execute('INSERT INTO `pengembalian` (`tanggal_dikembalikan`, `denda`) VALUES (\'2026-04-26\', 0)')
 3 SYSTEMPATH\Database\BaseConnection.php(646): CodeIgniter\Database\BaseConnection->simpleQuery('INSERT INTO `pengembalian` (`tanggal_dikembalikan`, `denda`) VALUES (\'2026-04-26\', 0)')
 4 SYSTEMPATH\Database\BaseBuilder.php(2345): CodeIgniter\Database\BaseConnection->query('INSERT INTO `pengembalian` (`tanggal_dikembalikan`, `denda`) VALUES (:tanggal_dikembalikan:, :denda:)', [...], false)
 5 APPPATH\Controllers\Pengembalian.php(73): CodeIgniter\Database\BaseBuilder->insert([...])
 6 SYSTEMPATH\CodeIgniter.php(933): App\Controllers\Pengembalian->store()
 7 SYSTEMPATH\CodeIgniter.php(507): CodeIgniter\CodeIgniter->runController(Object(App\Controllers\Pengembalian))
 8 SYSTEMPATH\CodeIgniter.php(354): CodeIgniter\CodeIgniter->handleRequest(null, Object(Config\Cache), false)
 9 SYSTEMPATH\Boot.php(363): CodeIgniter\CodeIgniter->run()
10 SYSTEMPATH\Boot.php(68): CodeIgniter\Boot::runCodeIgniter(Object(CodeIgniter\CodeIgniter))
11 FCPATH\index.php(59): CodeIgniter\Boot::bootWeb(Object(Config\Paths))
ERROR - 2026-04-26 02:12:19 --> mysqli_sql_exception: Unknown column 'tanggal_dikembalikan' in 'field list' in C:\xampp\htdocs\perpus\system\Database\MySQLi\Connection.php:327
Stack trace:
#0 C:\xampp\htdocs\perpus\system\Database\MySQLi\Connection.php(327): mysqli->query('INSERT INTO `pe...', 0)
#1 C:\xampp\htdocs\perpus\system\Database\BaseConnection.php(729): CodeIgniter\Database\MySQLi\Connection->execute('INSERT INTO `pe...')
#2 C:\xampp\htdocs\perpus\system\Database\BaseConnection.php(646): CodeIgniter\Database\BaseConnection->simpleQuery('INSERT INTO `pe...')
#3 C:\xampp\htdocs\perpus\system\Database\BaseBuilder.php(2345): CodeIgniter\Database\BaseConnection->query('INSERT INTO `pe...', Array, false)
#4 C:\xampp\htdocs\perpus\app\Controllers\Pengembalian.php(70): CodeIgniter\Database\BaseBuilder->insert(Array)
#5 C:\xampp\htdocs\perpus\system\CodeIgniter.php(933): App\Controllers\Pengembalian->store()
#6 C:\xampp\htdocs\perpus\system\CodeIgniter.php(507): CodeIgniter\CodeIgniter->runController(Object(App\Controllers\Pengembalian))
#7 C:\xampp\htdocs\perpus\system\CodeIgniter.php(354): CodeIgniter\CodeIgniter->handleRequest(NULL, Object(Config\Cache), false)
#8 C:\xampp\htdocs\perpus\system\Boot.php(363): CodeIgniter\CodeIgniter->run()
#9 C:\xampp\htdocs\perpus\system\Boot.php(68): CodeIgniter\Boot::runCodeIgniter(Object(CodeIgniter\CodeIgniter))
#10 C:\xampp\htdocs\perpus\index.php(59): CodeIgniter\Boot::bootWeb(Object(Config\Paths))
#11 {main}
CRITICAL - 2026-04-26 02:12:19 --> CodeIgniter\Database\Exceptions\DatabaseException: Unknown column 'tanggal_dikembalikan' in 'field list'
[Method: POST, Route: pengembalian/store]
in SYSTEMPATH\Database\BaseConnection.php on line 684.
 1 SYSTEMPATH\Database\BaseBuilder.php(2345): CodeIgniter\Database\BaseConnection->query('INSERT INTO `pengembalian` (`id_peminjaman`, `tanggal_dikembalikan`, `denda`) VALUES (:id_peminjaman:, :tanggal_dikembalikan:, :denda:)', [...], false)
 2 APPPATH\Controllers\Pengembalian.php(70): CodeIgniter\Database\BaseBuilder->insert([...])
 3 SYSTEMPATH\CodeIgniter.php(933): App\Controllers\Pengembalian->store()
 4 SYSTEMPATH\CodeIgniter.php(507): CodeIgniter\CodeIgniter->runController(Object(App\Controllers\Pengembalian))
 5 SYSTEMPATH\CodeIgniter.php(354): CodeIgniter\CodeIgniter->handleRequest(null, Object(Config\Cache), false)
 6 SYSTEMPATH\Boot.php(363): CodeIgniter\CodeIgniter->run()
 7 SYSTEMPATH\Boot.php(68): CodeIgniter\Boot::runCodeIgniter(Object(CodeIgniter\CodeIgniter))
 8 FCPATH\index.php(59): CodeIgniter\Boot::bootWeb(Object(Config\Paths))
CRITICAL - 2026-04-26 02:12:19 --> [Caused by] CodeIgniter\Database\Exceptions\DatabaseException: Unknown column 'tanggal_dikembalikan' in 'field list'
in SYSTEMPATH\Database\MySQLi\Connection.php on line 332.
 1 SYSTEMPATH\Database\BaseConnection.php(729): CodeIgniter\Database\MySQLi\Connection->execute('INSERT INTO `pengembalian` (`id_peminjaman`, `tanggal_dikembalikan`, `denda`) VALUES (\'81\', \'2026-04-26\', 0)')
 2 SYSTEMPATH\Database\BaseConnection.php(646): CodeIgniter\Database\BaseConnection->simpleQuery('INSERT INTO `pengembalian` (`id_peminjaman`, `tanggal_dikembalikan`, `denda`) VALUES (\'81\', \'2026-04-26\', 0)')
 3 SYSTEMPATH\Database\BaseBuilder.php(2345): CodeIgniter\Database\BaseConnection->query('INSERT INTO `pengembalian` (`id_peminjaman`, `tanggal_dikembalikan`, `denda`) VALUES (:id_peminjaman:, :tanggal_dikembalikan:, :denda:)', [...], false)
 4 APPPATH\Controllers\Pengembalian.php(70): CodeIgniter\Database\BaseBuilder->insert([...])
 5 SYSTEMPATH\CodeIgniter.php(933): App\Controllers\Pengembalian->store()
 6 SYSTEMPATH\CodeIgniter.php(507): CodeIgniter\CodeIgniter->runController(Object(App\Controllers\Pengembalian))
 7 SYSTEMPATH\CodeIgniter.php(354): CodeIgniter\CodeIgniter->handleRequest(null, Object(Config\Cache), false)
 8 SYSTEMPATH\Boot.php(363): CodeIgniter\CodeIgniter->run()
 9 SYSTEMPATH\Boot.php(68): CodeIgniter\Boot::runCodeIgniter(Object(CodeIgniter\CodeIgniter))
10 FCPATH\index.php(59): CodeIgniter\Boot::bootWeb(Object(Config\Paths))
CRITICAL - 2026-04-26 02:12:19 --> [Caused by] mysqli_sql_exception: Unknown column 'tanggal_dikembalikan' in 'field list'
in SYSTEMPATH\Database\MySQLi\Connection.php on line 327.
 1 SYSTEMPATH\Database\MySQLi\Connection.php(327): mysqli->query('INSERT INTO `pengembalian` (`id_peminjaman`, `tanggal_dikembalikan`, `denda`) VALUES (\'81\', \'2026-04-26\', 0)', 0)
 2 SYSTEMPATH\Database\BaseConnection.php(729): CodeIgniter\Database\MySQLi\Connection->execute('INSERT INTO `pengembalian` (`id_peminjaman`, `tanggal_dikembalikan`, `denda`) VALUES (\'81\', \'2026-04-26\', 0)')
 3 SYSTEMPATH\Database\BaseConnection.php(646): CodeIgniter\Database\BaseConnection->simpleQuery('INSERT INTO `pengembalian` (`id_peminjaman`, `tanggal_dikembalikan`, `denda`) VALUES (\'81\', \'2026-04-26\', 0)')
 4 SYSTEMPATH\Database\BaseBuilder.php(2345): CodeIgniter\Database\BaseConnection->query('INSERT INTO `pengembalian` (`id_peminjaman`, `tanggal_dikembalikan`, `denda`) VALUES (:id_peminjaman:, :tanggal_dikembalikan:, :denda:)', [...], false)
 5 APPPATH\Controllers\Pengembalian.php(70): CodeIgniter\Database\BaseBuilder->insert([...])
 6 SYSTEMPATH\CodeIgniter.php(933): App\Controllers\Pengembalian->store()
 7 SYSTEMPATH\CodeIgniter.php(507): CodeIgniter\CodeIgniter->runController(Object(App\Controllers\Pengembalian))
 8 SYSTEMPATH\CodeIgniter.php(354): CodeIgniter\CodeIgniter->handleRequest(null, Object(Config\Cache), false)
 9 SYSTEMPATH\Boot.php(363): CodeIgniter\CodeIgniter->run()
10 SYSTEMPATH\Boot.php(68): CodeIgniter\Boot::runCodeIgniter(Object(CodeIgniter\CodeIgniter))
11 FCPATH\index.php(59): CodeIgniter\Boot::bootWeb(Object(Config\Paths))
DEBUG - 2026-04-26 02:28:23 --> Session: Class initialized using 'CodeIgniter\Session\Handlers\FileHandler' driver.
ERROR - 2026-04-26 02:28:26 --> mysqli_sql_exception: Unknown column 'tanggal_dikembalikan' in 'field list' in C:\xampp\htdocs\perpus\system\Database\MySQLi\Connection.php:327
Stack trace:
#0 C:\xampp\htdocs\perpus\system\Database\MySQLi\Connection.php(327): mysqli->query('INSERT INTO `pe...', 0)
#1 C:\xampp\htdocs\perpus\system\Database\BaseConnection.php(729): CodeIgniter\Database\MySQLi\Connection->execute('INSERT INTO `pe...')
#2 C:\xampp\htdocs\perpus\system\Database\BaseConnection.php(646): CodeIgniter\Database\BaseConnection->simpleQuery('INSERT INTO `pe...')
#3 C:\xampp\htdocs\perpus\system\Database\BaseBuilder.php(2345): CodeIgniter\Database\BaseConnection->query('INSERT INTO `pe...', Array, false)
#4 C:\xampp\htdocs\perpus\app\Controllers\Pengembalian.php(70): CodeIgniter\Database\BaseBuilder->insert(Array)
#5 C:\xampp\htdocs\perpus\system\CodeIgniter.php(933): App\Controllers\Pengembalian->store()
#6 C:\xampp\htdocs\perpus\system\CodeIgniter.php(507): CodeIgniter\CodeIgniter->runController(Object(App\Controllers\Pengembalian))
#7 C:\xampp\htdocs\perpus\system\CodeIgniter.php(354): CodeIgniter\CodeIgniter->handleRequest(NULL, Object(Config\Cache), false)
#8 C:\xampp\htdocs\perpus\system\Boot.php(363): CodeIgniter\CodeIgniter->run()
#9 C:\xampp\htdocs\perpus\system\Boot.php(68): CodeIgniter\Boot::runCodeIgniter(Object(CodeIgniter\CodeIgniter))
#10 C:\xampp\htdocs\perpus\index.php(59): CodeIgniter\Boot::bootWeb(Object(Config\Paths))
#11 {main}
CRITICAL - 2026-04-26 02:28:26 --> CodeIgniter\Database\Exceptions\DatabaseException: Unknown column 'tanggal_dikembalikan' in 'field list'
[Method: POST, Route: pengembalian/store]
in SYSTEMPATH\Database\BaseConnection.php on line 684.
 1 SYSTEMPATH\Database\BaseBuilder.php(2345): CodeIgniter\Database\BaseConnection->query('INSERT INTO `pengembalian` (`id_peminjaman`, `tanggal_dikembalikan`, `denda`) VALUES (:id_peminjaman:, :tanggal_dikembalikan:, :denda:)', [...], false)
 2 APPPATH\Controllers\Pengembalian.php(70): CodeIgniter\Database\BaseBuilder->insert([...])
 3 SYSTEMPATH\CodeIgniter.php(933): App\Controllers\Pengembalian->store()
 4 SYSTEMPATH\CodeIgniter.php(507): CodeIgniter\CodeIgniter->runController(Object(App\Controllers\Pengembalian))
 5 SYSTEMPATH\CodeIgniter.php(354): CodeIgniter\CodeIgniter->handleRequest(null, Object(Config\Cache), false)
 6 SYSTEMPATH\Boot.php(363): CodeIgniter\CodeIgniter->run()
 7 SYSTEMPATH\Boot.php(68): CodeIgniter\Boot::runCodeIgniter(Object(CodeIgniter\CodeIgniter))
 8 FCPATH\index.php(59): CodeIgniter\Boot::bootWeb(Object(Config\Paths))
CRITICAL - 2026-04-26 02:28:26 --> [Caused by] CodeIgniter\Database\Exceptions\DatabaseException: Unknown column 'tanggal_dikembalikan' in 'field list'
in SYSTEMPATH\Database\MySQLi\Connection.php on line 332.
 1 SYSTEMPATH\Database\BaseConnection.php(729): CodeIgniter\Database\MySQLi\Connection->execute('INSERT INTO `pengembalian` (`id_peminjaman`, `tanggal_dikembalikan`, `denda`) VALUES (\'81\', \'2026-04-26\', 0)')
 2 SYSTEMPATH\Database\BaseConnection.php(646): CodeIgniter\Database\BaseConnection->simpleQuery('INSERT INTO `pengembalian` (`id_peminjaman`, `tanggal_dikembalikan`, `denda`) VALUES (\'81\', \'2026-04-26\', 0)')
 3 SYSTEMPATH\Database\BaseBuilder.php(2345): CodeIgniter\Database\BaseConnection->query('INSERT INTO `pengembalian` (`id_peminjaman`, `tanggal_dikembalikan`, `denda`) VALUES (:id_peminjaman:, :tanggal_dikembalikan:, :denda:)', [...], false)
 4 APPPATH\Controllers\Pengembalian.php(70): CodeIgniter\Database\BaseBuilder->insert([...])
 5 SYSTEMPATH\CodeIgniter.php(933): App\Controllers\Pengembalian->store()
 6 SYSTEMPATH\CodeIgniter.php(507): CodeIgniter\CodeIgniter->runController(Object(App\Controllers\Pengembalian))
 7 SYSTEMPATH\CodeIgniter.php(354): CodeIgniter\CodeIgniter->handleRequest(null, Object(Config\Cache), false)
 8 SYSTEMPATH\Boot.php(363): CodeIgniter\CodeIgniter->run()
 9 SYSTEMPATH\Boot.php(68): CodeIgniter\Boot::runCodeIgniter(Object(CodeIgniter\CodeIgniter))
10 FCPATH\index.php(59): CodeIgniter\Boot::bootWeb(Object(Config\Paths))
CRITICAL - 2026-04-26 02:28:26 --> [Caused by] mysqli_sql_exception: Unknown column 'tanggal_dikembalikan' in 'field list'
in SYSTEMPATH\Database\MySQLi\Connection.php on line 327.
 1 SYSTEMPATH\Database\MySQLi\Connection.php(327): mysqli->query('INSERT INTO `pengembalian` (`id_peminjaman`, `tanggal_dikembalikan`, `denda`) VALUES (\'81\', \'2026-04-26\', 0)', 0)
 2 SYSTEMPATH\Database\BaseConnection.php(729): CodeIgniter\Database\MySQLi\Connection->execute('INSERT INTO `pengembalian` (`id_peminjaman`, `tanggal_dikembalikan`, `denda`) VALUES (\'81\', \'2026-04-26\', 0)')
 3 SYSTEMPATH\Database\BaseConnection.php(646): CodeIgniter\Database\BaseConnection->simpleQuery('INSERT INTO `pengembalian` (`id_peminjaman`, `tanggal_dikembalikan`, `denda`) VALUES (\'81\', \'2026-04-26\', 0)')
 4 SYSTEMPATH\Database\BaseBuilder.php(2345): CodeIgniter\Database\BaseConnection->query('INSERT INTO `pengembalian` (`id_peminjaman`, `tanggal_dikembalikan`, `denda`) VALUES (:id_peminjaman:, :tanggal_dikembalikan:, :denda:)', [...], false)
 5 APPPATH\Controllers\Pengembalian.php(70): CodeIgniter\Database\BaseBuilder->insert([...])
 6 SYSTEMPATH\CodeIgniter.php(933): App\Controllers\Pengembalian->store()
 7 SYSTEMPATH\CodeIgniter.php(507): CodeIgniter\CodeIgniter->runController(Object(App\Controllers\Pengembalian))
 8 SYSTEMPATH\CodeIgniter.php(354): CodeIgniter\CodeIgniter->handleRequest(null, Object(Config\Cache), false)
 9 SYSTEMPATH\Boot.php(363): CodeIgniter\CodeIgniter->run()
10 SYSTEMPATH\Boot.php(68): CodeIgniter\Boot::runCodeIgniter(Object(CodeIgniter\CodeIgniter))
11 FCPATH\index.php(59): CodeIgniter\Boot::bootWeb(Object(Config\Paths))
DEBUG - 2026-04-26 02:32:24 --> Session: Class initialized using 'CodeIgniter\Session\Handlers\FileHandler' driver.
DEBUG - 2026-04-26 02:32:43 --> Session: Class initialized using 'CodeIgniter\Session\Handlers\FileHandler' driver.
DEBUG - 2026-04-26 02:32:52 --> Session: Class initialized using 'CodeIgniter\Session\Handlers\FileHandler' driver.
DEBUG - 2026-04-26 02:32:57 --> Session: Class initialized using 'CodeIgniter\Session\Handlers\FileHandler' driver.
DEBUG - 2026-04-26 02:33:11 --> Session: Class initialized using 'CodeIgniter\Session\Handlers\FileHandler' driver.
DEBUG - 2026-04-26 02:35:01 --> Session: Class initialized using 'CodeIgniter\Session\Handlers\FileHandler' driver.
DEBUG - 2026-04-26 02:35:03 --> Session: Class initialized using 'CodeIgniter\Session\Handlers\FileHandler' driver.
DEBUG - 2026-04-26 02:35:14 --> Session: Class initialized using 'CodeIgniter\Session\Handlers\FileHandler' driver.
DEBUG - 2026-04-26 02:35:18 --> Session: Class initialized using 'CodeIgniter\Session\Handlers\FileHandler' driver.
DEBUG - 2026-04-26 02:35:32 --> Session: Class initialized using 'CodeIgniter\Session\Handlers\FileHandler' driver.
DEBUG - 2026-04-26 02:35:50 --> Session: Class initialized using 'CodeIgniter\Session\Handlers\FileHandler' driver.
DEBUG - 2026-04-26 02:35:51 --> Session: Class initialized using 'CodeIgniter\Session\Handlers\FileHandler' driver.
DEBUG - 2026-04-26 02:35:54 --> Session: Class initialized using 'CodeIgniter\Session\Handlers\FileHandler' driver.
WARNING - 2026-04-26 02:35:59 --> [DEPRECATED] strtotime(): Passing null to parameter #1 ($datetime) of type string is deprecated in APPPATH\Views\pengembalian\detail.php on line 7.
 1 APPPATH\Views\pengembalian\detail.php(7): strtotime(null)
 2 SYSTEMPATH\View\View.php(226): include('C:\\xampp\\htdocs\\perpus\\app\\Views\\pengembalian\\detail.php')
 3 SYSTEMPATH\View\View.php(229): CodeIgniter\View\View->CodeIgniter\View\{closure}()
 4 SYSTEMPATH\Common.php(1167): CodeIgniter\View\View->render('pengembalian/detail', [], true)
 5 APPPATH\Controllers\Pengembalian.php(94): view('pengembalian/detail', [...])
 6 SYSTEMPATH\CodeIgniter.php(933): App\Controllers\Pengembalian->detail('0')
 7 SYSTEMPATH\CodeIgniter.php(507): CodeIgniter\CodeIgniter->runController(Object(App\Controllers\Pengembalian))
 8 SYSTEMPATH\CodeIgniter.php(354): CodeIgniter\CodeIgniter->handleRequest(null, Object(Config\Cache), false)
 9 SYSTEMPATH\Boot.php(363): CodeIgniter\CodeIgniter->run()
10 SYSTEMPATH\Boot.php(68): CodeIgniter\Boot::runCodeIgniter(Object(CodeIgniter\CodeIgniter))
11 FCPATH\index.php(59): CodeIgniter\Boot::bootWeb(Object(Config\Paths))
WARNING - 2026-04-26 02:35:59 --> [DEPRECATED] strtotime(): Passing null to parameter #1 ($datetime) of type string is deprecated in APPPATH\Views\pengembalian\detail.php on line 11.
 1 APPPATH\Views\pengembalian\detail.php(11): strtotime(null)
 2 SYSTEMPATH\View\View.php(226): include('C:\\xampp\\htdocs\\perpus\\app\\Views\\pengembalian\\detail.php')
 3 SYSTEMPATH\View\View.php(229): CodeIgniter\View\View->CodeIgniter\View\{closure}()
 4 SYSTEMPATH\Common.php(1167): CodeIgniter\View\View->render('pengembalian/detail', [], true)
 5 APPPATH\Controllers\Pengembalian.php(94): view('pengembalian/detail', [...])
 6 SYSTEMPATH\CodeIgniter.php(933): App\Controllers\Pengembalian->detail('0')
 7 SYSTEMPATH\CodeIgniter.php(507): CodeIgniter\CodeIgniter->runController(Object(App\Controllers\Pengembalian))
 8 SYSTEMPATH\CodeIgniter.php(354): CodeIgniter\CodeIgniter->handleRequest(null, Object(Config\Cache), false)
 9 SYSTEMPATH\Boot.php(363): CodeIgniter\CodeIgniter->run()
10 SYSTEMPATH\Boot.php(68): CodeIgniter\Boot::runCodeIgniter(Object(CodeIgniter\CodeIgniter))
11 FCPATH\index.php(59): CodeIgniter\Boot::bootWeb(Object(Config\Paths))
CRITICAL - 2026-04-26 02:35:59 --> ErrorException: Undefined array key "tanggal_pengembalian"
[Method: GET, Route: pengembalian/detail/0]
in APPPATH\Views\pengembalian\detail.php on line 16.
 1 APPPATH\Views\pengembalian\detail.php(16): CodeIgniter\Debug\Exceptions->errorHandler(2, 'Undefined array key "tanggal_pengembalian"', 'C:\\xampp\\htdocs\\perpus\\app\\Views\\pengembalian\\detail.php', 16)
 2 SYSTEMPATH\View\View.php(226): include('C:\\xampp\\htdocs\\perpus\\app\\Views\\pengembalian\\detail.php')
 3 SYSTEMPATH\View\View.php(229): CodeIgniter\View\View->CodeIgniter\View\{closure}()
 4 SYSTEMPATH\Common.php(1167): CodeIgniter\View\View->render('pengembalian/detail', [], true)
 5 APPPATH\Controllers\Pengembalian.php(94): view('pengembalian/detail', [...])
 6 SYSTEMPATH\CodeIgniter.php(933): App\Controllers\Pengembalian->detail('0')
 7 SYSTEMPATH\CodeIgniter.php(507): CodeIgniter\CodeIgniter->runController(Object(App\Controllers\Pengembalian))
 8 SYSTEMPATH\CodeIgniter.php(354): CodeIgniter\CodeIgniter->handleRequest(null, Object(Config\Cache), false)
 9 SYSTEMPATH\Boot.php(363): CodeIgniter\CodeIgniter->run()
10 SYSTEMPATH\Boot.php(68): CodeIgniter\Boot::runCodeIgniter(Object(CodeIgniter\CodeIgniter))
11 FCPATH\index.php(59): CodeIgniter\Boot::bootWeb(Object(Config\Paths))
DEBUG - 2026-04-26 02:36:48 --> Session: Class initialized using 'CodeIgniter\Session\Handlers\FileHandler' driver.
DEBUG - 2026-04-26 02:38:31 --> Session: Class initialized using 'CodeIgniter\Session\Handlers\FileHandler' driver.
DEBUG - 2026-04-26 02:38:36 --> Session: Class initialized using 'CodeIgniter\Session\Handlers\FileHandler' driver.
DEBUG - 2026-04-26 02:38:41 --> Session: Class initialized using 'CodeIgniter\Session\Handlers\FileHandler' driver.
DEBUG - 2026-04-26 02:38:46 --> Session: Class initialized using 'CodeIgniter\Session\Handlers\FileHandler' driver.
DEBUG - 2026-04-26 02:38:53 --> Session: Class initialized using 'CodeIgniter\Session\Handlers\FileHandler' driver.
DEBUG - 2026-04-26 02:41:04 --> Session: Class initialized using 'CodeIgniter\Session\Handlers\FileHandler' driver.
DEBUG - 2026-04-26 02:41:52 --> Session: Class initialized using 'CodeIgniter\Session\Handlers\FileHandler' driver.
DEBUG - 2026-04-26 02:44:52 --> Session: Class initialized using 'CodeIgniter\Session\Handlers\FileHandler' driver.
DEBUG - 2026-04-26 02:44:57 --> Session: Class initialized using 'CodeIgniter\Session\Handlers\FileHandler' driver.
DEBUG - 2026-04-26 02:45:01 --> Session: Class initialized using 'CodeIgniter\Session\Handlers\FileHandler' driver.
DEBUG - 2026-04-26 02:45:05 --> Session: Class initialized using 'CodeIgniter\Session\Handlers\FileHandler' driver.
DEBUG - 2026-04-26 02:45:08 --> Session: Class initialized using 'CodeIgniter\Session\Handlers\FileHandler' driver.
CRITICAL - 2026-04-26 02:45:11 --> ErrorException: Trying to access array offset on value of type null
[Method: GET, Route: pengembalian/hitung/2]
in APPPATH\Controllers\Pengembalian.php on line 126.
 1 APPPATH\Controllers\Pengembalian.php(126): CodeIgniter\Debug\Exceptions->errorHandler(2, 'Trying to access array offset on value of type null', 'C:\\xampp\\htdocs\\perpus\\app\\Controllers\\Pengembalian.php', 126)
 2 SYSTEMPATH\CodeIgniter.php(933): App\Controllers\Pengembalian->hitung('2')
 3 SYSTEMPATH\CodeIgniter.php(507): CodeIgniter\CodeIgniter->runController(Object(App\Controllers\Pengembalian))
 4 SYSTEMPATH\CodeIgniter.php(354): CodeIgniter\CodeIgniter->handleRequest(null, Object(Config\Cache), false)
 5 SYSTEMPATH\Boot.php(363): CodeIgniter\CodeIgniter->run()
 6 SYSTEMPATH\Boot.php(68): CodeIgniter\Boot::runCodeIgniter(Object(CodeIgniter\CodeIgniter))
 7 FCPATH\index.php(59): CodeIgniter\Boot::bootWeb(Object(Config\Paths))
DEBUG - 2026-04-26 02:48:38 --> Session: Class initialized using 'CodeIgniter\Session\Handlers\FileHandler' driver.
DEBUG - 2026-04-26 02:48:38 --> Session: Class initialized using 'CodeIgniter\Session\Handlers\FileHandler' driver.
DEBUG - 2026-04-26 02:48:43 --> Session: Class initialized using 'CodeIgniter\Session\Handlers\FileHandler' driver.
DEBUG - 2026-04-26 02:48:47 --> Session: Class initialized using 'CodeIgniter\Session\Handlers\FileHandler' driver.
DEBUG - 2026-04-26 02:48:51 --> Session: Class initialized using 'CodeIgniter\Session\Handlers\FileHandler' driver.
CRITICAL - 2026-04-26 02:48:55 --> ErrorException: Undefined array key "tanggal_pengembalian"
[Method: GET, Route: pengembalian/detail/83]
in APPPATH\Views\pengembalian\detail.php on line 16.
 1 APPPATH\Views\pengembalian\detail.php(16): CodeIgniter\Debug\Exceptions->errorHandler(2, 'Undefined array key "tanggal_pengembalian"', 'C:\\xampp\\htdocs\\perpus\\app\\Views\\pengembalian\\detail.php', 16)
 2 SYSTEMPATH\View\View.php(226): include('C:\\xampp\\htdocs\\perpus\\app\\Views\\pengembalian\\detail.php')
 3 SYSTEMPATH\View\View.php(229): CodeIgniter\View\View->CodeIgniter\View\{closure}()
 4 SYSTEMPATH\Common.php(1167): CodeIgniter\View\View->render('pengembalian/detail', [], true)
 5 APPPATH\Controllers\Pengembalian.php(94): view('pengembalian/detail', [...])
 6 SYSTEMPATH\CodeIgniter.php(933): App\Controllers\Pengembalian->detail('83')
 7 SYSTEMPATH\CodeIgniter.php(507): CodeIgniter\CodeIgniter->runController(Object(App\Controllers\Pengembalian))
 8 SYSTEMPATH\CodeIgniter.php(354): CodeIgniter\CodeIgniter->handleRequest(null, Object(Config\Cache), false)
 9 SYSTEMPATH\Boot.php(363): CodeIgniter\CodeIgniter->run()
10 SYSTEMPATH\Boot.php(68): CodeIgniter\Boot::runCodeIgniter(Object(CodeIgniter\CodeIgniter))
11 FCPATH\index.php(59): CodeIgniter\Boot::bootWeb(Object(Config\Paths))
DEBUG - 2026-04-26 02:51:51 --> Session: Class initialized using 'CodeIgniter\Session\Handlers\FileHandler' driver.
DEBUG - 2026-04-26 02:51:58 --> Session: Class initialized using 'CodeIgniter\Session\Handlers\FileHandler' driver.
DEBUG - 2026-04-26 02:52:12 --> Session: Class initialized using 'CodeIgniter\Session\Handlers\FileHandler' driver.
DEBUG - 2026-04-26 02:52:38 --> Session: Class initialized using 'CodeIgniter\Session\Handlers\FileHandler' driver.
DEBUG - 2026-04-26 03:02:22 --> Session: Class initialized using 'CodeIgniter\Session\Handlers\FileHandler' driver.
DEBUG - 2026-04-26 03:02:26 --> Session: Class initialized using 'CodeIgniter\Session\Handlers\FileHandler' driver.
DEBUG - 2026-04-26 03:02:53 --> Session: Class initialized using 'CodeIgniter\Session\Handlers\FileHandler' driver.
DEBUG - 2026-04-26 03:03:05 --> Session: Class initialized using 'CodeIgniter\Session\Handlers\FileHandler' driver.
DEBUG - 2026-04-26 03:03:09 --> Session: Class initialized using 'CodeIgniter\Session\Handlers\FileHandler' driver.
DEBUG - 2026-04-26 03:03:10 --> Session: Class initialized using 'CodeIgniter\Session\Handlers\FileHandler' driver.
DEBUG - 2026-04-26 03:03:17 --> Session: Class initialized using 'CodeIgniter\Session\Handlers\FileHandler' driver.
DEBUG - 2026-04-26 03:03:18 --> Session: Class initialized using 'CodeIgniter\Session\Handlers\FileHandler' driver.
DEBUG - 2026-04-26 03:03:19 --> Session: Class initialized using 'CodeIgniter\Session\Handlers\FileHandler' driver.
DEBUG - 2026-04-26 03:03:21 --> Session: Class initialized using 'CodeIgniter\Session\Handlers\FileHandler' driver.
DEBUG - 2026-04-26 03:03:22 --> Session: Class initialized using 'CodeIgniter\Session\Handlers\FileHandler' driver.
DEBUG - 2026-04-26 03:03:23 --> Session: Class initialized using 'CodeIgniter\Session\Handlers\FileHandler' driver.
DEBUG - 2026-04-26 03:03:38 --> Session: Class initialized using 'CodeIgniter\Session\Handlers\FileHandler' driver.
DEBUG - 2026-04-26 03:06:18 --> Session: Class initialized using 'CodeIgniter\Session\Handlers\FileHandler' driver.
DEBUG - 2026-04-26 03:06:19 --> Session: Class initialized using 'CodeIgniter\Session\Handlers\FileHandler' driver.
DEBUG - 2026-04-26 03:06:30 --> Session: Class initialized using 'CodeIgniter\Session\Handlers\FileHandler' driver.
DEBUG - 2026-04-26 03:06:30 --> Session: Class initialized using 'CodeIgniter\Session\Handlers\FileHandler' driver.
DEBUG - 2026-04-26 03:06:32 --> Session: Class initialized using 'CodeIgniter\Session\Handlers\FileHandler' driver.
DEBUG - 2026-04-26 03:06:51 --> Session: Class initialized using 'CodeIgniter\Session\Handlers\FileHandler' driver.
DEBUG - 2026-04-26 03:06:51 --> Session: Class initialized using 'CodeIgniter\Session\Handlers\FileHandler' driver.
DEBUG - 2026-04-26 03:07:21 --> Session: Class initialized using 'CodeIgniter\Session\Handlers\FileHandler' driver.
DEBUG - 2026-04-26 03:07:59 --> Session: Class initialized using 'CodeIgniter\Session\Handlers\FileHandler' driver.
DEBUG - 2026-04-26 03:08:01 --> Session: Class initialized using 'CodeIgniter\Session\Handlers\FileHandler' driver.
DEBUG - 2026-04-26 03:08:02 --> Session: Class initialized using 'CodeIgniter\Session\Handlers\FileHandler' driver.
DEBUG - 2026-04-26 03:08:33 --> Session: Class initialized using 'CodeIgniter\Session\Handlers\FileHandler' driver.
DEBUG - 2026-04-26 03:08:57 --> Session: Class initialized using 'CodeIgniter\Session\Handlers\FileHandler' driver.
DEBUG - 2026-04-26 03:08:57 --> Session: Class initialized using 'CodeIgniter\Session\Handlers\FileHandler' driver.
DEBUG - 2026-04-26 03:09:10 --> Session: Class initialized using 'CodeIgniter\Session\Handlers\FileHandler' driver.
DEBUG - 2026-04-26 03:09:10 --> Session: Class initialized using 'CodeIgniter\Session\Handlers\FileHandler' driver.
DEBUG - 2026-04-26 03:11:13 --> Session: Class initialized using 'CodeIgniter\Session\Handlers\FileHandler' driver.
DEBUG - 2026-04-26 03:11:15 --> Session: Class initialized using 'CodeIgniter\Session\Handlers\FileHandler' driver.
DEBUG - 2026-04-26 03:11:27 --> Session: Class initialized using 'CodeIgniter\Session\Handlers\FileHandler' driver.
DEBUG - 2026-04-26 03:11:28 --> Session: Class initialized using 'CodeIgniter\Session\Handlers\FileHandler' driver.
DEBUG - 2026-04-26 03:11:43 --> Session: Class initialized using 'CodeIgniter\Session\Handlers\FileHandler' driver.
DEBUG - 2026-04-26 03:11:43 --> Session: Class initialized using 'CodeIgniter\Session\Handlers\FileHandler' driver.
DEBUG - 2026-04-26 03:11:47 --> Session: Class initialized using 'CodeIgniter\Session\Handlers\FileHandler' driver.
DEBUG - 2026-04-26 03:11:47 --> Session: Class initialized using 'CodeIgniter\Session\Handlers\FileHandler' driver.
DEBUG - 2026-04-26 03:11:48 --> Session: Class initialized using 'CodeIgniter\Session\Handlers\FileHandler' driver.
DEBUG - 2026-04-26 03:12:02 --> Session: Class initialized using 'CodeIgniter\Session\Handlers\FileHandler' driver.
DEBUG - 2026-04-26 03:12:05 --> Session: Class initialized using 'CodeIgniter\Session\Handlers\FileHandler' driver.
DEBUG - 2026-04-26 03:12:23 --> Session: Class initialized using 'CodeIgniter\Session\Handlers\FileHandler' driver.
DEBUG - 2026-04-26 03:12:25 --> Session: Class initialized using 'CodeIgniter\Session\Handlers\FileHandler' driver.
DEBUG - 2026-04-26 03:12:27 --> Session: Class initialized using 'CodeIgniter\Session\Handlers\FileHandler' driver.
DEBUG - 2026-04-26 03:12:30 --> Session: Class initialized using 'CodeIgniter\Session\Handlers\FileHandler' driver.
DEBUG - 2026-04-26 03:12:31 --> Session: Class initialized using 'CodeIgniter\Session\Handlers\FileHandler' driver.
DEBUG - 2026-04-26 03:12:32 --> Session: Class initialized using 'CodeIgniter\Session\Handlers\FileHandler' driver.
DEBUG - 2026-04-26 03:12:34 --> Session: Class initialized using 'CodeIgniter\Session\Handlers\FileHandler' driver.
DEBUG - 2026-04-26 03:12:37 --> Session: Class initialized using 'CodeIgniter\Session\Handlers\FileHandler' driver.
DEBUG - 2026-04-26 03:12:40 --> Session: Class initialized using 'CodeIgniter\Session\Handlers\FileHandler' driver.
DEBUG - 2026-04-26 03:12:44 --> Session: Class initialized using 'CodeIgniter\Session\Handlers\FileHandler' driver.
DEBUG - 2026-04-26 03:12:48 --> Session: Class initialized using 'CodeIgniter\Session\Handlers\FileHandler' driver.
DEBUG - 2026-04-26 03:12:48 --> Session: Class initialized using 'CodeIgniter\Session\Handlers\FileHandler' driver.
DEBUG - 2026-04-26 03:12:54 --> Session: Class initialized using 'CodeIgniter\Session\Handlers\FileHandler' driver.
DEBUG - 2026-04-26 03:12:54 --> Session: Class initialized using 'CodeIgniter\Session\Handlers\FileHandler' driver.
DEBUG - 2026-04-26 03:12:55 --> Session: Class initialized using 'CodeIgniter\Session\Handlers\FileHandler' driver.
DEBUG - 2026-04-26 03:19:46 --> Session: Class initialized using 'CodeIgniter\Session\Handlers\FileHandler' driver.
DEBUG - 2026-04-26 03:19:50 --> Session: Class initialized using 'CodeIgniter\Session\Handlers\FileHandler' driver.
DEBUG - 2026-04-26 03:19:52 --> Session: Class initialized using 'CodeIgniter\Session\Handlers\FileHandler' driver.
DEBUG - 2026-04-26 03:19:54 --> Session: Class initialized using 'CodeIgniter\Session\Handlers\FileHandler' driver.
DEBUG - 2026-04-26 03:19:56 --> Session: Class initialized using 'CodeIgniter\Session\Handlers\FileHandler' driver.
DEBUG - 2026-04-26 03:19:58 --> Session: Class initialized using 'CodeIgniter\Session\Handlers\FileHandler' driver.
DEBUG - 2026-04-26 03:20:02 --> Session: Class initialized using 'CodeIgniter\Session\Handlers\FileHandler' driver.
DEBUG - 2026-04-26 03:20:02 --> Session: Class initialized using 'CodeIgniter\Session\Handlers\FileHandler' driver.
ERROR - 2026-04-26 03:20:04 --> mysqli_sql_exception: Unknown column 'anggota.nama' in 'field list' in C:\xampp\htdocs\perpus\system\Database\MySQLi\Connection.php:327
Stack trace:
#0 C:\xampp\htdocs\perpus\system\Database\MySQLi\Connection.php(327): mysqli->query('SELECT `peminja...', 0)
#1 C:\xampp\htdocs\perpus\system\Database\BaseConnection.php(729): CodeIgniter\Database\MySQLi\Connection->execute('SELECT `peminja...')
#2 C:\xampp\htdocs\perpus\system\Database\BaseConnection.php(646): CodeIgniter\Database\BaseConnection->simpleQuery('SELECT `peminja...')
#3 C:\xampp\htdocs\perpus\system\Database\BaseBuilder.php(1649): CodeIgniter\Database\BaseConnection->query('SELECT `peminja...', Array, false)
#4 C:\xampp\htdocs\perpus\app\Controllers\peminjaman.php(44): CodeIgniter\Database\BaseBuilder->get()
#5 C:\xampp\htdocs\perpus\system\CodeIgniter.php(933): App\Controllers\Peminjaman->index()
#6 C:\xampp\htdocs\perpus\system\CodeIgniter.php(507): CodeIgniter\CodeIgniter->runController(Object(App\Controllers\Peminjaman))
#7 C:\xampp\htdocs\perpus\system\CodeIgniter.php(354): CodeIgniter\CodeIgniter->handleRequest(NULL, Object(Config\Cache), false)
#8 C:\xampp\htdocs\perpus\system\Boot.php(363): CodeIgniter\CodeIgniter->run()
#9 C:\xampp\htdocs\perpus\system\Boot.php(68): CodeIgniter\Boot::runCodeIgniter(Object(CodeIgniter\CodeIgniter))
#10 C:\xampp\htdocs\perpus\index.php(59): CodeIgniter\Boot::bootWeb(Object(Config\Paths))
#11 {main}
CRITICAL - 2026-04-26 03:20:04 --> CodeIgniter\Database\Exceptions\DatabaseException: Unknown column 'anggota.nama' in 'field list'
[Method: GET, Route: peminjaman]
in SYSTEMPATH\Database\BaseConnection.php on line 684.
 1 SYSTEMPATH\Database\BaseBuilder.php(1649): CodeIgniter\Database\BaseConnection->query('SELECT `peminjaman`.*, `anggota`.`nama` as `nama_anggota`
FROM `peminjaman`
JOIN `anggota` ON `anggota`.`id_anggota` = `peminjaman`.`id_anggota`', [], false)
 2 APPPATH\Controllers\peminjaman.php(44): CodeIgniter\Database\BaseBuilder->get()
 3 SYSTEMPATH\CodeIgniter.php(933): App\Controllers\Peminjaman->index()
 4 SYSTEMPATH\CodeIgniter.php(507): CodeIgniter\CodeIgniter->runController(Object(App\Controllers\Peminjaman))
 5 SYSTEMPATH\CodeIgniter.php(354): CodeIgniter\CodeIgniter->handleRequest(null, Object(Config\Cache), false)
 6 SYSTEMPATH\Boot.php(363): CodeIgniter\CodeIgniter->run()
 7 SYSTEMPATH\Boot.php(68): CodeIgniter\Boot::runCodeIgniter(Object(CodeIgniter\CodeIgniter))
 8 FCPATH\index.php(59): CodeIgniter\Boot::bootWeb(Object(Config\Paths))
CRITICAL - 2026-04-26 03:20:04 --> [Caused by] CodeIgniter\Database\Exceptions\DatabaseException: Unknown column 'anggota.nama' in 'field list'
in SYSTEMPATH\Database\MySQLi\Connection.php on line 332.
 1 SYSTEMPATH\Database\BaseConnection.php(729): CodeIgniter\Database\MySQLi\Connection->execute('SELECT `peminjaman`.*, `anggota`.`nama` as `nama_anggota`
FROM `peminjaman`
JOIN `anggota` ON `anggota`.`id_anggota` = `peminjaman`.`id_anggota`')
 2 SYSTEMPATH\Database\BaseConnection.php(646): CodeIgniter\Database\BaseConnection->simpleQuery('SELECT `peminjaman`.*, `anggota`.`nama` as `nama_anggota`
FROM `peminjaman`
JOIN `anggota` ON `anggota`.`id_anggota` = `peminjaman`.`id_anggota`')
 3 SYSTEMPATH\Database\BaseBuilder.php(1649): CodeIgniter\Database\BaseConnection->query('SELECT `peminjaman`.*, `anggota`.`nama` as `nama_anggota`
FROM `peminjaman`
JOIN `anggota` ON `anggota`.`id_anggota` = `peminjaman`.`id_anggota`', [], false)
 4 APPPATH\Controllers\peminjaman.php(44): CodeIgniter\Database\BaseBuilder->get()
 5 SYSTEMPATH\CodeIgniter.php(933): App\Controllers\Peminjaman->index()
 6 SYSTEMPATH\CodeIgniter.php(507): CodeIgniter\CodeIgniter->runController(Object(App\Controllers\Peminjaman))
 7 SYSTEMPATH\CodeIgniter.php(354): CodeIgniter\CodeIgniter->handleRequest(null, Object(Config\Cache), false)
 8 SYSTEMPATH\Boot.php(363): CodeIgniter\CodeIgniter->run()
 9 SYSTEMPATH\Boot.php(68): CodeIgniter\Boot::runCodeIgniter(Object(CodeIgniter\CodeIgniter))
10 FCPATH\index.php(59): CodeIgniter\Boot::bootWeb(Object(Config\Paths))
CRITICAL - 2026-04-26 03:20:04 --> [Caused by] mysqli_sql_exception: Unknown column 'anggota.nama' in 'field list'
in SYSTEMPATH\Database\MySQLi\Connection.php on line 327.
 1 SYSTEMPATH\Database\MySQLi\Connection.php(327): mysqli->query('SELECT `peminjaman`.*, `anggota`.`nama` as `nama_anggota`
FROM `peminjaman`
JOIN `anggota` ON `anggota`.`id_anggota` = `peminjaman`.`id_anggota`', 0)
 2 SYSTEMPATH\Database\BaseConnection.php(729): CodeIgniter\Database\MySQLi\Connection->execute('SELECT `peminjaman`.*, `anggota`.`nama` as `nama_anggota`
FROM `peminjaman`
JOIN `anggota` ON `anggota`.`id_anggota` = `peminjaman`.`id_anggota`')
 3 SYSTEMPATH\Database\BaseConnection.php(646): CodeIgniter\Database\BaseConnection->simpleQuery('SELECT `peminjaman`.*, `anggota`.`nama` as `nama_anggota`
FROM `peminjaman`
JOIN `anggota` ON `anggota`.`id_anggota` = `peminjaman`.`id_anggota`')
 4 SYSTEMPATH\Database\BaseBuilder.php(1649): CodeIgniter\Database\BaseConnection->query('SELECT `peminjaman`.*, `anggota`.`nama` as `nama_anggota`
FROM `peminjaman`
JOIN `anggota` ON `anggota`.`id_anggota` = `peminjaman`.`id_anggota`', [], false)
 5 APPPATH\Controllers\peminjaman.php(44): CodeIgniter\Database\BaseBuilder->get()
 6 SYSTEMPATH\CodeIgniter.php(933): App\Controllers\Peminjaman->index()
 7 SYSTEMPATH\CodeIgniter.php(507): CodeIgniter\CodeIgniter->runController(Object(App\Controllers\Peminjaman))
 8 SYSTEMPATH\CodeIgniter.php(354): CodeIgniter\CodeIgniter->handleRequest(null, Object(Config\Cache), false)
 9 SYSTEMPATH\Boot.php(363): CodeIgniter\CodeIgniter->run()
10 SYSTEMPATH\Boot.php(68): CodeIgniter\Boot::runCodeIgniter(Object(CodeIgniter\CodeIgniter))
11 FCPATH\index.php(59): CodeIgniter\Boot::bootWeb(Object(Config\Paths))
DEBUG - 2026-04-26 03:20:15 --> Session: Class initialized using 'CodeIgniter\Session\Handlers\FileHandler' driver.
DEBUG - 2026-04-26 03:20:21 --> Session: Class initialized using 'CodeIgniter\Session\Handlers\FileHandler' driver.
DEBUG - 2026-04-26 03:20:33 --> Session: Class initialized using 'CodeIgniter\Session\Handlers\FileHandler' driver.
DEBUG - 2026-04-26 03:20:33 --> Session: Class initialized using 'CodeIgniter\Session\Handlers\FileHandler' driver.
DEBUG - 2026-04-26 03:20:37 --> Session: Class initialized using 'CodeIgniter\Session\Handlers\FileHandler' driver.
DEBUG - 2026-04-26 03:20:49 --> Session: Class initialized using 'CodeIgniter\Session\Handlers\FileHandler' driver.
DEBUG - 2026-04-26 03:21:01 --> Session: Class initialized using 'CodeIgniter\Session\Handlers\FileHandler' driver.
DEBUG - 2026-04-26 03:21:01 --> Session: Class initialized using 'CodeIgniter\Session\Handlers\FileHandler' driver.
DEBUG - 2026-04-26 03:21:04 --> Session: Class initialized using 'CodeIgniter\Session\Handlers\FileHandler' driver.
DEBUG - 2026-04-26 03:23:28 --> Session: Class initialized using 'CodeIgniter\Session\Handlers\FileHandler' driver.
DEBUG - 2026-04-26 03:23:28 --> Session: Class initialized using 'CodeIgniter\Session\Handlers\FileHandler' driver.
DEBUG - 2026-04-26 03:23:35 --> Session: Class initialized using 'CodeIgniter\Session\Handlers\FileHandler' driver.
DEBUG - 2026-04-26 03:23:35 --> Session: Class initialized using 'CodeIgniter\Session\Handlers\FileHandler' driver.
DEBUG - 2026-04-26 03:23:47 --> Session: Class initialized using 'CodeIgniter\Session\Handlers\FileHandler' driver.
DEBUG - 2026-04-26 03:23:47 --> Session: Class initialized using 'CodeIgniter\Session\Handlers\FileHandler' driver.
DEBUG - 2026-04-26 03:24:25 --> Session: Class initialized using 'CodeIgniter\Session\Handlers\FileHandler' driver.
DEBUG - 2026-04-26 03:24:27 --> Session: Class initialized using 'CodeIgniter\Session\Handlers\FileHandler' driver.
DEBUG - 2026-04-26 03:24:27 --> Session: Class initialized using 'CodeIgniter\Session\Handlers\FileHandler' driver.
DEBUG - 2026-04-26 03:24:37 --> Session: Class initialized using 'CodeIgniter\Session\Handlers\FileHandler' driver.
DEBUG - 2026-04-26 03:24:37 --> Session: Class initialized using 'CodeIgniter\Session\Handlers\FileHandler' driver.
DEBUG - 2026-04-26 03:24:45 --> Session: Class initialized using 'CodeIgniter\Session\Handlers\FileHandler' driver.
DEBUG - 2026-04-26 03:24:45 --> Session: Class initialized using 'CodeIgniter\Session\Handlers\FileHandler' driver.
CRITICAL - 2026-04-26 03:27:18 --> ErrorException: Undefined variable $peminjaman
[Method: GET, Route: dashboard]
in APPPATH\Views\layouts\dashboard.php on line 21.
 1 APPPATH\Views\layouts\dashboard.php(21): CodeIgniter\Debug\Exceptions->errorHandler(2, 'Undefined variable $peminjaman', 'C:\\xampp\\htdocs\\perpus\\app\\Views\\layouts\\dashboard.php', 21)
 2 SYSTEMPATH\View\View.php(226): include('C:\\xampp\\htdocs\\perpus\\app\\Views\\layouts\\dashboard.php')
 3 SYSTEMPATH\View\View.php(229): CodeIgniter\View\View->CodeIgniter\View\{closure}()
 4 SYSTEMPATH\Common.php(1167): CodeIgniter\View\View->render('layouts/dashboard', [], true)
 5 APPPATH\Controllers\Home.php(9): view('layouts/dashboard')
 6 SYSTEMPATH\CodeIgniter.php(933): App\Controllers\Home->index()
 7 SYSTEMPATH\CodeIgniter.php(507): CodeIgniter\CodeIgniter->runController(Object(App\Controllers\Home))
 8 SYSTEMPATH\CodeIgniter.php(354): CodeIgniter\CodeIgniter->handleRequest(null, Object(Config\Cache), false)
 9 SYSTEMPATH\Boot.php(363): CodeIgniter\CodeIgniter->run()
10 SYSTEMPATH\Boot.php(68): CodeIgniter\Boot::runCodeIgniter(Object(CodeIgniter\CodeIgniter))
11 FCPATH\index.php(59): CodeIgniter\Boot::bootWeb(Object(Config\Paths))
DEBUG - 2026-04-26 03:29:46 --> Session: Class initialized using 'CodeIgniter\Session\Handlers\FileHandler' driver.
DEBUG - 2026-04-26 03:30:05 --> Session: Class initialized using 'CodeIgniter\Session\Handlers\FileHandler' driver.
DEBUG - 2026-04-26 03:32:16 --> Session: Class initialized using 'CodeIgniter\Session\Handlers\FileHandler' driver.
DEBUG - 2026-04-26 03:32:18 --> Session: Class initialized using 'CodeIgniter\Session\Handlers\FileHandler' driver.
DEBUG - 2026-04-26 03:32:20 --> Session: Class initialized using 'CodeIgniter\Session\Handlers\FileHandler' driver.
DEBUG - 2026-04-26 03:32:24 --> Session: Class initialized using 'CodeIgniter\Session\Handlers\FileHandler' driver.
DEBUG - 2026-04-26 03:32:24 --> Session: Class initialized using 'CodeIgniter\Session\Handlers\FileHandler' driver.
CRITICAL - 2026-04-26 03:32:26 --> ParseError: syntax error, unexpected identifier "users"
[Method: GET, Route: peminjaman]
in APPPATH\Controllers\peminjaman.php on line 29.
 1 SYSTEMPATH\Autoloader\Autoloader.php(295): CodeIgniter\Autoloader\Autoloader->includeFile('C:\\xampp\\htdocs\\perpus\\app\\Controllers\\Peminjaman.php')
 2 SYSTEMPATH\Autoloader\Autoloader.php(271): CodeIgniter\Autoloader\Autoloader->loadInNamespace('App\\Controllers\\Peminjaman')
 3 [internal function]: CodeIgniter\Autoloader\Autoloader->loadClass('App\\Controllers\\Peminjaman')
 4 SYSTEMPATH\CodeIgniter.php(885): class_exists('\\App\\Controllers\\Peminjaman', true)
 5 SYSTEMPATH\CodeIgniter.php(494): CodeIgniter\CodeIgniter->startController()
 6 SYSTEMPATH\CodeIgniter.php(354): CodeIgniter\CodeIgniter->handleRequest(null, Object(Config\Cache), false)
 7 SYSTEMPATH\Boot.php(363): CodeIgniter\CodeIgniter->run()
 8 SYSTEMPATH\Boot.php(68): CodeIgniter\Boot::runCodeIgniter(Object(CodeIgniter\CodeIgniter))
 9 FCPATH\index.php(59): CodeIgniter\Boot::bootWeb(Object(Config\Paths))
DEBUG - 2026-04-26 03:32:38 --> Session: Class initialized using 'CodeIgniter\Session\Handlers\FileHandler' driver.
ERROR - 2026-04-26 03:33:32 --> mysqli_sql_exception: Column 'id_anggota' cannot be null in C:\xampp\htdocs\perpus\system\Database\MySQLi\Connection.php:327
Stack trace:
#0 C:\xampp\htdocs\perpus\system\Database\MySQLi\Connection.php(327): mysqli->query('INSERT INTO `pe...', 0)
#1 C:\xampp\htdocs\perpus\system\Database\BaseConnection.php(729): CodeIgniter\Database\MySQLi\Connection->execute('INSERT INTO `pe...')
#2 C:\xampp\htdocs\perpus\system\Database\BaseConnection.php(646): CodeIgniter\Database\BaseConnection->simpleQuery('INSERT INTO `pe...')
#3 C:\xampp\htdocs\perpus\system\Database\BaseBuilder.php(2345): CodeIgniter\Database\BaseConnection->query('INSERT INTO `pe...', Array, false)
#4 C:\xampp\htdocs\perpus\app\Controllers\peminjaman.php(40): CodeIgniter\Database\BaseBuilder->insert(Array)
#5 C:\xampp\htdocs\perpus\system\CodeIgniter.php(933): App\Controllers\Peminjaman->index()
#6 C:\xampp\htdocs\perpus\system\CodeIgniter.php(507): CodeIgniter\CodeIgniter->runController(Object(App\Controllers\Peminjaman))
#7 C:\xampp\htdocs\perpus\system\CodeIgniter.php(354): CodeIgniter\CodeIgniter->handleRequest(NULL, Object(Config\Cache), false)
#8 C:\xampp\htdocs\perpus\system\Boot.php(363): CodeIgniter\CodeIgniter->run()
#9 C:\xampp\htdocs\perpus\system\Boot.php(68): CodeIgniter\Boot::runCodeIgniter(Object(CodeIgniter\CodeIgniter))
#10 C:\xampp\htdocs\perpus\index.php(59): CodeIgniter\Boot::bootWeb(Object(Config\Paths))
#11 {main}
CRITICAL - 2026-04-26 03:33:32 --> CodeIgniter\Database\Exceptions\DatabaseException: Column 'id_anggota' cannot be null
[Method: GET, Route: peminjaman]
in SYSTEMPATH\Database\BaseConnection.php on line 684.
 1 SYSTEMPATH\Database\BaseBuilder.php(2345): CodeIgniter\Database\BaseConnection->query('INSERT INTO `peminjaman` (`id_anggota`, `id_buku`, `tanggal_pinjam`, `tanggal_kembali`, `status`) VALUES (:id_anggota:, :id_buku:, :tanggal_pinjam:, :tanggal_kembali:, :status:)', [...], false)
 2 APPPATH\Controllers\peminjaman.php(40): CodeIgniter\Database\BaseBuilder->insert([...])
 3 SYSTEMPATH\CodeIgniter.php(933): App\Controllers\Peminjaman->index()
 4 SYSTEMPATH\CodeIgniter.php(507): CodeIgniter\CodeIgniter->runController(Object(App\Controllers\Peminjaman))
 5 SYSTEMPATH\CodeIgniter.php(354): CodeIgniter\CodeIgniter->handleRequest(null, Object(Config\Cache), false)
 6 SYSTEMPATH\Boot.php(363): CodeIgniter\CodeIgniter->run()
 7 SYSTEMPATH\Boot.php(68): CodeIgniter\Boot::runCodeIgniter(Object(CodeIgniter\CodeIgniter))
 8 FCPATH\index.php(59): CodeIgniter\Boot::bootWeb(Object(Config\Paths))
CRITICAL - 2026-04-26 03:33:32 --> [Caused by] CodeIgniter\Database\Exceptions\DatabaseException: Column 'id_anggota' cannot be null
in SYSTEMPATH\Database\MySQLi\Connection.php on line 332.
 1 SYSTEMPATH\Database\BaseConnection.php(729): CodeIgniter\Database\MySQLi\Connection->execute('INSERT INTO `peminjaman` (`id_anggota`, `id_buku`, `tanggal_pinjam`, `tanggal_kembali`, `status`) VALUES (NULL, NULL, \'2026-04-26\', NULL, \'dipinjam\')')
 2 SYSTEMPATH\Database\BaseConnection.php(646): CodeIgniter\Database\BaseConnection->simpleQuery('INSERT INTO `peminjaman` (`id_anggota`, `id_buku`, `tanggal_pinjam`, `tanggal_kembali`, `status`) VALUES (NULL, NULL, \'2026-04-26\', NULL, \'dipinjam\')')
 3 SYSTEMPATH\Database\BaseBuilder.php(2345): CodeIgniter\Database\BaseConnection->query('INSERT INTO `peminjaman` (`id_anggota`, `id_buku`, `tanggal_pinjam`, `tanggal_kembali`, `status`) VALUES (:id_anggota:, :id_buku:, :tanggal_pinjam:, :tanggal_kembali:, :status:)', [...], false)
 4 APPPATH\Controllers\peminjaman.php(40): CodeIgniter\Database\BaseBuilder->insert([...])
 5 SYSTEMPATH\CodeIgniter.php(933): App\Controllers\Peminjaman->index()
 6 SYSTEMPATH\CodeIgniter.php(507): CodeIgniter\CodeIgniter->runController(Object(App\Controllers\Peminjaman))
 7 SYSTEMPATH\CodeIgniter.php(354): CodeIgniter\CodeIgniter->handleRequest(null, Object(Config\Cache), false)
 8 SYSTEMPATH\Boot.php(363): CodeIgniter\CodeIgniter->run()
 9 SYSTEMPATH\Boot.php(68): CodeIgniter\Boot::runCodeIgniter(Object(CodeIgniter\CodeIgniter))
10 FCPATH\index.php(59): CodeIgniter\Boot::bootWeb(Object(Config\Paths))
CRITICAL - 2026-04-26 03:33:32 --> [Caused by] mysqli_sql_exception: Column 'id_anggota' cannot be null
in SYSTEMPATH\Database\MySQLi\Connection.php on line 327.
 1 SYSTEMPATH\Database\MySQLi\Connection.php(327): mysqli->query('INSERT INTO `peminjaman` (`id_anggota`, `id_buku`, `tanggal_pinjam`, `tanggal_kembali`, `status`) VALUES (NULL, NULL, \'2026-04-26\', NULL, \'dipinjam\')', 0)
 2 SYSTEMPATH\Database\BaseConnection.php(729): CodeIgniter\Database\MySQLi\Connection->execute('INSERT INTO `peminjaman` (`id_anggota`, `id_buku`, `tanggal_pinjam`, `tanggal_kembali`, `status`) VALUES (NULL, NULL, \'2026-04-26\', NULL, \'dipinjam\')')
 3 SYSTEMPATH\Database\BaseConnection.php(646): CodeIgniter\Database\BaseConnection->simpleQuery('INSERT INTO `peminjaman` (`id_anggota`, `id_buku`, `tanggal_pinjam`, `tanggal_kembali`, `status`) VALUES (NULL, NULL, \'2026-04-26\', NULL, \'dipinjam\')')
 4 SYSTEMPATH\Database\BaseBuilder.php(2345): CodeIgniter\Database\BaseConnection->query('INSERT INTO `peminjaman` (`id_anggota`, `id_buku`, `tanggal_pinjam`, `tanggal_kembali`, `status`) VALUES (:id_anggota:, :id_buku:, :tanggal_pinjam:, :tanggal_kembali:, :status:)', [...], false)
 5 APPPATH\Controllers\peminjaman.php(40): CodeIgniter\Database\BaseBuilder->insert([...])
 6 SYSTEMPATH\CodeIgniter.php(933): App\Controllers\Peminjaman->index()
 7 SYSTEMPATH\CodeIgniter.php(507): CodeIgniter\CodeIgniter->runController(Object(App\Controllers\Peminjaman))
 8 SYSTEMPATH\CodeIgniter.php(354): CodeIgniter\CodeIgniter->handleRequest(null, Object(Config\Cache), false)
 9 SYSTEMPATH\Boot.php(363): CodeIgniter\CodeIgniter->run()
10 SYSTEMPATH\Boot.php(68): CodeIgniter\Boot::runCodeIgniter(Object(CodeIgniter\CodeIgniter))
11 FCPATH\index.php(59): CodeIgniter\Boot::bootWeb(Object(Config\Paths))
DEBUG - 2026-04-26 03:33:44 --> Session: Class initialized using 'CodeIgniter\Session\Handlers\FileHandler' driver.
DEBUG - 2026-04-26 03:33:48 --> Session: Class initialized using 'CodeIgniter\Session\Handlers\FileHandler' driver.
DEBUG - 2026-04-26 03:33:52 --> Session: Class initialized using 'CodeIgniter\Session\Handlers\FileHandler' driver.
DEBUG - 2026-04-26 03:33:52 --> Session: Class initialized using 'CodeIgniter\Session\Handlers\FileHandler' driver.
DEBUG - 2026-04-26 03:33:57 --> Session: Class initialized using 'CodeIgniter\Session\Handlers\FileHandler' driver.
DEBUG - 2026-04-26 03:33:57 --> Session: Class initialized using 'CodeIgniter\Session\Handlers\FileHandler' driver.
DEBUG - 2026-04-26 03:34:29 --> Session: Class initialized using 'CodeIgniter\Session\Handlers\FileHandler' driver.
DEBUG - 2026-04-26 03:34:29 --> Session: Class initialized using 'CodeIgniter\Session\Handlers\FileHandler' driver.
DEBUG - 2026-04-26 03:34:34 --> Session: Class initialized using 'CodeIgniter\Session\Handlers\FileHandler' driver.
DEBUG - 2026-04-26 03:34:35 --> Session: Class initialized using 'CodeIgniter\Session\Handlers\FileHandler' driver.
DEBUG - 2026-04-26 03:34:44 --> Session: Class initialized using 'CodeIgniter\Session\Handlers\FileHandler' driver.
DEBUG - 2026-04-26 03:34:52 --> Session: Class initialized using 'CodeIgniter\Session\Handlers\FileHandler' driver.
DEBUG - 2026-04-26 03:35:23 --> Session: Class initialized using 'CodeIgniter\Session\Handlers\FileHandler' driver.
DEBUG - 2026-04-26 03:35:28 --> Session: Class initialized using 'CodeIgniter\Session\Handlers\FileHandler' driver.
DEBUG - 2026-04-26 03:38:10 --> Session: Class initialized using 'CodeIgniter\Session\Handlers\FileHandler' driver.
DEBUG - 2026-04-26 03:38:14 --> Session: Class initialized using 'CodeIgniter\Session\Handlers\FileHandler' driver.
DEBUG - 2026-04-26 03:38:14 --> Session: Class initialized using 'CodeIgniter\Session\Handlers\FileHandler' driver.
DEBUG - 2026-04-26 03:38:21 --> Session: Class initialized using 'CodeIgniter\Session\Handlers\FileHandler' driver.
DEBUG - 2026-04-26 03:38:21 --> Session: Class initialized using 'CodeIgniter\Session\Handlers\FileHandler' driver.
DEBUG - 2026-04-26 03:38:23 --> Session: Class initialized using 'CodeIgniter\Session\Handlers\FileHandler' driver.
DEBUG - 2026-04-26 03:44:45 --> Session: Class initialized using 'CodeIgniter\Session\Handlers\FileHandler' driver.
DEBUG - 2026-04-26 03:44:53 --> Session: Class initialized using 'CodeIgniter\Session\Handlers\FileHandler' driver.
DEBUG - 2026-04-26 03:44:59 --> Session: Class initialized using 'CodeIgniter\Session\Handlers\FileHandler' driver.
DEBUG - 2026-04-26 03:44:59 --> Session: Class initialized using 'CodeIgniter\Session\Handlers\FileHandler' driver.
DEBUG - 2026-04-26 03:45:08 --> Session: Class initialized using 'CodeIgniter\Session\Handlers\FileHandler' driver.
DEBUG - 2026-04-26 03:45:08 --> Session: Class initialized using 'CodeIgniter\Session\Handlers\FileHandler' driver.
DEBUG - 2026-04-26 03:45:11 --> Session: Class initialized using 'CodeIgniter\Session\Handlers\FileHandler' driver.
DEBUG - 2026-04-26 03:46:07 --> Session: Class initialized using 'CodeIgniter\Session\Handlers\FileHandler' driver.
DEBUG - 2026-04-26 03:46:09 --> Session: Class initialized using 'CodeIgniter\Session\Handlers\FileHandler' driver.
DEBUG - 2026-04-26 03:46:11 --> Session: Class initialized using 'CodeIgniter\Session\Handlers\FileHandler' driver.
DEBUG - 2026-04-26 03:46:46 --> Session: Class initialized using 'CodeIgniter\Session\Handlers\FileHandler' driver.
DEBUG - 2026-04-26 03:46:49 --> Session: Class initialized using 'CodeIgniter\Session\Handlers\FileHandler' driver.
DEBUG - 2026-04-26 03:46:49 --> Session: Class initialized using 'CodeIgniter\Session\Handlers\FileHandler' driver.
DEBUG - 2026-04-26 03:47:01 --> Session: Class initialized using 'CodeIgniter\Session\Handlers\FileHandler' driver.
DEBUG - 2026-04-26 03:47:01 --> Session: Class initialized using 'CodeIgniter\Session\Handlers\FileHandler' driver.
DEBUG - 2026-04-26 03:47:06 --> Session: Class initialized using 'CodeIgniter\Session\Handlers\FileHandler' driver.
DEBUG - 2026-04-26 03:47:06 --> Session: Class initialized using 'CodeIgniter\Session\Handlers\FileHandler' driver.
DEBUG - 2026-04-26 03:53:02 --> Session: Class initialized using 'CodeIgniter\Session\Handlers\FileHandler' driver.
DEBUG - 2026-04-26 03:53:06 --> Session: Class initialized using 'CodeIgniter\Session\Handlers\FileHandler' driver.
DEBUG - 2026-04-26 03:53:16 --> Session: Class initialized using 'CodeIgniter\Session\Handlers\FileHandler' driver.
DEBUG - 2026-04-26 03:53:16 --> Session: Class initialized using 'CodeIgniter\Session\Handlers\FileHandler' driver.
DEBUG - 2026-04-26 03:56:26 --> Session: Class initialized using 'CodeIgniter\Session\Handlers\FileHandler' driver.
DEBUG - 2026-04-26 03:56:28 --> Session: Class initialized using 'CodeIgniter\Session\Handlers\FileHandler' driver.
CRITICAL - 2026-04-26 03:56:32 --> ParseError: syntax error, unexpected end of file
[Method: GET, Route: buku]
in APPPATH\Views\buku\index.php on line 66.
 1 SYSTEMPATH\View\View.php(229): CodeIgniter\View\View->CodeIgniter\View\{closure}()
 2 SYSTEMPATH\Common.php(1167): CodeIgniter\View\View->render('buku/index', [], true)
 3 APPPATH\Controllers\Buku.php(43): view('buku/index', [...])
 4 SYSTEMPATH\CodeIgniter.php(933): App\Controllers\Buku->index()
 5 SYSTEMPATH\CodeIgniter.php(507): CodeIgniter\CodeIgniter->runController(Object(App\Controllers\Buku))
 6 SYSTEMPATH\CodeIgniter.php(354): CodeIgniter\CodeIgniter->handleRequest(null, Object(Config\Cache), false)
 7 SYSTEMPATH\Boot.php(363): CodeIgniter\CodeIgniter->run()
 8 SYSTEMPATH\Boot.php(68): CodeIgniter\Boot::runCodeIgniter(Object(CodeIgniter\CodeIgniter))
 9 FCPATH\index.php(59): CodeIgniter\Boot::bootWeb(Object(Config\Paths))
DEBUG - 2026-04-26 03:56:50 --> Session: Class initialized using 'CodeIgniter\Session\Handlers\FileHandler' driver.
DEBUG - 2026-04-26 03:56:59 --> Session: Class initialized using 'CodeIgniter\Session\Handlers\FileHandler' driver.
DEBUG - 2026-04-26 03:57:25 --> Session: Class initialized using 'CodeIgniter\Session\Handlers\FileHandler' driver.
DEBUG - 2026-04-26 03:58:44 --> Session: Class initialized using 'CodeIgniter\Session\Handlers\FileHandler' driver.
DEBUG - 2026-04-26 03:58:46 --> Session: Class initialized using 'CodeIgniter\Session\Handlers\FileHandler' driver.
DEBUG - 2026-04-26 03:58:47 --> Session: Class initialized using 'CodeIgniter\Session\Handlers\FileHandler' driver.
CRITICAL - 2026-04-26 03:58:52 --> ParseError: syntax error, unexpected variable "$data", expecting "function" or "const"
[Method: GET, Route: pengembalian]
in APPPATH\Controllers\Pengembalian.php on line 31.
 1 SYSTEMPATH\Autoloader\Autoloader.php(295): CodeIgniter\Autoloader\Autoloader->includeFile('C:\\xampp\\htdocs\\perpus\\app\\Controllers\\Pengembalian.php')
 2 SYSTEMPATH\Autoloader\Autoloader.php(271): CodeIgniter\Autoloader\Autoloader->loadInNamespace('App\\Controllers\\Pengembalian')
 3 [internal function]: CodeIgniter\Autoloader\Autoloader->loadClass('App\\Controllers\\Pengembalian')
 4 SYSTEMPATH\CodeIgniter.php(885): class_exists('\\App\\Controllers\\Pengembalian', true)
 5 SYSTEMPATH\CodeIgniter.php(494): CodeIgniter\CodeIgniter->startController()
 6 SYSTEMPATH\CodeIgniter.php(354): CodeIgniter\CodeIgniter->handleRequest(null, Object(Config\Cache), false)
 7 SYSTEMPATH\Boot.php(363): CodeIgniter\CodeIgniter->run()
 8 SYSTEMPATH\Boot.php(68): CodeIgniter\Boot::runCodeIgniter(Object(CodeIgniter\CodeIgniter))
 9 FCPATH\index.php(59): CodeIgniter\Boot::bootWeb(Object(Config\Paths))
DEBUG - 2026-04-26 03:59:59 --> Session: Class initialized using 'CodeIgniter\Session\Handlers\FileHandler' driver.
DEBUG - 2026-04-26 04:00:13 --> Session: Class initialized using 'CodeIgniter\Session\Handlers\FileHandler' driver.
DEBUG - 2026-04-26 04:09:56 --> Session: Class initialized using 'CodeIgniter\Session\Handlers\FileHandler' driver.
DEBUG - 2026-04-26 04:10:00 --> Session: Class initialized using 'CodeIgniter\Session\Handlers\FileHandler' driver.
DEBUG - 2026-04-26 04:10:01 --> Session: Class initialized using 'CodeIgniter\Session\Handlers\FileHandler' driver.
DEBUG - 2026-04-26 04:10:07 --> Session: Class initialized using 'CodeIgniter\Session\Handlers\FileHandler' driver.
DEBUG - 2026-04-26 04:10:15 --> Session: Class initialized using 'CodeIgniter\Session\Handlers\FileHandler' driver.
DEBUG - 2026-04-26 04:16:02 --> Session: Class initialized using 'CodeIgniter\Session\Handlers\FileHandler' driver.
DEBUG - 2026-04-26 04:16:05 --> Session: Class initialized using 'CodeIgniter\Session\Handlers\FileHandler' driver.
DEBUG - 2026-04-26 04:16:05 --> Session: Class initialized using 'CodeIgniter\Session\Handlers\FileHandler' driver.
DEBUG - 2026-04-26 04:16:09 --> Session: Class initialized using 'CodeIgniter\Session\Handlers\FileHandler' driver.
DEBUG - 2026-04-26 04:16:10 --> Session: Class initialized using 'CodeIgniter\Session\Handlers\FileHandler' driver.
DEBUG - 2026-04-26 04:16:17 --> Session: Class initialized using 'CodeIgniter\Session\Handlers\FileHandler' driver.
DEBUG - 2026-04-26 04:16:20 --> Session: Class initialized using 'CodeIgniter\Session\Handlers\FileHandler' driver.
CRITICAL - 2026-04-26 04:16:25 --> ParseError: syntax error, unexpected end of file
[Method: GET, Route: buku]
in APPPATH\Views\buku\index.php on line 66.
 1 SYSTEMPATH\View\View.php(229): CodeIgniter\View\View->CodeIgniter\View\{closure}()
 2 SYSTEMPATH\Common.php(1167): CodeIgniter\View\View->render('buku/index', [], true)
 3 APPPATH\Controllers\Buku.php(43): view('buku/index', [...])
 4 SYSTEMPATH\CodeIgniter.php(933): App\Controllers\Buku->index()
 5 SYSTEMPATH\CodeIgniter.php(507): CodeIgniter\CodeIgniter->runController(Object(App\Controllers\Buku))
 6 SYSTEMPATH\CodeIgniter.php(354): CodeIgniter\CodeIgniter->handleRequest(null, Object(Config\Cache), false)
 7 SYSTEMPATH\Boot.php(363): CodeIgniter\CodeIgniter->run()
 8 SYSTEMPATH\Boot.php(68): CodeIgniter\Boot::runCodeIgniter(Object(CodeIgniter\CodeIgniter))
 9 FCPATH\index.php(59): CodeIgniter\Boot::bootWeb(Object(Config\Paths))
CRITICAL - 2026-04-26 04:16:28 --> ParseError: syntax error, unexpected end of file
[Method: GET, Route: buku]
in APPPATH\Views\buku\index.php on line 66.
 1 SYSTEMPATH\View\View.php(229): CodeIgniter\View\View->CodeIgniter\View\{closure}()
 2 SYSTEMPATH\Common.php(1167): CodeIgniter\View\View->render('buku/index', [], true)
 3 APPPATH\Controllers\Buku.php(43): view('buku/index', [...])
 4 SYSTEMPATH\CodeIgniter.php(933): App\Controllers\Buku->index()
 5 SYSTEMPATH\CodeIgniter.php(507): CodeIgniter\CodeIgniter->runController(Object(App\Controllers\Buku))
 6 SYSTEMPATH\CodeIgniter.php(354): CodeIgniter\CodeIgniter->handleRequest(null, Object(Config\Cache), false)
 7 SYSTEMPATH\Boot.php(363): CodeIgniter\CodeIgniter->run()
 8 SYSTEMPATH\Boot.php(68): CodeIgniter\Boot::runCodeIgniter(Object(CodeIgniter\CodeIgniter))
 9 FCPATH\index.php(59): CodeIgniter\Boot::bootWeb(Object(Config\Paths))
DEBUG - 2026-04-26 04:18:08 --> Session: Class initialized using 'CodeIgniter\Session\Handlers\FileHandler' driver.
CRITICAL - 2026-04-26 04:18:10 --> ParseError: syntax error, unexpected end of file
[Method: GET, Route: buku]
in APPPATH\Views\buku\index.php on line 65.
 1 SYSTEMPATH\View\View.php(229): CodeIgniter\View\View->CodeIgniter\View\{closure}()
 2 SYSTEMPATH\Common.php(1167): CodeIgniter\View\View->render('buku/index', [], true)
 3 APPPATH\Controllers\Buku.php(43): view('buku/index', [...])
 4 SYSTEMPATH\CodeIgniter.php(933): App\Controllers\Buku->index()
 5 SYSTEMPATH\CodeIgniter.php(507): CodeIgniter\CodeIgniter->runController(Object(App\Controllers\Buku))
 6 SYSTEMPATH\CodeIgniter.php(354): CodeIgniter\CodeIgniter->handleRequest(null, Object(Config\Cache), false)
 7 SYSTEMPATH\Boot.php(363): CodeIgniter\CodeIgniter->run()
 8 SYSTEMPATH\Boot.php(68): CodeIgniter\Boot::runCodeIgniter(Object(CodeIgniter\CodeIgniter))
 9 FCPATH\index.php(59): CodeIgniter\Boot::bootWeb(Object(Config\Paths))
CRITICAL - 2026-04-26 04:18:11 --> ParseError: syntax error, unexpected end of file
[Method: GET, Route: buku]
in APPPATH\Views\buku\index.php on line 65.
 1 SYSTEMPATH\View\View.php(229): CodeIgniter\View\View->CodeIgniter\View\{closure}()
 2 SYSTEMPATH\Common.php(1167): CodeIgniter\View\View->render('buku/index', [], true)
 3 APPPATH\Controllers\Buku.php(43): view('buku/index', [...])
 4 SYSTEMPATH\CodeIgniter.php(933): App\Controllers\Buku->index()
 5 SYSTEMPATH\CodeIgniter.php(507): CodeIgniter\CodeIgniter->runController(Object(App\Controllers\Buku))
 6 SYSTEMPATH\CodeIgniter.php(354): CodeIgniter\CodeIgniter->handleRequest(null, Object(Config\Cache), false)
 7 SYSTEMPATH\Boot.php(363): CodeIgniter\CodeIgniter->run()
 8 SYSTEMPATH\Boot.php(68): CodeIgniter\Boot::runCodeIgniter(Object(CodeIgniter\CodeIgniter))
 9 FCPATH\index.php(59): CodeIgniter\Boot::bootWeb(Object(Config\Paths))
DEBUG - 2026-04-26 04:20:08 --> Session: Class initialized using 'CodeIgniter\Session\Handlers\FileHandler' driver.
DEBUG - 2026-04-26 04:20:43 --> Session: Class initialized using 'CodeIgniter\Session\Handlers\FileHandler' driver.
DEBUG - 2026-04-26 04:20:55 --> Session: Class initialized using 'CodeIgniter\Session\Handlers\FileHandler' driver.
DEBUG - 2026-04-26 04:20:56 --> Session: Class initialized using 'CodeIgniter\Session\Handlers\FileHandler' driver.
DEBUG - 2026-04-26 04:23:39 --> Session: Class initialized using 'CodeIgniter\Session\Handlers\FileHandler' driver.
DEBUG - 2026-04-26 04:24:39 --> Session: Class initialized using 'CodeIgniter\Session\Handlers\FileHandler' driver.
DEBUG - 2026-04-26 04:24:43 --> Session: Class initialized using 'CodeIgniter\Session\Handlers\FileHandler' driver.
DEBUG - 2026-04-26 04:24:50 --> Session: Class initialized using 'CodeIgniter\Session\Handlers\FileHandler' driver.
DEBUG - 2026-04-26 04:24:52 --> Session: Class initialized using 'CodeIgniter\Session\Handlers\FileHandler' driver.
DEBUG - 2026-04-26 04:24:54 --> Session: Class initialized using 'CodeIgniter\Session\Handlers\FileHandler' driver.
DEBUG - 2026-04-26 04:24:56 --> Session: Class initialized using 'CodeIgniter\Session\Handlers\FileHandler' driver.
CRITICAL - 2026-04-26 04:30:01 --> ErrorException: Undefined array key "isbn"
[Method: GET, Route: buku]
in APPPATH\Views\buku\index.php on line 59.
 1 APPPATH\Views\buku\index.php(59): CodeIgniter\Debug\Exceptions->errorHandler(2, 'Undefined array key "isbn"', 'C:\\xampp\\htdocs\\perpus\\app\\Views\\buku\\index.php', 59)
 2 SYSTEMPATH\View\View.php(226): include('C:\\xampp\\htdocs\\perpus\\app\\Views\\buku\\index.php')
 3 SYSTEMPATH\View\View.php(229): CodeIgniter\View\View->CodeIgniter\View\{closure}()
 4 SYSTEMPATH\Common.php(1167): CodeIgniter\View\View->render('buku/index', [], true)
 5 APPPATH\Controllers\Buku.php(43): view('buku/index', [...])
 6 SYSTEMPATH\CodeIgniter.php(933): App\Controllers\Buku->index()
 7 SYSTEMPATH\CodeIgniter.php(507): CodeIgniter\CodeIgniter->runController(Object(App\Controllers\Buku))
 8 SYSTEMPATH\CodeIgniter.php(354): CodeIgniter\CodeIgniter->handleRequest(null, Object(Config\Cache), false)
 9 SYSTEMPATH\Boot.php(363): CodeIgniter\CodeIgniter->run()
10 SYSTEMPATH\Boot.php(68): CodeIgniter\Boot::runCodeIgniter(Object(CodeIgniter\CodeIgniter))
11 FCPATH\index.php(59): CodeIgniter\Boot::bootWeb(Object(Config\Paths))
CRITICAL - 2026-04-26 04:32:14 --> ErrorException: Undefined array key "isbn"
[Method: GET, Route: buku]
in APPPATH\Views\buku\index.php on line 59.
 1 APPPATH\Views\buku\index.php(59): CodeIgniter\Debug\Exceptions->errorHandler(2, 'Undefined array key "isbn"', 'C:\\xampp\\htdocs\\perpus\\app\\Views\\buku\\index.php', 59)
 2 SYSTEMPATH\View\View.php(226): include('C:\\xampp\\htdocs\\perpus\\app\\Views\\buku\\index.php')
 3 SYSTEMPATH\View\View.php(229): CodeIgniter\View\View->CodeIgniter\View\{closure}()
 4 SYSTEMPATH\Common.php(1167): CodeIgniter\View\View->render('buku/index', [], true)
 5 APPPATH\Controllers\Buku.php(44): view('buku/index', [...])
 6 SYSTEMPATH\CodeIgniter.php(933): App\Controllers\Buku->index()
 7 SYSTEMPATH\CodeIgniter.php(507): CodeIgniter\CodeIgniter->runController(Object(App\Controllers\Buku))
 8 SYSTEMPATH\CodeIgniter.php(354): CodeIgniter\CodeIgniter->handleRequest(null, Object(Config\Cache), false)
 9 SYSTEMPATH\Boot.php(363): CodeIgniter\CodeIgniter->run()
10 SYSTEMPATH\Boot.php(68): CodeIgniter\Boot::runCodeIgniter(Object(CodeIgniter\CodeIgniter))
11 FCPATH\index.php(59): CodeIgniter\Boot::bootWeb(Object(Config\Paths))
CRITICAL - 2026-04-26 04:32:16 --> ErrorException: Undefined array key "isbn"
[Method: GET, Route: buku]
in APPPATH\Views\buku\index.php on line 59.
 1 APPPATH\Views\buku\index.php(59): CodeIgniter\Debug\Exceptions->errorHandler(2, 'Undefined array key "isbn"', 'C:\\xampp\\htdocs\\perpus\\app\\Views\\buku\\index.php', 59)
 2 SYSTEMPATH\View\View.php(226): include('C:\\xampp\\htdocs\\perpus\\app\\Views\\buku\\index.php')
 3 SYSTEMPATH\View\View.php(229): CodeIgniter\View\View->CodeIgniter\View\{closure}()
 4 SYSTEMPATH\Common.php(1167): CodeIgniter\View\View->render('buku/index', [], true)
 5 APPPATH\Controllers\Buku.php(44): view('buku/index', [...])
 6 SYSTEMPATH\CodeIgniter.php(933): App\Controllers\Buku->index()
 7 SYSTEMPATH\CodeIgniter.php(507): CodeIgniter\CodeIgniter->runController(Object(App\Controllers\Buku))
 8 SYSTEMPATH\CodeIgniter.php(354): CodeIgniter\CodeIgniter->handleRequest(null, Object(Config\Cache), false)
 9 SYSTEMPATH\Boot.php(363): CodeIgniter\CodeIgniter->run()
10 SYSTEMPATH\Boot.php(68): CodeIgniter\Boot::runCodeIgniter(Object(CodeIgniter\CodeIgniter))
11 FCPATH\index.php(59): CodeIgniter\Boot::bootWeb(Object(Config\Paths))
DEBUG - 2026-04-26 04:42:54 --> Session: Class initialized using 'CodeIgniter\Session\Handlers\FileHandler' driver.
DEBUG - 2026-04-26 04:43:25 --> Session: Class initialized using 'CodeIgniter\Session\Handlers\FileHandler' driver.
DEBUG - 2026-04-26 04:43:27 --> Session: Class initialized using 'CodeIgniter\Session\Handlers\FileHandler' driver.
DEBUG - 2026-04-26 04:43:28 --> Session: Class initialized using 'CodeIgniter\Session\Handlers\FileHandler' driver.
DEBUG - 2026-04-26 04:43:29 --> Session: Class initialized using 'CodeIgniter\Session\Handlers\FileHandler' driver.
DEBUG - 2026-04-26 04:43:38 --> Session: Class initialized using 'CodeIgniter\Session\Handlers\FileHandler' driver.
DEBUG - 2026-04-26 04:45:53 --> Session: Class initialized using 'CodeIgniter\Session\Handlers\FileHandler' driver.
DEBUG - 2026-04-26 04:46:02 --> Session: Class initialized using 'CodeIgniter\Session\Handlers\FileHandler' driver.
DEBUG - 2026-04-26 04:46:06 --> Session: Class initialized using 'CodeIgniter\Session\Handlers\FileHandler' driver.
DEBUG - 2026-04-26 04:48:07 --> Session: Class initialized using 'CodeIgniter\Session\Handlers\FileHandler' driver.
DEBUG - 2026-04-26 04:48:27 --> Session: Class initialized using 'CodeIgniter\Session\Handlers\FileHandler' driver.
DEBUG - 2026-04-26 04:50:50 --> Session: Class initialized using 'CodeIgniter\Session\Handlers\FileHandler' driver.
DEBUG - 2026-04-26 04:50:54 --> Session: Class initialized using 'CodeIgniter\Session\Handlers\FileHandler' driver.
DEBUG - 2026-04-26 04:50:55 --> Session: Class initialized using 'CodeIgniter\Session\Handlers\FileHandler' driver.
DEBUG - 2026-04-26 04:51:15 --> Session: Class initialized using 'CodeIgniter\Session\Handlers\FileHandler' driver.
DEBUG - 2026-04-26 04:51:15 --> Session: Class initialized using 'CodeIgniter\Session\Handlers\FileHandler' driver.
DEBUG - 2026-04-26 04:51:17 --> Session: Class initialized using 'CodeIgniter\Session\Handlers\FileHandler' driver.
DEBUG - 2026-04-26 04:51:18 --> Session: Class initialized using 'CodeIgniter\Session\Handlers\FileHandler' driver.
DEBUG - 2026-04-26 04:52:21 --> Session: Class initialized using 'CodeIgniter\Session\Handlers\FileHandler' driver.
DEBUG - 2026-04-26 04:52:27 --> Session: Class initialized using 'CodeIgniter\Session\Handlers\FileHandler' driver.
DEBUG - 2026-04-26 04:52:37 --> Session: Class initialized using 'CodeIgniter\Session\Handlers\FileHandler' driver.
DEBUG - 2026-04-26 04:52:37 --> Session: Class initialized using 'CodeIgniter\Session\Handlers\FileHandler' driver.
DEBUG - 2026-04-26 04:52:39 --> Session: Class initialized using 'CodeIgniter\Session\Handlers\FileHandler' driver.
DEBUG - 2026-04-26 04:52:57 --> Session: Class initialized using 'CodeIgniter\Session\Handlers\FileHandler' driver.
DEBUG - 2026-04-26 04:53:02 --> Session: Class initialized using 'CodeIgniter\Session\Handlers\FileHandler' driver.
DEBUG - 2026-04-26 04:55:35 --> Session: Class initialized using 'CodeIgniter\Session\Handlers\FileHandler' driver.
DEBUG - 2026-04-26 04:55:48 --> Session: Class initialized using 'CodeIgniter\Session\Handlers\FileHandler' driver.
DEBUG - 2026-04-26 04:55:48 --> Session: Class initialized using 'CodeIgniter\Session\Handlers\FileHandler' driver.
DEBUG - 2026-04-26 04:55:51 --> Session: Class initialized using 'CodeIgniter\Session\Handlers\FileHandler' driver.
DEBUG - 2026-04-26 04:56:03 --> Session: Class initialized using 'CodeIgniter\Session\Handlers\FileHandler' driver.
DEBUG - 2026-04-26 04:56:17 --> Session: Class initialized using 'CodeIgniter\Session\Handlers\FileHandler' driver.
DEBUG - 2026-04-26 04:56:17 --> Session: Class initialized using 'CodeIgniter\Session\Handlers\FileHandler' driver.
DEBUG - 2026-04-26 04:56:19 --> Session: Class initialized using 'CodeIgniter\Session\Handlers\FileHandler' driver.
DEBUG - 2026-04-26 04:56:21 --> Session: Class initialized using 'CodeIgniter\Session\Handlers\FileHandler' driver.
DEBUG - 2026-04-26 04:58:41 --> Session: Class initialized using 'CodeIgniter\Session\Handlers\FileHandler' driver.
DEBUG - 2026-04-26 04:58:44 --> Session: Class initialized using 'CodeIgniter\Session\Handlers\FileHandler' driver.
DEBUG - 2026-04-26 04:58:49 --> Session: Class initialized using 'CodeIgniter\Session\Handlers\FileHandler' driver.
DEBUG - 2026-04-26 04:58:49 --> Session: Class initialized using 'CodeIgniter\Session\Handlers\FileHandler' driver.
DEBUG - 2026-04-26 04:58:51 --> Session: Class initialized using 'CodeIgniter\Session\Handlers\FileHandler' driver.
DEBUG - 2026-04-26 04:58:56 --> Session: Class initialized using 'CodeIgniter\Session\Handlers\FileHandler' driver.
DEBUG - 2026-04-26 04:59:03 --> Session: Class initialized using 'CodeIgniter\Session\Handlers\FileHandler' driver.
DEBUG - 2026-04-26 04:59:20 --> Session: Class initialized using 'CodeIgniter\Session\Handlers\FileHandler' driver.
DEBUG - 2026-04-26 04:59:20 --> Session: Class initialized using 'CodeIgniter\Session\Handlers\FileHandler' driver.
DEBUG - 2026-04-26 04:59:22 --> Session: Class initialized using 'CodeIgniter\Session\Handlers\FileHandler' driver.
DEBUG - 2026-04-26 04:59:39 --> Session: Class initialized using 'CodeIgniter\Session\Handlers\FileHandler' driver.
DEBUG - 2026-04-26 05:00:11 --> Session: Class initialized using 'CodeIgniter\Session\Handlers\FileHandler' driver.
DEBUG - 2026-04-26 05:00:11 --> Session: Class initialized using 'CodeIgniter\Session\Handlers\FileHandler' driver.
DEBUG - 2026-04-26 05:00:13 --> Session: Class initialized using 'CodeIgniter\Session\Handlers\FileHandler' driver.
DEBUG - 2026-04-26 05:00:31 --> Session: Class initialized using 'CodeIgniter\Session\Handlers\FileHandler' driver.
DEBUG - 2026-04-26 05:01:01 --> Session: Class initialized using 'CodeIgniter\Session\Handlers\FileHandler' driver.
DEBUG - 2026-04-26 05:01:01 --> Session: Class initialized using 'CodeIgniter\Session\Handlers\FileHandler' driver.
DEBUG - 2026-04-26 05:01:03 --> Session: Class initialized using 'CodeIgniter\Session\Handlers\FileHandler' driver.
DEBUG - 2026-04-26 05:01:17 --> Session: Class initialized using 'CodeIgniter\Session\Handlers\FileHandler' driver.
DEBUG - 2026-04-26 05:02:22 --> Session: Class initialized using 'CodeIgniter\Session\Handlers\FileHandler' driver.
DEBUG - 2026-04-26 05:02:30 --> Session: Class initialized using 'CodeIgniter\Session\Handlers\FileHandler' driver.
DEBUG - 2026-04-26 05:02:31 --> Session: Class initialized using 'CodeIgniter\Session\Handlers\FileHandler' driver.
DEBUG - 2026-04-26 05:02:34 --> Session: Class initialized using 'CodeIgniter\Session\Handlers\FileHandler' driver.
DEBUG - 2026-04-26 05:02:47 --> Session: Class initialized using 'CodeIgniter\Session\Handlers\FileHandler' driver.
DEBUG - 2026-04-26 05:02:48 --> Session: Class initialized using 'CodeIgniter\Session\Handlers\FileHandler' driver.
DEBUG - 2026-04-26 05:03:09 --> Session: Class initialized using 'CodeIgniter\Session\Handlers\FileHandler' driver.
DEBUG - 2026-04-26 05:03:09 --> Session: Class initialized using 'CodeIgniter\Session\Handlers\FileHandler' driver.
DEBUG - 2026-04-26 05:03:12 --> Session: Class initialized using 'CodeIgniter\Session\Handlers\FileHandler' driver.
DEBUG - 2026-04-26 05:03:17 --> Session: Class initialized using 'CodeIgniter\Session\Handlers\FileHandler' driver.
DEBUG - 2026-04-26 05:03:19 --> Session: Class initialized using 'CodeIgniter\Session\Handlers\FileHandler' driver.
DEBUG - 2026-04-26 05:03:20 --> Session: Class initialized using 'CodeIgniter\Session\Handlers\FileHandler' driver.
DEBUG - 2026-04-26 05:05:01 --> Session: Class initialized using 'CodeIgniter\Session\Handlers\FileHandler' driver.
DEBUG - 2026-04-26 05:05:53 --> Session: Class initialized using 'CodeIgniter\Session\Handlers\FileHandler' driver.
DEBUG - 2026-04-26 05:05:53 --> Session: Class initialized using 'CodeIgniter\Session\Handlers\FileHandler' driver.
DEBUG - 2026-04-26 05:05:56 --> Session: Class initialized using 'CodeIgniter\Session\Handlers\FileHandler' driver.
DEBUG - 2026-04-26 05:05:57 --> Session: Class initialized using 'CodeIgniter\Session\Handlers\FileHandler' driver.
DEBUG - 2026-04-26 05:05:58 --> Session: Class initialized using 'CodeIgniter\Session\Handlers\FileHandler' driver.
DEBUG - 2026-04-26 05:06:04 --> Session: Class initialized using 'CodeIgniter\Session\Handlers\FileHandler' driver.
DEBUG - 2026-04-26 05:06:53 --> Session: Class initialized using 'CodeIgniter\Session\Handlers\FileHandler' driver.
DEBUG - 2026-04-26 05:07:15 --> Session: Class initialized using 'CodeIgniter\Session\Handlers\FileHandler' driver.
DEBUG - 2026-04-26 05:07:15 --> Session: Class initialized using 'CodeIgniter\Session\Handlers\FileHandler' driver.
DEBUG - 2026-04-26 05:07:21 --> Session: Class initialized using 'CodeIgniter\Session\Handlers\FileHandler' driver.
DEBUG - 2026-04-26 05:08:30 --> Session: Class initialized using 'CodeIgniter\Session\Handlers\FileHandler' driver.
DEBUG - 2026-04-26 05:08:35 --> Session: Class initialized using 'CodeIgniter\Session\Handlers\FileHandler' driver.
DEBUG - 2026-04-26 05:08:35 --> Session: Class initialized using 'CodeIgniter\Session\Handlers\FileHandler' driver.
DEBUG - 2026-04-26 05:08:37 --> Session: Class initialized using 'CodeIgniter\Session\Handlers\FileHandler' driver.
DEBUG - 2026-04-26 05:08:42 --> Session: Class initialized using 'CodeIgniter\Session\Handlers\FileHandler' driver.
DEBUG - 2026-04-26 05:08:47 --> Session: Class initialized using 'CodeIgniter\Session\Handlers\FileHandler' driver.
DEBUG - 2026-04-26 05:08:51 --> Session: Class initialized using 'CodeIgniter\Session\Handlers\FileHandler' driver.
DEBUG - 2026-04-26 05:08:51 --> Session: Class initialized using 'CodeIgniter\Session\Handlers\FileHandler' driver.
DEBUG - 2026-04-26 05:08:56 --> Session: Class initialized using 'CodeIgniter\Session\Handlers\FileHandler' driver.
DEBUG - 2026-04-26 05:22:04 --> Session: Class initialized using 'CodeIgniter\Session\Handlers\FileHandler' driver.
DEBUG - 2026-04-26 05:24:54 --> Session: Class initialized using 'CodeIgniter\Session\Handlers\FileHandler' driver.
DEBUG - 2026-04-26 05:25:34 --> Session: Class initialized using 'CodeIgniter\Session\Handlers\FileHandler' driver.
DEBUG - 2026-04-26 05:28:25 --> Session: Class initialized using 'CodeIgniter\Session\Handlers\FileHandler' driver.
DEBUG - 2026-04-26 05:28:28 --> Session: Class initialized using 'CodeIgniter\Session\Handlers\FileHandler' driver.
DEBUG - 2026-04-26 05:28:42 --> Session: Class initialized using 'CodeIgniter\Session\Handlers\FileHandler' driver.
DEBUG - 2026-04-26 05:28:42 --> Session: Class initialized using 'CodeIgniter\Session\Handlers\FileHandler' driver.
DEBUG - 2026-04-26 05:28:44 --> Session: Class initialized using 'CodeIgniter\Session\Handlers\FileHandler' driver.
DEBUG - 2026-04-26 05:33:19 --> Session: Class initialized using 'CodeIgniter\Session\Handlers\FileHandler' driver.
DEBUG - 2026-04-26 05:33:23 --> Session: Class initialized using 'CodeIgniter\Session\Handlers\FileHandler' driver.
DEBUG - 2026-04-26 05:33:49 --> Session: Class initialized using 'CodeIgniter\Session\Handlers\FileHandler' driver.
DEBUG - 2026-04-26 05:33:49 --> Session: Class initialized using 'CodeIgniter\Session\Handlers\FileHandler' driver.
DEBUG - 2026-04-26 05:33:57 --> Session: Class initialized using 'CodeIgniter\Session\Handlers\FileHandler' driver.
DEBUG - 2026-04-26 05:34:45 --> Session: Class initialized using 'CodeIgniter\Session\Handlers\FileHandler' driver.
DEBUG - 2026-04-26 05:34:48 --> Session: Class initialized using 'CodeIgniter\Session\Handlers\FileHandler' driver.
DEBUG - 2026-04-26 05:35:00 --> Session: Class initialized using 'CodeIgniter\Session\Handlers\FileHandler' driver.
DEBUG - 2026-04-26 05:35:13 --> Session: Class initialized using 'CodeIgniter\Session\Handlers\FileHandler' driver.
DEBUG - 2026-04-26 05:35:13 --> Session: Class initialized using 'CodeIgniter\Session\Handlers\FileHandler' driver.
DEBUG - 2026-04-26 05:40:50 --> Session: Class initialized using 'CodeIgniter\Session\Handlers\FileHandler' driver.
DEBUG - 2026-04-26 05:41:08 --> Session: Class initialized using 'CodeIgniter\Session\Handlers\FileHandler' driver.
DEBUG - 2026-04-26 05:41:08 --> Session: Class initialized using 'CodeIgniter\Session\Handlers\FileHandler' driver.
DEBUG - 2026-04-26 05:41:24 --> Session: Class initialized using 'CodeIgniter\Session\Handlers\FileHandler' driver.
DEBUG - 2026-04-26 05:41:35 --> Session: Class initialized using 'CodeIgniter\Session\Handlers\FileHandler' driver.
DEBUG - 2026-04-26 05:41:36 --> Session: Class initialized using 'CodeIgniter\Session\Handlers\FileHandler' driver.
DEBUG - 2026-04-26 05:41:41 --> Session: Class initialized using 'CodeIgniter\Session\Handlers\FileHandler' driver.
DEBUG - 2026-04-26 05:41:48 --> Session: Class initialized using 'CodeIgniter\Session\Handlers\FileHandler' driver.
DEBUG - 2026-04-26 05:41:48 --> Session: Class initialized using 'CodeIgniter\Session\Handlers\FileHandler' driver.
DEBUG - 2026-04-26 05:41:52 --> Session: Class initialized using 'CodeIgniter\Session\Handlers\FileHandler' driver.
DEBUG - 2026-04-26 05:41:59 --> Session: Class initialized using 'CodeIgniter\Session\Handlers\FileHandler' driver.
DEBUG - 2026-04-26 05:41:59 --> Session: Class initialized using 'CodeIgniter\Session\Handlers\FileHandler' driver.
DEBUG - 2026-04-26 05:42:29 --> Session: Class initialized using 'CodeIgniter\Session\Handlers\FileHandler' driver.
DEBUG - 2026-04-26 05:42:34 --> Session: Class initialized using 'CodeIgniter\Session\Handlers\FileHandler' driver.
DEBUG - 2026-04-26 05:42:36 --> Session: Class initialized using 'CodeIgniter\Session\Handlers\FileHandler' driver.
DEBUG - 2026-04-26 05:42:38 --> Session: Class initialized using 'CodeIgniter\Session\Handlers\FileHandler' driver.
DEBUG - 2026-04-26 05:44:42 --> Session: Class initialized using 'CodeIgniter\Session\Handlers\FileHandler' driver.
DEBUG - 2026-04-26 05:44:52 --> Session: Class initialized using 'CodeIgniter\Session\Handlers\FileHandler' driver.
DEBUG - 2026-04-26 05:44:53 --> Session: Class initialized using 'CodeIgniter\Session\Handlers\FileHandler' driver.
DEBUG - 2026-04-26 05:45:04 --> Session: Class initialized using 'CodeIgniter\Session\Handlers\FileHandler' driver.
DEBUG - 2026-04-26 05:45:04 --> Session: Class initialized using 'CodeIgniter\Session\Handlers\FileHandler' driver.
DEBUG - 2026-04-26 05:45:08 --> Session: Class initialized using 'CodeIgniter\Session\Handlers\FileHandler' driver.
DEBUG - 2026-04-26 05:45:09 --> Session: Class initialized using 'CodeIgniter\Session\Handlers\FileHandler' driver.
DEBUG - 2026-04-26 05:45:15 --> Session: Class initialized using 'CodeIgniter\Session\Handlers\FileHandler' driver.
DEBUG - 2026-04-26 05:49:40 --> Session: Class initialized using 'CodeIgniter\Session\Handlers\FileHandler' driver.
DEBUG - 2026-04-26 05:49:40 --> Session: Class initialized using 'CodeIgniter\Session\Handlers\FileHandler' driver.
DEBUG - 2026-04-26 05:49:44 --> Session: Class initialized using 'CodeIgniter\Session\Handlers\FileHandler' driver.
DEBUG - 2026-04-26 05:49:44 --> Session: Class initialized using 'CodeIgniter\Session\Handlers\FileHandler' driver.
DEBUG - 2026-04-26 05:49:45 --> Session: Class initialized using 'CodeIgniter\Session\Handlers\FileHandler' driver.
DEBUG - 2026-04-26 05:49:49 --> Session: Class initialized using 'CodeIgniter\Session\Handlers\FileHandler' driver.
DEBUG - 2026-04-26 05:49:55 --> Session: Class initialized using 'CodeIgniter\Session\Handlers\FileHandler' driver.
DEBUG - 2026-04-26 05:49:57 --> Session: Class initialized using 'CodeIgniter\Session\Handlers\FileHandler' driver.
DEBUG - 2026-04-26 05:50:00 --> Session: Class initialized using 'CodeIgniter\Session\Handlers\FileHandler' driver.
DEBUG - 2026-04-26 05:50:08 --> Session: Class initialized using 'CodeIgniter\Session\Handlers\FileHandler' driver.
DEBUG - 2026-04-26 05:51:54 --> Session: Class initialized using 'CodeIgniter\Session\Handlers\FileHandler' driver.
DEBUG - 2026-04-26 05:54:06 --> Session: Class initialized using 'CodeIgniter\Session\Handlers\FileHandler' driver.
DEBUG - 2026-04-26 05:54:16 --> Session: Class initialized using 'CodeIgniter\Session\Handlers\FileHandler' driver.
DEBUG - 2026-04-26 05:54:20 --> Session: Class initialized using 'CodeIgniter\Session\Handlers\FileHandler' driver.
DEBUG - 2026-04-26 05:55:04 --> Session: Class initialized using 'CodeIgniter\Session\Handlers\FileHandler' driver.
DEBUG - 2026-04-26 05:55:04 --> Session: Class initialized using 'CodeIgniter\Session\Handlers\FileHandler' driver.
DEBUG - 2026-04-26 05:55:09 --> Session: Class initialized using 'CodeIgniter\Session\Handlers\FileHandler' driver.
DEBUG - 2026-04-26 05:55:09 --> Session: Class initialized using 'CodeIgniter\Session\Handlers\FileHandler' driver.
DEBUG - 2026-04-26 05:55:14 --> Session: Class initialized using 'CodeIgniter\Session\Handlers\FileHandler' driver.
DEBUG - 2026-04-26 05:55:15 --> Session: Class initialized using 'CodeIgniter\Session\Handlers\FileHandler' driver.
DEBUG - 2026-04-26 05:55:20 --> Session: Class initialized using 'CodeIgniter\Session\Handlers\FileHandler' driver.
DEBUG - 2026-04-26 05:55:27 --> Session: Class initialized using 'CodeIgniter\Session\Handlers\FileHandler' driver.
DEBUG - 2026-04-26 05:55:27 --> Session: Class initialized using 'CodeIgniter\Session\Handlers\FileHandler' driver.
DEBUG - 2026-04-26 05:55:37 --> Session: Class initialized using 'CodeIgniter\Session\Handlers\FileHandler' driver.
DEBUG - 2026-04-26 05:55:46 --> Session: Class initialized using 'CodeIgniter\Session\Handlers\FileHandler' driver.
DEBUG - 2026-04-26 05:55:48 --> Session: Class initialized using 'CodeIgniter\Session\Handlers\FileHandler' driver.
DEBUG - 2026-04-26 05:55:51 --> Session: Class initialized using 'CodeIgniter\Session\Handlers\FileHandler' driver.
DEBUG - 2026-04-26 05:55:52 --> Session: Class initialized using 'CodeIgniter\Session\Handlers\FileHandler' driver.
DEBUG - 2026-04-26 05:55:54 --> Session: Class initialized using 'CodeIgniter\Session\Handlers\FileHandler' driver.
DEBUG - 2026-04-26 05:55:56 --> Session: Class initialized using 'CodeIgniter\Session\Handlers\FileHandler' driver.
DEBUG - 2026-04-26 05:55:58 --> Session: Class initialized using 'CodeIgniter\Session\Handlers\FileHandler' driver.
DEBUG - 2026-04-26 05:55:59 --> Session: Class initialized using 'CodeIgniter\Session\Handlers\FileHandler' driver.
DEBUG - 2026-04-26 05:56:01 --> Session: Class initialized using 'CodeIgniter\Session\Handlers\FileHandler' driver.
DEBUG - 2026-04-26 05:56:02 --> Session: Class initialized using 'CodeIgniter\Session\Handlers\FileHandler' driver.
DEBUG - 2026-04-26 05:56:06 --> Session: Class initialized using 'CodeIgniter\Session\Handlers\FileHandler' driver.
DEBUG - 2026-04-26 05:56:15 --> Session: Class initialized using 'CodeIgniter\Session\Handlers\FileHandler' driver.
DEBUG - 2026-04-26 05:56:16 --> Session: Class initialized using 'CodeIgniter\Session\Handlers\FileHandler' driver.
DEBUG - 2026-04-26 05:56:48 --> Session: Class initialized using 'CodeIgniter\Session\Handlers\FileHandler' driver.
DEBUG - 2026-04-26 06:03:02 --> Session: Class initialized using 'CodeIgniter\Session\Handlers\FileHandler' driver.
DEBUG - 2026-04-26 06:05:08 --> Session: Class initialized using 'CodeIgniter\Session\Handlers\FileHandler' driver.
DEBUG - 2026-04-26 06:06:18 --> Session: Class initialized using 'CodeIgniter\Session\Handlers\FileHandler' driver.
DEBUG - 2026-04-26 06:06:21 --> Session: Class initialized using 'CodeIgniter\Session\Handlers\FileHandler' driver.
DEBUG - 2026-04-26 06:06:30 --> Session: Class initialized using 'CodeIgniter\Session\Handlers\FileHandler' driver.
DEBUG - 2026-04-26 06:06:40 --> Session: Class initialized using 'CodeIgniter\Session\Handlers\FileHandler' driver.
DEBUG - 2026-04-26 06:06:45 --> Session: Class initialized using 'CodeIgniter\Session\Handlers\FileHandler' driver.
DEBUG - 2026-04-26 06:06:55 --> Session: Class initialized using 'CodeIgniter\Session\Handlers\FileHandler' driver.
DEBUG - 2026-04-26 06:09:05 --> Session: Class initialized using 'CodeIgniter\Session\Handlers\FileHandler' driver.
DEBUG - 2026-04-26 06:16:16 --> Session: Class initialized using 'CodeIgniter\Session\Handlers\FileHandler' driver.
DEBUG - 2026-04-26 06:27:31 --> Session: Class initialized using 'CodeIgniter\Session\Handlers\FileHandler' driver.
DEBUG - 2026-04-26 06:27:45 --> Session: Class initialized using 'CodeIgniter\Session\Handlers\FileHandler' driver.
DEBUG - 2026-04-26 06:30:12 --> Session: Class initialized using 'CodeIgniter\Session\Handlers\FileHandler' driver.
DEBUG - 2026-04-26 06:30:15 --> Session: Class initialized using 'CodeIgniter\Session\Handlers\FileHandler' driver.
DEBUG - 2026-04-26 06:30:15 --> Session: Class initialized using 'CodeIgniter\Session\Handlers\FileHandler' driver.
CRITICAL - 2026-04-26 06:30:17 --> ErrorException: unlink(C:\xampp\htdocs\perpus\writable\debugbar/debugbar_1777183508.196049.json): No such file or directory
[Method: GET, Route: /]
in SYSTEMPATH\Debug\Toolbar\Collectors\History.php on line 82.
 1 [internal function]: CodeIgniter\Debug\Exceptions->errorHandler(2, 'unlink(C:\\xampp\\htdocs\\perpus\\writable\\debugbar/debugbar_1777183508.196049.json): No such file or directory', 'C:\\xampp\\htdocs\\perpus\\system\\Debug\\Toolbar\\Collectors\\History.php', 82)
 2 SYSTEMPATH\Debug\Toolbar\Collectors\History.php(82): unlink('C:\\xampp\\htdocs\\perpus\\writable\\debugbar/debugbar_1777183508.196049.json')
 3 SYSTEMPATH\Debug\Toolbar.php(517): CodeIgniter\Debug\Toolbar\Collectors\History->setFiles('1777185012.501691', 20)
 4 SYSTEMPATH\Debug\Toolbar.php(496): CodeIgniter\Debug\Toolbar->format([...], 'html')
 5 APPPATH\Config\Events.php(47): CodeIgniter\Debug\Toolbar->respond()
 6 SYSTEMPATH\Events\Events.php(152): CodeIgniter\Events\Events::Config\{closure}()
 7 SYSTEMPATH\CodeIgniter.php(339): CodeIgniter\Events\Events::trigger('pre_system')
 8 SYSTEMPATH\Boot.php(363): CodeIgniter\CodeIgniter->run()
 9 SYSTEMPATH\Boot.php(68): CodeIgniter\Boot::runCodeIgniter(Object(CodeIgniter\CodeIgniter))
10 FCPATH\index.php(59): CodeIgniter\Boot::bootWeb(Object(Config\Paths))
DEBUG - 2026-04-26 06:30:21 --> Session: Class initialized using 'CodeIgniter\Session\Handlers\FileHandler' driver.
DEBUG - 2026-04-26 06:30:21 --> Session: Class initialized using 'CodeIgniter\Session\Handlers\FileHandler' driver.
DEBUG - 2026-04-26 06:30:30 --> Session: Class initialized using 'CodeIgniter\Session\Handlers\FileHandler' driver.
DEBUG - 2026-04-26 06:30:31 --> Session: Class initialized using 'CodeIgniter\Session\Handlers\FileHandler' driver.
DEBUG - 2026-04-26 06:30:36 --> Session: Class initialized using 'CodeIgniter\Session\Handlers\FileHandler' driver.
DEBUG - 2026-04-26 06:30:36 --> Session: Class initialized using 'CodeIgniter\Session\Handlers\FileHandler' driver.
DEBUG - 2026-04-26 06:30:42 --> Session: Class initialized using 'CodeIgniter\Session\Handlers\FileHandler' driver.
DEBUG - 2026-04-26 06:30:43 --> Session: Class initialized using 'CodeIgniter\Session\Handlers\FileHandler' driver.
DEBUG - 2026-04-26 06:30:53 --> Session: Class initialized using 'CodeIgniter\Session\Handlers\FileHandler' driver.
DEBUG - 2026-04-26 06:33:34 --> Session: Class initialized using 'CodeIgniter\Session\Handlers\FileHandler' driver.
DEBUG - 2026-04-26 06:33:35 --> Session: Class initialized using 'CodeIgniter\Session\Handlers\FileHandler' driver.
DEBUG - 2026-04-26 06:40:37 --> Session: Class initialized using 'CodeIgniter\Session\Handlers\FileHandler' driver.
DEBUG - 2026-04-26 06:40:52 --> Session: Class initialized using 'CodeIgniter\Session\Handlers\FileHandler' driver.
DEBUG - 2026-04-26 06:40:52 --> Session: Class initialized using 'CodeIgniter\Session\Handlers\FileHandler' driver.
DEBUG - 2026-04-26 06:41:01 --> Session: Class initialized using 'CodeIgniter\Session\Handlers\FileHandler' driver.
DEBUG - 2026-04-26 06:41:02 --> Session: Class initialized using 'CodeIgniter\Session\Handlers\FileHandler' driver.
DEBUG - 2026-04-26 06:41:08 --> Session: Class initialized using 'CodeIgniter\Session\Handlers\FileHandler' driver.
DEBUG - 2026-04-26 06:41:13 --> Session: Class initialized using 'CodeIgniter\Session\Handlers\FileHandler' driver.
DEBUG - 2026-04-26 06:41:27 --> Session: Class initialized using 'CodeIgniter\Session\Handlers\FileHandler' driver.
DEBUG - 2026-04-26 06:42:04 --> Session: Class initialized using 'CodeIgniter\Session\Handlers\FileHandler' driver.
DEBUG - 2026-04-26 06:42:09 --> Session: Class initialized using 'CodeIgniter\Session\Handlers\FileHandler' driver.
DEBUG - 2026-04-26 06:42:16 --> Session: Class initialized using 'CodeIgniter\Session\Handlers\FileHandler' driver.
DEBUG - 2026-04-26 06:42:22 --> Session: Class initialized using 'CodeIgniter\Session\Handlers\FileHandler' driver.
DEBUG - 2026-04-26 06:43:29 --> Session: Class initialized using 'CodeIgniter\Session\Handlers\FileHandler' driver.
DEBUG - 2026-04-26 06:48:55 --> Session: Class initialized using 'CodeIgniter\Session\Handlers\FileHandler' driver.
DEBUG - 2026-04-26 06:48:55 --> Session: Class initialized using 'CodeIgniter\Session\Handlers\FileHandler' driver.
DEBUG - 2026-04-26 06:53:39 --> Session: Class initialized using 'CodeIgniter\Session\Handlers\FileHandler' driver.
DEBUG - 2026-04-26 06:53:41 --> Session: Class initialized using 'CodeIgniter\Session\Handlers\FileHandler' driver.
DEBUG - 2026-04-26 06:54:36 --> Session: Class initialized using 'CodeIgniter\Session\Handlers\FileHandler' driver.
DEBUG - 2026-04-26 06:54:39 --> Session: Class initialized using 'CodeIgniter\Session\Handlers\FileHandler' driver.
DEBUG - 2026-04-26 06:54:41 --> Session: Class initialized using 'CodeIgniter\Session\Handlers\FileHandler' driver.
DEBUG - 2026-04-26 06:54:54 --> Session: Class initialized using 'CodeIgniter\Session\Handlers\FileHandler' driver.
DEBUG - 2026-04-26 06:55:05 --> Session: Class initialized using 'CodeIgniter\Session\Handlers\FileHandler' driver.
DEBUG - 2026-04-26 06:57:33 --> Session: Class initialized using 'CodeIgniter\Session\Handlers\FileHandler' driver.
DEBUG - 2026-04-26 06:57:41 --> Session: Class initialized using 'CodeIgniter\Session\Handlers\FileHandler' driver.
DEBUG - 2026-04-26 06:58:17 --> Session: Class initialized using 'CodeIgniter\Session\Handlers\FileHandler' driver.
DEBUG - 2026-04-26 06:58:35 --> Session: Class initialized using 'CodeIgniter\Session\Handlers\FileHandler' driver.
DEBUG - 2026-04-26 06:58:36 --> Session: Class initialized using 'CodeIgniter\Session\Handlers\FileHandler' driver.
DEBUG - 2026-04-26 06:58:37 --> Session: Class initialized using 'CodeIgniter\Session\Handlers\FileHandler' driver.
DEBUG - 2026-04-26 06:58:38 --> Session: Class initialized using 'CodeIgniter\Session\Handlers\FileHandler' driver.
DEBUG - 2026-04-26 06:58:40 --> Session: Class initialized using 'CodeIgniter\Session\Handlers\FileHandler' driver.
DEBUG - 2026-04-26 06:58:41 --> Session: Class initialized using 'CodeIgniter\Session\Handlers\FileHandler' driver.
DEBUG - 2026-04-26 06:58:41 --> Session: Class initialized using 'CodeIgniter\Session\Handlers\FileHandler' driver.
DEBUG - 2026-04-26 06:58:43 --> Session: Class initialized using 'CodeIgniter\Session\Handlers\FileHandler' driver.
DEBUG - 2026-04-26 06:58:44 --> Session: Class initialized using 'CodeIgniter\Session\Handlers\FileHandler' driver.
DEBUG - 2026-04-26 06:58:45 --> Session: Class initialized using 'CodeIgniter\Session\Handlers\FileHandler' driver.
DEBUG - 2026-04-26 06:58:46 --> Session: Class initialized using 'CodeIgniter\Session\Handlers\FileHandler' driver.
DEBUG - 2026-04-26 06:58:48 --> Session: Class initialized using 'CodeIgniter\Session\Handlers\FileHandler' driver.
DEBUG - 2026-04-26 06:58:52 --> Session: Class initialized using 'CodeIgniter\Session\Handlers\FileHandler' driver.
DEBUG - 2026-04-26 06:58:55 --> Session: Class initialized using 'CodeIgniter\Session\Handlers\FileHandler' driver.
DEBUG - 2026-04-26 06:58:58 --> Session: Class initialized using 'CodeIgniter\Session\Handlers\FileHandler' driver.
DEBUG - 2026-04-26 06:59:06 --> Session: Class initialized using 'CodeIgniter\Session\Handlers\FileHandler' driver.
DEBUG - 2026-04-26 06:59:06 --> Session: Class initialized using 'CodeIgniter\Session\Handlers\FileHandler' driver.
DEBUG - 2026-04-26 06:59:10 --> Session: Class initialized using 'CodeIgniter\Session\Handlers\FileHandler' driver.
DEBUG - 2026-04-26 06:59:10 --> Session: Class initialized using 'CodeIgniter\Session\Handlers\FileHandler' driver.
DEBUG - 2026-04-26 06:59:14 --> Session: Class initialized using 'CodeIgniter\Session\Handlers\FileHandler' driver.
DEBUG - 2026-04-26 06:59:14 --> Session: Class initialized using 'CodeIgniter\Session\Handlers\FileHandler' driver.
DEBUG - 2026-04-26 06:59:43 --> Session: Class initialized using 'CodeIgniter\Session\Handlers\FileHandler' driver.
DEBUG - 2026-04-26 07:02:54 --> Session: Class initialized using 'CodeIgniter\Session\Handlers\FileHandler' driver.
DEBUG - 2026-04-26 07:02:55 --> Session: Class initialized using 'CodeIgniter\Session\Handlers\FileHandler' driver.
DEBUG - 2026-04-26 07:02:56 --> Session: Class initialized using 'CodeIgniter\Session\Handlers\FileHandler' driver.
DEBUG - 2026-04-26 07:02:57 --> Session: Class initialized using 'CodeIgniter\Session\Handlers\FileHandler' driver.
DEBUG - 2026-04-26 07:03:02 --> Session: Class initialized using 'CodeIgniter\Session\Handlers\FileHandler' driver.
DEBUG - 2026-04-26 07:03:04 --> Session: Class initialized using 'CodeIgniter\Session\Handlers\FileHandler' driver.
DEBUG - 2026-04-26 07:03:13 --> Session: Class initialized using 'CodeIgniter\Session\Handlers\FileHandler' driver.
DEBUG - 2026-04-26 07:03:14 --> Session: Class initialized using 'CodeIgniter\Session\Handlers\FileHandler' driver.
DEBUG - 2026-04-26 07:03:15 --> Session: Class initialized using 'CodeIgniter\Session\Handlers\FileHandler' driver.
DEBUG - 2026-04-26 07:04:19 --> Session: Class initialized using 'CodeIgniter\Session\Handlers\FileHandler' driver.
DEBUG - 2026-04-26 07:09:28 --> Session: Class initialized using 'CodeIgniter\Session\Handlers\FileHandler' driver.
DEBUG - 2026-04-26 07:09:30 --> Session: Class initialized using 'CodeIgniter\Session\Handlers\FileHandler' driver.
DEBUG - 2026-04-26 07:09:31 --> Session: Class initialized using 'CodeIgniter\Session\Handlers\FileHandler' driver.
DEBUG - 2026-04-26 07:09:32 --> Session: Class initialized using 'CodeIgniter\Session\Handlers\FileHandler' driver.
DEBUG - 2026-04-26 07:09:43 --> Session: Class initialized using 'CodeIgniter\Session\Handlers\FileHandler' driver.
DEBUG - 2026-04-26 07:09:43 --> Session: Class initialized using 'CodeIgniter\Session\Handlers\FileHandler' driver.
DEBUG - 2026-04-26 07:09:45 --> Session: Class initialized using 'CodeIgniter\Session\Handlers\FileHandler' driver.
DEBUG - 2026-04-26 07:09:46 --> Session: Class initialized using 'CodeIgniter\Session\Handlers\FileHandler' driver.
DEBUG - 2026-04-26 07:09:46 --> Session: Class initialized using 'CodeIgniter\Session\Handlers\FileHandler' driver.
DEBUG - 2026-04-26 07:09:47 --> Session: Class initialized using 'CodeIgniter\Session\Handlers\FileHandler' driver.
DEBUG - 2026-04-26 07:09:48 --> Session: Class initialized using 'CodeIgniter\Session\Handlers\FileHandler' driver.
DEBUG - 2026-04-26 07:09:49 --> Session: Class initialized using 'CodeIgniter\Session\Handlers\FileHandler' driver.
DEBUG - 2026-04-26 07:09:53 --> Session: Class initialized using 'CodeIgniter\Session\Handlers\FileHandler' driver.
DEBUG - 2026-04-26 07:09:53 --> Session: Class initialized using 'CodeIgniter\Session\Handlers\FileHandler' driver.
DEBUG - 2026-04-26 07:09:53 --> Session: Class initialized using 'CodeIgniter\Session\Handlers\FileHandler' driver.
DEBUG - 2026-04-26 07:09:54 --> Session: Class initialized using 'CodeIgniter\Session\Handlers\FileHandler' driver.
DEBUG - 2026-04-26 07:09:55 --> Session: Class initialized using 'CodeIgniter\Session\Handlers\FileHandler' driver.
DEBUG - 2026-04-26 07:10:08 --> Session: Class initialized using 'CodeIgniter\Session\Handlers\FileHandler' driver.
DEBUG - 2026-04-26 07:11:37 --> Session: Class initialized using 'CodeIgniter\Session\Handlers\FileHandler' driver.
DEBUG - 2026-04-26 07:11:40 --> Session: Class initialized using 'CodeIgniter\Session\Handlers\FileHandler' driver.
DEBUG - 2026-04-26 07:11:41 --> Session: Class initialized using 'CodeIgniter\Session\Handlers\FileHandler' driver.
DEBUG - 2026-04-26 07:11:42 --> Session: Class initialized using 'CodeIgniter\Session\Handlers\FileHandler' driver.
DEBUG - 2026-04-26 07:11:43 --> Session: Class initialized using 'CodeIgniter\Session\Handlers\FileHandler' driver.
DEBUG - 2026-04-26 07:11:44 --> Session: Class initialized using 'CodeIgniter\Session\Handlers\FileHandler' driver.
DEBUG - 2026-04-26 07:11:45 --> Session: Class initialized using 'CodeIgniter\Session\Handlers\FileHandler' driver.
DEBUG - 2026-04-26 07:11:46 --> Session: Class initialized using 'CodeIgniter\Session\Handlers\FileHandler' driver.
DEBUG - 2026-04-26 07:11:47 --> Session: Class initialized using 'CodeIgniter\Session\Handlers\FileHandler' driver.
DEBUG - 2026-04-26 07:11:48 --> Session: Class initialized using 'CodeIgniter\Session\Handlers\FileHandler' driver.
DEBUG - 2026-04-26 07:14:40 --> Session: Class initialized using 'CodeIgniter\Session\Handlers\FileHandler' driver.
DEBUG - 2026-04-26 07:15:03 --> Session: Class initialized using 'CodeIgniter\Session\Handlers\FileHandler' driver.
DEBUG - 2026-04-26 07:24:11 --> Session: Class initialized using 'CodeIgniter\Session\Handlers\FileHandler' driver.
DEBUG - 2026-04-26 07:25:20 --> Session: Class initialized using 'CodeIgniter\Session\Handlers\FileHandler' driver.
DEBUG - 2026-04-26 07:25:24 --> Session: Class initialized using 'CodeIgniter\Session\Handlers\FileHandler' driver.
DEBUG - 2026-04-26 07:26:13 --> Session: Class initialized using 'CodeIgniter\Session\Handlers\FileHandler' driver.
DEBUG - 2026-04-26 07:26:55 --> Session: Class initialized using 'CodeIgniter\Session\Handlers\FileHandler' driver.
DEBUG - 2026-04-26 07:26:57 --> Session: Class initialized using 'CodeIgniter\Session\Handlers\FileHandler' driver.
DEBUG - 2026-04-26 07:27:07 --> Session: Class initialized using 'CodeIgniter\Session\Handlers\FileHandler' driver.
DEBUG - 2026-04-26 07:27:12 --> Session: Class initialized using 'CodeIgniter\Session\Handlers\FileHandler' driver.
DEBUG - 2026-04-26 07:27:12 --> Session: Class initialized using 'CodeIgniter\Session\Handlers\FileHandler' driver.
DEBUG - 2026-04-26 07:27:18 --> Session: Class initialized using 'CodeIgniter\Session\Handlers\FileHandler' driver.
DEBUG - 2026-04-26 07:27:18 --> Session: Class initialized using 'CodeIgniter\Session\Handlers\FileHandler' driver.
DEBUG - 2026-04-26 07:27:28 --> Session: Class initialized using 'CodeIgniter\Session\Handlers\FileHandler' driver.
DEBUG - 2026-04-26 07:27:59 --> Session: Class initialized using 'CodeIgniter\Session\Handlers\FileHandler' driver.
DEBUG - 2026-04-26 07:27:59 --> Session: Class initialized using 'CodeIgniter\Session\Handlers\FileHandler' driver.
DEBUG - 2026-04-26 07:28:01 --> Session: Class initialized using 'CodeIgniter\Session\Handlers\FileHandler' driver.
DEBUG - 2026-04-26 07:28:40 --> Session: Class initialized using 'CodeIgniter\Session\Handlers\FileHandler' driver.
DEBUG - 2026-04-26 07:29:17 --> Session: Class initialized using 'CodeIgniter\Session\Handlers\FileHandler' driver.
DEBUG - 2026-04-26 07:29:58 --> Session: Class initialized using 'CodeIgniter\Session\Handlers\FileHandler' driver.
DEBUG - 2026-04-26 07:30:04 --> Session: Class initialized using 'CodeIgniter\Session\Handlers\FileHandler' driver.
DEBUG - 2026-04-26 07:30:05 --> Session: Class initialized using 'CodeIgniter\Session\Handlers\FileHandler' driver.
DEBUG - 2026-04-26 07:30:48 --> Session: Class initialized using 'CodeIgniter\Session\Handlers\FileHandler' driver.
DEBUG - 2026-04-26 07:31:56 --> Session: Class initialized using 'CodeIgniter\Session\Handlers\FileHandler' driver.
DEBUG - 2026-04-26 07:32:40 --> Session: Class initialized using 'CodeIgniter\Session\Handlers\FileHandler' driver.
DEBUG - 2026-04-26 07:32:57 --> Session: Class initialized using 'CodeIgniter\Session\Handlers\FileHandler' driver.
DEBUG - 2026-04-26 07:33:37 --> Session: Class initialized using 'CodeIgniter\Session\Handlers\FileHandler' driver.
DEBUG - 2026-04-26 07:33:41 --> Session: Class initialized using 'CodeIgniter\Session\Handlers\FileHandler' driver.
DEBUG - 2026-04-26 07:34:15 --> Session: Class initialized using 'CodeIgniter\Session\Handlers\FileHandler' driver.
DEBUG - 2026-04-26 07:35:14 --> Session: Class initialized using 'CodeIgniter\Session\Handlers\FileHandler' driver.
DEBUG - 2026-04-26 07:35:15 --> Session: Class initialized using 'CodeIgniter\Session\Handlers\FileHandler' driver.
DEBUG - 2026-04-26 07:35:22 --> Session: Class initialized using 'CodeIgniter\Session\Handlers\FileHandler' driver.
DEBUG - 2026-04-26 07:35:52 --> Session: Class initialized using 'CodeIgniter\Session\Handlers\FileHandler' driver.
DEBUG - 2026-04-26 07:35:56 --> Session: Class initialized using 'CodeIgniter\Session\Handlers\FileHandler' driver.
DEBUG - 2026-04-26 07:36:04 --> Session: Class initialized using 'CodeIgniter\Session\Handlers\FileHandler' driver.
DEBUG - 2026-04-26 07:36:16 --> Session: Class initialized using 'CodeIgniter\Session\Handlers\FileHandler' driver.
DEBUG - 2026-04-26 07:36:25 --> Session: Class initialized using 'CodeIgniter\Session\Handlers\FileHandler' driver.
DEBUG - 2026-04-26 07:36:28 --> Session: Class initialized using 'CodeIgniter\Session\Handlers\FileHandler' driver.
DEBUG - 2026-04-26 07:37:15 --> Session: Class initialized using 'CodeIgniter\Session\Handlers\FileHandler' driver.
DEBUG - 2026-04-26 07:37:24 --> Session: Class initialized using 'CodeIgniter\Session\Handlers\FileHandler' driver.
DEBUG - 2026-04-26 07:37:58 --> Session: Class initialized using 'CodeIgniter\Session\Handlers\FileHandler' driver.
DEBUG - 2026-04-26 07:38:04 --> Session: Class initialized using 'CodeIgniter\Session\Handlers\FileHandler' driver.
DEBUG - 2026-04-26 07:38:04 --> Session: Class initialized using 'CodeIgniter\Session\Handlers\FileHandler' driver.
DEBUG - 2026-04-26 07:38:05 --> Session: Class initialized using 'CodeIgniter\Session\Handlers\FileHandler' driver.
DEBUG - 2026-04-26 07:38:09 --> Session: Class initialized using 'CodeIgniter\Session\Handlers\FileHandler' driver.
DEBUG - 2026-04-26 07:38:48 --> Session: Class initialized using 'CodeIgniter\Session\Handlers\FileHandler' driver.
DEBUG - 2026-04-26 07:39:24 --> Session: Class initialized using 'CodeIgniter\Session\Handlers\FileHandler' driver.
DEBUG - 2026-04-26 07:40:02 --> Session: Class initialized using 'CodeIgniter\Session\Handlers\FileHandler' driver.
DEBUG - 2026-04-26 07:40:06 --> Session: Class initialized using 'CodeIgniter\Session\Handlers\FileHandler' driver.
DEBUG - 2026-04-26 07:40:56 --> Session: Class initialized using 'CodeIgniter\Session\Handlers\FileHandler' driver.
DEBUG - 2026-04-26 07:40:59 --> Session: Class initialized using 'CodeIgniter\Session\Handlers\FileHandler' driver.
DEBUG - 2026-04-26 07:41:02 --> Session: Class initialized using 'CodeIgniter\Session\Handlers\FileHandler' driver.
DEBUG - 2026-04-26 07:41:11 --> Session: Class initialized using 'CodeIgniter\Session\Handlers\FileHandler' driver.
DEBUG - 2026-04-26 07:41:17 --> Session: Class initialized using 'CodeIgniter\Session\Handlers\FileHandler' driver.
DEBUG - 2026-04-26 07:41:27 --> Session: Class initialized using 'CodeIgniter\Session\Handlers\FileHandler' driver.
DEBUG - 2026-04-26 07:43:36 --> Session: Class initialized using 'CodeIgniter\Session\Handlers\FileHandler' driver.
DEBUG - 2026-04-26 07:43:39 --> Session: Class initialized using 'CodeIgniter\Session\Handlers\FileHandler' driver.
DEBUG - 2026-04-26 07:43:54 --> Session: Class initialized using 'CodeIgniter\Session\Handlers\FileHandler' driver.
DEBUG - 2026-04-26 07:43:56 --> Session: Class initialized using 'CodeIgniter\Session\Handlers\FileHandler' driver.
DEBUG - 2026-04-26 07:44:01 --> Session: Class initialized using 'CodeIgniter\Session\Handlers\FileHandler' driver.
DEBUG - 2026-04-26 07:44:33 --> Session: Class initialized using 'CodeIgniter\Session\Handlers\FileHandler' driver.
DEBUG - 2026-04-26 07:44:37 --> Session: Class initialized using 'CodeIgniter\Session\Handlers\FileHandler' driver.
DEBUG - 2026-04-26 07:44:40 --> Session: Class initialized using 'CodeIgniter\Session\Handlers\FileHandler' driver.
DEBUG - 2026-04-26 07:44:45 --> Session: Class initialized using 'CodeIgniter\Session\Handlers\FileHandler' driver.
DEBUG - 2026-04-26 07:48:26 --> Session: Class initialized using 'CodeIgniter\Session\Handlers\FileHandler' driver.
DEBUG - 2026-04-26 07:48:28 --> Session: Class initialized using 'CodeIgniter\Session\Handlers\FileHandler' driver.
DEBUG - 2026-04-26 07:48:32 --> Session: Class initialized using 'CodeIgniter\Session\Handlers\FileHandler' driver.
DEBUG - 2026-04-26 07:48:35 --> Session: Class initialized using 'CodeIgniter\Session\Handlers\FileHandler' driver.
DEBUG - 2026-04-26 07:50:35 --> Session: Class initialized using 'CodeIgniter\Session\Handlers\FileHandler' driver.
DEBUG - 2026-04-26 07:50:45 --> Session: Class initialized using 'CodeIgniter\Session\Handlers\FileHandler' driver.
DEBUG - 2026-04-26 07:50:46 --> Session: Class initialized using 'CodeIgniter\Session\Handlers\FileHandler' driver.
DEBUG - 2026-04-26 07:51:24 --> Session: Class initialized using 'CodeIgniter\Session\Handlers\FileHandler' driver.
DEBUG - 2026-04-26 07:51:27 --> Session: Class initialized using 'CodeIgniter\Session\Handlers\FileHandler' driver.
DEBUG - 2026-04-26 07:51:30 --> Session: Class initialized using 'CodeIgniter\Session\Handlers\FileHandler' driver.
DEBUG - 2026-04-26 07:51:32 --> Session: Class initialized using 'CodeIgniter\Session\Handlers\FileHandler' driver.
DEBUG - 2026-04-26 07:51:35 --> Session: Class initialized using 'CodeIgniter\Session\Handlers\FileHandler' driver.
DEBUG - 2026-04-26 07:52:09 --> Session: Class initialized using 'CodeIgniter\Session\Handlers\FileHandler' driver.
DEBUG - 2026-04-26 07:52:51 --> Session: Class initialized using 'CodeIgniter\Session\Handlers\FileHandler' driver.
DEBUG - 2026-04-26 07:52:54 --> Session: Class initialized using 'CodeIgniter\Session\Handlers\FileHandler' driver.
DEBUG - 2026-04-26 07:53:35 --> Session: Class initialized using 'CodeIgniter\Session\Handlers\FileHandler' driver.
DEBUG - 2026-04-26 07:53:38 --> Session: Class initialized using 'CodeIgniter\Session\Handlers\FileHandler' driver.
DEBUG - 2026-04-26 07:53:42 --> Session: Class initialized using 'CodeIgniter\Session\Handlers\FileHandler' driver.
DEBUG - 2026-04-26 07:53:43 --> Session: Class initialized using 'CodeIgniter\Session\Handlers\FileHandler' driver.
DEBUG - 2026-04-26 07:53:46 --> Session: Class initialized using 'CodeIgniter\Session\Handlers\FileHandler' driver.
DEBUG - 2026-04-26 07:53:49 --> Session: Class initialized using 'CodeIgniter\Session\Handlers\FileHandler' driver.
DEBUG - 2026-04-26 07:53:52 --> Session: Class initialized using 'CodeIgniter\Session\Handlers\FileHandler' driver.
DEBUG - 2026-04-26 07:53:56 --> Session: Class initialized using 'CodeIgniter\Session\Handlers\FileHandler' driver.
DEBUG - 2026-04-26 07:53:59 --> Session: Class initialized using 'CodeIgniter\Session\Handlers\FileHandler' driver.
DEBUG - 2026-04-26 07:54:01 --> Session: Class initialized using 'CodeIgniter\Session\Handlers\FileHandler' driver.
DEBUG - 2026-04-26 07:54:02 --> Session: Class initialized using 'CodeIgniter\Session\Handlers\FileHandler' driver.
DEBUG - 2026-04-26 07:54:05 --> Session: Class initialized using 'CodeIgniter\Session\Handlers\FileHandler' driver.
DEBUG - 2026-04-26 07:54:09 --> Session: Class initialized using 'CodeIgniter\Session\Handlers\FileHandler' driver.
DEBUG - 2026-04-26 07:55:02 --> Session: Class initialized using 'CodeIgniter\Session\Handlers\FileHandler' driver.
DEBUG - 2026-04-26 07:55:04 --> Session: Class initialized using 'CodeIgniter\Session\Handlers\FileHandler' driver.
DEBUG - 2026-04-26 07:55:33 --> Session: Class initialized using 'CodeIgniter\Session\Handlers\FileHandler' driver.
DEBUG - 2026-04-26 07:55:34 --> Session: Class initialized using 'CodeIgniter\Session\Handlers\FileHandler' driver.
DEBUG - 2026-04-26 07:56:17 --> Session: Class initialized using 'CodeIgniter\Session\Handlers\FileHandler' driver.
DEBUG - 2026-04-26 07:56:19 --> Session: Class initialized using 'CodeIgniter\Session\Handlers\FileHandler' driver.
DEBUG - 2026-04-26 07:56:19 --> Session: Class initialized using 'CodeIgniter\Session\Handlers\FileHandler' driver.
ERROR - 2026-04-26 07:57:00 --> mysqli_sql_exception: Unknown column 'id' in 'order clause' in C:\xampp\htdocs\perpus\system\Database\MySQLi\Connection.php:327
Stack trace:
#0 C:\xampp\htdocs\perpus\system\Database\MySQLi\Connection.php(327): mysqli->query('SELECT *\nFROM `...', 0)
#1 C:\xampp\htdocs\perpus\system\Database\BaseConnection.php(729): CodeIgniter\Database\MySQLi\Connection->execute('SELECT *\nFROM `...')
#2 C:\xampp\htdocs\perpus\system\Database\BaseConnection.php(646): CodeIgniter\Database\BaseConnection->simpleQuery('SELECT *\nFROM `...')
#3 C:\xampp\htdocs\perpus\system\Database\BaseBuilder.php(1649): CodeIgniter\Database\BaseConnection->query('SELECT *\nFROM `...', Array, false)
#4 C:\xampp\htdocs\perpus\app\Controllers\Pengiriman.php(21): CodeIgniter\Database\BaseBuilder->get()
#5 C:\xampp\htdocs\perpus\system\CodeIgniter.php(933): App\Controllers\Pengiriman->index()
#6 C:\xampp\htdocs\perpus\system\CodeIgniter.php(507): CodeIgniter\CodeIgniter->runController(Object(App\Controllers\Pengiriman))
#7 C:\xampp\htdocs\perpus\system\CodeIgniter.php(354): CodeIgniter\CodeIgniter->handleRequest(NULL, Object(Config\Cache), false)
#8 C:\xampp\htdocs\perpus\system\Boot.php(363): CodeIgniter\CodeIgniter->run()
#9 C:\xampp\htdocs\perpus\system\Boot.php(68): CodeIgniter\Boot::runCodeIgniter(Object(CodeIgniter\CodeIgniter))
#10 C:\xampp\htdocs\perpus\index.php(59): CodeIgniter\Boot::bootWeb(Object(Config\Paths))
#11 {main}
CRITICAL - 2026-04-26 07:57:00 --> CodeIgniter\Database\Exceptions\DatabaseException: Unknown column 'id' in 'order clause'
[Method: GET, Route: pengiriman]
in SYSTEMPATH\Database\BaseConnection.php on line 684.
 1 SYSTEMPATH\Database\BaseBuilder.php(1649): CodeIgniter\Database\BaseConnection->query('SELECT *
FROM `pengiriman`
ORDER BY `id` DESC', [], false)
 2 APPPATH\Controllers\Pengiriman.php(21): CodeIgniter\Database\BaseBuilder->get()
 3 SYSTEMPATH\CodeIgniter.php(933): App\Controllers\Pengiriman->index()
 4 SYSTEMPATH\CodeIgniter.php(507): CodeIgniter\CodeIgniter->runController(Object(App\Controllers\Pengiriman))
 5 SYSTEMPATH\CodeIgniter.php(354): CodeIgniter\CodeIgniter->handleRequest(null, Object(Config\Cache), false)
 6 SYSTEMPATH\Boot.php(363): CodeIgniter\CodeIgniter->run()
 7 SYSTEMPATH\Boot.php(68): CodeIgniter\Boot::runCodeIgniter(Object(CodeIgniter\CodeIgniter))
 8 FCPATH\index.php(59): CodeIgniter\Boot::bootWeb(Object(Config\Paths))
CRITICAL - 2026-04-26 07:57:00 --> [Caused by] CodeIgniter\Database\Exceptions\DatabaseException: Unknown column 'id' in 'order clause'
in SYSTEMPATH\Database\MySQLi\Connection.php on line 332.
 1 SYSTEMPATH\Database\BaseConnection.php(729): CodeIgniter\Database\MySQLi\Connection->execute('SELECT *
FROM `pengiriman`
ORDER BY `id` DESC')
 2 SYSTEMPATH\Database\BaseConnection.php(646): CodeIgniter\Database\BaseConnection->simpleQuery('SELECT *
FROM `pengiriman`
ORDER BY `id` DESC')
 3 SYSTEMPATH\Database\BaseBuilder.php(1649): CodeIgniter\Database\BaseConnection->query('SELECT *
FROM `pengiriman`
ORDER BY `id` DESC', [], false)
 4 APPPATH\Controllers\Pengiriman.php(21): CodeIgniter\Database\BaseBuilder->get()
 5 SYSTEMPATH\CodeIgniter.php(933): App\Controllers\Pengiriman->index()
 6 SYSTEMPATH\CodeIgniter.php(507): CodeIgniter\CodeIgniter->runController(Object(App\Controllers\Pengiriman))
 7 SYSTEMPATH\CodeIgniter.php(354): CodeIgniter\CodeIgniter->handleRequest(null, Object(Config\Cache), false)
 8 SYSTEMPATH\Boot.php(363): CodeIgniter\CodeIgniter->run()
 9 SYSTEMPATH\Boot.php(68): CodeIgniter\Boot::runCodeIgniter(Object(CodeIgniter\CodeIgniter))
10 FCPATH\index.php(59): CodeIgniter\Boot::bootWeb(Object(Config\Paths))
CRITICAL - 2026-04-26 07:57:00 --> [Caused by] mysqli_sql_exception: Unknown column 'id' in 'order clause'
in SYSTEMPATH\Database\MySQLi\Connection.php on line 327.
 1 SYSTEMPATH\Database\MySQLi\Connection.php(327): mysqli->query('SELECT *
FROM `pengiriman`
ORDER BY `id` DESC', 0)
 2 SYSTEMPATH\Database\BaseConnection.php(729): CodeIgniter\Database\MySQLi\Connection->execute('SELECT *
FROM `pengiriman`
ORDER BY `id` DESC')
 3 SYSTEMPATH\Database\BaseConnection.php(646): CodeIgniter\Database\BaseConnection->simpleQuery('SELECT *
FROM `pengiriman`
ORDER BY `id` DESC')
 4 SYSTEMPATH\Database\BaseBuilder.php(1649): CodeIgniter\Database\BaseConnection->query('SELECT *
FROM `pengiriman`
ORDER BY `id` DESC', [], false)
 5 APPPATH\Controllers\Pengiriman.php(21): CodeIgniter\Database\BaseBuilder->get()
 6 SYSTEMPATH\CodeIgniter.php(933): App\Controllers\Pengiriman->index()
 7 SYSTEMPATH\CodeIgniter.php(507): CodeIgniter\CodeIgniter->runController(Object(App\Controllers\Pengiriman))
 8 SYSTEMPATH\CodeIgniter.php(354): CodeIgniter\CodeIgniter->handleRequest(null, Object(Config\Cache), false)
 9 SYSTEMPATH\Boot.php(363): CodeIgniter\CodeIgniter->run()
10 SYSTEMPATH\Boot.php(68): CodeIgniter\Boot::runCodeIgniter(Object(CodeIgniter\CodeIgniter))
11 FCPATH\index.php(59): CodeIgniter\Boot::bootWeb(Object(Config\Paths))
ERROR - 2026-04-26 07:57:13 --> mysqli_sql_exception: Unknown column 'id' in 'order clause' in C:\xampp\htdocs\perpus\system\Database\MySQLi\Connection.php:327
Stack trace:
#0 C:\xampp\htdocs\perpus\system\Database\MySQLi\Connection.php(327): mysqli->query('SELECT *\nFROM `...', 0)
#1 C:\xampp\htdocs\perpus\system\Database\BaseConnection.php(729): CodeIgniter\Database\MySQLi\Connection->execute('SELECT *\nFROM `...')
#2 C:\xampp\htdocs\perpus\system\Database\BaseConnection.php(646): CodeIgniter\Database\BaseConnection->simpleQuery('SELECT *\nFROM `...')
#3 C:\xampp\htdocs\perpus\system\Database\BaseBuilder.php(1649): CodeIgniter\Database\BaseConnection->query('SELECT *\nFROM `...', Array, false)
#4 C:\xampp\htdocs\perpus\app\Controllers\Pengiriman.php(21): CodeIgniter\Database\BaseBuilder->get()
#5 C:\xampp\htdocs\perpus\system\CodeIgniter.php(933): App\Controllers\Pengiriman->index()
#6 C:\xampp\htdocs\perpus\system\CodeIgniter.php(507): CodeIgniter\CodeIgniter->runController(Object(App\Controllers\Pengiriman))
#7 C:\xampp\htdocs\perpus\system\CodeIgniter.php(354): CodeIgniter\CodeIgniter->handleRequest(NULL, Object(Config\Cache), false)
#8 C:\xampp\htdocs\perpus\system\Boot.php(363): CodeIgniter\CodeIgniter->run()
#9 C:\xampp\htdocs\perpus\system\Boot.php(68): CodeIgniter\Boot::runCodeIgniter(Object(CodeIgniter\CodeIgniter))
#10 C:\xampp\htdocs\perpus\index.php(59): CodeIgniter\Boot::bootWeb(Object(Config\Paths))
#11 {main}
CRITICAL - 2026-04-26 07:57:13 --> CodeIgniter\Database\Exceptions\DatabaseException: Unknown column 'id' in 'order clause'
[Method: GET, Route: pengiriman]
in SYSTEMPATH\Database\BaseConnection.php on line 684.
 1 SYSTEMPATH\Database\BaseBuilder.php(1649): CodeIgniter\Database\BaseConnection->query('SELECT *
FROM `pengiriman`
ORDER BY `id` DESC', [], false)
 2 APPPATH\Controllers\Pengiriman.php(21): CodeIgniter\Database\BaseBuilder->get()
 3 SYSTEMPATH\CodeIgniter.php(933): App\Controllers\Pengiriman->index()
 4 SYSTEMPATH\CodeIgniter.php(507): CodeIgniter\CodeIgniter->runController(Object(App\Controllers\Pengiriman))
 5 SYSTEMPATH\CodeIgniter.php(354): CodeIgniter\CodeIgniter->handleRequest(null, Object(Config\Cache), false)
 6 SYSTEMPATH\Boot.php(363): CodeIgniter\CodeIgniter->run()
 7 SYSTEMPATH\Boot.php(68): CodeIgniter\Boot::runCodeIgniter(Object(CodeIgniter\CodeIgniter))
 8 FCPATH\index.php(59): CodeIgniter\Boot::bootWeb(Object(Config\Paths))
CRITICAL - 2026-04-26 07:57:13 --> [Caused by] CodeIgniter\Database\Exceptions\DatabaseException: Unknown column 'id' in 'order clause'
in SYSTEMPATH\Database\MySQLi\Connection.php on line 332.
 1 SYSTEMPATH\Database\BaseConnection.php(729): CodeIgniter\Database\MySQLi\Connection->execute('SELECT *
FROM `pengiriman`
ORDER BY `id` DESC')
 2 SYSTEMPATH\Database\BaseConnection.php(646): CodeIgniter\Database\BaseConnection->simpleQuery('SELECT *
FROM `pengiriman`
ORDER BY `id` DESC')
 3 SYSTEMPATH\Database\BaseBuilder.php(1649): CodeIgniter\Database\BaseConnection->query('SELECT *
FROM `pengiriman`
ORDER BY `id` DESC', [], false)
 4 APPPATH\Controllers\Pengiriman.php(21): CodeIgniter\Database\BaseBuilder->get()
 5 SYSTEMPATH\CodeIgniter.php(933): App\Controllers\Pengiriman->index()
 6 SYSTEMPATH\CodeIgniter.php(507): CodeIgniter\CodeIgniter->runController(Object(App\Controllers\Pengiriman))
 7 SYSTEMPATH\CodeIgniter.php(354): CodeIgniter\CodeIgniter->handleRequest(null, Object(Config\Cache), false)
 8 SYSTEMPATH\Boot.php(363): CodeIgniter\CodeIgniter->run()
 9 SYSTEMPATH\Boot.php(68): CodeIgniter\Boot::runCodeIgniter(Object(CodeIgniter\CodeIgniter))
10 FCPATH\index.php(59): CodeIgniter\Boot::bootWeb(Object(Config\Paths))
CRITICAL - 2026-04-26 07:57:13 --> [Caused by] mysqli_sql_exception: Unknown column 'id' in 'order clause'
in SYSTEMPATH\Database\MySQLi\Connection.php on line 327.
 1 SYSTEMPATH\Database\MySQLi\Connection.php(327): mysqli->query('SELECT *
FROM `pengiriman`
ORDER BY `id` DESC', 0)
 2 SYSTEMPATH\Database\BaseConnection.php(729): CodeIgniter\Database\MySQLi\Connection->execute('SELECT *
FROM `pengiriman`
ORDER BY `id` DESC')
 3 SYSTEMPATH\Database\BaseConnection.php(646): CodeIgniter\Database\BaseConnection->simpleQuery('SELECT *
FROM `pengiriman`
ORDER BY `id` DESC')
 4 SYSTEMPATH\Database\BaseBuilder.php(1649): CodeIgniter\Database\BaseConnection->query('SELECT *
FROM `pengiriman`
ORDER BY `id` DESC', [], false)
 5 APPPATH\Controllers\Pengiriman.php(21): CodeIgniter\Database\BaseBuilder->get()
 6 SYSTEMPATH\CodeIgniter.php(933): App\Controllers\Pengiriman->index()
 7 SYSTEMPATH\CodeIgniter.php(507): CodeIgniter\CodeIgniter->runController(Object(App\Controllers\Pengiriman))
 8 SYSTEMPATH\CodeIgniter.php(354): CodeIgniter\CodeIgniter->handleRequest(null, Object(Config\Cache), false)
 9 SYSTEMPATH\Boot.php(363): CodeIgniter\CodeIgniter->run()
10 SYSTEMPATH\Boot.php(68): CodeIgniter\Boot::runCodeIgniter(Object(CodeIgniter\CodeIgniter))
11 FCPATH\index.php(59): CodeIgniter\Boot::bootWeb(Object(Config\Paths))
ERROR - 2026-04-26 07:57:14 --> mysqli_sql_exception: Unknown column 'id' in 'order clause' in C:\xampp\htdocs\perpus\system\Database\MySQLi\Connection.php:327
Stack trace:
#0 C:\xampp\htdocs\perpus\system\Database\MySQLi\Connection.php(327): mysqli->query('SELECT *\nFROM `...', 0)
#1 C:\xampp\htdocs\perpus\system\Database\BaseConnection.php(729): CodeIgniter\Database\MySQLi\Connection->execute('SELECT *\nFROM `...')
#2 C:\xampp\htdocs\perpus\system\Database\BaseConnection.php(646): CodeIgniter\Database\BaseConnection->simpleQuery('SELECT *\nFROM `...')
#3 C:\xampp\htdocs\perpus\system\Database\BaseBuilder.php(1649): CodeIgniter\Database\BaseConnection->query('SELECT *\nFROM `...', Array, false)
#4 C:\xampp\htdocs\perpus\app\Controllers\Pengiriman.php(21): CodeIgniter\Database\BaseBuilder->get()
#5 C:\xampp\htdocs\perpus\system\CodeIgniter.php(933): App\Controllers\Pengiriman->index()
#6 C:\xampp\htdocs\perpus\system\CodeIgniter.php(507): CodeIgniter\CodeIgniter->runController(Object(App\Controllers\Pengiriman))
#7 C:\xampp\htdocs\perpus\system\CodeIgniter.php(354): CodeIgniter\CodeIgniter->handleRequest(NULL, Object(Config\Cache), false)
#8 C:\xampp\htdocs\perpus\system\Boot.php(363): CodeIgniter\CodeIgniter->run()
#9 C:\xampp\htdocs\perpus\system\Boot.php(68): CodeIgniter\Boot::runCodeIgniter(Object(CodeIgniter\CodeIgniter))
#10 C:\xampp\htdocs\perpus\index.php(59): CodeIgniter\Boot::bootWeb(Object(Config\Paths))
#11 {main}
CRITICAL - 2026-04-26 07:57:14 --> CodeIgniter\Database\Exceptions\DatabaseException: Unknown column 'id' in 'order clause'
[Method: GET, Route: pengiriman]
in SYSTEMPATH\Database\BaseConnection.php on line 684.
 1 SYSTEMPATH\Database\BaseBuilder.php(1649): CodeIgniter\Database\BaseConnection->query('SELECT *
FROM `pengiriman`
ORDER BY `id` DESC', [], false)
 2 APPPATH\Controllers\Pengiriman.php(21): CodeIgniter\Database\BaseBuilder->get()
 3 SYSTEMPATH\CodeIgniter.php(933): App\Controllers\Pengiriman->index()
 4 SYSTEMPATH\CodeIgniter.php(507): CodeIgniter\CodeIgniter->runController(Object(App\Controllers\Pengiriman))
 5 SYSTEMPATH\CodeIgniter.php(354): CodeIgniter\CodeIgniter->handleRequest(null, Object(Config\Cache), false)
 6 SYSTEMPATH\Boot.php(363): CodeIgniter\CodeIgniter->run()
 7 SYSTEMPATH\Boot.php(68): CodeIgniter\Boot::runCodeIgniter(Object(CodeIgniter\CodeIgniter))
 8 FCPATH\index.php(59): CodeIgniter\Boot::bootWeb(Object(Config\Paths))
CRITICAL - 2026-04-26 07:57:14 --> [Caused by] CodeIgniter\Database\Exceptions\DatabaseException: Unknown column 'id' in 'order clause'
in SYSTEMPATH\Database\MySQLi\Connection.php on line 332.
 1 SYSTEMPATH\Database\BaseConnection.php(729): CodeIgniter\Database\MySQLi\Connection->execute('SELECT *
FROM `pengiriman`
ORDER BY `id` DESC')
 2 SYSTEMPATH\Database\BaseConnection.php(646): CodeIgniter\Database\BaseConnection->simpleQuery('SELECT *
FROM `pengiriman`
ORDER BY `id` DESC')
 3 SYSTEMPATH\Database\BaseBuilder.php(1649): CodeIgniter\Database\BaseConnection->query('SELECT *
FROM `pengiriman`
ORDER BY `id` DESC', [], false)
 4 APPPATH\Controllers\Pengiriman.php(21): CodeIgniter\Database\BaseBuilder->get()
 5 SYSTEMPATH\CodeIgniter.php(933): App\Controllers\Pengiriman->index()
 6 SYSTEMPATH\CodeIgniter.php(507): CodeIgniter\CodeIgniter->runController(Object(App\Controllers\Pengiriman))
 7 SYSTEMPATH\CodeIgniter.php(354): CodeIgniter\CodeIgniter->handleRequest(null, Object(Config\Cache), false)
 8 SYSTEMPATH\Boot.php(363): CodeIgniter\CodeIgniter->run()
 9 SYSTEMPATH\Boot.php(68): CodeIgniter\Boot::runCodeIgniter(Object(CodeIgniter\CodeIgniter))
10 FCPATH\index.php(59): CodeIgniter\Boot::bootWeb(Object(Config\Paths))
CRITICAL - 2026-04-26 07:57:14 --> [Caused by] mysqli_sql_exception: Unknown column 'id' in 'order clause'
in SYSTEMPATH\Database\MySQLi\Connection.php on line 327.
 1 SYSTEMPATH\Database\MySQLi\Connection.php(327): mysqli->query('SELECT *
FROM `pengiriman`
ORDER BY `id` DESC', 0)
 2 SYSTEMPATH\Database\BaseConnection.php(729): CodeIgniter\Database\MySQLi\Connection->execute('SELECT *
FROM `pengiriman`
ORDER BY `id` DESC')
 3 SYSTEMPATH\Database\BaseConnection.php(646): CodeIgniter\Database\BaseConnection->simpleQuery('SELECT *
FROM `pengiriman`
ORDER BY `id` DESC')
 4 SYSTEMPATH\Database\BaseBuilder.php(1649): CodeIgniter\Database\BaseConnection->query('SELECT *
FROM `pengiriman`
ORDER BY `id` DESC', [], false)
 5 APPPATH\Controllers\Pengiriman.php(21): CodeIgniter\Database\BaseBuilder->get()
 6 SYSTEMPATH\CodeIgniter.php(933): App\Controllers\Pengiriman->index()
 7 SYSTEMPATH\CodeIgniter.php(507): CodeIgniter\CodeIgniter->runController(Object(App\Controllers\Pengiriman))
 8 SYSTEMPATH\CodeIgniter.php(354): CodeIgniter\CodeIgniter->handleRequest(null, Object(Config\Cache), false)
 9 SYSTEMPATH\Boot.php(363): CodeIgniter\CodeIgniter->run()
10 SYSTEMPATH\Boot.php(68): CodeIgniter\Boot::runCodeIgniter(Object(CodeIgniter\CodeIgniter))
11 FCPATH\index.php(59): CodeIgniter\Boot::bootWeb(Object(Config\Paths))
ERROR - 2026-04-26 07:57:14 --> mysqli_sql_exception: Unknown column 'id' in 'order clause' in C:\xampp\htdocs\perpus\system\Database\MySQLi\Connection.php:327
Stack trace:
#0 C:\xampp\htdocs\perpus\system\Database\MySQLi\Connection.php(327): mysqli->query('SELECT *\nFROM `...', 0)
#1 C:\xampp\htdocs\perpus\system\Database\BaseConnection.php(729): CodeIgniter\Database\MySQLi\Connection->execute('SELECT *\nFROM `...')
#2 C:\xampp\htdocs\perpus\system\Database\BaseConnection.php(646): CodeIgniter\Database\BaseConnection->simpleQuery('SELECT *\nFROM `...')
#3 C:\xampp\htdocs\perpus\system\Database\BaseBuilder.php(1649): CodeIgniter\Database\BaseConnection->query('SELECT *\nFROM `...', Array, false)
#4 C:\xampp\htdocs\perpus\app\Controllers\Pengiriman.php(21): CodeIgniter\Database\BaseBuilder->get()
#5 C:\xampp\htdocs\perpus\system\CodeIgniter.php(933): App\Controllers\Pengiriman->index()
#6 C:\xampp\htdocs\perpus\system\CodeIgniter.php(507): CodeIgniter\CodeIgniter->runController(Object(App\Controllers\Pengiriman))
#7 C:\xampp\htdocs\perpus\system\CodeIgniter.php(354): CodeIgniter\CodeIgniter->handleRequest(NULL, Object(Config\Cache), false)
#8 C:\xampp\htdocs\perpus\system\Boot.php(363): CodeIgniter\CodeIgniter->run()
#9 C:\xampp\htdocs\perpus\system\Boot.php(68): CodeIgniter\Boot::runCodeIgniter(Object(CodeIgniter\CodeIgniter))
#10 C:\xampp\htdocs\perpus\index.php(59): CodeIgniter\Boot::bootWeb(Object(Config\Paths))
#11 {main}
CRITICAL - 2026-04-26 07:57:14 --> CodeIgniter\Database\Exceptions\DatabaseException: Unknown column 'id' in 'order clause'
[Method: GET, Route: pengiriman]
in SYSTEMPATH\Database\BaseConnection.php on line 684.
 1 SYSTEMPATH\Database\BaseBuilder.php(1649): CodeIgniter\Database\BaseConnection->query('SELECT *
FROM `pengiriman`
ORDER BY `id` DESC', [], false)
 2 APPPATH\Controllers\Pengiriman.php(21): CodeIgniter\Database\BaseBuilder->get()
 3 SYSTEMPATH\CodeIgniter.php(933): App\Controllers\Pengiriman->index()
 4 SYSTEMPATH\CodeIgniter.php(507): CodeIgniter\CodeIgniter->runController(Object(App\Controllers\Pengiriman))
 5 SYSTEMPATH\CodeIgniter.php(354): CodeIgniter\CodeIgniter->handleRequest(null, Object(Config\Cache), false)
 6 SYSTEMPATH\Boot.php(363): CodeIgniter\CodeIgniter->run()
 7 SYSTEMPATH\Boot.php(68): CodeIgniter\Boot::runCodeIgniter(Object(CodeIgniter\CodeIgniter))
 8 FCPATH\index.php(59): CodeIgniter\Boot::bootWeb(Object(Config\Paths))
CRITICAL - 2026-04-26 07:57:14 --> [Caused by] CodeIgniter\Database\Exceptions\DatabaseException: Unknown column 'id' in 'order clause'
in SYSTEMPATH\Database\MySQLi\Connection.php on line 332.
 1 SYSTEMPATH\Database\BaseConnection.php(729): CodeIgniter\Database\MySQLi\Connection->execute('SELECT *
FROM `pengiriman`
ORDER BY `id` DESC')
 2 SYSTEMPATH\Database\BaseConnection.php(646): CodeIgniter\Database\BaseConnection->simpleQuery('SELECT *
FROM `pengiriman`
ORDER BY `id` DESC')
 3 SYSTEMPATH\Database\BaseBuilder.php(1649): CodeIgniter\Database\BaseConnection->query('SELECT *
FROM `pengiriman`
ORDER BY `id` DESC', [], false)
 4 APPPATH\Controllers\Pengiriman.php(21): CodeIgniter\Database\BaseBuilder->get()
 5 SYSTEMPATH\CodeIgniter.php(933): App\Controllers\Pengiriman->index()
 6 SYSTEMPATH\CodeIgniter.php(507): CodeIgniter\CodeIgniter->runController(Object(App\Controllers\Pengiriman))
 7 SYSTEMPATH\CodeIgniter.php(354): CodeIgniter\CodeIgniter->handleRequest(null, Object(Config\Cache), false)
 8 SYSTEMPATH\Boot.php(363): CodeIgniter\CodeIgniter->run()
 9 SYSTEMPATH\Boot.php(68): CodeIgniter\Boot::runCodeIgniter(Object(CodeIgniter\CodeIgniter))
10 FCPATH\index.php(59): CodeIgniter\Boot::bootWeb(Object(Config\Paths))
CRITICAL - 2026-04-26 07:57:14 --> [Caused by] mysqli_sql_exception: Unknown column 'id' in 'order clause'
in SYSTEMPATH\Database\MySQLi\Connection.php on line 327.
 1 SYSTEMPATH\Database\MySQLi\Connection.php(327): mysqli->query('SELECT *
FROM `pengiriman`
ORDER BY `id` DESC', 0)
 2 SYSTEMPATH\Database\BaseConnection.php(729): CodeIgniter\Database\MySQLi\Connection->execute('SELECT *
FROM `pengiriman`
ORDER BY `id` DESC')
 3 SYSTEMPATH\Database\BaseConnection.php(646): CodeIgniter\Database\BaseConnection->simpleQuery('SELECT *
FROM `pengiriman`
ORDER BY `id` DESC')
 4 SYSTEMPATH\Database\BaseBuilder.php(1649): CodeIgniter\Database\BaseConnection->query('SELECT *
FROM `pengiriman`
ORDER BY `id` DESC', [], false)
 5 APPPATH\Controllers\Pengiriman.php(21): CodeIgniter\Database\BaseBuilder->get()
 6 SYSTEMPATH\CodeIgniter.php(933): App\Controllers\Pengiriman->index()
 7 SYSTEMPATH\CodeIgniter.php(507): CodeIgniter\CodeIgniter->runController(Object(App\Controllers\Pengiriman))
 8 SYSTEMPATH\CodeIgniter.php(354): CodeIgniter\CodeIgniter->handleRequest(null, Object(Config\Cache), false)
 9 SYSTEMPATH\Boot.php(363): CodeIgniter\CodeIgniter->run()
10 SYSTEMPATH\Boot.php(68): CodeIgniter\Boot::runCodeIgniter(Object(CodeIgniter\CodeIgniter))
11 FCPATH\index.php(59): CodeIgniter\Boot::bootWeb(Object(Config\Paths))
ERROR - 2026-04-26 07:57:30 --> mysqli_sql_exception: Unknown column 'id' in 'order clause' in C:\xampp\htdocs\perpus\system\Database\MySQLi\Connection.php:327
Stack trace:
#0 C:\xampp\htdocs\perpus\system\Database\MySQLi\Connection.php(327): mysqli->query('SELECT *\nFROM `...', 0)
#1 C:\xampp\htdocs\perpus\system\Database\BaseConnection.php(729): CodeIgniter\Database\MySQLi\Connection->execute('SELECT *\nFROM `...')
#2 C:\xampp\htdocs\perpus\system\Database\BaseConnection.php(646): CodeIgniter\Database\BaseConnection->simpleQuery('SELECT *\nFROM `...')
#3 C:\xampp\htdocs\perpus\system\Database\BaseBuilder.php(1649): CodeIgniter\Database\BaseConnection->query('SELECT *\nFROM `...', Array, false)
#4 C:\xampp\htdocs\perpus\app\Controllers\Pengiriman.php(21): CodeIgniter\Database\BaseBuilder->get()
#5 C:\xampp\htdocs\perpus\system\CodeIgniter.php(933): App\Controllers\Pengiriman->index()
#6 C:\xampp\htdocs\perpus\system\CodeIgniter.php(507): CodeIgniter\CodeIgniter->runController(Object(App\Controllers\Pengiriman))
#7 C:\xampp\htdocs\perpus\system\CodeIgniter.php(354): CodeIgniter\CodeIgniter->handleRequest(NULL, Object(Config\Cache), false)
#8 C:\xampp\htdocs\perpus\system\Boot.php(363): CodeIgniter\CodeIgniter->run()
#9 C:\xampp\htdocs\perpus\system\Boot.php(68): CodeIgniter\Boot::runCodeIgniter(Object(CodeIgniter\CodeIgniter))
#10 C:\xampp\htdocs\perpus\index.php(59): CodeIgniter\Boot::bootWeb(Object(Config\Paths))
#11 {main}
CRITICAL - 2026-04-26 07:57:30 --> CodeIgniter\Database\Exceptions\DatabaseException: Unknown column 'id' in 'order clause'
[Method: GET, Route: pengiriman]
in SYSTEMPATH\Database\BaseConnection.php on line 684.
 1 SYSTEMPATH\Database\BaseBuilder.php(1649): CodeIgniter\Database\BaseConnection->query('SELECT *
FROM `pengiriman`
ORDER BY `id` DESC', [], false)
 2 APPPATH\Controllers\Pengiriman.php(21): CodeIgniter\Database\BaseBuilder->get()
 3 SYSTEMPATH\CodeIgniter.php(933): App\Controllers\Pengiriman->index()
 4 SYSTEMPATH\CodeIgniter.php(507): CodeIgniter\CodeIgniter->runController(Object(App\Controllers\Pengiriman))
 5 SYSTEMPATH\CodeIgniter.php(354): CodeIgniter\CodeIgniter->handleRequest(null, Object(Config\Cache), false)
 6 SYSTEMPATH\Boot.php(363): CodeIgniter\CodeIgniter->run()
 7 SYSTEMPATH\Boot.php(68): CodeIgniter\Boot::runCodeIgniter(Object(CodeIgniter\CodeIgniter))
 8 FCPATH\index.php(59): CodeIgniter\Boot::bootWeb(Object(Config\Paths))
CRITICAL - 2026-04-26 07:57:30 --> [Caused by] CodeIgniter\Database\Exceptions\DatabaseException: Unknown column 'id' in 'order clause'
in SYSTEMPATH\Database\MySQLi\Connection.php on line 332.
 1 SYSTEMPATH\Database\BaseConnection.php(729): CodeIgniter\Database\MySQLi\Connection->execute('SELECT *
FROM `pengiriman`
ORDER BY `id` DESC')
 2 SYSTEMPATH\Database\BaseConnection.php(646): CodeIgniter\Database\BaseConnection->simpleQuery('SELECT *
FROM `pengiriman`
ORDER BY `id` DESC')
 3 SYSTEMPATH\Database\BaseBuilder.php(1649): CodeIgniter\Database\BaseConnection->query('SELECT *
FROM `pengiriman`
ORDER BY `id` DESC', [], false)
 4 APPPATH\Controllers\Pengiriman.php(21): CodeIgniter\Database\BaseBuilder->get()
 5 SYSTEMPATH\CodeIgniter.php(933): App\Controllers\Pengiriman->index()
 6 SYSTEMPATH\CodeIgniter.php(507): CodeIgniter\CodeIgniter->runController(Object(App\Controllers\Pengiriman))
 7 SYSTEMPATH\CodeIgniter.php(354): CodeIgniter\CodeIgniter->handleRequest(null, Object(Config\Cache), false)
 8 SYSTEMPATH\Boot.php(363): CodeIgniter\CodeIgniter->run()
 9 SYSTEMPATH\Boot.php(68): CodeIgniter\Boot::runCodeIgniter(Object(CodeIgniter\CodeIgniter))
10 FCPATH\index.php(59): CodeIgniter\Boot::bootWeb(Object(Config\Paths))
CRITICAL - 2026-04-26 07:57:30 --> [Caused by] mysqli_sql_exception: Unknown column 'id' in 'order clause'
in SYSTEMPATH\Database\MySQLi\Connection.php on line 327.
 1 SYSTEMPATH\Database\MySQLi\Connection.php(327): mysqli->query('SELECT *
FROM `pengiriman`
ORDER BY `id` DESC', 0)
 2 SYSTEMPATH\Database\BaseConnection.php(729): CodeIgniter\Database\MySQLi\Connection->execute('SELECT *
FROM `pengiriman`
ORDER BY `id` DESC')
 3 SYSTEMPATH\Database\BaseConnection.php(646): CodeIgniter\Database\BaseConnection->simpleQuery('SELECT *
FROM `pengiriman`
ORDER BY `id` DESC')
 4 SYSTEMPATH\Database\BaseBuilder.php(1649): CodeIgniter\Database\BaseConnection->query('SELECT *
FROM `pengiriman`
ORDER BY `id` DESC', [], false)
 5 APPPATH\Controllers\Pengiriman.php(21): CodeIgniter\Database\BaseBuilder->get()
 6 SYSTEMPATH\CodeIgniter.php(933): App\Controllers\Pengiriman->index()
 7 SYSTEMPATH\CodeIgniter.php(507): CodeIgniter\CodeIgniter->runController(Object(App\Controllers\Pengiriman))
 8 SYSTEMPATH\CodeIgniter.php(354): CodeIgniter\CodeIgniter->handleRequest(null, Object(Config\Cache), false)
 9 SYSTEMPATH\Boot.php(363): CodeIgniter\CodeIgniter->run()
10 SYSTEMPATH\Boot.php(68): CodeIgniter\Boot::runCodeIgniter(Object(CodeIgniter\CodeIgniter))
11 FCPATH\index.php(59): CodeIgniter\Boot::bootWeb(Object(Config\Paths))
ERROR - 2026-04-26 07:57:45 --> mysqli_sql_exception: Unknown column 'id' in 'order clause' in C:\xampp\htdocs\perpus\system\Database\MySQLi\Connection.php:327
Stack trace:
#0 C:\xampp\htdocs\perpus\system\Database\MySQLi\Connection.php(327): mysqli->query('SELECT *\nFROM `...', 0)
#1 C:\xampp\htdocs\perpus\system\Database\BaseConnection.php(729): CodeIgniter\Database\MySQLi\Connection->execute('SELECT *\nFROM `...')
#2 C:\xampp\htdocs\perpus\system\Database\BaseConnection.php(646): CodeIgniter\Database\BaseConnection->simpleQuery('SELECT *\nFROM `...')
#3 C:\xampp\htdocs\perpus\system\Database\BaseBuilder.php(1649): CodeIgniter\Database\BaseConnection->query('SELECT *\nFROM `...', Array, false)
#4 C:\xampp\htdocs\perpus\app\Controllers\Pengiriman.php(21): CodeIgniter\Database\BaseBuilder->get()
#5 C:\xampp\htdocs\perpus\system\CodeIgniter.php(933): App\Controllers\Pengiriman->index()
#6 C:\xampp\htdocs\perpus\system\CodeIgniter.php(507): CodeIgniter\CodeIgniter->runController(Object(App\Controllers\Pengiriman))
#7 C:\xampp\htdocs\perpus\system\CodeIgniter.php(354): CodeIgniter\CodeIgniter->handleRequest(NULL, Object(Config\Cache), false)
#8 C:\xampp\htdocs\perpus\system\Boot.php(363): CodeIgniter\CodeIgniter->run()
#9 C:\xampp\htdocs\perpus\system\Boot.php(68): CodeIgniter\Boot::runCodeIgniter(Object(CodeIgniter\CodeIgniter))
#10 C:\xampp\htdocs\perpus\index.php(59): CodeIgniter\Boot::bootWeb(Object(Config\Paths))
#11 {main}
CRITICAL - 2026-04-26 07:57:45 --> CodeIgniter\Database\Exceptions\DatabaseException: Unknown column 'id' in 'order clause'
[Method: GET, Route: pengiriman]
in SYSTEMPATH\Database\BaseConnection.php on line 684.
 1 SYSTEMPATH\Database\BaseBuilder.php(1649): CodeIgniter\Database\BaseConnection->query('SELECT *
FROM `pengiriman`
ORDER BY `id` DESC', [], false)
 2 APPPATH\Controllers\Pengiriman.php(21): CodeIgniter\Database\BaseBuilder->get()
 3 SYSTEMPATH\CodeIgniter.php(933): App\Controllers\Pengiriman->index()
 4 SYSTEMPATH\CodeIgniter.php(507): CodeIgniter\CodeIgniter->runController(Object(App\Controllers\Pengiriman))
 5 SYSTEMPATH\CodeIgniter.php(354): CodeIgniter\CodeIgniter->handleRequest(null, Object(Config\Cache), false)
 6 SYSTEMPATH\Boot.php(363): CodeIgniter\CodeIgniter->run()
 7 SYSTEMPATH\Boot.php(68): CodeIgniter\Boot::runCodeIgniter(Object(CodeIgniter\CodeIgniter))
 8 FCPATH\index.php(59): CodeIgniter\Boot::bootWeb(Object(Config\Paths))
CRITICAL - 2026-04-26 07:57:45 --> [Caused by] CodeIgniter\Database\Exceptions\DatabaseException: Unknown column 'id' in 'order clause'
in SYSTEMPATH\Database\MySQLi\Connection.php on line 332.
 1 SYSTEMPATH\Database\BaseConnection.php(729): CodeIgniter\Database\MySQLi\Connection->execute('SELECT *
FROM `pengiriman`
ORDER BY `id` DESC')
 2 SYSTEMPATH\Database\BaseConnection.php(646): CodeIgniter\Database\BaseConnection->simpleQuery('SELECT *
FROM `pengiriman`
ORDER BY `id` DESC')
 3 SYSTEMPATH\Database\BaseBuilder.php(1649): CodeIgniter\Database\BaseConnection->query('SELECT *
FROM `pengiriman`
ORDER BY `id` DESC', [], false)
 4 APPPATH\Controllers\Pengiriman.php(21): CodeIgniter\Database\BaseBuilder->get()
 5 SYSTEMPATH\CodeIgniter.php(933): App\Controllers\Pengiriman->index()
 6 SYSTEMPATH\CodeIgniter.php(507): CodeIgniter\CodeIgniter->runController(Object(App\Controllers\Pengiriman))
 7 SYSTEMPATH\CodeIgniter.php(354): CodeIgniter\CodeIgniter->handleRequest(null, Object(Config\Cache), false)
 8 SYSTEMPATH\Boot.php(363): CodeIgniter\CodeIgniter->run()
 9 SYSTEMPATH\Boot.php(68): CodeIgniter\Boot::runCodeIgniter(Object(CodeIgniter\CodeIgniter))
10 FCPATH\index.php(59): CodeIgniter\Boot::bootWeb(Object(Config\Paths))
CRITICAL - 2026-04-26 07:57:45 --> [Caused by] mysqli_sql_exception: Unknown column 'id' in 'order clause'
in SYSTEMPATH\Database\MySQLi\Connection.php on line 327.
 1 SYSTEMPATH\Database\MySQLi\Connection.php(327): mysqli->query('SELECT *
FROM `pengiriman`
ORDER BY `id` DESC', 0)
 2 SYSTEMPATH\Database\BaseConnection.php(729): CodeIgniter\Database\MySQLi\Connection->execute('SELECT *
FROM `pengiriman`
ORDER BY `id` DESC')
 3 SYSTEMPATH\Database\BaseConnection.php(646): CodeIgniter\Database\BaseConnection->simpleQuery('SELECT *
FROM `pengiriman`
ORDER BY `id` DESC')
 4 SYSTEMPATH\Database\BaseBuilder.php(1649): CodeIgniter\Database\BaseConnection->query('SELECT *
FROM `pengiriman`
ORDER BY `id` DESC', [], false)
 5 APPPATH\Controllers\Pengiriman.php(21): CodeIgniter\Database\BaseBuilder->get()
 6 SYSTEMPATH\CodeIgniter.php(933): App\Controllers\Pengiriman->index()
 7 SYSTEMPATH\CodeIgniter.php(507): CodeIgniter\CodeIgniter->runController(Object(App\Controllers\Pengiriman))
 8 SYSTEMPATH\CodeIgniter.php(354): CodeIgniter\CodeIgniter->handleRequest(null, Object(Config\Cache), false)
 9 SYSTEMPATH\Boot.php(363): CodeIgniter\CodeIgniter->run()
10 SYSTEMPATH\Boot.php(68): CodeIgniter\Boot::runCodeIgniter(Object(CodeIgniter\CodeIgniter))
11 FCPATH\index.php(59): CodeIgniter\Boot::bootWeb(Object(Config\Paths))
DEBUG - 2026-04-26 07:58:51 --> Session: Class initialized using 'CodeIgniter\Session\Handlers\FileHandler' driver.
DEBUG - 2026-04-26 07:58:55 --> Session: Class initialized using 'CodeIgniter\Session\Handlers\FileHandler' driver.
DEBUG - 2026-04-26 07:58:58 --> Session: Class initialized using 'CodeIgniter\Session\Handlers\FileHandler' driver.
DEBUG - 2026-04-26 07:59:08 --> Session: Class initialized using 'CodeIgniter\Session\Handlers\FileHandler' driver.
DEBUG - 2026-04-26 07:59:10 --> Session: Class initialized using 'CodeIgniter\Session\Handlers\FileHandler' driver.
DEBUG - 2026-04-26 07:59:10 --> Session: Class initialized using 'CodeIgniter\Session\Handlers\FileHandler' driver.
DEBUG - 2026-04-26 07:59:14 --> Session: Class initialized using 'CodeIgniter\Session\Handlers\FileHandler' driver.
DEBUG - 2026-04-26 07:59:14 --> Session: Class initialized using 'CodeIgniter\Session\Handlers\FileHandler' driver.
DEBUG - 2026-04-26 07:59:18 --> Session: Class initialized using 'CodeIgniter\Session\Handlers\FileHandler' driver.
DEBUG - 2026-04-26 07:59:20 --> Session: Class initialized using 'CodeIgniter\Session\Handlers\FileHandler' driver.
DEBUG - 2026-04-26 07:59:22 --> Session: Class initialized using 'CodeIgniter\Session\Handlers\FileHandler' driver.
DEBUG - 2026-04-26 07:59:24 --> Session: Class initialized using 'CodeIgniter\Session\Handlers\FileHandler' driver.
DEBUG - 2026-04-26 07:59:30 --> Session: Class initialized using 'CodeIgniter\Session\Handlers\FileHandler' driver.
ERROR - 2026-04-26 07:59:31 --> mysqli_sql_exception: Unknown column 'id' in 'order clause' in C:\xampp\htdocs\perpus\system\Database\MySQLi\Connection.php:327
Stack trace:
#0 C:\xampp\htdocs\perpus\system\Database\MySQLi\Connection.php(327): mysqli->query('SELECT *\nFROM `...', 0)
#1 C:\xampp\htdocs\perpus\system\Database\BaseConnection.php(729): CodeIgniter\Database\MySQLi\Connection->execute('SELECT *\nFROM `...')
#2 C:\xampp\htdocs\perpus\system\Database\BaseConnection.php(646): CodeIgniter\Database\BaseConnection->simpleQuery('SELECT *\nFROM `...')
#3 C:\xampp\htdocs\perpus\system\Database\BaseBuilder.php(1649): CodeIgniter\Database\BaseConnection->query('SELECT *\nFROM `...', Array, false)
#4 C:\xampp\htdocs\perpus\app\Controllers\Pengiriman.php(21): CodeIgniter\Database\BaseBuilder->get()
#5 C:\xampp\htdocs\perpus\system\CodeIgniter.php(933): App\Controllers\Pengiriman->index()
#6 C:\xampp\htdocs\perpus\system\CodeIgniter.php(507): CodeIgniter\CodeIgniter->runController(Object(App\Controllers\Pengiriman))
#7 C:\xampp\htdocs\perpus\system\CodeIgniter.php(354): CodeIgniter\CodeIgniter->handleRequest(NULL, Object(Config\Cache), false)
#8 C:\xampp\htdocs\perpus\system\Boot.php(363): CodeIgniter\CodeIgniter->run()
#9 C:\xampp\htdocs\perpus\system\Boot.php(68): CodeIgniter\Boot::runCodeIgniter(Object(CodeIgniter\CodeIgniter))
#10 C:\xampp\htdocs\perpus\index.php(59): CodeIgniter\Boot::bootWeb(Object(Config\Paths))
#11 {main}
CRITICAL - 2026-04-26 07:59:31 --> CodeIgniter\Database\Exceptions\DatabaseException: Unknown column 'id' in 'order clause'
[Method: GET, Route: pengiriman]
in SYSTEMPATH\Database\BaseConnection.php on line 684.
 1 SYSTEMPATH\Database\BaseBuilder.php(1649): CodeIgniter\Database\BaseConnection->query('SELECT *
FROM `pengiriman`
ORDER BY `id` DESC', [], false)
 2 APPPATH\Controllers\Pengiriman.php(21): CodeIgniter\Database\BaseBuilder->get()
 3 SYSTEMPATH\CodeIgniter.php(933): App\Controllers\Pengiriman->index()
 4 SYSTEMPATH\CodeIgniter.php(507): CodeIgniter\CodeIgniter->runController(Object(App\Controllers\Pengiriman))
 5 SYSTEMPATH\CodeIgniter.php(354): CodeIgniter\CodeIgniter->handleRequest(null, Object(Config\Cache), false)
 6 SYSTEMPATH\Boot.php(363): CodeIgniter\CodeIgniter->run()
 7 SYSTEMPATH\Boot.php(68): CodeIgniter\Boot::runCodeIgniter(Object(CodeIgniter\CodeIgniter))
 8 FCPATH\index.php(59): CodeIgniter\Boot::bootWeb(Object(Config\Paths))
CRITICAL - 2026-04-26 07:59:31 --> [Caused by] CodeIgniter\Database\Exceptions\DatabaseException: Unknown column 'id' in 'order clause'
in SYSTEMPATH\Database\MySQLi\Connection.php on line 332.
 1 SYSTEMPATH\Database\BaseConnection.php(729): CodeIgniter\Database\MySQLi\Connection->execute('SELECT *
FROM `pengiriman`
ORDER BY `id` DESC')
 2 SYSTEMPATH\Database\BaseConnection.php(646): CodeIgniter\Database\BaseConnection->simpleQuery('SELECT *
FROM `pengiriman`
ORDER BY `id` DESC')
 3 SYSTEMPATH\Database\BaseBuilder.php(1649): CodeIgniter\Database\BaseConnection->query('SELECT *
FROM `pengiriman`
ORDER BY `id` DESC', [], false)
 4 APPPATH\Controllers\Pengiriman.php(21): CodeIgniter\Database\BaseBuilder->get()
 5 SYSTEMPATH\CodeIgniter.php(933): App\Controllers\Pengiriman->index()
 6 SYSTEMPATH\CodeIgniter.php(507): CodeIgniter\CodeIgniter->runController(Object(App\Controllers\Pengiriman))
 7 SYSTEMPATH\CodeIgniter.php(354): CodeIgniter\CodeIgniter->handleRequest(null, Object(Config\Cache), false)
 8 SYSTEMPATH\Boot.php(363): CodeIgniter\CodeIgniter->run()
 9 SYSTEMPATH\Boot.php(68): CodeIgniter\Boot::runCodeIgniter(Object(CodeIgniter\CodeIgniter))
10 FCPATH\index.php(59): CodeIgniter\Boot::bootWeb(Object(Config\Paths))
CRITICAL - 2026-04-26 07:59:31 --> [Caused by] mysqli_sql_exception: Unknown column 'id' in 'order clause'
in SYSTEMPATH\Database\MySQLi\Connection.php on line 327.
 1 SYSTEMPATH\Database\MySQLi\Connection.php(327): mysqli->query('SELECT *
FROM `pengiriman`
ORDER BY `id` DESC', 0)
 2 SYSTEMPATH\Database\BaseConnection.php(729): CodeIgniter\Database\MySQLi\Connection->execute('SELECT *
FROM `pengiriman`
ORDER BY `id` DESC')
 3 SYSTEMPATH\Database\BaseConnection.php(646): CodeIgniter\Database\BaseConnection->simpleQuery('SELECT *
FROM `pengiriman`
ORDER BY `id` DESC')
 4 SYSTEMPATH\Database\BaseBuilder.php(1649): CodeIgniter\Database\BaseConnection->query('SELECT *
FROM `pengiriman`
ORDER BY `id` DESC', [], false)
 5 APPPATH\Controllers\Pengiriman.php(21): CodeIgniter\Database\BaseBuilder->get()
 6 SYSTEMPATH\CodeIgniter.php(933): App\Controllers\Pengiriman->index()
 7 SYSTEMPATH\CodeIgniter.php(507): CodeIgniter\CodeIgniter->runController(Object(App\Controllers\Pengiriman))
 8 SYSTEMPATH\CodeIgniter.php(354): CodeIgniter\CodeIgniter->handleRequest(null, Object(Config\Cache), false)
 9 SYSTEMPATH\Boot.php(363): CodeIgniter\CodeIgniter->run()
10 SYSTEMPATH\Boot.php(68): CodeIgniter\Boot::runCodeIgniter(Object(CodeIgniter\CodeIgniter))
11 FCPATH\index.php(59): CodeIgniter\Boot::bootWeb(Object(Config\Paths))
DEBUG - 2026-04-26 08:01:31 --> Session: Class initialized using 'CodeIgniter\Session\Handlers\FileHandler' driver.
DEBUG - 2026-04-26 08:02:03 --> Session: Class initialized using 'CodeIgniter\Session\Handlers\FileHandler' driver.
DEBUG - 2026-04-26 08:02:05 --> Session: Class initialized using 'CodeIgniter\Session\Handlers\FileHandler' driver.
DEBUG - 2026-04-26 08:02:07 --> Session: Class initialized using 'CodeIgniter\Session\Handlers\FileHandler' driver.
DEBUG - 2026-04-26 08:03:39 --> Session: Class initialized using 'CodeIgniter\Session\Handlers\FileHandler' driver.
DEBUG - 2026-04-26 08:03:41 --> Session: Class initialized using 'CodeIgniter\Session\Handlers\FileHandler' driver.
DEBUG - 2026-04-26 08:03:58 --> Session: Class initialized using 'CodeIgniter\Session\Handlers\FileHandler' driver.
DEBUG - 2026-04-26 08:04:01 --> Session: Class initialized using 'CodeIgniter\Session\Handlers\FileHandler' driver.
DEBUG - 2026-04-26 08:04:39 --> Session: Class initialized using 'CodeIgniter\Session\Handlers\FileHandler' driver.
DEBUG - 2026-04-26 08:04:42 --> Session: Class initialized using 'CodeIgniter\Session\Handlers\FileHandler' driver.
DEBUG - 2026-04-26 08:04:47 --> Session: Class initialized using 'CodeIgniter\Session\Handlers\FileHandler' driver.
DEBUG - 2026-04-26 08:05:23 --> Session: Class initialized using 'CodeIgniter\Session\Handlers\FileHandler' driver.
DEBUG - 2026-04-26 08:05:59 --> Session: Class initialized using 'CodeIgniter\Session\Handlers\FileHandler' driver.
CRITICAL - 2026-04-26 08:06:01 --> ErrorException: Undefined array key "petugas"
[Method: GET, Route: pengiriman/edit/16]
in APPPATH\Views\pengiriman\edit.php on line 16.
 1 APPPATH\Views\pengiriman\edit.php(16): CodeIgniter\Debug\Exceptions->errorHandler(2, 'Undefined array key "petugas"', 'C:\\xampp\\htdocs\\perpus\\app\\Views\\pengiriman\\edit.php', 16)
 2 SYSTEMPATH\View\View.php(226): include('C:\\xampp\\htdocs\\perpus\\app\\Views\\pengiriman\\edit.php')
 3 SYSTEMPATH\View\View.php(229): CodeIgniter\View\View->CodeIgniter\View\{closure}()
 4 SYSTEMPATH\Common.php(1167): CodeIgniter\View\View->render('pengiriman/edit', [], true)
 5 APPPATH\Controllers\Pengiriman.php(65): view('pengiriman/edit', [...])
 6 SYSTEMPATH\CodeIgniter.php(933): App\Controllers\Pengiriman->edit('16')
 7 SYSTEMPATH\CodeIgniter.php(507): CodeIgniter\CodeIgniter->runController(Object(App\Controllers\Pengiriman))
 8 SYSTEMPATH\CodeIgniter.php(354): CodeIgniter\CodeIgniter->handleRequest(null, Object(Config\Cache), false)
 9 SYSTEMPATH\Boot.php(363): CodeIgniter\CodeIgniter->run()
10 SYSTEMPATH\Boot.php(68): CodeIgniter\Boot::runCodeIgniter(Object(CodeIgniter\CodeIgniter))
11 FCPATH\index.php(59): CodeIgniter\Boot::bootWeb(Object(Config\Paths))
DEBUG - 2026-04-26 08:07:26 --> Session: Class initialized using 'CodeIgniter\Session\Handlers\FileHandler' driver.
ERROR - 2026-04-26 08:07:44 --> mysqli_sql_exception: Unknown column 'anggota_id' in 'field list' in C:\xampp\htdocs\perpus\system\Database\MySQLi\Connection.php:327
Stack trace:
#0 C:\xampp\htdocs\perpus\system\Database\MySQLi\Connection.php(327): mysqli->query('UPDATE `pengiri...', 0)
#1 C:\xampp\htdocs\perpus\system\Database\BaseConnection.php(729): CodeIgniter\Database\MySQLi\Connection->execute('UPDATE `pengiri...')
#2 C:\xampp\htdocs\perpus\system\Database\BaseConnection.php(646): CodeIgniter\Database\BaseConnection->simpleQuery('UPDATE `pengiri...')
#3 C:\xampp\htdocs\perpus\system\Database\BaseBuilder.php(2521): CodeIgniter\Database\BaseConnection->query('UPDATE `pengiri...', Array, false)
#4 C:\xampp\htdocs\perpus\app\Controllers\Pengiriman.php(73): CodeIgniter\Database\BaseBuilder->update(Array)
#5 C:\xampp\htdocs\perpus\system\CodeIgniter.php(933): App\Controllers\Pengiriman->update('16')
#6 C:\xampp\htdocs\perpus\system\CodeIgniter.php(507): CodeIgniter\CodeIgniter->runController(Object(App\Controllers\Pengiriman))
#7 C:\xampp\htdocs\perpus\system\CodeIgniter.php(354): CodeIgniter\CodeIgniter->handleRequest(NULL, Object(Config\Cache), false)
#8 C:\xampp\htdocs\perpus\system\Boot.php(363): CodeIgniter\CodeIgniter->run()
#9 C:\xampp\htdocs\perpus\system\Boot.php(68): CodeIgniter\Boot::runCodeIgniter(Object(CodeIgniter\CodeIgniter))
#10 C:\xampp\htdocs\perpus\index.php(59): CodeIgniter\Boot::bootWeb(Object(Config\Paths))
#11 {main}
CRITICAL - 2026-04-26 08:07:44 --> CodeIgniter\Database\Exceptions\DatabaseException: Unknown column 'anggota_id' in 'field list'
[Method: POST, Route: pengiriman/update/16]
in SYSTEMPATH\Database\BaseConnection.php on line 684.
 1 SYSTEMPATH\Database\BaseBuilder.php(2521): CodeIgniter\Database\BaseConnection->query('UPDATE `pengiriman` SET `anggota_id` = :anggota_id:, `buku_id` = :buku_id:, `alamat` = :alamat:, `biaya` = :biaya:, `status` = :status:, `tanggal` = :tanggal:, `petugas_id` = :petugas_id:
WHERE `id_pengiriman` = :id_pengiriman:', [...], false)
 2 APPPATH\Controllers\Pengiriman.php(73): CodeIgniter\Database\BaseBuilder->update([...])
 3 SYSTEMPATH\CodeIgniter.php(933): App\Controllers\Pengiriman->update('16')
 4 SYSTEMPATH\CodeIgniter.php(507): CodeIgniter\CodeIgniter->runController(Object(App\Controllers\Pengiriman))
 5 SYSTEMPATH\CodeIgniter.php(354): CodeIgniter\CodeIgniter->handleRequest(null, Object(Config\Cache), false)
 6 SYSTEMPATH\Boot.php(363): CodeIgniter\CodeIgniter->run()
 7 SYSTEMPATH\Boot.php(68): CodeIgniter\Boot::runCodeIgniter(Object(CodeIgniter\CodeIgniter))
 8 FCPATH\index.php(59): CodeIgniter\Boot::bootWeb(Object(Config\Paths))
CRITICAL - 2026-04-26 08:07:44 --> [Caused by] CodeIgniter\Database\Exceptions\DatabaseException: Unknown column 'anggota_id' in 'field list'
in SYSTEMPATH\Database\MySQLi\Connection.php on line 332.
 1 SYSTEMPATH\Database\BaseConnection.php(729): CodeIgniter\Database\MySQLi\Connection->execute('UPDATE `pengiriman` SET `anggota_id` = NULL, `buku_id` = NULL, `alamat` = \'bandung\', `biaya` = \'3\', `status` = \'sampai\', `tanggal` = NULL, `petugas_id` = \'ed\'
WHERE `id_pengiriman` = \'16\'')
 2 SYSTEMPATH\Database\BaseConnection.php(646): CodeIgniter\Database\BaseConnection->simpleQuery('UPDATE `pengiriman` SET `anggota_id` = NULL, `buku_id` = NULL, `alamat` = \'bandung\', `biaya` = \'3\', `status` = \'sampai\', `tanggal` = NULL, `petugas_id` = \'ed\'
WHERE `id_pengiriman` = \'16\'')
 3 SYSTEMPATH\Database\BaseBuilder.php(2521): CodeIgniter\Database\BaseConnection->query('UPDATE `pengiriman` SET `anggota_id` = :anggota_id:, `buku_id` = :buku_id:, `alamat` = :alamat:, `biaya` = :biaya:, `status` = :status:, `tanggal` = :tanggal:, `petugas_id` = :petugas_id:
WHERE `id_pengiriman` = :id_pengiriman:', [...], false)
 4 APPPATH\Controllers\Pengiriman.php(73): CodeIgniter\Database\BaseBuilder->update([...])
 5 SYSTEMPATH\CodeIgniter.php(933): App\Controllers\Pengiriman->update('16')
 6 SYSTEMPATH\CodeIgniter.php(507): CodeIgniter\CodeIgniter->runController(Object(App\Controllers\Pengiriman))
 7 SYSTEMPATH\CodeIgniter.php(354): CodeIgniter\CodeIgniter->handleRequest(null, Object(Config\Cache), false)
 8 SYSTEMPATH\Boot.php(363): CodeIgniter\CodeIgniter->run()
 9 SYSTEMPATH\Boot.php(68): CodeIgniter\Boot::runCodeIgniter(Object(CodeIgniter\CodeIgniter))
10 FCPATH\index.php(59): CodeIgniter\Boot::bootWeb(Object(Config\Paths))
CRITICAL - 2026-04-26 08:07:44 --> [Caused by] mysqli_sql_exception: Unknown column 'anggota_id' in 'field list'
in SYSTEMPATH\Database\MySQLi\Connection.php on line 327.
 1 SYSTEMPATH\Database\MySQLi\Connection.php(327): mysqli->query('UPDATE `pengiriman` SET `anggota_id` = NULL, `buku_id` = NULL, `alamat` = \'bandung\', `biaya` = \'3\', `status` = \'sampai\', `tanggal` = NULL, `petugas_id` = \'ed\'
WHERE `id_pengiriman` = \'16\'', 0)
 2 SYSTEMPATH\Database\BaseConnection.php(729): CodeIgniter\Database\MySQLi\Connection->execute('UPDATE `pengiriman` SET `anggota_id` = NULL, `buku_id` = NULL, `alamat` = \'bandung\', `biaya` = \'3\', `status` = \'sampai\', `tanggal` = NULL, `petugas_id` = \'ed\'
WHERE `id_pengiriman` = \'16\'')
 3 SYSTEMPATH\Database\BaseConnection.php(646): CodeIgniter\Database\BaseConnection->simpleQuery('UPDATE `pengiriman` SET `anggota_id` = NULL, `buku_id` = NULL, `alamat` = \'bandung\', `biaya` = \'3\', `status` = \'sampai\', `tanggal` = NULL, `petugas_id` = \'ed\'
WHERE `id_pengiriman` = \'16\'')
 4 SYSTEMPATH\Database\BaseBuilder.php(2521): CodeIgniter\Database\BaseConnection->query('UPDATE `pengiriman` SET `anggota_id` = :anggota_id:, `buku_id` = :buku_id:, `alamat` = :alamat:, `biaya` = :biaya:, `status` = :status:, `tanggal` = :tanggal:, `petugas_id` = :petugas_id:
WHERE `id_pengiriman` = :id_pengiriman:', [...], false)
 5 APPPATH\Controllers\Pengiriman.php(73): CodeIgniter\Database\BaseBuilder->update([...])
 6 SYSTEMPATH\CodeIgniter.php(933): App\Controllers\Pengiriman->update('16')
 7 SYSTEMPATH\CodeIgniter.php(507): CodeIgniter\CodeIgniter->runController(Object(App\Controllers\Pengiriman))
 8 SYSTEMPATH\CodeIgniter.php(354): CodeIgniter\CodeIgniter->handleRequest(null, Object(Config\Cache), false)
 9 SYSTEMPATH\Boot.php(363): CodeIgniter\CodeIgniter->run()
10 SYSTEMPATH\Boot.php(68): CodeIgniter\Boot::runCodeIgniter(Object(CodeIgniter\CodeIgniter))
11 FCPATH\index.php(59): CodeIgniter\Boot::bootWeb(Object(Config\Paths))
ERROR - 2026-04-26 08:09:27 --> mysqli_sql_exception: Unknown column 'id_buku' in 'field list' in C:\xampp\htdocs\perpus\system\Database\MySQLi\Connection.php:327
Stack trace:
#0 C:\xampp\htdocs\perpus\system\Database\MySQLi\Connection.php(327): mysqli->query('INSERT INTO `pe...', 0)
#1 C:\xampp\htdocs\perpus\system\Database\BaseConnection.php(729): CodeIgniter\Database\MySQLi\Connection->execute('INSERT INTO `pe...')
#2 C:\xampp\htdocs\perpus\system\Database\BaseConnection.php(646): CodeIgniter\Database\BaseConnection->simpleQuery('INSERT INTO `pe...')
#3 C:\xampp\htdocs\perpus\system\Database\BaseBuilder.php(2345): CodeIgniter\Database\BaseConnection->query('INSERT INTO `pe...', Array, false)
#4 C:\xampp\htdocs\perpus\app\Controllers\Pengiriman.php(71): CodeIgniter\Database\BaseBuilder->insert(Array)
#5 C:\xampp\htdocs\perpus\system\CodeIgniter.php(933): App\Controllers\Pengiriman->update('16')
#6 C:\xampp\htdocs\perpus\system\CodeIgniter.php(507): CodeIgniter\CodeIgniter->runController(Object(App\Controllers\Pengiriman))
#7 C:\xampp\htdocs\perpus\system\CodeIgniter.php(354): CodeIgniter\CodeIgniter->handleRequest(NULL, Object(Config\Cache), false)
#8 C:\xampp\htdocs\perpus\system\Boot.php(363): CodeIgniter\CodeIgniter->run()
#9 C:\xampp\htdocs\perpus\system\Boot.php(68): CodeIgniter\Boot::runCodeIgniter(Object(CodeIgniter\CodeIgniter))
#10 C:\xampp\htdocs\perpus\index.php(59): CodeIgniter\Boot::bootWeb(Object(Config\Paths))
#11 {main}
CRITICAL - 2026-04-26 08:09:27 --> CodeIgniter\Database\Exceptions\DatabaseException: Unknown column 'id_buku' in 'field list'
[Method: POST, Route: pengiriman/update/16]
in SYSTEMPATH\Database\BaseConnection.php on line 684.
 1 SYSTEMPATH\Database\BaseBuilder.php(2345): CodeIgniter\Database\BaseConnection->query('INSERT INTO `pengiriman` (`id_anggota`, `id_buku`, `alamat`, `biaya`, `status`, `tanggal`, `id_petugas`) VALUES (:id_anggota:, :id_buku:, :alamat:, :biaya:, :status:, :tanggal:, :id_petugas:)', [...], false)
 2 APPPATH\Controllers\Pengiriman.php(71): CodeIgniter\Database\BaseBuilder->insert([...])
 3 SYSTEMPATH\CodeIgniter.php(933): App\Controllers\Pengiriman->update('16')
 4 SYSTEMPATH\CodeIgniter.php(507): CodeIgniter\CodeIgniter->runController(Object(App\Controllers\Pengiriman))
 5 SYSTEMPATH\CodeIgniter.php(354): CodeIgniter\CodeIgniter->handleRequest(null, Object(Config\Cache), false)
 6 SYSTEMPATH\Boot.php(363): CodeIgniter\CodeIgniter->run()
 7 SYSTEMPATH\Boot.php(68): CodeIgniter\Boot::runCodeIgniter(Object(CodeIgniter\CodeIgniter))
 8 FCPATH\index.php(59): CodeIgniter\Boot::bootWeb(Object(Config\Paths))
CRITICAL - 2026-04-26 08:09:27 --> [Caused by] CodeIgniter\Database\Exceptions\DatabaseException: Unknown column 'id_buku' in 'field list'
in SYSTEMPATH\Database\MySQLi\Connection.php on line 332.
 1 SYSTEMPATH\Database\BaseConnection.php(729): CodeIgniter\Database\MySQLi\Connection->execute('INSERT INTO `pengiriman` (`id_anggota`, `id_buku`, `alamat`, `biaya`, `status`, `tanggal`, `id_petugas`) VALUES (NULL, NULL, \'bandung\', \'3\', \'sampai\', NULL, \'ed\')')
 2 SYSTEMPATH\Database\BaseConnection.php(646): CodeIgniter\Database\BaseConnection->simpleQuery('INSERT INTO `pengiriman` (`id_anggota`, `id_buku`, `alamat`, `biaya`, `status`, `tanggal`, `id_petugas`) VALUES (NULL, NULL, \'bandung\', \'3\', \'sampai\', NULL, \'ed\')')
 3 SYSTEMPATH\Database\BaseBuilder.php(2345): CodeIgniter\Database\BaseConnection->query('INSERT INTO `pengiriman` (`id_anggota`, `id_buku`, `alamat`, `biaya`, `status`, `tanggal`, `id_petugas`) VALUES (:id_anggota:, :id_buku:, :alamat:, :biaya:, :status:, :tanggal:, :id_petugas:)', [...], false)
 4 APPPATH\Controllers\Pengiriman.php(71): CodeIgniter\Database\BaseBuilder->insert([...])
 5 SYSTEMPATH\CodeIgniter.php(933): App\Controllers\Pengiriman->update('16')
 6 SYSTEMPATH\CodeIgniter.php(507): CodeIgniter\CodeIgniter->runController(Object(App\Controllers\Pengiriman))
 7 SYSTEMPATH\CodeIgniter.php(354): CodeIgniter\CodeIgniter->handleRequest(null, Object(Config\Cache), false)
 8 SYSTEMPATH\Boot.php(363): CodeIgniter\CodeIgniter->run()
 9 SYSTEMPATH\Boot.php(68): CodeIgniter\Boot::runCodeIgniter(Object(CodeIgniter\CodeIgniter))
10 FCPATH\index.php(59): CodeIgniter\Boot::bootWeb(Object(Config\Paths))
CRITICAL - 2026-04-26 08:09:27 --> [Caused by] mysqli_sql_exception: Unknown column 'id_buku' in 'field list'
in SYSTEMPATH\Database\MySQLi\Connection.php on line 327.
 1 SYSTEMPATH\Database\MySQLi\Connection.php(327): mysqli->query('INSERT INTO `pengiriman` (`id_anggota`, `id_buku`, `alamat`, `biaya`, `status`, `tanggal`, `id_petugas`) VALUES (NULL, NULL, \'bandung\', \'3\', \'sampai\', NULL, \'ed\')', 0)
 2 SYSTEMPATH\Database\BaseConnection.php(729): CodeIgniter\Database\MySQLi\Connection->execute('INSERT INTO `pengiriman` (`id_anggota`, `id_buku`, `alamat`, `biaya`, `status`, `tanggal`, `id_petugas`) VALUES (NULL, NULL, \'bandung\', \'3\', \'sampai\', NULL, \'ed\')')
 3 SYSTEMPATH\Database\BaseConnection.php(646): CodeIgniter\Database\BaseConnection->simpleQuery('INSERT INTO `pengiriman` (`id_anggota`, `id_buku`, `alamat`, `biaya`, `status`, `tanggal`, `id_petugas`) VALUES (NULL, NULL, \'bandung\', \'3\', \'sampai\', NULL, \'ed\')')
 4 SYSTEMPATH\Database\BaseBuilder.php(2345): CodeIgniter\Database\BaseConnection->query('INSERT INTO `pengiriman` (`id_anggota`, `id_buku`, `alamat`, `biaya`, `status`, `tanggal`, `id_petugas`) VALUES (:id_anggota:, :id_buku:, :alamat:, :biaya:, :status:, :tanggal:, :id_petugas:)', [...], false)
 5 APPPATH\Controllers\Pengiriman.php(71): CodeIgniter\Database\BaseBuilder->insert([...])
 6 SYSTEMPATH\CodeIgniter.php(933): App\Controllers\Pengiriman->update('16')
 7 SYSTEMPATH\CodeIgniter.php(507): CodeIgniter\CodeIgniter->runController(Object(App\Controllers\Pengiriman))
 8 SYSTEMPATH\CodeIgniter.php(354): CodeIgniter\CodeIgniter->handleRequest(null, Object(Config\Cache), false)
 9 SYSTEMPATH\Boot.php(363): CodeIgniter\CodeIgniter->run()
10 SYSTEMPATH\Boot.php(68): CodeIgniter\Boot::runCodeIgniter(Object(CodeIgniter\CodeIgniter))
11 FCPATH\index.php(59): CodeIgniter\Boot::bootWeb(Object(Config\Paths))
ERROR - 2026-04-26 08:09:56 --> mysqli_sql_exception: Unknown column 'id_buku' in 'field list' in C:\xampp\htdocs\perpus\system\Database\MySQLi\Connection.php:327
Stack trace:
#0 C:\xampp\htdocs\perpus\system\Database\MySQLi\Connection.php(327): mysqli->query('INSERT INTO `pe...', 0)
#1 C:\xampp\htdocs\perpus\system\Database\BaseConnection.php(729): CodeIgniter\Database\MySQLi\Connection->execute('INSERT INTO `pe...')
#2 C:\xampp\htdocs\perpus\system\Database\BaseConnection.php(646): CodeIgniter\Database\BaseConnection->simpleQuery('INSERT INTO `pe...')
#3 C:\xampp\htdocs\perpus\system\Database\BaseBuilder.php(2345): CodeIgniter\Database\BaseConnection->query('INSERT INTO `pe...', Array, false)
#4 C:\xampp\htdocs\perpus\app\Controllers\Pengiriman.php(71): CodeIgniter\Database\BaseBuilder->insert(Array)
#5 C:\xampp\htdocs\perpus\system\CodeIgniter.php(933): App\Controllers\Pengiriman->update('16')
#6 C:\xampp\htdocs\perpus\system\CodeIgniter.php(507): CodeIgniter\CodeIgniter->runController(Object(App\Controllers\Pengiriman))
#7 C:\xampp\htdocs\perpus\system\CodeIgniter.php(354): CodeIgniter\CodeIgniter->handleRequest(NULL, Object(Config\Cache), false)
#8 C:\xampp\htdocs\perpus\system\Boot.php(363): CodeIgniter\CodeIgniter->run()
#9 C:\xampp\htdocs\perpus\system\Boot.php(68): CodeIgniter\Boot::runCodeIgniter(Object(CodeIgniter\CodeIgniter))
#10 C:\xampp\htdocs\perpus\index.php(59): CodeIgniter\Boot::bootWeb(Object(Config\Paths))
#11 {main}
CRITICAL - 2026-04-26 08:09:56 --> CodeIgniter\Database\Exceptions\DatabaseException: Unknown column 'id_buku' in 'field list'
[Method: POST, Route: pengiriman/update/16]
in SYSTEMPATH\Database\BaseConnection.php on line 684.
 1 SYSTEMPATH\Database\BaseBuilder.php(2345): CodeIgniter\Database\BaseConnection->query('INSERT INTO `pengiriman` (`id_anggota`, `id_buku`, `alamat`, `biaya`, `status`, `tanggal`, `id_petugas`) VALUES (:id_anggota:, :id_buku:, :alamat:, :biaya:, :status:, :tanggal:, :id_petugas:)', [...], false)
 2 APPPATH\Controllers\Pengiriman.php(71): CodeIgniter\Database\BaseBuilder->insert([...])
 3 SYSTEMPATH\CodeIgniter.php(933): App\Controllers\Pengiriman->update('16')
 4 SYSTEMPATH\CodeIgniter.php(507): CodeIgniter\CodeIgniter->runController(Object(App\Controllers\Pengiriman))
 5 SYSTEMPATH\CodeIgniter.php(354): CodeIgniter\CodeIgniter->handleRequest(null, Object(Config\Cache), false)
 6 SYSTEMPATH\Boot.php(363): CodeIgniter\CodeIgniter->run()
 7 SYSTEMPATH\Boot.php(68): CodeIgniter\Boot::runCodeIgniter(Object(CodeIgniter\CodeIgniter))
 8 FCPATH\index.php(59): CodeIgniter\Boot::bootWeb(Object(Config\Paths))
CRITICAL - 2026-04-26 08:09:56 --> [Caused by] CodeIgniter\Database\Exceptions\DatabaseException: Unknown column 'id_buku' in 'field list'
in SYSTEMPATH\Database\MySQLi\Connection.php on line 332.
 1 SYSTEMPATH\Database\BaseConnection.php(729): CodeIgniter\Database\MySQLi\Connection->execute('INSERT INTO `pengiriman` (`id_anggota`, `id_buku`, `alamat`, `biaya`, `status`, `tanggal`, `id_petugas`) VALUES (NULL, NULL, \'bandung\', \'3\', \'sampai\', NULL, \'ed\')')
 2 SYSTEMPATH\Database\BaseConnection.php(646): CodeIgniter\Database\BaseConnection->simpleQuery('INSERT INTO `pengiriman` (`id_anggota`, `id_buku`, `alamat`, `biaya`, `status`, `tanggal`, `id_petugas`) VALUES (NULL, NULL, \'bandung\', \'3\', \'sampai\', NULL, \'ed\')')
 3 SYSTEMPATH\Database\BaseBuilder.php(2345): CodeIgniter\Database\BaseConnection->query('INSERT INTO `pengiriman` (`id_anggota`, `id_buku`, `alamat`, `biaya`, `status`, `tanggal`, `id_petugas`) VALUES (:id_anggota:, :id_buku:, :alamat:, :biaya:, :status:, :tanggal:, :id_petugas:)', [...], false)
 4 APPPATH\Controllers\Pengiriman.php(71): CodeIgniter\Database\BaseBuilder->insert([...])
 5 SYSTEMPATH\CodeIgniter.php(933): App\Controllers\Pengiriman->update('16')
 6 SYSTEMPATH\CodeIgniter.php(507): CodeIgniter\CodeIgniter->runController(Object(App\Controllers\Pengiriman))
 7 SYSTEMPATH\CodeIgniter.php(354): CodeIgniter\CodeIgniter->handleRequest(null, Object(Config\Cache), false)
 8 SYSTEMPATH\Boot.php(363): CodeIgniter\CodeIgniter->run()
 9 SYSTEMPATH\Boot.php(68): CodeIgniter\Boot::runCodeIgniter(Object(CodeIgniter\CodeIgniter))
10 FCPATH\index.php(59): CodeIgniter\Boot::bootWeb(Object(Config\Paths))
CRITICAL - 2026-04-26 08:09:56 --> [Caused by] mysqli_sql_exception: Unknown column 'id_buku' in 'field list'
in SYSTEMPATH\Database\MySQLi\Connection.php on line 327.
 1 SYSTEMPATH\Database\MySQLi\Connection.php(327): mysqli->query('INSERT INTO `pengiriman` (`id_anggota`, `id_buku`, `alamat`, `biaya`, `status`, `tanggal`, `id_petugas`) VALUES (NULL, NULL, \'bandung\', \'3\', \'sampai\', NULL, \'ed\')', 0)
 2 SYSTEMPATH\Database\BaseConnection.php(729): CodeIgniter\Database\MySQLi\Connection->execute('INSERT INTO `pengiriman` (`id_anggota`, `id_buku`, `alamat`, `biaya`, `status`, `tanggal`, `id_petugas`) VALUES (NULL, NULL, \'bandung\', \'3\', \'sampai\', NULL, \'ed\')')
 3 SYSTEMPATH\Database\BaseConnection.php(646): CodeIgniter\Database\BaseConnection->simpleQuery('INSERT INTO `pengiriman` (`id_anggota`, `id_buku`, `alamat`, `biaya`, `status`, `tanggal`, `id_petugas`) VALUES (NULL, NULL, \'bandung\', \'3\', \'sampai\', NULL, \'ed\')')
 4 SYSTEMPATH\Database\BaseBuilder.php(2345): CodeIgniter\Database\BaseConnection->query('INSERT INTO `pengiriman` (`id_anggota`, `id_buku`, `alamat`, `biaya`, `status`, `tanggal`, `id_petugas`) VALUES (:id_anggota:, :id_buku:, :alamat:, :biaya:, :status:, :tanggal:, :id_petugas:)', [...], false)
 5 APPPATH\Controllers\Pengiriman.php(71): CodeIgniter\Database\BaseBuilder->insert([...])
 6 SYSTEMPATH\CodeIgniter.php(933): App\Controllers\Pengiriman->update('16')
 7 SYSTEMPATH\CodeIgniter.php(507): CodeIgniter\CodeIgniter->runController(Object(App\Controllers\Pengiriman))
 8 SYSTEMPATH\CodeIgniter.php(354): CodeIgniter\CodeIgniter->handleRequest(null, Object(Config\Cache), false)
 9 SYSTEMPATH\Boot.php(363): CodeIgniter\CodeIgniter->run()
10 SYSTEMPATH\Boot.php(68): CodeIgniter\Boot::runCodeIgniter(Object(CodeIgniter\CodeIgniter))
11 FCPATH\index.php(59): CodeIgniter\Boot::bootWeb(Object(Config\Paths))
ERROR - 2026-04-26 08:11:11 --> mysqli_sql_exception: Unknown column 'anggota_id' in 'field list' in C:\xampp\htdocs\perpus\system\Database\MySQLi\Connection.php:327
Stack trace:
#0 C:\xampp\htdocs\perpus\system\Database\MySQLi\Connection.php(327): mysqli->query('UPDATE `pengiri...', 0)
#1 C:\xampp\htdocs\perpus\system\Database\BaseConnection.php(729): CodeIgniter\Database\MySQLi\Connection->execute('UPDATE `pengiri...')
#2 C:\xampp\htdocs\perpus\system\Database\BaseConnection.php(646): CodeIgniter\Database\BaseConnection->simpleQuery('UPDATE `pengiri...')
#3 C:\xampp\htdocs\perpus\system\Database\BaseBuilder.php(2521): CodeIgniter\Database\BaseConnection->query('UPDATE `pengiri...', Array, false)
#4 C:\xampp\htdocs\perpus\app\Controllers\Pengiriman.php(73): CodeIgniter\Database\BaseBuilder->update(Array)
#5 C:\xampp\htdocs\perpus\system\CodeIgniter.php(933): App\Controllers\Pengiriman->update('16')
#6 C:\xampp\htdocs\perpus\system\CodeIgniter.php(507): CodeIgniter\CodeIgniter->runController(Object(App\Controllers\Pengiriman))
#7 C:\xampp\htdocs\perpus\system\CodeIgniter.php(354): CodeIgniter\CodeIgniter->handleRequest(NULL, Object(Config\Cache), false)
#8 C:\xampp\htdocs\perpus\system\Boot.php(363): CodeIgniter\CodeIgniter->run()
#9 C:\xampp\htdocs\perpus\system\Boot.php(68): CodeIgniter\Boot::runCodeIgniter(Object(CodeIgniter\CodeIgniter))
#10 C:\xampp\htdocs\perpus\index.php(59): CodeIgniter\Boot::bootWeb(Object(Config\Paths))
#11 {main}
CRITICAL - 2026-04-26 08:11:11 --> CodeIgniter\Database\Exceptions\DatabaseException: Unknown column 'anggota_id' in 'field list'
[Method: POST, Route: pengiriman/update/16]
in SYSTEMPATH\Database\BaseConnection.php on line 684.
 1 SYSTEMPATH\Database\BaseBuilder.php(2521): CodeIgniter\Database\BaseConnection->query('UPDATE `pengiriman` SET `anggota_id` = :anggota_id:, `buku_id` = :buku_id:, `alamat` = :alamat:, `biaya` = :biaya:, `status` = :status:, `tanggal` = :tanggal:, `petugas_id` = :petugas_id:
WHERE `id_pengiriman` = :id_pengiriman:', [...], false)
 2 APPPATH\Controllers\Pengiriman.php(73): CodeIgniter\Database\BaseBuilder->update([...])
 3 SYSTEMPATH\CodeIgniter.php(933): App\Controllers\Pengiriman->update('16')
 4 SYSTEMPATH\CodeIgniter.php(507): CodeIgniter\CodeIgniter->runController(Object(App\Controllers\Pengiriman))
 5 SYSTEMPATH\CodeIgniter.php(354): CodeIgniter\CodeIgniter->handleRequest(null, Object(Config\Cache), false)
 6 SYSTEMPATH\Boot.php(363): CodeIgniter\CodeIgniter->run()
 7 SYSTEMPATH\Boot.php(68): CodeIgniter\Boot::runCodeIgniter(Object(CodeIgniter\CodeIgniter))
 8 FCPATH\index.php(59): CodeIgniter\Boot::bootWeb(Object(Config\Paths))
CRITICAL - 2026-04-26 08:11:11 --> [Caused by] CodeIgniter\Database\Exceptions\DatabaseException: Unknown column 'anggota_id' in 'field list'
in SYSTEMPATH\Database\MySQLi\Connection.php on line 332.
 1 SYSTEMPATH\Database\BaseConnection.php(729): CodeIgniter\Database\MySQLi\Connection->execute('UPDATE `pengiriman` SET `anggota_id` = NULL, `buku_id` = NULL, `alamat` = \'bandung\', `biaya` = \'3\', `status` = \'sampai\', `tanggal` = NULL, `petugas_id` = \'ed\'
WHERE `id_pengiriman` = \'16\'')
 2 SYSTEMPATH\Database\BaseConnection.php(646): CodeIgniter\Database\BaseConnection->simpleQuery('UPDATE `pengiriman` SET `anggota_id` = NULL, `buku_id` = NULL, `alamat` = \'bandung\', `biaya` = \'3\', `status` = \'sampai\', `tanggal` = NULL, `petugas_id` = \'ed\'
WHERE `id_pengiriman` = \'16\'')
 3 SYSTEMPATH\Database\BaseBuilder.php(2521): CodeIgniter\Database\BaseConnection->query('UPDATE `pengiriman` SET `anggota_id` = :anggota_id:, `buku_id` = :buku_id:, `alamat` = :alamat:, `biaya` = :biaya:, `status` = :status:, `tanggal` = :tanggal:, `petugas_id` = :petugas_id:
WHERE `id_pengiriman` = :id_pengiriman:', [...], false)
 4 APPPATH\Controllers\Pengiriman.php(73): CodeIgniter\Database\BaseBuilder->update([...])
 5 SYSTEMPATH\CodeIgniter.php(933): App\Controllers\Pengiriman->update('16')
 6 SYSTEMPATH\CodeIgniter.php(507): CodeIgniter\CodeIgniter->runController(Object(App\Controllers\Pengiriman))
 7 SYSTEMPATH\CodeIgniter.php(354): CodeIgniter\CodeIgniter->handleRequest(null, Object(Config\Cache), false)
 8 SYSTEMPATH\Boot.php(363): CodeIgniter\CodeIgniter->run()
 9 SYSTEMPATH\Boot.php(68): CodeIgniter\Boot::runCodeIgniter(Object(CodeIgniter\CodeIgniter))
10 FCPATH\index.php(59): CodeIgniter\Boot::bootWeb(Object(Config\Paths))
CRITICAL - 2026-04-26 08:11:11 --> [Caused by] mysqli_sql_exception: Unknown column 'anggota_id' in 'field list'
in SYSTEMPATH\Database\MySQLi\Connection.php on line 327.
 1 SYSTEMPATH\Database\MySQLi\Connection.php(327): mysqli->query('UPDATE `pengiriman` SET `anggota_id` = NULL, `buku_id` = NULL, `alamat` = \'bandung\', `biaya` = \'3\', `status` = \'sampai\', `tanggal` = NULL, `petugas_id` = \'ed\'
WHERE `id_pengiriman` = \'16\'', 0)
 2 SYSTEMPATH\Database\BaseConnection.php(729): CodeIgniter\Database\MySQLi\Connection->execute('UPDATE `pengiriman` SET `anggota_id` = NULL, `buku_id` = NULL, `alamat` = \'bandung\', `biaya` = \'3\', `status` = \'sampai\', `tanggal` = NULL, `petugas_id` = \'ed\'
WHERE `id_pengiriman` = \'16\'')
 3 SYSTEMPATH\Database\BaseConnection.php(646): CodeIgniter\Database\BaseConnection->simpleQuery('UPDATE `pengiriman` SET `anggota_id` = NULL, `buku_id` = NULL, `alamat` = \'bandung\', `biaya` = \'3\', `status` = \'sampai\', `tanggal` = NULL, `petugas_id` = \'ed\'
WHERE `id_pengiriman` = \'16\'')
 4 SYSTEMPATH\Database\BaseBuilder.php(2521): CodeIgniter\Database\BaseConnection->query('UPDATE `pengiriman` SET `anggota_id` = :anggota_id:, `buku_id` = :buku_id:, `alamat` = :alamat:, `biaya` = :biaya:, `status` = :status:, `tanggal` = :tanggal:, `petugas_id` = :petugas_id:
WHERE `id_pengiriman` = :id_pengiriman:', [...], false)
 5 APPPATH\Controllers\Pengiriman.php(73): CodeIgniter\Database\BaseBuilder->update([...])
 6 SYSTEMPATH\CodeIgniter.php(933): App\Controllers\Pengiriman->update('16')
 7 SYSTEMPATH\CodeIgniter.php(507): CodeIgniter\CodeIgniter->runController(Object(App\Controllers\Pengiriman))
 8 SYSTEMPATH\CodeIgniter.php(354): CodeIgniter\CodeIgniter->handleRequest(null, Object(Config\Cache), false)
 9 SYSTEMPATH\Boot.php(363): CodeIgniter\CodeIgniter->run()
10 SYSTEMPATH\Boot.php(68): CodeIgniter\Boot::runCodeIgniter(Object(CodeIgniter\CodeIgniter))
11 FCPATH\index.php(59): CodeIgniter\Boot::bootWeb(Object(Config\Paths))
ERROR - 2026-04-26 08:11:45 --> mysqli_sql_exception: Unknown column 'buku_id' in 'field list' in C:\xampp\htdocs\perpus\system\Database\MySQLi\Connection.php:327
Stack trace:
#0 C:\xampp\htdocs\perpus\system\Database\MySQLi\Connection.php(327): mysqli->query('UPDATE `pengiri...', 0)
#1 C:\xampp\htdocs\perpus\system\Database\BaseConnection.php(729): CodeIgniter\Database\MySQLi\Connection->execute('UPDATE `pengiri...')
#2 C:\xampp\htdocs\perpus\system\Database\BaseConnection.php(646): CodeIgniter\Database\BaseConnection->simpleQuery('UPDATE `pengiri...')
#3 C:\xampp\htdocs\perpus\system\Database\BaseBuilder.php(2521): CodeIgniter\Database\BaseConnection->query('UPDATE `pengiri...', Array, false)
#4 C:\xampp\htdocs\perpus\app\Controllers\Pengiriman.php(73): CodeIgniter\Database\BaseBuilder->update(Array)
#5 C:\xampp\htdocs\perpus\system\CodeIgniter.php(933): App\Controllers\Pengiriman->update('16')
#6 C:\xampp\htdocs\perpus\system\CodeIgniter.php(507): CodeIgniter\CodeIgniter->runController(Object(App\Controllers\Pengiriman))
#7 C:\xampp\htdocs\perpus\system\CodeIgniter.php(354): CodeIgniter\CodeIgniter->handleRequest(NULL, Object(Config\Cache), false)
#8 C:\xampp\htdocs\perpus\system\Boot.php(363): CodeIgniter\CodeIgniter->run()
#9 C:\xampp\htdocs\perpus\system\Boot.php(68): CodeIgniter\Boot::runCodeIgniter(Object(CodeIgniter\CodeIgniter))
#10 C:\xampp\htdocs\perpus\index.php(59): CodeIgniter\Boot::bootWeb(Object(Config\Paths))
#11 {main}
CRITICAL - 2026-04-26 08:11:45 --> CodeIgniter\Database\Exceptions\DatabaseException: Unknown column 'buku_id' in 'field list'
[Method: POST, Route: pengiriman/update/16]
in SYSTEMPATH\Database\BaseConnection.php on line 684.
 1 SYSTEMPATH\Database\BaseBuilder.php(2521): CodeIgniter\Database\BaseConnection->query('UPDATE `pengiriman` SET `id_anggota` = :id_anggota:, `buku_id` = :buku_id:, `alamat` = :alamat:, `biaya` = :biaya:, `status` = :status:, `tanggal` = :tanggal:, `petugas_id` = :petugas_id:
WHERE `id_pengiriman` = :id_pengiriman:', [...], false)
 2 APPPATH\Controllers\Pengiriman.php(73): CodeIgniter\Database\BaseBuilder->update([...])
 3 SYSTEMPATH\CodeIgniter.php(933): App\Controllers\Pengiriman->update('16')
 4 SYSTEMPATH\CodeIgniter.php(507): CodeIgniter\CodeIgniter->runController(Object(App\Controllers\Pengiriman))
 5 SYSTEMPATH\CodeIgniter.php(354): CodeIgniter\CodeIgniter->handleRequest(null, Object(Config\Cache), false)
 6 SYSTEMPATH\Boot.php(363): CodeIgniter\CodeIgniter->run()
 7 SYSTEMPATH\Boot.php(68): CodeIgniter\Boot::runCodeIgniter(Object(CodeIgniter\CodeIgniter))
 8 FCPATH\index.php(59): CodeIgniter\Boot::bootWeb(Object(Config\Paths))
CRITICAL - 2026-04-26 08:11:45 --> [Caused by] CodeIgniter\Database\Exceptions\DatabaseException: Unknown column 'buku_id' in 'field list'
in SYSTEMPATH\Database\MySQLi\Connection.php on line 332.
 1 SYSTEMPATH\Database\BaseConnection.php(729): CodeIgniter\Database\MySQLi\Connection->execute('UPDATE `pengiriman` SET `id_anggota` = NULL, `buku_id` = NULL, `alamat` = \'bandung\', `biaya` = \'3\', `status` = \'sampai\', `tanggal` = NULL, `petugas_id` = \'ed\'
WHERE `id_pengiriman` = \'16\'')
 2 SYSTEMPATH\Database\BaseConnection.php(646): CodeIgniter\Database\BaseConnection->simpleQuery('UPDATE `pengiriman` SET `id_anggota` = NULL, `buku_id` = NULL, `alamat` = \'bandung\', `biaya` = \'3\', `status` = \'sampai\', `tanggal` = NULL, `petugas_id` = \'ed\'
WHERE `id_pengiriman` = \'16\'')
 3 SYSTEMPATH\Database\BaseBuilder.php(2521): CodeIgniter\Database\BaseConnection->query('UPDATE `pengiriman` SET `id_anggota` = :id_anggota:, `buku_id` = :buku_id:, `alamat` = :alamat:, `biaya` = :biaya:, `status` = :status:, `tanggal` = :tanggal:, `petugas_id` = :petugas_id:
WHERE `id_pengiriman` = :id_pengiriman:', [...], false)
 4 APPPATH\Controllers\Pengiriman.php(73): CodeIgniter\Database\BaseBuilder->update([...])
 5 SYSTEMPATH\CodeIgniter.php(933): App\Controllers\Pengiriman->update('16')
 6 SYSTEMPATH\CodeIgniter.php(507): CodeIgniter\CodeIgniter->runController(Object(App\Controllers\Pengiriman))
 7 SYSTEMPATH\CodeIgniter.php(354): CodeIgniter\CodeIgniter->handleRequest(null, Object(Config\Cache), false)
 8 SYSTEMPATH\Boot.php(363): CodeIgniter\CodeIgniter->run()
 9 SYSTEMPATH\Boot.php(68): CodeIgniter\Boot::runCodeIgniter(Object(CodeIgniter\CodeIgniter))
10 FCPATH\index.php(59): CodeIgniter\Boot::bootWeb(Object(Config\Paths))
CRITICAL - 2026-04-26 08:11:45 --> [Caused by] mysqli_sql_exception: Unknown column 'buku_id' in 'field list'
in SYSTEMPATH\Database\MySQLi\Connection.php on line 327.
 1 SYSTEMPATH\Database\MySQLi\Connection.php(327): mysqli->query('UPDATE `pengiriman` SET `id_anggota` = NULL, `buku_id` = NULL, `alamat` = \'bandung\', `biaya` = \'3\', `status` = \'sampai\', `tanggal` = NULL, `petugas_id` = \'ed\'
WHERE `id_pengiriman` = \'16\'', 0)
 2 SYSTEMPATH\Database\BaseConnection.php(729): CodeIgniter\Database\MySQLi\Connection->execute('UPDATE `pengiriman` SET `id_anggota` = NULL, `buku_id` = NULL, `alamat` = \'bandung\', `biaya` = \'3\', `status` = \'sampai\', `tanggal` = NULL, `petugas_id` = \'ed\'
WHERE `id_pengiriman` = \'16\'')
 3 SYSTEMPATH\Database\BaseConnection.php(646): CodeIgniter\Database\BaseConnection->simpleQuery('UPDATE `pengiriman` SET `id_anggota` = NULL, `buku_id` = NULL, `alamat` = \'bandung\', `biaya` = \'3\', `status` = \'sampai\', `tanggal` = NULL, `petugas_id` = \'ed\'
WHERE `id_pengiriman` = \'16\'')
 4 SYSTEMPATH\Database\BaseBuilder.php(2521): CodeIgniter\Database\BaseConnection->query('UPDATE `pengiriman` SET `id_anggota` = :id_anggota:, `buku_id` = :buku_id:, `alamat` = :alamat:, `biaya` = :biaya:, `status` = :status:, `tanggal` = :tanggal:, `petugas_id` = :petugas_id:
WHERE `id_pengiriman` = :id_pengiriman:', [...], false)
 5 APPPATH\Controllers\Pengiriman.php(73): CodeIgniter\Database\BaseBuilder->update([...])
 6 SYSTEMPATH\CodeIgniter.php(933): App\Controllers\Pengiriman->update('16')
 7 SYSTEMPATH\CodeIgniter.php(507): CodeIgniter\CodeIgniter->runController(Object(App\Controllers\Pengiriman))
 8 SYSTEMPATH\CodeIgniter.php(354): CodeIgniter\CodeIgniter->handleRequest(null, Object(Config\Cache), false)
 9 SYSTEMPATH\Boot.php(363): CodeIgniter\CodeIgniter->run()
10 SYSTEMPATH\Boot.php(68): CodeIgniter\Boot::runCodeIgniter(Object(CodeIgniter\CodeIgniter))
11 FCPATH\index.php(59): CodeIgniter\Boot::bootWeb(Object(Config\Paths))
ERROR - 2026-04-26 08:12:09 --> mysqli_sql_exception: Unknown column 'id_buku' in 'field list' in C:\xampp\htdocs\perpus\system\Database\MySQLi\Connection.php:327
Stack trace:
#0 C:\xampp\htdocs\perpus\system\Database\MySQLi\Connection.php(327): mysqli->query('UPDATE `pengiri...', 0)
#1 C:\xampp\htdocs\perpus\system\Database\BaseConnection.php(729): CodeIgniter\Database\MySQLi\Connection->execute('UPDATE `pengiri...')
#2 C:\xampp\htdocs\perpus\system\Database\BaseConnection.php(646): CodeIgniter\Database\BaseConnection->simpleQuery('UPDATE `pengiri...')
#3 C:\xampp\htdocs\perpus\system\Database\BaseBuilder.php(2521): CodeIgniter\Database\BaseConnection->query('UPDATE `pengiri...', Array, false)
#4 C:\xampp\htdocs\perpus\app\Controllers\Pengiriman.php(73): CodeIgniter\Database\BaseBuilder->update(Array)
#5 C:\xampp\htdocs\perpus\system\CodeIgniter.php(933): App\Controllers\Pengiriman->update('16')
#6 C:\xampp\htdocs\perpus\system\CodeIgniter.php(507): CodeIgniter\CodeIgniter->runController(Object(App\Controllers\Pengiriman))
#7 C:\xampp\htdocs\perpus\system\CodeIgniter.php(354): CodeIgniter\CodeIgniter->handleRequest(NULL, Object(Config\Cache), false)
#8 C:\xampp\htdocs\perpus\system\Boot.php(363): CodeIgniter\CodeIgniter->run()
#9 C:\xampp\htdocs\perpus\system\Boot.php(68): CodeIgniter\Boot::runCodeIgniter(Object(CodeIgniter\CodeIgniter))
#10 C:\xampp\htdocs\perpus\index.php(59): CodeIgniter\Boot::bootWeb(Object(Config\Paths))
#11 {main}
CRITICAL - 2026-04-26 08:12:09 --> CodeIgniter\Database\Exceptions\DatabaseException: Unknown column 'id_buku' in 'field list'
[Method: POST, Route: pengiriman/update/16]
in SYSTEMPATH\Database\BaseConnection.php on line 684.
 1 SYSTEMPATH\Database\BaseBuilder.php(2521): CodeIgniter\Database\BaseConnection->query('UPDATE `pengiriman` SET `id_anggota` = :id_anggota:, `id_buku` = :id_buku:, `alamat` = :alamat:, `biaya` = :biaya:, `status` = :status:, `tanggal` = :tanggal:, `petugas_id` = :petugas_id:
WHERE `id_pengiriman` = :id_pengiriman:', [...], false)
 2 APPPATH\Controllers\Pengiriman.php(73): CodeIgniter\Database\BaseBuilder->update([...])
 3 SYSTEMPATH\CodeIgniter.php(933): App\Controllers\Pengiriman->update('16')
 4 SYSTEMPATH\CodeIgniter.php(507): CodeIgniter\CodeIgniter->runController(Object(App\Controllers\Pengiriman))
 5 SYSTEMPATH\CodeIgniter.php(354): CodeIgniter\CodeIgniter->handleRequest(null, Object(Config\Cache), false)
 6 SYSTEMPATH\Boot.php(363): CodeIgniter\CodeIgniter->run()
 7 SYSTEMPATH\Boot.php(68): CodeIgniter\Boot::runCodeIgniter(Object(CodeIgniter\CodeIgniter))
 8 FCPATH\index.php(59): CodeIgniter\Boot::bootWeb(Object(Config\Paths))
CRITICAL - 2026-04-26 08:12:09 --> [Caused by] CodeIgniter\Database\Exceptions\DatabaseException: Unknown column 'id_buku' in 'field list'
in SYSTEMPATH\Database\MySQLi\Connection.php on line 332.
 1 SYSTEMPATH\Database\BaseConnection.php(729): CodeIgniter\Database\MySQLi\Connection->execute('UPDATE `pengiriman` SET `id_anggota` = NULL, `id_buku` = NULL, `alamat` = \'bandung\', `biaya` = \'3\', `status` = \'sampai\', `tanggal` = NULL, `petugas_id` = \'ed\'
WHERE `id_pengiriman` = \'16\'')
 2 SYSTEMPATH\Database\BaseConnection.php(646): CodeIgniter\Database\BaseConnection->simpleQuery('UPDATE `pengiriman` SET `id_anggota` = NULL, `id_buku` = NULL, `alamat` = \'bandung\', `biaya` = \'3\', `status` = \'sampai\', `tanggal` = NULL, `petugas_id` = \'ed\'
WHERE `id_pengiriman` = \'16\'')
 3 SYSTEMPATH\Database\BaseBuilder.php(2521): CodeIgniter\Database\BaseConnection->query('UPDATE `pengiriman` SET `id_anggota` = :id_anggota:, `id_buku` = :id_buku:, `alamat` = :alamat:, `biaya` = :biaya:, `status` = :status:, `tanggal` = :tanggal:, `petugas_id` = :petugas_id:
WHERE `id_pengiriman` = :id_pengiriman:', [...], false)
 4 APPPATH\Controllers\Pengiriman.php(73): CodeIgniter\Database\BaseBuilder->update([...])
 5 SYSTEMPATH\CodeIgniter.php(933): App\Controllers\Pengiriman->update('16')
 6 SYSTEMPATH\CodeIgniter.php(507): CodeIgniter\CodeIgniter->runController(Object(App\Controllers\Pengiriman))
 7 SYSTEMPATH\CodeIgniter.php(354): CodeIgniter\CodeIgniter->handleRequest(null, Object(Config\Cache), false)
 8 SYSTEMPATH\Boot.php(363): CodeIgniter\CodeIgniter->run()
 9 SYSTEMPATH\Boot.php(68): CodeIgniter\Boot::runCodeIgniter(Object(CodeIgniter\CodeIgniter))
10 FCPATH\index.php(59): CodeIgniter\Boot::bootWeb(Object(Config\Paths))
CRITICAL - 2026-04-26 08:12:09 --> [Caused by] mysqli_sql_exception: Unknown column 'id_buku' in 'field list'
in SYSTEMPATH\Database\MySQLi\Connection.php on line 327.
 1 SYSTEMPATH\Database\MySQLi\Connection.php(327): mysqli->query('UPDATE `pengiriman` SET `id_anggota` = NULL, `id_buku` = NULL, `alamat` = \'bandung\', `biaya` = \'3\', `status` = \'sampai\', `tanggal` = NULL, `petugas_id` = \'ed\'
WHERE `id_pengiriman` = \'16\'', 0)
 2 SYSTEMPATH\Database\BaseConnection.php(729): CodeIgniter\Database\MySQLi\Connection->execute('UPDATE `pengiriman` SET `id_anggota` = NULL, `id_buku` = NULL, `alamat` = \'bandung\', `biaya` = \'3\', `status` = \'sampai\', `tanggal` = NULL, `petugas_id` = \'ed\'
WHERE `id_pengiriman` = \'16\'')
 3 SYSTEMPATH\Database\BaseConnection.php(646): CodeIgniter\Database\BaseConnection->simpleQuery('UPDATE `pengiriman` SET `id_anggota` = NULL, `id_buku` = NULL, `alamat` = \'bandung\', `biaya` = \'3\', `status` = \'sampai\', `tanggal` = NULL, `petugas_id` = \'ed\'
WHERE `id_pengiriman` = \'16\'')
 4 SYSTEMPATH\Database\BaseBuilder.php(2521): CodeIgniter\Database\BaseConnection->query('UPDATE `pengiriman` SET `id_anggota` = :id_anggota:, `id_buku` = :id_buku:, `alamat` = :alamat:, `biaya` = :biaya:, `status` = :status:, `tanggal` = :tanggal:, `petugas_id` = :petugas_id:
WHERE `id_pengiriman` = :id_pengiriman:', [...], false)
 5 APPPATH\Controllers\Pengiriman.php(73): CodeIgniter\Database\BaseBuilder->update([...])
 6 SYSTEMPATH\CodeIgniter.php(933): App\Controllers\Pengiriman->update('16')
 7 SYSTEMPATH\CodeIgniter.php(507): CodeIgniter\CodeIgniter->runController(Object(App\Controllers\Pengiriman))
 8 SYSTEMPATH\CodeIgniter.php(354): CodeIgniter\CodeIgniter->handleRequest(null, Object(Config\Cache), false)
 9 SYSTEMPATH\Boot.php(363): CodeIgniter\CodeIgniter->run()
10 SYSTEMPATH\Boot.php(68): CodeIgniter\Boot::runCodeIgniter(Object(CodeIgniter\CodeIgniter))
11 FCPATH\index.php(59): CodeIgniter\Boot::bootWeb(Object(Config\Paths))
ERROR - 2026-04-26 08:12:47 --> mysqli_sql_exception: Unknown column 'id_buku' in 'field list' in C:\xampp\htdocs\perpus\system\Database\MySQLi\Connection.php:327
Stack trace:
#0 C:\xampp\htdocs\perpus\system\Database\MySQLi\Connection.php(327): mysqli->query('UPDATE `pengiri...', 0)
#1 C:\xampp\htdocs\perpus\system\Database\BaseConnection.php(729): CodeIgniter\Database\MySQLi\Connection->execute('UPDATE `pengiri...')
#2 C:\xampp\htdocs\perpus\system\Database\BaseConnection.php(646): CodeIgniter\Database\BaseConnection->simpleQuery('UPDATE `pengiri...')
#3 C:\xampp\htdocs\perpus\system\Database\BaseBuilder.php(2521): CodeIgniter\Database\BaseConnection->query('UPDATE `pengiri...', Array, false)
#4 C:\xampp\htdocs\perpus\app\Controllers\Pengiriman.php(71): CodeIgniter\Database\BaseBuilder->update(Array)
#5 C:\xampp\htdocs\perpus\system\CodeIgniter.php(933): App\Controllers\Pengiriman->update('16')
#6 C:\xampp\htdocs\perpus\system\CodeIgniter.php(507): CodeIgniter\CodeIgniter->runController(Object(App\Controllers\Pengiriman))
#7 C:\xampp\htdocs\perpus\system\CodeIgniter.php(354): CodeIgniter\CodeIgniter->handleRequest(NULL, Object(Config\Cache), false)
#8 C:\xampp\htdocs\perpus\system\Boot.php(363): CodeIgniter\CodeIgniter->run()
#9 C:\xampp\htdocs\perpus\system\Boot.php(68): CodeIgniter\Boot::runCodeIgniter(Object(CodeIgniter\CodeIgniter))
#10 C:\xampp\htdocs\perpus\index.php(59): CodeIgniter\Boot::bootWeb(Object(Config\Paths))
#11 {main}
CRITICAL - 2026-04-26 08:12:47 --> CodeIgniter\Database\Exceptions\DatabaseException: Unknown column 'id_buku' in 'field list'
[Method: POST, Route: pengiriman/update/16]
in SYSTEMPATH\Database\BaseConnection.php on line 684.
 1 SYSTEMPATH\Database\BaseBuilder.php(2521): CodeIgniter\Database\BaseConnection->query('UPDATE `pengiriman` SET `id_anggota` = :id_anggota:, `id_buku` = :id_buku:, `alamat` = :alamat:, `biaya` = :biaya:, `status` = :status:, `tanggal` = :tanggal:, `petugas_id` = :petugas_id:
WHERE `id_pengiriman` = :id_pengiriman:', [...], false)
 2 APPPATH\Controllers\Pengiriman.php(71): CodeIgniter\Database\BaseBuilder->update([...])
 3 SYSTEMPATH\CodeIgniter.php(933): App\Controllers\Pengiriman->update('16')
 4 SYSTEMPATH\CodeIgniter.php(507): CodeIgniter\CodeIgniter->runController(Object(App\Controllers\Pengiriman))
 5 SYSTEMPATH\CodeIgniter.php(354): CodeIgniter\CodeIgniter->handleRequest(null, Object(Config\Cache), false)
 6 SYSTEMPATH\Boot.php(363): CodeIgniter\CodeIgniter->run()
 7 SYSTEMPATH\Boot.php(68): CodeIgniter\Boot::runCodeIgniter(Object(CodeIgniter\CodeIgniter))
 8 FCPATH\index.php(59): CodeIgniter\Boot::bootWeb(Object(Config\Paths))
CRITICAL - 2026-04-26 08:12:47 --> [Caused by] CodeIgniter\Database\Exceptions\DatabaseException: Unknown column 'id_buku' in 'field list'
in SYSTEMPATH\Database\MySQLi\Connection.php on line 332.
 1 SYSTEMPATH\Database\BaseConnection.php(729): CodeIgniter\Database\MySQLi\Connection->execute('UPDATE `pengiriman` SET `id_anggota` = NULL, `id_buku` = NULL, `alamat` = \'bandung\', `biaya` = \'3\', `status` = \'sampai\', `tanggal` = NULL, `petugas_id` = \'ed\'
WHERE `id_pengiriman` = \'16\'')
 2 SYSTEMPATH\Database\BaseConnection.php(646): CodeIgniter\Database\BaseConnection->simpleQuery('UPDATE `pengiriman` SET `id_anggota` = NULL, `id_buku` = NULL, `alamat` = \'bandung\', `biaya` = \'3\', `status` = \'sampai\', `tanggal` = NULL, `petugas_id` = \'ed\'
WHERE `id_pengiriman` = \'16\'')
 3 SYSTEMPATH\Database\BaseBuilder.php(2521): CodeIgniter\Database\BaseConnection->query('UPDATE `pengiriman` SET `id_anggota` = :id_anggota:, `id_buku` = :id_buku:, `alamat` = :alamat:, `biaya` = :biaya:, `status` = :status:, `tanggal` = :tanggal:, `petugas_id` = :petugas_id:
WHERE `id_pengiriman` = :id_pengiriman:', [...], false)
 4 APPPATH\Controllers\Pengiriman.php(71): CodeIgniter\Database\BaseBuilder->update([...])
 5 SYSTEMPATH\CodeIgniter.php(933): App\Controllers\Pengiriman->update('16')
 6 SYSTEMPATH\CodeIgniter.php(507): CodeIgniter\CodeIgniter->runController(Object(App\Controllers\Pengiriman))
 7 SYSTEMPATH\CodeIgniter.php(354): CodeIgniter\CodeIgniter->handleRequest(null, Object(Config\Cache), false)
 8 SYSTEMPATH\Boot.php(363): CodeIgniter\CodeIgniter->run()
 9 SYSTEMPATH\Boot.php(68): CodeIgniter\Boot::runCodeIgniter(Object(CodeIgniter\CodeIgniter))
10 FCPATH\index.php(59): CodeIgniter\Boot::bootWeb(Object(Config\Paths))
CRITICAL - 2026-04-26 08:12:47 --> [Caused by] mysqli_sql_exception: Unknown column 'id_buku' in 'field list'
in SYSTEMPATH\Database\MySQLi\Connection.php on line 327.
 1 SYSTEMPATH\Database\MySQLi\Connection.php(327): mysqli->query('UPDATE `pengiriman` SET `id_anggota` = NULL, `id_buku` = NULL, `alamat` = \'bandung\', `biaya` = \'3\', `status` = \'sampai\', `tanggal` = NULL, `petugas_id` = \'ed\'
WHERE `id_pengiriman` = \'16\'', 0)
 2 SYSTEMPATH\Database\BaseConnection.php(729): CodeIgniter\Database\MySQLi\Connection->execute('UPDATE `pengiriman` SET `id_anggota` = NULL, `id_buku` = NULL, `alamat` = \'bandung\', `biaya` = \'3\', `status` = \'sampai\', `tanggal` = NULL, `petugas_id` = \'ed\'
WHERE `id_pengiriman` = \'16\'')
 3 SYSTEMPATH\Database\BaseConnection.php(646): CodeIgniter\Database\BaseConnection->simpleQuery('UPDATE `pengiriman` SET `id_anggota` = NULL, `id_buku` = NULL, `alamat` = \'bandung\', `biaya` = \'3\', `status` = \'sampai\', `tanggal` = NULL, `petugas_id` = \'ed\'
WHERE `id_pengiriman` = \'16\'')
 4 SYSTEMPATH\Database\BaseBuilder.php(2521): CodeIgniter\Database\BaseConnection->query('UPDATE `pengiriman` SET `id_anggota` = :id_anggota:, `id_buku` = :id_buku:, `alamat` = :alamat:, `biaya` = :biaya:, `status` = :status:, `tanggal` = :tanggal:, `petugas_id` = :petugas_id:
WHERE `id_pengiriman` = :id_pengiriman:', [...], false)
 5 APPPATH\Controllers\Pengiriman.php(71): CodeIgniter\Database\BaseBuilder->update([...])
 6 SYSTEMPATH\CodeIgniter.php(933): App\Controllers\Pengiriman->update('16')
 7 SYSTEMPATH\CodeIgniter.php(507): CodeIgniter\CodeIgniter->runController(Object(App\Controllers\Pengiriman))
 8 SYSTEMPATH\CodeIgniter.php(354): CodeIgniter\CodeIgniter->handleRequest(null, Object(Config\Cache), false)
 9 SYSTEMPATH\Boot.php(363): CodeIgniter\CodeIgniter->run()
10 SYSTEMPATH\Boot.php(68): CodeIgniter\Boot::runCodeIgniter(Object(CodeIgniter\CodeIgniter))
11 FCPATH\index.php(59): CodeIgniter\Boot::bootWeb(Object(Config\Paths))
ERROR - 2026-04-26 08:13:22 --> mysqli_sql_exception: Unknown column 'id_buku' in 'field list' in C:\xampp\htdocs\perpus\system\Database\MySQLi\Connection.php:327
Stack trace:
#0 C:\xampp\htdocs\perpus\system\Database\MySQLi\Connection.php(327): mysqli->query('UPDATE `pengiri...', 0)
#1 C:\xampp\htdocs\perpus\system\Database\BaseConnection.php(729): CodeIgniter\Database\MySQLi\Connection->execute('UPDATE `pengiri...')
#2 C:\xampp\htdocs\perpus\system\Database\BaseConnection.php(646): CodeIgniter\Database\BaseConnection->simpleQuery('UPDATE `pengiri...')
#3 C:\xampp\htdocs\perpus\system\Database\BaseBuilder.php(2521): CodeIgniter\Database\BaseConnection->query('UPDATE `pengiri...', Array, false)
#4 C:\xampp\htdocs\perpus\app\Controllers\Pengiriman.php(71): CodeIgniter\Database\BaseBuilder->update(Array)
#5 C:\xampp\htdocs\perpus\system\CodeIgniter.php(933): App\Controllers\Pengiriman->update('16')
#6 C:\xampp\htdocs\perpus\system\CodeIgniter.php(507): CodeIgniter\CodeIgniter->runController(Object(App\Controllers\Pengiriman))
#7 C:\xampp\htdocs\perpus\system\CodeIgniter.php(354): CodeIgniter\CodeIgniter->handleRequest(NULL, Object(Config\Cache), false)
#8 C:\xampp\htdocs\perpus\system\Boot.php(363): CodeIgniter\CodeIgniter->run()
#9 C:\xampp\htdocs\perpus\system\Boot.php(68): CodeIgniter\Boot::runCodeIgniter(Object(CodeIgniter\CodeIgniter))
#10 C:\xampp\htdocs\perpus\index.php(59): CodeIgniter\Boot::bootWeb(Object(Config\Paths))
#11 {main}
CRITICAL - 2026-04-26 08:13:22 --> CodeIgniter\Database\Exceptions\DatabaseException: Unknown column 'id_buku' in 'field list'
[Method: POST, Route: pengiriman/update/16]
in SYSTEMPATH\Database\BaseConnection.php on line 684.
 1 SYSTEMPATH\Database\BaseBuilder.php(2521): CodeIgniter\Database\BaseConnection->query('UPDATE `pengiriman` SET `id_anggota` = :id_anggota:, `id_buku` = :id_buku:, `alamat` = :alamat:, `biaya` = :biaya:, `status` = :status:, `tanggal` = :tanggal:, `petugas_id` = :petugas_id:
WHERE `id_pengiriman` = :id_pengiriman:', [...], false)
 2 APPPATH\Controllers\Pengiriman.php(71): CodeIgniter\Database\BaseBuilder->update([...])
 3 SYSTEMPATH\CodeIgniter.php(933): App\Controllers\Pengiriman->update('16')
 4 SYSTEMPATH\CodeIgniter.php(507): CodeIgniter\CodeIgniter->runController(Object(App\Controllers\Pengiriman))
 5 SYSTEMPATH\CodeIgniter.php(354): CodeIgniter\CodeIgniter->handleRequest(null, Object(Config\Cache), false)
 6 SYSTEMPATH\Boot.php(363): CodeIgniter\CodeIgniter->run()
 7 SYSTEMPATH\Boot.php(68): CodeIgniter\Boot::runCodeIgniter(Object(CodeIgniter\CodeIgniter))
 8 FCPATH\index.php(59): CodeIgniter\Boot::bootWeb(Object(Config\Paths))
CRITICAL - 2026-04-26 08:13:22 --> [Caused by] CodeIgniter\Database\Exceptions\DatabaseException: Unknown column 'id_buku' in 'field list'
in SYSTEMPATH\Database\MySQLi\Connection.php on line 332.
 1 SYSTEMPATH\Database\BaseConnection.php(729): CodeIgniter\Database\MySQLi\Connection->execute('UPDATE `pengiriman` SET `id_anggota` = NULL, `id_buku` = NULL, `alamat` = \'bandung\', `biaya` = \'3\', `status` = \'sampai\', `tanggal` = NULL, `petugas_id` = \'ed\'
WHERE `id_pengiriman` = \'16\'')
 2 SYSTEMPATH\Database\BaseConnection.php(646): CodeIgniter\Database\BaseConnection->simpleQuery('UPDATE `pengiriman` SET `id_anggota` = NULL, `id_buku` = NULL, `alamat` = \'bandung\', `biaya` = \'3\', `status` = \'sampai\', `tanggal` = NULL, `petugas_id` = \'ed\'
WHERE `id_pengiriman` = \'16\'')
 3 SYSTEMPATH\Database\BaseBuilder.php(2521): CodeIgniter\Database\BaseConnection->query('UPDATE `pengiriman` SET `id_anggota` = :id_anggota:, `id_buku` = :id_buku:, `alamat` = :alamat:, `biaya` = :biaya:, `status` = :status:, `tanggal` = :tanggal:, `petugas_id` = :petugas_id:
WHERE `id_pengiriman` = :id_pengiriman:', [...], false)
 4 APPPATH\Controllers\Pengiriman.php(71): CodeIgniter\Database\BaseBuilder->update([...])
 5 SYSTEMPATH\CodeIgniter.php(933): App\Controllers\Pengiriman->update('16')
 6 SYSTEMPATH\CodeIgniter.php(507): CodeIgniter\CodeIgniter->runController(Object(App\Controllers\Pengiriman))
 7 SYSTEMPATH\CodeIgniter.php(354): CodeIgniter\CodeIgniter->handleRequest(null, Object(Config\Cache), false)
 8 SYSTEMPATH\Boot.php(363): CodeIgniter\CodeIgniter->run()
 9 SYSTEMPATH\Boot.php(68): CodeIgniter\Boot::runCodeIgniter(Object(CodeIgniter\CodeIgniter))
10 FCPATH\index.php(59): CodeIgniter\Boot::bootWeb(Object(Config\Paths))
CRITICAL - 2026-04-26 08:13:22 --> [Caused by] mysqli_sql_exception: Unknown column 'id_buku' in 'field list'
in SYSTEMPATH\Database\MySQLi\Connection.php on line 327.
 1 SYSTEMPATH\Database\MySQLi\Connection.php(327): mysqli->query('UPDATE `pengiriman` SET `id_anggota` = NULL, `id_buku` = NULL, `alamat` = \'bandung\', `biaya` = \'3\', `status` = \'sampai\', `tanggal` = NULL, `petugas_id` = \'ed\'
WHERE `id_pengiriman` = \'16\'', 0)
 2 SYSTEMPATH\Database\BaseConnection.php(729): CodeIgniter\Database\MySQLi\Connection->execute('UPDATE `pengiriman` SET `id_anggota` = NULL, `id_buku` = NULL, `alamat` = \'bandung\', `biaya` = \'3\', `status` = \'sampai\', `tanggal` = NULL, `petugas_id` = \'ed\'
WHERE `id_pengiriman` = \'16\'')
 3 SYSTEMPATH\Database\BaseConnection.php(646): CodeIgniter\Database\BaseConnection->simpleQuery('UPDATE `pengiriman` SET `id_anggota` = NULL, `id_buku` = NULL, `alamat` = \'bandung\', `biaya` = \'3\', `status` = \'sampai\', `tanggal` = NULL, `petugas_id` = \'ed\'
WHERE `id_pengiriman` = \'16\'')
 4 SYSTEMPATH\Database\BaseBuilder.php(2521): CodeIgniter\Database\BaseConnection->query('UPDATE `pengiriman` SET `id_anggota` = :id_anggota:, `id_buku` = :id_buku:, `alamat` = :alamat:, `biaya` = :biaya:, `status` = :status:, `tanggal` = :tanggal:, `petugas_id` = :petugas_id:
WHERE `id_pengiriman` = :id_pengiriman:', [...], false)
 5 APPPATH\Controllers\Pengiriman.php(71): CodeIgniter\Database\BaseBuilder->update([...])
 6 SYSTEMPATH\CodeIgniter.php(933): App\Controllers\Pengiriman->update('16')
 7 SYSTEMPATH\CodeIgniter.php(507): CodeIgniter\CodeIgniter->runController(Object(App\Controllers\Pengiriman))
 8 SYSTEMPATH\CodeIgniter.php(354): CodeIgniter\CodeIgniter->handleRequest(null, Object(Config\Cache), false)
 9 SYSTEMPATH\Boot.php(363): CodeIgniter\CodeIgniter->run()
10 SYSTEMPATH\Boot.php(68): CodeIgniter\Boot::runCodeIgniter(Object(CodeIgniter\CodeIgniter))
11 FCPATH\index.php(59): CodeIgniter\Boot::bootWeb(Object(Config\Paths))
DEBUG - 2026-04-26 08:13:24 --> Session: Class initialized using 'CodeIgniter\Session\Handlers\FileHandler' driver.
ERROR - 2026-04-26 08:13:32 --> mysqli_sql_exception: Unknown column 'id_buku' in 'field list' in C:\xampp\htdocs\perpus\system\Database\MySQLi\Connection.php:327
Stack trace:
#0 C:\xampp\htdocs\perpus\system\Database\MySQLi\Connection.php(327): mysqli->query('UPDATE `pengiri...', 0)
#1 C:\xampp\htdocs\perpus\system\Database\BaseConnection.php(729): CodeIgniter\Database\MySQLi\Connection->execute('UPDATE `pengiri...')
#2 C:\xampp\htdocs\perpus\system\Database\BaseConnection.php(646): CodeIgniter\Database\BaseConnection->simpleQuery('UPDATE `pengiri...')
#3 C:\xampp\htdocs\perpus\system\Database\BaseBuilder.php(2521): CodeIgniter\Database\BaseConnection->query('UPDATE `pengiri...', Array, false)
#4 C:\xampp\htdocs\perpus\app\Controllers\Pengiriman.php(71): CodeIgniter\Database\BaseBuilder->update(Array)
#5 C:\xampp\htdocs\perpus\system\CodeIgniter.php(933): App\Controllers\Pengiriman->update('16')
#6 C:\xampp\htdocs\perpus\system\CodeIgniter.php(507): CodeIgniter\CodeIgniter->runController(Object(App\Controllers\Pengiriman))
#7 C:\xampp\htdocs\perpus\system\CodeIgniter.php(354): CodeIgniter\CodeIgniter->handleRequest(NULL, Object(Config\Cache), false)
#8 C:\xampp\htdocs\perpus\system\Boot.php(363): CodeIgniter\CodeIgniter->run()
#9 C:\xampp\htdocs\perpus\system\Boot.php(68): CodeIgniter\Boot::runCodeIgniter(Object(CodeIgniter\CodeIgniter))
#10 C:\xampp\htdocs\perpus\index.php(59): CodeIgniter\Boot::bootWeb(Object(Config\Paths))
#11 {main}
CRITICAL - 2026-04-26 08:13:32 --> CodeIgniter\Database\Exceptions\DatabaseException: Unknown column 'id_buku' in 'field list'
[Method: POST, Route: pengiriman/update/16]
in SYSTEMPATH\Database\BaseConnection.php on line 684.
 1 SYSTEMPATH\Database\BaseBuilder.php(2521): CodeIgniter\Database\BaseConnection->query('UPDATE `pengiriman` SET `id_anggota` = :id_anggota:, `id_buku` = :id_buku:, `alamat` = :alamat:, `biaya` = :biaya:, `status` = :status:, `tanggal` = :tanggal:, `petugas_id` = :petugas_id:
WHERE `id_pengiriman` = :id_pengiriman:', [...], false)
 2 APPPATH\Controllers\Pengiriman.php(71): CodeIgniter\Database\BaseBuilder->update([...])
 3 SYSTEMPATH\CodeIgniter.php(933): App\Controllers\Pengiriman->update('16')
 4 SYSTEMPATH\CodeIgniter.php(507): CodeIgniter\CodeIgniter->runController(Object(App\Controllers\Pengiriman))
 5 SYSTEMPATH\CodeIgniter.php(354): CodeIgniter\CodeIgniter->handleRequest(null, Object(Config\Cache), false)
 6 SYSTEMPATH\Boot.php(363): CodeIgniter\CodeIgniter->run()
 7 SYSTEMPATH\Boot.php(68): CodeIgniter\Boot::runCodeIgniter(Object(CodeIgniter\CodeIgniter))
 8 FCPATH\index.php(59): CodeIgniter\Boot::bootWeb(Object(Config\Paths))
CRITICAL - 2026-04-26 08:13:32 --> [Caused by] CodeIgniter\Database\Exceptions\DatabaseException: Unknown column 'id_buku' in 'field list'
in SYSTEMPATH\Database\MySQLi\Connection.php on line 332.
 1 SYSTEMPATH\Database\BaseConnection.php(729): CodeIgniter\Database\MySQLi\Connection->execute('UPDATE `pengiriman` SET `id_anggota` = NULL, `id_buku` = NULL, `alamat` = \'bandung\', `biaya` = \'3\', `status` = \'dikirim\', `tanggal` = NULL, `petugas_id` = \'ed\'
WHERE `id_pengiriman` = \'16\'')
 2 SYSTEMPATH\Database\BaseConnection.php(646): CodeIgniter\Database\BaseConnection->simpleQuery('UPDATE `pengiriman` SET `id_anggota` = NULL, `id_buku` = NULL, `alamat` = \'bandung\', `biaya` = \'3\', `status` = \'dikirim\', `tanggal` = NULL, `petugas_id` = \'ed\'
WHERE `id_pengiriman` = \'16\'')
 3 SYSTEMPATH\Database\BaseBuilder.php(2521): CodeIgniter\Database\BaseConnection->query('UPDATE `pengiriman` SET `id_anggota` = :id_anggota:, `id_buku` = :id_buku:, `alamat` = :alamat:, `biaya` = :biaya:, `status` = :status:, `tanggal` = :tanggal:, `petugas_id` = :petugas_id:
WHERE `id_pengiriman` = :id_pengiriman:', [...], false)
 4 APPPATH\Controllers\Pengiriman.php(71): CodeIgniter\Database\BaseBuilder->update([...])
 5 SYSTEMPATH\CodeIgniter.php(933): App\Controllers\Pengiriman->update('16')
 6 SYSTEMPATH\CodeIgniter.php(507): CodeIgniter\CodeIgniter->runController(Object(App\Controllers\Pengiriman))
 7 SYSTEMPATH\CodeIgniter.php(354): CodeIgniter\CodeIgniter->handleRequest(null, Object(Config\Cache), false)
 8 SYSTEMPATH\Boot.php(363): CodeIgniter\CodeIgniter->run()
 9 SYSTEMPATH\Boot.php(68): CodeIgniter\Boot::runCodeIgniter(Object(CodeIgniter\CodeIgniter))
10 FCPATH\index.php(59): CodeIgniter\Boot::bootWeb(Object(Config\Paths))
CRITICAL - 2026-04-26 08:13:32 --> [Caused by] mysqli_sql_exception: Unknown column 'id_buku' in 'field list'
in SYSTEMPATH\Database\MySQLi\Connection.php on line 327.
 1 SYSTEMPATH\Database\MySQLi\Connection.php(327): mysqli->query('UPDATE `pengiriman` SET `id_anggota` = NULL, `id_buku` = NULL, `alamat` = \'bandung\', `biaya` = \'3\', `status` = \'dikirim\', `tanggal` = NULL, `petugas_id` = \'ed\'
WHERE `id_pengiriman` = \'16\'', 0)
 2 SYSTEMPATH\Database\BaseConnection.php(729): CodeIgniter\Database\MySQLi\Connection->execute('UPDATE `pengiriman` SET `id_anggota` = NULL, `id_buku` = NULL, `alamat` = \'bandung\', `biaya` = \'3\', `status` = \'dikirim\', `tanggal` = NULL, `petugas_id` = \'ed\'
WHERE `id_pengiriman` = \'16\'')
 3 SYSTEMPATH\Database\BaseConnection.php(646): CodeIgniter\Database\BaseConnection->simpleQuery('UPDATE `pengiriman` SET `id_anggota` = NULL, `id_buku` = NULL, `alamat` = \'bandung\', `biaya` = \'3\', `status` = \'dikirim\', `tanggal` = NULL, `petugas_id` = \'ed\'
WHERE `id_pengiriman` = \'16\'')
 4 SYSTEMPATH\Database\BaseBuilder.php(2521): CodeIgniter\Database\BaseConnection->query('UPDATE `pengiriman` SET `id_anggota` = :id_anggota:, `id_buku` = :id_buku:, `alamat` = :alamat:, `biaya` = :biaya:, `status` = :status:, `tanggal` = :tanggal:, `petugas_id` = :petugas_id:
WHERE `id_pengiriman` = :id_pengiriman:', [...], false)
 5 APPPATH\Controllers\Pengiriman.php(71): CodeIgniter\Database\BaseBuilder->update([...])
 6 SYSTEMPATH\CodeIgniter.php(933): App\Controllers\Pengiriman->update('16')
 7 SYSTEMPATH\CodeIgniter.php(507): CodeIgniter\CodeIgniter->runController(Object(App\Controllers\Pengiriman))
 8 SYSTEMPATH\CodeIgniter.php(354): CodeIgniter\CodeIgniter->handleRequest(null, Object(Config\Cache), false)
 9 SYSTEMPATH\Boot.php(363): CodeIgniter\CodeIgniter->run()
10 SYSTEMPATH\Boot.php(68): CodeIgniter\Boot::runCodeIgniter(Object(CodeIgniter\CodeIgniter))
11 FCPATH\index.php(59): CodeIgniter\Boot::bootWeb(Object(Config\Paths))
CRITICAL - 2026-04-26 08:14:28 --> ParseError: syntax error, unexpected token "public"
[Method: POST, Route: pengiriman/update/16]
in APPPATH\Controllers\Pengiriman.php on line 40.
 1 SYSTEMPATH\Autoloader\Autoloader.php(295): CodeIgniter\Autoloader\Autoloader->includeFile('C:\\xampp\\htdocs\\perpus\\app\\Controllers\\Pengiriman.php')
 2 SYSTEMPATH\Autoloader\Autoloader.php(271): CodeIgniter\Autoloader\Autoloader->loadInNamespace('App\\Controllers\\Pengiriman')
 3 [internal function]: CodeIgniter\Autoloader\Autoloader->loadClass('App\\Controllers\\Pengiriman')
 4 SYSTEMPATH\CodeIgniter.php(885): class_exists('\\App\\Controllers\\Pengiriman', true)
 5 SYSTEMPATH\CodeIgniter.php(494): CodeIgniter\CodeIgniter->startController()
 6 SYSTEMPATH\CodeIgniter.php(354): CodeIgniter\CodeIgniter->handleRequest(null, Object(Config\Cache), false)
 7 SYSTEMPATH\Boot.php(363): CodeIgniter\CodeIgniter->run()
 8 SYSTEMPATH\Boot.php(68): CodeIgniter\Boot::runCodeIgniter(Object(CodeIgniter\CodeIgniter))
 9 FCPATH\index.php(59): CodeIgniter\Boot::bootWeb(Object(Config\Paths))
ERROR - 2026-04-26 08:14:58 --> mysqli_sql_exception: Unknown column 'tanggal' in 'field list' in C:\xampp\htdocs\perpus\system\Database\MySQLi\Connection.php:327
Stack trace:
#0 C:\xampp\htdocs\perpus\system\Database\MySQLi\Connection.php(327): mysqli->query('UPDATE `pengiri...', 0)
#1 C:\xampp\htdocs\perpus\system\Database\BaseConnection.php(729): CodeIgniter\Database\MySQLi\Connection->execute('UPDATE `pengiri...')
#2 C:\xampp\htdocs\perpus\system\Database\BaseConnection.php(646): CodeIgniter\Database\BaseConnection->simpleQuery('UPDATE `pengiri...')
#3 C:\xampp\htdocs\perpus\system\Database\BaseBuilder.php(2521): CodeIgniter\Database\BaseConnection->query('UPDATE `pengiri...', Array, false)
#4 C:\xampp\htdocs\perpus\app\Controllers\Pengiriman.php(72): CodeIgniter\Database\BaseBuilder->update(Array)
#5 C:\xampp\htdocs\perpus\system\CodeIgniter.php(933): App\Controllers\Pengiriman->update('16')
#6 C:\xampp\htdocs\perpus\system\CodeIgniter.php(507): CodeIgniter\CodeIgniter->runController(Object(App\Controllers\Pengiriman))
#7 C:\xampp\htdocs\perpus\system\CodeIgniter.php(354): CodeIgniter\CodeIgniter->handleRequest(NULL, Object(Config\Cache), false)
#8 C:\xampp\htdocs\perpus\system\Boot.php(363): CodeIgniter\CodeIgniter->run()
#9 C:\xampp\htdocs\perpus\system\Boot.php(68): CodeIgniter\Boot::runCodeIgniter(Object(CodeIgniter\CodeIgniter))
#10 C:\xampp\htdocs\perpus\index.php(59): CodeIgniter\Boot::bootWeb(Object(Config\Paths))
#11 {main}
CRITICAL - 2026-04-26 08:14:58 --> CodeIgniter\Database\Exceptions\DatabaseException: Unknown column 'tanggal' in 'field list'
[Method: POST, Route: pengiriman/update/16]
in SYSTEMPATH\Database\BaseConnection.php on line 684.
 1 SYSTEMPATH\Database\BaseBuilder.php(2521): CodeIgniter\Database\BaseConnection->query('UPDATE `pengiriman` SET `id_anggota` = :id_anggota:, `alamat` = :alamat:, `biaya` = :biaya:, `status` = :status:, `tanggal` = :tanggal:, `petugas_id` = :petugas_id:
WHERE `id_pengiriman` = :id_pengiriman:', [...], false)
 2 APPPATH\Controllers\Pengiriman.php(72): CodeIgniter\Database\BaseBuilder->update([...])
 3 SYSTEMPATH\CodeIgniter.php(933): App\Controllers\Pengiriman->update('16')
 4 SYSTEMPATH\CodeIgniter.php(507): CodeIgniter\CodeIgniter->runController(Object(App\Controllers\Pengiriman))
 5 SYSTEMPATH\CodeIgniter.php(354): CodeIgniter\CodeIgniter->handleRequest(null, Object(Config\Cache), false)
 6 SYSTEMPATH\Boot.php(363): CodeIgniter\CodeIgniter->run()
 7 SYSTEMPATH\Boot.php(68): CodeIgniter\Boot::runCodeIgniter(Object(CodeIgniter\CodeIgniter))
 8 FCPATH\index.php(59): CodeIgniter\Boot::bootWeb(Object(Config\Paths))
CRITICAL - 2026-04-26 08:14:58 --> [Caused by] CodeIgniter\Database\Exceptions\DatabaseException: Unknown column 'tanggal' in 'field list'
in SYSTEMPATH\Database\MySQLi\Connection.php on line 332.
 1 SYSTEMPATH\Database\BaseConnection.php(729): CodeIgniter\Database\MySQLi\Connection->execute('UPDATE `pengiriman` SET `id_anggota` = NULL, `alamat` = \'bandung\', `biaya` = \'3\', `status` = \'dikirim\', `tanggal` = NULL, `petugas_id` = \'ed\'
WHERE `id_pengiriman` = \'16\'')
 2 SYSTEMPATH\Database\BaseConnection.php(646): CodeIgniter\Database\BaseConnection->simpleQuery('UPDATE `pengiriman` SET `id_anggota` = NULL, `alamat` = \'bandung\', `biaya` = \'3\', `status` = \'dikirim\', `tanggal` = NULL, `petugas_id` = \'ed\'
WHERE `id_pengiriman` = \'16\'')
 3 SYSTEMPATH\Database\BaseBuilder.php(2521): CodeIgniter\Database\BaseConnection->query('UPDATE `pengiriman` SET `id_anggota` = :id_anggota:, `alamat` = :alamat:, `biaya` = :biaya:, `status` = :status:, `tanggal` = :tanggal:, `petugas_id` = :petugas_id:
WHERE `id_pengiriman` = :id_pengiriman:', [...], false)
 4 APPPATH\Controllers\Pengiriman.php(72): CodeIgniter\Database\BaseBuilder->update([...])
 5 SYSTEMPATH\CodeIgniter.php(933): App\Controllers\Pengiriman->update('16')
 6 SYSTEMPATH\CodeIgniter.php(507): CodeIgniter\CodeIgniter->runController(Object(App\Controllers\Pengiriman))
 7 SYSTEMPATH\CodeIgniter.php(354): CodeIgniter\CodeIgniter->handleRequest(null, Object(Config\Cache), false)
 8 SYSTEMPATH\Boot.php(363): CodeIgniter\CodeIgniter->run()
 9 SYSTEMPATH\Boot.php(68): CodeIgniter\Boot::runCodeIgniter(Object(CodeIgniter\CodeIgniter))
10 FCPATH\index.php(59): CodeIgniter\Boot::bootWeb(Object(Config\Paths))
CRITICAL - 2026-04-26 08:14:58 --> [Caused by] mysqli_sql_exception: Unknown column 'tanggal' in 'field list'
in SYSTEMPATH\Database\MySQLi\Connection.php on line 327.
 1 SYSTEMPATH\Database\MySQLi\Connection.php(327): mysqli->query('UPDATE `pengiriman` SET `id_anggota` = NULL, `alamat` = \'bandung\', `biaya` = \'3\', `status` = \'dikirim\', `tanggal` = NULL, `petugas_id` = \'ed\'
WHERE `id_pengiriman` = \'16\'', 0)
 2 SYSTEMPATH\Database\BaseConnection.php(729): CodeIgniter\Database\MySQLi\Connection->execute('UPDATE `pengiriman` SET `id_anggota` = NULL, `alamat` = \'bandung\', `biaya` = \'3\', `status` = \'dikirim\', `tanggal` = NULL, `petugas_id` = \'ed\'
WHERE `id_pengiriman` = \'16\'')
 3 SYSTEMPATH\Database\BaseConnection.php(646): CodeIgniter\Database\BaseConnection->simpleQuery('UPDATE `pengiriman` SET `id_anggota` = NULL, `alamat` = \'bandung\', `biaya` = \'3\', `status` = \'dikirim\', `tanggal` = NULL, `petugas_id` = \'ed\'
WHERE `id_pengiriman` = \'16\'')
 4 SYSTEMPATH\Database\BaseBuilder.php(2521): CodeIgniter\Database\BaseConnection->query('UPDATE `pengiriman` SET `id_anggota` = :id_anggota:, `alamat` = :alamat:, `biaya` = :biaya:, `status` = :status:, `tanggal` = :tanggal:, `petugas_id` = :petugas_id:
WHERE `id_pengiriman` = :id_pengiriman:', [...], false)
 5 APPPATH\Controllers\Pengiriman.php(72): CodeIgniter\Database\BaseBuilder->update([...])
 6 SYSTEMPATH\CodeIgniter.php(933): App\Controllers\Pengiriman->update('16')
 7 SYSTEMPATH\CodeIgniter.php(507): CodeIgniter\CodeIgniter->runController(Object(App\Controllers\Pengiriman))
 8 SYSTEMPATH\CodeIgniter.php(354): CodeIgniter\CodeIgniter->handleRequest(null, Object(Config\Cache), false)
 9 SYSTEMPATH\Boot.php(363): CodeIgniter\CodeIgniter->run()
10 SYSTEMPATH\Boot.php(68): CodeIgniter\Boot::runCodeIgniter(Object(CodeIgniter\CodeIgniter))
11 FCPATH\index.php(59): CodeIgniter\Boot::bootWeb(Object(Config\Paths))
ERROR - 2026-04-26 08:15:42 --> mysqli_sql_exception: Unknown column 'petugas_id' in 'field list' in C:\xampp\htdocs\perpus\system\Database\MySQLi\Connection.php:327
Stack trace:
#0 C:\xampp\htdocs\perpus\system\Database\MySQLi\Connection.php(327): mysqli->query('UPDATE `pengiri...', 0)
#1 C:\xampp\htdocs\perpus\system\Database\BaseConnection.php(729): CodeIgniter\Database\MySQLi\Connection->execute('UPDATE `pengiri...')
#2 C:\xampp\htdocs\perpus\system\Database\BaseConnection.php(646): CodeIgniter\Database\BaseConnection->simpleQuery('UPDATE `pengiri...')
#3 C:\xampp\htdocs\perpus\system\Database\BaseBuilder.php(2521): CodeIgniter\Database\BaseConnection->query('UPDATE `pengiri...', Array, false)
#4 C:\xampp\htdocs\perpus\app\Controllers\Pengiriman.php(72): CodeIgniter\Database\BaseBuilder->update(Array)
#5 C:\xampp\htdocs\perpus\system\CodeIgniter.php(933): App\Controllers\Pengiriman->update('16')
#6 C:\xampp\htdocs\perpus\system\CodeIgniter.php(507): CodeIgniter\CodeIgniter->runController(Object(App\Controllers\Pengiriman))
#7 C:\xampp\htdocs\perpus\system\CodeIgniter.php(354): CodeIgniter\CodeIgniter->handleRequest(NULL, Object(Config\Cache), false)
#8 C:\xampp\htdocs\perpus\system\Boot.php(363): CodeIgniter\CodeIgniter->run()
#9 C:\xampp\htdocs\perpus\system\Boot.php(68): CodeIgniter\Boot::runCodeIgniter(Object(CodeIgniter\CodeIgniter))
#10 C:\xampp\htdocs\perpus\index.php(59): CodeIgniter\Boot::bootWeb(Object(Config\Paths))
#11 {main}
CRITICAL - 2026-04-26 08:15:42 --> CodeIgniter\Database\Exceptions\DatabaseException: Unknown column 'petugas_id' in 'field list'
[Method: POST, Route: pengiriman/update/16]
in SYSTEMPATH\Database\BaseConnection.php on line 684.
 1 SYSTEMPATH\Database\BaseBuilder.php(2521): CodeIgniter\Database\BaseConnection->query('UPDATE `pengiriman` SET `id_anggota` = :id_anggota:, `alamat` = :alamat:, `biaya` = :biaya:, `status` = :status:, `tanggal` = :tanggal:, `petugas_id` = :petugas_id:
WHERE `id_pengiriman` = :id_pengiriman:', [...], false)
 2 APPPATH\Controllers\Pengiriman.php(72): CodeIgniter\Database\BaseBuilder->update([...])
 3 SYSTEMPATH\CodeIgniter.php(933): App\Controllers\Pengiriman->update('16')
 4 SYSTEMPATH\CodeIgniter.php(507): CodeIgniter\CodeIgniter->runController(Object(App\Controllers\Pengiriman))
 5 SYSTEMPATH\CodeIgniter.php(354): CodeIgniter\CodeIgniter->handleRequest(null, Object(Config\Cache), false)
 6 SYSTEMPATH\Boot.php(363): CodeIgniter\CodeIgniter->run()
 7 SYSTEMPATH\Boot.php(68): CodeIgniter\Boot::runCodeIgniter(Object(CodeIgniter\CodeIgniter))
 8 FCPATH\index.php(59): CodeIgniter\Boot::bootWeb(Object(Config\Paths))
CRITICAL - 2026-04-26 08:15:42 --> [Caused by] CodeIgniter\Database\Exceptions\DatabaseException: Unknown column 'petugas_id' in 'field list'
in SYSTEMPATH\Database\MySQLi\Connection.php on line 332.
 1 SYSTEMPATH\Database\BaseConnection.php(729): CodeIgniter\Database\MySQLi\Connection->execute('UPDATE `pengiriman` SET `id_anggota` = NULL, `alamat` = \'bandung\', `biaya` = \'3\', `status` = \'dikirim\', `tanggal` = NULL, `petugas_id` = \'ed\'
WHERE `id_pengiriman` = \'16\'')
 2 SYSTEMPATH\Database\BaseConnection.php(646): CodeIgniter\Database\BaseConnection->simpleQuery('UPDATE `pengiriman` SET `id_anggota` = NULL, `alamat` = \'bandung\', `biaya` = \'3\', `status` = \'dikirim\', `tanggal` = NULL, `petugas_id` = \'ed\'
WHERE `id_pengiriman` = \'16\'')
 3 SYSTEMPATH\Database\BaseBuilder.php(2521): CodeIgniter\Database\BaseConnection->query('UPDATE `pengiriman` SET `id_anggota` = :id_anggota:, `alamat` = :alamat:, `biaya` = :biaya:, `status` = :status:, `tanggal` = :tanggal:, `petugas_id` = :petugas_id:
WHERE `id_pengiriman` = :id_pengiriman:', [...], false)
 4 APPPATH\Controllers\Pengiriman.php(72): CodeIgniter\Database\BaseBuilder->update([...])
 5 SYSTEMPATH\CodeIgniter.php(933): App\Controllers\Pengiriman->update('16')
 6 SYSTEMPATH\CodeIgniter.php(507): CodeIgniter\CodeIgniter->runController(Object(App\Controllers\Pengiriman))
 7 SYSTEMPATH\CodeIgniter.php(354): CodeIgniter\CodeIgniter->handleRequest(null, Object(Config\Cache), false)
 8 SYSTEMPATH\Boot.php(363): CodeIgniter\CodeIgniter->run()
 9 SYSTEMPATH\Boot.php(68): CodeIgniter\Boot::runCodeIgniter(Object(CodeIgniter\CodeIgniter))
10 FCPATH\index.php(59): CodeIgniter\Boot::bootWeb(Object(Config\Paths))
CRITICAL - 2026-04-26 08:15:42 --> [Caused by] mysqli_sql_exception: Unknown column 'petugas_id' in 'field list'
in SYSTEMPATH\Database\MySQLi\Connection.php on line 327.
 1 SYSTEMPATH\Database\MySQLi\Connection.php(327): mysqli->query('UPDATE `pengiriman` SET `id_anggota` = NULL, `alamat` = \'bandung\', `biaya` = \'3\', `status` = \'dikirim\', `tanggal` = NULL, `petugas_id` = \'ed\'
WHERE `id_pengiriman` = \'16\'', 0)
 2 SYSTEMPATH\Database\BaseConnection.php(729): CodeIgniter\Database\MySQLi\Connection->execute('UPDATE `pengiriman` SET `id_anggota` = NULL, `alamat` = \'bandung\', `biaya` = \'3\', `status` = \'dikirim\', `tanggal` = NULL, `petugas_id` = \'ed\'
WHERE `id_pengiriman` = \'16\'')
 3 SYSTEMPATH\Database\BaseConnection.php(646): CodeIgniter\Database\BaseConnection->simpleQuery('UPDATE `pengiriman` SET `id_anggota` = NULL, `alamat` = \'bandung\', `biaya` = \'3\', `status` = \'dikirim\', `tanggal` = NULL, `petugas_id` = \'ed\'
WHERE `id_pengiriman` = \'16\'')
 4 SYSTEMPATH\Database\BaseBuilder.php(2521): CodeIgniter\Database\BaseConnection->query('UPDATE `pengiriman` SET `id_anggota` = :id_anggota:, `alamat` = :alamat:, `biaya` = :biaya:, `status` = :status:, `tanggal` = :tanggal:, `petugas_id` = :petugas_id:
WHERE `id_pengiriman` = :id_pengiriman:', [...], false)
 5 APPPATH\Controllers\Pengiriman.php(72): CodeIgniter\Database\BaseBuilder->update([...])
 6 SYSTEMPATH\CodeIgniter.php(933): App\Controllers\Pengiriman->update('16')
 7 SYSTEMPATH\CodeIgniter.php(507): CodeIgniter\CodeIgniter->runController(Object(App\Controllers\Pengiriman))
 8 SYSTEMPATH\CodeIgniter.php(354): CodeIgniter\CodeIgniter->handleRequest(null, Object(Config\Cache), false)
 9 SYSTEMPATH\Boot.php(363): CodeIgniter\CodeIgniter->run()
10 SYSTEMPATH\Boot.php(68): CodeIgniter\Boot::runCodeIgniter(Object(CodeIgniter\CodeIgniter))
11 FCPATH\index.php(59): CodeIgniter\Boot::bootWeb(Object(Config\Paths))
ERROR - 2026-04-26 08:16:16 --> mysqli_sql_exception: Unknown column 'petugas_id' in 'field list' in C:\xampp\htdocs\perpus\system\Database\MySQLi\Connection.php:327
Stack trace:
#0 C:\xampp\htdocs\perpus\system\Database\MySQLi\Connection.php(327): mysqli->query('UPDATE `pengiri...', 0)
#1 C:\xampp\htdocs\perpus\system\Database\BaseConnection.php(729): CodeIgniter\Database\MySQLi\Connection->execute('UPDATE `pengiri...')
#2 C:\xampp\htdocs\perpus\system\Database\BaseConnection.php(646): CodeIgniter\Database\BaseConnection->simpleQuery('UPDATE `pengiri...')
#3 C:\xampp\htdocs\perpus\system\Database\BaseBuilder.php(2521): CodeIgniter\Database\BaseConnection->query('UPDATE `pengiri...', Array, false)
#4 C:\xampp\htdocs\perpus\app\Controllers\Pengiriman.php(69): CodeIgniter\Database\BaseBuilder->update(Array)
#5 C:\xampp\htdocs\perpus\system\CodeIgniter.php(933): App\Controllers\Pengiriman->update('16')
#6 C:\xampp\htdocs\perpus\system\CodeIgniter.php(507): CodeIgniter\CodeIgniter->runController(Object(App\Controllers\Pengiriman))
#7 C:\xampp\htdocs\perpus\system\CodeIgniter.php(354): CodeIgniter\CodeIgniter->handleRequest(NULL, Object(Config\Cache), false)
#8 C:\xampp\htdocs\perpus\system\Boot.php(363): CodeIgniter\CodeIgniter->run()
#9 C:\xampp\htdocs\perpus\system\Boot.php(68): CodeIgniter\Boot::runCodeIgniter(Object(CodeIgniter\CodeIgniter))
#10 C:\xampp\htdocs\perpus\index.php(59): CodeIgniter\Boot::bootWeb(Object(Config\Paths))
#11 {main}
CRITICAL - 2026-04-26 08:16:16 --> CodeIgniter\Database\Exceptions\DatabaseException: Unknown column 'petugas_id' in 'field list'
[Method: POST, Route: pengiriman/update/16]
in SYSTEMPATH\Database\BaseConnection.php on line 684.
 1 SYSTEMPATH\Database\BaseBuilder.php(2521): CodeIgniter\Database\BaseConnection->query('UPDATE `pengiriman` SET `id_anggota` = :id_anggota:, `alamat` = :alamat:, `biaya` = :biaya:, `status` = :status:, `tanggal` = :tanggal:, `petugas_id` = :petugas_id:
WHERE `id_pengiriman` = :id_pengiriman:', [...], false)
 2 APPPATH\Controllers\Pengiriman.php(69): CodeIgniter\Database\BaseBuilder->update([...])
 3 SYSTEMPATH\CodeIgniter.php(933): App\Controllers\Pengiriman->update('16')
 4 SYSTEMPATH\CodeIgniter.php(507): CodeIgniter\CodeIgniter->runController(Object(App\Controllers\Pengiriman))
 5 SYSTEMPATH\CodeIgniter.php(354): CodeIgniter\CodeIgniter->handleRequest(null, Object(Config\Cache), false)
 6 SYSTEMPATH\Boot.php(363): CodeIgniter\CodeIgniter->run()
 7 SYSTEMPATH\Boot.php(68): CodeIgniter\Boot::runCodeIgniter(Object(CodeIgniter\CodeIgniter))
 8 FCPATH\index.php(59): CodeIgniter\Boot::bootWeb(Object(Config\Paths))
CRITICAL - 2026-04-26 08:16:16 --> [Caused by] CodeIgniter\Database\Exceptions\DatabaseException: Unknown column 'petugas_id' in 'field list'
in SYSTEMPATH\Database\MySQLi\Connection.php on line 332.
 1 SYSTEMPATH\Database\BaseConnection.php(729): CodeIgniter\Database\MySQLi\Connection->execute('UPDATE `pengiriman` SET `id_anggota` = NULL, `alamat` = \'bandung\', `biaya` = \'3\', `status` = \'dikirim\', `tanggal` = NULL, `petugas_id` = \'ed\'
WHERE `id_pengiriman` = \'16\'')
 2 SYSTEMPATH\Database\BaseConnection.php(646): CodeIgniter\Database\BaseConnection->simpleQuery('UPDATE `pengiriman` SET `id_anggota` = NULL, `alamat` = \'bandung\', `biaya` = \'3\', `status` = \'dikirim\', `tanggal` = NULL, `petugas_id` = \'ed\'
WHERE `id_pengiriman` = \'16\'')
 3 SYSTEMPATH\Database\BaseBuilder.php(2521): CodeIgniter\Database\BaseConnection->query('UPDATE `pengiriman` SET `id_anggota` = :id_anggota:, `alamat` = :alamat:, `biaya` = :biaya:, `status` = :status:, `tanggal` = :tanggal:, `petugas_id` = :petugas_id:
WHERE `id_pengiriman` = :id_pengiriman:', [...], false)
 4 APPPATH\Controllers\Pengiriman.php(69): CodeIgniter\Database\BaseBuilder->update([...])
 5 SYSTEMPATH\CodeIgniter.php(933): App\Controllers\Pengiriman->update('16')
 6 SYSTEMPATH\CodeIgniter.php(507): CodeIgniter\CodeIgniter->runController(Object(App\Controllers\Pengiriman))
 7 SYSTEMPATH\CodeIgniter.php(354): CodeIgniter\CodeIgniter->handleRequest(null, Object(Config\Cache), false)
 8 SYSTEMPATH\Boot.php(363): CodeIgniter\CodeIgniter->run()
 9 SYSTEMPATH\Boot.php(68): CodeIgniter\Boot::runCodeIgniter(Object(CodeIgniter\CodeIgniter))
10 FCPATH\index.php(59): CodeIgniter\Boot::bootWeb(Object(Config\Paths))
CRITICAL - 2026-04-26 08:16:16 --> [Caused by] mysqli_sql_exception: Unknown column 'petugas_id' in 'field list'
in SYSTEMPATH\Database\MySQLi\Connection.php on line 327.
 1 SYSTEMPATH\Database\MySQLi\Connection.php(327): mysqli->query('UPDATE `pengiriman` SET `id_anggota` = NULL, `alamat` = \'bandung\', `biaya` = \'3\', `status` = \'dikirim\', `tanggal` = NULL, `petugas_id` = \'ed\'
WHERE `id_pengiriman` = \'16\'', 0)
 2 SYSTEMPATH\Database\BaseConnection.php(729): CodeIgniter\Database\MySQLi\Connection->execute('UPDATE `pengiriman` SET `id_anggota` = NULL, `alamat` = \'bandung\', `biaya` = \'3\', `status` = \'dikirim\', `tanggal` = NULL, `petugas_id` = \'ed\'
WHERE `id_pengiriman` = \'16\'')
 3 SYSTEMPATH\Database\BaseConnection.php(646): CodeIgniter\Database\BaseConnection->simpleQuery('UPDATE `pengiriman` SET `id_anggota` = NULL, `alamat` = \'bandung\', `biaya` = \'3\', `status` = \'dikirim\', `tanggal` = NULL, `petugas_id` = \'ed\'
WHERE `id_pengiriman` = \'16\'')
 4 SYSTEMPATH\Database\BaseBuilder.php(2521): CodeIgniter\Database\BaseConnection->query('UPDATE `pengiriman` SET `id_anggota` = :id_anggota:, `alamat` = :alamat:, `biaya` = :biaya:, `status` = :status:, `tanggal` = :tanggal:, `petugas_id` = :petugas_id:
WHERE `id_pengiriman` = :id_pengiriman:', [...], false)
 5 APPPATH\Controllers\Pengiriman.php(69): CodeIgniter\Database\BaseBuilder->update([...])
 6 SYSTEMPATH\CodeIgniter.php(933): App\Controllers\Pengiriman->update('16')
 7 SYSTEMPATH\CodeIgniter.php(507): CodeIgniter\CodeIgniter->runController(Object(App\Controllers\Pengiriman))
 8 SYSTEMPATH\CodeIgniter.php(354): CodeIgniter\CodeIgniter->handleRequest(null, Object(Config\Cache), false)
 9 SYSTEMPATH\Boot.php(363): CodeIgniter\CodeIgniter->run()
10 SYSTEMPATH\Boot.php(68): CodeIgniter\Boot::runCodeIgniter(Object(CodeIgniter\CodeIgniter))
11 FCPATH\index.php(59): CodeIgniter\Boot::bootWeb(Object(Config\Paths))
DEBUG - 2026-04-26 08:16:31 --> Session: Class initialized using 'CodeIgniter\Session\Handlers\FileHandler' driver.
DEBUG - 2026-04-26 08:16:33 --> Session: Class initialized using 'CodeIgniter\Session\Handlers\FileHandler' driver.
DEBUG - 2026-04-26 08:16:39 --> Session: Class initialized using 'CodeIgniter\Session\Handlers\FileHandler' driver.
DEBUG - 2026-04-26 08:16:44 --> Session: Class initialized using 'CodeIgniter\Session\Handlers\FileHandler' driver.
DEBUG - 2026-04-26 08:16:44 --> Session: Class initialized using 'CodeIgniter\Session\Handlers\FileHandler' driver.
DEBUG - 2026-04-26 08:16:47 --> Session: Class initialized using 'CodeIgniter\Session\Handlers\FileHandler' driver.
DEBUG - 2026-04-26 08:16:51 --> Session: Class initialized using 'CodeIgniter\Session\Handlers\FileHandler' driver.
DEBUG - 2026-04-26 08:16:51 --> Session: Class initialized using 'CodeIgniter\Session\Handlers\FileHandler' driver.
DEBUG - 2026-04-26 08:16:55 --> Session: Class initialized using 'CodeIgniter\Session\Handlers\FileHandler' driver.
DEBUG - 2026-04-26 08:16:58 --> Session: Class initialized using 'CodeIgniter\Session\Handlers\FileHandler' driver.
DEBUG - 2026-04-26 08:16:59 --> Session: Class initialized using 'CodeIgniter\Session\Handlers\FileHandler' driver.
DEBUG - 2026-04-26 08:17:04 --> Session: Class initialized using 'CodeIgniter\Session\Handlers\FileHandler' driver.
DEBUG - 2026-04-26 08:17:13 --> Session: Class initialized using 'CodeIgniter\Session\Handlers\FileHandler' driver.
DEBUG - 2026-04-26 08:17:22 --> Session: Class initialized using 'CodeIgniter\Session\Handlers\FileHandler' driver.
DEBUG - 2026-04-26 08:17:22 --> Session: Class initialized using 'CodeIgniter\Session\Handlers\FileHandler' driver.
DEBUG - 2026-04-26 08:17:28 --> Session: Class initialized using 'CodeIgniter\Session\Handlers\FileHandler' driver.
DEBUG - 2026-04-26 08:17:42 --> Session: Class initialized using 'CodeIgniter\Session\Handlers\FileHandler' driver.
DEBUG - 2026-04-26 08:17:44 --> Session: Class initialized using 'CodeIgniter\Session\Handlers\FileHandler' driver.
DEBUG - 2026-04-26 08:17:46 --> Session: Class initialized using 'CodeIgniter\Session\Handlers\FileHandler' driver.
DEBUG - 2026-04-26 08:17:50 --> Session: Class initialized using 'CodeIgniter\Session\Handlers\FileHandler' driver.
DEBUG - 2026-04-26 08:17:51 --> Session: Class initialized using 'CodeIgniter\Session\Handlers\FileHandler' driver.
DEBUG - 2026-04-26 08:17:53 --> Session: Class initialized using 'CodeIgniter\Session\Handlers\FileHandler' driver.
DEBUG - 2026-04-26 08:17:54 --> Session: Class initialized using 'CodeIgniter\Session\Handlers\FileHandler' driver.
DEBUG - 2026-04-26 08:17:56 --> Session: Class initialized using 'CodeIgniter\Session\Handlers\FileHandler' driver.
DEBUG - 2026-04-26 08:17:58 --> Session: Class initialized using 'CodeIgniter\Session\Handlers\FileHandler' driver.
DEBUG - 2026-04-26 08:18:00 --> Session: Class initialized using 'CodeIgniter\Session\Handlers\FileHandler' driver.
DEBUG - 2026-04-26 08:18:01 --> Session: Class initialized using 'CodeIgniter\Session\Handlers\FileHandler' driver.
DEBUG - 2026-04-26 08:18:02 --> Session: Class initialized using 'CodeIgniter\Session\Handlers\FileHandler' driver.
DEBUG - 2026-04-26 08:18:05 --> Session: Class initialized using 'CodeIgniter\Session\Handlers\FileHandler' driver.
DEBUG - 2026-04-26 08:18:05 --> Session: Class initialized using 'CodeIgniter\Session\Handlers\FileHandler' driver.
DEBUG - 2026-04-26 08:18:07 --> Session: Class initialized using 'CodeIgniter\Session\Handlers\FileHandler' driver.
DEBUG - 2026-04-26 08:18:12 --> Session: Class initialized using 'CodeIgniter\Session\Handlers\FileHandler' driver.
ERROR - 2026-04-26 08:18:19 --> mysqli_sql_exception: Unknown column 'petugas_id' in 'field list' in C:\xampp\htdocs\perpus\system\Database\MySQLi\Connection.php:327
Stack trace:
#0 C:\xampp\htdocs\perpus\system\Database\MySQLi\Connection.php(327): mysqli->query('UPDATE `pengiri...', 0)
#1 C:\xampp\htdocs\perpus\system\Database\BaseConnection.php(729): CodeIgniter\Database\MySQLi\Connection->execute('UPDATE `pengiri...')
#2 C:\xampp\htdocs\perpus\system\Database\BaseConnection.php(646): CodeIgniter\Database\BaseConnection->simpleQuery('UPDATE `pengiri...')
#3 C:\xampp\htdocs\perpus\system\Database\BaseBuilder.php(2521): CodeIgniter\Database\BaseConnection->query('UPDATE `pengiri...', Array, false)
#4 C:\xampp\htdocs\perpus\app\Controllers\Pengiriman.php(69): CodeIgniter\Database\BaseBuilder->update(Array)
#5 C:\xampp\htdocs\perpus\system\CodeIgniter.php(933): App\Controllers\Pengiriman->update('7')
#6 C:\xampp\htdocs\perpus\system\CodeIgniter.php(507): CodeIgniter\CodeIgniter->runController(Object(App\Controllers\Pengiriman))
#7 C:\xampp\htdocs\perpus\system\CodeIgniter.php(354): CodeIgniter\CodeIgniter->handleRequest(NULL, Object(Config\Cache), false)
#8 C:\xampp\htdocs\perpus\system\Boot.php(363): CodeIgniter\CodeIgniter->run()
#9 C:\xampp\htdocs\perpus\system\Boot.php(68): CodeIgniter\Boot::runCodeIgniter(Object(CodeIgniter\CodeIgniter))
#10 C:\xampp\htdocs\perpus\index.php(59): CodeIgniter\Boot::bootWeb(Object(Config\Paths))
#11 {main}
CRITICAL - 2026-04-26 08:18:19 --> CodeIgniter\Database\Exceptions\DatabaseException: Unknown column 'petugas_id' in 'field list'
[Method: POST, Route: pengiriman/update/7]
in SYSTEMPATH\Database\BaseConnection.php on line 684.
 1 SYSTEMPATH\Database\BaseBuilder.php(2521): CodeIgniter\Database\BaseConnection->query('UPDATE `pengiriman` SET `id_anggota` = :id_anggota:, `alamat` = :alamat:, `biaya` = :biaya:, `status` = :status:, `tanggal` = :tanggal:, `petugas_id` = :petugas_id:
WHERE `id_pengiriman` = :id_pengiriman:', [...], false)
 2 APPPATH\Controllers\Pengiriman.php(69): CodeIgniter\Database\BaseBuilder->update([...])
 3 SYSTEMPATH\CodeIgniter.php(933): App\Controllers\Pengiriman->update('7')
 4 SYSTEMPATH\CodeIgniter.php(507): CodeIgniter\CodeIgniter->runController(Object(App\Controllers\Pengiriman))
 5 SYSTEMPATH\CodeIgniter.php(354): CodeIgniter\CodeIgniter->handleRequest(null, Object(Config\Cache), false)
 6 SYSTEMPATH\Boot.php(363): CodeIgniter\CodeIgniter->run()
 7 SYSTEMPATH\Boot.php(68): CodeIgniter\Boot::runCodeIgniter(Object(CodeIgniter\CodeIgniter))
 8 FCPATH\index.php(59): CodeIgniter\Boot::bootWeb(Object(Config\Paths))
CRITICAL - 2026-04-26 08:18:19 --> [Caused by] CodeIgniter\Database\Exceptions\DatabaseException: Unknown column 'petugas_id' in 'field list'
in SYSTEMPATH\Database\MySQLi\Connection.php on line 332.
 1 SYSTEMPATH\Database\BaseConnection.php(729): CodeIgniter\Database\MySQLi\Connection->execute('UPDATE `pengiriman` SET `id_anggota` = NULL, `alamat` = \'bandung\', `biaya` = \'23000\', `status` = \'sampai\', `tanggal` = NULL, `petugas_id` = \'ed\'
WHERE `id_pengiriman` = \'7\'')
 2 SYSTEMPATH\Database\BaseConnection.php(646): CodeIgniter\Database\BaseConnection->simpleQuery('UPDATE `pengiriman` SET `id_anggota` = NULL, `alamat` = \'bandung\', `biaya` = \'23000\', `status` = \'sampai\', `tanggal` = NULL, `petugas_id` = \'ed\'
WHERE `id_pengiriman` = \'7\'')
 3 SYSTEMPATH\Database\BaseBuilder.php(2521): CodeIgniter\Database\BaseConnection->query('UPDATE `pengiriman` SET `id_anggota` = :id_anggota:, `alamat` = :alamat:, `biaya` = :biaya:, `status` = :status:, `tanggal` = :tanggal:, `petugas_id` = :petugas_id:
WHERE `id_pengiriman` = :id_pengiriman:', [...], false)
 4 APPPATH\Controllers\Pengiriman.php(69): CodeIgniter\Database\BaseBuilder->update([...])
 5 SYSTEMPATH\CodeIgniter.php(933): App\Controllers\Pengiriman->update('7')
 6 SYSTEMPATH\CodeIgniter.php(507): CodeIgniter\CodeIgniter->runController(Object(App\Controllers\Pengiriman))
 7 SYSTEMPATH\CodeIgniter.php(354): CodeIgniter\CodeIgniter->handleRequest(null, Object(Config\Cache), false)
 8 SYSTEMPATH\Boot.php(363): CodeIgniter\CodeIgniter->run()
 9 SYSTEMPATH\Boot.php(68): CodeIgniter\Boot::runCodeIgniter(Object(CodeIgniter\CodeIgniter))
10 FCPATH\index.php(59): CodeIgniter\Boot::bootWeb(Object(Config\Paths))
CRITICAL - 2026-04-26 08:18:19 --> [Caused by] mysqli_sql_exception: Unknown column 'petugas_id' in 'field list'
in SYSTEMPATH\Database\MySQLi\Connection.php on line 327.
 1 SYSTEMPATH\Database\MySQLi\Connection.php(327): mysqli->query('UPDATE `pengiriman` SET `id_anggota` = NULL, `alamat` = \'bandung\', `biaya` = \'23000\', `status` = \'sampai\', `tanggal` = NULL, `petugas_id` = \'ed\'
WHERE `id_pengiriman` = \'7\'', 0)
 2 SYSTEMPATH\Database\BaseConnection.php(729): CodeIgniter\Database\MySQLi\Connection->execute('UPDATE `pengiriman` SET `id_anggota` = NULL, `alamat` = \'bandung\', `biaya` = \'23000\', `status` = \'sampai\', `tanggal` = NULL, `petugas_id` = \'ed\'
WHERE `id_pengiriman` = \'7\'')
 3 SYSTEMPATH\Database\BaseConnection.php(646): CodeIgniter\Database\BaseConnection->simpleQuery('UPDATE `pengiriman` SET `id_anggota` = NULL, `alamat` = \'bandung\', `biaya` = \'23000\', `status` = \'sampai\', `tanggal` = NULL, `petugas_id` = \'ed\'
WHERE `id_pengiriman` = \'7\'')
 4 SYSTEMPATH\Database\BaseBuilder.php(2521): CodeIgniter\Database\BaseConnection->query('UPDATE `pengiriman` SET `id_anggota` = :id_anggota:, `alamat` = :alamat:, `biaya` = :biaya:, `status` = :status:, `tanggal` = :tanggal:, `petugas_id` = :petugas_id:
WHERE `id_pengiriman` = :id_pengiriman:', [...], false)
 5 APPPATH\Controllers\Pengiriman.php(69): CodeIgniter\Database\BaseBuilder->update([...])
 6 SYSTEMPATH\CodeIgniter.php(933): App\Controllers\Pengiriman->update('7')
 7 SYSTEMPATH\CodeIgniter.php(507): CodeIgniter\CodeIgniter->runController(Object(App\Controllers\Pengiriman))
 8 SYSTEMPATH\CodeIgniter.php(354): CodeIgniter\CodeIgniter->handleRequest(null, Object(Config\Cache), false)
 9 SYSTEMPATH\Boot.php(363): CodeIgniter\CodeIgniter->run()
10 SYSTEMPATH\Boot.php(68): CodeIgniter\Boot::runCodeIgniter(Object(CodeIgniter\CodeIgniter))
11 FCPATH\index.php(59): CodeIgniter\Boot::bootWeb(Object(Config\Paths))
ERROR - 2026-04-26 08:19:07 --> mysqli_sql_exception: Unknown column 'petugas_id' in 'field list' in C:\xampp\htdocs\perpus\system\Database\MySQLi\Connection.php:327
Stack trace:
#0 C:\xampp\htdocs\perpus\system\Database\MySQLi\Connection.php(327): mysqli->query('UPDATE `pengiri...', 0)
#1 C:\xampp\htdocs\perpus\system\Database\BaseConnection.php(729): CodeIgniter\Database\MySQLi\Connection->execute('UPDATE `pengiri...')
#2 C:\xampp\htdocs\perpus\system\Database\BaseConnection.php(646): CodeIgniter\Database\BaseConnection->simpleQuery('UPDATE `pengiri...')
#3 C:\xampp\htdocs\perpus\system\Database\BaseBuilder.php(2521): CodeIgniter\Database\BaseConnection->query('UPDATE `pengiri...', Array, false)
#4 C:\xampp\htdocs\perpus\app\Controllers\Pengiriman.php(69): CodeIgniter\Database\BaseBuilder->update(Array)
#5 C:\xampp\htdocs\perpus\system\CodeIgniter.php(933): App\Controllers\Pengiriman->update('7')
#6 C:\xampp\htdocs\perpus\system\CodeIgniter.php(507): CodeIgniter\CodeIgniter->runController(Object(App\Controllers\Pengiriman))
#7 C:\xampp\htdocs\perpus\system\CodeIgniter.php(354): CodeIgniter\CodeIgniter->handleRequest(NULL, Object(Config\Cache), false)
#8 C:\xampp\htdocs\perpus\system\Boot.php(363): CodeIgniter\CodeIgniter->run()
#9 C:\xampp\htdocs\perpus\system\Boot.php(68): CodeIgniter\Boot::runCodeIgniter(Object(CodeIgniter\CodeIgniter))
#10 C:\xampp\htdocs\perpus\index.php(59): CodeIgniter\Boot::bootWeb(Object(Config\Paths))
#11 {main}
CRITICAL - 2026-04-26 08:19:07 --> CodeIgniter\Database\Exceptions\DatabaseException: Unknown column 'petugas_id' in 'field list'
[Method: POST, Route: pengiriman/update/7]
in SYSTEMPATH\Database\BaseConnection.php on line 684.
 1 SYSTEMPATH\Database\BaseBuilder.php(2521): CodeIgniter\Database\BaseConnection->query('UPDATE `pengiriman` SET `id_anggota` = :id_anggota:, `alamat` = :alamat:, `biaya` = :biaya:, `status` = :status:, `tanggal` = :tanggal:, `petugas_id` = :petugas_id:
WHERE `id_pengiriman` = :id_pengiriman:', [...], false)
 2 APPPATH\Controllers\Pengiriman.php(69): CodeIgniter\Database\BaseBuilder->update([...])
 3 SYSTEMPATH\CodeIgniter.php(933): App\Controllers\Pengiriman->update('7')
 4 SYSTEMPATH\CodeIgniter.php(507): CodeIgniter\CodeIgniter->runController(Object(App\Controllers\Pengiriman))
 5 SYSTEMPATH\CodeIgniter.php(354): CodeIgniter\CodeIgniter->handleRequest(null, Object(Config\Cache), false)
 6 SYSTEMPATH\Boot.php(363): CodeIgniter\CodeIgniter->run()
 7 SYSTEMPATH\Boot.php(68): CodeIgniter\Boot::runCodeIgniter(Object(CodeIgniter\CodeIgniter))
 8 FCPATH\index.php(59): CodeIgniter\Boot::bootWeb(Object(Config\Paths))
CRITICAL - 2026-04-26 08:19:07 --> [Caused by] CodeIgniter\Database\Exceptions\DatabaseException: Unknown column 'petugas_id' in 'field list'
in SYSTEMPATH\Database\MySQLi\Connection.php on line 332.
 1 SYSTEMPATH\Database\BaseConnection.php(729): CodeIgniter\Database\MySQLi\Connection->execute('UPDATE `pengiriman` SET `id_anggota` = NULL, `alamat` = \'bandung\', `biaya` = \'23000\', `status` = \'sampai\', `tanggal` = NULL, `petugas_id` = \'ed\'
WHERE `id_pengiriman` = \'7\'')
 2 SYSTEMPATH\Database\BaseConnection.php(646): CodeIgniter\Database\BaseConnection->simpleQuery('UPDATE `pengiriman` SET `id_anggota` = NULL, `alamat` = \'bandung\', `biaya` = \'23000\', `status` = \'sampai\', `tanggal` = NULL, `petugas_id` = \'ed\'
WHERE `id_pengiriman` = \'7\'')
 3 SYSTEMPATH\Database\BaseBuilder.php(2521): CodeIgniter\Database\BaseConnection->query('UPDATE `pengiriman` SET `id_anggota` = :id_anggota:, `alamat` = :alamat:, `biaya` = :biaya:, `status` = :status:, `tanggal` = :tanggal:, `petugas_id` = :petugas_id:
WHERE `id_pengiriman` = :id_pengiriman:', [...], false)
 4 APPPATH\Controllers\Pengiriman.php(69): CodeIgniter\Database\BaseBuilder->update([...])
 5 SYSTEMPATH\CodeIgniter.php(933): App\Controllers\Pengiriman->update('7')
 6 SYSTEMPATH\CodeIgniter.php(507): CodeIgniter\CodeIgniter->runController(Object(App\Controllers\Pengiriman))
 7 SYSTEMPATH\CodeIgniter.php(354): CodeIgniter\CodeIgniter->handleRequest(null, Object(Config\Cache), false)
 8 SYSTEMPATH\Boot.php(363): CodeIgniter\CodeIgniter->run()
 9 SYSTEMPATH\Boot.php(68): CodeIgniter\Boot::runCodeIgniter(Object(CodeIgniter\CodeIgniter))
10 FCPATH\index.php(59): CodeIgniter\Boot::bootWeb(Object(Config\Paths))
CRITICAL - 2026-04-26 08:19:07 --> [Caused by] mysqli_sql_exception: Unknown column 'petugas_id' in 'field list'
in SYSTEMPATH\Database\MySQLi\Connection.php on line 327.
 1 SYSTEMPATH\Database\MySQLi\Connection.php(327): mysqli->query('UPDATE `pengiriman` SET `id_anggota` = NULL, `alamat` = \'bandung\', `biaya` = \'23000\', `status` = \'sampai\', `tanggal` = NULL, `petugas_id` = \'ed\'
WHERE `id_pengiriman` = \'7\'', 0)
 2 SYSTEMPATH\Database\BaseConnection.php(729): CodeIgniter\Database\MySQLi\Connection->execute('UPDATE `pengiriman` SET `id_anggota` = NULL, `alamat` = \'bandung\', `biaya` = \'23000\', `status` = \'sampai\', `tanggal` = NULL, `petugas_id` = \'ed\'
WHERE `id_pengiriman` = \'7\'')
 3 SYSTEMPATH\Database\BaseConnection.php(646): CodeIgniter\Database\BaseConnection->simpleQuery('UPDATE `pengiriman` SET `id_anggota` = NULL, `alamat` = \'bandung\', `biaya` = \'23000\', `status` = \'sampai\', `tanggal` = NULL, `petugas_id` = \'ed\'
WHERE `id_pengiriman` = \'7\'')
 4 SYSTEMPATH\Database\BaseBuilder.php(2521): CodeIgniter\Database\BaseConnection->query('UPDATE `pengiriman` SET `id_anggota` = :id_anggota:, `alamat` = :alamat:, `biaya` = :biaya:, `status` = :status:, `tanggal` = :tanggal:, `petugas_id` = :petugas_id:
WHERE `id_pengiriman` = :id_pengiriman:', [...], false)
 5 APPPATH\Controllers\Pengiriman.php(69): CodeIgniter\Database\BaseBuilder->update([...])
 6 SYSTEMPATH\CodeIgniter.php(933): App\Controllers\Pengiriman->update('7')
 7 SYSTEMPATH\CodeIgniter.php(507): CodeIgniter\CodeIgniter->runController(Object(App\Controllers\Pengiriman))
 8 SYSTEMPATH\CodeIgniter.php(354): CodeIgniter\CodeIgniter->handleRequest(null, Object(Config\Cache), false)
 9 SYSTEMPATH\Boot.php(363): CodeIgniter\CodeIgniter->run()
10 SYSTEMPATH\Boot.php(68): CodeIgniter\Boot::runCodeIgniter(Object(CodeIgniter\CodeIgniter))
11 FCPATH\index.php(59): CodeIgniter\Boot::bootWeb(Object(Config\Paths))
DEBUG - 2026-04-26 08:19:29 --> Session: Class initialized using 'CodeIgniter\Session\Handlers\FileHandler' driver.
DEBUG - 2026-04-26 08:19:37 --> Session: Class initialized using 'CodeIgniter\Session\Handlers\FileHandler' driver.
DEBUG - 2026-04-26 08:19:44 --> Session: Class initialized using 'CodeIgniter\Session\Handlers\FileHandler' driver.
ERROR - 2026-04-26 08:21:21 --> mysqli_sql_exception: Unknown column 'pengiriman.anggota_id' in 'on clause' in C:\xampp\htdocs\perpus\system\Database\MySQLi\Connection.php:327
Stack trace:
#0 C:\xampp\htdocs\perpus\system\Database\MySQLi\Connection.php(327): mysqli->query('SELECT `pengiri...', 0)
#1 C:\xampp\htdocs\perpus\system\Database\BaseConnection.php(729): CodeIgniter\Database\MySQLi\Connection->execute('SELECT `pengiri...')
#2 C:\xampp\htdocs\perpus\system\Database\BaseConnection.php(646): CodeIgniter\Database\BaseConnection->simpleQuery('SELECT `pengiri...')
#3 C:\xampp\htdocs\perpus\system\Database\BaseBuilder.php(1649): CodeIgniter\Database\BaseConnection->query('SELECT `pengiri...', Array, false)
#4 C:\xampp\htdocs\perpus\app\Controllers\Pengiriman.php(30): CodeIgniter\Database\BaseBuilder->get()
#5 C:\xampp\htdocs\perpus\system\CodeIgniter.php(933): App\Controllers\Pengiriman->index()
#6 C:\xampp\htdocs\perpus\system\CodeIgniter.php(507): CodeIgniter\CodeIgniter->runController(Object(App\Controllers\Pengiriman))
#7 C:\xampp\htdocs\perpus\system\CodeIgniter.php(354): CodeIgniter\CodeIgniter->handleRequest(NULL, Object(Config\Cache), false)
#8 C:\xampp\htdocs\perpus\system\Boot.php(363): CodeIgniter\CodeIgniter->run()
#9 C:\xampp\htdocs\perpus\system\Boot.php(68): CodeIgniter\Boot::runCodeIgniter(Object(CodeIgniter\CodeIgniter))
#10 C:\xampp\htdocs\perpus\index.php(59): CodeIgniter\Boot::bootWeb(Object(Config\Paths))
#11 {main}
CRITICAL - 2026-04-26 08:21:21 --> CodeIgniter\Database\Exceptions\DatabaseException: Unknown column 'pengiriman.anggota_id' in 'on clause'
[Method: GET, Route: pengiriman]
in SYSTEMPATH\Database\BaseConnection.php on line 684.
 1 SYSTEMPATH\Database\BaseBuilder.php(1649): CodeIgniter\Database\BaseConnection->query('SELECT `pengiriman`.*, `anggota`.`nama_anggota`, `buku`.`judul`
FROM `pengiriman`
LEFT JOIN `anggota` ON `anggota`.`id_anggota` = `pengiriman`.`anggota_id`
LEFT JOIN `buku` ON `buku`.`id_buku` = `pengiriman`.`buku_id`', [], false)
 2 APPPATH\Controllers\Pengiriman.php(30): CodeIgniter\Database\BaseBuilder->get()
 3 SYSTEMPATH\CodeIgniter.php(933): App\Controllers\Pengiriman->index()
 4 SYSTEMPATH\CodeIgniter.php(507): CodeIgniter\CodeIgniter->runController(Object(App\Controllers\Pengiriman))
 5 SYSTEMPATH\CodeIgniter.php(354): CodeIgniter\CodeIgniter->handleRequest(null, Object(Config\Cache), false)
 6 SYSTEMPATH\Boot.php(363): CodeIgniter\CodeIgniter->run()
 7 SYSTEMPATH\Boot.php(68): CodeIgniter\Boot::runCodeIgniter(Object(CodeIgniter\CodeIgniter))
 8 FCPATH\index.php(59): CodeIgniter\Boot::bootWeb(Object(Config\Paths))
CRITICAL - 2026-04-26 08:21:21 --> [Caused by] CodeIgniter\Database\Exceptions\DatabaseException: Unknown column 'pengiriman.anggota_id' in 'on clause'
in SYSTEMPATH\Database\MySQLi\Connection.php on line 332.
 1 SYSTEMPATH\Database\BaseConnection.php(729): CodeIgniter\Database\MySQLi\Connection->execute('SELECT `pengiriman`.*, `anggota`.`nama_anggota`, `buku`.`judul`
FROM `pengiriman`
LEFT JOIN `anggota` ON `anggota`.`id_anggota` = `pengiriman`.`anggota_id`
LEFT JOIN `buku` ON `buku`.`id_buku` = `pengiriman`.`buku_id`')
 2 SYSTEMPATH\Database\BaseConnection.php(646): CodeIgniter\Database\BaseConnection->simpleQuery('SELECT `pengiriman`.*, `anggota`.`nama_anggota`, `buku`.`judul`
FROM `pengiriman`
LEFT JOIN `anggota` ON `anggota`.`id_anggota` = `pengiriman`.`anggota_id`
LEFT JOIN `buku` ON `buku`.`id_buku` = `pengiriman`.`buku_id`')
 3 SYSTEMPATH\Database\BaseBuilder.php(1649): CodeIgniter\Database\BaseConnection->query('SELECT `pengiriman`.*, `anggota`.`nama_anggota`, `buku`.`judul`
FROM `pengiriman`
LEFT JOIN `anggota` ON `anggota`.`id_anggota` = `pengiriman`.`anggota_id`
LEFT JOIN `buku` ON `buku`.`id_buku` = `pengiriman`.`buku_id`', [], false)
 4 APPPATH\Controllers\Pengiriman.php(30): CodeIgniter\Database\BaseBuilder->get()
 5 SYSTEMPATH\CodeIgniter.php(933): App\Controllers\Pengiriman->index()
 6 SYSTEMPATH\CodeIgniter.php(507): CodeIgniter\CodeIgniter->runController(Object(App\Controllers\Pengiriman))
 7 SYSTEMPATH\CodeIgniter.php(354): CodeIgniter\CodeIgniter->handleRequest(null, Object(Config\Cache), false)
 8 SYSTEMPATH\Boot.php(363): CodeIgniter\CodeIgniter->run()
 9 SYSTEMPATH\Boot.php(68): CodeIgniter\Boot::runCodeIgniter(Object(CodeIgniter\CodeIgniter))
10 FCPATH\index.php(59): CodeIgniter\Boot::bootWeb(Object(Config\Paths))
CRITICAL - 2026-04-26 08:21:21 --> [Caused by] mysqli_sql_exception: Unknown column 'pengiriman.anggota_id' in 'on clause'
in SYSTEMPATH\Database\MySQLi\Connection.php on line 327.
 1 SYSTEMPATH\Database\MySQLi\Connection.php(327): mysqli->query('SELECT `pengiriman`.*, `anggota`.`nama_anggota`, `buku`.`judul`
FROM `pengiriman`
LEFT JOIN `anggota` ON `anggota`.`id_anggota` = `pengiriman`.`anggota_id`
LEFT JOIN `buku` ON `buku`.`id_buku` = `pengiriman`.`buku_id`', 0)
 2 SYSTEMPATH\Database\BaseConnection.php(729): CodeIgniter\Database\MySQLi\Connection->execute('SELECT `pengiriman`.*, `anggota`.`nama_anggota`, `buku`.`judul`
FROM `pengiriman`
LEFT JOIN `anggota` ON `anggota`.`id_anggota` = `pengiriman`.`anggota_id`
LEFT JOIN `buku` ON `buku`.`id_buku` = `pengiriman`.`buku_id`')
 3 SYSTEMPATH\Database\BaseConnection.php(646): CodeIgniter\Database\BaseConnection->simpleQuery('SELECT `pengiriman`.*, `anggota`.`nama_anggota`, `buku`.`judul`
FROM `pengiriman`
LEFT JOIN `anggota` ON `anggota`.`id_anggota` = `pengiriman`.`anggota_id`
LEFT JOIN `buku` ON `buku`.`id_buku` = `pengiriman`.`buku_id`')
 4 SYSTEMPATH\Database\BaseBuilder.php(1649): CodeIgniter\Database\BaseConnection->query('SELECT `pengiriman`.*, `anggota`.`nama_anggota`, `buku`.`judul`
FROM `pengiriman`
LEFT JOIN `anggota` ON `anggota`.`id_anggota` = `pengiriman`.`anggota_id`
LEFT JOIN `buku` ON `buku`.`id_buku` = `pengiriman`.`buku_id`', [], false)
 5 APPPATH\Controllers\Pengiriman.php(30): CodeIgniter\Database\BaseBuilder->get()
 6 SYSTEMPATH\CodeIgniter.php(933): App\Controllers\Pengiriman->index()
 7 SYSTEMPATH\CodeIgniter.php(507): CodeIgniter\CodeIgniter->runController(Object(App\Controllers\Pengiriman))
 8 SYSTEMPATH\CodeIgniter.php(354): CodeIgniter\CodeIgniter->handleRequest(null, Object(Config\Cache), false)
 9 SYSTEMPATH\Boot.php(363): CodeIgniter\CodeIgniter->run()
10 SYSTEMPATH\Boot.php(68): CodeIgniter\Boot::runCodeIgniter(Object(CodeIgniter\CodeIgniter))
11 FCPATH\index.php(59): CodeIgniter\Boot::bootWeb(Object(Config\Paths))
DEBUG - 2026-04-26 08:21:34 --> Session: Class initialized using 'CodeIgniter\Session\Handlers\FileHandler' driver.
DEBUG - 2026-04-26 08:24:00 --> Session: Class initialized using 'CodeIgniter\Session\Handlers\FileHandler' driver.
ERROR - 2026-04-26 08:24:28 --> mysqli_sql_exception: Unknown column 'pengiriman.anggota_id' in 'on clause' in C:\xampp\htdocs\perpus\system\Database\MySQLi\Connection.php:327
Stack trace:
#0 C:\xampp\htdocs\perpus\system\Database\MySQLi\Connection.php(327): mysqli->query('SELECT `pengiri...', 0)
#1 C:\xampp\htdocs\perpus\system\Database\BaseConnection.php(729): CodeIgniter\Database\MySQLi\Connection->execute('SELECT `pengiri...')
#2 C:\xampp\htdocs\perpus\system\Database\BaseConnection.php(646): CodeIgniter\Database\BaseConnection->simpleQuery('SELECT `pengiri...')
#3 C:\xampp\htdocs\perpus\system\Database\BaseBuilder.php(1649): CodeIgniter\Database\BaseConnection->query('SELECT `pengiri...', Array, false)
#4 C:\xampp\htdocs\perpus\app\Controllers\Pengiriman.php(30): CodeIgniter\Database\BaseBuilder->get()
#5 C:\xampp\htdocs\perpus\system\CodeIgniter.php(933): App\Controllers\Pengiriman->index()
#6 C:\xampp\htdocs\perpus\system\CodeIgniter.php(507): CodeIgniter\CodeIgniter->runController(Object(App\Controllers\Pengiriman))
#7 C:\xampp\htdocs\perpus\system\CodeIgniter.php(354): CodeIgniter\CodeIgniter->handleRequest(NULL, Object(Config\Cache), false)
#8 C:\xampp\htdocs\perpus\system\Boot.php(363): CodeIgniter\CodeIgniter->run()
#9 C:\xampp\htdocs\perpus\system\Boot.php(68): CodeIgniter\Boot::runCodeIgniter(Object(CodeIgniter\CodeIgniter))
#10 C:\xampp\htdocs\perpus\index.php(59): CodeIgniter\Boot::bootWeb(Object(Config\Paths))
#11 {main}
CRITICAL - 2026-04-26 08:24:28 --> CodeIgniter\Database\Exceptions\DatabaseException: Unknown column 'pengiriman.anggota_id' in 'on clause'
[Method: GET, Route: pengiriman]
in SYSTEMPATH\Database\BaseConnection.php on line 684.
 1 SYSTEMPATH\Database\BaseBuilder.php(1649): CodeIgniter\Database\BaseConnection->query('SELECT `pengiriman`.*, `anggota`.`nama_anggota` AS `nama_anggota`, `buku`.`judul` AS `judul`
FROM `pengiriman`
LEFT JOIN `anggota` ON `anggota`.`id_anggota` = `pengiriman`.`anggota_id`
LEFT JOIN `buku` ON `buku`.`id_buku` = `pengiriman`.`buku_id`', [], false)
 2 APPPATH\Controllers\Pengiriman.php(30): CodeIgniter\Database\BaseBuilder->get()
 3 SYSTEMPATH\CodeIgniter.php(933): App\Controllers\Pengiriman->index()
 4 SYSTEMPATH\CodeIgniter.php(507): CodeIgniter\CodeIgniter->runController(Object(App\Controllers\Pengiriman))
 5 SYSTEMPATH\CodeIgniter.php(354): CodeIgniter\CodeIgniter->handleRequest(null, Object(Config\Cache), false)
 6 SYSTEMPATH\Boot.php(363): CodeIgniter\CodeIgniter->run()
 7 SYSTEMPATH\Boot.php(68): CodeIgniter\Boot::runCodeIgniter(Object(CodeIgniter\CodeIgniter))
 8 FCPATH\index.php(59): CodeIgniter\Boot::bootWeb(Object(Config\Paths))
CRITICAL - 2026-04-26 08:24:28 --> [Caused by] CodeIgniter\Database\Exceptions\DatabaseException: Unknown column 'pengiriman.anggota_id' in 'on clause'
in SYSTEMPATH\Database\MySQLi\Connection.php on line 332.
 1 SYSTEMPATH\Database\BaseConnection.php(729): CodeIgniter\Database\MySQLi\Connection->execute('SELECT `pengiriman`.*, `anggota`.`nama_anggota` AS `nama_anggota`, `buku`.`judul` AS `judul`
FROM `pengiriman`
LEFT JOIN `anggota` ON `anggota`.`id_anggota` = `pengiriman`.`anggota_id`
LEFT JOIN `buku` ON `buku`.`id_buku` = `pengiriman`.`buku_id`')
 2 SYSTEMPATH\Database\BaseConnection.php(646): CodeIgniter\Database\BaseConnection->simpleQuery('SELECT `pengiriman`.*, `anggota`.`nama_anggota` AS `nama_anggota`, `buku`.`judul` AS `judul`
FROM `pengiriman`
LEFT JOIN `anggota` ON `anggota`.`id_anggota` = `pengiriman`.`anggota_id`
LEFT JOIN `buku` ON `buku`.`id_buku` = `pengiriman`.`buku_id`')
 3 SYSTEMPATH\Database\BaseBuilder.php(1649): CodeIgniter\Database\BaseConnection->query('SELECT `pengiriman`.*, `anggota`.`nama_anggota` AS `nama_anggota`, `buku`.`judul` AS `judul`
FROM `pengiriman`
LEFT JOIN `anggota` ON `anggota`.`id_anggota` = `pengiriman`.`anggota_id`
LEFT JOIN `buku` ON `buku`.`id_buku` = `pengiriman`.`buku_id`', [], false)
 4 APPPATH\Controllers\Pengiriman.php(30): CodeIgniter\Database\BaseBuilder->get()
 5 SYSTEMPATH\CodeIgniter.php(933): App\Controllers\Pengiriman->index()
 6 SYSTEMPATH\CodeIgniter.php(507): CodeIgniter\CodeIgniter->runController(Object(App\Controllers\Pengiriman))
 7 SYSTEMPATH\CodeIgniter.php(354): CodeIgniter\CodeIgniter->handleRequest(null, Object(Config\Cache), false)
 8 SYSTEMPATH\Boot.php(363): CodeIgniter\CodeIgniter->run()
 9 SYSTEMPATH\Boot.php(68): CodeIgniter\Boot::runCodeIgniter(Object(CodeIgniter\CodeIgniter))
10 FCPATH\index.php(59): CodeIgniter\Boot::bootWeb(Object(Config\Paths))
CRITICAL - 2026-04-26 08:24:28 --> [Caused by] mysqli_sql_exception: Unknown column 'pengiriman.anggota_id' in 'on clause'
in SYSTEMPATH\Database\MySQLi\Connection.php on line 327.
 1 SYSTEMPATH\Database\MySQLi\Connection.php(327): mysqli->query('SELECT `pengiriman`.*, `anggota`.`nama_anggota` AS `nama_anggota`, `buku`.`judul` AS `judul`
FROM `pengiriman`
LEFT JOIN `anggota` ON `anggota`.`id_anggota` = `pengiriman`.`anggota_id`
LEFT JOIN `buku` ON `buku`.`id_buku` = `pengiriman`.`buku_id`', 0)
 2 SYSTEMPATH\Database\BaseConnection.php(729): CodeIgniter\Database\MySQLi\Connection->execute('SELECT `pengiriman`.*, `anggota`.`nama_anggota` AS `nama_anggota`, `buku`.`judul` AS `judul`
FROM `pengiriman`
LEFT JOIN `anggota` ON `anggota`.`id_anggota` = `pengiriman`.`anggota_id`
LEFT JOIN `buku` ON `buku`.`id_buku` = `pengiriman`.`buku_id`')
 3 SYSTEMPATH\Database\BaseConnection.php(646): CodeIgniter\Database\BaseConnection->simpleQuery('SELECT `pengiriman`.*, `anggota`.`nama_anggota` AS `nama_anggota`, `buku`.`judul` AS `judul`
FROM `pengiriman`
LEFT JOIN `anggota` ON `anggota`.`id_anggota` = `pengiriman`.`anggota_id`
LEFT JOIN `buku` ON `buku`.`id_buku` = `pengiriman`.`buku_id`')
 4 SYSTEMPATH\Database\BaseBuilder.php(1649): CodeIgniter\Database\BaseConnection->query('SELECT `pengiriman`.*, `anggota`.`nama_anggota` AS `nama_anggota`, `buku`.`judul` AS `judul`
FROM `pengiriman`
LEFT JOIN `anggota` ON `anggota`.`id_anggota` = `pengiriman`.`anggota_id`
LEFT JOIN `buku` ON `buku`.`id_buku` = `pengiriman`.`buku_id`', [], false)
 5 APPPATH\Controllers\Pengiriman.php(30): CodeIgniter\Database\BaseBuilder->get()
 6 SYSTEMPATH\CodeIgniter.php(933): App\Controllers\Pengiriman->index()
 7 SYSTEMPATH\CodeIgniter.php(507): CodeIgniter\CodeIgniter->runController(Object(App\Controllers\Pengiriman))
 8 SYSTEMPATH\CodeIgniter.php(354): CodeIgniter\CodeIgniter->handleRequest(null, Object(Config\Cache), false)
 9 SYSTEMPATH\Boot.php(363): CodeIgniter\CodeIgniter->run()
10 SYSTEMPATH\Boot.php(68): CodeIgniter\Boot::runCodeIgniter(Object(CodeIgniter\CodeIgniter))
11 FCPATH\index.php(59): CodeIgniter\Boot::bootWeb(Object(Config\Paths))
ERROR - 2026-04-26 08:24:43 --> mysqli_sql_exception: Unknown column 'pengiriman.anggota_id' in 'on clause' in C:\xampp\htdocs\perpus\system\Database\MySQLi\Connection.php:327
Stack trace:
#0 C:\xampp\htdocs\perpus\system\Database\MySQLi\Connection.php(327): mysqli->query('SELECT `pengiri...', 0)
#1 C:\xampp\htdocs\perpus\system\Database\BaseConnection.php(729): CodeIgniter\Database\MySQLi\Connection->execute('SELECT `pengiri...')
#2 C:\xampp\htdocs\perpus\system\Database\BaseConnection.php(646): CodeIgniter\Database\BaseConnection->simpleQuery('SELECT `pengiri...')
#3 C:\xampp\htdocs\perpus\system\Database\BaseBuilder.php(1649): CodeIgniter\Database\BaseConnection->query('SELECT `pengiri...', Array, false)
#4 C:\xampp\htdocs\perpus\app\Controllers\Pengiriman.php(30): CodeIgniter\Database\BaseBuilder->get()
#5 C:\xampp\htdocs\perpus\system\CodeIgniter.php(933): App\Controllers\Pengiriman->index()
#6 C:\xampp\htdocs\perpus\system\CodeIgniter.php(507): CodeIgniter\CodeIgniter->runController(Object(App\Controllers\Pengiriman))
#7 C:\xampp\htdocs\perpus\system\CodeIgniter.php(354): CodeIgniter\CodeIgniter->handleRequest(NULL, Object(Config\Cache), false)
#8 C:\xampp\htdocs\perpus\system\Boot.php(363): CodeIgniter\CodeIgniter->run()
#9 C:\xampp\htdocs\perpus\system\Boot.php(68): CodeIgniter\Boot::runCodeIgniter(Object(CodeIgniter\CodeIgniter))
#10 C:\xampp\htdocs\perpus\index.php(59): CodeIgniter\Boot::bootWeb(Object(Config\Paths))
#11 {main}
CRITICAL - 2026-04-26 08:24:43 --> CodeIgniter\Database\Exceptions\DatabaseException: Unknown column 'pengiriman.anggota_id' in 'on clause'
[Method: GET, Route: pengiriman]
in SYSTEMPATH\Database\BaseConnection.php on line 684.
 1 SYSTEMPATH\Database\BaseBuilder.php(1649): CodeIgniter\Database\BaseConnection->query('SELECT `pengiriman`.*, `anggota`.`nama_anggota` AS `nama_anggota`, `buku`.`judul` AS `judul`
FROM `pengiriman`
LEFT JOIN `anggota` ON `anggota`.`id_anggota` = `pengiriman`.`anggota_id`
LEFT JOIN `buku` ON `buku`.`id_buku` = `pengiriman`.`buku_id`', [], false)
 2 APPPATH\Controllers\Pengiriman.php(30): CodeIgniter\Database\BaseBuilder->get()
 3 SYSTEMPATH\CodeIgniter.php(933): App\Controllers\Pengiriman->index()
 4 SYSTEMPATH\CodeIgniter.php(507): CodeIgniter\CodeIgniter->runController(Object(App\Controllers\Pengiriman))
 5 SYSTEMPATH\CodeIgniter.php(354): CodeIgniter\CodeIgniter->handleRequest(null, Object(Config\Cache), false)
 6 SYSTEMPATH\Boot.php(363): CodeIgniter\CodeIgniter->run()
 7 SYSTEMPATH\Boot.php(68): CodeIgniter\Boot::runCodeIgniter(Object(CodeIgniter\CodeIgniter))
 8 FCPATH\index.php(59): CodeIgniter\Boot::bootWeb(Object(Config\Paths))
CRITICAL - 2026-04-26 08:24:43 --> [Caused by] CodeIgniter\Database\Exceptions\DatabaseException: Unknown column 'pengiriman.anggota_id' in 'on clause'
in SYSTEMPATH\Database\MySQLi\Connection.php on line 332.
 1 SYSTEMPATH\Database\BaseConnection.php(729): CodeIgniter\Database\MySQLi\Connection->execute('SELECT `pengiriman`.*, `anggota`.`nama_anggota` AS `nama_anggota`, `buku`.`judul` AS `judul`
FROM `pengiriman`
LEFT JOIN `anggota` ON `anggota`.`id_anggota` = `pengiriman`.`anggota_id`
LEFT JOIN `buku` ON `buku`.`id_buku` = `pengiriman`.`buku_id`')
 2 SYSTEMPATH\Database\BaseConnection.php(646): CodeIgniter\Database\BaseConnection->simpleQuery('SELECT `pengiriman`.*, `anggota`.`nama_anggota` AS `nama_anggota`, `buku`.`judul` AS `judul`
FROM `pengiriman`
LEFT JOIN `anggota` ON `anggota`.`id_anggota` = `pengiriman`.`anggota_id`
LEFT JOIN `buku` ON `buku`.`id_buku` = `pengiriman`.`buku_id`')
 3 SYSTEMPATH\Database\BaseBuilder.php(1649): CodeIgniter\Database\BaseConnection->query('SELECT `pengiriman`.*, `anggota`.`nama_anggota` AS `nama_anggota`, `buku`.`judul` AS `judul`
FROM `pengiriman`
LEFT JOIN `anggota` ON `anggota`.`id_anggota` = `pengiriman`.`anggota_id`
LEFT JOIN `buku` ON `buku`.`id_buku` = `pengiriman`.`buku_id`', [], false)
 4 APPPATH\Controllers\Pengiriman.php(30): CodeIgniter\Database\BaseBuilder->get()
 5 SYSTEMPATH\CodeIgniter.php(933): App\Controllers\Pengiriman->index()
 6 SYSTEMPATH\CodeIgniter.php(507): CodeIgniter\CodeIgniter->runController(Object(App\Controllers\Pengiriman))
 7 SYSTEMPATH\CodeIgniter.php(354): CodeIgniter\CodeIgniter->handleRequest(null, Object(Config\Cache), false)
 8 SYSTEMPATH\Boot.php(363): CodeIgniter\CodeIgniter->run()
 9 SYSTEMPATH\Boot.php(68): CodeIgniter\Boot::runCodeIgniter(Object(CodeIgniter\CodeIgniter))
10 FCPATH\index.php(59): CodeIgniter\Boot::bootWeb(Object(Config\Paths))
CRITICAL - 2026-04-26 08:24:43 --> [Caused by] mysqli_sql_exception: Unknown column 'pengiriman.anggota_id' in 'on clause'
in SYSTEMPATH\Database\MySQLi\Connection.php on line 327.
 1 SYSTEMPATH\Database\MySQLi\Connection.php(327): mysqli->query('SELECT `pengiriman`.*, `anggota`.`nama_anggota` AS `nama_anggota`, `buku`.`judul` AS `judul`
FROM `pengiriman`
LEFT JOIN `anggota` ON `anggota`.`id_anggota` = `pengiriman`.`anggota_id`
LEFT JOIN `buku` ON `buku`.`id_buku` = `pengiriman`.`buku_id`', 0)
 2 SYSTEMPATH\Database\BaseConnection.php(729): CodeIgniter\Database\MySQLi\Connection->execute('SELECT `pengiriman`.*, `anggota`.`nama_anggota` AS `nama_anggota`, `buku`.`judul` AS `judul`
FROM `pengiriman`
LEFT JOIN `anggota` ON `anggota`.`id_anggota` = `pengiriman`.`anggota_id`
LEFT JOIN `buku` ON `buku`.`id_buku` = `pengiriman`.`buku_id`')
 3 SYSTEMPATH\Database\BaseConnection.php(646): CodeIgniter\Database\BaseConnection->simpleQuery('SELECT `pengiriman`.*, `anggota`.`nama_anggota` AS `nama_anggota`, `buku`.`judul` AS `judul`
FROM `pengiriman`
LEFT JOIN `anggota` ON `anggota`.`id_anggota` = `pengiriman`.`anggota_id`
LEFT JOIN `buku` ON `buku`.`id_buku` = `pengiriman`.`buku_id`')
 4 SYSTEMPATH\Database\BaseBuilder.php(1649): CodeIgniter\Database\BaseConnection->query('SELECT `pengiriman`.*, `anggota`.`nama_anggota` AS `nama_anggota`, `buku`.`judul` AS `judul`
FROM `pengiriman`
LEFT JOIN `anggota` ON `anggota`.`id_anggota` = `pengiriman`.`anggota_id`
LEFT JOIN `buku` ON `buku`.`id_buku` = `pengiriman`.`buku_id`', [], false)
 5 APPPATH\Controllers\Pengiriman.php(30): CodeIgniter\Database\BaseBuilder->get()
 6 SYSTEMPATH\CodeIgniter.php(933): App\Controllers\Pengiriman->index()
 7 SYSTEMPATH\CodeIgniter.php(507): CodeIgniter\CodeIgniter->runController(Object(App\Controllers\Pengiriman))
 8 SYSTEMPATH\CodeIgniter.php(354): CodeIgniter\CodeIgniter->handleRequest(null, Object(Config\Cache), false)
 9 SYSTEMPATH\Boot.php(363): CodeIgniter\CodeIgniter->run()
10 SYSTEMPATH\Boot.php(68): CodeIgniter\Boot::runCodeIgniter(Object(CodeIgniter\CodeIgniter))
11 FCPATH\index.php(59): CodeIgniter\Boot::bootWeb(Object(Config\Paths))
ERROR - 2026-04-26 08:24:44 --> mysqli_sql_exception: Unknown column 'pengiriman.anggota_id' in 'on clause' in C:\xampp\htdocs\perpus\system\Database\MySQLi\Connection.php:327
Stack trace:
#0 C:\xampp\htdocs\perpus\system\Database\MySQLi\Connection.php(327): mysqli->query('SELECT `pengiri...', 0)
#1 C:\xampp\htdocs\perpus\system\Database\BaseConnection.php(729): CodeIgniter\Database\MySQLi\Connection->execute('SELECT `pengiri...')
#2 C:\xampp\htdocs\perpus\system\Database\BaseConnection.php(646): CodeIgniter\Database\BaseConnection->simpleQuery('SELECT `pengiri...')
#3 C:\xampp\htdocs\perpus\system\Database\BaseBuilder.php(1649): CodeIgniter\Database\BaseConnection->query('SELECT `pengiri...', Array, false)
#4 C:\xampp\htdocs\perpus\app\Controllers\Pengiriman.php(30): CodeIgniter\Database\BaseBuilder->get()
#5 C:\xampp\htdocs\perpus\system\CodeIgniter.php(933): App\Controllers\Pengiriman->index()
#6 C:\xampp\htdocs\perpus\system\CodeIgniter.php(507): CodeIgniter\CodeIgniter->runController(Object(App\Controllers\Pengiriman))
#7 C:\xampp\htdocs\perpus\system\CodeIgniter.php(354): CodeIgniter\CodeIgniter->handleRequest(NULL, Object(Config\Cache), false)
#8 C:\xampp\htdocs\perpus\system\Boot.php(363): CodeIgniter\CodeIgniter->run()
#9 C:\xampp\htdocs\perpus\system\Boot.php(68): CodeIgniter\Boot::runCodeIgniter(Object(CodeIgniter\CodeIgniter))
#10 C:\xampp\htdocs\perpus\index.php(59): CodeIgniter\Boot::bootWeb(Object(Config\Paths))
#11 {main}
CRITICAL - 2026-04-26 08:24:44 --> CodeIgniter\Database\Exceptions\DatabaseException: Unknown column 'pengiriman.anggota_id' in 'on clause'
[Method: GET, Route: pengiriman]
in SYSTEMPATH\Database\BaseConnection.php on line 684.
 1 SYSTEMPATH\Database\BaseBuilder.php(1649): CodeIgniter\Database\BaseConnection->query('SELECT `pengiriman`.*, `anggota`.`nama_anggota` AS `nama_anggota`, `buku`.`judul` AS `judul`
FROM `pengiriman`
LEFT JOIN `anggota` ON `anggota`.`id_anggota` = `pengiriman`.`anggota_id`
LEFT JOIN `buku` ON `buku`.`id_buku` = `pengiriman`.`buku_id`', [], false)
 2 APPPATH\Controllers\Pengiriman.php(30): CodeIgniter\Database\BaseBuilder->get()
 3 SYSTEMPATH\CodeIgniter.php(933): App\Controllers\Pengiriman->index()
 4 SYSTEMPATH\CodeIgniter.php(507): CodeIgniter\CodeIgniter->runController(Object(App\Controllers\Pengiriman))
 5 SYSTEMPATH\CodeIgniter.php(354): CodeIgniter\CodeIgniter->handleRequest(null, Object(Config\Cache), false)
 6 SYSTEMPATH\Boot.php(363): CodeIgniter\CodeIgniter->run()
 7 SYSTEMPATH\Boot.php(68): CodeIgniter\Boot::runCodeIgniter(Object(CodeIgniter\CodeIgniter))
 8 FCPATH\index.php(59): CodeIgniter\Boot::bootWeb(Object(Config\Paths))
CRITICAL - 2026-04-26 08:24:44 --> [Caused by] CodeIgniter\Database\Exceptions\DatabaseException: Unknown column 'pengiriman.anggota_id' in 'on clause'
in SYSTEMPATH\Database\MySQLi\Connection.php on line 332.
 1 SYSTEMPATH\Database\BaseConnection.php(729): CodeIgniter\Database\MySQLi\Connection->execute('SELECT `pengiriman`.*, `anggota`.`nama_anggota` AS `nama_anggota`, `buku`.`judul` AS `judul`
FROM `pengiriman`
LEFT JOIN `anggota` ON `anggota`.`id_anggota` = `pengiriman`.`anggota_id`
LEFT JOIN `buku` ON `buku`.`id_buku` = `pengiriman`.`buku_id`')
 2 SYSTEMPATH\Database\BaseConnection.php(646): CodeIgniter\Database\BaseConnection->simpleQuery('SELECT `pengiriman`.*, `anggota`.`nama_anggota` AS `nama_anggota`, `buku`.`judul` AS `judul`
FROM `pengiriman`
LEFT JOIN `anggota` ON `anggota`.`id_anggota` = `pengiriman`.`anggota_id`
LEFT JOIN `buku` ON `buku`.`id_buku` = `pengiriman`.`buku_id`')
 3 SYSTEMPATH\Database\BaseBuilder.php(1649): CodeIgniter\Database\BaseConnection->query('SELECT `pengiriman`.*, `anggota`.`nama_anggota` AS `nama_anggota`, `buku`.`judul` AS `judul`
FROM `pengiriman`
LEFT JOIN `anggota` ON `anggota`.`id_anggota` = `pengiriman`.`anggota_id`
LEFT JOIN `buku` ON `buku`.`id_buku` = `pengiriman`.`buku_id`', [], false)
 4 APPPATH\Controllers\Pengiriman.php(30): CodeIgniter\Database\BaseBuilder->get()
 5 SYSTEMPATH\CodeIgniter.php(933): App\Controllers\Pengiriman->index()
 6 SYSTEMPATH\CodeIgniter.php(507): CodeIgniter\CodeIgniter->runController(Object(App\Controllers\Pengiriman))
 7 SYSTEMPATH\CodeIgniter.php(354): CodeIgniter\CodeIgniter->handleRequest(null, Object(Config\Cache), false)
 8 SYSTEMPATH\Boot.php(363): CodeIgniter\CodeIgniter->run()
 9 SYSTEMPATH\Boot.php(68): CodeIgniter\Boot::runCodeIgniter(Object(CodeIgniter\CodeIgniter))
10 FCPATH\index.php(59): CodeIgniter\Boot::bootWeb(Object(Config\Paths))
CRITICAL - 2026-04-26 08:24:44 --> [Caused by] mysqli_sql_exception: Unknown column 'pengiriman.anggota_id' in 'on clause'
in SYSTEMPATH\Database\MySQLi\Connection.php on line 327.
 1 SYSTEMPATH\Database\MySQLi\Connection.php(327): mysqli->query('SELECT `pengiriman`.*, `anggota`.`nama_anggota` AS `nama_anggota`, `buku`.`judul` AS `judul`
FROM `pengiriman`
LEFT JOIN `anggota` ON `anggota`.`id_anggota` = `pengiriman`.`anggota_id`
LEFT JOIN `buku` ON `buku`.`id_buku` = `pengiriman`.`buku_id`', 0)
 2 SYSTEMPATH\Database\BaseConnection.php(729): CodeIgniter\Database\MySQLi\Connection->execute('SELECT `pengiriman`.*, `anggota`.`nama_anggota` AS `nama_anggota`, `buku`.`judul` AS `judul`
FROM `pengiriman`
LEFT JOIN `anggota` ON `anggota`.`id_anggota` = `pengiriman`.`anggota_id`
LEFT JOIN `buku` ON `buku`.`id_buku` = `pengiriman`.`buku_id`')
 3 SYSTEMPATH\Database\BaseConnection.php(646): CodeIgniter\Database\BaseConnection->simpleQuery('SELECT `pengiriman`.*, `anggota`.`nama_anggota` AS `nama_anggota`, `buku`.`judul` AS `judul`
FROM `pengiriman`
LEFT JOIN `anggota` ON `anggota`.`id_anggota` = `pengiriman`.`anggota_id`
LEFT JOIN `buku` ON `buku`.`id_buku` = `pengiriman`.`buku_id`')
 4 SYSTEMPATH\Database\BaseBuilder.php(1649): CodeIgniter\Database\BaseConnection->query('SELECT `pengiriman`.*, `anggota`.`nama_anggota` AS `nama_anggota`, `buku`.`judul` AS `judul`
FROM `pengiriman`
LEFT JOIN `anggota` ON `anggota`.`id_anggota` = `pengiriman`.`anggota_id`
LEFT JOIN `buku` ON `buku`.`id_buku` = `pengiriman`.`buku_id`', [], false)
 5 APPPATH\Controllers\Pengiriman.php(30): CodeIgniter\Database\BaseBuilder->get()
 6 SYSTEMPATH\CodeIgniter.php(933): App\Controllers\Pengiriman->index()
 7 SYSTEMPATH\CodeIgniter.php(507): CodeIgniter\CodeIgniter->runController(Object(App\Controllers\Pengiriman))
 8 SYSTEMPATH\CodeIgniter.php(354): CodeIgniter\CodeIgniter->handleRequest(null, Object(Config\Cache), false)
 9 SYSTEMPATH\Boot.php(363): CodeIgniter\CodeIgniter->run()
10 SYSTEMPATH\Boot.php(68): CodeIgniter\Boot::runCodeIgniter(Object(CodeIgniter\CodeIgniter))
11 FCPATH\index.php(59): CodeIgniter\Boot::bootWeb(Object(Config\Paths))
DEBUG - 2026-04-26 08:24:56 --> Session: Class initialized using 'CodeIgniter\Session\Handlers\FileHandler' driver.
DEBUG - 2026-04-26 08:25:54 --> Session: Class initialized using 'CodeIgniter\Session\Handlers\FileHandler' driver.
DEBUG - 2026-04-26 08:26:19 --> Session: Class initialized using 'CodeIgniter\Session\Handlers\FileHandler' driver.
DEBUG - 2026-04-26 08:26:20 --> Session: Class initialized using 'CodeIgniter\Session\Handlers\FileHandler' driver.
DEBUG - 2026-04-26 08:26:21 --> Session: Class initialized using 'CodeIgniter\Session\Handlers\FileHandler' driver.
DEBUG - 2026-04-26 08:26:22 --> Session: Class initialized using 'CodeIgniter\Session\Handlers\FileHandler' driver.
DEBUG - 2026-04-26 08:26:23 --> Session: Class initialized using 'CodeIgniter\Session\Handlers\FileHandler' driver.
ERROR - 2026-04-26 08:27:18 --> mysqli_sql_exception: Table 'perpus.pengiriman' doesn't exist in C:\xampp\htdocs\perpus\system\Database\MySQLi\Connection.php:327
Stack trace:
#0 C:\xampp\htdocs\perpus\system\Database\MySQLi\Connection.php(327): mysqli->query('SELECT *\nFROM `...', 0)
#1 C:\xampp\htdocs\perpus\system\Database\BaseConnection.php(729): CodeIgniter\Database\MySQLi\Connection->execute('SELECT *\nFROM `...')
#2 C:\xampp\htdocs\perpus\system\Database\BaseConnection.php(646): CodeIgniter\Database\BaseConnection->simpleQuery('SELECT *\nFROM `...')
#3 C:\xampp\htdocs\perpus\system\Database\BaseBuilder.php(1649): CodeIgniter\Database\BaseConnection->query('SELECT *\nFROM `...', Array, false)
#4 C:\xampp\htdocs\perpus\app\Controllers\Pengiriman.php(21): CodeIgniter\Database\BaseBuilder->get()
#5 C:\xampp\htdocs\perpus\system\CodeIgniter.php(933): App\Controllers\Pengiriman->index()
#6 C:\xampp\htdocs\perpus\system\CodeIgniter.php(507): CodeIgniter\CodeIgniter->runController(Object(App\Controllers\Pengiriman))
#7 C:\xampp\htdocs\perpus\system\CodeIgniter.php(354): CodeIgniter\CodeIgniter->handleRequest(NULL, Object(Config\Cache), false)
#8 C:\xampp\htdocs\perpus\system\Boot.php(363): CodeIgniter\CodeIgniter->run()
#9 C:\xampp\htdocs\perpus\system\Boot.php(68): CodeIgniter\Boot::runCodeIgniter(Object(CodeIgniter\CodeIgniter))
#10 C:\xampp\htdocs\perpus\index.php(59): CodeIgniter\Boot::bootWeb(Object(Config\Paths))
#11 {main}
CRITICAL - 2026-04-26 08:27:18 --> CodeIgniter\Database\Exceptions\DatabaseException: Table 'perpus.pengiriman' doesn't exist
[Method: GET, Route: pengiriman]
in SYSTEMPATH\Database\BaseConnection.php on line 684.
 1 SYSTEMPATH\Database\BaseBuilder.php(1649): CodeIgniter\Database\BaseConnection->query('SELECT *
FROM `pengiriman`
ORDER BY `id_pengiriman` DESC', [], false)
 2 APPPATH\Controllers\Pengiriman.php(21): CodeIgniter\Database\BaseBuilder->get()
 3 SYSTEMPATH\CodeIgniter.php(933): App\Controllers\Pengiriman->index()
 4 SYSTEMPATH\CodeIgniter.php(507): CodeIgniter\CodeIgniter->runController(Object(App\Controllers\Pengiriman))
 5 SYSTEMPATH\CodeIgniter.php(354): CodeIgniter\CodeIgniter->handleRequest(null, Object(Config\Cache), false)
 6 SYSTEMPATH\Boot.php(363): CodeIgniter\CodeIgniter->run()
 7 SYSTEMPATH\Boot.php(68): CodeIgniter\Boot::runCodeIgniter(Object(CodeIgniter\CodeIgniter))
 8 FCPATH\index.php(59): CodeIgniter\Boot::bootWeb(Object(Config\Paths))
CRITICAL - 2026-04-26 08:27:18 --> [Caused by] CodeIgniter\Database\Exceptions\DatabaseException: Table 'perpus.pengiriman' doesn't exist
in SYSTEMPATH\Database\MySQLi\Connection.php on line 332.
 1 SYSTEMPATH\Database\BaseConnection.php(729): CodeIgniter\Database\MySQLi\Connection->execute('SELECT *
FROM `pengiriman`
ORDER BY `id_pengiriman` DESC')
 2 SYSTEMPATH\Database\BaseConnection.php(646): CodeIgniter\Database\BaseConnection->simpleQuery('SELECT *
FROM `pengiriman`
ORDER BY `id_pengiriman` DESC')
 3 SYSTEMPATH\Database\BaseBuilder.php(1649): CodeIgniter\Database\BaseConnection->query('SELECT *
FROM `pengiriman`
ORDER BY `id_pengiriman` DESC', [], false)
 4 APPPATH\Controllers\Pengiriman.php(21): CodeIgniter\Database\BaseBuilder->get()
 5 SYSTEMPATH\CodeIgniter.php(933): App\Controllers\Pengiriman->index()
 6 SYSTEMPATH\CodeIgniter.php(507): CodeIgniter\CodeIgniter->runController(Object(App\Controllers\Pengiriman))
 7 SYSTEMPATH\CodeIgniter.php(354): CodeIgniter\CodeIgniter->handleRequest(null, Object(Config\Cache), false)
 8 SYSTEMPATH\Boot.php(363): CodeIgniter\CodeIgniter->run()
 9 SYSTEMPATH\Boot.php(68): CodeIgniter\Boot::runCodeIgniter(Object(CodeIgniter\CodeIgniter))
10 FCPATH\index.php(59): CodeIgniter\Boot::bootWeb(Object(Config\Paths))
CRITICAL - 2026-04-26 08:27:18 --> [Caused by] mysqli_sql_exception: Table 'perpus.pengiriman' doesn't exist
in SYSTEMPATH\Database\MySQLi\Connection.php on line 327.
 1 SYSTEMPATH\Database\MySQLi\Connection.php(327): mysqli->query('SELECT *
FROM `pengiriman`
ORDER BY `id_pengiriman` DESC', 0)
 2 SYSTEMPATH\Database\BaseConnection.php(729): CodeIgniter\Database\MySQLi\Connection->execute('SELECT *
FROM `pengiriman`
ORDER BY `id_pengiriman` DESC')
 3 SYSTEMPATH\Database\BaseConnection.php(646): CodeIgniter\Database\BaseConnection->simpleQuery('SELECT *
FROM `pengiriman`
ORDER BY `id_pengiriman` DESC')
 4 SYSTEMPATH\Database\BaseBuilder.php(1649): CodeIgniter\Database\BaseConnection->query('SELECT *
FROM `pengiriman`
ORDER BY `id_pengiriman` DESC', [], false)
 5 APPPATH\Controllers\Pengiriman.php(21): CodeIgniter\Database\BaseBuilder->get()
 6 SYSTEMPATH\CodeIgniter.php(933): App\Controllers\Pengiriman->index()
 7 SYSTEMPATH\CodeIgniter.php(507): CodeIgniter\CodeIgniter->runController(Object(App\Controllers\Pengiriman))
 8 SYSTEMPATH\CodeIgniter.php(354): CodeIgniter\CodeIgniter->handleRequest(null, Object(Config\Cache), false)
 9 SYSTEMPATH\Boot.php(363): CodeIgniter\CodeIgniter->run()
10 SYSTEMPATH\Boot.php(68): CodeIgniter\Boot::runCodeIgniter(Object(CodeIgniter\CodeIgniter))
11 FCPATH\index.php(59): CodeIgniter\Boot::bootWeb(Object(Config\Paths))
ERROR - 2026-04-26 08:28:06 --> mysqli_sql_exception: Table 'perpus.pengiriman' doesn't exist in C:\xampp\htdocs\perpus\system\Database\MySQLi\Connection.php:327
Stack trace:
#0 C:\xampp\htdocs\perpus\system\Database\MySQLi\Connection.php(327): mysqli->query('SELECT *\nFROM `...', 0)
#1 C:\xampp\htdocs\perpus\system\Database\BaseConnection.php(729): CodeIgniter\Database\MySQLi\Connection->execute('SELECT *\nFROM `...')
#2 C:\xampp\htdocs\perpus\system\Database\BaseConnection.php(646): CodeIgniter\Database\BaseConnection->simpleQuery('SELECT *\nFROM `...')
#3 C:\xampp\htdocs\perpus\system\Database\BaseBuilder.php(1649): CodeIgniter\Database\BaseConnection->query('SELECT *\nFROM `...', Array, false)
#4 C:\xampp\htdocs\perpus\app\Controllers\Pengiriman.php(21): CodeIgniter\Database\BaseBuilder->get()
#5 C:\xampp\htdocs\perpus\system\CodeIgniter.php(933): App\Controllers\Pengiriman->index()
#6 C:\xampp\htdocs\perpus\system\CodeIgniter.php(507): CodeIgniter\CodeIgniter->runController(Object(App\Controllers\Pengiriman))
#7 C:\xampp\htdocs\perpus\system\CodeIgniter.php(354): CodeIgniter\CodeIgniter->handleRequest(NULL, Object(Config\Cache), false)
#8 C:\xampp\htdocs\perpus\system\Boot.php(363): CodeIgniter\CodeIgniter->run()
#9 C:\xampp\htdocs\perpus\system\Boot.php(68): CodeIgniter\Boot::runCodeIgniter(Object(CodeIgniter\CodeIgniter))
#10 C:\xampp\htdocs\perpus\index.php(59): CodeIgniter\Boot::bootWeb(Object(Config\Paths))
#11 {main}
CRITICAL - 2026-04-26 08:28:06 --> CodeIgniter\Database\Exceptions\DatabaseException: Table 'perpus.pengiriman' doesn't exist
[Method: GET, Route: pengiriman]
in SYSTEMPATH\Database\BaseConnection.php on line 684.
 1 SYSTEMPATH\Database\BaseBuilder.php(1649): CodeIgniter\Database\BaseConnection->query('SELECT *
FROM `pengiriman`
ORDER BY `id_pengiriman` DESC', [], false)
 2 APPPATH\Controllers\Pengiriman.php(21): CodeIgniter\Database\BaseBuilder->get()
 3 SYSTEMPATH\CodeIgniter.php(933): App\Controllers\Pengiriman->index()
 4 SYSTEMPATH\CodeIgniter.php(507): CodeIgniter\CodeIgniter->runController(Object(App\Controllers\Pengiriman))
 5 SYSTEMPATH\CodeIgniter.php(354): CodeIgniter\CodeIgniter->handleRequest(null, Object(Config\Cache), false)
 6 SYSTEMPATH\Boot.php(363): CodeIgniter\CodeIgniter->run()
 7 SYSTEMPATH\Boot.php(68): CodeIgniter\Boot::runCodeIgniter(Object(CodeIgniter\CodeIgniter))
 8 FCPATH\index.php(59): CodeIgniter\Boot::bootWeb(Object(Config\Paths))
CRITICAL - 2026-04-26 08:28:06 --> [Caused by] CodeIgniter\Database\Exceptions\DatabaseException: Table 'perpus.pengiriman' doesn't exist
in SYSTEMPATH\Database\MySQLi\Connection.php on line 332.
 1 SYSTEMPATH\Database\BaseConnection.php(729): CodeIgniter\Database\MySQLi\Connection->execute('SELECT *
FROM `pengiriman`
ORDER BY `id_pengiriman` DESC')
 2 SYSTEMPATH\Database\BaseConnection.php(646): CodeIgniter\Database\BaseConnection->simpleQuery('SELECT *
FROM `pengiriman`
ORDER BY `id_pengiriman` DESC')
 3 SYSTEMPATH\Database\BaseBuilder.php(1649): CodeIgniter\Database\BaseConnection->query('SELECT *
FROM `pengiriman`
ORDER BY `id_pengiriman` DESC', [], false)
 4 APPPATH\Controllers\Pengiriman.php(21): CodeIgniter\Database\BaseBuilder->get()
 5 SYSTEMPATH\CodeIgniter.php(933): App\Controllers\Pengiriman->index()
 6 SYSTEMPATH\CodeIgniter.php(507): CodeIgniter\CodeIgniter->runController(Object(App\Controllers\Pengiriman))
 7 SYSTEMPATH\CodeIgniter.php(354): CodeIgniter\CodeIgniter->handleRequest(null, Object(Config\Cache), false)
 8 SYSTEMPATH\Boot.php(363): CodeIgniter\CodeIgniter->run()
 9 SYSTEMPATH\Boot.php(68): CodeIgniter\Boot::runCodeIgniter(Object(CodeIgniter\CodeIgniter))
10 FCPATH\index.php(59): CodeIgniter\Boot::bootWeb(Object(Config\Paths))
CRITICAL - 2026-04-26 08:28:06 --> [Caused by] mysqli_sql_exception: Table 'perpus.pengiriman' doesn't exist
in SYSTEMPATH\Database\MySQLi\Connection.php on line 327.
 1 SYSTEMPATH\Database\MySQLi\Connection.php(327): mysqli->query('SELECT *
FROM `pengiriman`
ORDER BY `id_pengiriman` DESC', 0)
 2 SYSTEMPATH\Database\BaseConnection.php(729): CodeIgniter\Database\MySQLi\Connection->execute('SELECT *
FROM `pengiriman`
ORDER BY `id_pengiriman` DESC')
 3 SYSTEMPATH\Database\BaseConnection.php(646): CodeIgniter\Database\BaseConnection->simpleQuery('SELECT *
FROM `pengiriman`
ORDER BY `id_pengiriman` DESC')
 4 SYSTEMPATH\Database\BaseBuilder.php(1649): CodeIgniter\Database\BaseConnection->query('SELECT *
FROM `pengiriman`
ORDER BY `id_pengiriman` DESC', [], false)
 5 APPPATH\Controllers\Pengiriman.php(21): CodeIgniter\Database\BaseBuilder->get()
 6 SYSTEMPATH\CodeIgniter.php(933): App\Controllers\Pengiriman->index()
 7 SYSTEMPATH\CodeIgniter.php(507): CodeIgniter\CodeIgniter->runController(Object(App\Controllers\Pengiriman))
 8 SYSTEMPATH\CodeIgniter.php(354): CodeIgniter\CodeIgniter->handleRequest(null, Object(Config\Cache), false)
 9 SYSTEMPATH\Boot.php(363): CodeIgniter\CodeIgniter->run()
10 SYSTEMPATH\Boot.php(68): CodeIgniter\Boot::runCodeIgniter(Object(CodeIgniter\CodeIgniter))
11 FCPATH\index.php(59): CodeIgniter\Boot::bootWeb(Object(Config\Paths))
ERROR - 2026-04-26 08:28:11 --> mysqli_sql_exception: Table 'perpus.pengiriman' doesn't exist in C:\xampp\htdocs\perpus\system\Database\MySQLi\Connection.php:327
Stack trace:
#0 C:\xampp\htdocs\perpus\system\Database\MySQLi\Connection.php(327): mysqli->query('SELECT *\nFROM `...', 0)
#1 C:\xampp\htdocs\perpus\system\Database\BaseConnection.php(729): CodeIgniter\Database\MySQLi\Connection->execute('SELECT *\nFROM `...')
#2 C:\xampp\htdocs\perpus\system\Database\BaseConnection.php(646): CodeIgniter\Database\BaseConnection->simpleQuery('SELECT *\nFROM `...')
#3 C:\xampp\htdocs\perpus\system\Database\BaseBuilder.php(1649): CodeIgniter\Database\BaseConnection->query('SELECT *\nFROM `...', Array, false)
#4 C:\xampp\htdocs\perpus\app\Controllers\Pengiriman.php(21): CodeIgniter\Database\BaseBuilder->get()
#5 C:\xampp\htdocs\perpus\system\CodeIgniter.php(933): App\Controllers\Pengiriman->index()
#6 C:\xampp\htdocs\perpus\system\CodeIgniter.php(507): CodeIgniter\CodeIgniter->runController(Object(App\Controllers\Pengiriman))
#7 C:\xampp\htdocs\perpus\system\CodeIgniter.php(354): CodeIgniter\CodeIgniter->handleRequest(NULL, Object(Config\Cache), false)
#8 C:\xampp\htdocs\perpus\system\Boot.php(363): CodeIgniter\CodeIgniter->run()
#9 C:\xampp\htdocs\perpus\system\Boot.php(68): CodeIgniter\Boot::runCodeIgniter(Object(CodeIgniter\CodeIgniter))
#10 C:\xampp\htdocs\perpus\index.php(59): CodeIgniter\Boot::bootWeb(Object(Config\Paths))
#11 {main}
CRITICAL - 2026-04-26 08:28:11 --> CodeIgniter\Database\Exceptions\DatabaseException: Table 'perpus.pengiriman' doesn't exist
[Method: GET, Route: pengiriman]
in SYSTEMPATH\Database\BaseConnection.php on line 684.
 1 SYSTEMPATH\Database\BaseBuilder.php(1649): CodeIgniter\Database\BaseConnection->query('SELECT *
FROM `pengiriman`
ORDER BY `id_pengiriman` DESC', [], false)
 2 APPPATH\Controllers\Pengiriman.php(21): CodeIgniter\Database\BaseBuilder->get()
 3 SYSTEMPATH\CodeIgniter.php(933): App\Controllers\Pengiriman->index()
 4 SYSTEMPATH\CodeIgniter.php(507): CodeIgniter\CodeIgniter->runController(Object(App\Controllers\Pengiriman))
 5 SYSTEMPATH\CodeIgniter.php(354): CodeIgniter\CodeIgniter->handleRequest(null, Object(Config\Cache), false)
 6 SYSTEMPATH\Boot.php(363): CodeIgniter\CodeIgniter->run()
 7 SYSTEMPATH\Boot.php(68): CodeIgniter\Boot::runCodeIgniter(Object(CodeIgniter\CodeIgniter))
 8 FCPATH\index.php(59): CodeIgniter\Boot::bootWeb(Object(Config\Paths))
CRITICAL - 2026-04-26 08:28:11 --> [Caused by] CodeIgniter\Database\Exceptions\DatabaseException: Table 'perpus.pengiriman' doesn't exist
in SYSTEMPATH\Database\MySQLi\Connection.php on line 332.
 1 SYSTEMPATH\Database\BaseConnection.php(729): CodeIgniter\Database\MySQLi\Connection->execute('SELECT *
FROM `pengiriman`
ORDER BY `id_pengiriman` DESC')
 2 SYSTEMPATH\Database\BaseConnection.php(646): CodeIgniter\Database\BaseConnection->simpleQuery('SELECT *
FROM `pengiriman`
ORDER BY `id_pengiriman` DESC')
 3 SYSTEMPATH\Database\BaseBuilder.php(1649): CodeIgniter\Database\BaseConnection->query('SELECT *
FROM `pengiriman`
ORDER BY `id_pengiriman` DESC', [], false)
 4 APPPATH\Controllers\Pengiriman.php(21): CodeIgniter\Database\BaseBuilder->get()
 5 SYSTEMPATH\CodeIgniter.php(933): App\Controllers\Pengiriman->index()
 6 SYSTEMPATH\CodeIgniter.php(507): CodeIgniter\CodeIgniter->runController(Object(App\Controllers\Pengiriman))
 7 SYSTEMPATH\CodeIgniter.php(354): CodeIgniter\CodeIgniter->handleRequest(null, Object(Config\Cache), false)
 8 SYSTEMPATH\Boot.php(363): CodeIgniter\CodeIgniter->run()
 9 SYSTEMPATH\Boot.php(68): CodeIgniter\Boot::runCodeIgniter(Object(CodeIgniter\CodeIgniter))
10 FCPATH\index.php(59): CodeIgniter\Boot::bootWeb(Object(Config\Paths))
CRITICAL - 2026-04-26 08:28:11 --> [Caused by] mysqli_sql_exception: Table 'perpus.pengiriman' doesn't exist
in SYSTEMPATH\Database\MySQLi\Connection.php on line 327.
 1 SYSTEMPATH\Database\MySQLi\Connection.php(327): mysqli->query('SELECT *
FROM `pengiriman`
ORDER BY `id_pengiriman` DESC', 0)
 2 SYSTEMPATH\Database\BaseConnection.php(729): CodeIgniter\Database\MySQLi\Connection->execute('SELECT *
FROM `pengiriman`
ORDER BY `id_pengiriman` DESC')
 3 SYSTEMPATH\Database\BaseConnection.php(646): CodeIgniter\Database\BaseConnection->simpleQuery('SELECT *
FROM `pengiriman`
ORDER BY `id_pengiriman` DESC')
 4 SYSTEMPATH\Database\BaseBuilder.php(1649): CodeIgniter\Database\BaseConnection->query('SELECT *
FROM `pengiriman`
ORDER BY `id_pengiriman` DESC', [], false)
 5 APPPATH\Controllers\Pengiriman.php(21): CodeIgniter\Database\BaseBuilder->get()
 6 SYSTEMPATH\CodeIgniter.php(933): App\Controllers\Pengiriman->index()
 7 SYSTEMPATH\CodeIgniter.php(507): CodeIgniter\CodeIgniter->runController(Object(App\Controllers\Pengiriman))
 8 SYSTEMPATH\CodeIgniter.php(354): CodeIgniter\CodeIgniter->handleRequest(null, Object(Config\Cache), false)
 9 SYSTEMPATH\Boot.php(363): CodeIgniter\CodeIgniter->run()
10 SYSTEMPATH\Boot.php(68): CodeIgniter\Boot::runCodeIgniter(Object(CodeIgniter\CodeIgniter))
11 FCPATH\index.php(59): CodeIgniter\Boot::bootWeb(Object(Config\Paths))
DEBUG - 2026-04-26 08:30:52 --> Session: Class initialized using 'CodeIgniter\Session\Handlers\FileHandler' driver.
DEBUG - 2026-04-26 08:30:58 --> Session: Class initialized using 'CodeIgniter\Session\Handlers\FileHandler' driver.
DEBUG - 2026-04-26 08:31:43 --> Session: Class initialized using 'CodeIgniter\Session\Handlers\FileHandler' driver.
CRITICAL - 2026-04-26 08:34:58 --> ParseError: syntax error, unexpected token "public"
[Method: GET, Route: peminjaman]
in APPPATH\Controllers\peminjaman.php on line 43.
 1 SYSTEMPATH\Autoloader\Autoloader.php(295): CodeIgniter\Autoloader\Autoloader->includeFile('C:\\xampp\\htdocs\\perpus\\app\\Controllers\\Peminjaman.php')
 2 SYSTEMPATH\Autoloader\Autoloader.php(271): CodeIgniter\Autoloader\Autoloader->loadInNamespace('App\\Controllers\\Peminjaman')
 3 [internal function]: CodeIgniter\Autoloader\Autoloader->loadClass('App\\Controllers\\Peminjaman')
 4 SYSTEMPATH\CodeIgniter.php(885): class_exists('\\App\\Controllers\\Peminjaman', true)
 5 SYSTEMPATH\CodeIgniter.php(494): CodeIgniter\CodeIgniter->startController()
 6 SYSTEMPATH\CodeIgniter.php(354): CodeIgniter\CodeIgniter->handleRequest(null, Object(Config\Cache), false)
 7 SYSTEMPATH\Boot.php(363): CodeIgniter\CodeIgniter->run()
 8 SYSTEMPATH\Boot.php(68): CodeIgniter\Boot::runCodeIgniter(Object(CodeIgniter\CodeIgniter))
 9 FCPATH\index.php(59): CodeIgniter\Boot::bootWeb(Object(Config\Paths))
DEBUG - 2026-04-26 08:35:27 --> Session: Class initialized using 'CodeIgniter\Session\Handlers\FileHandler' driver.
DEBUG - 2026-04-26 08:35:31 --> Session: Class initialized using 'CodeIgniter\Session\Handlers\FileHandler' driver.
DEBUG - 2026-04-26 08:35:33 --> Session: Class initialized using 'CodeIgniter\Session\Handlers\FileHandler' driver.
DEBUG - 2026-04-26 08:36:28 --> Session: Class initialized using 'CodeIgniter\Session\Handlers\FileHandler' driver.
DEBUG - 2026-04-26 08:36:41 --> Session: Class initialized using 'CodeIgniter\Session\Handlers\FileHandler' driver.
DEBUG - 2026-04-26 08:36:46 --> Session: Class initialized using 'CodeIgniter\Session\Handlers\FileHandler' driver.
DEBUG - 2026-04-26 08:36:49 --> Session: Class initialized using 'CodeIgniter\Session\Handlers\FileHandler' driver.
DEBUG - 2026-04-26 08:36:53 --> Session: Class initialized using 'CodeIgniter\Session\Handlers\FileHandler' driver.
DEBUG - 2026-04-26 08:36:57 --> Session: Class initialized using 'CodeIgniter\Session\Handlers\FileHandler' driver.
DEBUG - 2026-04-26 08:39:02 --> Session: Class initialized using 'CodeIgniter\Session\Handlers\FileHandler' driver.
DEBUG - 2026-04-26 08:39:20 --> Session: Class initialized using 'CodeIgniter\Session\Handlers\FileHandler' driver.
DEBUG - 2026-04-26 08:40:01 --> Session: Class initialized using 'CodeIgniter\Session\Handlers\FileHandler' driver.
DEBUG - 2026-04-26 08:40:08 --> Session: Class initialized using 'CodeIgniter\Session\Handlers\FileHandler' driver.
DEBUG - 2026-04-26 08:40:57 --> Session: Class initialized using 'CodeIgniter\Session\Handlers\FileHandler' driver.
CRITICAL - 2026-04-26 08:41:04 --> CodeIgniter\View\Exceptions\ViewException: Invalid file: "penulis/index.php"
[Method: GET, Route: penulis]
in SYSTEMPATH\Exceptions\FrameworkException.php on line 39.
 1 SYSTEMPATH\View\View.php(214): CodeIgniter\Exceptions\FrameworkException::forInvalidFile('penulis/index.php')
 2 SYSTEMPATH\Common.php(1167): CodeIgniter\View\View->render('penulis/index', [], true)
 3 APPPATH\Controllers\Penulis.php(14): view('penulis/index', [...])
 4 SYSTEMPATH\CodeIgniter.php(933): App\Controllers\Penulis->index()
 5 SYSTEMPATH\CodeIgniter.php(507): CodeIgniter\CodeIgniter->runController(Object(App\Controllers\Penulis))
 6 SYSTEMPATH\CodeIgniter.php(354): CodeIgniter\CodeIgniter->handleRequest(null, Object(Config\Cache), false)
 7 SYSTEMPATH\Boot.php(363): CodeIgniter\CodeIgniter->run()
 8 SYSTEMPATH\Boot.php(68): CodeIgniter\Boot::runCodeIgniter(Object(CodeIgniter\CodeIgniter))
 9 FCPATH\index.php(59): CodeIgniter\Boot::bootWeb(Object(Config\Paths))
DEBUG - 2026-04-26 08:42:04 --> Session: Class initialized using 'CodeIgniter\Session\Handlers\FileHandler' driver.
DEBUG - 2026-04-26 08:43:03 --> Session: Class initialized using 'CodeIgniter\Session\Handlers\FileHandler' driver.
CRITICAL - 2026-04-26 08:43:08 --> CodeIgniter\View\Exceptions\ViewException: Invalid file: "penulis/create.php"
[Method: GET, Route: penulis/create]
in SYSTEMPATH\Exceptions\FrameworkException.php on line 39.
 1 SYSTEMPATH\View\View.php(214): CodeIgniter\Exceptions\FrameworkException::forInvalidFile('penulis/create.php')
 2 SYSTEMPATH\Common.php(1167): CodeIgniter\View\View->render('penulis/create', [], true)
 3 APPPATH\Controllers\Penulis.php(19): view('penulis/create')
 4 SYSTEMPATH\CodeIgniter.php(933): App\Controllers\Penulis->create()
 5 SYSTEMPATH\CodeIgniter.php(507): CodeIgniter\CodeIgniter->runController(Object(App\Controllers\Penulis))
 6 SYSTEMPATH\CodeIgniter.php(354): CodeIgniter\CodeIgniter->handleRequest(null, Object(Config\Cache), false)
 7 SYSTEMPATH\Boot.php(363): CodeIgniter\CodeIgniter->run()
 8 SYSTEMPATH\Boot.php(68): CodeIgniter\Boot::runCodeIgniter(Object(CodeIgniter\CodeIgniter))
 9 FCPATH\index.php(59): CodeIgniter\Boot::bootWeb(Object(Config\Paths))
DEBUG - 2026-04-26 08:43:59 --> Session: Class initialized using 'CodeIgniter\Session\Handlers\FileHandler' driver.
DEBUG - 2026-04-26 08:44:01 --> Session: Class initialized using 'CodeIgniter\Session\Handlers\FileHandler' driver.
DEBUG - 2026-04-26 08:44:25 --> Session: Class initialized using 'CodeIgniter\Session\Handlers\FileHandler' driver.
DEBUG - 2026-04-26 08:44:27 --> Session: Class initialized using 'CodeIgniter\Session\Handlers\FileHandler' driver.
DEBUG - 2026-04-26 08:44:31 --> Session: Class initialized using 'CodeIgniter\Session\Handlers\FileHandler' driver.
DEBUG - 2026-04-26 08:44:39 --> Session: Class initialized using 'CodeIgniter\Session\Handlers\FileHandler' driver.
DEBUG - 2026-04-26 08:44:44 --> Session: Class initialized using 'CodeIgniter\Session\Handlers\FileHandler' driver.
DEBUG - 2026-04-26 08:44:49 --> Session: Class initialized using 'CodeIgniter\Session\Handlers\FileHandler' driver.
DEBUG - 2026-04-26 08:45:48 --> Session: Class initialized using 'CodeIgniter\Session\Handlers\FileHandler' driver.
DEBUG - 2026-04-26 08:46:39 --> Session: Class initialized using 'CodeIgniter\Session\Handlers\FileHandler' driver.
CRITICAL - 2026-04-26 08:46:44 --> CodeIgniter\View\Exceptions\ViewException: Invalid file: "reservasi/edit.php"
[Method: GET, Route: reservasi/edit/4]
in SYSTEMPATH\Exceptions\FrameworkException.php on line 39.
 1 SYSTEMPATH\View\View.php(214): CodeIgniter\Exceptions\FrameworkException::forInvalidFile('reservasi/edit.php')
 2 SYSTEMPATH\Common.php(1167): CodeIgniter\View\View->render('reservasi/edit', [], true)
 3 APPPATH\Controllers\reservasi.php(70): view('reservasi/edit', [...])
 4 SYSTEMPATH\CodeIgniter.php(933): App\Controllers\Reservasi->edit('4')
 5 SYSTEMPATH\CodeIgniter.php(507): CodeIgniter\CodeIgniter->runController(Object(App\Controllers\Reservasi))
 6 SYSTEMPATH\CodeIgniter.php(354): CodeIgniter\CodeIgniter->handleRequest(null, Object(Config\Cache), false)
 7 SYSTEMPATH\Boot.php(363): CodeIgniter\CodeIgniter->run()
 8 SYSTEMPATH\Boot.php(68): CodeIgniter\Boot::runCodeIgniter(Object(CodeIgniter\CodeIgniter))
 9 FCPATH\index.php(59): CodeIgniter\Boot::bootWeb(Object(Config\Paths))
DEBUG - 2026-04-26 08:47:32 --> Session: Class initialized using 'CodeIgniter\Session\Handlers\FileHandler' driver.
DEBUG - 2026-04-26 08:47:39 --> Session: Class initialized using 'CodeIgniter\Session\Handlers\FileHandler' driver.
DEBUG - 2026-04-26 08:47:44 --> Session: Class initialized using 'CodeIgniter\Session\Handlers\FileHandler' driver.
DEBUG - 2026-04-26 08:47:53 --> Session: Class initialized using 'CodeIgniter\Session\Handlers\FileHandler' driver.
DEBUG - 2026-04-26 08:49:07 --> Session: Class initialized using 'CodeIgniter\Session\Handlers\FileHandler' driver.
DEBUG - 2026-04-26 08:49:09 --> Session: Class initialized using 'CodeIgniter\Session\Handlers\FileHandler' driver.
DEBUG - 2026-04-26 08:49:29 --> Session: Class initialized using 'CodeIgniter\Session\Handlers\FileHandler' driver.
DEBUG - 2026-04-26 08:50:36 --> Session: Class initialized using 'CodeIgniter\Session\Handlers\FileHandler' driver.
DEBUG - 2026-04-26 08:50:38 --> Session: Class initialized using 'CodeIgniter\Session\Handlers\FileHandler' driver.
DEBUG - 2026-04-26 08:51:02 --> Session: Class initialized using 'CodeIgniter\Session\Handlers\FileHandler' driver.
DEBUG - 2026-04-26 08:51:04 --> Session: Class initialized using 'CodeIgniter\Session\Handlers\FileHandler' driver.
DEBUG - 2026-04-26 08:51:51 --> Session: Class initialized using 'CodeIgniter\Session\Handlers\FileHandler' driver.
DEBUG - 2026-04-26 09:11:51 --> Session: Class initialized using 'CodeIgniter\Session\Handlers\FileHandler' driver.
DEBUG - 2026-04-26 09:11:54 --> Session: Class initialized using 'CodeIgniter\Session\Handlers\FileHandler' driver.
DEBUG - 2026-04-26 09:11:56 --> Session: Class initialized using 'CodeIgniter\Session\Handlers\FileHandler' driver.
DEBUG - 2026-04-26 09:11:56 --> Session: Class initialized using 'CodeIgniter\Session\Handlers\FileHandler' driver.
DEBUG - 2026-04-26 09:11:58 --> Session: Class initialized using 'CodeIgniter\Session\Handlers\FileHandler' driver.
DEBUG - 2026-04-26 09:11:58 --> Session: Class initialized using 'CodeIgniter\Session\Handlers\FileHandler' driver.
DEBUG - 2026-04-26 09:13:55 --> Session: Class initialized using 'CodeIgniter\Session\Handlers\FileHandler' driver.
DEBUG - 2026-04-26 09:14:05 --> Session: Class initialized using 'CodeIgniter\Session\Handlers\FileHandler' driver.
DEBUG - 2026-04-26 09:15:14 --> Session: Class initialized using 'CodeIgniter\Session\Handlers\FileHandler' driver.
DEBUG - 2026-04-26 09:16:49 --> Session: Class initialized using 'CodeIgniter\Session\Handlers\FileHandler' driver.
DEBUG - 2026-04-26 09:19:47 --> Session: Class initialized using 'CodeIgniter\Session\Handlers\FileHandler' driver.
DEBUG - 2026-04-26 09:19:53 --> Session: Class initialized using 'CodeIgniter\Session\Handlers\FileHandler' driver.
DEBUG - 2026-04-26 09:19:55 --> Session: Class initialized using 'CodeIgniter\Session\Handlers\FileHandler' driver.
DEBUG - 2026-04-26 09:19:59 --> Session: Class initialized using 'CodeIgniter\Session\Handlers\FileHandler' driver.
DEBUG - 2026-04-26 09:20:02 --> Session: Class initialized using 'CodeIgniter\Session\Handlers\FileHandler' driver.
DEBUG - 2026-04-26 09:20:05 --> Session: Class initialized using 'CodeIgniter\Session\Handlers\FileHandler' driver.
DEBUG - 2026-04-26 09:20:13 --> Session: Class initialized using 'CodeIgniter\Session\Handlers\FileHandler' driver.
DEBUG - 2026-04-26 09:20:35 --> Session: Class initialized using 'CodeIgniter\Session\Handlers\FileHandler' driver.
DEBUG - 2026-04-26 09:20:55 --> Session: Class initialized using 'CodeIgniter\Session\Handlers\FileHandler' driver.
DEBUG - 2026-04-26 09:21:01 --> Session: Class initialized using 'CodeIgniter\Session\Handlers\FileHandler' driver.
DEBUG - 2026-04-26 09:22:04 --> Session: Class initialized using 'CodeIgniter\Session\Handlers\FileHandler' driver.
DEBUG - 2026-04-26 09:22:14 --> Session: Class initialized using 'CodeIgniter\Session\Handlers\FileHandler' driver.
DEBUG - 2026-04-26 09:22:22 --> Session: Class initialized using 'CodeIgniter\Session\Handlers\FileHandler' driver.
DEBUG - 2026-04-26 09:27:28 --> Session: Class initialized using 'CodeIgniter\Session\Handlers\FileHandler' driver.
DEBUG - 2026-04-26 09:48:37 --> Session: Class initialized using 'CodeIgniter\Session\Handlers\FileHandler' driver.
DEBUG - 2026-04-26 09:56:31 --> Session: Class initialized using 'CodeIgniter\Session\Handlers\FileHandler' driver.
DEBUG - 2026-04-26 09:59:19 --> Session: Class initialized using 'CodeIgniter\Session\Handlers\FileHandler' driver.
DEBUG - 2026-04-26 09:59:28 --> Session: Class initialized using 'CodeIgniter\Session\Handlers\FileHandler' driver.
DEBUG - 2026-04-26 10:00:20 --> Session: Class initialized using 'CodeIgniter\Session\Handlers\FileHandler' driver.
DEBUG - 2026-04-26 10:00:23 --> Session: Class initialized using 'CodeIgniter\Session\Handlers\FileHandler' driver.
DEBUG - 2026-04-26 10:01:11 --> Session: Class initialized using 'CodeIgniter\Session\Handlers\FileHandler' driver.
DEBUG - 2026-04-26 10:01:15 --> Session: Class initialized using 'CodeIgniter\Session\Handlers\FileHandler' driver.
DEBUG - 2026-04-26 10:01:29 --> Session: Class initialized using 'CodeIgniter\Session\Handlers\FileHandler' driver.
