DEBUG - 2026-04-18 01:34:01 --> Session: Class initialized using 'CodeIgniter\Session\Handlers\FileHandler' driver.
DEBUG - 2026-04-18 01:34:02 --> Session: Class initialized using 'CodeIgniter\Session\Handlers\FileHandler' driver.
DEBUG - 2026-04-18 01:34:39 --> Session: Class initialized using 'CodeIgniter\Session\Handlers\FileHandler' driver.
DEBUG - 2026-04-18 01:34:39 --> Session: Class initialized using 'CodeIgniter\Session\Handlers\FileHandler' driver.
CRITICAL - 2026-04-18 01:35:47 --> ErrorException: Undefined array key "anggota"
[Method: GET, Route: peminjaman]
in APPPATH\Views\peminjaman\index.php on line 26.
 1 APPPATH\Views\peminjaman\index.php(26): CodeIgniter\Debug\Exceptions->errorHandler(2, 'Undefined array key "anggota"', 'C:\\xampp\\htdocs\\perpus\\app\\Views\\peminjaman\\index.php', 26)
 2 SYSTEMPATH\View\View.php(226): include('C:\\xampp\\htdocs\\perpus\\app\\Views\\peminjaman\\index.php')
 3 SYSTEMPATH\View\View.php(229): CodeIgniter\View\View->CodeIgniter\View\{closure}()
 4 SYSTEMPATH\Common.php(1167): CodeIgniter\View\View->render('peminjaman/index', [], true)
 5 APPPATH\Controllers\peminjaman.php(15): view('peminjaman/index', [...])
 6 SYSTEMPATH\CodeIgniter.php(933): App\Controllers\Peminjaman->index()
 7 SYSTEMPATH\CodeIgniter.php(507): CodeIgniter\CodeIgniter->runController(Object(App\Controllers\Peminjaman))
 8 SYSTEMPATH\CodeIgniter.php(354): CodeIgniter\CodeIgniter->handleRequest(null, Object(Config\Cache), false)
 9 SYSTEMPATH\Boot.php(363): CodeIgniter\CodeIgniter->run()
10 SYSTEMPATH\Boot.php(68): CodeIgniter\Boot::runCodeIgniter(Object(CodeIgniter\CodeIgniter))
11 FCPATH\index.php(59): CodeIgniter\Boot::bootWeb(Object(Config\Paths))
CRITICAL - 2026-04-18 01:44:09 --> ErrorException: Undefined array key "id"
[Method: GET, Route: peminjaman]
in APPPATH\Views\peminjaman\index.php on line 44.
 1 APPPATH\Views\peminjaman\index.php(44): CodeIgniter\Debug\Exceptions->errorHandler(2, 'Undefined array key "id"', 'C:\\xampp\\htdocs\\perpus\\app\\Views\\peminjaman\\index.php', 44)
 2 SYSTEMPATH\View\View.php(226): include('C:\\xampp\\htdocs\\perpus\\app\\Views\\peminjaman\\index.php')
 3 SYSTEMPATH\View\View.php(229): CodeIgniter\View\View->CodeIgniter\View\{closure}()
 4 SYSTEMPATH\Common.php(1167): CodeIgniter\View\View->render('peminjaman/index', [], true)
 5 APPPATH\Controllers\peminjaman.php(15): view('peminjaman/index', [...])
 6 SYSTEMPATH\CodeIgniter.php(933): App\Controllers\Peminjaman->index()
 7 SYSTEMPATH\CodeIgniter.php(507): CodeIgniter\CodeIgniter->runController(Object(App\Controllers\Peminjaman))
 8 SYSTEMPATH\CodeIgniter.php(354): CodeIgniter\CodeIgniter->handleRequest(null, Object(Config\Cache), false)
 9 SYSTEMPATH\Boot.php(363): CodeIgniter\CodeIgniter->run()
10 SYSTEMPATH\Boot.php(68): CodeIgniter\Boot::runCodeIgniter(Object(CodeIgniter\CodeIgniter))
11 FCPATH\index.php(59): CodeIgniter\Boot::bootWeb(Object(Config\Paths))
DEBUG - 2026-04-18 01:54:40 --> Session: Class initialized using 'CodeIgniter\Session\Handlers\FileHandler' driver.
DEBUG - 2026-04-18 01:54:44 --> Session: Class initialized using 'CodeIgniter\Session\Handlers\FileHandler' driver.
DEBUG - 2026-04-18 01:58:26 --> Session: Class initialized using 'CodeIgniter\Session\Handlers\FileHandler' driver.
DEBUG - 2026-04-18 02:01:57 --> Session: Class initialized using 'CodeIgniter\Session\Handlers\FileHandler' driver.
DEBUG - 2026-04-18 02:02:00 --> Session: Class initialized using 'CodeIgniter\Session\Handlers\FileHandler' driver.
DEBUG - 2026-04-18 02:06:34 --> Session: Class initialized using 'CodeIgniter\Session\Handlers\FileHandler' driver.
DEBUG - 2026-04-18 02:08:33 --> Session: Class initialized using 'CodeIgniter\Session\Handlers\FileHandler' driver.
DEBUG - 2026-04-18 02:09:51 --> Session: Class initialized using 'CodeIgniter\Session\Handlers\FileHandler' driver.
DEBUG - 2026-04-18 02:09:53 --> Session: Class initialized using 'CodeIgniter\Session\Handlers\FileHandler' driver.
DEBUG - 2026-04-18 02:09:54 --> Session: Class initialized using 'CodeIgniter\Session\Handlers\FileHandler' driver.
DEBUG - 2026-04-18 02:09:54 --> Session: Class initialized using 'CodeIgniter\Session\Handlers\FileHandler' driver.
DEBUG - 2026-04-18 02:13:54 --> Session: Class initialized using 'CodeIgniter\Session\Handlers\FileHandler' driver.
DEBUG - 2026-04-18 02:13:54 --> Session: Class initialized using 'CodeIgniter\Session\Handlers\FileHandler' driver.
DEBUG - 2026-04-18 02:13:58 --> Session: Class initialized using 'CodeIgniter\Session\Handlers\FileHandler' driver.
DEBUG - 2026-04-18 02:14:02 --> Session: Class initialized using 'CodeIgniter\Session\Handlers\FileHandler' driver.
DEBUG - 2026-04-18 02:14:02 --> Session: Class initialized using 'CodeIgniter\Session\Handlers\FileHandler' driver.
DEBUG - 2026-04-18 02:14:35 --> Session: Class initialized using 'CodeIgniter\Session\Handlers\FileHandler' driver.
DEBUG - 2026-04-18 02:14:35 --> Session: Class initialized using 'CodeIgniter\Session\Handlers\FileHandler' driver.
DEBUG - 2026-04-18 02:14:43 --> Session: Class initialized using 'CodeIgniter\Session\Handlers\FileHandler' driver.
DEBUG - 2026-04-18 02:14:43 --> Session: Class initialized using 'CodeIgniter\Session\Handlers\FileHandler' driver.
DEBUG - 2026-04-18 02:14:50 --> Session: Class initialized using 'CodeIgniter\Session\Handlers\FileHandler' driver.
DEBUG - 2026-04-18 02:14:50 --> Session: Class initialized using 'CodeIgniter\Session\Handlers\FileHandler' driver.
DEBUG - 2026-04-18 02:14:59 --> Session: Class initialized using 'CodeIgniter\Session\Handlers\FileHandler' driver.
DEBUG - 2026-04-18 02:14:59 --> Session: Class initialized using 'CodeIgniter\Session\Handlers\FileHandler' driver.
DEBUG - 2026-04-18 02:15:38 --> Session: Class initialized using 'CodeIgniter\Session\Handlers\FileHandler' driver.
DEBUG - 2026-04-18 02:15:45 --> Session: Class initialized using 'CodeIgniter\Session\Handlers\FileHandler' driver.
DEBUG - 2026-04-18 02:15:46 --> Session: Class initialized using 'CodeIgniter\Session\Handlers\FileHandler' driver.
DEBUG - 2026-04-18 02:17:56 --> Session: Class initialized using 'CodeIgniter\Session\Handlers\FileHandler' driver.
DEBUG - 2026-04-18 02:17:56 --> Session: Class initialized using 'CodeIgniter\Session\Handlers\FileHandler' driver.
DEBUG - 2026-04-18 02:18:01 --> Session: Class initialized using 'CodeIgniter\Session\Handlers\FileHandler' driver.
DEBUG - 2026-04-18 02:18:01 --> Session: Class initialized using 'CodeIgniter\Session\Handlers\FileHandler' driver.
DEBUG - 2026-04-18 02:18:33 --> Session: Class initialized using 'CodeIgniter\Session\Handlers\FileHandler' driver.
DEBUG - 2026-04-18 02:18:35 --> Session: Class initialized using 'CodeIgniter\Session\Handlers\FileHandler' driver.
DEBUG - 2026-04-18 02:18:35 --> Session: Class initialized using 'CodeIgniter\Session\Handlers\FileHandler' driver.
DEBUG - 2026-04-18 02:18:44 --> Session: Class initialized using 'CodeIgniter\Session\Handlers\FileHandler' driver.
DEBUG - 2026-04-18 02:18:44 --> Session: Class initialized using 'CodeIgniter\Session\Handlers\FileHandler' driver.
DEBUG - 2026-04-18 02:19:28 --> Session: Class initialized using 'CodeIgniter\Session\Handlers\FileHandler' driver.
DEBUG - 2026-04-18 02:19:29 --> Session: Class initialized using 'CodeIgniter\Session\Handlers\FileHandler' driver.
DEBUG - 2026-04-18 02:19:38 --> Session: Class initialized using 'CodeIgniter\Session\Handlers\FileHandler' driver.
DEBUG - 2026-04-18 02:19:38 --> Session: Class initialized using 'CodeIgniter\Session\Handlers\FileHandler' driver.
DEBUG - 2026-04-18 02:19:43 --> Session: Class initialized using 'CodeIgniter\Session\Handlers\FileHandler' driver.
DEBUG - 2026-04-18 02:19:43 --> Session: Class initialized using 'CodeIgniter\Session\Handlers\FileHandler' driver.
DEBUG - 2026-04-18 02:19:45 --> Session: Class initialized using 'CodeIgniter\Session\Handlers\FileHandler' driver.
DEBUG - 2026-04-18 02:19:45 --> Session: Class initialized using 'CodeIgniter\Session\Handlers\FileHandler' driver.
DEBUG - 2026-04-18 02:19:47 --> Session: Class initialized using 'CodeIgniter\Session\Handlers\FileHandler' driver.
DEBUG - 2026-04-18 02:19:47 --> Session: Class initialized using 'CodeIgniter\Session\Handlers\FileHandler' driver.
DEBUG - 2026-04-18 02:20:22 --> Session: Class initialized using 'CodeIgniter\Session\Handlers\FileHandler' driver.
DEBUG - 2026-04-18 02:20:22 --> Session: Class initialized using 'CodeIgniter\Session\Handlers\FileHandler' driver.
DEBUG - 2026-04-18 02:21:20 --> Session: Class initialized using 'CodeIgniter\Session\Handlers\FileHandler' driver.
DEBUG - 2026-04-18 02:21:20 --> Session: Class initialized using 'CodeIgniter\Session\Handlers\FileHandler' driver.
DEBUG - 2026-04-18 02:21:34 --> Session: Class initialized using 'CodeIgniter\Session\Handlers\FileHandler' driver.
DEBUG - 2026-04-18 02:21:34 --> Session: Class initialized using 'CodeIgniter\Session\Handlers\FileHandler' driver.
DEBUG - 2026-04-18 02:22:25 --> Session: Class initialized using 'CodeIgniter\Session\Handlers\FileHandler' driver.
DEBUG - 2026-04-18 02:24:32 --> Session: Class initialized using 'CodeIgniter\Session\Handlers\FileHandler' driver.
DEBUG - 2026-04-18 02:24:32 --> Session: Class initialized using 'CodeIgniter\Session\Handlers\FileHandler' driver.
DEBUG - 2026-04-18 02:24:42 --> Session: Class initialized using 'CodeIgniter\Session\Handlers\FileHandler' driver.
DEBUG - 2026-04-18 02:24:42 --> Session: Class initialized using 'CodeIgniter\Session\Handlers\FileHandler' driver.
DEBUG - 2026-04-18 02:25:02 --> Session: Class initialized using 'CodeIgniter\Session\Handlers\FileHandler' driver.
DEBUG - 2026-04-18 02:26:06 --> Session: Class initialized using 'CodeIgniter\Session\Handlers\FileHandler' driver.
DEBUG - 2026-04-18 02:34:30 --> Session: Class initialized using 'CodeIgniter\Session\Handlers\FileHandler' driver.
DEBUG - 2026-04-18 02:34:33 --> Session: Class initialized using 'CodeIgniter\Session\Handlers\FileHandler' driver.
DEBUG - 2026-04-18 02:35:20 --> Session: Class initialized using 'CodeIgniter\Session\Handlers\FileHandler' driver.
ERROR - 2026-04-18 02:35:26 --> mysqli_sql_exception: Table 'perpus.rak_buku' doesn't exist in C:\xampp\htdocs\perpus\system\Database\MySQLi\Connection.php:327
Stack trace:
#0 C:\xampp\htdocs\perpus\system\Database\MySQLi\Connection.php(327): mysqli->query('SELECT *\nFROM `...', 0)
#1 C:\xampp\htdocs\perpus\system\Database\BaseConnection.php(729): CodeIgniter\Database\MySQLi\Connection->execute('SELECT *\nFROM `...')
#2 C:\xampp\htdocs\perpus\system\Database\BaseConnection.php(646): CodeIgniter\Database\BaseConnection->simpleQuery('SELECT *\nFROM `...')
#3 C:\xampp\htdocs\perpus\system\Database\BaseBuilder.php(1649): CodeIgniter\Database\BaseConnection->query('SELECT *\nFROM `...', Array, false)
#4 C:\xampp\htdocs\perpus\system\Model.php(286): CodeIgniter\Database\BaseBuilder->get()
#5 C:\xampp\htdocs\perpus\system\BaseModel.php(677): CodeIgniter\Model->doFindAll(0, 0)
#6 C:\xampp\htdocs\perpus\app\Controllers\RakBuku.php(13): CodeIgniter\BaseModel->findAll()
#7 C:\xampp\htdocs\perpus\system\CodeIgniter.php(933): App\Controllers\RakBuku->index()
#8 C:\xampp\htdocs\perpus\system\CodeIgniter.php(507): CodeIgniter\CodeIgniter->runController(Object(App\Controllers\RakBuku))
#9 C:\xampp\htdocs\perpus\system\CodeIgniter.php(354): CodeIgniter\CodeIgniter->handleRequest(NULL, Object(Config\Cache), false)
#10 C:\xampp\htdocs\perpus\system\Boot.php(363): CodeIgniter\CodeIgniter->run()
#11 C:\xampp\htdocs\perpus\system\Boot.php(68): CodeIgniter\Boot::runCodeIgniter(Object(CodeIgniter\CodeIgniter))
#12 C:\xampp\htdocs\perpus\index.php(59): CodeIgniter\Boot::bootWeb(Object(Config\Paths))
#13 {main}
CRITICAL - 2026-04-18 02:35:26 --> CodeIgniter\Database\Exceptions\DatabaseException: Table 'perpus.rak_buku' doesn't exist
[Method: GET, Route: rak]
in SYSTEMPATH\Database\BaseConnection.php on line 684.
 1 SYSTEMPATH\Database\BaseBuilder.php(1649): CodeIgniter\Database\BaseConnection->query('SELECT *
FROM `rak_buku`', [], false)
 2 SYSTEMPATH\Model.php(286): CodeIgniter\Database\BaseBuilder->get()
 3 SYSTEMPATH\BaseModel.php(677): CodeIgniter\Model->doFindAll(0, 0)
 4 APPPATH\Controllers\RakBuku.php(13): CodeIgniter\BaseModel->findAll()
 5 SYSTEMPATH\CodeIgniter.php(933): App\Controllers\RakBuku->index()
 6 SYSTEMPATH\CodeIgniter.php(507): CodeIgniter\CodeIgniter->runController(Object(App\Controllers\RakBuku))
 7 SYSTEMPATH\CodeIgniter.php(354): CodeIgniter\CodeIgniter->handleRequest(null, Object(Config\Cache), false)
 8 SYSTEMPATH\Boot.php(363): CodeIgniter\CodeIgniter->run()
 9 SYSTEMPATH\Boot.php(68): CodeIgniter\Boot::runCodeIgniter(Object(CodeIgniter\CodeIgniter))
10 FCPATH\index.php(59): CodeIgniter\Boot::bootWeb(Object(Config\Paths))
CRITICAL - 2026-04-18 02:35:26 --> [Caused by] CodeIgniter\Database\Exceptions\DatabaseException: Table 'perpus.rak_buku' doesn't exist
in SYSTEMPATH\Database\MySQLi\Connection.php on line 332.
 1 SYSTEMPATH\Database\BaseConnection.php(729): CodeIgniter\Database\MySQLi\Connection->execute('SELECT *
FROM `rak_buku`')
 2 SYSTEMPATH\Database\BaseConnection.php(646): CodeIgniter\Database\BaseConnection->simpleQuery('SELECT *
FROM `rak_buku`')
 3 SYSTEMPATH\Database\BaseBuilder.php(1649): CodeIgniter\Database\BaseConnection->query('SELECT *
FROM `rak_buku`', [], false)
 4 SYSTEMPATH\Model.php(286): CodeIgniter\Database\BaseBuilder->get()
 5 SYSTEMPATH\BaseModel.php(677): CodeIgniter\Model->doFindAll(0, 0)
 6 APPPATH\Controllers\RakBuku.php(13): CodeIgniter\BaseModel->findAll()
 7 SYSTEMPATH\CodeIgniter.php(933): App\Controllers\RakBuku->index()
 8 SYSTEMPATH\CodeIgniter.php(507): CodeIgniter\CodeIgniter->runController(Object(App\Controllers\RakBuku))
 9 SYSTEMPATH\CodeIgniter.php(354): CodeIgniter\CodeIgniter->handleRequest(null, Object(Config\Cache), false)
10 SYSTEMPATH\Boot.php(363): CodeIgniter\CodeIgniter->run()
11 SYSTEMPATH\Boot.php(68): CodeIgniter\Boot::runCodeIgniter(Object(CodeIgniter\CodeIgniter))
12 FCPATH\index.php(59): CodeIgniter\Boot::bootWeb(Object(Config\Paths))
CRITICAL - 2026-04-18 02:35:26 --> [Caused by] mysqli_sql_exception: Table 'perpus.rak_buku' doesn't exist
in SYSTEMPATH\Database\MySQLi\Connection.php on line 327.
 1 SYSTEMPATH\Database\MySQLi\Connection.php(327): mysqli->query('SELECT *
FROM `rak_buku`', 0)
 2 SYSTEMPATH\Database\BaseConnection.php(729): CodeIgniter\Database\MySQLi\Connection->execute('SELECT *
FROM `rak_buku`')
 3 SYSTEMPATH\Database\BaseConnection.php(646): CodeIgniter\Database\BaseConnection->simpleQuery('SELECT *
FROM `rak_buku`')
 4 SYSTEMPATH\Database\BaseBuilder.php(1649): CodeIgniter\Database\BaseConnection->query('SELECT *
FROM `rak_buku`', [], false)
 5 SYSTEMPATH\Model.php(286): CodeIgniter\Database\BaseBuilder->get()
 6 SYSTEMPATH\BaseModel.php(677): CodeIgniter\Model->doFindAll(0, 0)
 7 APPPATH\Controllers\RakBuku.php(13): CodeIgniter\BaseModel->findAll()
 8 SYSTEMPATH\CodeIgniter.php(933): App\Controllers\RakBuku->index()
 9 SYSTEMPATH\CodeIgniter.php(507): CodeIgniter\CodeIgniter->runController(Object(App\Controllers\RakBuku))
10 SYSTEMPATH\CodeIgniter.php(354): CodeIgniter\CodeIgniter->handleRequest(null, Object(Config\Cache), false)
11 SYSTEMPATH\Boot.php(363): CodeIgniter\CodeIgniter->run()
12 SYSTEMPATH\Boot.php(68): CodeIgniter\Boot::runCodeIgniter(Object(CodeIgniter\CodeIgniter))
13 FCPATH\index.php(59): CodeIgniter\Boot::bootWeb(Object(Config\Paths))
DEBUG - 2026-04-18 02:36:41 --> Session: Class initialized using 'CodeIgniter\Session\Handlers\FileHandler' driver.
CRITICAL - 2026-04-18 02:36:41 --> ParseError: syntax error, unexpected token "endif", expecting end of file
[Method: GET, Route: users]
in APPPATH\Views\layouts\menu.php on line 20.
 1 SYSTEMPATH\View\View.php(226): include()
 2 SYSTEMPATH\View\View.php(229): CodeIgniter\View\View->CodeIgniter\View\{closure}()
 3 SYSTEMPATH\View\View.php(242): CodeIgniter\View\View->render('layouts/main', [], true)
 4 SYSTEMPATH\Common.php(1167): CodeIgniter\View\View->render('users/index', [], true)
 5 APPPATH\Controllers\Users.php(109): view('users/index', [...])
 6 SYSTEMPATH\CodeIgniter.php(933): App\Controllers\Users->index()
 7 SYSTEMPATH\CodeIgniter.php(507): CodeIgniter\CodeIgniter->runController(Object(App\Controllers\Users))
 8 SYSTEMPATH\CodeIgniter.php(354): CodeIgniter\CodeIgniter->handleRequest(null, Object(Config\Cache), false)
 9 SYSTEMPATH\Boot.php(363): CodeIgniter\CodeIgniter->run()
10 SYSTEMPATH\Boot.php(68): CodeIgniter\Boot::runCodeIgniter(Object(CodeIgniter\CodeIgniter))
11 FCPATH\index.php(59): CodeIgniter\Boot::bootWeb(Object(Config\Paths))
DEBUG - 2026-04-18 02:36:53 --> Session: Class initialized using 'CodeIgniter\Session\Handlers\FileHandler' driver.
DEBUG - 2026-04-18 02:37:38 --> Session: Class initialized using 'CodeIgniter\Session\Handlers\FileHandler' driver.
ERROR - 2026-04-18 02:37:41 --> mysqli_sql_exception: Table 'perpus.rak_buku' doesn't exist in C:\xampp\htdocs\perpus\system\Database\MySQLi\Connection.php:327
Stack trace:
#0 C:\xampp\htdocs\perpus\system\Database\MySQLi\Connection.php(327): mysqli->query('SELECT *\nFROM `...', 0)
#1 C:\xampp\htdocs\perpus\system\Database\BaseConnection.php(729): CodeIgniter\Database\MySQLi\Connection->execute('SELECT *\nFROM `...')
#2 C:\xampp\htdocs\perpus\system\Database\BaseConnection.php(646): CodeIgniter\Database\BaseConnection->simpleQuery('SELECT *\nFROM `...')
#3 C:\xampp\htdocs\perpus\system\Database\BaseBuilder.php(1649): CodeIgniter\Database\BaseConnection->query('SELECT *\nFROM `...', Array, false)
#4 C:\xampp\htdocs\perpus\system\Model.php(286): CodeIgniter\Database\BaseBuilder->get()
#5 C:\xampp\htdocs\perpus\system\BaseModel.php(677): CodeIgniter\Model->doFindAll(0, 0)
#6 C:\xampp\htdocs\perpus\app\Controllers\RakBuku.php(13): CodeIgniter\BaseModel->findAll()
#7 C:\xampp\htdocs\perpus\system\CodeIgniter.php(933): App\Controllers\RakBuku->index()
#8 C:\xampp\htdocs\perpus\system\CodeIgniter.php(507): CodeIgniter\CodeIgniter->runController(Object(App\Controllers\RakBuku))
#9 C:\xampp\htdocs\perpus\system\CodeIgniter.php(354): CodeIgniter\CodeIgniter->handleRequest(NULL, Object(Config\Cache), false)
#10 C:\xampp\htdocs\perpus\system\Boot.php(363): CodeIgniter\CodeIgniter->run()
#11 C:\xampp\htdocs\perpus\system\Boot.php(68): CodeIgniter\Boot::runCodeIgniter(Object(CodeIgniter\CodeIgniter))
#12 C:\xampp\htdocs\perpus\index.php(59): CodeIgniter\Boot::bootWeb(Object(Config\Paths))
#13 {main}
CRITICAL - 2026-04-18 02:37:41 --> CodeIgniter\Database\Exceptions\DatabaseException: Table 'perpus.rak_buku' doesn't exist
[Method: GET, Route: rak]
in SYSTEMPATH\Database\BaseConnection.php on line 684.
 1 SYSTEMPATH\Database\BaseBuilder.php(1649): CodeIgniter\Database\BaseConnection->query('SELECT *
FROM `rak_buku`', [], false)
 2 SYSTEMPATH\Model.php(286): CodeIgniter\Database\BaseBuilder->get()
 3 SYSTEMPATH\BaseModel.php(677): CodeIgniter\Model->doFindAll(0, 0)
 4 APPPATH\Controllers\RakBuku.php(13): CodeIgniter\BaseModel->findAll()
 5 SYSTEMPATH\CodeIgniter.php(933): App\Controllers\RakBuku->index()
 6 SYSTEMPATH\CodeIgniter.php(507): CodeIgniter\CodeIgniter->runController(Object(App\Controllers\RakBuku))
 7 SYSTEMPATH\CodeIgniter.php(354): CodeIgniter\CodeIgniter->handleRequest(null, Object(Config\Cache), false)
 8 SYSTEMPATH\Boot.php(363): CodeIgniter\CodeIgniter->run()
 9 SYSTEMPATH\Boot.php(68): CodeIgniter\Boot::runCodeIgniter(Object(CodeIgniter\CodeIgniter))
10 FCPATH\index.php(59): CodeIgniter\Boot::bootWeb(Object(Config\Paths))
CRITICAL - 2026-04-18 02:37:41 --> [Caused by] CodeIgniter\Database\Exceptions\DatabaseException: Table 'perpus.rak_buku' doesn't exist
in SYSTEMPATH\Database\MySQLi\Connection.php on line 332.
 1 SYSTEMPATH\Database\BaseConnection.php(729): CodeIgniter\Database\MySQLi\Connection->execute('SELECT *
FROM `rak_buku`')
 2 SYSTEMPATH\Database\BaseConnection.php(646): CodeIgniter\Database\BaseConnection->simpleQuery('SELECT *
FROM `rak_buku`')
 3 SYSTEMPATH\Database\BaseBuilder.php(1649): CodeIgniter\Database\BaseConnection->query('SELECT *
FROM `rak_buku`', [], false)
 4 SYSTEMPATH\Model.php(286): CodeIgniter\Database\BaseBuilder->get()
 5 SYSTEMPATH\BaseModel.php(677): CodeIgniter\Model->doFindAll(0, 0)
 6 APPPATH\Controllers\RakBuku.php(13): CodeIgniter\BaseModel->findAll()
 7 SYSTEMPATH\CodeIgniter.php(933): App\Controllers\RakBuku->index()
 8 SYSTEMPATH\CodeIgniter.php(507): CodeIgniter\CodeIgniter->runController(Object(App\Controllers\RakBuku))
 9 SYSTEMPATH\CodeIgniter.php(354): CodeIgniter\CodeIgniter->handleRequest(null, Object(Config\Cache), false)
10 SYSTEMPATH\Boot.php(363): CodeIgniter\CodeIgniter->run()
11 SYSTEMPATH\Boot.php(68): CodeIgniter\Boot::runCodeIgniter(Object(CodeIgniter\CodeIgniter))
12 FCPATH\index.php(59): CodeIgniter\Boot::bootWeb(Object(Config\Paths))
CRITICAL - 2026-04-18 02:37:41 --> [Caused by] mysqli_sql_exception: Table 'perpus.rak_buku' doesn't exist
in SYSTEMPATH\Database\MySQLi\Connection.php on line 327.
 1 SYSTEMPATH\Database\MySQLi\Connection.php(327): mysqli->query('SELECT *
FROM `rak_buku`', 0)
 2 SYSTEMPATH\Database\BaseConnection.php(729): CodeIgniter\Database\MySQLi\Connection->execute('SELECT *
FROM `rak_buku`')
 3 SYSTEMPATH\Database\BaseConnection.php(646): CodeIgniter\Database\BaseConnection->simpleQuery('SELECT *
FROM `rak_buku`')
 4 SYSTEMPATH\Database\BaseBuilder.php(1649): CodeIgniter\Database\BaseConnection->query('SELECT *
FROM `rak_buku`', [], false)
 5 SYSTEMPATH\Model.php(286): CodeIgniter\Database\BaseBuilder->get()
 6 SYSTEMPATH\BaseModel.php(677): CodeIgniter\Model->doFindAll(0, 0)
 7 APPPATH\Controllers\RakBuku.php(13): CodeIgniter\BaseModel->findAll()
 8 SYSTEMPATH\CodeIgniter.php(933): App\Controllers\RakBuku->index()
 9 SYSTEMPATH\CodeIgniter.php(507): CodeIgniter\CodeIgniter->runController(Object(App\Controllers\RakBuku))
10 SYSTEMPATH\CodeIgniter.php(354): CodeIgniter\CodeIgniter->handleRequest(null, Object(Config\Cache), false)
11 SYSTEMPATH\Boot.php(363): CodeIgniter\CodeIgniter->run()
12 SYSTEMPATH\Boot.php(68): CodeIgniter\Boot::runCodeIgniter(Object(CodeIgniter\CodeIgniter))
13 FCPATH\index.php(59): CodeIgniter\Boot::bootWeb(Object(Config\Paths))
ERROR - 2026-04-18 02:38:26 --> mysqli_sql_exception: Table 'perpus.rak_buku' doesn't exist in C:\xampp\htdocs\perpus\system\Database\MySQLi\Connection.php:327
Stack trace:
#0 C:\xampp\htdocs\perpus\system\Database\MySQLi\Connection.php(327): mysqli->query('SELECT *\nFROM `...', 0)
#1 C:\xampp\htdocs\perpus\system\Database\BaseConnection.php(729): CodeIgniter\Database\MySQLi\Connection->execute('SELECT *\nFROM `...')
#2 C:\xampp\htdocs\perpus\system\Database\BaseConnection.php(646): CodeIgniter\Database\BaseConnection->simpleQuery('SELECT *\nFROM `...')
#3 C:\xampp\htdocs\perpus\system\Database\BaseBuilder.php(1649): CodeIgniter\Database\BaseConnection->query('SELECT *\nFROM `...', Array, false)
#4 C:\xampp\htdocs\perpus\system\Model.php(286): CodeIgniter\Database\BaseBuilder->get()
#5 C:\xampp\htdocs\perpus\system\BaseModel.php(677): CodeIgniter\Model->doFindAll(0, 0)
#6 C:\xampp\htdocs\perpus\app\Controllers\RakBuku.php(13): CodeIgniter\BaseModel->findAll()
#7 C:\xampp\htdocs\perpus\system\CodeIgniter.php(933): App\Controllers\RakBuku->index()
#8 C:\xampp\htdocs\perpus\system\CodeIgniter.php(507): CodeIgniter\CodeIgniter->runController(Object(App\Controllers\RakBuku))
#9 C:\xampp\htdocs\perpus\system\CodeIgniter.php(354): CodeIgniter\CodeIgniter->handleRequest(NULL, Object(Config\Cache), false)
#10 C:\xampp\htdocs\perpus\system\Boot.php(363): CodeIgniter\CodeIgniter->run()
#11 C:\xampp\htdocs\perpus\system\Boot.php(68): CodeIgniter\Boot::runCodeIgniter(Object(CodeIgniter\CodeIgniter))
#12 C:\xampp\htdocs\perpus\index.php(59): CodeIgniter\Boot::bootWeb(Object(Config\Paths))
#13 {main}
CRITICAL - 2026-04-18 02:38:26 --> CodeIgniter\Database\Exceptions\DatabaseException: Table 'perpus.rak_buku' doesn't exist
[Method: GET, Route: rak]
in SYSTEMPATH\Database\BaseConnection.php on line 684.
 1 SYSTEMPATH\Database\BaseBuilder.php(1649): CodeIgniter\Database\BaseConnection->query('SELECT *
FROM `rak_buku`', [], false)
 2 SYSTEMPATH\Model.php(286): CodeIgniter\Database\BaseBuilder->get()
 3 SYSTEMPATH\BaseModel.php(677): CodeIgniter\Model->doFindAll(0, 0)
 4 APPPATH\Controllers\RakBuku.php(13): CodeIgniter\BaseModel->findAll()
 5 SYSTEMPATH\CodeIgniter.php(933): App\Controllers\RakBuku->index()
 6 SYSTEMPATH\CodeIgniter.php(507): CodeIgniter\CodeIgniter->runController(Object(App\Controllers\RakBuku))
 7 SYSTEMPATH\CodeIgniter.php(354): CodeIgniter\CodeIgniter->handleRequest(null, Object(Config\Cache), false)
 8 SYSTEMPATH\Boot.php(363): CodeIgniter\CodeIgniter->run()
 9 SYSTEMPATH\Boot.php(68): CodeIgniter\Boot::runCodeIgniter(Object(CodeIgniter\CodeIgniter))
10 FCPATH\index.php(59): CodeIgniter\Boot::bootWeb(Object(Config\Paths))
CRITICAL - 2026-04-18 02:38:26 --> [Caused by] CodeIgniter\Database\Exceptions\DatabaseException: Table 'perpus.rak_buku' doesn't exist
in SYSTEMPATH\Database\MySQLi\Connection.php on line 332.
 1 SYSTEMPATH\Database\BaseConnection.php(729): CodeIgniter\Database\MySQLi\Connection->execute('SELECT *
FROM `rak_buku`')
 2 SYSTEMPATH\Database\BaseConnection.php(646): CodeIgniter\Database\BaseConnection->simpleQuery('SELECT *
FROM `rak_buku`')
 3 SYSTEMPATH\Database\BaseBuilder.php(1649): CodeIgniter\Database\BaseConnection->query('SELECT *
FROM `rak_buku`', [], false)
 4 SYSTEMPATH\Model.php(286): CodeIgniter\Database\BaseBuilder->get()
 5 SYSTEMPATH\BaseModel.php(677): CodeIgniter\Model->doFindAll(0, 0)
 6 APPPATH\Controllers\RakBuku.php(13): CodeIgniter\BaseModel->findAll()
 7 SYSTEMPATH\CodeIgniter.php(933): App\Controllers\RakBuku->index()
 8 SYSTEMPATH\CodeIgniter.php(507): CodeIgniter\CodeIgniter->runController(Object(App\Controllers\RakBuku))
 9 SYSTEMPATH\CodeIgniter.php(354): CodeIgniter\CodeIgniter->handleRequest(null, Object(Config\Cache), false)
10 SYSTEMPATH\Boot.php(363): CodeIgniter\CodeIgniter->run()
11 SYSTEMPATH\Boot.php(68): CodeIgniter\Boot::runCodeIgniter(Object(CodeIgniter\CodeIgniter))
12 FCPATH\index.php(59): CodeIgniter\Boot::bootWeb(Object(Config\Paths))
CRITICAL - 2026-04-18 02:38:26 --> [Caused by] mysqli_sql_exception: Table 'perpus.rak_buku' doesn't exist
in SYSTEMPATH\Database\MySQLi\Connection.php on line 327.
 1 SYSTEMPATH\Database\MySQLi\Connection.php(327): mysqli->query('SELECT *
FROM `rak_buku`', 0)
 2 SYSTEMPATH\Database\BaseConnection.php(729): CodeIgniter\Database\MySQLi\Connection->execute('SELECT *
FROM `rak_buku`')
 3 SYSTEMPATH\Database\BaseConnection.php(646): CodeIgniter\Database\BaseConnection->simpleQuery('SELECT *
FROM `rak_buku`')
 4 SYSTEMPATH\Database\BaseBuilder.php(1649): CodeIgniter\Database\BaseConnection->query('SELECT *
FROM `rak_buku`', [], false)
 5 SYSTEMPATH\Model.php(286): CodeIgniter\Database\BaseBuilder->get()
 6 SYSTEMPATH\BaseModel.php(677): CodeIgniter\Model->doFindAll(0, 0)
 7 APPPATH\Controllers\RakBuku.php(13): CodeIgniter\BaseModel->findAll()
 8 SYSTEMPATH\CodeIgniter.php(933): App\Controllers\RakBuku->index()
 9 SYSTEMPATH\CodeIgniter.php(507): CodeIgniter\CodeIgniter->runController(Object(App\Controllers\RakBuku))
10 SYSTEMPATH\CodeIgniter.php(354): CodeIgniter\CodeIgniter->handleRequest(null, Object(Config\Cache), false)
11 SYSTEMPATH\Boot.php(363): CodeIgniter\CodeIgniter->run()
12 SYSTEMPATH\Boot.php(68): CodeIgniter\Boot::runCodeIgniter(Object(CodeIgniter\CodeIgniter))
13 FCPATH\index.php(59): CodeIgniter\Boot::bootWeb(Object(Config\Paths))
ERROR - 2026-04-18 02:38:27 --> mysqli_sql_exception: Table 'perpus.rak_buku' doesn't exist in C:\xampp\htdocs\perpus\system\Database\MySQLi\Connection.php:327
Stack trace:
#0 C:\xampp\htdocs\perpus\system\Database\MySQLi\Connection.php(327): mysqli->query('SELECT *\nFROM `...', 0)
#1 C:\xampp\htdocs\perpus\system\Database\BaseConnection.php(729): CodeIgniter\Database\MySQLi\Connection->execute('SELECT *\nFROM `...')
#2 C:\xampp\htdocs\perpus\system\Database\BaseConnection.php(646): CodeIgniter\Database\BaseConnection->simpleQuery('SELECT *\nFROM `...')
#3 C:\xampp\htdocs\perpus\system\Database\BaseBuilder.php(1649): CodeIgniter\Database\BaseConnection->query('SELECT *\nFROM `...', Array, false)
#4 C:\xampp\htdocs\perpus\system\Model.php(286): CodeIgniter\Database\BaseBuilder->get()
#5 C:\xampp\htdocs\perpus\system\BaseModel.php(677): CodeIgniter\Model->doFindAll(0, 0)
#6 C:\xampp\htdocs\perpus\app\Controllers\RakBuku.php(13): CodeIgniter\BaseModel->findAll()
#7 C:\xampp\htdocs\perpus\system\CodeIgniter.php(933): App\Controllers\RakBuku->index()
#8 C:\xampp\htdocs\perpus\system\CodeIgniter.php(507): CodeIgniter\CodeIgniter->runController(Object(App\Controllers\RakBuku))
#9 C:\xampp\htdocs\perpus\system\CodeIgniter.php(354): CodeIgniter\CodeIgniter->handleRequest(NULL, Object(Config\Cache), false)
#10 C:\xampp\htdocs\perpus\system\Boot.php(363): CodeIgniter\CodeIgniter->run()
#11 C:\xampp\htdocs\perpus\system\Boot.php(68): CodeIgniter\Boot::runCodeIgniter(Object(CodeIgniter\CodeIgniter))
#12 C:\xampp\htdocs\perpus\index.php(59): CodeIgniter\Boot::bootWeb(Object(Config\Paths))
#13 {main}
CRITICAL - 2026-04-18 02:38:27 --> CodeIgniter\Database\Exceptions\DatabaseException: Table 'perpus.rak_buku' doesn't exist
[Method: GET, Route: rak]
in SYSTEMPATH\Database\BaseConnection.php on line 684.
 1 SYSTEMPATH\Database\BaseBuilder.php(1649): CodeIgniter\Database\BaseConnection->query('SELECT *
FROM `rak_buku`', [], false)
 2 SYSTEMPATH\Model.php(286): CodeIgniter\Database\BaseBuilder->get()
 3 SYSTEMPATH\BaseModel.php(677): CodeIgniter\Model->doFindAll(0, 0)
 4 APPPATH\Controllers\RakBuku.php(13): CodeIgniter\BaseModel->findAll()
 5 SYSTEMPATH\CodeIgniter.php(933): App\Controllers\RakBuku->index()
 6 SYSTEMPATH\CodeIgniter.php(507): CodeIgniter\CodeIgniter->runController(Object(App\Controllers\RakBuku))
 7 SYSTEMPATH\CodeIgniter.php(354): CodeIgniter\CodeIgniter->handleRequest(null, Object(Config\Cache), false)
 8 SYSTEMPATH\Boot.php(363): CodeIgniter\CodeIgniter->run()
 9 SYSTEMPATH\Boot.php(68): CodeIgniter\Boot::runCodeIgniter(Object(CodeIgniter\CodeIgniter))
10 FCPATH\index.php(59): CodeIgniter\Boot::bootWeb(Object(Config\Paths))
CRITICAL - 2026-04-18 02:38:27 --> [Caused by] CodeIgniter\Database\Exceptions\DatabaseException: Table 'perpus.rak_buku' doesn't exist
in SYSTEMPATH\Database\MySQLi\Connection.php on line 332.
 1 SYSTEMPATH\Database\BaseConnection.php(729): CodeIgniter\Database\MySQLi\Connection->execute('SELECT *
FROM `rak_buku`')
 2 SYSTEMPATH\Database\BaseConnection.php(646): CodeIgniter\Database\BaseConnection->simpleQuery('SELECT *
FROM `rak_buku`')
 3 SYSTEMPATH\Database\BaseBuilder.php(1649): CodeIgniter\Database\BaseConnection->query('SELECT *
FROM `rak_buku`', [], false)
 4 SYSTEMPATH\Model.php(286): CodeIgniter\Database\BaseBuilder->get()
 5 SYSTEMPATH\BaseModel.php(677): CodeIgniter\Model->doFindAll(0, 0)
 6 APPPATH\Controllers\RakBuku.php(13): CodeIgniter\BaseModel->findAll()
 7 SYSTEMPATH\CodeIgniter.php(933): App\Controllers\RakBuku->index()
 8 SYSTEMPATH\CodeIgniter.php(507): CodeIgniter\CodeIgniter->runController(Object(App\Controllers\RakBuku))
 9 SYSTEMPATH\CodeIgniter.php(354): CodeIgniter\CodeIgniter->handleRequest(null, Object(Config\Cache), false)
10 SYSTEMPATH\Boot.php(363): CodeIgniter\CodeIgniter->run()
11 SYSTEMPATH\Boot.php(68): CodeIgniter\Boot::runCodeIgniter(Object(CodeIgniter\CodeIgniter))
12 FCPATH\index.php(59): CodeIgniter\Boot::bootWeb(Object(Config\Paths))
CRITICAL - 2026-04-18 02:38:27 --> [Caused by] mysqli_sql_exception: Table 'perpus.rak_buku' doesn't exist
in SYSTEMPATH\Database\MySQLi\Connection.php on line 327.
 1 SYSTEMPATH\Database\MySQLi\Connection.php(327): mysqli->query('SELECT *
FROM `rak_buku`', 0)
 2 SYSTEMPATH\Database\BaseConnection.php(729): CodeIgniter\Database\MySQLi\Connection->execute('SELECT *
FROM `rak_buku`')
 3 SYSTEMPATH\Database\BaseConnection.php(646): CodeIgniter\Database\BaseConnection->simpleQuery('SELECT *
FROM `rak_buku`')
 4 SYSTEMPATH\Database\BaseBuilder.php(1649): CodeIgniter\Database\BaseConnection->query('SELECT *
FROM `rak_buku`', [], false)
 5 SYSTEMPATH\Model.php(286): CodeIgniter\Database\BaseBuilder->get()
 6 SYSTEMPATH\BaseModel.php(677): CodeIgniter\Model->doFindAll(0, 0)
 7 APPPATH\Controllers\RakBuku.php(13): CodeIgniter\BaseModel->findAll()
 8 SYSTEMPATH\CodeIgniter.php(933): App\Controllers\RakBuku->index()
 9 SYSTEMPATH\CodeIgniter.php(507): CodeIgniter\CodeIgniter->runController(Object(App\Controllers\RakBuku))
10 SYSTEMPATH\CodeIgniter.php(354): CodeIgniter\CodeIgniter->handleRequest(null, Object(Config\Cache), false)
11 SYSTEMPATH\Boot.php(363): CodeIgniter\CodeIgniter->run()
12 SYSTEMPATH\Boot.php(68): CodeIgniter\Boot::runCodeIgniter(Object(CodeIgniter\CodeIgniter))
13 FCPATH\index.php(59): CodeIgniter\Boot::bootWeb(Object(Config\Paths))
ERROR - 2026-04-18 02:39:29 --> mysqli_sql_exception: Table 'perpus.rak_buku' doesn't exist in C:\xampp\htdocs\perpus\system\Database\MySQLi\Connection.php:327
Stack trace:
#0 C:\xampp\htdocs\perpus\system\Database\MySQLi\Connection.php(327): mysqli->query('SELECT *\nFROM `...', 0)
#1 C:\xampp\htdocs\perpus\system\Database\BaseConnection.php(729): CodeIgniter\Database\MySQLi\Connection->execute('SELECT *\nFROM `...')
#2 C:\xampp\htdocs\perpus\system\Database\BaseConnection.php(646): CodeIgniter\Database\BaseConnection->simpleQuery('SELECT *\nFROM `...')
#3 C:\xampp\htdocs\perpus\system\Database\BaseBuilder.php(1649): CodeIgniter\Database\BaseConnection->query('SELECT *\nFROM `...', Array, false)
#4 C:\xampp\htdocs\perpus\system\Model.php(286): CodeIgniter\Database\BaseBuilder->get()
#5 C:\xampp\htdocs\perpus\system\BaseModel.php(677): CodeIgniter\Model->doFindAll(0, 0)
#6 C:\xampp\htdocs\perpus\app\Controllers\RakBuku.php(13): CodeIgniter\BaseModel->findAll()
#7 C:\xampp\htdocs\perpus\system\CodeIgniter.php(933): App\Controllers\RakBuku->index()
#8 C:\xampp\htdocs\perpus\system\CodeIgniter.php(507): CodeIgniter\CodeIgniter->runController(Object(App\Controllers\RakBuku))
#9 C:\xampp\htdocs\perpus\system\CodeIgniter.php(354): CodeIgniter\CodeIgniter->handleRequest(NULL, Object(Config\Cache), false)
#10 C:\xampp\htdocs\perpus\system\Boot.php(363): CodeIgniter\CodeIgniter->run()
#11 C:\xampp\htdocs\perpus\system\Boot.php(68): CodeIgniter\Boot::runCodeIgniter(Object(CodeIgniter\CodeIgniter))
#12 C:\xampp\htdocs\perpus\index.php(59): CodeIgniter\Boot::bootWeb(Object(Config\Paths))
#13 {main}
CRITICAL - 2026-04-18 02:39:29 --> CodeIgniter\Database\Exceptions\DatabaseException: Table 'perpus.rak_buku' doesn't exist
[Method: GET, Route: rak]
in SYSTEMPATH\Database\BaseConnection.php on line 684.
 1 SYSTEMPATH\Database\BaseBuilder.php(1649): CodeIgniter\Database\BaseConnection->query('SELECT *
FROM `rak_buku`', [], false)
 2 SYSTEMPATH\Model.php(286): CodeIgniter\Database\BaseBuilder->get()
 3 SYSTEMPATH\BaseModel.php(677): CodeIgniter\Model->doFindAll(0, 0)
 4 APPPATH\Controllers\RakBuku.php(13): CodeIgniter\BaseModel->findAll()
 5 SYSTEMPATH\CodeIgniter.php(933): App\Controllers\RakBuku->index()
 6 SYSTEMPATH\CodeIgniter.php(507): CodeIgniter\CodeIgniter->runController(Object(App\Controllers\RakBuku))
 7 SYSTEMPATH\CodeIgniter.php(354): CodeIgniter\CodeIgniter->handleRequest(null, Object(Config\Cache), false)
 8 SYSTEMPATH\Boot.php(363): CodeIgniter\CodeIgniter->run()
 9 SYSTEMPATH\Boot.php(68): CodeIgniter\Boot::runCodeIgniter(Object(CodeIgniter\CodeIgniter))
10 FCPATH\index.php(59): CodeIgniter\Boot::bootWeb(Object(Config\Paths))
CRITICAL - 2026-04-18 02:39:29 --> [Caused by] CodeIgniter\Database\Exceptions\DatabaseException: Table 'perpus.rak_buku' doesn't exist
in SYSTEMPATH\Database\MySQLi\Connection.php on line 332.
 1 SYSTEMPATH\Database\BaseConnection.php(729): CodeIgniter\Database\MySQLi\Connection->execute('SELECT *
FROM `rak_buku`')
 2 SYSTEMPATH\Database\BaseConnection.php(646): CodeIgniter\Database\BaseConnection->simpleQuery('SELECT *
FROM `rak_buku`')
 3 SYSTEMPATH\Database\BaseBuilder.php(1649): CodeIgniter\Database\BaseConnection->query('SELECT *
FROM `rak_buku`', [], false)
 4 SYSTEMPATH\Model.php(286): CodeIgniter\Database\BaseBuilder->get()
 5 SYSTEMPATH\BaseModel.php(677): CodeIgniter\Model->doFindAll(0, 0)
 6 APPPATH\Controllers\RakBuku.php(13): CodeIgniter\BaseModel->findAll()
 7 SYSTEMPATH\CodeIgniter.php(933): App\Controllers\RakBuku->index()
 8 SYSTEMPATH\CodeIgniter.php(507): CodeIgniter\CodeIgniter->runController(Object(App\Controllers\RakBuku))
 9 SYSTEMPATH\CodeIgniter.php(354): CodeIgniter\CodeIgniter->handleRequest(null, Object(Config\Cache), false)
10 SYSTEMPATH\Boot.php(363): CodeIgniter\CodeIgniter->run()
11 SYSTEMPATH\Boot.php(68): CodeIgniter\Boot::runCodeIgniter(Object(CodeIgniter\CodeIgniter))
12 FCPATH\index.php(59): CodeIgniter\Boot::bootWeb(Object(Config\Paths))
CRITICAL - 2026-04-18 02:39:29 --> [Caused by] mysqli_sql_exception: Table 'perpus.rak_buku' doesn't exist
in SYSTEMPATH\Database\MySQLi\Connection.php on line 327.
 1 SYSTEMPATH\Database\MySQLi\Connection.php(327): mysqli->query('SELECT *
FROM `rak_buku`', 0)
 2 SYSTEMPATH\Database\BaseConnection.php(729): CodeIgniter\Database\MySQLi\Connection->execute('SELECT *
FROM `rak_buku`')
 3 SYSTEMPATH\Database\BaseConnection.php(646): CodeIgniter\Database\BaseConnection->simpleQuery('SELECT *
FROM `rak_buku`')
 4 SYSTEMPATH\Database\BaseBuilder.php(1649): CodeIgniter\Database\BaseConnection->query('SELECT *
FROM `rak_buku`', [], false)
 5 SYSTEMPATH\Model.php(286): CodeIgniter\Database\BaseBuilder->get()
 6 SYSTEMPATH\BaseModel.php(677): CodeIgniter\Model->doFindAll(0, 0)
 7 APPPATH\Controllers\RakBuku.php(13): CodeIgniter\BaseModel->findAll()
 8 SYSTEMPATH\CodeIgniter.php(933): App\Controllers\RakBuku->index()
 9 SYSTEMPATH\CodeIgniter.php(507): CodeIgniter\CodeIgniter->runController(Object(App\Controllers\RakBuku))
10 SYSTEMPATH\CodeIgniter.php(354): CodeIgniter\CodeIgniter->handleRequest(null, Object(Config\Cache), false)
11 SYSTEMPATH\Boot.php(363): CodeIgniter\CodeIgniter->run()
12 SYSTEMPATH\Boot.php(68): CodeIgniter\Boot::runCodeIgniter(Object(CodeIgniter\CodeIgniter))
13 FCPATH\index.php(59): CodeIgniter\Boot::bootWeb(Object(Config\Paths))
ERROR - 2026-04-18 02:39:30 --> mysqli_sql_exception: Table 'perpus.rak_buku' doesn't exist in C:\xampp\htdocs\perpus\system\Database\MySQLi\Connection.php:327
Stack trace:
#0 C:\xampp\htdocs\perpus\system\Database\MySQLi\Connection.php(327): mysqli->query('SELECT *\nFROM `...', 0)
#1 C:\xampp\htdocs\perpus\system\Database\BaseConnection.php(729): CodeIgniter\Database\MySQLi\Connection->execute('SELECT *\nFROM `...')
#2 C:\xampp\htdocs\perpus\system\Database\BaseConnection.php(646): CodeIgniter\Database\BaseConnection->simpleQuery('SELECT *\nFROM `...')
#3 C:\xampp\htdocs\perpus\system\Database\BaseBuilder.php(1649): CodeIgniter\Database\BaseConnection->query('SELECT *\nFROM `...', Array, false)
#4 C:\xampp\htdocs\perpus\system\Model.php(286): CodeIgniter\Database\BaseBuilder->get()
#5 C:\xampp\htdocs\perpus\system\BaseModel.php(677): CodeIgniter\Model->doFindAll(0, 0)
#6 C:\xampp\htdocs\perpus\app\Controllers\RakBuku.php(13): CodeIgniter\BaseModel->findAll()
#7 C:\xampp\htdocs\perpus\system\CodeIgniter.php(933): App\Controllers\RakBuku->index()
#8 C:\xampp\htdocs\perpus\system\CodeIgniter.php(507): CodeIgniter\CodeIgniter->runController(Object(App\Controllers\RakBuku))
#9 C:\xampp\htdocs\perpus\system\CodeIgniter.php(354): CodeIgniter\CodeIgniter->handleRequest(NULL, Object(Config\Cache), false)
#10 C:\xampp\htdocs\perpus\system\Boot.php(363): CodeIgniter\CodeIgniter->run()
#11 C:\xampp\htdocs\perpus\system\Boot.php(68): CodeIgniter\Boot::runCodeIgniter(Object(CodeIgniter\CodeIgniter))
#12 C:\xampp\htdocs\perpus\index.php(59): CodeIgniter\Boot::bootWeb(Object(Config\Paths))
#13 {main}
CRITICAL - 2026-04-18 02:39:30 --> CodeIgniter\Database\Exceptions\DatabaseException: Table 'perpus.rak_buku' doesn't exist
[Method: GET, Route: rak]
in SYSTEMPATH\Database\BaseConnection.php on line 684.
 1 SYSTEMPATH\Database\BaseBuilder.php(1649): CodeIgniter\Database\BaseConnection->query('SELECT *
FROM `rak_buku`', [], false)
 2 SYSTEMPATH\Model.php(286): CodeIgniter\Database\BaseBuilder->get()
 3 SYSTEMPATH\BaseModel.php(677): CodeIgniter\Model->doFindAll(0, 0)
 4 APPPATH\Controllers\RakBuku.php(13): CodeIgniter\BaseModel->findAll()
 5 SYSTEMPATH\CodeIgniter.php(933): App\Controllers\RakBuku->index()
 6 SYSTEMPATH\CodeIgniter.php(507): CodeIgniter\CodeIgniter->runController(Object(App\Controllers\RakBuku))
 7 SYSTEMPATH\CodeIgniter.php(354): CodeIgniter\CodeIgniter->handleRequest(null, Object(Config\Cache), false)
 8 SYSTEMPATH\Boot.php(363): CodeIgniter\CodeIgniter->run()
 9 SYSTEMPATH\Boot.php(68): CodeIgniter\Boot::runCodeIgniter(Object(CodeIgniter\CodeIgniter))
10 FCPATH\index.php(59): CodeIgniter\Boot::bootWeb(Object(Config\Paths))
CRITICAL - 2026-04-18 02:39:30 --> [Caused by] CodeIgniter\Database\Exceptions\DatabaseException: Table 'perpus.rak_buku' doesn't exist
in SYSTEMPATH\Database\MySQLi\Connection.php on line 332.
 1 SYSTEMPATH\Database\BaseConnection.php(729): CodeIgniter\Database\MySQLi\Connection->execute('SELECT *
FROM `rak_buku`')
 2 SYSTEMPATH\Database\BaseConnection.php(646): CodeIgniter\Database\BaseConnection->simpleQuery('SELECT *
FROM `rak_buku`')
 3 SYSTEMPATH\Database\BaseBuilder.php(1649): CodeIgniter\Database\BaseConnection->query('SELECT *
FROM `rak_buku`', [], false)
 4 SYSTEMPATH\Model.php(286): CodeIgniter\Database\BaseBuilder->get()
 5 SYSTEMPATH\BaseModel.php(677): CodeIgniter\Model->doFindAll(0, 0)
 6 APPPATH\Controllers\RakBuku.php(13): CodeIgniter\BaseModel->findAll()
 7 SYSTEMPATH\CodeIgniter.php(933): App\Controllers\RakBuku->index()
 8 SYSTEMPATH\CodeIgniter.php(507): CodeIgniter\CodeIgniter->runController(Object(App\Controllers\RakBuku))
 9 SYSTEMPATH\CodeIgniter.php(354): CodeIgniter\CodeIgniter->handleRequest(null, Object(Config\Cache), false)
10 SYSTEMPATH\Boot.php(363): CodeIgniter\CodeIgniter->run()
11 SYSTEMPATH\Boot.php(68): CodeIgniter\Boot::runCodeIgniter(Object(CodeIgniter\CodeIgniter))
12 FCPATH\index.php(59): CodeIgniter\Boot::bootWeb(Object(Config\Paths))
CRITICAL - 2026-04-18 02:39:30 --> [Caused by] mysqli_sql_exception: Table 'perpus.rak_buku' doesn't exist
in SYSTEMPATH\Database\MySQLi\Connection.php on line 327.
 1 SYSTEMPATH\Database\MySQLi\Connection.php(327): mysqli->query('SELECT *
FROM `rak_buku`', 0)
 2 SYSTEMPATH\Database\BaseConnection.php(729): CodeIgniter\Database\MySQLi\Connection->execute('SELECT *
FROM `rak_buku`')
 3 SYSTEMPATH\Database\BaseConnection.php(646): CodeIgniter\Database\BaseConnection->simpleQuery('SELECT *
FROM `rak_buku`')
 4 SYSTEMPATH\Database\BaseBuilder.php(1649): CodeIgniter\Database\BaseConnection->query('SELECT *
FROM `rak_buku`', [], false)
 5 SYSTEMPATH\Model.php(286): CodeIgniter\Database\BaseBuilder->get()
 6 SYSTEMPATH\BaseModel.php(677): CodeIgniter\Model->doFindAll(0, 0)
 7 APPPATH\Controllers\RakBuku.php(13): CodeIgniter\BaseModel->findAll()
 8 SYSTEMPATH\CodeIgniter.php(933): App\Controllers\RakBuku->index()
 9 SYSTEMPATH\CodeIgniter.php(507): CodeIgniter\CodeIgniter->runController(Object(App\Controllers\RakBuku))
10 SYSTEMPATH\CodeIgniter.php(354): CodeIgniter\CodeIgniter->handleRequest(null, Object(Config\Cache), false)
11 SYSTEMPATH\Boot.php(363): CodeIgniter\CodeIgniter->run()
12 SYSTEMPATH\Boot.php(68): CodeIgniter\Boot::runCodeIgniter(Object(CodeIgniter\CodeIgniter))
13 FCPATH\index.php(59): CodeIgniter\Boot::bootWeb(Object(Config\Paths))
ERROR - 2026-04-18 02:39:30 --> mysqli_sql_exception: Table 'perpus.rak_buku' doesn't exist in C:\xampp\htdocs\perpus\system\Database\MySQLi\Connection.php:327
Stack trace:
#0 C:\xampp\htdocs\perpus\system\Database\MySQLi\Connection.php(327): mysqli->query('SELECT *\nFROM `...', 0)
#1 C:\xampp\htdocs\perpus\system\Database\BaseConnection.php(729): CodeIgniter\Database\MySQLi\Connection->execute('SELECT *\nFROM `...')
#2 C:\xampp\htdocs\perpus\system\Database\BaseConnection.php(646): CodeIgniter\Database\BaseConnection->simpleQuery('SELECT *\nFROM `...')
#3 C:\xampp\htdocs\perpus\system\Database\BaseBuilder.php(1649): CodeIgniter\Database\BaseConnection->query('SELECT *\nFROM `...', Array, false)
#4 C:\xampp\htdocs\perpus\system\Model.php(286): CodeIgniter\Database\BaseBuilder->get()
#5 C:\xampp\htdocs\perpus\system\BaseModel.php(677): CodeIgniter\Model->doFindAll(0, 0)
#6 C:\xampp\htdocs\perpus\app\Controllers\RakBuku.php(13): CodeIgniter\BaseModel->findAll()
#7 C:\xampp\htdocs\perpus\system\CodeIgniter.php(933): App\Controllers\RakBuku->index()
#8 C:\xampp\htdocs\perpus\system\CodeIgniter.php(507): CodeIgniter\CodeIgniter->runController(Object(App\Controllers\RakBuku))
#9 C:\xampp\htdocs\perpus\system\CodeIgniter.php(354): CodeIgniter\CodeIgniter->handleRequest(NULL, Object(Config\Cache), false)
#10 C:\xampp\htdocs\perpus\system\Boot.php(363): CodeIgniter\CodeIgniter->run()
#11 C:\xampp\htdocs\perpus\system\Boot.php(68): CodeIgniter\Boot::runCodeIgniter(Object(CodeIgniter\CodeIgniter))
#12 C:\xampp\htdocs\perpus\index.php(59): CodeIgniter\Boot::bootWeb(Object(Config\Paths))
#13 {main}
CRITICAL - 2026-04-18 02:39:30 --> CodeIgniter\Database\Exceptions\DatabaseException: Table 'perpus.rak_buku' doesn't exist
[Method: GET, Route: rak]
in SYSTEMPATH\Database\BaseConnection.php on line 684.
 1 SYSTEMPATH\Database\BaseBuilder.php(1649): CodeIgniter\Database\BaseConnection->query('SELECT *
FROM `rak_buku`', [], false)
 2 SYSTEMPATH\Model.php(286): CodeIgniter\Database\BaseBuilder->get()
 3 SYSTEMPATH\BaseModel.php(677): CodeIgniter\Model->doFindAll(0, 0)
 4 APPPATH\Controllers\RakBuku.php(13): CodeIgniter\BaseModel->findAll()
 5 SYSTEMPATH\CodeIgniter.php(933): App\Controllers\RakBuku->index()
 6 SYSTEMPATH\CodeIgniter.php(507): CodeIgniter\CodeIgniter->runController(Object(App\Controllers\RakBuku))
 7 SYSTEMPATH\CodeIgniter.php(354): CodeIgniter\CodeIgniter->handleRequest(null, Object(Config\Cache), false)
 8 SYSTEMPATH\Boot.php(363): CodeIgniter\CodeIgniter->run()
 9 SYSTEMPATH\Boot.php(68): CodeIgniter\Boot::runCodeIgniter(Object(CodeIgniter\CodeIgniter))
10 FCPATH\index.php(59): CodeIgniter\Boot::bootWeb(Object(Config\Paths))
CRITICAL - 2026-04-18 02:39:30 --> [Caused by] CodeIgniter\Database\Exceptions\DatabaseException: Table 'perpus.rak_buku' doesn't exist
in SYSTEMPATH\Database\MySQLi\Connection.php on line 332.
 1 SYSTEMPATH\Database\BaseConnection.php(729): CodeIgniter\Database\MySQLi\Connection->execute('SELECT *
FROM `rak_buku`')
 2 SYSTEMPATH\Database\BaseConnection.php(646): CodeIgniter\Database\BaseConnection->simpleQuery('SELECT *
FROM `rak_buku`')
 3 SYSTEMPATH\Database\BaseBuilder.php(1649): CodeIgniter\Database\BaseConnection->query('SELECT *
FROM `rak_buku`', [], false)
 4 SYSTEMPATH\Model.php(286): CodeIgniter\Database\BaseBuilder->get()
 5 SYSTEMPATH\BaseModel.php(677): CodeIgniter\Model->doFindAll(0, 0)
 6 APPPATH\Controllers\RakBuku.php(13): CodeIgniter\BaseModel->findAll()
 7 SYSTEMPATH\CodeIgniter.php(933): App\Controllers\RakBuku->index()
 8 SYSTEMPATH\CodeIgniter.php(507): CodeIgniter\CodeIgniter->runController(Object(App\Controllers\RakBuku))
 9 SYSTEMPATH\CodeIgniter.php(354): CodeIgniter\CodeIgniter->handleRequest(null, Object(Config\Cache), false)
10 SYSTEMPATH\Boot.php(363): CodeIgniter\CodeIgniter->run()
11 SYSTEMPATH\Boot.php(68): CodeIgniter\Boot::runCodeIgniter(Object(CodeIgniter\CodeIgniter))
12 FCPATH\index.php(59): CodeIgniter\Boot::bootWeb(Object(Config\Paths))
CRITICAL - 2026-04-18 02:39:30 --> [Caused by] mysqli_sql_exception: Table 'perpus.rak_buku' doesn't exist
in SYSTEMPATH\Database\MySQLi\Connection.php on line 327.
 1 SYSTEMPATH\Database\MySQLi\Connection.php(327): mysqli->query('SELECT *
FROM `rak_buku`', 0)
 2 SYSTEMPATH\Database\BaseConnection.php(729): CodeIgniter\Database\MySQLi\Connection->execute('SELECT *
FROM `rak_buku`')
 3 SYSTEMPATH\Database\BaseConnection.php(646): CodeIgniter\Database\BaseConnection->simpleQuery('SELECT *
FROM `rak_buku`')
 4 SYSTEMPATH\Database\BaseBuilder.php(1649): CodeIgniter\Database\BaseConnection->query('SELECT *
FROM `rak_buku`', [], false)
 5 SYSTEMPATH\Model.php(286): CodeIgniter\Database\BaseBuilder->get()
 6 SYSTEMPATH\BaseModel.php(677): CodeIgniter\Model->doFindAll(0, 0)
 7 APPPATH\Controllers\RakBuku.php(13): CodeIgniter\BaseModel->findAll()
 8 SYSTEMPATH\CodeIgniter.php(933): App\Controllers\RakBuku->index()
 9 SYSTEMPATH\CodeIgniter.php(507): CodeIgniter\CodeIgniter->runController(Object(App\Controllers\RakBuku))
10 SYSTEMPATH\CodeIgniter.php(354): CodeIgniter\CodeIgniter->handleRequest(null, Object(Config\Cache), false)
11 SYSTEMPATH\Boot.php(363): CodeIgniter\CodeIgniter->run()
12 SYSTEMPATH\Boot.php(68): CodeIgniter\Boot::runCodeIgniter(Object(CodeIgniter\CodeIgniter))
13 FCPATH\index.php(59): CodeIgniter\Boot::bootWeb(Object(Config\Paths))
ERROR - 2026-04-18 02:39:31 --> mysqli_sql_exception: Table 'perpus.rak_buku' doesn't exist in C:\xampp\htdocs\perpus\system\Database\MySQLi\Connection.php:327
Stack trace:
#0 C:\xampp\htdocs\perpus\system\Database\MySQLi\Connection.php(327): mysqli->query('SELECT *\nFROM `...', 0)
#1 C:\xampp\htdocs\perpus\system\Database\BaseConnection.php(729): CodeIgniter\Database\MySQLi\Connection->execute('SELECT *\nFROM `...')
#2 C:\xampp\htdocs\perpus\system\Database\BaseConnection.php(646): CodeIgniter\Database\BaseConnection->simpleQuery('SELECT *\nFROM `...')
#3 C:\xampp\htdocs\perpus\system\Database\BaseBuilder.php(1649): CodeIgniter\Database\BaseConnection->query('SELECT *\nFROM `...', Array, false)
#4 C:\xampp\htdocs\perpus\system\Model.php(286): CodeIgniter\Database\BaseBuilder->get()
#5 C:\xampp\htdocs\perpus\system\BaseModel.php(677): CodeIgniter\Model->doFindAll(0, 0)
#6 C:\xampp\htdocs\perpus\app\Controllers\RakBuku.php(13): CodeIgniter\BaseModel->findAll()
#7 C:\xampp\htdocs\perpus\system\CodeIgniter.php(933): App\Controllers\RakBuku->index()
#8 C:\xampp\htdocs\perpus\system\CodeIgniter.php(507): CodeIgniter\CodeIgniter->runController(Object(App\Controllers\RakBuku))
#9 C:\xampp\htdocs\perpus\system\CodeIgniter.php(354): CodeIgniter\CodeIgniter->handleRequest(NULL, Object(Config\Cache), false)
#10 C:\xampp\htdocs\perpus\system\Boot.php(363): CodeIgniter\CodeIgniter->run()
#11 C:\xampp\htdocs\perpus\system\Boot.php(68): CodeIgniter\Boot::runCodeIgniter(Object(CodeIgniter\CodeIgniter))
#12 C:\xampp\htdocs\perpus\index.php(59): CodeIgniter\Boot::bootWeb(Object(Config\Paths))
#13 {main}
CRITICAL - 2026-04-18 02:39:31 --> CodeIgniter\Database\Exceptions\DatabaseException: Table 'perpus.rak_buku' doesn't exist
[Method: GET, Route: rak]
in SYSTEMPATH\Database\BaseConnection.php on line 684.
 1 SYSTEMPATH\Database\BaseBuilder.php(1649): CodeIgniter\Database\BaseConnection->query('SELECT *
FROM `rak_buku`', [], false)
 2 SYSTEMPATH\Model.php(286): CodeIgniter\Database\BaseBuilder->get()
 3 SYSTEMPATH\BaseModel.php(677): CodeIgniter\Model->doFindAll(0, 0)
 4 APPPATH\Controllers\RakBuku.php(13): CodeIgniter\BaseModel->findAll()
 5 SYSTEMPATH\CodeIgniter.php(933): App\Controllers\RakBuku->index()
 6 SYSTEMPATH\CodeIgniter.php(507): CodeIgniter\CodeIgniter->runController(Object(App\Controllers\RakBuku))
 7 SYSTEMPATH\CodeIgniter.php(354): CodeIgniter\CodeIgniter->handleRequest(null, Object(Config\Cache), false)
 8 SYSTEMPATH\Boot.php(363): CodeIgniter\CodeIgniter->run()
 9 SYSTEMPATH\Boot.php(68): CodeIgniter\Boot::runCodeIgniter(Object(CodeIgniter\CodeIgniter))
10 FCPATH\index.php(59): CodeIgniter\Boot::bootWeb(Object(Config\Paths))
CRITICAL - 2026-04-18 02:39:31 --> [Caused by] CodeIgniter\Database\Exceptions\DatabaseException: Table 'perpus.rak_buku' doesn't exist
in SYSTEMPATH\Database\MySQLi\Connection.php on line 332.
 1 SYSTEMPATH\Database\BaseConnection.php(729): CodeIgniter\Database\MySQLi\Connection->execute('SELECT *
FROM `rak_buku`')
 2 SYSTEMPATH\Database\BaseConnection.php(646): CodeIgniter\Database\BaseConnection->simpleQuery('SELECT *
FROM `rak_buku`')
 3 SYSTEMPATH\Database\BaseBuilder.php(1649): CodeIgniter\Database\BaseConnection->query('SELECT *
FROM `rak_buku`', [], false)
 4 SYSTEMPATH\Model.php(286): CodeIgniter\Database\BaseBuilder->get()
 5 SYSTEMPATH\BaseModel.php(677): CodeIgniter\Model->doFindAll(0, 0)
 6 APPPATH\Controllers\RakBuku.php(13): CodeIgniter\BaseModel->findAll()
 7 SYSTEMPATH\CodeIgniter.php(933): App\Controllers\RakBuku->index()
 8 SYSTEMPATH\CodeIgniter.php(507): CodeIgniter\CodeIgniter->runController(Object(App\Controllers\RakBuku))
 9 SYSTEMPATH\CodeIgniter.php(354): CodeIgniter\CodeIgniter->handleRequest(null, Object(Config\Cache), false)
10 SYSTEMPATH\Boot.php(363): CodeIgniter\CodeIgniter->run()
11 SYSTEMPATH\Boot.php(68): CodeIgniter\Boot::runCodeIgniter(Object(CodeIgniter\CodeIgniter))
12 FCPATH\index.php(59): CodeIgniter\Boot::bootWeb(Object(Config\Paths))
CRITICAL - 2026-04-18 02:39:31 --> [Caused by] mysqli_sql_exception: Table 'perpus.rak_buku' doesn't exist
in SYSTEMPATH\Database\MySQLi\Connection.php on line 327.
 1 SYSTEMPATH\Database\MySQLi\Connection.php(327): mysqli->query('SELECT *
FROM `rak_buku`', 0)
 2 SYSTEMPATH\Database\BaseConnection.php(729): CodeIgniter\Database\MySQLi\Connection->execute('SELECT *
FROM `rak_buku`')
 3 SYSTEMPATH\Database\BaseConnection.php(646): CodeIgniter\Database\BaseConnection->simpleQuery('SELECT *
FROM `rak_buku`')
 4 SYSTEMPATH\Database\BaseBuilder.php(1649): CodeIgniter\Database\BaseConnection->query('SELECT *
FROM `rak_buku`', [], false)
 5 SYSTEMPATH\Model.php(286): CodeIgniter\Database\BaseBuilder->get()
 6 SYSTEMPATH\BaseModel.php(677): CodeIgniter\Model->doFindAll(0, 0)
 7 APPPATH\Controllers\RakBuku.php(13): CodeIgniter\BaseModel->findAll()
 8 SYSTEMPATH\CodeIgniter.php(933): App\Controllers\RakBuku->index()
 9 SYSTEMPATH\CodeIgniter.php(507): CodeIgniter\CodeIgniter->runController(Object(App\Controllers\RakBuku))
10 SYSTEMPATH\CodeIgniter.php(354): CodeIgniter\CodeIgniter->handleRequest(null, Object(Config\Cache), false)
11 SYSTEMPATH\Boot.php(363): CodeIgniter\CodeIgniter->run()
12 SYSTEMPATH\Boot.php(68): CodeIgniter\Boot::runCodeIgniter(Object(CodeIgniter\CodeIgniter))
13 FCPATH\index.php(59): CodeIgniter\Boot::bootWeb(Object(Config\Paths))
DEBUG - 2026-04-18 02:42:38 --> Session: Class initialized using 'CodeIgniter\Session\Handlers\FileHandler' driver.
DEBUG - 2026-04-18 02:43:40 --> Session: Class initialized using 'CodeIgniter\Session\Handlers\FileHandler' driver.
DEBUG - 2026-04-18 02:43:41 --> Session: Class initialized using 'CodeIgniter\Session\Handlers\FileHandler' driver.
DEBUG - 2026-04-18 02:45:00 --> Session: Class initialized using 'CodeIgniter\Session\Handlers\FileHandler' driver.
DEBUG - 2026-04-18 02:45:01 --> Session: Class initialized using 'CodeIgniter\Session\Handlers\FileHandler' driver.
DEBUG - 2026-04-18 02:45:26 --> Session: Class initialized using 'CodeIgniter\Session\Handlers\FileHandler' driver.
DEBUG - 2026-04-18 02:45:27 --> Session: Class initialized using 'CodeIgniter\Session\Handlers\FileHandler' driver.
DEBUG - 2026-04-18 02:47:26 --> Session: Class initialized using 'CodeIgniter\Session\Handlers\FileHandler' driver.
DEBUG - 2026-04-18 02:47:49 --> Session: Class initialized using 'CodeIgniter\Session\Handlers\FileHandler' driver.
DEBUG - 2026-04-18 02:47:50 --> Session: Class initialized using 'CodeIgniter\Session\Handlers\FileHandler' driver.
DEBUG - 2026-04-18 02:48:12 --> Session: Class initialized using 'CodeIgniter\Session\Handlers\FileHandler' driver.
DEBUG - 2026-04-18 02:48:22 --> Session: Class initialized using 'CodeIgniter\Session\Handlers\FileHandler' driver.
DEBUG - 2026-04-18 02:49:35 --> Session: Class initialized using 'CodeIgniter\Session\Handlers\FileHandler' driver.
DEBUG - 2026-04-18 02:49:36 --> Session: Class initialized using 'CodeIgniter\Session\Handlers\FileHandler' driver.
DEBUG - 2026-04-18 02:49:49 --> Session: Class initialized using 'CodeIgniter\Session\Handlers\FileHandler' driver.
DEBUG - 2026-04-18 02:49:49 --> Session: Class initialized using 'CodeIgniter\Session\Handlers\FileHandler' driver.
DEBUG - 2026-04-18 02:51:03 --> Session: Class initialized using 'CodeIgniter\Session\Handlers\FileHandler' driver.
DEBUG - 2026-04-18 02:51:03 --> Session: Class initialized using 'CodeIgniter\Session\Handlers\FileHandler' driver.
DEBUG - 2026-04-18 02:53:42 --> Session: Class initialized using 'CodeIgniter\Session\Handlers\FileHandler' driver.
DEBUG - 2026-04-18 02:53:43 --> Session: Class initialized using 'CodeIgniter\Session\Handlers\FileHandler' driver.
DEBUG - 2026-04-18 02:53:45 --> Session: Class initialized using 'CodeIgniter\Session\Handlers\FileHandler' driver.
DEBUG - 2026-04-18 02:53:45 --> Session: Class initialized using 'CodeIgniter\Session\Handlers\FileHandler' driver.
DEBUG - 2026-04-18 02:53:46 --> Session: Class initialized using 'CodeIgniter\Session\Handlers\FileHandler' driver.
DEBUG - 2026-04-18 02:53:46 --> Session: Class initialized using 'CodeIgniter\Session\Handlers\FileHandler' driver.
DEBUG - 2026-04-18 02:53:53 --> Session: Class initialized using 'CodeIgniter\Session\Handlers\FileHandler' driver.
DEBUG - 2026-04-18 02:53:53 --> Session: Class initialized using 'CodeIgniter\Session\Handlers\FileHandler' driver.
DEBUG - 2026-04-18 02:53:55 --> Session: Class initialized using 'CodeIgniter\Session\Handlers\FileHandler' driver.
DEBUG - 2026-04-18 02:53:55 --> Session: Class initialized using 'CodeIgniter\Session\Handlers\FileHandler' driver.
DEBUG - 2026-04-18 02:53:56 --> Session: Class initialized using 'CodeIgniter\Session\Handlers\FileHandler' driver.
DEBUG - 2026-04-18 02:54:02 --> Session: Class initialized using 'CodeIgniter\Session\Handlers\FileHandler' driver.
DEBUG - 2026-04-18 02:54:04 --> Session: Class initialized using 'CodeIgniter\Session\Handlers\FileHandler' driver.
DEBUG - 2026-04-18 02:59:17 --> Session: Class initialized using 'CodeIgniter\Session\Handlers\FileHandler' driver.
DEBUG - 2026-04-18 02:59:20 --> Session: Class initialized using 'CodeIgniter\Session\Handlers\FileHandler' driver.
DEBUG - 2026-04-18 02:59:25 --> Session: Class initialized using 'CodeIgniter\Session\Handlers\FileHandler' driver.
DEBUG - 2026-04-18 02:59:28 --> Session: Class initialized using 'CodeIgniter\Session\Handlers\FileHandler' driver.
DEBUG - 2026-04-18 02:59:29 --> Session: Class initialized using 'CodeIgniter\Session\Handlers\FileHandler' driver.
DEBUG - 2026-04-18 02:59:33 --> Session: Class initialized using 'CodeIgniter\Session\Handlers\FileHandler' driver.
DEBUG - 2026-04-18 02:59:39 --> Session: Class initialized using 'CodeIgniter\Session\Handlers\FileHandler' driver.
DEBUG - 2026-04-18 02:59:40 --> Session: Class initialized using 'CodeIgniter\Session\Handlers\FileHandler' driver.
DEBUG - 2026-04-18 02:59:47 --> Session: Class initialized using 'CodeIgniter\Session\Handlers\FileHandler' driver.
DEBUG - 2026-04-18 03:00:00 --> Session: Class initialized using 'CodeIgniter\Session\Handlers\FileHandler' driver.
DEBUG - 2026-04-18 03:00:11 --> Session: Class initialized using 'CodeIgniter\Session\Handlers\FileHandler' driver.
DEBUG - 2026-04-18 03:00:11 --> Session: Class initialized using 'CodeIgniter\Session\Handlers\FileHandler' driver.
DEBUG - 2026-04-18 03:00:22 --> Session: Class initialized using 'CodeIgniter\Session\Handlers\FileHandler' driver.
DEBUG - 2026-04-18 03:00:23 --> Session: Class initialized using 'CodeIgniter\Session\Handlers\FileHandler' driver.
DEBUG - 2026-04-18 03:00:24 --> Session: Class initialized using 'CodeIgniter\Session\Handlers\FileHandler' driver.
DEBUG - 2026-04-18 03:01:23 --> Session: Class initialized using 'CodeIgniter\Session\Handlers\FileHandler' driver.
DEBUG - 2026-04-18 03:01:23 --> Session: Class initialized using 'CodeIgniter\Session\Handlers\FileHandler' driver.
DEBUG - 2026-04-18 03:01:29 --> Session: Class initialized using 'CodeIgniter\Session\Handlers\FileHandler' driver.
DEBUG - 2026-04-18 03:01:29 --> Session: Class initialized using 'CodeIgniter\Session\Handlers\FileHandler' driver.
DEBUG - 2026-04-18 03:02:10 --> Session: Class initialized using 'CodeIgniter\Session\Handlers\FileHandler' driver.
DEBUG - 2026-04-18 03:02:11 --> Session: Class initialized using 'CodeIgniter\Session\Handlers\FileHandler' driver.
DEBUG - 2026-04-18 03:02:15 --> Session: Class initialized using 'CodeIgniter\Session\Handlers\FileHandler' driver.
DEBUG - 2026-04-18 03:02:25 --> Session: Class initialized using 'CodeIgniter\Session\Handlers\FileHandler' driver.
DEBUG - 2026-04-18 03:02:26 --> Session: Class initialized using 'CodeIgniter\Session\Handlers\FileHandler' driver.
DEBUG - 2026-04-18 03:03:13 --> Session: Class initialized using 'CodeIgniter\Session\Handlers\FileHandler' driver.
DEBUG - 2026-04-18 03:06:00 --> Session: Class initialized using 'CodeIgniter\Session\Handlers\FileHandler' driver.
DEBUG - 2026-04-18 03:06:01 --> Session: Class initialized using 'CodeIgniter\Session\Handlers\FileHandler' driver.
DEBUG - 2026-04-18 03:06:02 --> Session: Class initialized using 'CodeIgniter\Session\Handlers\FileHandler' driver.
DEBUG - 2026-04-18 03:06:02 --> Session: Class initialized using 'CodeIgniter\Session\Handlers\FileHandler' driver.
DEBUG - 2026-04-18 03:06:03 --> Session: Class initialized using 'CodeIgniter\Session\Handlers\FileHandler' driver.
DEBUG - 2026-04-18 03:22:36 --> Session: Class initialized using 'CodeIgniter\Session\Handlers\FileHandler' driver.
DEBUG - 2026-04-18 03:23:54 --> Session: Class initialized using 'CodeIgniter\Session\Handlers\FileHandler' driver.
DEBUG - 2026-04-18 03:23:55 --> Session: Class initialized using 'CodeIgniter\Session\Handlers\FileHandler' driver.
ERROR - 2026-04-18 03:25:31 --> mysqli_sql_exception: Table 'perpus.rak' doesn't exist in C:\xampp\htdocs\perpus\system\Database\MySQLi\Connection.php:327
Stack trace:
#0 C:\xampp\htdocs\perpus\system\Database\MySQLi\Connection.php(327): mysqli->query('SELECT `buku`.*...', 0)
#1 C:\xampp\htdocs\perpus\system\Database\BaseConnection.php(729): CodeIgniter\Database\MySQLi\Connection->execute('SELECT `buku`.*...')
#2 C:\xampp\htdocs\perpus\system\Database\BaseConnection.php(646): CodeIgniter\Database\BaseConnection->simpleQuery('SELECT `buku`.*...')
#3 C:\xampp\htdocs\perpus\system\Database\BaseBuilder.php(1649): CodeIgniter\Database\BaseConnection->query('SELECT `buku`.*...', Array, false)
#4 C:\xampp\htdocs\perpus\app\Controllers\buku.php(41): CodeIgniter\Database\BaseBuilder->get()
#5 C:\xampp\htdocs\perpus\system\CodeIgniter.php(933): App\Controllers\Buku->index()
#6 C:\xampp\htdocs\perpus\system\CodeIgniter.php(507): CodeIgniter\CodeIgniter->runController(Object(App\Controllers\Buku))
#7 C:\xampp\htdocs\perpus\system\CodeIgniter.php(354): CodeIgniter\CodeIgniter->handleRequest(NULL, Object(Config\Cache), false)
#8 C:\xampp\htdocs\perpus\system\Boot.php(363): CodeIgniter\CodeIgniter->run()
#9 C:\xampp\htdocs\perpus\system\Boot.php(68): CodeIgniter\Boot::runCodeIgniter(Object(CodeIgniter\CodeIgniter))
#10 C:\xampp\htdocs\perpus\index.php(59): CodeIgniter\Boot::bootWeb(Object(Config\Paths))
#11 {main}
CRITICAL - 2026-04-18 03:25:31 --> CodeIgniter\Database\Exceptions\DatabaseException: Table 'perpus.rak' doesn't exist
[Method: GET, Route: buku]
in SYSTEMPATH\Database\BaseConnection.php on line 684.
 1 SYSTEMPATH\Database\BaseBuilder.php(1649): CodeIgniter\Database\BaseConnection->query('SELECT `buku`.*, `kategori`.`nama_kategori`, `penulis`.`nama_penulis`, `penerbit`.`nama_penerbit`, `rak`.`nama_rak`, `rak`.`lokasi`
FROM `buku`
LEFT JOIN `kategori` ON `kategori`.`id_kategori` = `buku`.`id_kategori`
LEFT JOIN `penulis` ON `penulis`.`id_penulis` = `buku`.`id_penulis`
LEFT JOIN `penerbit` ON `penerbit`.`id_penerbit` = `buku`.`id_penerbit`
LEFT JOIN `buku_rak` ON `buku_rak`.`id_buku` = `buku`.`id_buku`
LEFT JOIN `rak` ON `rak`.`id_rak` = `buku_rak`.`id_rak`', [], false)
 2 APPPATH\Controllers\buku.php(41): CodeIgniter\Database\BaseBuilder->get()
 3 SYSTEMPATH\CodeIgniter.php(933): App\Controllers\Buku->index()
 4 SYSTEMPATH\CodeIgniter.php(507): CodeIgniter\CodeIgniter->runController(Object(App\Controllers\Buku))
 5 SYSTEMPATH\CodeIgniter.php(354): CodeIgniter\CodeIgniter->handleRequest(null, Object(Config\Cache), false)
 6 SYSTEMPATH\Boot.php(363): CodeIgniter\CodeIgniter->run()
 7 SYSTEMPATH\Boot.php(68): CodeIgniter\Boot::runCodeIgniter(Object(CodeIgniter\CodeIgniter))
 8 FCPATH\index.php(59): CodeIgniter\Boot::bootWeb(Object(Config\Paths))
CRITICAL - 2026-04-18 03:25:31 --> [Caused by] CodeIgniter\Database\Exceptions\DatabaseException: Table 'perpus.rak' doesn't exist
in SYSTEMPATH\Database\MySQLi\Connection.php on line 332.
 1 SYSTEMPATH\Database\BaseConnection.php(729): CodeIgniter\Database\MySQLi\Connection->execute('SELECT `buku`.*, `kategori`.`nama_kategori`, `penulis`.`nama_penulis`, `penerbit`.`nama_penerbit`, `rak`.`nama_rak`, `rak`.`lokasi`
FROM `buku`
LEFT JOIN `kategori` ON `kategori`.`id_kategori` = `buku`.`id_kategori`
LEFT JOIN `penulis` ON `penulis`.`id_penulis` = `buku`.`id_penulis`
LEFT JOIN `penerbit` ON `penerbit`.`id_penerbit` = `buku`.`id_penerbit`
LEFT JOIN `buku_rak` ON `buku_rak`.`id_buku` = `buku`.`id_buku`
LEFT JOIN `rak` ON `rak`.`id_rak` = `buku_rak`.`id_rak`')
 2 SYSTEMPATH\Database\BaseConnection.php(646): CodeIgniter\Database\BaseConnection->simpleQuery('SELECT `buku`.*, `kategori`.`nama_kategori`, `penulis`.`nama_penulis`, `penerbit`.`nama_penerbit`, `rak`.`nama_rak`, `rak`.`lokasi`
FROM `buku`
LEFT JOIN `kategori` ON `kategori`.`id_kategori` = `buku`.`id_kategori`
LEFT JOIN `penulis` ON `penulis`.`id_penulis` = `buku`.`id_penulis`
LEFT JOIN `penerbit` ON `penerbit`.`id_penerbit` = `buku`.`id_penerbit`
LEFT JOIN `buku_rak` ON `buku_rak`.`id_buku` = `buku`.`id_buku`
LEFT JOIN `rak` ON `rak`.`id_rak` = `buku_rak`.`id_rak`')
 3 SYSTEMPATH\Database\BaseBuilder.php(1649): CodeIgniter\Database\BaseConnection->query('SELECT `buku`.*, `kategori`.`nama_kategori`, `penulis`.`nama_penulis`, `penerbit`.`nama_penerbit`, `rak`.`nama_rak`, `rak`.`lokasi`
FROM `buku`
LEFT JOIN `kategori` ON `kategori`.`id_kategori` = `buku`.`id_kategori`
LEFT JOIN `penulis` ON `penulis`.`id_penulis` = `buku`.`id_penulis`
LEFT JOIN `penerbit` ON `penerbit`.`id_penerbit` = `buku`.`id_penerbit`
LEFT JOIN `buku_rak` ON `buku_rak`.`id_buku` = `buku`.`id_buku`
LEFT JOIN `rak` ON `rak`.`id_rak` = `buku_rak`.`id_rak`', [], false)
 4 APPPATH\Controllers\buku.php(41): CodeIgniter\Database\BaseBuilder->get()
 5 SYSTEMPATH\CodeIgniter.php(933): App\Controllers\Buku->index()
 6 SYSTEMPATH\CodeIgniter.php(507): CodeIgniter\CodeIgniter->runController(Object(App\Controllers\Buku))
 7 SYSTEMPATH\CodeIgniter.php(354): CodeIgniter\CodeIgniter->handleRequest(null, Object(Config\Cache), false)
 8 SYSTEMPATH\Boot.php(363): CodeIgniter\CodeIgniter->run()
 9 SYSTEMPATH\Boot.php(68): CodeIgniter\Boot::runCodeIgniter(Object(CodeIgniter\CodeIgniter))
10 FCPATH\index.php(59): CodeIgniter\Boot::bootWeb(Object(Config\Paths))
CRITICAL - 2026-04-18 03:25:31 --> [Caused by] mysqli_sql_exception: Table 'perpus.rak' doesn't exist
in SYSTEMPATH\Database\MySQLi\Connection.php on line 327.
 1 SYSTEMPATH\Database\MySQLi\Connection.php(327): mysqli->query('SELECT `buku`.*, `kategori`.`nama_kategori`, `penulis`.`nama_penulis`, `penerbit`.`nama_penerbit`, `rak`.`nama_rak`, `rak`.`lokasi`
FROM `buku`
LEFT JOIN `kategori` ON `kategori`.`id_kategori` = `buku`.`id_kategori`
LEFT JOIN `penulis` ON `penulis`.`id_penulis` = `buku`.`id_penulis`
LEFT JOIN `penerbit` ON `penerbit`.`id_penerbit` = `buku`.`id_penerbit`
LEFT JOIN `buku_rak` ON `buku_rak`.`id_buku` = `buku`.`id_buku`
LEFT JOIN `rak` ON `rak`.`id_rak` = `buku_rak`.`id_rak`', 0)
 2 SYSTEMPATH\Database\BaseConnection.php(729): CodeIgniter\Database\MySQLi\Connection->execute('SELECT `buku`.*, `kategori`.`nama_kategori`, `penulis`.`nama_penulis`, `penerbit`.`nama_penerbit`, `rak`.`nama_rak`, `rak`.`lokasi`
FROM `buku`
LEFT JOIN `kategori` ON `kategori`.`id_kategori` = `buku`.`id_kategori`
LEFT JOIN `penulis` ON `penulis`.`id_penulis` = `buku`.`id_penulis`
LEFT JOIN `penerbit` ON `penerbit`.`id_penerbit` = `buku`.`id_penerbit`
LEFT JOIN `buku_rak` ON `buku_rak`.`id_buku` = `buku`.`id_buku`
LEFT JOIN `rak` ON `rak`.`id_rak` = `buku_rak`.`id_rak`')
 3 SYSTEMPATH\Database\BaseConnection.php(646): CodeIgniter\Database\BaseConnection->simpleQuery('SELECT `buku`.*, `kategori`.`nama_kategori`, `penulis`.`nama_penulis`, `penerbit`.`nama_penerbit`, `rak`.`nama_rak`, `rak`.`lokasi`
FROM `buku`
LEFT JOIN `kategori` ON `kategori`.`id_kategori` = `buku`.`id_kategori`
LEFT JOIN `penulis` ON `penulis`.`id_penulis` = `buku`.`id_penulis`
LEFT JOIN `penerbit` ON `penerbit`.`id_penerbit` = `buku`.`id_penerbit`
LEFT JOIN `buku_rak` ON `buku_rak`.`id_buku` = `buku`.`id_buku`
LEFT JOIN `rak` ON `rak`.`id_rak` = `buku_rak`.`id_rak`')
 4 SYSTEMPATH\Database\BaseBuilder.php(1649): CodeIgniter\Database\BaseConnection->query('SELECT `buku`.*, `kategori`.`nama_kategori`, `penulis`.`nama_penulis`, `penerbit`.`nama_penerbit`, `rak`.`nama_rak`, `rak`.`lokasi`
FROM `buku`
LEFT JOIN `kategori` ON `kategori`.`id_kategori` = `buku`.`id_kategori`
LEFT JOIN `penulis` ON `penulis`.`id_penulis` = `buku`.`id_penulis`
LEFT JOIN `penerbit` ON `penerbit`.`id_penerbit` = `buku`.`id_penerbit`
LEFT JOIN `buku_rak` ON `buku_rak`.`id_buku` = `buku`.`id_buku`
LEFT JOIN `rak` ON `rak`.`id_rak` = `buku_rak`.`id_rak`', [], false)
 5 APPPATH\Controllers\buku.php(41): CodeIgniter\Database\BaseBuilder->get()
 6 SYSTEMPATH\CodeIgniter.php(933): App\Controllers\Buku->index()
 7 SYSTEMPATH\CodeIgniter.php(507): CodeIgniter\CodeIgniter->runController(Object(App\Controllers\Buku))
 8 SYSTEMPATH\CodeIgniter.php(354): CodeIgniter\CodeIgniter->handleRequest(null, Object(Config\Cache), false)
 9 SYSTEMPATH\Boot.php(363): CodeIgniter\CodeIgniter->run()
10 SYSTEMPATH\Boot.php(68): CodeIgniter\Boot::runCodeIgniter(Object(CodeIgniter\CodeIgniter))
11 FCPATH\index.php(59): CodeIgniter\Boot::bootWeb(Object(Config\Paths))
ERROR - 2026-04-18 03:25:34 --> mysqli_sql_exception: Table 'perpus.rak' doesn't exist in C:\xampp\htdocs\perpus\system\Database\MySQLi\Connection.php:327
Stack trace:
#0 C:\xampp\htdocs\perpus\system\Database\MySQLi\Connection.php(327): mysqli->query('SELECT `buku`.*...', 0)
#1 C:\xampp\htdocs\perpus\system\Database\BaseConnection.php(729): CodeIgniter\Database\MySQLi\Connection->execute('SELECT `buku`.*...')
#2 C:\xampp\htdocs\perpus\system\Database\BaseConnection.php(646): CodeIgniter\Database\BaseConnection->simpleQuery('SELECT `buku`.*...')
#3 C:\xampp\htdocs\perpus\system\Database\BaseBuilder.php(1649): CodeIgniter\Database\BaseConnection->query('SELECT `buku`.*...', Array, false)
#4 C:\xampp\htdocs\perpus\app\Controllers\buku.php(41): CodeIgniter\Database\BaseBuilder->get()
#5 C:\xampp\htdocs\perpus\system\CodeIgniter.php(933): App\Controllers\Buku->index()
#6 C:\xampp\htdocs\perpus\system\CodeIgniter.php(507): CodeIgniter\CodeIgniter->runController(Object(App\Controllers\Buku))
#7 C:\xampp\htdocs\perpus\system\CodeIgniter.php(354): CodeIgniter\CodeIgniter->handleRequest(NULL, Object(Config\Cache), false)
#8 C:\xampp\htdocs\perpus\system\Boot.php(363): CodeIgniter\CodeIgniter->run()
#9 C:\xampp\htdocs\perpus\system\Boot.php(68): CodeIgniter\Boot::runCodeIgniter(Object(CodeIgniter\CodeIgniter))
#10 C:\xampp\htdocs\perpus\index.php(59): CodeIgniter\Boot::bootWeb(Object(Config\Paths))
#11 {main}
CRITICAL - 2026-04-18 03:25:34 --> CodeIgniter\Database\Exceptions\DatabaseException: Table 'perpus.rak' doesn't exist
[Method: GET, Route: buku]
in SYSTEMPATH\Database\BaseConnection.php on line 684.
 1 SYSTEMPATH\Database\BaseBuilder.php(1649): CodeIgniter\Database\BaseConnection->query('SELECT `buku`.*, `kategori`.`nama_kategori`, `penulis`.`nama_penulis`, `penerbit`.`nama_penerbit`, `rak`.`nama_rak`, `rak`.`lokasi`
FROM `buku`
LEFT JOIN `kategori` ON `kategori`.`id_kategori` = `buku`.`id_kategori`
LEFT JOIN `penulis` ON `penulis`.`id_penulis` = `buku`.`id_penulis`
LEFT JOIN `penerbit` ON `penerbit`.`id_penerbit` = `buku`.`id_penerbit`
LEFT JOIN `buku_rak` ON `buku_rak`.`id_buku` = `buku`.`id_buku`
LEFT JOIN `rak` ON `rak`.`id_rak` = `buku_rak`.`id_rak`', [], false)
 2 APPPATH\Controllers\buku.php(41): CodeIgniter\Database\BaseBuilder->get()
 3 SYSTEMPATH\CodeIgniter.php(933): App\Controllers\Buku->index()
 4 SYSTEMPATH\CodeIgniter.php(507): CodeIgniter\CodeIgniter->runController(Object(App\Controllers\Buku))
 5 SYSTEMPATH\CodeIgniter.php(354): CodeIgniter\CodeIgniter->handleRequest(null, Object(Config\Cache), false)
 6 SYSTEMPATH\Boot.php(363): CodeIgniter\CodeIgniter->run()
 7 SYSTEMPATH\Boot.php(68): CodeIgniter\Boot::runCodeIgniter(Object(CodeIgniter\CodeIgniter))
 8 FCPATH\index.php(59): CodeIgniter\Boot::bootWeb(Object(Config\Paths))
CRITICAL - 2026-04-18 03:25:34 --> [Caused by] CodeIgniter\Database\Exceptions\DatabaseException: Table 'perpus.rak' doesn't exist
in SYSTEMPATH\Database\MySQLi\Connection.php on line 332.
 1 SYSTEMPATH\Database\BaseConnection.php(729): CodeIgniter\Database\MySQLi\Connection->execute('SELECT `buku`.*, `kategori`.`nama_kategori`, `penulis`.`nama_penulis`, `penerbit`.`nama_penerbit`, `rak`.`nama_rak`, `rak`.`lokasi`
FROM `buku`
LEFT JOIN `kategori` ON `kategori`.`id_kategori` = `buku`.`id_kategori`
LEFT JOIN `penulis` ON `penulis`.`id_penulis` = `buku`.`id_penulis`
LEFT JOIN `penerbit` ON `penerbit`.`id_penerbit` = `buku`.`id_penerbit`
LEFT JOIN `buku_rak` ON `buku_rak`.`id_buku` = `buku`.`id_buku`
LEFT JOIN `rak` ON `rak`.`id_rak` = `buku_rak`.`id_rak`')
 2 SYSTEMPATH\Database\BaseConnection.php(646): CodeIgniter\Database\BaseConnection->simpleQuery('SELECT `buku`.*, `kategori`.`nama_kategori`, `penulis`.`nama_penulis`, `penerbit`.`nama_penerbit`, `rak`.`nama_rak`, `rak`.`lokasi`
FROM `buku`
LEFT JOIN `kategori` ON `kategori`.`id_kategori` = `buku`.`id_kategori`
LEFT JOIN `penulis` ON `penulis`.`id_penulis` = `buku`.`id_penulis`
LEFT JOIN `penerbit` ON `penerbit`.`id_penerbit` = `buku`.`id_penerbit`
LEFT JOIN `buku_rak` ON `buku_rak`.`id_buku` = `buku`.`id_buku`
LEFT JOIN `rak` ON `rak`.`id_rak` = `buku_rak`.`id_rak`')
 3 SYSTEMPATH\Database\BaseBuilder.php(1649): CodeIgniter\Database\BaseConnection->query('SELECT `buku`.*, `kategori`.`nama_kategori`, `penulis`.`nama_penulis`, `penerbit`.`nama_penerbit`, `rak`.`nama_rak`, `rak`.`lokasi`
FROM `buku`
LEFT JOIN `kategori` ON `kategori`.`id_kategori` = `buku`.`id_kategori`
LEFT JOIN `penulis` ON `penulis`.`id_penulis` = `buku`.`id_penulis`
LEFT JOIN `penerbit` ON `penerbit`.`id_penerbit` = `buku`.`id_penerbit`
LEFT JOIN `buku_rak` ON `buku_rak`.`id_buku` = `buku`.`id_buku`
LEFT JOIN `rak` ON `rak`.`id_rak` = `buku_rak`.`id_rak`', [], false)
 4 APPPATH\Controllers\buku.php(41): CodeIgniter\Database\BaseBuilder->get()
 5 SYSTEMPATH\CodeIgniter.php(933): App\Controllers\Buku->index()
 6 SYSTEMPATH\CodeIgniter.php(507): CodeIgniter\CodeIgniter->runController(Object(App\Controllers\Buku))
 7 SYSTEMPATH\CodeIgniter.php(354): CodeIgniter\CodeIgniter->handleRequest(null, Object(Config\Cache), false)
 8 SYSTEMPATH\Boot.php(363): CodeIgniter\CodeIgniter->run()
 9 SYSTEMPATH\Boot.php(68): CodeIgniter\Boot::runCodeIgniter(Object(CodeIgniter\CodeIgniter))
10 FCPATH\index.php(59): CodeIgniter\Boot::bootWeb(Object(Config\Paths))
CRITICAL - 2026-04-18 03:25:34 --> [Caused by] mysqli_sql_exception: Table 'perpus.rak' doesn't exist
in SYSTEMPATH\Database\MySQLi\Connection.php on line 327.
 1 SYSTEMPATH\Database\MySQLi\Connection.php(327): mysqli->query('SELECT `buku`.*, `kategori`.`nama_kategori`, `penulis`.`nama_penulis`, `penerbit`.`nama_penerbit`, `rak`.`nama_rak`, `rak`.`lokasi`
FROM `buku`
LEFT JOIN `kategori` ON `kategori`.`id_kategori` = `buku`.`id_kategori`
LEFT JOIN `penulis` ON `penulis`.`id_penulis` = `buku`.`id_penulis`
LEFT JOIN `penerbit` ON `penerbit`.`id_penerbit` = `buku`.`id_penerbit`
LEFT JOIN `buku_rak` ON `buku_rak`.`id_buku` = `buku`.`id_buku`
LEFT JOIN `rak` ON `rak`.`id_rak` = `buku_rak`.`id_rak`', 0)
 2 SYSTEMPATH\Database\BaseConnection.php(729): CodeIgniter\Database\MySQLi\Connection->execute('SELECT `buku`.*, `kategori`.`nama_kategori`, `penulis`.`nama_penulis`, `penerbit`.`nama_penerbit`, `rak`.`nama_rak`, `rak`.`lokasi`
FROM `buku`
LEFT JOIN `kategori` ON `kategori`.`id_kategori` = `buku`.`id_kategori`
LEFT JOIN `penulis` ON `penulis`.`id_penulis` = `buku`.`id_penulis`
LEFT JOIN `penerbit` ON `penerbit`.`id_penerbit` = `buku`.`id_penerbit`
LEFT JOIN `buku_rak` ON `buku_rak`.`id_buku` = `buku`.`id_buku`
LEFT JOIN `rak` ON `rak`.`id_rak` = `buku_rak`.`id_rak`')
 3 SYSTEMPATH\Database\BaseConnection.php(646): CodeIgniter\Database\BaseConnection->simpleQuery('SELECT `buku`.*, `kategori`.`nama_kategori`, `penulis`.`nama_penulis`, `penerbit`.`nama_penerbit`, `rak`.`nama_rak`, `rak`.`lokasi`
FROM `buku`
LEFT JOIN `kategori` ON `kategori`.`id_kategori` = `buku`.`id_kategori`
LEFT JOIN `penulis` ON `penulis`.`id_penulis` = `buku`.`id_penulis`
LEFT JOIN `penerbit` ON `penerbit`.`id_penerbit` = `buku`.`id_penerbit`
LEFT JOIN `buku_rak` ON `buku_rak`.`id_buku` = `buku`.`id_buku`
LEFT JOIN `rak` ON `rak`.`id_rak` = `buku_rak`.`id_rak`')
 4 SYSTEMPATH\Database\BaseBuilder.php(1649): CodeIgniter\Database\BaseConnection->query('SELECT `buku`.*, `kategori`.`nama_kategori`, `penulis`.`nama_penulis`, `penerbit`.`nama_penerbit`, `rak`.`nama_rak`, `rak`.`lokasi`
FROM `buku`
LEFT JOIN `kategori` ON `kategori`.`id_kategori` = `buku`.`id_kategori`
LEFT JOIN `penulis` ON `penulis`.`id_penulis` = `buku`.`id_penulis`
LEFT JOIN `penerbit` ON `penerbit`.`id_penerbit` = `buku`.`id_penerbit`
LEFT JOIN `buku_rak` ON `buku_rak`.`id_buku` = `buku`.`id_buku`
LEFT JOIN `rak` ON `rak`.`id_rak` = `buku_rak`.`id_rak`', [], false)
 5 APPPATH\Controllers\buku.php(41): CodeIgniter\Database\BaseBuilder->get()
 6 SYSTEMPATH\CodeIgniter.php(933): App\Controllers\Buku->index()
 7 SYSTEMPATH\CodeIgniter.php(507): CodeIgniter\CodeIgniter->runController(Object(App\Controllers\Buku))
 8 SYSTEMPATH\CodeIgniter.php(354): CodeIgniter\CodeIgniter->handleRequest(null, Object(Config\Cache), false)
 9 SYSTEMPATH\Boot.php(363): CodeIgniter\CodeIgniter->run()
10 SYSTEMPATH\Boot.php(68): CodeIgniter\Boot::runCodeIgniter(Object(CodeIgniter\CodeIgniter))
11 FCPATH\index.php(59): CodeIgniter\Boot::bootWeb(Object(Config\Paths))
ERROR - 2026-04-18 03:25:56 --> mysqli_sql_exception: Table 'perpus.rak' doesn't exist in C:\xampp\htdocs\perpus\system\Database\MySQLi\Connection.php:327
Stack trace:
#0 C:\xampp\htdocs\perpus\system\Database\MySQLi\Connection.php(327): mysqli->query('SELECT `buku`.*...', 0)
#1 C:\xampp\htdocs\perpus\system\Database\BaseConnection.php(729): CodeIgniter\Database\MySQLi\Connection->execute('SELECT `buku`.*...')
#2 C:\xampp\htdocs\perpus\system\Database\BaseConnection.php(646): CodeIgniter\Database\BaseConnection->simpleQuery('SELECT `buku`.*...')
#3 C:\xampp\htdocs\perpus\system\Database\BaseBuilder.php(1649): CodeIgniter\Database\BaseConnection->query('SELECT `buku`.*...', Array, false)
#4 C:\xampp\htdocs\perpus\app\Controllers\buku.php(41): CodeIgniter\Database\BaseBuilder->get()
#5 C:\xampp\htdocs\perpus\system\CodeIgniter.php(933): App\Controllers\Buku->index()
#6 C:\xampp\htdocs\perpus\system\CodeIgniter.php(507): CodeIgniter\CodeIgniter->runController(Object(App\Controllers\Buku))
#7 C:\xampp\htdocs\perpus\system\CodeIgniter.php(354): CodeIgniter\CodeIgniter->handleRequest(NULL, Object(Config\Cache), false)
#8 C:\xampp\htdocs\perpus\system\Boot.php(363): CodeIgniter\CodeIgniter->run()
#9 C:\xampp\htdocs\perpus\system\Boot.php(68): CodeIgniter\Boot::runCodeIgniter(Object(CodeIgniter\CodeIgniter))
#10 C:\xampp\htdocs\perpus\index.php(59): CodeIgniter\Boot::bootWeb(Object(Config\Paths))
#11 {main}
CRITICAL - 2026-04-18 03:25:56 --> CodeIgniter\Database\Exceptions\DatabaseException: Table 'perpus.rak' doesn't exist
[Method: GET, Route: buku]
in SYSTEMPATH\Database\BaseConnection.php on line 684.
 1 SYSTEMPATH\Database\BaseBuilder.php(1649): CodeIgniter\Database\BaseConnection->query('SELECT `buku`.*, `kategori`.`nama_kategori`, `penulis`.`nama_penulis`, `penerbit`.`nama_penerbit`, `rak`.`nama_rak`, `rak`.`lokasi`
FROM `buku`
LEFT JOIN `kategori` ON `kategori`.`id_kategori` = `buku`.`id_kategori`
LEFT JOIN `penulis` ON `penulis`.`id_penulis` = `buku`.`id_penulis`
LEFT JOIN `penerbit` ON `penerbit`.`id_penerbit` = `buku`.`id_penerbit`
LEFT JOIN `buku_rak` ON `buku_rak`.`id_buku` = `buku`.`id_buku`
LEFT JOIN `rak` ON `rak`.`id_rak` = `buku_rak`.`id_rak`', [], false)
 2 APPPATH\Controllers\buku.php(41): CodeIgniter\Database\BaseBuilder->get()
 3 SYSTEMPATH\CodeIgniter.php(933): App\Controllers\Buku->index()
 4 SYSTEMPATH\CodeIgniter.php(507): CodeIgniter\CodeIgniter->runController(Object(App\Controllers\Buku))
 5 SYSTEMPATH\CodeIgniter.php(354): CodeIgniter\CodeIgniter->handleRequest(null, Object(Config\Cache), false)
 6 SYSTEMPATH\Boot.php(363): CodeIgniter\CodeIgniter->run()
 7 SYSTEMPATH\Boot.php(68): CodeIgniter\Boot::runCodeIgniter(Object(CodeIgniter\CodeIgniter))
 8 FCPATH\index.php(59): CodeIgniter\Boot::bootWeb(Object(Config\Paths))
CRITICAL - 2026-04-18 03:25:56 --> [Caused by] CodeIgniter\Database\Exceptions\DatabaseException: Table 'perpus.rak' doesn't exist
in SYSTEMPATH\Database\MySQLi\Connection.php on line 332.
 1 SYSTEMPATH\Database\BaseConnection.php(729): CodeIgniter\Database\MySQLi\Connection->execute('SELECT `buku`.*, `kategori`.`nama_kategori`, `penulis`.`nama_penulis`, `penerbit`.`nama_penerbit`, `rak`.`nama_rak`, `rak`.`lokasi`
FROM `buku`
LEFT JOIN `kategori` ON `kategori`.`id_kategori` = `buku`.`id_kategori`
LEFT JOIN `penulis` ON `penulis`.`id_penulis` = `buku`.`id_penulis`
LEFT JOIN `penerbit` ON `penerbit`.`id_penerbit` = `buku`.`id_penerbit`
LEFT JOIN `buku_rak` ON `buku_rak`.`id_buku` = `buku`.`id_buku`
LEFT JOIN `rak` ON `rak`.`id_rak` = `buku_rak`.`id_rak`')
 2 SYSTEMPATH\Database\BaseConnection.php(646): CodeIgniter\Database\BaseConnection->simpleQuery('SELECT `buku`.*, `kategori`.`nama_kategori`, `penulis`.`nama_penulis`, `penerbit`.`nama_penerbit`, `rak`.`nama_rak`, `rak`.`lokasi`
FROM `buku`
LEFT JOIN `kategori` ON `kategori`.`id_kategori` = `buku`.`id_kategori`
LEFT JOIN `penulis` ON `penulis`.`id_penulis` = `buku`.`id_penulis`
LEFT JOIN `penerbit` ON `penerbit`.`id_penerbit` = `buku`.`id_penerbit`
LEFT JOIN `buku_rak` ON `buku_rak`.`id_buku` = `buku`.`id_buku`
LEFT JOIN `rak` ON `rak`.`id_rak` = `buku_rak`.`id_rak`')
 3 SYSTEMPATH\Database\BaseBuilder.php(1649): CodeIgniter\Database\BaseConnection->query('SELECT `buku`.*, `kategori`.`nama_kategori`, `penulis`.`nama_penulis`, `penerbit`.`nama_penerbit`, `rak`.`nama_rak`, `rak`.`lokasi`
FROM `buku`
LEFT JOIN `kategori` ON `kategori`.`id_kategori` = `buku`.`id_kategori`
LEFT JOIN `penulis` ON `penulis`.`id_penulis` = `buku`.`id_penulis`
LEFT JOIN `penerbit` ON `penerbit`.`id_penerbit` = `buku`.`id_penerbit`
LEFT JOIN `buku_rak` ON `buku_rak`.`id_buku` = `buku`.`id_buku`
LEFT JOIN `rak` ON `rak`.`id_rak` = `buku_rak`.`id_rak`', [], false)
 4 APPPATH\Controllers\buku.php(41): CodeIgniter\Database\BaseBuilder->get()
 5 SYSTEMPATH\CodeIgniter.php(933): App\Controllers\Buku->index()
 6 SYSTEMPATH\CodeIgniter.php(507): CodeIgniter\CodeIgniter->runController(Object(App\Controllers\Buku))
 7 SYSTEMPATH\CodeIgniter.php(354): CodeIgniter\CodeIgniter->handleRequest(null, Object(Config\Cache), false)
 8 SYSTEMPATH\Boot.php(363): CodeIgniter\CodeIgniter->run()
 9 SYSTEMPATH\Boot.php(68): CodeIgniter\Boot::runCodeIgniter(Object(CodeIgniter\CodeIgniter))
10 FCPATH\index.php(59): CodeIgniter\Boot::bootWeb(Object(Config\Paths))
CRITICAL - 2026-04-18 03:25:56 --> [Caused by] mysqli_sql_exception: Table 'perpus.rak' doesn't exist
in SYSTEMPATH\Database\MySQLi\Connection.php on line 327.
 1 SYSTEMPATH\Database\MySQLi\Connection.php(327): mysqli->query('SELECT `buku`.*, `kategori`.`nama_kategori`, `penulis`.`nama_penulis`, `penerbit`.`nama_penerbit`, `rak`.`nama_rak`, `rak`.`lokasi`
FROM `buku`
LEFT JOIN `kategori` ON `kategori`.`id_kategori` = `buku`.`id_kategori`
LEFT JOIN `penulis` ON `penulis`.`id_penulis` = `buku`.`id_penulis`
LEFT JOIN `penerbit` ON `penerbit`.`id_penerbit` = `buku`.`id_penerbit`
LEFT JOIN `buku_rak` ON `buku_rak`.`id_buku` = `buku`.`id_buku`
LEFT JOIN `rak` ON `rak`.`id_rak` = `buku_rak`.`id_rak`', 0)
 2 SYSTEMPATH\Database\BaseConnection.php(729): CodeIgniter\Database\MySQLi\Connection->execute('SELECT `buku`.*, `kategori`.`nama_kategori`, `penulis`.`nama_penulis`, `penerbit`.`nama_penerbit`, `rak`.`nama_rak`, `rak`.`lokasi`
FROM `buku`
LEFT JOIN `kategori` ON `kategori`.`id_kategori` = `buku`.`id_kategori`
LEFT JOIN `penulis` ON `penulis`.`id_penulis` = `buku`.`id_penulis`
LEFT JOIN `penerbit` ON `penerbit`.`id_penerbit` = `buku`.`id_penerbit`
LEFT JOIN `buku_rak` ON `buku_rak`.`id_buku` = `buku`.`id_buku`
LEFT JOIN `rak` ON `rak`.`id_rak` = `buku_rak`.`id_rak`')
 3 SYSTEMPATH\Database\BaseConnection.php(646): CodeIgniter\Database\BaseConnection->simpleQuery('SELECT `buku`.*, `kategori`.`nama_kategori`, `penulis`.`nama_penulis`, `penerbit`.`nama_penerbit`, `rak`.`nama_rak`, `rak`.`lokasi`
FROM `buku`
LEFT JOIN `kategori` ON `kategori`.`id_kategori` = `buku`.`id_kategori`
LEFT JOIN `penulis` ON `penulis`.`id_penulis` = `buku`.`id_penulis`
LEFT JOIN `penerbit` ON `penerbit`.`id_penerbit` = `buku`.`id_penerbit`
LEFT JOIN `buku_rak` ON `buku_rak`.`id_buku` = `buku`.`id_buku`
LEFT JOIN `rak` ON `rak`.`id_rak` = `buku_rak`.`id_rak`')
 4 SYSTEMPATH\Database\BaseBuilder.php(1649): CodeIgniter\Database\BaseConnection->query('SELECT `buku`.*, `kategori`.`nama_kategori`, `penulis`.`nama_penulis`, `penerbit`.`nama_penerbit`, `rak`.`nama_rak`, `rak`.`lokasi`
FROM `buku`
LEFT JOIN `kategori` ON `kategori`.`id_kategori` = `buku`.`id_kategori`
LEFT JOIN `penulis` ON `penulis`.`id_penulis` = `buku`.`id_penulis`
LEFT JOIN `penerbit` ON `penerbit`.`id_penerbit` = `buku`.`id_penerbit`
LEFT JOIN `buku_rak` ON `buku_rak`.`id_buku` = `buku`.`id_buku`
LEFT JOIN `rak` ON `rak`.`id_rak` = `buku_rak`.`id_rak`', [], false)
 5 APPPATH\Controllers\buku.php(41): CodeIgniter\Database\BaseBuilder->get()
 6 SYSTEMPATH\CodeIgniter.php(933): App\Controllers\Buku->index()
 7 SYSTEMPATH\CodeIgniter.php(507): CodeIgniter\CodeIgniter->runController(Object(App\Controllers\Buku))
 8 SYSTEMPATH\CodeIgniter.php(354): CodeIgniter\CodeIgniter->handleRequest(null, Object(Config\Cache), false)
 9 SYSTEMPATH\Boot.php(363): CodeIgniter\CodeIgniter->run()
10 SYSTEMPATH\Boot.php(68): CodeIgniter\Boot::runCodeIgniter(Object(CodeIgniter\CodeIgniter))
11 FCPATH\index.php(59): CodeIgniter\Boot::bootWeb(Object(Config\Paths))
ERROR - 2026-04-18 03:27:14 --> mysqli_sql_exception: Table 'perpus.rak' doesn't exist in C:\xampp\htdocs\perpus\system\Database\MySQLi\Connection.php:327
Stack trace:
#0 C:\xampp\htdocs\perpus\system\Database\MySQLi\Connection.php(327): mysqli->query('SELECT `buku`.*...', 0)
#1 C:\xampp\htdocs\perpus\system\Database\BaseConnection.php(729): CodeIgniter\Database\MySQLi\Connection->execute('SELECT `buku`.*...')
#2 C:\xampp\htdocs\perpus\system\Database\BaseConnection.php(646): CodeIgniter\Database\BaseConnection->simpleQuery('SELECT `buku`.*...')
#3 C:\xampp\htdocs\perpus\system\Database\BaseBuilder.php(1649): CodeIgniter\Database\BaseConnection->query('SELECT `buku`.*...', Array, false)
#4 C:\xampp\htdocs\perpus\app\Controllers\buku.php(41): CodeIgniter\Database\BaseBuilder->get()
#5 C:\xampp\htdocs\perpus\system\CodeIgniter.php(933): App\Controllers\Buku->index()
#6 C:\xampp\htdocs\perpus\system\CodeIgniter.php(507): CodeIgniter\CodeIgniter->runController(Object(App\Controllers\Buku))
#7 C:\xampp\htdocs\perpus\system\CodeIgniter.php(354): CodeIgniter\CodeIgniter->handleRequest(NULL, Object(Config\Cache), false)
#8 C:\xampp\htdocs\perpus\system\Boot.php(363): CodeIgniter\CodeIgniter->run()
#9 C:\xampp\htdocs\perpus\system\Boot.php(68): CodeIgniter\Boot::runCodeIgniter(Object(CodeIgniter\CodeIgniter))
#10 C:\xampp\htdocs\perpus\index.php(59): CodeIgniter\Boot::bootWeb(Object(Config\Paths))
#11 {main}
CRITICAL - 2026-04-18 03:27:14 --> CodeIgniter\Database\Exceptions\DatabaseException: Table 'perpus.rak' doesn't exist
[Method: GET, Route: buku]
in SYSTEMPATH\Database\BaseConnection.php on line 684.
 1 SYSTEMPATH\Database\BaseBuilder.php(1649): CodeIgniter\Database\BaseConnection->query('SELECT `buku`.*, `kategori`.`nama_kategori`, `penulis`.`nama_penulis`, `penerbit`.`nama_penerbit`, `rak`.`nama_rak`, `rak`.`lokasi`
FROM `buku`
LEFT JOIN `kategori` ON `kategori`.`id_kategori` = `buku`.`id_kategori`
LEFT JOIN `penulis` ON `penulis`.`id_penulis` = `buku`.`id_penulis`
LEFT JOIN `penerbit` ON `penerbit`.`id_penerbit` = `buku`.`id_penerbit`
LEFT JOIN `buku_rak` ON `buku_rak`.`id_buku` = `buku`.`id_buku`
LEFT JOIN `rak` ON `rak`.`id_rak` = `buku_rak`.`id_rak`', [], false)
 2 APPPATH\Controllers\buku.php(41): CodeIgniter\Database\BaseBuilder->get()
 3 SYSTEMPATH\CodeIgniter.php(933): App\Controllers\Buku->index()
 4 SYSTEMPATH\CodeIgniter.php(507): CodeIgniter\CodeIgniter->runController(Object(App\Controllers\Buku))
 5 SYSTEMPATH\CodeIgniter.php(354): CodeIgniter\CodeIgniter->handleRequest(null, Object(Config\Cache), false)
 6 SYSTEMPATH\Boot.php(363): CodeIgniter\CodeIgniter->run()
 7 SYSTEMPATH\Boot.php(68): CodeIgniter\Boot::runCodeIgniter(Object(CodeIgniter\CodeIgniter))
 8 FCPATH\index.php(59): CodeIgniter\Boot::bootWeb(Object(Config\Paths))
CRITICAL - 2026-04-18 03:27:14 --> [Caused by] CodeIgniter\Database\Exceptions\DatabaseException: Table 'perpus.rak' doesn't exist
in SYSTEMPATH\Database\MySQLi\Connection.php on line 332.
 1 SYSTEMPATH\Database\BaseConnection.php(729): CodeIgniter\Database\MySQLi\Connection->execute('SELECT `buku`.*, `kategori`.`nama_kategori`, `penulis`.`nama_penulis`, `penerbit`.`nama_penerbit`, `rak`.`nama_rak`, `rak`.`lokasi`
FROM `buku`
LEFT JOIN `kategori` ON `kategori`.`id_kategori` = `buku`.`id_kategori`
LEFT JOIN `penulis` ON `penulis`.`id_penulis` = `buku`.`id_penulis`
LEFT JOIN `penerbit` ON `penerbit`.`id_penerbit` = `buku`.`id_penerbit`
LEFT JOIN `buku_rak` ON `buku_rak`.`id_buku` = `buku`.`id_buku`
LEFT JOIN `rak` ON `rak`.`id_rak` = `buku_rak`.`id_rak`')
 2 SYSTEMPATH\Database\BaseConnection.php(646): CodeIgniter\Database\BaseConnection->simpleQuery('SELECT `buku`.*, `kategori`.`nama_kategori`, `penulis`.`nama_penulis`, `penerbit`.`nama_penerbit`, `rak`.`nama_rak`, `rak`.`lokasi`
FROM `buku`
LEFT JOIN `kategori` ON `kategori`.`id_kategori` = `buku`.`id_kategori`
LEFT JOIN `penulis` ON `penulis`.`id_penulis` = `buku`.`id_penulis`
LEFT JOIN `penerbit` ON `penerbit`.`id_penerbit` = `buku`.`id_penerbit`
LEFT JOIN `buku_rak` ON `buku_rak`.`id_buku` = `buku`.`id_buku`
LEFT JOIN `rak` ON `rak`.`id_rak` = `buku_rak`.`id_rak`')
 3 SYSTEMPATH\Database\BaseBuilder.php(1649): CodeIgniter\Database\BaseConnection->query('SELECT `buku`.*, `kategori`.`nama_kategori`, `penulis`.`nama_penulis`, `penerbit`.`nama_penerbit`, `rak`.`nama_rak`, `rak`.`lokasi`
FROM `buku`
LEFT JOIN `kategori` ON `kategori`.`id_kategori` = `buku`.`id_kategori`
LEFT JOIN `penulis` ON `penulis`.`id_penulis` = `buku`.`id_penulis`
LEFT JOIN `penerbit` ON `penerbit`.`id_penerbit` = `buku`.`id_penerbit`
LEFT JOIN `buku_rak` ON `buku_rak`.`id_buku` = `buku`.`id_buku`
LEFT JOIN `rak` ON `rak`.`id_rak` = `buku_rak`.`id_rak`', [], false)
 4 APPPATH\Controllers\buku.php(41): CodeIgniter\Database\BaseBuilder->get()
 5 SYSTEMPATH\CodeIgniter.php(933): App\Controllers\Buku->index()
 6 SYSTEMPATH\CodeIgniter.php(507): CodeIgniter\CodeIgniter->runController(Object(App\Controllers\Buku))
 7 SYSTEMPATH\CodeIgniter.php(354): CodeIgniter\CodeIgniter->handleRequest(null, Object(Config\Cache), false)
 8 SYSTEMPATH\Boot.php(363): CodeIgniter\CodeIgniter->run()
 9 SYSTEMPATH\Boot.php(68): CodeIgniter\Boot::runCodeIgniter(Object(CodeIgniter\CodeIgniter))
10 FCPATH\index.php(59): CodeIgniter\Boot::bootWeb(Object(Config\Paths))
CRITICAL - 2026-04-18 03:27:14 --> [Caused by] mysqli_sql_exception: Table 'perpus.rak' doesn't exist
in SYSTEMPATH\Database\MySQLi\Connection.php on line 327.
 1 SYSTEMPATH\Database\MySQLi\Connection.php(327): mysqli->query('SELECT `buku`.*, `kategori`.`nama_kategori`, `penulis`.`nama_penulis`, `penerbit`.`nama_penerbit`, `rak`.`nama_rak`, `rak`.`lokasi`
FROM `buku`
LEFT JOIN `kategori` ON `kategori`.`id_kategori` = `buku`.`id_kategori`
LEFT JOIN `penulis` ON `penulis`.`id_penulis` = `buku`.`id_penulis`
LEFT JOIN `penerbit` ON `penerbit`.`id_penerbit` = `buku`.`id_penerbit`
LEFT JOIN `buku_rak` ON `buku_rak`.`id_buku` = `buku`.`id_buku`
LEFT JOIN `rak` ON `rak`.`id_rak` = `buku_rak`.`id_rak`', 0)
 2 SYSTEMPATH\Database\BaseConnection.php(729): CodeIgniter\Database\MySQLi\Connection->execute('SELECT `buku`.*, `kategori`.`nama_kategori`, `penulis`.`nama_penulis`, `penerbit`.`nama_penerbit`, `rak`.`nama_rak`, `rak`.`lokasi`
FROM `buku`
LEFT JOIN `kategori` ON `kategori`.`id_kategori` = `buku`.`id_kategori`
LEFT JOIN `penulis` ON `penulis`.`id_penulis` = `buku`.`id_penulis`
LEFT JOIN `penerbit` ON `penerbit`.`id_penerbit` = `buku`.`id_penerbit`
LEFT JOIN `buku_rak` ON `buku_rak`.`id_buku` = `buku`.`id_buku`
LEFT JOIN `rak` ON `rak`.`id_rak` = `buku_rak`.`id_rak`')
 3 SYSTEMPATH\Database\BaseConnection.php(646): CodeIgniter\Database\BaseConnection->simpleQuery('SELECT `buku`.*, `kategori`.`nama_kategori`, `penulis`.`nama_penulis`, `penerbit`.`nama_penerbit`, `rak`.`nama_rak`, `rak`.`lokasi`
FROM `buku`
LEFT JOIN `kategori` ON `kategori`.`id_kategori` = `buku`.`id_kategori`
LEFT JOIN `penulis` ON `penulis`.`id_penulis` = `buku`.`id_penulis`
LEFT JOIN `penerbit` ON `penerbit`.`id_penerbit` = `buku`.`id_penerbit`
LEFT JOIN `buku_rak` ON `buku_rak`.`id_buku` = `buku`.`id_buku`
LEFT JOIN `rak` ON `rak`.`id_rak` = `buku_rak`.`id_rak`')
 4 SYSTEMPATH\Database\BaseBuilder.php(1649): CodeIgniter\Database\BaseConnection->query('SELECT `buku`.*, `kategori`.`nama_kategori`, `penulis`.`nama_penulis`, `penerbit`.`nama_penerbit`, `rak`.`nama_rak`, `rak`.`lokasi`
FROM `buku`
LEFT JOIN `kategori` ON `kategori`.`id_kategori` = `buku`.`id_kategori`
LEFT JOIN `penulis` ON `penulis`.`id_penulis` = `buku`.`id_penulis`
LEFT JOIN `penerbit` ON `penerbit`.`id_penerbit` = `buku`.`id_penerbit`
LEFT JOIN `buku_rak` ON `buku_rak`.`id_buku` = `buku`.`id_buku`
LEFT JOIN `rak` ON `rak`.`id_rak` = `buku_rak`.`id_rak`', [], false)
 5 APPPATH\Controllers\buku.php(41): CodeIgniter\Database\BaseBuilder->get()
 6 SYSTEMPATH\CodeIgniter.php(933): App\Controllers\Buku->index()
 7 SYSTEMPATH\CodeIgniter.php(507): CodeIgniter\CodeIgniter->runController(Object(App\Controllers\Buku))
 8 SYSTEMPATH\CodeIgniter.php(354): CodeIgniter\CodeIgniter->handleRequest(null, Object(Config\Cache), false)
 9 SYSTEMPATH\Boot.php(363): CodeIgniter\CodeIgniter->run()
10 SYSTEMPATH\Boot.php(68): CodeIgniter\Boot::runCodeIgniter(Object(CodeIgniter\CodeIgniter))
11 FCPATH\index.php(59): CodeIgniter\Boot::bootWeb(Object(Config\Paths))
ERROR - 2026-04-18 03:27:15 --> mysqli_sql_exception: Table 'perpus.rak' doesn't exist in C:\xampp\htdocs\perpus\system\Database\MySQLi\Connection.php:327
Stack trace:
#0 C:\xampp\htdocs\perpus\system\Database\MySQLi\Connection.php(327): mysqli->query('SELECT `buku`.*...', 0)
#1 C:\xampp\htdocs\perpus\system\Database\BaseConnection.php(729): CodeIgniter\Database\MySQLi\Connection->execute('SELECT `buku`.*...')
#2 C:\xampp\htdocs\perpus\system\Database\BaseConnection.php(646): CodeIgniter\Database\BaseConnection->simpleQuery('SELECT `buku`.*...')
#3 C:\xampp\htdocs\perpus\system\Database\BaseBuilder.php(1649): CodeIgniter\Database\BaseConnection->query('SELECT `buku`.*...', Array, false)
#4 C:\xampp\htdocs\perpus\app\Controllers\buku.php(41): CodeIgniter\Database\BaseBuilder->get()
#5 C:\xampp\htdocs\perpus\system\CodeIgniter.php(933): App\Controllers\Buku->index()
#6 C:\xampp\htdocs\perpus\system\CodeIgniter.php(507): CodeIgniter\CodeIgniter->runController(Object(App\Controllers\Buku))
#7 C:\xampp\htdocs\perpus\system\CodeIgniter.php(354): CodeIgniter\CodeIgniter->handleRequest(NULL, Object(Config\Cache), false)
#8 C:\xampp\htdocs\perpus\system\Boot.php(363): CodeIgniter\CodeIgniter->run()
#9 C:\xampp\htdocs\perpus\system\Boot.php(68): CodeIgniter\Boot::runCodeIgniter(Object(CodeIgniter\CodeIgniter))
#10 C:\xampp\htdocs\perpus\index.php(59): CodeIgniter\Boot::bootWeb(Object(Config\Paths))
#11 {main}
CRITICAL - 2026-04-18 03:27:15 --> CodeIgniter\Database\Exceptions\DatabaseException: Table 'perpus.rak' doesn't exist
[Method: GET, Route: buku]
in SYSTEMPATH\Database\BaseConnection.php on line 684.
 1 SYSTEMPATH\Database\BaseBuilder.php(1649): CodeIgniter\Database\BaseConnection->query('SELECT `buku`.*, `kategori`.`nama_kategori`, `penulis`.`nama_penulis`, `penerbit`.`nama_penerbit`, `rak`.`nama_rak`, `rak`.`lokasi`
FROM `buku`
LEFT JOIN `kategori` ON `kategori`.`id_kategori` = `buku`.`id_kategori`
LEFT JOIN `penulis` ON `penulis`.`id_penulis` = `buku`.`id_penulis`
LEFT JOIN `penerbit` ON `penerbit`.`id_penerbit` = `buku`.`id_penerbit`
LEFT JOIN `buku_rak` ON `buku_rak`.`id_buku` = `buku`.`id_buku`
LEFT JOIN `rak` ON `rak`.`id_rak` = `buku_rak`.`id_rak`', [], false)
 2 APPPATH\Controllers\buku.php(41): CodeIgniter\Database\BaseBuilder->get()
 3 SYSTEMPATH\CodeIgniter.php(933): App\Controllers\Buku->index()
 4 SYSTEMPATH\CodeIgniter.php(507): CodeIgniter\CodeIgniter->runController(Object(App\Controllers\Buku))
 5 SYSTEMPATH\CodeIgniter.php(354): CodeIgniter\CodeIgniter->handleRequest(null, Object(Config\Cache), false)
 6 SYSTEMPATH\Boot.php(363): CodeIgniter\CodeIgniter->run()
 7 SYSTEMPATH\Boot.php(68): CodeIgniter\Boot::runCodeIgniter(Object(CodeIgniter\CodeIgniter))
 8 FCPATH\index.php(59): CodeIgniter\Boot::bootWeb(Object(Config\Paths))
CRITICAL - 2026-04-18 03:27:15 --> [Caused by] CodeIgniter\Database\Exceptions\DatabaseException: Table 'perpus.rak' doesn't exist
in SYSTEMPATH\Database\MySQLi\Connection.php on line 332.
 1 SYSTEMPATH\Database\BaseConnection.php(729): CodeIgniter\Database\MySQLi\Connection->execute('SELECT `buku`.*, `kategori`.`nama_kategori`, `penulis`.`nama_penulis`, `penerbit`.`nama_penerbit`, `rak`.`nama_rak`, `rak`.`lokasi`
FROM `buku`
LEFT JOIN `kategori` ON `kategori`.`id_kategori` = `buku`.`id_kategori`
LEFT JOIN `penulis` ON `penulis`.`id_penulis` = `buku`.`id_penulis`
LEFT JOIN `penerbit` ON `penerbit`.`id_penerbit` = `buku`.`id_penerbit`
LEFT JOIN `buku_rak` ON `buku_rak`.`id_buku` = `buku`.`id_buku`
LEFT JOIN `rak` ON `rak`.`id_rak` = `buku_rak`.`id_rak`')
 2 SYSTEMPATH\Database\BaseConnection.php(646): CodeIgniter\Database\BaseConnection->simpleQuery('SELECT `buku`.*, `kategori`.`nama_kategori`, `penulis`.`nama_penulis`, `penerbit`.`nama_penerbit`, `rak`.`nama_rak`, `rak`.`lokasi`
FROM `buku`
LEFT JOIN `kategori` ON `kategori`.`id_kategori` = `buku`.`id_kategori`
LEFT JOIN `penulis` ON `penulis`.`id_penulis` = `buku`.`id_penulis`
LEFT JOIN `penerbit` ON `penerbit`.`id_penerbit` = `buku`.`id_penerbit`
LEFT JOIN `buku_rak` ON `buku_rak`.`id_buku` = `buku`.`id_buku`
LEFT JOIN `rak` ON `rak`.`id_rak` = `buku_rak`.`id_rak`')
 3 SYSTEMPATH\Database\BaseBuilder.php(1649): CodeIgniter\Database\BaseConnection->query('SELECT `buku`.*, `kategori`.`nama_kategori`, `penulis`.`nama_penulis`, `penerbit`.`nama_penerbit`, `rak`.`nama_rak`, `rak`.`lokasi`
FROM `buku`
LEFT JOIN `kategori` ON `kategori`.`id_kategori` = `buku`.`id_kategori`
LEFT JOIN `penulis` ON `penulis`.`id_penulis` = `buku`.`id_penulis`
LEFT JOIN `penerbit` ON `penerbit`.`id_penerbit` = `buku`.`id_penerbit`
LEFT JOIN `buku_rak` ON `buku_rak`.`id_buku` = `buku`.`id_buku`
LEFT JOIN `rak` ON `rak`.`id_rak` = `buku_rak`.`id_rak`', [], false)
 4 APPPATH\Controllers\buku.php(41): CodeIgniter\Database\BaseBuilder->get()
 5 SYSTEMPATH\CodeIgniter.php(933): App\Controllers\Buku->index()
 6 SYSTEMPATH\CodeIgniter.php(507): CodeIgniter\CodeIgniter->runController(Object(App\Controllers\Buku))
 7 SYSTEMPATH\CodeIgniter.php(354): CodeIgniter\CodeIgniter->handleRequest(null, Object(Config\Cache), false)
 8 SYSTEMPATH\Boot.php(363): CodeIgniter\CodeIgniter->run()
 9 SYSTEMPATH\Boot.php(68): CodeIgniter\Boot::runCodeIgniter(Object(CodeIgniter\CodeIgniter))
10 FCPATH\index.php(59): CodeIgniter\Boot::bootWeb(Object(Config\Paths))
CRITICAL - 2026-04-18 03:27:15 --> [Caused by] mysqli_sql_exception: Table 'perpus.rak' doesn't exist
in SYSTEMPATH\Database\MySQLi\Connection.php on line 327.
 1 SYSTEMPATH\Database\MySQLi\Connection.php(327): mysqli->query('SELECT `buku`.*, `kategori`.`nama_kategori`, `penulis`.`nama_penulis`, `penerbit`.`nama_penerbit`, `rak`.`nama_rak`, `rak`.`lokasi`
FROM `buku`
LEFT JOIN `kategori` ON `kategori`.`id_kategori` = `buku`.`id_kategori`
LEFT JOIN `penulis` ON `penulis`.`id_penulis` = `buku`.`id_penulis`
LEFT JOIN `penerbit` ON `penerbit`.`id_penerbit` = `buku`.`id_penerbit`
LEFT JOIN `buku_rak` ON `buku_rak`.`id_buku` = `buku`.`id_buku`
LEFT JOIN `rak` ON `rak`.`id_rak` = `buku_rak`.`id_rak`', 0)
 2 SYSTEMPATH\Database\BaseConnection.php(729): CodeIgniter\Database\MySQLi\Connection->execute('SELECT `buku`.*, `kategori`.`nama_kategori`, `penulis`.`nama_penulis`, `penerbit`.`nama_penerbit`, `rak`.`nama_rak`, `rak`.`lokasi`
FROM `buku`
LEFT JOIN `kategori` ON `kategori`.`id_kategori` = `buku`.`id_kategori`
LEFT JOIN `penulis` ON `penulis`.`id_penulis` = `buku`.`id_penulis`
LEFT JOIN `penerbit` ON `penerbit`.`id_penerbit` = `buku`.`id_penerbit`
LEFT JOIN `buku_rak` ON `buku_rak`.`id_buku` = `buku`.`id_buku`
LEFT JOIN `rak` ON `rak`.`id_rak` = `buku_rak`.`id_rak`')
 3 SYSTEMPATH\Database\BaseConnection.php(646): CodeIgniter\Database\BaseConnection->simpleQuery('SELECT `buku`.*, `kategori`.`nama_kategori`, `penulis`.`nama_penulis`, `penerbit`.`nama_penerbit`, `rak`.`nama_rak`, `rak`.`lokasi`
FROM `buku`
LEFT JOIN `kategori` ON `kategori`.`id_kategori` = `buku`.`id_kategori`
LEFT JOIN `penulis` ON `penulis`.`id_penulis` = `buku`.`id_penulis`
LEFT JOIN `penerbit` ON `penerbit`.`id_penerbit` = `buku`.`id_penerbit`
LEFT JOIN `buku_rak` ON `buku_rak`.`id_buku` = `buku`.`id_buku`
LEFT JOIN `rak` ON `rak`.`id_rak` = `buku_rak`.`id_rak`')
 4 SYSTEMPATH\Database\BaseBuilder.php(1649): CodeIgniter\Database\BaseConnection->query('SELECT `buku`.*, `kategori`.`nama_kategori`, `penulis`.`nama_penulis`, `penerbit`.`nama_penerbit`, `rak`.`nama_rak`, `rak`.`lokasi`
FROM `buku`
LEFT JOIN `kategori` ON `kategori`.`id_kategori` = `buku`.`id_kategori`
LEFT JOIN `penulis` ON `penulis`.`id_penulis` = `buku`.`id_penulis`
LEFT JOIN `penerbit` ON `penerbit`.`id_penerbit` = `buku`.`id_penerbit`
LEFT JOIN `buku_rak` ON `buku_rak`.`id_buku` = `buku`.`id_buku`
LEFT JOIN `rak` ON `rak`.`id_rak` = `buku_rak`.`id_rak`', [], false)
 5 APPPATH\Controllers\buku.php(41): CodeIgniter\Database\BaseBuilder->get()
 6 SYSTEMPATH\CodeIgniter.php(933): App\Controllers\Buku->index()
 7 SYSTEMPATH\CodeIgniter.php(507): CodeIgniter\CodeIgniter->runController(Object(App\Controllers\Buku))
 8 SYSTEMPATH\CodeIgniter.php(354): CodeIgniter\CodeIgniter->handleRequest(null, Object(Config\Cache), false)
 9 SYSTEMPATH\Boot.php(363): CodeIgniter\CodeIgniter->run()
10 SYSTEMPATH\Boot.php(68): CodeIgniter\Boot::runCodeIgniter(Object(CodeIgniter\CodeIgniter))
11 FCPATH\index.php(59): CodeIgniter\Boot::bootWeb(Object(Config\Paths))
ERROR - 2026-04-18 03:27:16 --> mysqli_sql_exception: Table 'perpus.rak' doesn't exist in C:\xampp\htdocs\perpus\system\Database\MySQLi\Connection.php:327
Stack trace:
#0 C:\xampp\htdocs\perpus\system\Database\MySQLi\Connection.php(327): mysqli->query('SELECT `buku`.*...', 0)
#1 C:\xampp\htdocs\perpus\system\Database\BaseConnection.php(729): CodeIgniter\Database\MySQLi\Connection->execute('SELECT `buku`.*...')
#2 C:\xampp\htdocs\perpus\system\Database\BaseConnection.php(646): CodeIgniter\Database\BaseConnection->simpleQuery('SELECT `buku`.*...')
#3 C:\xampp\htdocs\perpus\system\Database\BaseBuilder.php(1649): CodeIgniter\Database\BaseConnection->query('SELECT `buku`.*...', Array, false)
#4 C:\xampp\htdocs\perpus\app\Controllers\buku.php(41): CodeIgniter\Database\BaseBuilder->get()
#5 C:\xampp\htdocs\perpus\system\CodeIgniter.php(933): App\Controllers\Buku->index()
#6 C:\xampp\htdocs\perpus\system\CodeIgniter.php(507): CodeIgniter\CodeIgniter->runController(Object(App\Controllers\Buku))
#7 C:\xampp\htdocs\perpus\system\CodeIgniter.php(354): CodeIgniter\CodeIgniter->handleRequest(NULL, Object(Config\Cache), false)
#8 C:\xampp\htdocs\perpus\system\Boot.php(363): CodeIgniter\CodeIgniter->run()
#9 C:\xampp\htdocs\perpus\system\Boot.php(68): CodeIgniter\Boot::runCodeIgniter(Object(CodeIgniter\CodeIgniter))
#10 C:\xampp\htdocs\perpus\index.php(59): CodeIgniter\Boot::bootWeb(Object(Config\Paths))
#11 {main}
CRITICAL - 2026-04-18 03:27:16 --> CodeIgniter\Database\Exceptions\DatabaseException: Table 'perpus.rak' doesn't exist
[Method: GET, Route: buku]
in SYSTEMPATH\Database\BaseConnection.php on line 684.
 1 SYSTEMPATH\Database\BaseBuilder.php(1649): CodeIgniter\Database\BaseConnection->query('SELECT `buku`.*, `kategori`.`nama_kategori`, `penulis`.`nama_penulis`, `penerbit`.`nama_penerbit`, `rak`.`nama_rak`, `rak`.`lokasi`
FROM `buku`
LEFT JOIN `kategori` ON `kategori`.`id_kategori` = `buku`.`id_kategori`
LEFT JOIN `penulis` ON `penulis`.`id_penulis` = `buku`.`id_penulis`
LEFT JOIN `penerbit` ON `penerbit`.`id_penerbit` = `buku`.`id_penerbit`
LEFT JOIN `buku_rak` ON `buku_rak`.`id_buku` = `buku`.`id_buku`
LEFT JOIN `rak` ON `rak`.`id_rak` = `buku_rak`.`id_rak`', [], false)
 2 APPPATH\Controllers\buku.php(41): CodeIgniter\Database\BaseBuilder->get()
 3 SYSTEMPATH\CodeIgniter.php(933): App\Controllers\Buku->index()
 4 SYSTEMPATH\CodeIgniter.php(507): CodeIgniter\CodeIgniter->runController(Object(App\Controllers\Buku))
 5 SYSTEMPATH\CodeIgniter.php(354): CodeIgniter\CodeIgniter->handleRequest(null, Object(Config\Cache), false)
 6 SYSTEMPATH\Boot.php(363): CodeIgniter\CodeIgniter->run()
 7 SYSTEMPATH\Boot.php(68): CodeIgniter\Boot::runCodeIgniter(Object(CodeIgniter\CodeIgniter))
 8 FCPATH\index.php(59): CodeIgniter\Boot::bootWeb(Object(Config\Paths))
CRITICAL - 2026-04-18 03:27:16 --> [Caused by] CodeIgniter\Database\Exceptions\DatabaseException: Table 'perpus.rak' doesn't exist
in SYSTEMPATH\Database\MySQLi\Connection.php on line 332.
 1 SYSTEMPATH\Database\BaseConnection.php(729): CodeIgniter\Database\MySQLi\Connection->execute('SELECT `buku`.*, `kategori`.`nama_kategori`, `penulis`.`nama_penulis`, `penerbit`.`nama_penerbit`, `rak`.`nama_rak`, `rak`.`lokasi`
FROM `buku`
LEFT JOIN `kategori` ON `kategori`.`id_kategori` = `buku`.`id_kategori`
LEFT JOIN `penulis` ON `penulis`.`id_penulis` = `buku`.`id_penulis`
LEFT JOIN `penerbit` ON `penerbit`.`id_penerbit` = `buku`.`id_penerbit`
LEFT JOIN `buku_rak` ON `buku_rak`.`id_buku` = `buku`.`id_buku`
LEFT JOIN `rak` ON `rak`.`id_rak` = `buku_rak`.`id_rak`')
 2 SYSTEMPATH\Database\BaseConnection.php(646): CodeIgniter\Database\BaseConnection->simpleQuery('SELECT `buku`.*, `kategori`.`nama_kategori`, `penulis`.`nama_penulis`, `penerbit`.`nama_penerbit`, `rak`.`nama_rak`, `rak`.`lokasi`
FROM `buku`
LEFT JOIN `kategori` ON `kategori`.`id_kategori` = `buku`.`id_kategori`
LEFT JOIN `penulis` ON `penulis`.`id_penulis` = `buku`.`id_penulis`
LEFT JOIN `penerbit` ON `penerbit`.`id_penerbit` = `buku`.`id_penerbit`
LEFT JOIN `buku_rak` ON `buku_rak`.`id_buku` = `buku`.`id_buku`
LEFT JOIN `rak` ON `rak`.`id_rak` = `buku_rak`.`id_rak`')
 3 SYSTEMPATH\Database\BaseBuilder.php(1649): CodeIgniter\Database\BaseConnection->query('SELECT `buku`.*, `kategori`.`nama_kategori`, `penulis`.`nama_penulis`, `penerbit`.`nama_penerbit`, `rak`.`nama_rak`, `rak`.`lokasi`
FROM `buku`
LEFT JOIN `kategori` ON `kategori`.`id_kategori` = `buku`.`id_kategori`
LEFT JOIN `penulis` ON `penulis`.`id_penulis` = `buku`.`id_penulis`
LEFT JOIN `penerbit` ON `penerbit`.`id_penerbit` = `buku`.`id_penerbit`
LEFT JOIN `buku_rak` ON `buku_rak`.`id_buku` = `buku`.`id_buku`
LEFT JOIN `rak` ON `rak`.`id_rak` = `buku_rak`.`id_rak`', [], false)
 4 APPPATH\Controllers\buku.php(41): CodeIgniter\Database\BaseBuilder->get()
 5 SYSTEMPATH\CodeIgniter.php(933): App\Controllers\Buku->index()
 6 SYSTEMPATH\CodeIgniter.php(507): CodeIgniter\CodeIgniter->runController(Object(App\Controllers\Buku))
 7 SYSTEMPATH\CodeIgniter.php(354): CodeIgniter\CodeIgniter->handleRequest(null, Object(Config\Cache), false)
 8 SYSTEMPATH\Boot.php(363): CodeIgniter\CodeIgniter->run()
 9 SYSTEMPATH\Boot.php(68): CodeIgniter\Boot::runCodeIgniter(Object(CodeIgniter\CodeIgniter))
10 FCPATH\index.php(59): CodeIgniter\Boot::bootWeb(Object(Config\Paths))
CRITICAL - 2026-04-18 03:27:16 --> [Caused by] mysqli_sql_exception: Table 'perpus.rak' doesn't exist
in SYSTEMPATH\Database\MySQLi\Connection.php on line 327.
 1 SYSTEMPATH\Database\MySQLi\Connection.php(327): mysqli->query('SELECT `buku`.*, `kategori`.`nama_kategori`, `penulis`.`nama_penulis`, `penerbit`.`nama_penerbit`, `rak`.`nama_rak`, `rak`.`lokasi`
FROM `buku`
LEFT JOIN `kategori` ON `kategori`.`id_kategori` = `buku`.`id_kategori`
LEFT JOIN `penulis` ON `penulis`.`id_penulis` = `buku`.`id_penulis`
LEFT JOIN `penerbit` ON `penerbit`.`id_penerbit` = `buku`.`id_penerbit`
LEFT JOIN `buku_rak` ON `buku_rak`.`id_buku` = `buku`.`id_buku`
LEFT JOIN `rak` ON `rak`.`id_rak` = `buku_rak`.`id_rak`', 0)
 2 SYSTEMPATH\Database\BaseConnection.php(729): CodeIgniter\Database\MySQLi\Connection->execute('SELECT `buku`.*, `kategori`.`nama_kategori`, `penulis`.`nama_penulis`, `penerbit`.`nama_penerbit`, `rak`.`nama_rak`, `rak`.`lokasi`
FROM `buku`
LEFT JOIN `kategori` ON `kategori`.`id_kategori` = `buku`.`id_kategori`
LEFT JOIN `penulis` ON `penulis`.`id_penulis` = `buku`.`id_penulis`
LEFT JOIN `penerbit` ON `penerbit`.`id_penerbit` = `buku`.`id_penerbit`
LEFT JOIN `buku_rak` ON `buku_rak`.`id_buku` = `buku`.`id_buku`
LEFT JOIN `rak` ON `rak`.`id_rak` = `buku_rak`.`id_rak`')
 3 SYSTEMPATH\Database\BaseConnection.php(646): CodeIgniter\Database\BaseConnection->simpleQuery('SELECT `buku`.*, `kategori`.`nama_kategori`, `penulis`.`nama_penulis`, `penerbit`.`nama_penerbit`, `rak`.`nama_rak`, `rak`.`lokasi`
FROM `buku`
LEFT JOIN `kategori` ON `kategori`.`id_kategori` = `buku`.`id_kategori`
LEFT JOIN `penulis` ON `penulis`.`id_penulis` = `buku`.`id_penulis`
LEFT JOIN `penerbit` ON `penerbit`.`id_penerbit` = `buku`.`id_penerbit`
LEFT JOIN `buku_rak` ON `buku_rak`.`id_buku` = `buku`.`id_buku`
LEFT JOIN `rak` ON `rak`.`id_rak` = `buku_rak`.`id_rak`')
 4 SYSTEMPATH\Database\BaseBuilder.php(1649): CodeIgniter\Database\BaseConnection->query('SELECT `buku`.*, `kategori`.`nama_kategori`, `penulis`.`nama_penulis`, `penerbit`.`nama_penerbit`, `rak`.`nama_rak`, `rak`.`lokasi`
FROM `buku`
LEFT JOIN `kategori` ON `kategori`.`id_kategori` = `buku`.`id_kategori`
LEFT JOIN `penulis` ON `penulis`.`id_penulis` = `buku`.`id_penulis`
LEFT JOIN `penerbit` ON `penerbit`.`id_penerbit` = `buku`.`id_penerbit`
LEFT JOIN `buku_rak` ON `buku_rak`.`id_buku` = `buku`.`id_buku`
LEFT JOIN `rak` ON `rak`.`id_rak` = `buku_rak`.`id_rak`', [], false)
 5 APPPATH\Controllers\buku.php(41): CodeIgniter\Database\BaseBuilder->get()
 6 SYSTEMPATH\CodeIgniter.php(933): App\Controllers\Buku->index()
 7 SYSTEMPATH\CodeIgniter.php(507): CodeIgniter\CodeIgniter->runController(Object(App\Controllers\Buku))
 8 SYSTEMPATH\CodeIgniter.php(354): CodeIgniter\CodeIgniter->handleRequest(null, Object(Config\Cache), false)
 9 SYSTEMPATH\Boot.php(363): CodeIgniter\CodeIgniter->run()
10 SYSTEMPATH\Boot.php(68): CodeIgniter\Boot::runCodeIgniter(Object(CodeIgniter\CodeIgniter))
11 FCPATH\index.php(59): CodeIgniter\Boot::bootWeb(Object(Config\Paths))
ERROR - 2026-04-18 03:27:16 --> mysqli_sql_exception: Table 'perpus.rak' doesn't exist in C:\xampp\htdocs\perpus\system\Database\MySQLi\Connection.php:327
Stack trace:
#0 C:\xampp\htdocs\perpus\system\Database\MySQLi\Connection.php(327): mysqli->query('SELECT `buku`.*...', 0)
#1 C:\xampp\htdocs\perpus\system\Database\BaseConnection.php(729): CodeIgniter\Database\MySQLi\Connection->execute('SELECT `buku`.*...')
#2 C:\xampp\htdocs\perpus\system\Database\BaseConnection.php(646): CodeIgniter\Database\BaseConnection->simpleQuery('SELECT `buku`.*...')
#3 C:\xampp\htdocs\perpus\system\Database\BaseBuilder.php(1649): CodeIgniter\Database\BaseConnection->query('SELECT `buku`.*...', Array, false)
#4 C:\xampp\htdocs\perpus\app\Controllers\buku.php(41): CodeIgniter\Database\BaseBuilder->get()
#5 C:\xampp\htdocs\perpus\system\CodeIgniter.php(933): App\Controllers\Buku->index()
#6 C:\xampp\htdocs\perpus\system\CodeIgniter.php(507): CodeIgniter\CodeIgniter->runController(Object(App\Controllers\Buku))
#7 C:\xampp\htdocs\perpus\system\CodeIgniter.php(354): CodeIgniter\CodeIgniter->handleRequest(NULL, Object(Config\Cache), false)
#8 C:\xampp\htdocs\perpus\system\Boot.php(363): CodeIgniter\CodeIgniter->run()
#9 C:\xampp\htdocs\perpus\system\Boot.php(68): CodeIgniter\Boot::runCodeIgniter(Object(CodeIgniter\CodeIgniter))
#10 C:\xampp\htdocs\perpus\index.php(59): CodeIgniter\Boot::bootWeb(Object(Config\Paths))
#11 {main}
CRITICAL - 2026-04-18 03:27:16 --> CodeIgniter\Database\Exceptions\DatabaseException: Table 'perpus.rak' doesn't exist
[Method: GET, Route: buku]
in SYSTEMPATH\Database\BaseConnection.php on line 684.
 1 SYSTEMPATH\Database\BaseBuilder.php(1649): CodeIgniter\Database\BaseConnection->query('SELECT `buku`.*, `kategori`.`nama_kategori`, `penulis`.`nama_penulis`, `penerbit`.`nama_penerbit`, `rak`.`nama_rak`, `rak`.`lokasi`
FROM `buku`
LEFT JOIN `kategori` ON `kategori`.`id_kategori` = `buku`.`id_kategori`
LEFT JOIN `penulis` ON `penulis`.`id_penulis` = `buku`.`id_penulis`
LEFT JOIN `penerbit` ON `penerbit`.`id_penerbit` = `buku`.`id_penerbit`
LEFT JOIN `buku_rak` ON `buku_rak`.`id_buku` = `buku`.`id_buku`
LEFT JOIN `rak` ON `rak`.`id_rak` = `buku_rak`.`id_rak`', [], false)
 2 APPPATH\Controllers\buku.php(41): CodeIgniter\Database\BaseBuilder->get()
 3 SYSTEMPATH\CodeIgniter.php(933): App\Controllers\Buku->index()
 4 SYSTEMPATH\CodeIgniter.php(507): CodeIgniter\CodeIgniter->runController(Object(App\Controllers\Buku))
 5 SYSTEMPATH\CodeIgniter.php(354): CodeIgniter\CodeIgniter->handleRequest(null, Object(Config\Cache), false)
 6 SYSTEMPATH\Boot.php(363): CodeIgniter\CodeIgniter->run()
 7 SYSTEMPATH\Boot.php(68): CodeIgniter\Boot::runCodeIgniter(Object(CodeIgniter\CodeIgniter))
 8 FCPATH\index.php(59): CodeIgniter\Boot::bootWeb(Object(Config\Paths))
CRITICAL - 2026-04-18 03:27:16 --> [Caused by] CodeIgniter\Database\Exceptions\DatabaseException: Table 'perpus.rak' doesn't exist
in SYSTEMPATH\Database\MySQLi\Connection.php on line 332.
 1 SYSTEMPATH\Database\BaseConnection.php(729): CodeIgniter\Database\MySQLi\Connection->execute('SELECT `buku`.*, `kategori`.`nama_kategori`, `penulis`.`nama_penulis`, `penerbit`.`nama_penerbit`, `rak`.`nama_rak`, `rak`.`lokasi`
FROM `buku`
LEFT JOIN `kategori` ON `kategori`.`id_kategori` = `buku`.`id_kategori`
LEFT JOIN `penulis` ON `penulis`.`id_penulis` = `buku`.`id_penulis`
LEFT JOIN `penerbit` ON `penerbit`.`id_penerbit` = `buku`.`id_penerbit`
LEFT JOIN `buku_rak` ON `buku_rak`.`id_buku` = `buku`.`id_buku`
LEFT JOIN `rak` ON `rak`.`id_rak` = `buku_rak`.`id_rak`')
 2 SYSTEMPATH\Database\BaseConnection.php(646): CodeIgniter\Database\BaseConnection->simpleQuery('SELECT `buku`.*, `kategori`.`nama_kategori`, `penulis`.`nama_penulis`, `penerbit`.`nama_penerbit`, `rak`.`nama_rak`, `rak`.`lokasi`
FROM `buku`
LEFT JOIN `kategori` ON `kategori`.`id_kategori` = `buku`.`id_kategori`
LEFT JOIN `penulis` ON `penulis`.`id_penulis` = `buku`.`id_penulis`
LEFT JOIN `penerbit` ON `penerbit`.`id_penerbit` = `buku`.`id_penerbit`
LEFT JOIN `buku_rak` ON `buku_rak`.`id_buku` = `buku`.`id_buku`
LEFT JOIN `rak` ON `rak`.`id_rak` = `buku_rak`.`id_rak`')
 3 SYSTEMPATH\Database\BaseBuilder.php(1649): CodeIgniter\Database\BaseConnection->query('SELECT `buku`.*, `kategori`.`nama_kategori`, `penulis`.`nama_penulis`, `penerbit`.`nama_penerbit`, `rak`.`nama_rak`, `rak`.`lokasi`
FROM `buku`
LEFT JOIN `kategori` ON `kategori`.`id_kategori` = `buku`.`id_kategori`
LEFT JOIN `penulis` ON `penulis`.`id_penulis` = `buku`.`id_penulis`
LEFT JOIN `penerbit` ON `penerbit`.`id_penerbit` = `buku`.`id_penerbit`
LEFT JOIN `buku_rak` ON `buku_rak`.`id_buku` = `buku`.`id_buku`
LEFT JOIN `rak` ON `rak`.`id_rak` = `buku_rak`.`id_rak`', [], false)
 4 APPPATH\Controllers\buku.php(41): CodeIgniter\Database\BaseBuilder->get()
 5 SYSTEMPATH\CodeIgniter.php(933): App\Controllers\Buku->index()
 6 SYSTEMPATH\CodeIgniter.php(507): CodeIgniter\CodeIgniter->runController(Object(App\Controllers\Buku))
 7 SYSTEMPATH\CodeIgniter.php(354): CodeIgniter\CodeIgniter->handleRequest(null, Object(Config\Cache), false)
 8 SYSTEMPATH\Boot.php(363): CodeIgniter\CodeIgniter->run()
 9 SYSTEMPATH\Boot.php(68): CodeIgniter\Boot::runCodeIgniter(Object(CodeIgniter\CodeIgniter))
10 FCPATH\index.php(59): CodeIgniter\Boot::bootWeb(Object(Config\Paths))
CRITICAL - 2026-04-18 03:27:16 --> [Caused by] mysqli_sql_exception: Table 'perpus.rak' doesn't exist
in SYSTEMPATH\Database\MySQLi\Connection.php on line 327.
 1 SYSTEMPATH\Database\MySQLi\Connection.php(327): mysqli->query('SELECT `buku`.*, `kategori`.`nama_kategori`, `penulis`.`nama_penulis`, `penerbit`.`nama_penerbit`, `rak`.`nama_rak`, `rak`.`lokasi`
FROM `buku`
LEFT JOIN `kategori` ON `kategori`.`id_kategori` = `buku`.`id_kategori`
LEFT JOIN `penulis` ON `penulis`.`id_penulis` = `buku`.`id_penulis`
LEFT JOIN `penerbit` ON `penerbit`.`id_penerbit` = `buku`.`id_penerbit`
LEFT JOIN `buku_rak` ON `buku_rak`.`id_buku` = `buku`.`id_buku`
LEFT JOIN `rak` ON `rak`.`id_rak` = `buku_rak`.`id_rak`', 0)
 2 SYSTEMPATH\Database\BaseConnection.php(729): CodeIgniter\Database\MySQLi\Connection->execute('SELECT `buku`.*, `kategori`.`nama_kategori`, `penulis`.`nama_penulis`, `penerbit`.`nama_penerbit`, `rak`.`nama_rak`, `rak`.`lokasi`
FROM `buku`
LEFT JOIN `kategori` ON `kategori`.`id_kategori` = `buku`.`id_kategori`
LEFT JOIN `penulis` ON `penulis`.`id_penulis` = `buku`.`id_penulis`
LEFT JOIN `penerbit` ON `penerbit`.`id_penerbit` = `buku`.`id_penerbit`
LEFT JOIN `buku_rak` ON `buku_rak`.`id_buku` = `buku`.`id_buku`
LEFT JOIN `rak` ON `rak`.`id_rak` = `buku_rak`.`id_rak`')
 3 SYSTEMPATH\Database\BaseConnection.php(646): CodeIgniter\Database\BaseConnection->simpleQuery('SELECT `buku`.*, `kategori`.`nama_kategori`, `penulis`.`nama_penulis`, `penerbit`.`nama_penerbit`, `rak`.`nama_rak`, `rak`.`lokasi`
FROM `buku`
LEFT JOIN `kategori` ON `kategori`.`id_kategori` = `buku`.`id_kategori`
LEFT JOIN `penulis` ON `penulis`.`id_penulis` = `buku`.`id_penulis`
LEFT JOIN `penerbit` ON `penerbit`.`id_penerbit` = `buku`.`id_penerbit`
LEFT JOIN `buku_rak` ON `buku_rak`.`id_buku` = `buku`.`id_buku`
LEFT JOIN `rak` ON `rak`.`id_rak` = `buku_rak`.`id_rak`')
 4 SYSTEMPATH\Database\BaseBuilder.php(1649): CodeIgniter\Database\BaseConnection->query('SELECT `buku`.*, `kategori`.`nama_kategori`, `penulis`.`nama_penulis`, `penerbit`.`nama_penerbit`, `rak`.`nama_rak`, `rak`.`lokasi`
FROM `buku`
LEFT JOIN `kategori` ON `kategori`.`id_kategori` = `buku`.`id_kategori`
LEFT JOIN `penulis` ON `penulis`.`id_penulis` = `buku`.`id_penulis`
LEFT JOIN `penerbit` ON `penerbit`.`id_penerbit` = `buku`.`id_penerbit`
LEFT JOIN `buku_rak` ON `buku_rak`.`id_buku` = `buku`.`id_buku`
LEFT JOIN `rak` ON `rak`.`id_rak` = `buku_rak`.`id_rak`', [], false)
 5 APPPATH\Controllers\buku.php(41): CodeIgniter\Database\BaseBuilder->get()
 6 SYSTEMPATH\CodeIgniter.php(933): App\Controllers\Buku->index()
 7 SYSTEMPATH\CodeIgniter.php(507): CodeIgniter\CodeIgniter->runController(Object(App\Controllers\Buku))
 8 SYSTEMPATH\CodeIgniter.php(354): CodeIgniter\CodeIgniter->handleRequest(null, Object(Config\Cache), false)
 9 SYSTEMPATH\Boot.php(363): CodeIgniter\CodeIgniter->run()
10 SYSTEMPATH\Boot.php(68): CodeIgniter\Boot::runCodeIgniter(Object(CodeIgniter\CodeIgniter))
11 FCPATH\index.php(59): CodeIgniter\Boot::bootWeb(Object(Config\Paths))
ERROR - 2026-04-18 03:27:16 --> mysqli_sql_exception: Table 'perpus.rak' doesn't exist in C:\xampp\htdocs\perpus\system\Database\MySQLi\Connection.php:327
Stack trace:
#0 C:\xampp\htdocs\perpus\system\Database\MySQLi\Connection.php(327): mysqli->query('SELECT `buku`.*...', 0)
#1 C:\xampp\htdocs\perpus\system\Database\BaseConnection.php(729): CodeIgniter\Database\MySQLi\Connection->execute('SELECT `buku`.*...')
#2 C:\xampp\htdocs\perpus\system\Database\BaseConnection.php(646): CodeIgniter\Database\BaseConnection->simpleQuery('SELECT `buku`.*...')
#3 C:\xampp\htdocs\perpus\system\Database\BaseBuilder.php(1649): CodeIgniter\Database\BaseConnection->query('SELECT `buku`.*...', Array, false)
#4 C:\xampp\htdocs\perpus\app\Controllers\buku.php(41): CodeIgniter\Database\BaseBuilder->get()
#5 C:\xampp\htdocs\perpus\system\CodeIgniter.php(933): App\Controllers\Buku->index()
#6 C:\xampp\htdocs\perpus\system\CodeIgniter.php(507): CodeIgniter\CodeIgniter->runController(Object(App\Controllers\Buku))
#7 C:\xampp\htdocs\perpus\system\CodeIgniter.php(354): CodeIgniter\CodeIgniter->handleRequest(NULL, Object(Config\Cache), false)
#8 C:\xampp\htdocs\perpus\system\Boot.php(363): CodeIgniter\CodeIgniter->run()
#9 C:\xampp\htdocs\perpus\system\Boot.php(68): CodeIgniter\Boot::runCodeIgniter(Object(CodeIgniter\CodeIgniter))
#10 C:\xampp\htdocs\perpus\index.php(59): CodeIgniter\Boot::bootWeb(Object(Config\Paths))
#11 {main}
CRITICAL - 2026-04-18 03:27:16 --> CodeIgniter\Database\Exceptions\DatabaseException: Table 'perpus.rak' doesn't exist
[Method: GET, Route: buku]
in SYSTEMPATH\Database\BaseConnection.php on line 684.
 1 SYSTEMPATH\Database\BaseBuilder.php(1649): CodeIgniter\Database\BaseConnection->query('SELECT `buku`.*, `kategori`.`nama_kategori`, `penulis`.`nama_penulis`, `penerbit`.`nama_penerbit`, `rak`.`nama_rak`, `rak`.`lokasi`
FROM `buku`
LEFT JOIN `kategori` ON `kategori`.`id_kategori` = `buku`.`id_kategori`
LEFT JOIN `penulis` ON `penulis`.`id_penulis` = `buku`.`id_penulis`
LEFT JOIN `penerbit` ON `penerbit`.`id_penerbit` = `buku`.`id_penerbit`
LEFT JOIN `buku_rak` ON `buku_rak`.`id_buku` = `buku`.`id_buku`
LEFT JOIN `rak` ON `rak`.`id_rak` = `buku_rak`.`id_rak`', [], false)
 2 APPPATH\Controllers\buku.php(41): CodeIgniter\Database\BaseBuilder->get()
 3 SYSTEMPATH\CodeIgniter.php(933): App\Controllers\Buku->index()
 4 SYSTEMPATH\CodeIgniter.php(507): CodeIgniter\CodeIgniter->runController(Object(App\Controllers\Buku))
 5 SYSTEMPATH\CodeIgniter.php(354): CodeIgniter\CodeIgniter->handleRequest(null, Object(Config\Cache), false)
 6 SYSTEMPATH\Boot.php(363): CodeIgniter\CodeIgniter->run()
 7 SYSTEMPATH\Boot.php(68): CodeIgniter\Boot::runCodeIgniter(Object(CodeIgniter\CodeIgniter))
 8 FCPATH\index.php(59): CodeIgniter\Boot::bootWeb(Object(Config\Paths))
CRITICAL - 2026-04-18 03:27:16 --> [Caused by] CodeIgniter\Database\Exceptions\DatabaseException: Table 'perpus.rak' doesn't exist
in SYSTEMPATH\Database\MySQLi\Connection.php on line 332.
 1 SYSTEMPATH\Database\BaseConnection.php(729): CodeIgniter\Database\MySQLi\Connection->execute('SELECT `buku`.*, `kategori`.`nama_kategori`, `penulis`.`nama_penulis`, `penerbit`.`nama_penerbit`, `rak`.`nama_rak`, `rak`.`lokasi`
FROM `buku`
LEFT JOIN `kategori` ON `kategori`.`id_kategori` = `buku`.`id_kategori`
LEFT JOIN `penulis` ON `penulis`.`id_penulis` = `buku`.`id_penulis`
LEFT JOIN `penerbit` ON `penerbit`.`id_penerbit` = `buku`.`id_penerbit`
LEFT JOIN `buku_rak` ON `buku_rak`.`id_buku` = `buku`.`id_buku`
LEFT JOIN `rak` ON `rak`.`id_rak` = `buku_rak`.`id_rak`')
 2 SYSTEMPATH\Database\BaseConnection.php(646): CodeIgniter\Database\BaseConnection->simpleQuery('SELECT `buku`.*, `kategori`.`nama_kategori`, `penulis`.`nama_penulis`, `penerbit`.`nama_penerbit`, `rak`.`nama_rak`, `rak`.`lokasi`
FROM `buku`
LEFT JOIN `kategori` ON `kategori`.`id_kategori` = `buku`.`id_kategori`
LEFT JOIN `penulis` ON `penulis`.`id_penulis` = `buku`.`id_penulis`
LEFT JOIN `penerbit` ON `penerbit`.`id_penerbit` = `buku`.`id_penerbit`
LEFT JOIN `buku_rak` ON `buku_rak`.`id_buku` = `buku`.`id_buku`
LEFT JOIN `rak` ON `rak`.`id_rak` = `buku_rak`.`id_rak`')
 3 SYSTEMPATH\Database\BaseBuilder.php(1649): CodeIgniter\Database\BaseConnection->query('SELECT `buku`.*, `kategori`.`nama_kategori`, `penulis`.`nama_penulis`, `penerbit`.`nama_penerbit`, `rak`.`nama_rak`, `rak`.`lokasi`
FROM `buku`
LEFT JOIN `kategori` ON `kategori`.`id_kategori` = `buku`.`id_kategori`
LEFT JOIN `penulis` ON `penulis`.`id_penulis` = `buku`.`id_penulis`
LEFT JOIN `penerbit` ON `penerbit`.`id_penerbit` = `buku`.`id_penerbit`
LEFT JOIN `buku_rak` ON `buku_rak`.`id_buku` = `buku`.`id_buku`
LEFT JOIN `rak` ON `rak`.`id_rak` = `buku_rak`.`id_rak`', [], false)
 4 APPPATH\Controllers\buku.php(41): CodeIgniter\Database\BaseBuilder->get()
 5 SYSTEMPATH\CodeIgniter.php(933): App\Controllers\Buku->index()
 6 SYSTEMPATH\CodeIgniter.php(507): CodeIgniter\CodeIgniter->runController(Object(App\Controllers\Buku))
 7 SYSTEMPATH\CodeIgniter.php(354): CodeIgniter\CodeIgniter->handleRequest(null, Object(Config\Cache), false)
 8 SYSTEMPATH\Boot.php(363): CodeIgniter\CodeIgniter->run()
 9 SYSTEMPATH\Boot.php(68): CodeIgniter\Boot::runCodeIgniter(Object(CodeIgniter\CodeIgniter))
10 FCPATH\index.php(59): CodeIgniter\Boot::bootWeb(Object(Config\Paths))
CRITICAL - 2026-04-18 03:27:16 --> [Caused by] mysqli_sql_exception: Table 'perpus.rak' doesn't exist
in SYSTEMPATH\Database\MySQLi\Connection.php on line 327.
 1 SYSTEMPATH\Database\MySQLi\Connection.php(327): mysqli->query('SELECT `buku`.*, `kategori`.`nama_kategori`, `penulis`.`nama_penulis`, `penerbit`.`nama_penerbit`, `rak`.`nama_rak`, `rak`.`lokasi`
FROM `buku`
LEFT JOIN `kategori` ON `kategori`.`id_kategori` = `buku`.`id_kategori`
LEFT JOIN `penulis` ON `penulis`.`id_penulis` = `buku`.`id_penulis`
LEFT JOIN `penerbit` ON `penerbit`.`id_penerbit` = `buku`.`id_penerbit`
LEFT JOIN `buku_rak` ON `buku_rak`.`id_buku` = `buku`.`id_buku`
LEFT JOIN `rak` ON `rak`.`id_rak` = `buku_rak`.`id_rak`', 0)
 2 SYSTEMPATH\Database\BaseConnection.php(729): CodeIgniter\Database\MySQLi\Connection->execute('SELECT `buku`.*, `kategori`.`nama_kategori`, `penulis`.`nama_penulis`, `penerbit`.`nama_penerbit`, `rak`.`nama_rak`, `rak`.`lokasi`
FROM `buku`
LEFT JOIN `kategori` ON `kategori`.`id_kategori` = `buku`.`id_kategori`
LEFT JOIN `penulis` ON `penulis`.`id_penulis` = `buku`.`id_penulis`
LEFT JOIN `penerbit` ON `penerbit`.`id_penerbit` = `buku`.`id_penerbit`
LEFT JOIN `buku_rak` ON `buku_rak`.`id_buku` = `buku`.`id_buku`
LEFT JOIN `rak` ON `rak`.`id_rak` = `buku_rak`.`id_rak`')
 3 SYSTEMPATH\Database\BaseConnection.php(646): CodeIgniter\Database\BaseConnection->simpleQuery('SELECT `buku`.*, `kategori`.`nama_kategori`, `penulis`.`nama_penulis`, `penerbit`.`nama_penerbit`, `rak`.`nama_rak`, `rak`.`lokasi`
FROM `buku`
LEFT JOIN `kategori` ON `kategori`.`id_kategori` = `buku`.`id_kategori`
LEFT JOIN `penulis` ON `penulis`.`id_penulis` = `buku`.`id_penulis`
LEFT JOIN `penerbit` ON `penerbit`.`id_penerbit` = `buku`.`id_penerbit`
LEFT JOIN `buku_rak` ON `buku_rak`.`id_buku` = `buku`.`id_buku`
LEFT JOIN `rak` ON `rak`.`id_rak` = `buku_rak`.`id_rak`')
 4 SYSTEMPATH\Database\BaseBuilder.php(1649): CodeIgniter\Database\BaseConnection->query('SELECT `buku`.*, `kategori`.`nama_kategori`, `penulis`.`nama_penulis`, `penerbit`.`nama_penerbit`, `rak`.`nama_rak`, `rak`.`lokasi`
FROM `buku`
LEFT JOIN `kategori` ON `kategori`.`id_kategori` = `buku`.`id_kategori`
LEFT JOIN `penulis` ON `penulis`.`id_penulis` = `buku`.`id_penulis`
LEFT JOIN `penerbit` ON `penerbit`.`id_penerbit` = `buku`.`id_penerbit`
LEFT JOIN `buku_rak` ON `buku_rak`.`id_buku` = `buku`.`id_buku`
LEFT JOIN `rak` ON `rak`.`id_rak` = `buku_rak`.`id_rak`', [], false)
 5 APPPATH\Controllers\buku.php(41): CodeIgniter\Database\BaseBuilder->get()
 6 SYSTEMPATH\CodeIgniter.php(933): App\Controllers\Buku->index()
 7 SYSTEMPATH\CodeIgniter.php(507): CodeIgniter\CodeIgniter->runController(Object(App\Controllers\Buku))
 8 SYSTEMPATH\CodeIgniter.php(354): CodeIgniter\CodeIgniter->handleRequest(null, Object(Config\Cache), false)
 9 SYSTEMPATH\Boot.php(363): CodeIgniter\CodeIgniter->run()
10 SYSTEMPATH\Boot.php(68): CodeIgniter\Boot::runCodeIgniter(Object(CodeIgniter\CodeIgniter))
11 FCPATH\index.php(59): CodeIgniter\Boot::bootWeb(Object(Config\Paths))
DEBUG - 2026-04-18 03:28:09 --> Session: Class initialized using 'CodeIgniter\Session\Handlers\FileHandler' driver.
DEBUG - 2026-04-18 03:29:56 --> Session: Class initialized using 'CodeIgniter\Session\Handlers\FileHandler' driver.
DEBUG - 2026-04-18 03:30:04 --> Session: Class initialized using 'CodeIgniter\Session\Handlers\FileHandler' driver.
DEBUG - 2026-04-18 03:30:08 --> Session: Class initialized using 'CodeIgniter\Session\Handlers\FileHandler' driver.
CRITICAL - 2026-04-18 03:51:34 --> ErrorException: Declaration of App\Models\KategoriModel::delete($id) must be compatible with CodeIgniter\BaseModel::delete($id = null, bool $purge = false)
[Method: GET, Route: kategori/delete/47]
in APPPATH\Models\kategoriModel.php on line 13.
 1 [internal function]: CodeIgniter\Debug\Exceptions->shutdownHandler()
CRITICAL - 2026-04-18 04:02:21 --> ParseError: syntax error, unexpected identifier "rel", expecting "]"
[Method: GET, Route: kategori]
in APPPATH\Controllers\kategori.php on line 27.
 1 SYSTEMPATH\Autoloader\Autoloader.php(295): CodeIgniter\Autoloader\Autoloader->includeFile('C:\\xampp\\htdocs\\perpus\\app\\Controllers\\Kategori.php')
 2 SYSTEMPATH\Autoloader\Autoloader.php(271): CodeIgniter\Autoloader\Autoloader->loadInNamespace('App\\Controllers\\Kategori')
 3 [internal function]: CodeIgniter\Autoloader\Autoloader->loadClass('App\\Controllers\\Kategori')
 4 SYSTEMPATH\CodeIgniter.php(885): class_exists('\\App\\Controllers\\Kategori', true)
 5 SYSTEMPATH\CodeIgniter.php(494): CodeIgniter\CodeIgniter->startController()
 6 SYSTEMPATH\CodeIgniter.php(354): CodeIgniter\CodeIgniter->handleRequest(null, Object(Config\Cache), false)
 7 SYSTEMPATH\Boot.php(363): CodeIgniter\CodeIgniter->run()
 8 SYSTEMPATH\Boot.php(68): CodeIgniter\Boot::runCodeIgniter(Object(CodeIgniter\CodeIgniter))
 9 FCPATH\index.php(59): CodeIgniter\Boot::bootWeb(Object(Config\Paths))
DEBUG - 2026-04-18 04:15:41 --> Session: Class initialized using 'CodeIgniter\Session\Handlers\FileHandler' driver.
DEBUG - 2026-04-18 04:26:12 --> Session: Class initialized using 'CodeIgniter\Session\Handlers\FileHandler' driver.
DEBUG - 2026-04-18 04:26:27 --> Session: Class initialized using 'CodeIgniter\Session\Handlers\FileHandler' driver.
DEBUG - 2026-04-18 04:26:56 --> Session: Class initialized using 'CodeIgniter\Session\Handlers\FileHandler' driver.
DEBUG - 2026-04-18 04:27:02 --> Session: Class initialized using 'CodeIgniter\Session\Handlers\FileHandler' driver.
DEBUG - 2026-04-18 06:28:51 --> Session: Class initialized using 'CodeIgniter\Session\Handlers\FileHandler' driver.
DEBUG - 2026-04-18 06:28:51 --> Session: Class initialized using 'CodeIgniter\Session\Handlers\FileHandler' driver.
DEBUG - 2026-04-18 06:28:57 --> Session: Class initialized using 'CodeIgniter\Session\Handlers\FileHandler' driver.
DEBUG - 2026-04-18 06:28:58 --> Session: Class initialized using 'CodeIgniter\Session\Handlers\FileHandler' driver.
DEBUG - 2026-04-18 06:29:01 --> Session: Class initialized using 'CodeIgniter\Session\Handlers\FileHandler' driver.
DEBUG - 2026-04-18 06:29:11 --> Session: Class initialized using 'CodeIgniter\Session\Handlers\FileHandler' driver.
DEBUG - 2026-04-18 06:29:13 --> Session: Class initialized using 'CodeIgniter\Session\Handlers\FileHandler' driver.
DEBUG - 2026-04-18 06:29:20 --> Session: Class initialized using 'CodeIgniter\Session\Handlers\FileHandler' driver.
DEBUG - 2026-04-18 06:29:23 --> Session: Class initialized using 'CodeIgniter\Session\Handlers\FileHandler' driver.
DEBUG - 2026-04-18 06:32:55 --> Session: Class initialized using 'CodeIgniter\Session\Handlers\FileHandler' driver.
DEBUG - 2026-04-18 06:32:59 --> Session: Class initialized using 'CodeIgniter\Session\Handlers\FileHandler' driver.
DEBUG - 2026-04-18 06:33:16 --> Session: Class initialized using 'CodeIgniter\Session\Handlers\FileHandler' driver.
DEBUG - 2026-04-18 06:33:18 --> Session: Class initialized using 'CodeIgniter\Session\Handlers\FileHandler' driver.
DEBUG - 2026-04-18 15:03:21 --> Session: Class initialized using 'CodeIgniter\Session\Handlers\FileHandler' driver.
DEBUG - 2026-04-18 15:03:23 --> Session: Class initialized using 'CodeIgniter\Session\Handlers\FileHandler' driver.
DEBUG - 2026-04-18 15:03:29 --> Session: Class initialized using 'CodeIgniter\Session\Handlers\FileHandler' driver.
DEBUG - 2026-04-18 15:03:30 --> Session: Class initialized using 'CodeIgniter\Session\Handlers\FileHandler' driver.
DEBUG - 2026-04-18 15:03:43 --> Session: Class initialized using 'CodeIgniter\Session\Handlers\FileHandler' driver.
DEBUG - 2026-04-18 15:03:59 --> Session: Class initialized using 'CodeIgniter\Session\Handlers\FileHandler' driver.
CRITICAL - 2026-04-18 15:31:27 --> CodeIgniter\View\Exceptions\ViewException: Invalid file: "penerbit/create.php"
[Method: GET, Route: penerbit/create]
in SYSTEMPATH\Exceptions\FrameworkException.php on line 39.
 1 SYSTEMPATH\View\View.php(214): CodeIgniter\Exceptions\FrameworkException::forInvalidFile('penerbit/create.php')
 2 SYSTEMPATH\Common.php(1167): CodeIgniter\View\View->render('penerbit/create', [], true)
 3 APPPATH\Controllers\Penerbit.php(19): view('penerbit/create')
 4 SYSTEMPATH\CodeIgniter.php(933): App\Controllers\Penerbit->create()
 5 SYSTEMPATH\CodeIgniter.php(507): CodeIgniter\CodeIgniter->runController(Object(App\Controllers\Penerbit))
 6 SYSTEMPATH\CodeIgniter.php(354): CodeIgniter\CodeIgniter->handleRequest(null, Object(Config\Cache), false)
 7 SYSTEMPATH\Boot.php(363): CodeIgniter\CodeIgniter->run()
 8 SYSTEMPATH\Boot.php(68): CodeIgniter\Boot::runCodeIgniter(Object(CodeIgniter\CodeIgniter))
 9 FCPATH\index.php(59): CodeIgniter\Boot::bootWeb(Object(Config\Paths))
CRITICAL - 2026-04-18 15:39:28 --> ErrorException: Cannot declare class App\Controllers\Penerbit, because the name is already in use
[Method: POST, Route: penerbit/store]
in APPPATH\Models\PenerbitModel.php on line 7.
 1 [internal function]: CodeIgniter\Debug\Exceptions->shutdownHandler()
CRITICAL - 2026-04-18 15:40:41 --> ErrorException: Cannot declare class App\Controllers\Penerbit, because the name is already in use
[Method: POST, Route: penerbit/store]
in APPPATH\Models\PenerbitModel.php on line 7.
 1 [internal function]: CodeIgniter\Debug\Exceptions->shutdownHandler()
CRITICAL - 2026-04-18 15:41:16 --> ErrorException: Cannot declare class App\Controllers\Penerbit, because the name is already in use
[Method: POST, Route: penerbit/store]
in APPPATH\Models\PenerbitModel.php on line 7.
 1 [internal function]: CodeIgniter\Debug\Exceptions->shutdownHandler()
CRITICAL - 2026-04-18 15:42:39 --> ErrorException: Cannot declare class App\Controllers\Penerbit, because the name is already in use
[Method: POST, Route: penerbit/store]
in APPPATH\Models\PenerbitModel.php on line 7.
 1 [internal function]: CodeIgniter\Debug\Exceptions->shutdownHandler()
DEBUG - 2026-04-18 15:44:21 --> Session: Class initialized using 'CodeIgniter\Session\Handlers\FileHandler' driver.
DEBUG - 2026-04-18 15:49:42 --> Session: Class initialized using 'CodeIgniter\Session\Handlers\FileHandler' driver.
DEBUG - 2026-04-18 15:52:16 --> Session: Class initialized using 'CodeIgniter\Session\Handlers\FileHandler' driver.
DEBUG - 2026-04-18 15:58:30 --> Session: Class initialized using 'CodeIgniter\Session\Handlers\FileHandler' driver.
DEBUG - 2026-04-18 15:58:42 --> Session: Class initialized using 'CodeIgniter\Session\Handlers\FileHandler' driver.
DEBUG - 2026-04-18 15:58:56 --> Session: Class initialized using 'CodeIgniter\Session\Handlers\FileHandler' driver.
ERROR - 2026-04-18 15:59:02 --> mysqli_sql_exception: Unknown column 'deskripsi' in 'field list' in C:\xampp\htdocs\perpus\system\Database\MySQLi\Connection.php:327
Stack trace:
#0 C:\xampp\htdocs\perpus\system\Database\MySQLi\Connection.php(327): mysqli->query('UPDATE `buku` S...', 0)
#1 C:\xampp\htdocs\perpus\system\Database\BaseConnection.php(729): CodeIgniter\Database\MySQLi\Connection->execute('UPDATE `buku` S...')
#2 C:\xampp\htdocs\perpus\system\Database\BaseConnection.php(646): CodeIgniter\Database\BaseConnection->simpleQuery('UPDATE `buku` S...')
#3 C:\xampp\htdocs\perpus\system\Database\BaseBuilder.php(2521): CodeIgniter\Database\BaseConnection->query('UPDATE `buku` S...', Array, false)
#4 C:\xampp\htdocs\perpus\system\Model.php(461): CodeIgniter\Database\BaseBuilder->update()
#5 C:\xampp\htdocs\perpus\system\BaseModel.php(1025): CodeIgniter\Model->doUpdate(Array, Array)
#6 C:\xampp\htdocs\perpus\system\Model.php(860): CodeIgniter\BaseModel->update(Array, Array)
#7 C:\xampp\htdocs\perpus\app\Controllers\buku.php(109): CodeIgniter\Model->update('3', Array)
#8 C:\xampp\htdocs\perpus\system\CodeIgniter.php(933): App\Controllers\Buku->update('3')
#9 C:\xampp\htdocs\perpus\system\CodeIgniter.php(507): CodeIgniter\CodeIgniter->runController(Object(App\Controllers\Buku))
#10 C:\xampp\htdocs\perpus\system\CodeIgniter.php(354): CodeIgniter\CodeIgniter->handleRequest(NULL, Object(Config\Cache), false)
#11 C:\xampp\htdocs\perpus\system\Boot.php(363): CodeIgniter\CodeIgniter->run()
#12 C:\xampp\htdocs\perpus\system\Boot.php(68): CodeIgniter\Boot::runCodeIgniter(Object(CodeIgniter\CodeIgniter))
#13 C:\xampp\htdocs\perpus\index.php(59): CodeIgniter\Boot::bootWeb(Object(Config\Paths))
#14 {main}
CRITICAL - 2026-04-18 15:59:02 --> CodeIgniter\Database\Exceptions\DatabaseException: Unknown column 'deskripsi' in 'field list'
[Method: POST, Route: buku/update/3]
in SYSTEMPATH\Database\BaseConnection.php on line 684.
 1 SYSTEMPATH\Database\BaseBuilder.php(2521): CodeIgniter\Database\BaseConnection->query('UPDATE `buku` SET `judul` = :judul:, `isbn` = :isbn:, `id_kategori` = :id_kategori:, `id_penulis` = :id_penulis:, `id_penerbit` = :id_penerbit:, `tahun_terbit` = :tahun_terbit:, `jumlah` = :jumlah:, `tersedia` = :tersedia:, `deskripsi` = :deskripsi:
WHERE `buku`.`id_buku` IN :buku.id_buku:', [...], false)
 2 SYSTEMPATH\Model.php(461): CodeIgniter\Database\BaseBuilder->update()
 3 SYSTEMPATH\BaseModel.php(1025): CodeIgniter\Model->doUpdate([...], [...])
 4 SYSTEMPATH\Model.php(860): CodeIgniter\BaseModel->update([...], [...])
 5 APPPATH\Controllers\buku.php(109): CodeIgniter\Model->update('3', [...])
 6 SYSTEMPATH\CodeIgniter.php(933): App\Controllers\Buku->update('3')
 7 SYSTEMPATH\CodeIgniter.php(507): CodeIgniter\CodeIgniter->runController(Object(App\Controllers\Buku))
 8 SYSTEMPATH\CodeIgniter.php(354): CodeIgniter\CodeIgniter->handleRequest(null, Object(Config\Cache), false)
 9 SYSTEMPATH\Boot.php(363): CodeIgniter\CodeIgniter->run()
10 SYSTEMPATH\Boot.php(68): CodeIgniter\Boot::runCodeIgniter(Object(CodeIgniter\CodeIgniter))
11 FCPATH\index.php(59): CodeIgniter\Boot::bootWeb(Object(Config\Paths))
CRITICAL - 2026-04-18 15:59:02 --> [Caused by] CodeIgniter\Database\Exceptions\DatabaseException: Unknown column 'deskripsi' in 'field list'
in SYSTEMPATH\Database\MySQLi\Connection.php on line 332.
 1 SYSTEMPATH\Database\BaseConnection.php(729): CodeIgniter\Database\MySQLi\Connection->execute('UPDATE `buku` SET `judul` = \'bumi\', `isbn` = \'9786020324788\', `id_kategori` = \'46\', `id_penulis` = \'3\', `id_penerbit` = \'2\', `tahun_terbit` = \'2012\', `jumlah` = \'3\', `tersedia` = \'5\', `deskripsi` = \'\'
WHERE `buku`.`id_buku` IN (\'3\')')
 2 SYSTEMPATH\Database\BaseConnection.php(646): CodeIgniter\Database\BaseConnection->simpleQuery('UPDATE `buku` SET `judul` = \'bumi\', `isbn` = \'9786020324788\', `id_kategori` = \'46\', `id_penulis` = \'3\', `id_penerbit` = \'2\', `tahun_terbit` = \'2012\', `jumlah` = \'3\', `tersedia` = \'5\', `deskripsi` = \'\'
WHERE `buku`.`id_buku` IN (\'3\')')
 3 SYSTEMPATH\Database\BaseBuilder.php(2521): CodeIgniter\Database\BaseConnection->query('UPDATE `buku` SET `judul` = :judul:, `isbn` = :isbn:, `id_kategori` = :id_kategori:, `id_penulis` = :id_penulis:, `id_penerbit` = :id_penerbit:, `tahun_terbit` = :tahun_terbit:, `jumlah` = :jumlah:, `tersedia` = :tersedia:, `deskripsi` = :deskripsi:
WHERE `buku`.`id_buku` IN :buku.id_buku:', [...], false)
 4 SYSTEMPATH\Model.php(461): CodeIgniter\Database\BaseBuilder->update()
 5 SYSTEMPATH\BaseModel.php(1025): CodeIgniter\Model->doUpdate([...], [...])
 6 SYSTEMPATH\Model.php(860): CodeIgniter\BaseModel->update([...], [...])
 7 APPPATH\Controllers\buku.php(109): CodeIgniter\Model->update('3', [...])
 8 SYSTEMPATH\CodeIgniter.php(933): App\Controllers\Buku->update('3')
 9 SYSTEMPATH\CodeIgniter.php(507): CodeIgniter\CodeIgniter->runController(Object(App\Controllers\Buku))
10 SYSTEMPATH\CodeIgniter.php(354): CodeIgniter\CodeIgniter->handleRequest(null, Object(Config\Cache), false)
11 SYSTEMPATH\Boot.php(363): CodeIgniter\CodeIgniter->run()
12 SYSTEMPATH\Boot.php(68): CodeIgniter\Boot::runCodeIgniter(Object(CodeIgniter\CodeIgniter))
13 FCPATH\index.php(59): CodeIgniter\Boot::bootWeb(Object(Config\Paths))
CRITICAL - 2026-04-18 15:59:02 --> [Caused by] mysqli_sql_exception: Unknown column 'deskripsi' in 'field list'
in SYSTEMPATH\Database\MySQLi\Connection.php on line 327.
 1 SYSTEMPATH\Database\MySQLi\Connection.php(327): mysqli->query('UPDATE `buku` SET `judul` = \'bumi\', `isbn` = \'9786020324788\', `id_kategori` = \'46\', `id_penulis` = \'3\', `id_penerbit` = \'2\', `tahun_terbit` = \'2012\', `jumlah` = \'3\', `tersedia` = \'5\', `deskripsi` = \'\'
WHERE `buku`.`id_buku` IN (\'3\')', 0)
 2 SYSTEMPATH\Database\BaseConnection.php(729): CodeIgniter\Database\MySQLi\Connection->execute('UPDATE `buku` SET `judul` = \'bumi\', `isbn` = \'9786020324788\', `id_kategori` = \'46\', `id_penulis` = \'3\', `id_penerbit` = \'2\', `tahun_terbit` = \'2012\', `jumlah` = \'3\', `tersedia` = \'5\', `deskripsi` = \'\'
WHERE `buku`.`id_buku` IN (\'3\')')
 3 SYSTEMPATH\Database\BaseConnection.php(646): CodeIgniter\Database\BaseConnection->simpleQuery('UPDATE `buku` SET `judul` = \'bumi\', `isbn` = \'9786020324788\', `id_kategori` = \'46\', `id_penulis` = \'3\', `id_penerbit` = \'2\', `tahun_terbit` = \'2012\', `jumlah` = \'3\', `tersedia` = \'5\', `deskripsi` = \'\'
WHERE `buku`.`id_buku` IN (\'3\')')
 4 SYSTEMPATH\Database\BaseBuilder.php(2521): CodeIgniter\Database\BaseConnection->query('UPDATE `buku` SET `judul` = :judul:, `isbn` = :isbn:, `id_kategori` = :id_kategori:, `id_penulis` = :id_penulis:, `id_penerbit` = :id_penerbit:, `tahun_terbit` = :tahun_terbit:, `jumlah` = :jumlah:, `tersedia` = :tersedia:, `deskripsi` = :deskripsi:
WHERE `buku`.`id_buku` IN :buku.id_buku:', [...], false)
 5 SYSTEMPATH\Model.php(461): CodeIgniter\Database\BaseBuilder->update()
 6 SYSTEMPATH\BaseModel.php(1025): CodeIgniter\Model->doUpdate([...], [...])
 7 SYSTEMPATH\Model.php(860): CodeIgniter\BaseModel->update([...], [...])
 8 APPPATH\Controllers\buku.php(109): CodeIgniter\Model->update('3', [...])
 9 SYSTEMPATH\CodeIgniter.php(933): App\Controllers\Buku->update('3')
10 SYSTEMPATH\CodeIgniter.php(507): CodeIgniter\CodeIgniter->runController(Object(App\Controllers\Buku))
11 SYSTEMPATH\CodeIgniter.php(354): CodeIgniter\CodeIgniter->handleRequest(null, Object(Config\Cache), false)
12 SYSTEMPATH\Boot.php(363): CodeIgniter\CodeIgniter->run()
13 SYSTEMPATH\Boot.php(68): CodeIgniter\Boot::runCodeIgniter(Object(CodeIgniter\CodeIgniter))
14 FCPATH\index.php(59): CodeIgniter\Boot::bootWeb(Object(Config\Paths))
ERROR - 2026-04-18 16:01:17 --> mysqli_sql_exception: Unknown column 'deskripsi' in 'field list' in C:\xampp\htdocs\perpus\system\Database\MySQLi\Connection.php:327
Stack trace:
#0 C:\xampp\htdocs\perpus\system\Database\MySQLi\Connection.php(327): mysqli->query('UPDATE `buku` S...', 0)
#1 C:\xampp\htdocs\perpus\system\Database\BaseConnection.php(729): CodeIgniter\Database\MySQLi\Connection->execute('UPDATE `buku` S...')
#2 C:\xampp\htdocs\perpus\system\Database\BaseConnection.php(646): CodeIgniter\Database\BaseConnection->simpleQuery('UPDATE `buku` S...')
#3 C:\xampp\htdocs\perpus\system\Database\BaseBuilder.php(2521): CodeIgniter\Database\BaseConnection->query('UPDATE `buku` S...', Array, false)
#4 C:\xampp\htdocs\perpus\system\Model.php(461): CodeIgniter\Database\BaseBuilder->update()
#5 C:\xampp\htdocs\perpus\system\BaseModel.php(1025): CodeIgniter\Model->doUpdate(Array, Array)
#6 C:\xampp\htdocs\perpus\system\Model.php(860): CodeIgniter\BaseModel->update(Array, Array)
#7 C:\xampp\htdocs\perpus\app\Controllers\buku.php(109): CodeIgniter\Model->update('3', Array)
#8 C:\xampp\htdocs\perpus\system\CodeIgniter.php(933): App\Controllers\Buku->update('3')
#9 C:\xampp\htdocs\perpus\system\CodeIgniter.php(507): CodeIgniter\CodeIgniter->runController(Object(App\Controllers\Buku))
#10 C:\xampp\htdocs\perpus\system\CodeIgniter.php(354): CodeIgniter\CodeIgniter->handleRequest(NULL, Object(Config\Cache), false)
#11 C:\xampp\htdocs\perpus\system\Boot.php(363): CodeIgniter\CodeIgniter->run()
#12 C:\xampp\htdocs\perpus\system\Boot.php(68): CodeIgniter\Boot::runCodeIgniter(Object(CodeIgniter\CodeIgniter))
#13 C:\xampp\htdocs\perpus\index.php(59): CodeIgniter\Boot::bootWeb(Object(Config\Paths))
#14 {main}
CRITICAL - 2026-04-18 16:01:17 --> CodeIgniter\Database\Exceptions\DatabaseException: Unknown column 'deskripsi' in 'field list'
[Method: POST, Route: buku/update/3]
in SYSTEMPATH\Database\BaseConnection.php on line 684.
 1 SYSTEMPATH\Database\BaseBuilder.php(2521): CodeIgniter\Database\BaseConnection->query('UPDATE `buku` SET `judul` = :judul:, `isbn` = :isbn:, `id_kategori` = :id_kategori:, `id_penulis` = :id_penulis:, `id_penerbit` = :id_penerbit:, `tahun_terbit` = :tahun_terbit:, `jumlah` = :jumlah:, `tersedia` = :tersedia:, `deskripsi` = :deskripsi:
WHERE `buku`.`id_buku` IN :buku.id_buku:', [...], false)
 2 SYSTEMPATH\Model.php(461): CodeIgniter\Database\BaseBuilder->update()
 3 SYSTEMPATH\BaseModel.php(1025): CodeIgniter\Model->doUpdate([...], [...])
 4 SYSTEMPATH\Model.php(860): CodeIgniter\BaseModel->update([...], [...])
 5 APPPATH\Controllers\buku.php(109): CodeIgniter\Model->update('3', [...])
 6 SYSTEMPATH\CodeIgniter.php(933): App\Controllers\Buku->update('3')
 7 SYSTEMPATH\CodeIgniter.php(507): CodeIgniter\CodeIgniter->runController(Object(App\Controllers\Buku))
 8 SYSTEMPATH\CodeIgniter.php(354): CodeIgniter\CodeIgniter->handleRequest(null, Object(Config\Cache), false)
 9 SYSTEMPATH\Boot.php(363): CodeIgniter\CodeIgniter->run()
10 SYSTEMPATH\Boot.php(68): CodeIgniter\Boot::runCodeIgniter(Object(CodeIgniter\CodeIgniter))
11 FCPATH\index.php(59): CodeIgniter\Boot::bootWeb(Object(Config\Paths))
CRITICAL - 2026-04-18 16:01:17 --> [Caused by] CodeIgniter\Database\Exceptions\DatabaseException: Unknown column 'deskripsi' in 'field list'
in SYSTEMPATH\Database\MySQLi\Connection.php on line 332.
 1 SYSTEMPATH\Database\BaseConnection.php(729): CodeIgniter\Database\MySQLi\Connection->execute('UPDATE `buku` SET `judul` = \'bumi\', `isbn` = \'9786020324788\', `id_kategori` = \'46\', `id_penulis` = \'3\', `id_penerbit` = \'2\', `tahun_terbit` = \'2012\', `jumlah` = \'3\', `tersedia` = \'5\', `deskripsi` = \'\'
WHERE `buku`.`id_buku` IN (\'3\')')
 2 SYSTEMPATH\Database\BaseConnection.php(646): CodeIgniter\Database\BaseConnection->simpleQuery('UPDATE `buku` SET `judul` = \'bumi\', `isbn` = \'9786020324788\', `id_kategori` = \'46\', `id_penulis` = \'3\', `id_penerbit` = \'2\', `tahun_terbit` = \'2012\', `jumlah` = \'3\', `tersedia` = \'5\', `deskripsi` = \'\'
WHERE `buku`.`id_buku` IN (\'3\')')
 3 SYSTEMPATH\Database\BaseBuilder.php(2521): CodeIgniter\Database\BaseConnection->query('UPDATE `buku` SET `judul` = :judul:, `isbn` = :isbn:, `id_kategori` = :id_kategori:, `id_penulis` = :id_penulis:, `id_penerbit` = :id_penerbit:, `tahun_terbit` = :tahun_terbit:, `jumlah` = :jumlah:, `tersedia` = :tersedia:, `deskripsi` = :deskripsi:
WHERE `buku`.`id_buku` IN :buku.id_buku:', [...], false)
 4 SYSTEMPATH\Model.php(461): CodeIgniter\Database\BaseBuilder->update()
 5 SYSTEMPATH\BaseModel.php(1025): CodeIgniter\Model->doUpdate([...], [...])
 6 SYSTEMPATH\Model.php(860): CodeIgniter\BaseModel->update([...], [...])
 7 APPPATH\Controllers\buku.php(109): CodeIgniter\Model->update('3', [...])
 8 SYSTEMPATH\CodeIgniter.php(933): App\Controllers\Buku->update('3')
 9 SYSTEMPATH\CodeIgniter.php(507): CodeIgniter\CodeIgniter->runController(Object(App\Controllers\Buku))
10 SYSTEMPATH\CodeIgniter.php(354): CodeIgniter\CodeIgniter->handleRequest(null, Object(Config\Cache), false)
11 SYSTEMPATH\Boot.php(363): CodeIgniter\CodeIgniter->run()
12 SYSTEMPATH\Boot.php(68): CodeIgniter\Boot::runCodeIgniter(Object(CodeIgniter\CodeIgniter))
13 FCPATH\index.php(59): CodeIgniter\Boot::bootWeb(Object(Config\Paths))
CRITICAL - 2026-04-18 16:01:17 --> [Caused by] mysqli_sql_exception: Unknown column 'deskripsi' in 'field list'
in SYSTEMPATH\Database\MySQLi\Connection.php on line 327.
 1 SYSTEMPATH\Database\MySQLi\Connection.php(327): mysqli->query('UPDATE `buku` SET `judul` = \'bumi\', `isbn` = \'9786020324788\', `id_kategori` = \'46\', `id_penulis` = \'3\', `id_penerbit` = \'2\', `tahun_terbit` = \'2012\', `jumlah` = \'3\', `tersedia` = \'5\', `deskripsi` = \'\'
WHERE `buku`.`id_buku` IN (\'3\')', 0)
 2 SYSTEMPATH\Database\BaseConnection.php(729): CodeIgniter\Database\MySQLi\Connection->execute('UPDATE `buku` SET `judul` = \'bumi\', `isbn` = \'9786020324788\', `id_kategori` = \'46\', `id_penulis` = \'3\', `id_penerbit` = \'2\', `tahun_terbit` = \'2012\', `jumlah` = \'3\', `tersedia` = \'5\', `deskripsi` = \'\'
WHERE `buku`.`id_buku` IN (\'3\')')
 3 SYSTEMPATH\Database\BaseConnection.php(646): CodeIgniter\Database\BaseConnection->simpleQuery('UPDATE `buku` SET `judul` = \'bumi\', `isbn` = \'9786020324788\', `id_kategori` = \'46\', `id_penulis` = \'3\', `id_penerbit` = \'2\', `tahun_terbit` = \'2012\', `jumlah` = \'3\', `tersedia` = \'5\', `deskripsi` = \'\'
WHERE `buku`.`id_buku` IN (\'3\')')
 4 SYSTEMPATH\Database\BaseBuilder.php(2521): CodeIgniter\Database\BaseConnection->query('UPDATE `buku` SET `judul` = :judul:, `isbn` = :isbn:, `id_kategori` = :id_kategori:, `id_penulis` = :id_penulis:, `id_penerbit` = :id_penerbit:, `tahun_terbit` = :tahun_terbit:, `jumlah` = :jumlah:, `tersedia` = :tersedia:, `deskripsi` = :deskripsi:
WHERE `buku`.`id_buku` IN :buku.id_buku:', [...], false)
 5 SYSTEMPATH\Model.php(461): CodeIgniter\Database\BaseBuilder->update()
 6 SYSTEMPATH\BaseModel.php(1025): CodeIgniter\Model->doUpdate([...], [...])
 7 SYSTEMPATH\Model.php(860): CodeIgniter\BaseModel->update([...], [...])
 8 APPPATH\Controllers\buku.php(109): CodeIgniter\Model->update('3', [...])
 9 SYSTEMPATH\CodeIgniter.php(933): App\Controllers\Buku->update('3')
10 SYSTEMPATH\CodeIgniter.php(507): CodeIgniter\CodeIgniter->runController(Object(App\Controllers\Buku))
11 SYSTEMPATH\CodeIgniter.php(354): CodeIgniter\CodeIgniter->handleRequest(null, Object(Config\Cache), false)
12 SYSTEMPATH\Boot.php(363): CodeIgniter\CodeIgniter->run()
13 SYSTEMPATH\Boot.php(68): CodeIgniter\Boot::runCodeIgniter(Object(CodeIgniter\CodeIgniter))
14 FCPATH\index.php(59): CodeIgniter\Boot::bootWeb(Object(Config\Paths))
ERROR - 2026-04-18 16:01:47 --> mysqli_sql_exception: Unknown column 'deskripsi' in 'field list' in C:\xampp\htdocs\perpus\system\Database\MySQLi\Connection.php:327
Stack trace:
#0 C:\xampp\htdocs\perpus\system\Database\MySQLi\Connection.php(327): mysqli->query('UPDATE `buku` S...', 0)
#1 C:\xampp\htdocs\perpus\system\Database\BaseConnection.php(729): CodeIgniter\Database\MySQLi\Connection->execute('UPDATE `buku` S...')
#2 C:\xampp\htdocs\perpus\system\Database\BaseConnection.php(646): CodeIgniter\Database\BaseConnection->simpleQuery('UPDATE `buku` S...')
#3 C:\xampp\htdocs\perpus\system\Database\BaseBuilder.php(2521): CodeIgniter\Database\BaseConnection->query('UPDATE `buku` S...', Array, false)
#4 C:\xampp\htdocs\perpus\system\Model.php(461): CodeIgniter\Database\BaseBuilder->update()
#5 C:\xampp\htdocs\perpus\system\BaseModel.php(1025): CodeIgniter\Model->doUpdate(Array, Array)
#6 C:\xampp\htdocs\perpus\system\Model.php(860): CodeIgniter\BaseModel->update(Array, Array)
#7 C:\xampp\htdocs\perpus\app\Controllers\buku.php(109): CodeIgniter\Model->update('3', Array)
#8 C:\xampp\htdocs\perpus\system\CodeIgniter.php(933): App\Controllers\Buku->update('3')
#9 C:\xampp\htdocs\perpus\system\CodeIgniter.php(507): CodeIgniter\CodeIgniter->runController(Object(App\Controllers\Buku))
#10 C:\xampp\htdocs\perpus\system\CodeIgniter.php(354): CodeIgniter\CodeIgniter->handleRequest(NULL, Object(Config\Cache), false)
#11 C:\xampp\htdocs\perpus\system\Boot.php(363): CodeIgniter\CodeIgniter->run()
#12 C:\xampp\htdocs\perpus\system\Boot.php(68): CodeIgniter\Boot::runCodeIgniter(Object(CodeIgniter\CodeIgniter))
#13 C:\xampp\htdocs\perpus\index.php(59): CodeIgniter\Boot::bootWeb(Object(Config\Paths))
#14 {main}
CRITICAL - 2026-04-18 16:01:47 --> CodeIgniter\Database\Exceptions\DatabaseException: Unknown column 'deskripsi' in 'field list'
[Method: POST, Route: buku/update/3]
in SYSTEMPATH\Database\BaseConnection.php on line 684.
 1 SYSTEMPATH\Database\BaseBuilder.php(2521): CodeIgniter\Database\BaseConnection->query('UPDATE `buku` SET `judul` = :judul:, `isbn` = :isbn:, `id_kategori` = :id_kategori:, `id_penulis` = :id_penulis:, `id_penerbit` = :id_penerbit:, `tahun_terbit` = :tahun_terbit:, `jumlah` = :jumlah:, `tersedia` = :tersedia:, `deskripsi` = :deskripsi:
WHERE `buku`.`id_buku` IN :buku.id_buku:', [...], false)
 2 SYSTEMPATH\Model.php(461): CodeIgniter\Database\BaseBuilder->update()
 3 SYSTEMPATH\BaseModel.php(1025): CodeIgniter\Model->doUpdate([...], [...])
 4 SYSTEMPATH\Model.php(860): CodeIgniter\BaseModel->update([...], [...])
 5 APPPATH\Controllers\buku.php(109): CodeIgniter\Model->update('3', [...])
 6 SYSTEMPATH\CodeIgniter.php(933): App\Controllers\Buku->update('3')
 7 SYSTEMPATH\CodeIgniter.php(507): CodeIgniter\CodeIgniter->runController(Object(App\Controllers\Buku))
 8 SYSTEMPATH\CodeIgniter.php(354): CodeIgniter\CodeIgniter->handleRequest(null, Object(Config\Cache), false)
 9 SYSTEMPATH\Boot.php(363): CodeIgniter\CodeIgniter->run()
10 SYSTEMPATH\Boot.php(68): CodeIgniter\Boot::runCodeIgniter(Object(CodeIgniter\CodeIgniter))
11 FCPATH\index.php(59): CodeIgniter\Boot::bootWeb(Object(Config\Paths))
CRITICAL - 2026-04-18 16:01:47 --> [Caused by] CodeIgniter\Database\Exceptions\DatabaseException: Unknown column 'deskripsi' in 'field list'
in SYSTEMPATH\Database\MySQLi\Connection.php on line 332.
 1 SYSTEMPATH\Database\BaseConnection.php(729): CodeIgniter\Database\MySQLi\Connection->execute('UPDATE `buku` SET `judul` = \'bumi\', `isbn` = \'9786020324788\', `id_kategori` = \'46\', `id_penulis` = \'3\', `id_penerbit` = \'2\', `tahun_terbit` = \'2012\', `jumlah` = \'3\', `tersedia` = \'5\', `deskripsi` = \'\'
WHERE `buku`.`id_buku` IN (\'3\')')
 2 SYSTEMPATH\Database\BaseConnection.php(646): CodeIgniter\Database\BaseConnection->simpleQuery('UPDATE `buku` SET `judul` = \'bumi\', `isbn` = \'9786020324788\', `id_kategori` = \'46\', `id_penulis` = \'3\', `id_penerbit` = \'2\', `tahun_terbit` = \'2012\', `jumlah` = \'3\', `tersedia` = \'5\', `deskripsi` = \'\'
WHERE `buku`.`id_buku` IN (\'3\')')
 3 SYSTEMPATH\Database\BaseBuilder.php(2521): CodeIgniter\Database\BaseConnection->query('UPDATE `buku` SET `judul` = :judul:, `isbn` = :isbn:, `id_kategori` = :id_kategori:, `id_penulis` = :id_penulis:, `id_penerbit` = :id_penerbit:, `tahun_terbit` = :tahun_terbit:, `jumlah` = :jumlah:, `tersedia` = :tersedia:, `deskripsi` = :deskripsi:
WHERE `buku`.`id_buku` IN :buku.id_buku:', [...], false)
 4 SYSTEMPATH\Model.php(461): CodeIgniter\Database\BaseBuilder->update()
 5 SYSTEMPATH\BaseModel.php(1025): CodeIgniter\Model->doUpdate([...], [...])
 6 SYSTEMPATH\Model.php(860): CodeIgniter\BaseModel->update([...], [...])
 7 APPPATH\Controllers\buku.php(109): CodeIgniter\Model->update('3', [...])
 8 SYSTEMPATH\CodeIgniter.php(933): App\Controllers\Buku->update('3')
 9 SYSTEMPATH\CodeIgniter.php(507): CodeIgniter\CodeIgniter->runController(Object(App\Controllers\Buku))
10 SYSTEMPATH\CodeIgniter.php(354): CodeIgniter\CodeIgniter->handleRequest(null, Object(Config\Cache), false)
11 SYSTEMPATH\Boot.php(363): CodeIgniter\CodeIgniter->run()
12 SYSTEMPATH\Boot.php(68): CodeIgniter\Boot::runCodeIgniter(Object(CodeIgniter\CodeIgniter))
13 FCPATH\index.php(59): CodeIgniter\Boot::bootWeb(Object(Config\Paths))
CRITICAL - 2026-04-18 16:01:47 --> [Caused by] mysqli_sql_exception: Unknown column 'deskripsi' in 'field list'
in SYSTEMPATH\Database\MySQLi\Connection.php on line 327.
 1 SYSTEMPATH\Database\MySQLi\Connection.php(327): mysqli->query('UPDATE `buku` SET `judul` = \'bumi\', `isbn` = \'9786020324788\', `id_kategori` = \'46\', `id_penulis` = \'3\', `id_penerbit` = \'2\', `tahun_terbit` = \'2012\', `jumlah` = \'3\', `tersedia` = \'5\', `deskripsi` = \'\'
WHERE `buku`.`id_buku` IN (\'3\')', 0)
 2 SYSTEMPATH\Database\BaseConnection.php(729): CodeIgniter\Database\MySQLi\Connection->execute('UPDATE `buku` SET `judul` = \'bumi\', `isbn` = \'9786020324788\', `id_kategori` = \'46\', `id_penulis` = \'3\', `id_penerbit` = \'2\', `tahun_terbit` = \'2012\', `jumlah` = \'3\', `tersedia` = \'5\', `deskripsi` = \'\'
WHERE `buku`.`id_buku` IN (\'3\')')
 3 SYSTEMPATH\Database\BaseConnection.php(646): CodeIgniter\Database\BaseConnection->simpleQuery('UPDATE `buku` SET `judul` = \'bumi\', `isbn` = \'9786020324788\', `id_kategori` = \'46\', `id_penulis` = \'3\', `id_penerbit` = \'2\', `tahun_terbit` = \'2012\', `jumlah` = \'3\', `tersedia` = \'5\', `deskripsi` = \'\'
WHERE `buku`.`id_buku` IN (\'3\')')
 4 SYSTEMPATH\Database\BaseBuilder.php(2521): CodeIgniter\Database\BaseConnection->query('UPDATE `buku` SET `judul` = :judul:, `isbn` = :isbn:, `id_kategori` = :id_kategori:, `id_penulis` = :id_penulis:, `id_penerbit` = :id_penerbit:, `tahun_terbit` = :tahun_terbit:, `jumlah` = :jumlah:, `tersedia` = :tersedia:, `deskripsi` = :deskripsi:
WHERE `buku`.`id_buku` IN :buku.id_buku:', [...], false)
 5 SYSTEMPATH\Model.php(461): CodeIgniter\Database\BaseBuilder->update()
 6 SYSTEMPATH\BaseModel.php(1025): CodeIgniter\Model->doUpdate([...], [...])
 7 SYSTEMPATH\Model.php(860): CodeIgniter\BaseModel->update([...], [...])
 8 APPPATH\Controllers\buku.php(109): CodeIgniter\Model->update('3', [...])
 9 SYSTEMPATH\CodeIgniter.php(933): App\Controllers\Buku->update('3')
10 SYSTEMPATH\CodeIgniter.php(507): CodeIgniter\CodeIgniter->runController(Object(App\Controllers\Buku))
11 SYSTEMPATH\CodeIgniter.php(354): CodeIgniter\CodeIgniter->handleRequest(null, Object(Config\Cache), false)
12 SYSTEMPATH\Boot.php(363): CodeIgniter\CodeIgniter->run()
13 SYSTEMPATH\Boot.php(68): CodeIgniter\Boot::runCodeIgniter(Object(CodeIgniter\CodeIgniter))
14 FCPATH\index.php(59): CodeIgniter\Boot::bootWeb(Object(Config\Paths))
ERROR - 2026-04-18 16:05:51 --> mysqli_sql_exception: Unknown column 'deskripsi' in 'field list' in C:\xampp\htdocs\perpus\system\Database\MySQLi\Connection.php:327
Stack trace:
#0 C:\xampp\htdocs\perpus\system\Database\MySQLi\Connection.php(327): mysqli->query('UPDATE `buku` S...', 0)
#1 C:\xampp\htdocs\perpus\system\Database\BaseConnection.php(729): CodeIgniter\Database\MySQLi\Connection->execute('UPDATE `buku` S...')
#2 C:\xampp\htdocs\perpus\system\Database\BaseConnection.php(646): CodeIgniter\Database\BaseConnection->simpleQuery('UPDATE `buku` S...')
#3 C:\xampp\htdocs\perpus\system\Database\BaseBuilder.php(2521): CodeIgniter\Database\BaseConnection->query('UPDATE `buku` S...', Array, false)
#4 C:\xampp\htdocs\perpus\system\Model.php(461): CodeIgniter\Database\BaseBuilder->update()
#5 C:\xampp\htdocs\perpus\system\BaseModel.php(1025): CodeIgniter\Model->doUpdate(Array, Array)
#6 C:\xampp\htdocs\perpus\system\Model.php(860): CodeIgniter\BaseModel->update(Array, Array)
#7 C:\xampp\htdocs\perpus\app\Controllers\buku.php(109): CodeIgniter\Model->update('3', Array)
#8 C:\xampp\htdocs\perpus\system\CodeIgniter.php(933): App\Controllers\Buku->update('3')
#9 C:\xampp\htdocs\perpus\system\CodeIgniter.php(507): CodeIgniter\CodeIgniter->runController(Object(App\Controllers\Buku))
#10 C:\xampp\htdocs\perpus\system\CodeIgniter.php(354): CodeIgniter\CodeIgniter->handleRequest(NULL, Object(Config\Cache), false)
#11 C:\xampp\htdocs\perpus\system\Boot.php(363): CodeIgniter\CodeIgniter->run()
#12 C:\xampp\htdocs\perpus\system\Boot.php(68): CodeIgniter\Boot::runCodeIgniter(Object(CodeIgniter\CodeIgniter))
#13 C:\xampp\htdocs\perpus\index.php(59): CodeIgniter\Boot::bootWeb(Object(Config\Paths))
#14 {main}
CRITICAL - 2026-04-18 16:05:51 --> CodeIgniter\Database\Exceptions\DatabaseException: Unknown column 'deskripsi' in 'field list'
[Method: POST, Route: buku/update/3]
in SYSTEMPATH\Database\BaseConnection.php on line 684.
 1 SYSTEMPATH\Database\BaseBuilder.php(2521): CodeIgniter\Database\BaseConnection->query('UPDATE `buku` SET `judul` = :judul:, `isbn` = :isbn:, `id_kategori` = :id_kategori:, `id_penulis` = :id_penulis:, `id_penerbit` = :id_penerbit:, `tahun_terbit` = :tahun_terbit:, `jumlah` = :jumlah:, `tersedia` = :tersedia:, `deskripsi` = :deskripsi:
WHERE `buku`.`id_buku` IN :buku.id_buku:', [...], false)
 2 SYSTEMPATH\Model.php(461): CodeIgniter\Database\BaseBuilder->update()
 3 SYSTEMPATH\BaseModel.php(1025): CodeIgniter\Model->doUpdate([...], [...])
 4 SYSTEMPATH\Model.php(860): CodeIgniter\BaseModel->update([...], [...])
 5 APPPATH\Controllers\buku.php(109): CodeIgniter\Model->update('3', [...])
 6 SYSTEMPATH\CodeIgniter.php(933): App\Controllers\Buku->update('3')
 7 SYSTEMPATH\CodeIgniter.php(507): CodeIgniter\CodeIgniter->runController(Object(App\Controllers\Buku))
 8 SYSTEMPATH\CodeIgniter.php(354): CodeIgniter\CodeIgniter->handleRequest(null, Object(Config\Cache), false)
 9 SYSTEMPATH\Boot.php(363): CodeIgniter\CodeIgniter->run()
10 SYSTEMPATH\Boot.php(68): CodeIgniter\Boot::runCodeIgniter(Object(CodeIgniter\CodeIgniter))
11 FCPATH\index.php(59): CodeIgniter\Boot::bootWeb(Object(Config\Paths))
CRITICAL - 2026-04-18 16:05:51 --> [Caused by] CodeIgniter\Database\Exceptions\DatabaseException: Unknown column 'deskripsi' in 'field list'
in SYSTEMPATH\Database\MySQLi\Connection.php on line 332.
 1 SYSTEMPATH\Database\BaseConnection.php(729): CodeIgniter\Database\MySQLi\Connection->execute('UPDATE `buku` SET `judul` = \'bumi\', `isbn` = \'9786020324788\', `id_kategori` = \'46\', `id_penulis` = \'3\', `id_penerbit` = \'2\', `tahun_terbit` = \'2012\', `jumlah` = \'3\', `tersedia` = \'5\', `deskripsi` = \'\'
WHERE `buku`.`id_buku` IN (\'3\')')
 2 SYSTEMPATH\Database\BaseConnection.php(646): CodeIgniter\Database\BaseConnection->simpleQuery('UPDATE `buku` SET `judul` = \'bumi\', `isbn` = \'9786020324788\', `id_kategori` = \'46\', `id_penulis` = \'3\', `id_penerbit` = \'2\', `tahun_terbit` = \'2012\', `jumlah` = \'3\', `tersedia` = \'5\', `deskripsi` = \'\'
WHERE `buku`.`id_buku` IN (\'3\')')
 3 SYSTEMPATH\Database\BaseBuilder.php(2521): CodeIgniter\Database\BaseConnection->query('UPDATE `buku` SET `judul` = :judul:, `isbn` = :isbn:, `id_kategori` = :id_kategori:, `id_penulis` = :id_penulis:, `id_penerbit` = :id_penerbit:, `tahun_terbit` = :tahun_terbit:, `jumlah` = :jumlah:, `tersedia` = :tersedia:, `deskripsi` = :deskripsi:
WHERE `buku`.`id_buku` IN :buku.id_buku:', [...], false)
 4 SYSTEMPATH\Model.php(461): CodeIgniter\Database\BaseBuilder->update()
 5 SYSTEMPATH\BaseModel.php(1025): CodeIgniter\Model->doUpdate([...], [...])
 6 SYSTEMPATH\Model.php(860): CodeIgniter\BaseModel->update([...], [...])
 7 APPPATH\Controllers\buku.php(109): CodeIgniter\Model->update('3', [...])
 8 SYSTEMPATH\CodeIgniter.php(933): App\Controllers\Buku->update('3')
 9 SYSTEMPATH\CodeIgniter.php(507): CodeIgniter\CodeIgniter->runController(Object(App\Controllers\Buku))
10 SYSTEMPATH\CodeIgniter.php(354): CodeIgniter\CodeIgniter->handleRequest(null, Object(Config\Cache), false)
11 SYSTEMPATH\Boot.php(363): CodeIgniter\CodeIgniter->run()
12 SYSTEMPATH\Boot.php(68): CodeIgniter\Boot::runCodeIgniter(Object(CodeIgniter\CodeIgniter))
13 FCPATH\index.php(59): CodeIgniter\Boot::bootWeb(Object(Config\Paths))
CRITICAL - 2026-04-18 16:05:51 --> [Caused by] mysqli_sql_exception: Unknown column 'deskripsi' in 'field list'
in SYSTEMPATH\Database\MySQLi\Connection.php on line 327.
 1 SYSTEMPATH\Database\MySQLi\Connection.php(327): mysqli->query('UPDATE `buku` SET `judul` = \'bumi\', `isbn` = \'9786020324788\', `id_kategori` = \'46\', `id_penulis` = \'3\', `id_penerbit` = \'2\', `tahun_terbit` = \'2012\', `jumlah` = \'3\', `tersedia` = \'5\', `deskripsi` = \'\'
WHERE `buku`.`id_buku` IN (\'3\')', 0)
 2 SYSTEMPATH\Database\BaseConnection.php(729): CodeIgniter\Database\MySQLi\Connection->execute('UPDATE `buku` SET `judul` = \'bumi\', `isbn` = \'9786020324788\', `id_kategori` = \'46\', `id_penulis` = \'3\', `id_penerbit` = \'2\', `tahun_terbit` = \'2012\', `jumlah` = \'3\', `tersedia` = \'5\', `deskripsi` = \'\'
WHERE `buku`.`id_buku` IN (\'3\')')
 3 SYSTEMPATH\Database\BaseConnection.php(646): CodeIgniter\Database\BaseConnection->simpleQuery('UPDATE `buku` SET `judul` = \'bumi\', `isbn` = \'9786020324788\', `id_kategori` = \'46\', `id_penulis` = \'3\', `id_penerbit` = \'2\', `tahun_terbit` = \'2012\', `jumlah` = \'3\', `tersedia` = \'5\', `deskripsi` = \'\'
WHERE `buku`.`id_buku` IN (\'3\')')
 4 SYSTEMPATH\Database\BaseBuilder.php(2521): CodeIgniter\Database\BaseConnection->query('UPDATE `buku` SET `judul` = :judul:, `isbn` = :isbn:, `id_kategori` = :id_kategori:, `id_penulis` = :id_penulis:, `id_penerbit` = :id_penerbit:, `tahun_terbit` = :tahun_terbit:, `jumlah` = :jumlah:, `tersedia` = :tersedia:, `deskripsi` = :deskripsi:
WHERE `buku`.`id_buku` IN :buku.id_buku:', [...], false)
 5 SYSTEMPATH\Model.php(461): CodeIgniter\Database\BaseBuilder->update()
 6 SYSTEMPATH\BaseModel.php(1025): CodeIgniter\Model->doUpdate([...], [...])
 7 SYSTEMPATH\Model.php(860): CodeIgniter\BaseModel->update([...], [...])
 8 APPPATH\Controllers\buku.php(109): CodeIgniter\Model->update('3', [...])
 9 SYSTEMPATH\CodeIgniter.php(933): App\Controllers\Buku->update('3')
10 SYSTEMPATH\CodeIgniter.php(507): CodeIgniter\CodeIgniter->runController(Object(App\Controllers\Buku))
11 SYSTEMPATH\CodeIgniter.php(354): CodeIgniter\CodeIgniter->handleRequest(null, Object(Config\Cache), false)
12 SYSTEMPATH\Boot.php(363): CodeIgniter\CodeIgniter->run()
13 SYSTEMPATH\Boot.php(68): CodeIgniter\Boot::runCodeIgniter(Object(CodeIgniter\CodeIgniter))
14 FCPATH\index.php(59): CodeIgniter\Boot::bootWeb(Object(Config\Paths))
CRITICAL - 2026-04-18 16:07:35 --> ParseError: Unclosed '{' on line 8 does not match ']'
[Method: POST, Route: buku/update/3]
in APPPATH\Models\BukuModel.php on line 13.
 1 SYSTEMPATH\Autoloader\Autoloader.php(295): CodeIgniter\Autoloader\Autoloader->includeFile('C:\\xampp\\htdocs\\perpus\\app\\Models\\BukuModel.php')
 2 SYSTEMPATH\Autoloader\Autoloader.php(271): CodeIgniter\Autoloader\Autoloader->loadInNamespace('App\\Models\\BukuModel')
 3 APPPATH\Controllers\buku.php(14): CodeIgniter\Autoloader\Autoloader->loadClass('App\\Models\\BukuModel')
 4 SYSTEMPATH\CodeIgniter.php(903): App\Controllers\Buku->__construct()
 5 SYSTEMPATH\CodeIgniter.php(498): CodeIgniter\CodeIgniter->createController()
 6 SYSTEMPATH\CodeIgniter.php(354): CodeIgniter\CodeIgniter->handleRequest(null, Object(Config\Cache), false)
 7 SYSTEMPATH\Boot.php(363): CodeIgniter\CodeIgniter->run()
 8 SYSTEMPATH\Boot.php(68): CodeIgniter\Boot::runCodeIgniter(Object(CodeIgniter\CodeIgniter))
 9 FCPATH\index.php(59): CodeIgniter\Boot::bootWeb(Object(Config\Paths))
CRITICAL - 2026-04-18 16:08:38 --> ErrorException: Undefined array key "id_rak"
[Method: POST, Route: buku/update/3]
in APPPATH\Controllers\buku.php on line 113.
 1 APPPATH\Controllers\buku.php(113): CodeIgniter\Debug\Exceptions->errorHandler(2, 'Undefined array key "id_rak"', 'C:\\xampp\\htdocs\\perpus\\app\\Controllers\\buku.php', 113)
 2 SYSTEMPATH\CodeIgniter.php(933): App\Controllers\Buku->update('3')
 3 SYSTEMPATH\CodeIgniter.php(507): CodeIgniter\CodeIgniter->runController(Object(App\Controllers\Buku))
 4 SYSTEMPATH\CodeIgniter.php(354): CodeIgniter\CodeIgniter->handleRequest(null, Object(Config\Cache), false)
 5 SYSTEMPATH\Boot.php(363): CodeIgniter\CodeIgniter->run()
 6 SYSTEMPATH\Boot.php(68): CodeIgniter\Boot::runCodeIgniter(Object(CodeIgniter\CodeIgniter))
 7 FCPATH\index.php(59): CodeIgniter\Boot::bootWeb(Object(Config\Paths))
CRITICAL - 2026-04-18 16:09:42 --> ErrorException: Undefined array key "id_rak"
[Method: POST, Route: buku/update/3]
in APPPATH\Controllers\buku.php on line 113.
 1 APPPATH\Controllers\buku.php(113): CodeIgniter\Debug\Exceptions->errorHandler(2, 'Undefined array key "id_rak"', 'C:\\xampp\\htdocs\\perpus\\app\\Controllers\\buku.php', 113)
 2 SYSTEMPATH\CodeIgniter.php(933): App\Controllers\Buku->update('3')
 3 SYSTEMPATH\CodeIgniter.php(507): CodeIgniter\CodeIgniter->runController(Object(App\Controllers\Buku))
 4 SYSTEMPATH\CodeIgniter.php(354): CodeIgniter\CodeIgniter->handleRequest(null, Object(Config\Cache), false)
 5 SYSTEMPATH\Boot.php(363): CodeIgniter\CodeIgniter->run()
 6 SYSTEMPATH\Boot.php(68): CodeIgniter\Boot::runCodeIgniter(Object(CodeIgniter\CodeIgniter))
 7 FCPATH\index.php(59): CodeIgniter\Boot::bootWeb(Object(Config\Paths))
CRITICAL - 2026-04-18 16:10:58 --> ErrorException: Undefined array key "id_rak"
[Method: POST, Route: buku/update/3]
in APPPATH\Controllers\buku.php on line 113.
 1 APPPATH\Controllers\buku.php(113): CodeIgniter\Debug\Exceptions->errorHandler(2, 'Undefined array key "id_rak"', 'C:\\xampp\\htdocs\\perpus\\app\\Controllers\\buku.php', 113)
 2 SYSTEMPATH\CodeIgniter.php(933): App\Controllers\Buku->update('3')
 3 SYSTEMPATH\CodeIgniter.php(507): CodeIgniter\CodeIgniter->runController(Object(App\Controllers\Buku))
 4 SYSTEMPATH\CodeIgniter.php(354): CodeIgniter\CodeIgniter->handleRequest(null, Object(Config\Cache), false)
 5 SYSTEMPATH\Boot.php(363): CodeIgniter\CodeIgniter->run()
 6 SYSTEMPATH\Boot.php(68): CodeIgniter\Boot::runCodeIgniter(Object(CodeIgniter\CodeIgniter))
 7 FCPATH\index.php(59): CodeIgniter\Boot::bootWeb(Object(Config\Paths))
CRITICAL - 2026-04-18 16:12:52 --> ErrorException: Undefined array key "id_rak"
[Method: POST, Route: buku/update/3]
in APPPATH\Controllers\buku.php on line 113.
 1 APPPATH\Controllers\buku.php(113): CodeIgniter\Debug\Exceptions->errorHandler(2, 'Undefined array key "id_rak"', 'C:\\xampp\\htdocs\\perpus\\app\\Controllers\\buku.php', 113)
 2 SYSTEMPATH\CodeIgniter.php(933): App\Controllers\Buku->update('3')
 3 SYSTEMPATH\CodeIgniter.php(507): CodeIgniter\CodeIgniter->runController(Object(App\Controllers\Buku))
 4 SYSTEMPATH\CodeIgniter.php(354): CodeIgniter\CodeIgniter->handleRequest(null, Object(Config\Cache), false)
 5 SYSTEMPATH\Boot.php(363): CodeIgniter\CodeIgniter->run()
 6 SYSTEMPATH\Boot.php(68): CodeIgniter\Boot::runCodeIgniter(Object(CodeIgniter\CodeIgniter))
 7 FCPATH\index.php(59): CodeIgniter\Boot::bootWeb(Object(Config\Paths))
CRITICAL - 2026-04-18 16:13:53 --> ErrorException: Undefined array key "id_rak"
[Method: POST, Route: buku/update/3]
in APPPATH\Controllers\buku.php on line 113.
 1 APPPATH\Controllers\buku.php(113): CodeIgniter\Debug\Exceptions->errorHandler(2, 'Undefined array key "id_rak"', 'C:\\xampp\\htdocs\\perpus\\app\\Controllers\\buku.php', 113)
 2 SYSTEMPATH\CodeIgniter.php(933): App\Controllers\Buku->update('3')
 3 SYSTEMPATH\CodeIgniter.php(507): CodeIgniter\CodeIgniter->runController(Object(App\Controllers\Buku))
 4 SYSTEMPATH\CodeIgniter.php(354): CodeIgniter\CodeIgniter->handleRequest(null, Object(Config\Cache), false)
 5 SYSTEMPATH\Boot.php(363): CodeIgniter\CodeIgniter->run()
 6 SYSTEMPATH\Boot.php(68): CodeIgniter\Boot::runCodeIgniter(Object(CodeIgniter\CodeIgniter))
 7 FCPATH\index.php(59): CodeIgniter\Boot::bootWeb(Object(Config\Paths))
CRITICAL - 2026-04-18 16:14:33 --> ParseError: syntax error, unexpected identifier "name"
[Method: POST, Route: buku/update/3]
in APPPATH\Controllers\buku.php on line 113.
 1 SYSTEMPATH\Autoloader\Autoloader.php(295): CodeIgniter\Autoloader\Autoloader->includeFile('C:\\xampp\\htdocs\\perpus\\app\\Controllers\\Buku.php')
 2 SYSTEMPATH\Autoloader\Autoloader.php(271): CodeIgniter\Autoloader\Autoloader->loadInNamespace('App\\Controllers\\Buku')
 3 [internal function]: CodeIgniter\Autoloader\Autoloader->loadClass('App\\Controllers\\Buku')
 4 SYSTEMPATH\CodeIgniter.php(885): class_exists('\\App\\Controllers\\Buku', true)
 5 SYSTEMPATH\CodeIgniter.php(494): CodeIgniter\CodeIgniter->startController()
 6 SYSTEMPATH\CodeIgniter.php(354): CodeIgniter\CodeIgniter->handleRequest(null, Object(Config\Cache), false)
 7 SYSTEMPATH\Boot.php(363): CodeIgniter\CodeIgniter->run()
 8 SYSTEMPATH\Boot.php(68): CodeIgniter\Boot::runCodeIgniter(Object(CodeIgniter\CodeIgniter))
 9 FCPATH\index.php(59): CodeIgniter\Boot::bootWeb(Object(Config\Paths))
DEBUG - 2026-04-18 16:15:29 --> Session: Class initialized using 'CodeIgniter\Session\Handlers\FileHandler' driver.
DEBUG - 2026-04-18 16:20:42 --> Session: Class initialized using 'CodeIgniter\Session\Handlers\FileHandler' driver.
DEBUG - 2026-04-18 16:21:45 --> Session: Class initialized using 'CodeIgniter\Session\Handlers\FileHandler' driver.
CRITICAL - 2026-04-18 16:41:43 --> ErrorException: Undefined variable $r
[Method: GET, Route: rak]
in APPPATH\Views\rak\index.php on line 12.
 1 APPPATH\Views\rak\index.php(12): CodeIgniter\Debug\Exceptions->errorHandler(2, 'Undefined variable $r', 'C:\\xampp\\htdocs\\perpus\\app\\Views\\rak\\index.php', 12)
 2 SYSTEMPATH\View\View.php(226): include('C:\\xampp\\htdocs\\perpus\\app\\Views\\rak\\index.php')
 3 SYSTEMPATH\View\View.php(229): CodeIgniter\View\View->CodeIgniter\View\{closure}()
 4 SYSTEMPATH\Common.php(1167): CodeIgniter\View\View->render('rak/index', [], true)
 5 APPPATH\Controllers\RakBuku.php(15): view('rak/index', [...])
 6 SYSTEMPATH\CodeIgniter.php(933): App\Controllers\RakBuku->index()
 7 SYSTEMPATH\CodeIgniter.php(507): CodeIgniter\CodeIgniter->runController(Object(App\Controllers\RakBuku))
 8 SYSTEMPATH\CodeIgniter.php(354): CodeIgniter\CodeIgniter->handleRequest(null, Object(Config\Cache), false)
 9 SYSTEMPATH\Boot.php(363): CodeIgniter\CodeIgniter->run()
10 SYSTEMPATH\Boot.php(68): CodeIgniter\Boot::runCodeIgniter(Object(CodeIgniter\CodeIgniter))
11 FCPATH\index.php(59): CodeIgniter\Boot::bootWeb(Object(Config\Paths))
DEBUG - 2026-04-18 16:44:24 --> Session: Class initialized using 'CodeIgniter\Session\Handlers\FileHandler' driver.
DEBUG - 2026-04-18 16:44:29 --> Session: Class initialized using 'CodeIgniter\Session\Handlers\FileHandler' driver.
CRITICAL - 2026-04-18 16:44:31 --> ParseError: syntax error, unexpected token "public", expecting end of file
[Method: GET, Route: buku]
in APPPATH\Controllers\buku.php on line 50.
 1 SYSTEMPATH\Autoloader\Autoloader.php(295): CodeIgniter\Autoloader\Autoloader->includeFile('C:\\xampp\\htdocs\\perpus\\app\\Controllers\\Buku.php')
 2 SYSTEMPATH\Autoloader\Autoloader.php(271): CodeIgniter\Autoloader\Autoloader->loadInNamespace('App\\Controllers\\Buku')
 3 [internal function]: CodeIgniter\Autoloader\Autoloader->loadClass('App\\Controllers\\Buku')
 4 SYSTEMPATH\CodeIgniter.php(885): class_exists('\\App\\Controllers\\Buku', true)
 5 SYSTEMPATH\CodeIgniter.php(494): CodeIgniter\CodeIgniter->startController()
 6 SYSTEMPATH\CodeIgniter.php(354): CodeIgniter\CodeIgniter->handleRequest(null, Object(Config\Cache), false)
 7 SYSTEMPATH\Boot.php(363): CodeIgniter\CodeIgniter->run()
 8 SYSTEMPATH\Boot.php(68): CodeIgniter\Boot::runCodeIgniter(Object(CodeIgniter\CodeIgniter))
 9 FCPATH\index.php(59): CodeIgniter\Boot::bootWeb(Object(Config\Paths))
CRITICAL - 2026-04-18 16:45:46 --> ParseError: syntax error, unexpected token "public", expecting end of file
[Method: GET, Route: buku]
in APPPATH\Controllers\buku.php on line 50.
 1 SYSTEMPATH\Autoloader\Autoloader.php(295): CodeIgniter\Autoloader\Autoloader->includeFile('C:\\xampp\\htdocs\\perpus\\app\\Controllers\\Buku.php')
 2 SYSTEMPATH\Autoloader\Autoloader.php(271): CodeIgniter\Autoloader\Autoloader->loadInNamespace('App\\Controllers\\Buku')
 3 [internal function]: CodeIgniter\Autoloader\Autoloader->loadClass('App\\Controllers\\Buku')
 4 SYSTEMPATH\CodeIgniter.php(885): class_exists('\\App\\Controllers\\Buku', true)
 5 SYSTEMPATH\CodeIgniter.php(494): CodeIgniter\CodeIgniter->startController()
 6 SYSTEMPATH\CodeIgniter.php(354): CodeIgniter\CodeIgniter->handleRequest(null, Object(Config\Cache), false)
 7 SYSTEMPATH\Boot.php(363): CodeIgniter\CodeIgniter->run()
 8 SYSTEMPATH\Boot.php(68): CodeIgniter\Boot::runCodeIgniter(Object(CodeIgniter\CodeIgniter))
 9 FCPATH\index.php(59): CodeIgniter\Boot::bootWeb(Object(Config\Paths))
CRITICAL - 2026-04-18 16:45:47 --> ParseError: syntax error, unexpected token "public", expecting end of file
[Method: GET, Route: buku]
in APPPATH\Controllers\buku.php on line 50.
 1 SYSTEMPATH\Autoloader\Autoloader.php(295): CodeIgniter\Autoloader\Autoloader->includeFile('C:\\xampp\\htdocs\\perpus\\app\\Controllers\\Buku.php')
 2 SYSTEMPATH\Autoloader\Autoloader.php(271): CodeIgniter\Autoloader\Autoloader->loadInNamespace('App\\Controllers\\Buku')
 3 [internal function]: CodeIgniter\Autoloader\Autoloader->loadClass('App\\Controllers\\Buku')
 4 SYSTEMPATH\CodeIgniter.php(885): class_exists('\\App\\Controllers\\Buku', true)
 5 SYSTEMPATH\CodeIgniter.php(494): CodeIgniter\CodeIgniter->startController()
 6 SYSTEMPATH\CodeIgniter.php(354): CodeIgniter\CodeIgniter->handleRequest(null, Object(Config\Cache), false)
 7 SYSTEMPATH\Boot.php(363): CodeIgniter\CodeIgniter->run()
 8 SYSTEMPATH\Boot.php(68): CodeIgniter\Boot::runCodeIgniter(Object(CodeIgniter\CodeIgniter))
 9 FCPATH\index.php(59): CodeIgniter\Boot::bootWeb(Object(Config\Paths))
CRITICAL - 2026-04-18 16:45:47 --> ParseError: syntax error, unexpected token "public", expecting end of file
[Method: GET, Route: buku]
in APPPATH\Controllers\buku.php on line 50.
 1 SYSTEMPATH\Autoloader\Autoloader.php(295): CodeIgniter\Autoloader\Autoloader->includeFile('C:\\xampp\\htdocs\\perpus\\app\\Controllers\\Buku.php')
 2 SYSTEMPATH\Autoloader\Autoloader.php(271): CodeIgniter\Autoloader\Autoloader->loadInNamespace('App\\Controllers\\Buku')
 3 [internal function]: CodeIgniter\Autoloader\Autoloader->loadClass('App\\Controllers\\Buku')
 4 SYSTEMPATH\CodeIgniter.php(885): class_exists('\\App\\Controllers\\Buku', true)
 5 SYSTEMPATH\CodeIgniter.php(494): CodeIgniter\CodeIgniter->startController()
 6 SYSTEMPATH\CodeIgniter.php(354): CodeIgniter\CodeIgniter->handleRequest(null, Object(Config\Cache), false)
 7 SYSTEMPATH\Boot.php(363): CodeIgniter\CodeIgniter->run()
 8 SYSTEMPATH\Boot.php(68): CodeIgniter\Boot::runCodeIgniter(Object(CodeIgniter\CodeIgniter))
 9 FCPATH\index.php(59): CodeIgniter\Boot::bootWeb(Object(Config\Paths))
CRITICAL - 2026-04-18 16:45:47 --> ParseError: syntax error, unexpected token "public", expecting end of file
[Method: GET, Route: buku]
in APPPATH\Controllers\buku.php on line 50.
 1 SYSTEMPATH\Autoloader\Autoloader.php(295): CodeIgniter\Autoloader\Autoloader->includeFile('C:\\xampp\\htdocs\\perpus\\app\\Controllers\\Buku.php')
 2 SYSTEMPATH\Autoloader\Autoloader.php(271): CodeIgniter\Autoloader\Autoloader->loadInNamespace('App\\Controllers\\Buku')
 3 [internal function]: CodeIgniter\Autoloader\Autoloader->loadClass('App\\Controllers\\Buku')
 4 SYSTEMPATH\CodeIgniter.php(885): class_exists('\\App\\Controllers\\Buku', true)
 5 SYSTEMPATH\CodeIgniter.php(494): CodeIgniter\CodeIgniter->startController()
 6 SYSTEMPATH\CodeIgniter.php(354): CodeIgniter\CodeIgniter->handleRequest(null, Object(Config\Cache), false)
 7 SYSTEMPATH\Boot.php(363): CodeIgniter\CodeIgniter->run()
 8 SYSTEMPATH\Boot.php(68): CodeIgniter\Boot::runCodeIgniter(Object(CodeIgniter\CodeIgniter))
 9 FCPATH\index.php(59): CodeIgniter\Boot::bootWeb(Object(Config\Paths))
CRITICAL - 2026-04-18 16:47:03 --> ParseError: syntax error, unexpected token "public", expecting end of file
[Method: GET, Route: buku]
in APPPATH\Controllers\buku.php on line 50.
 1 SYSTEMPATH\Autoloader\Autoloader.php(295): CodeIgniter\Autoloader\Autoloader->includeFile('C:\\xampp\\htdocs\\perpus\\app\\Controllers\\Buku.php')
 2 SYSTEMPATH\Autoloader\Autoloader.php(271): CodeIgniter\Autoloader\Autoloader->loadInNamespace('App\\Controllers\\Buku')
 3 [internal function]: CodeIgniter\Autoloader\Autoloader->loadClass('App\\Controllers\\Buku')
 4 SYSTEMPATH\CodeIgniter.php(885): class_exists('\\App\\Controllers\\Buku', true)
 5 SYSTEMPATH\CodeIgniter.php(494): CodeIgniter\CodeIgniter->startController()
 6 SYSTEMPATH\CodeIgniter.php(354): CodeIgniter\CodeIgniter->handleRequest(null, Object(Config\Cache), false)
 7 SYSTEMPATH\Boot.php(363): CodeIgniter\CodeIgniter->run()
 8 SYSTEMPATH\Boot.php(68): CodeIgniter\Boot::runCodeIgniter(Object(CodeIgniter\CodeIgniter))
 9 FCPATH\index.php(59): CodeIgniter\Boot::bootWeb(Object(Config\Paths))
CRITICAL - 2026-04-18 16:47:04 --> ParseError: syntax error, unexpected token "public", expecting end of file
[Method: GET, Route: buku]
in APPPATH\Controllers\buku.php on line 50.
 1 SYSTEMPATH\Autoloader\Autoloader.php(295): CodeIgniter\Autoloader\Autoloader->includeFile('C:\\xampp\\htdocs\\perpus\\app\\Controllers\\Buku.php')
 2 SYSTEMPATH\Autoloader\Autoloader.php(271): CodeIgniter\Autoloader\Autoloader->loadInNamespace('App\\Controllers\\Buku')
 3 [internal function]: CodeIgniter\Autoloader\Autoloader->loadClass('App\\Controllers\\Buku')
 4 SYSTEMPATH\CodeIgniter.php(885): class_exists('\\App\\Controllers\\Buku', true)
 5 SYSTEMPATH\CodeIgniter.php(494): CodeIgniter\CodeIgniter->startController()
 6 SYSTEMPATH\CodeIgniter.php(354): CodeIgniter\CodeIgniter->handleRequest(null, Object(Config\Cache), false)
 7 SYSTEMPATH\Boot.php(363): CodeIgniter\CodeIgniter->run()
 8 SYSTEMPATH\Boot.php(68): CodeIgniter\Boot::runCodeIgniter(Object(CodeIgniter\CodeIgniter))
 9 FCPATH\index.php(59): CodeIgniter\Boot::bootWeb(Object(Config\Paths))
CRITICAL - 2026-04-18 16:47:04 --> ParseError: syntax error, unexpected token "public", expecting end of file
[Method: GET, Route: buku]
in APPPATH\Controllers\buku.php on line 50.
 1 SYSTEMPATH\Autoloader\Autoloader.php(295): CodeIgniter\Autoloader\Autoloader->includeFile('C:\\xampp\\htdocs\\perpus\\app\\Controllers\\Buku.php')
 2 SYSTEMPATH\Autoloader\Autoloader.php(271): CodeIgniter\Autoloader\Autoloader->loadInNamespace('App\\Controllers\\Buku')
 3 [internal function]: CodeIgniter\Autoloader\Autoloader->loadClass('App\\Controllers\\Buku')
 4 SYSTEMPATH\CodeIgniter.php(885): class_exists('\\App\\Controllers\\Buku', true)
 5 SYSTEMPATH\CodeIgniter.php(494): CodeIgniter\CodeIgniter->startController()
 6 SYSTEMPATH\CodeIgniter.php(354): CodeIgniter\CodeIgniter->handleRequest(null, Object(Config\Cache), false)
 7 SYSTEMPATH\Boot.php(363): CodeIgniter\CodeIgniter->run()
 8 SYSTEMPATH\Boot.php(68): CodeIgniter\Boot::runCodeIgniter(Object(CodeIgniter\CodeIgniter))
 9 FCPATH\index.php(59): CodeIgniter\Boot::bootWeb(Object(Config\Paths))
CRITICAL - 2026-04-18 16:47:04 --> ParseError: syntax error, unexpected token "public", expecting end of file
[Method: GET, Route: buku]
in APPPATH\Controllers\buku.php on line 50.
 1 SYSTEMPATH\Autoloader\Autoloader.php(295): CodeIgniter\Autoloader\Autoloader->includeFile('C:\\xampp\\htdocs\\perpus\\app\\Controllers\\Buku.php')
 2 SYSTEMPATH\Autoloader\Autoloader.php(271): CodeIgniter\Autoloader\Autoloader->loadInNamespace('App\\Controllers\\Buku')
 3 [internal function]: CodeIgniter\Autoloader\Autoloader->loadClass('App\\Controllers\\Buku')
 4 SYSTEMPATH\CodeIgniter.php(885): class_exists('\\App\\Controllers\\Buku', true)
 5 SYSTEMPATH\CodeIgniter.php(494): CodeIgniter\CodeIgniter->startController()
 6 SYSTEMPATH\CodeIgniter.php(354): CodeIgniter\CodeIgniter->handleRequest(null, Object(Config\Cache), false)
 7 SYSTEMPATH\Boot.php(363): CodeIgniter\CodeIgniter->run()
 8 SYSTEMPATH\Boot.php(68): CodeIgniter\Boot::runCodeIgniter(Object(CodeIgniter\CodeIgniter))
 9 FCPATH\index.php(59): CodeIgniter\Boot::bootWeb(Object(Config\Paths))
CRITICAL - 2026-04-18 16:47:05 --> ParseError: syntax error, unexpected token "public", expecting end of file
[Method: GET, Route: buku]
in APPPATH\Controllers\buku.php on line 50.
 1 SYSTEMPATH\Autoloader\Autoloader.php(295): CodeIgniter\Autoloader\Autoloader->includeFile('C:\\xampp\\htdocs\\perpus\\app\\Controllers\\Buku.php')
 2 SYSTEMPATH\Autoloader\Autoloader.php(271): CodeIgniter\Autoloader\Autoloader->loadInNamespace('App\\Controllers\\Buku')
 3 [internal function]: CodeIgniter\Autoloader\Autoloader->loadClass('App\\Controllers\\Buku')
 4 SYSTEMPATH\CodeIgniter.php(885): class_exists('\\App\\Controllers\\Buku', true)
 5 SYSTEMPATH\CodeIgniter.php(494): CodeIgniter\CodeIgniter->startController()
 6 SYSTEMPATH\CodeIgniter.php(354): CodeIgniter\CodeIgniter->handleRequest(null, Object(Config\Cache), false)
 7 SYSTEMPATH\Boot.php(363): CodeIgniter\CodeIgniter->run()
 8 SYSTEMPATH\Boot.php(68): CodeIgniter\Boot::runCodeIgniter(Object(CodeIgniter\CodeIgniter))
 9 FCPATH\index.php(59): CodeIgniter\Boot::bootWeb(Object(Config\Paths))
CRITICAL - 2026-04-18 16:52:39 --> ParseError: syntax error, unexpected token "public", expecting end of file
[Method: GET, Route: buku]
in APPPATH\Controllers\buku.php on line 50.
 1 SYSTEMPATH\Autoloader\Autoloader.php(295): CodeIgniter\Autoloader\Autoloader->includeFile('C:\\xampp\\htdocs\\perpus\\app\\Controllers\\Buku.php')
 2 SYSTEMPATH\Autoloader\Autoloader.php(271): CodeIgniter\Autoloader\Autoloader->loadInNamespace('App\\Controllers\\Buku')
 3 [internal function]: CodeIgniter\Autoloader\Autoloader->loadClass('App\\Controllers\\Buku')
 4 SYSTEMPATH\CodeIgniter.php(885): class_exists('\\App\\Controllers\\Buku', true)
 5 SYSTEMPATH\CodeIgniter.php(494): CodeIgniter\CodeIgniter->startController()
 6 SYSTEMPATH\CodeIgniter.php(354): CodeIgniter\CodeIgniter->handleRequest(null, Object(Config\Cache), false)
 7 SYSTEMPATH\Boot.php(363): CodeIgniter\CodeIgniter->run()
 8 SYSTEMPATH\Boot.php(68): CodeIgniter\Boot::runCodeIgniter(Object(CodeIgniter\CodeIgniter))
 9 FCPATH\index.php(59): CodeIgniter\Boot::bootWeb(Object(Config\Paths))
CRITICAL - 2026-04-18 16:52:40 --> ParseError: syntax error, unexpected token "public", expecting end of file
[Method: GET, Route: buku]
in APPPATH\Controllers\buku.php on line 50.
 1 SYSTEMPATH\Autoloader\Autoloader.php(295): CodeIgniter\Autoloader\Autoloader->includeFile('C:\\xampp\\htdocs\\perpus\\app\\Controllers\\Buku.php')
 2 SYSTEMPATH\Autoloader\Autoloader.php(271): CodeIgniter\Autoloader\Autoloader->loadInNamespace('App\\Controllers\\Buku')
 3 [internal function]: CodeIgniter\Autoloader\Autoloader->loadClass('App\\Controllers\\Buku')
 4 SYSTEMPATH\CodeIgniter.php(885): class_exists('\\App\\Controllers\\Buku', true)
 5 SYSTEMPATH\CodeIgniter.php(494): CodeIgniter\CodeIgniter->startController()
 6 SYSTEMPATH\CodeIgniter.php(354): CodeIgniter\CodeIgniter->handleRequest(null, Object(Config\Cache), false)
 7 SYSTEMPATH\Boot.php(363): CodeIgniter\CodeIgniter->run()
 8 SYSTEMPATH\Boot.php(68): CodeIgniter\Boot::runCodeIgniter(Object(CodeIgniter\CodeIgniter))
 9 FCPATH\index.php(59): CodeIgniter\Boot::bootWeb(Object(Config\Paths))
CRITICAL - 2026-04-18 16:52:40 --> ParseError: syntax error, unexpected token "public", expecting end of file
[Method: GET, Route: buku]
in APPPATH\Controllers\buku.php on line 50.
 1 SYSTEMPATH\Autoloader\Autoloader.php(295): CodeIgniter\Autoloader\Autoloader->includeFile('C:\\xampp\\htdocs\\perpus\\app\\Controllers\\Buku.php')
 2 SYSTEMPATH\Autoloader\Autoloader.php(271): CodeIgniter\Autoloader\Autoloader->loadInNamespace('App\\Controllers\\Buku')
 3 [internal function]: CodeIgniter\Autoloader\Autoloader->loadClass('App\\Controllers\\Buku')
 4 SYSTEMPATH\CodeIgniter.php(885): class_exists('\\App\\Controllers\\Buku', true)
 5 SYSTEMPATH\CodeIgniter.php(494): CodeIgniter\CodeIgniter->startController()
 6 SYSTEMPATH\CodeIgniter.php(354): CodeIgniter\CodeIgniter->handleRequest(null, Object(Config\Cache), false)
 7 SYSTEMPATH\Boot.php(363): CodeIgniter\CodeIgniter->run()
 8 SYSTEMPATH\Boot.php(68): CodeIgniter\Boot::runCodeIgniter(Object(CodeIgniter\CodeIgniter))
 9 FCPATH\index.php(59): CodeIgniter\Boot::bootWeb(Object(Config\Paths))
CRITICAL - 2026-04-18 16:55:22 --> ParseError: syntax error, unexpected token "public"
[Method: GET, Route: buku]
in APPPATH\Controllers\buku.php on line 46.
 1 SYSTEMPATH\Autoloader\Autoloader.php(295): CodeIgniter\Autoloader\Autoloader->includeFile('C:\\xampp\\htdocs\\perpus\\app\\Controllers\\Buku.php')
 2 SYSTEMPATH\Autoloader\Autoloader.php(271): CodeIgniter\Autoloader\Autoloader->loadInNamespace('App\\Controllers\\Buku')
 3 [internal function]: CodeIgniter\Autoloader\Autoloader->loadClass('App\\Controllers\\Buku')
 4 SYSTEMPATH\CodeIgniter.php(885): class_exists('\\App\\Controllers\\Buku', true)
 5 SYSTEMPATH\CodeIgniter.php(494): CodeIgniter\CodeIgniter->startController()
 6 SYSTEMPATH\CodeIgniter.php(354): CodeIgniter\CodeIgniter->handleRequest(null, Object(Config\Cache), false)
 7 SYSTEMPATH\Boot.php(363): CodeIgniter\CodeIgniter->run()
 8 SYSTEMPATH\Boot.php(68): CodeIgniter\Boot::runCodeIgniter(Object(CodeIgniter\CodeIgniter))
 9 FCPATH\index.php(59): CodeIgniter\Boot::bootWeb(Object(Config\Paths))
CRITICAL - 2026-04-18 16:55:23 --> ParseError: syntax error, unexpected token "public"
[Method: GET, Route: buku]
in APPPATH\Controllers\buku.php on line 46.
 1 SYSTEMPATH\Autoloader\Autoloader.php(295): CodeIgniter\Autoloader\Autoloader->includeFile('C:\\xampp\\htdocs\\perpus\\app\\Controllers\\Buku.php')
 2 SYSTEMPATH\Autoloader\Autoloader.php(271): CodeIgniter\Autoloader\Autoloader->loadInNamespace('App\\Controllers\\Buku')
 3 [internal function]: CodeIgniter\Autoloader\Autoloader->loadClass('App\\Controllers\\Buku')
 4 SYSTEMPATH\CodeIgniter.php(885): class_exists('\\App\\Controllers\\Buku', true)
 5 SYSTEMPATH\CodeIgniter.php(494): CodeIgniter\CodeIgniter->startController()
 6 SYSTEMPATH\CodeIgniter.php(354): CodeIgniter\CodeIgniter->handleRequest(null, Object(Config\Cache), false)
 7 SYSTEMPATH\Boot.php(363): CodeIgniter\CodeIgniter->run()
 8 SYSTEMPATH\Boot.php(68): CodeIgniter\Boot::runCodeIgniter(Object(CodeIgniter\CodeIgniter))
 9 FCPATH\index.php(59): CodeIgniter\Boot::bootWeb(Object(Config\Paths))
CRITICAL - 2026-04-18 16:55:24 --> ParseError: syntax error, unexpected token "public"
[Method: GET, Route: buku]
in APPPATH\Controllers\buku.php on line 46.
 1 SYSTEMPATH\Autoloader\Autoloader.php(295): CodeIgniter\Autoloader\Autoloader->includeFile('C:\\xampp\\htdocs\\perpus\\app\\Controllers\\Buku.php')
 2 SYSTEMPATH\Autoloader\Autoloader.php(271): CodeIgniter\Autoloader\Autoloader->loadInNamespace('App\\Controllers\\Buku')
 3 [internal function]: CodeIgniter\Autoloader\Autoloader->loadClass('App\\Controllers\\Buku')
 4 SYSTEMPATH\CodeIgniter.php(885): class_exists('\\App\\Controllers\\Buku', true)
 5 SYSTEMPATH\CodeIgniter.php(494): CodeIgniter\CodeIgniter->startController()
 6 SYSTEMPATH\CodeIgniter.php(354): CodeIgniter\CodeIgniter->handleRequest(null, Object(Config\Cache), false)
 7 SYSTEMPATH\Boot.php(363): CodeIgniter\CodeIgniter->run()
 8 SYSTEMPATH\Boot.php(68): CodeIgniter\Boot::runCodeIgniter(Object(CodeIgniter\CodeIgniter))
 9 FCPATH\index.php(59): CodeIgniter\Boot::bootWeb(Object(Config\Paths))
CRITICAL - 2026-04-18 16:55:24 --> ParseError: syntax error, unexpected token "public"
[Method: GET, Route: buku]
in APPPATH\Controllers\buku.php on line 46.
 1 SYSTEMPATH\Autoloader\Autoloader.php(295): CodeIgniter\Autoloader\Autoloader->includeFile('C:\\xampp\\htdocs\\perpus\\app\\Controllers\\Buku.php')
 2 SYSTEMPATH\Autoloader\Autoloader.php(271): CodeIgniter\Autoloader\Autoloader->loadInNamespace('App\\Controllers\\Buku')
 3 [internal function]: CodeIgniter\Autoloader\Autoloader->loadClass('App\\Controllers\\Buku')
 4 SYSTEMPATH\CodeIgniter.php(885): class_exists('\\App\\Controllers\\Buku', true)
 5 SYSTEMPATH\CodeIgniter.php(494): CodeIgniter\CodeIgniter->startController()
 6 SYSTEMPATH\CodeIgniter.php(354): CodeIgniter\CodeIgniter->handleRequest(null, Object(Config\Cache), false)
 7 SYSTEMPATH\Boot.php(363): CodeIgniter\CodeIgniter->run()
 8 SYSTEMPATH\Boot.php(68): CodeIgniter\Boot::runCodeIgniter(Object(CodeIgniter\CodeIgniter))
 9 FCPATH\index.php(59): CodeIgniter\Boot::bootWeb(Object(Config\Paths))
CRITICAL - 2026-04-18 16:56:08 --> ParseError: syntax error, unexpected token "public"
[Method: GET, Route: buku]
in APPPATH\Controllers\buku.php on line 46.
 1 SYSTEMPATH\Autoloader\Autoloader.php(295): CodeIgniter\Autoloader\Autoloader->includeFile('C:\\xampp\\htdocs\\perpus\\app\\Controllers\\Buku.php')
 2 SYSTEMPATH\Autoloader\Autoloader.php(271): CodeIgniter\Autoloader\Autoloader->loadInNamespace('App\\Controllers\\Buku')
 3 [internal function]: CodeIgniter\Autoloader\Autoloader->loadClass('App\\Controllers\\Buku')
 4 SYSTEMPATH\CodeIgniter.php(885): class_exists('\\App\\Controllers\\Buku', true)
 5 SYSTEMPATH\CodeIgniter.php(494): CodeIgniter\CodeIgniter->startController()
 6 SYSTEMPATH\CodeIgniter.php(354): CodeIgniter\CodeIgniter->handleRequest(null, Object(Config\Cache), false)
 7 SYSTEMPATH\Boot.php(363): CodeIgniter\CodeIgniter->run()
 8 SYSTEMPATH\Boot.php(68): CodeIgniter\Boot::runCodeIgniter(Object(CodeIgniter\CodeIgniter))
 9 FCPATH\index.php(59): CodeIgniter\Boot::bootWeb(Object(Config\Paths))
CRITICAL - 2026-04-18 16:56:09 --> ParseError: syntax error, unexpected token "public"
[Method: GET, Route: buku]
in APPPATH\Controllers\buku.php on line 46.
 1 SYSTEMPATH\Autoloader\Autoloader.php(295): CodeIgniter\Autoloader\Autoloader->includeFile('C:\\xampp\\htdocs\\perpus\\app\\Controllers\\Buku.php')
 2 SYSTEMPATH\Autoloader\Autoloader.php(271): CodeIgniter\Autoloader\Autoloader->loadInNamespace('App\\Controllers\\Buku')
 3 [internal function]: CodeIgniter\Autoloader\Autoloader->loadClass('App\\Controllers\\Buku')
 4 SYSTEMPATH\CodeIgniter.php(885): class_exists('\\App\\Controllers\\Buku', true)
 5 SYSTEMPATH\CodeIgniter.php(494): CodeIgniter\CodeIgniter->startController()
 6 SYSTEMPATH\CodeIgniter.php(354): CodeIgniter\CodeIgniter->handleRequest(null, Object(Config\Cache), false)
 7 SYSTEMPATH\Boot.php(363): CodeIgniter\CodeIgniter->run()
 8 SYSTEMPATH\Boot.php(68): CodeIgniter\Boot::runCodeIgniter(Object(CodeIgniter\CodeIgniter))
 9 FCPATH\index.php(59): CodeIgniter\Boot::bootWeb(Object(Config\Paths))
CRITICAL - 2026-04-18 16:56:10 --> ParseError: syntax error, unexpected token "public"
[Method: GET, Route: buku]
in APPPATH\Controllers\buku.php on line 46.
 1 SYSTEMPATH\Autoloader\Autoloader.php(295): CodeIgniter\Autoloader\Autoloader->includeFile('C:\\xampp\\htdocs\\perpus\\app\\Controllers\\Buku.php')
 2 SYSTEMPATH\Autoloader\Autoloader.php(271): CodeIgniter\Autoloader\Autoloader->loadInNamespace('App\\Controllers\\Buku')
 3 [internal function]: CodeIgniter\Autoloader\Autoloader->loadClass('App\\Controllers\\Buku')
 4 SYSTEMPATH\CodeIgniter.php(885): class_exists('\\App\\Controllers\\Buku', true)
 5 SYSTEMPATH\CodeIgniter.php(494): CodeIgniter\CodeIgniter->startController()
 6 SYSTEMPATH\CodeIgniter.php(354): CodeIgniter\CodeIgniter->handleRequest(null, Object(Config\Cache), false)
 7 SYSTEMPATH\Boot.php(363): CodeIgniter\CodeIgniter->run()
 8 SYSTEMPATH\Boot.php(68): CodeIgniter\Boot::runCodeIgniter(Object(CodeIgniter\CodeIgniter))
 9 FCPATH\index.php(59): CodeIgniter\Boot::bootWeb(Object(Config\Paths))
CRITICAL - 2026-04-18 16:56:10 --> ParseError: syntax error, unexpected token "public"
[Method: GET, Route: buku]
in APPPATH\Controllers\buku.php on line 46.
 1 SYSTEMPATH\Autoloader\Autoloader.php(295): CodeIgniter\Autoloader\Autoloader->includeFile('C:\\xampp\\htdocs\\perpus\\app\\Controllers\\Buku.php')
 2 SYSTEMPATH\Autoloader\Autoloader.php(271): CodeIgniter\Autoloader\Autoloader->loadInNamespace('App\\Controllers\\Buku')
 3 [internal function]: CodeIgniter\Autoloader\Autoloader->loadClass('App\\Controllers\\Buku')
 4 SYSTEMPATH\CodeIgniter.php(885): class_exists('\\App\\Controllers\\Buku', true)
 5 SYSTEMPATH\CodeIgniter.php(494): CodeIgniter\CodeIgniter->startController()
 6 SYSTEMPATH\CodeIgniter.php(354): CodeIgniter\CodeIgniter->handleRequest(null, Object(Config\Cache), false)
 7 SYSTEMPATH\Boot.php(363): CodeIgniter\CodeIgniter->run()
 8 SYSTEMPATH\Boot.php(68): CodeIgniter\Boot::runCodeIgniter(Object(CodeIgniter\CodeIgniter))
 9 FCPATH\index.php(59): CodeIgniter\Boot::bootWeb(Object(Config\Paths))
CRITICAL - 2026-04-18 16:56:10 --> ParseError: syntax error, unexpected token "public"
[Method: GET, Route: buku]
in APPPATH\Controllers\buku.php on line 46.
 1 SYSTEMPATH\Autoloader\Autoloader.php(295): CodeIgniter\Autoloader\Autoloader->includeFile('C:\\xampp\\htdocs\\perpus\\app\\Controllers\\Buku.php')
 2 SYSTEMPATH\Autoloader\Autoloader.php(271): CodeIgniter\Autoloader\Autoloader->loadInNamespace('App\\Controllers\\Buku')
 3 [internal function]: CodeIgniter\Autoloader\Autoloader->loadClass('App\\Controllers\\Buku')
 4 SYSTEMPATH\CodeIgniter.php(885): class_exists('\\App\\Controllers\\Buku', true)
 5 SYSTEMPATH\CodeIgniter.php(494): CodeIgniter\CodeIgniter->startController()
 6 SYSTEMPATH\CodeIgniter.php(354): CodeIgniter\CodeIgniter->handleRequest(null, Object(Config\Cache), false)
 7 SYSTEMPATH\Boot.php(363): CodeIgniter\CodeIgniter->run()
 8 SYSTEMPATH\Boot.php(68): CodeIgniter\Boot::runCodeIgniter(Object(CodeIgniter\CodeIgniter))
 9 FCPATH\index.php(59): CodeIgniter\Boot::bootWeb(Object(Config\Paths))
CRITICAL - 2026-04-18 16:56:11 --> ParseError: syntax error, unexpected token "public"
[Method: GET, Route: buku]
in APPPATH\Controllers\buku.php on line 46.
 1 SYSTEMPATH\Autoloader\Autoloader.php(295): CodeIgniter\Autoloader\Autoloader->includeFile('C:\\xampp\\htdocs\\perpus\\app\\Controllers\\Buku.php')
 2 SYSTEMPATH\Autoloader\Autoloader.php(271): CodeIgniter\Autoloader\Autoloader->loadInNamespace('App\\Controllers\\Buku')
 3 [internal function]: CodeIgniter\Autoloader\Autoloader->loadClass('App\\Controllers\\Buku')
 4 SYSTEMPATH\CodeIgniter.php(885): class_exists('\\App\\Controllers\\Buku', true)
 5 SYSTEMPATH\CodeIgniter.php(494): CodeIgniter\CodeIgniter->startController()
 6 SYSTEMPATH\CodeIgniter.php(354): CodeIgniter\CodeIgniter->handleRequest(null, Object(Config\Cache), false)
 7 SYSTEMPATH\Boot.php(363): CodeIgniter\CodeIgniter->run()
 8 SYSTEMPATH\Boot.php(68): CodeIgniter\Boot::runCodeIgniter(Object(CodeIgniter\CodeIgniter))
 9 FCPATH\index.php(59): CodeIgniter\Boot::bootWeb(Object(Config\Paths))
CRITICAL - 2026-04-18 16:56:11 --> ParseError: syntax error, unexpected token "public"
[Method: GET, Route: buku]
in APPPATH\Controllers\buku.php on line 46.
 1 SYSTEMPATH\Autoloader\Autoloader.php(295): CodeIgniter\Autoloader\Autoloader->includeFile('C:\\xampp\\htdocs\\perpus\\app\\Controllers\\Buku.php')
 2 SYSTEMPATH\Autoloader\Autoloader.php(271): CodeIgniter\Autoloader\Autoloader->loadInNamespace('App\\Controllers\\Buku')
 3 [internal function]: CodeIgniter\Autoloader\Autoloader->loadClass('App\\Controllers\\Buku')
 4 SYSTEMPATH\CodeIgniter.php(885): class_exists('\\App\\Controllers\\Buku', true)
 5 SYSTEMPATH\CodeIgniter.php(494): CodeIgniter\CodeIgniter->startController()
 6 SYSTEMPATH\CodeIgniter.php(354): CodeIgniter\CodeIgniter->handleRequest(null, Object(Config\Cache), false)
 7 SYSTEMPATH\Boot.php(363): CodeIgniter\CodeIgniter->run()
 8 SYSTEMPATH\Boot.php(68): CodeIgniter\Boot::runCodeIgniter(Object(CodeIgniter\CodeIgniter))
 9 FCPATH\index.php(59): CodeIgniter\Boot::bootWeb(Object(Config\Paths))
CRITICAL - 2026-04-18 16:57:11 --> ParseError: syntax error, unexpected token "public"
[Method: GET, Route: buku]
in APPPATH\Controllers\buku.php on line 43.
 1 SYSTEMPATH\Autoloader\Autoloader.php(295): CodeIgniter\Autoloader\Autoloader->includeFile('C:\\xampp\\htdocs\\perpus\\app\\Controllers\\Buku.php')
 2 SYSTEMPATH\Autoloader\Autoloader.php(271): CodeIgniter\Autoloader\Autoloader->loadInNamespace('App\\Controllers\\Buku')
 3 [internal function]: CodeIgniter\Autoloader\Autoloader->loadClass('App\\Controllers\\Buku')
 4 SYSTEMPATH\CodeIgniter.php(885): class_exists('\\App\\Controllers\\Buku', true)
 5 SYSTEMPATH\CodeIgniter.php(494): CodeIgniter\CodeIgniter->startController()
 6 SYSTEMPATH\CodeIgniter.php(354): CodeIgniter\CodeIgniter->handleRequest(null, Object(Config\Cache), false)
 7 SYSTEMPATH\Boot.php(363): CodeIgniter\CodeIgniter->run()
 8 SYSTEMPATH\Boot.php(68): CodeIgniter\Boot::runCodeIgniter(Object(CodeIgniter\CodeIgniter))
 9 FCPATH\index.php(59): CodeIgniter\Boot::bootWeb(Object(Config\Paths))
CRITICAL - 2026-04-18 16:57:30 --> ParseError: syntax error, unexpected token "public"
[Method: GET, Route: buku]
in APPPATH\Controllers\buku.php on line 43.
 1 SYSTEMPATH\Autoloader\Autoloader.php(295): CodeIgniter\Autoloader\Autoloader->includeFile('C:\\xampp\\htdocs\\perpus\\app\\Controllers\\Buku.php')
 2 SYSTEMPATH\Autoloader\Autoloader.php(271): CodeIgniter\Autoloader\Autoloader->loadInNamespace('App\\Controllers\\Buku')
 3 [internal function]: CodeIgniter\Autoloader\Autoloader->loadClass('App\\Controllers\\Buku')
 4 SYSTEMPATH\CodeIgniter.php(885): class_exists('\\App\\Controllers\\Buku', true)
 5 SYSTEMPATH\CodeIgniter.php(494): CodeIgniter\CodeIgniter->startController()
 6 SYSTEMPATH\CodeIgniter.php(354): CodeIgniter\CodeIgniter->handleRequest(null, Object(Config\Cache), false)
 7 SYSTEMPATH\Boot.php(363): CodeIgniter\CodeIgniter->run()
 8 SYSTEMPATH\Boot.php(68): CodeIgniter\Boot::runCodeIgniter(Object(CodeIgniter\CodeIgniter))
 9 FCPATH\index.php(59): CodeIgniter\Boot::bootWeb(Object(Config\Paths))
CRITICAL - 2026-04-18 16:57:31 --> ParseError: syntax error, unexpected token "public"
[Method: GET, Route: buku]
in APPPATH\Controllers\buku.php on line 43.
 1 SYSTEMPATH\Autoloader\Autoloader.php(295): CodeIgniter\Autoloader\Autoloader->includeFile('C:\\xampp\\htdocs\\perpus\\app\\Controllers\\Buku.php')
 2 SYSTEMPATH\Autoloader\Autoloader.php(271): CodeIgniter\Autoloader\Autoloader->loadInNamespace('App\\Controllers\\Buku')
 3 [internal function]: CodeIgniter\Autoloader\Autoloader->loadClass('App\\Controllers\\Buku')
 4 SYSTEMPATH\CodeIgniter.php(885): class_exists('\\App\\Controllers\\Buku', true)
 5 SYSTEMPATH\CodeIgniter.php(494): CodeIgniter\CodeIgniter->startController()
 6 SYSTEMPATH\CodeIgniter.php(354): CodeIgniter\CodeIgniter->handleRequest(null, Object(Config\Cache), false)
 7 SYSTEMPATH\Boot.php(363): CodeIgniter\CodeIgniter->run()
 8 SYSTEMPATH\Boot.php(68): CodeIgniter\Boot::runCodeIgniter(Object(CodeIgniter\CodeIgniter))
 9 FCPATH\index.php(59): CodeIgniter\Boot::bootWeb(Object(Config\Paths))
CRITICAL - 2026-04-18 16:57:32 --> ParseError: syntax error, unexpected token "public"
[Method: GET, Route: buku]
in APPPATH\Controllers\buku.php on line 43.
 1 SYSTEMPATH\Autoloader\Autoloader.php(295): CodeIgniter\Autoloader\Autoloader->includeFile('C:\\xampp\\htdocs\\perpus\\app\\Controllers\\Buku.php')
 2 SYSTEMPATH\Autoloader\Autoloader.php(271): CodeIgniter\Autoloader\Autoloader->loadInNamespace('App\\Controllers\\Buku')
 3 [internal function]: CodeIgniter\Autoloader\Autoloader->loadClass('App\\Controllers\\Buku')
 4 SYSTEMPATH\CodeIgniter.php(885): class_exists('\\App\\Controllers\\Buku', true)
 5 SYSTEMPATH\CodeIgniter.php(494): CodeIgniter\CodeIgniter->startController()
 6 SYSTEMPATH\CodeIgniter.php(354): CodeIgniter\CodeIgniter->handleRequest(null, Object(Config\Cache), false)
 7 SYSTEMPATH\Boot.php(363): CodeIgniter\CodeIgniter->run()
 8 SYSTEMPATH\Boot.php(68): CodeIgniter\Boot::runCodeIgniter(Object(CodeIgniter\CodeIgniter))
 9 FCPATH\index.php(59): CodeIgniter\Boot::bootWeb(Object(Config\Paths))
CRITICAL - 2026-04-18 16:57:32 --> ParseError: syntax error, unexpected token "public"
[Method: GET, Route: buku]
in APPPATH\Controllers\buku.php on line 43.
 1 SYSTEMPATH\Autoloader\Autoloader.php(295): CodeIgniter\Autoloader\Autoloader->includeFile('C:\\xampp\\htdocs\\perpus\\app\\Controllers\\Buku.php')
 2 SYSTEMPATH\Autoloader\Autoloader.php(271): CodeIgniter\Autoloader\Autoloader->loadInNamespace('App\\Controllers\\Buku')
 3 [internal function]: CodeIgniter\Autoloader\Autoloader->loadClass('App\\Controllers\\Buku')
 4 SYSTEMPATH\CodeIgniter.php(885): class_exists('\\App\\Controllers\\Buku', true)
 5 SYSTEMPATH\CodeIgniter.php(494): CodeIgniter\CodeIgniter->startController()
 6 SYSTEMPATH\CodeIgniter.php(354): CodeIgniter\CodeIgniter->handleRequest(null, Object(Config\Cache), false)
 7 SYSTEMPATH\Boot.php(363): CodeIgniter\CodeIgniter->run()
 8 SYSTEMPATH\Boot.php(68): CodeIgniter\Boot::runCodeIgniter(Object(CodeIgniter\CodeIgniter))
 9 FCPATH\index.php(59): CodeIgniter\Boot::bootWeb(Object(Config\Paths))
CRITICAL - 2026-04-18 16:57:32 --> ParseError: syntax error, unexpected token "public"
[Method: GET, Route: buku]
in APPPATH\Controllers\buku.php on line 43.
 1 SYSTEMPATH\Autoloader\Autoloader.php(295): CodeIgniter\Autoloader\Autoloader->includeFile('C:\\xampp\\htdocs\\perpus\\app\\Controllers\\Buku.php')
 2 SYSTEMPATH\Autoloader\Autoloader.php(271): CodeIgniter\Autoloader\Autoloader->loadInNamespace('App\\Controllers\\Buku')
 3 [internal function]: CodeIgniter\Autoloader\Autoloader->loadClass('App\\Controllers\\Buku')
 4 SYSTEMPATH\CodeIgniter.php(885): class_exists('\\App\\Controllers\\Buku', true)
 5 SYSTEMPATH\CodeIgniter.php(494): CodeIgniter\CodeIgniter->startController()
 6 SYSTEMPATH\CodeIgniter.php(354): CodeIgniter\CodeIgniter->handleRequest(null, Object(Config\Cache), false)
 7 SYSTEMPATH\Boot.php(363): CodeIgniter\CodeIgniter->run()
 8 SYSTEMPATH\Boot.php(68): CodeIgniter\Boot::runCodeIgniter(Object(CodeIgniter\CodeIgniter))
 9 FCPATH\index.php(59): CodeIgniter\Boot::bootWeb(Object(Config\Paths))
CRITICAL - 2026-04-18 16:57:33 --> ParseError: syntax error, unexpected token "public"
[Method: GET, Route: buku]
in APPPATH\Controllers\buku.php on line 43.
 1 SYSTEMPATH\Autoloader\Autoloader.php(295): CodeIgniter\Autoloader\Autoloader->includeFile('C:\\xampp\\htdocs\\perpus\\app\\Controllers\\Buku.php')
 2 SYSTEMPATH\Autoloader\Autoloader.php(271): CodeIgniter\Autoloader\Autoloader->loadInNamespace('App\\Controllers\\Buku')
 3 [internal function]: CodeIgniter\Autoloader\Autoloader->loadClass('App\\Controllers\\Buku')
 4 SYSTEMPATH\CodeIgniter.php(885): class_exists('\\App\\Controllers\\Buku', true)
 5 SYSTEMPATH\CodeIgniter.php(494): CodeIgniter\CodeIgniter->startController()
 6 SYSTEMPATH\CodeIgniter.php(354): CodeIgniter\CodeIgniter->handleRequest(null, Object(Config\Cache), false)
 7 SYSTEMPATH\Boot.php(363): CodeIgniter\CodeIgniter->run()
 8 SYSTEMPATH\Boot.php(68): CodeIgniter\Boot::runCodeIgniter(Object(CodeIgniter\CodeIgniter))
 9 FCPATH\index.php(59): CodeIgniter\Boot::bootWeb(Object(Config\Paths))
CRITICAL - 2026-04-18 16:58:22 --> ErrorException: Cannot declare class App\Controllers\Buku, because the name is already in use
[Method: GET, Route: buku]
in APPPATH\Models\BukuModel.php on line 7.
 1 [internal function]: CodeIgniter\Debug\Exceptions->shutdownHandler()
CRITICAL - 2026-04-18 16:58:23 --> ErrorException: Cannot declare class App\Controllers\Buku, because the name is already in use
[Method: GET, Route: buku]
in APPPATH\Models\BukuModel.php on line 7.
 1 [internal function]: CodeIgniter\Debug\Exceptions->shutdownHandler()
CRITICAL - 2026-04-18 16:59:04 --> ErrorException: Cannot declare class App\Controllers\Buku, because the name is already in use
[Method: GET, Route: buku]
in APPPATH\Models\BukuModel.php on line 7.
 1 [internal function]: CodeIgniter\Debug\Exceptions->shutdownHandler()
DEBUG - 2026-04-18 16:59:47 --> Session: Class initialized using 'CodeIgniter\Session\Handlers\FileHandler' driver.
DEBUG - 2026-04-18 17:14:27 --> Session: Class initialized using 'CodeIgniter\Session\Handlers\FileHandler' driver.
CRITICAL - 2026-04-18 17:14:34 --> ErrorException: Undefined array key "nama_kategori"
[Method: GET, Route: buku]
in APPPATH\Views\buku\index.php on line 33.
 1 APPPATH\Views\buku\index.php(33): CodeIgniter\Debug\Exceptions->errorHandler(2, 'Undefined array key "nama_kategori"', 'C:\\xampp\\htdocs\\perpus\\app\\Views\\buku\\index.php', 33)
 2 SYSTEMPATH\View\View.php(226): include('C:\\xampp\\htdocs\\perpus\\app\\Views\\buku\\index.php')
 3 SYSTEMPATH\View\View.php(229): CodeIgniter\View\View->CodeIgniter\View\{closure}()
 4 SYSTEMPATH\Common.php(1167): CodeIgniter\View\View->render('buku/index', [], true)
 5 APPPATH\Controllers\buku.php(21): view('buku/index', [...])
 6 SYSTEMPATH\CodeIgniter.php(933): App\Controllers\Buku->index()
 7 SYSTEMPATH\CodeIgniter.php(507): CodeIgniter\CodeIgniter->runController(Object(App\Controllers\Buku))
 8 SYSTEMPATH\CodeIgniter.php(354): CodeIgniter\CodeIgniter->handleRequest(null, Object(Config\Cache), false)
 9 SYSTEMPATH\Boot.php(363): CodeIgniter\CodeIgniter->run()
10 SYSTEMPATH\Boot.php(68): CodeIgniter\Boot::runCodeIgniter(Object(CodeIgniter\CodeIgniter))
11 FCPATH\index.php(59): CodeIgniter\Boot::bootWeb(Object(Config\Paths))
CRITICAL - 2026-04-18 17:17:07 --> ErrorException: Undefined array key "nama_rak"
[Method: GET, Route: buku]
in APPPATH\Views\buku\index.php on line 36.
 1 APPPATH\Views\buku\index.php(36): CodeIgniter\Debug\Exceptions->errorHandler(2, 'Undefined array key "nama_rak"', 'C:\\xampp\\htdocs\\perpus\\app\\Views\\buku\\index.php', 36)
 2 SYSTEMPATH\View\View.php(226): include('C:\\xampp\\htdocs\\perpus\\app\\Views\\buku\\index.php')
 3 SYSTEMPATH\View\View.php(229): CodeIgniter\View\View->CodeIgniter\View\{closure}()
 4 SYSTEMPATH\Common.php(1167): CodeIgniter\View\View->render('buku/index', [], true)
 5 APPPATH\Controllers\buku.php(28): view('buku/index', [...])
 6 SYSTEMPATH\CodeIgniter.php(933): App\Controllers\Buku->index()
 7 SYSTEMPATH\CodeIgniter.php(507): CodeIgniter\CodeIgniter->runController(Object(App\Controllers\Buku))
 8 SYSTEMPATH\CodeIgniter.php(354): CodeIgniter\CodeIgniter->handleRequest(null, Object(Config\Cache), false)
 9 SYSTEMPATH\Boot.php(363): CodeIgniter\CodeIgniter->run()
10 SYSTEMPATH\Boot.php(68): CodeIgniter\Boot::runCodeIgniter(Object(CodeIgniter\CodeIgniter))
11 FCPATH\index.php(59): CodeIgniter\Boot::bootWeb(Object(Config\Paths))
DEBUG - 2026-04-18 17:17:42 --> Session: Class initialized using 'CodeIgniter\Session\Handlers\FileHandler' driver.
DEBUG - 2026-04-18 17:19:41 --> Session: Class initialized using 'CodeIgniter\Session\Handlers\FileHandler' driver.
DEBUG - 2026-04-18 17:19:59 --> Session: Class initialized using 'CodeIgniter\Session\Handlers\FileHandler' driver.
DEBUG - 2026-04-18 17:20:04 --> Session: Class initialized using 'CodeIgniter\Session\Handlers\FileHandler' driver.
DEBUG - 2026-04-18 17:20:07 --> Session: Class initialized using 'CodeIgniter\Session\Handlers\FileHandler' driver.
DEBUG - 2026-04-18 17:20:09 --> Session: Class initialized using 'CodeIgniter\Session\Handlers\FileHandler' driver.
DEBUG - 2026-04-18 17:20:11 --> Session: Class initialized using 'CodeIgniter\Session\Handlers\FileHandler' driver.
CRITICAL - 2026-04-18 17:22:21 --> ParseError: syntax error, unexpected token "class", expecting "function" or "const"
[Method: GET, Route: rak/delete/5]
in APPPATH\Controllers\Rak.php on line 16.
 1 SYSTEMPATH\Autoloader\Autoloader.php(295): CodeIgniter\Autoloader\Autoloader->includeFile('C:\\xampp\\htdocs\\perpus\\app\\Controllers\\Rak.php')
 2 SYSTEMPATH\Autoloader\Autoloader.php(271): CodeIgniter\Autoloader\Autoloader->loadInNamespace('App\\Controllers\\Rak')
 3 [internal function]: CodeIgniter\Autoloader\Autoloader->loadClass('App\\Controllers\\Rak')
 4 SYSTEMPATH\CodeIgniter.php(885): class_exists('\\App\\Controllers\\Rak', true)
 5 SYSTEMPATH\CodeIgniter.php(494): CodeIgniter\CodeIgniter->startController()
 6 SYSTEMPATH\CodeIgniter.php(354): CodeIgniter\CodeIgniter->handleRequest(null, Object(Config\Cache), false)
 7 SYSTEMPATH\Boot.php(363): CodeIgniter\CodeIgniter->run()
 8 SYSTEMPATH\Boot.php(68): CodeIgniter\Boot::runCodeIgniter(Object(CodeIgniter\CodeIgniter))
 9 FCPATH\index.php(59): CodeIgniter\Boot::bootWeb(Object(Config\Paths))
DEBUG - 2026-04-18 17:23:05 --> Session: Class initialized using 'CodeIgniter\Session\Handlers\FileHandler' driver.
DEBUG - 2026-04-18 17:28:42 --> Session: Class initialized using 'CodeIgniter\Session\Handlers\FileHandler' driver.
DEBUG - 2026-04-18 17:30:06 --> Session: Class initialized using 'CodeIgniter\Session\Handlers\FileHandler' driver.
DEBUG - 2026-04-18 17:30:52 --> Session: Class initialized using 'CodeIgniter\Session\Handlers\FileHandler' driver.
CRITICAL - 2026-04-18 17:30:52 --> ErrorException: Undefined variable $p
[Method: GET, Route: /]
in APPPATH\Views\layouts\menu.php on line 18.
 1 APPPATH\Views\layouts\menu.php(18): CodeIgniter\Debug\Exceptions->errorHandler(2, 'Undefined variable $p', 'C:\\xampp\\htdocs\\perpus\\app\\Views\\layouts\\menu.php', 18)
 2 APPPATH\Views\layouts\main.php(99): include('C:\\xampp\\htdocs\\perpus\\app\\Views\\layouts\\menu.php')
 3 SYSTEMPATH\View\View.php(226): include('C:\\xampp\\htdocs\\perpus\\app\\Views\\layouts\\main.php')
 4 SYSTEMPATH\View\View.php(229): CodeIgniter\View\View->CodeIgniter\View\{closure}()
 5 SYSTEMPATH\View\View.php(242): CodeIgniter\View\View->render('layouts/main', [], true)
 6 SYSTEMPATH\Common.php(1167): CodeIgniter\View\View->render('layouts/dashboard', [], true)
 7 APPPATH\Controllers\Home.php(9): view('layouts/dashboard')
 8 SYSTEMPATH\CodeIgniter.php(933): App\Controllers\Home->index()
 9 SYSTEMPATH\CodeIgniter.php(507): CodeIgniter\CodeIgniter->runController(Object(App\Controllers\Home))
10 SYSTEMPATH\CodeIgniter.php(354): CodeIgniter\CodeIgniter->handleRequest(null, Object(Config\Cache), false)
11 SYSTEMPATH\Boot.php(363): CodeIgniter\CodeIgniter->run()
12 SYSTEMPATH\Boot.php(68): CodeIgniter\Boot::runCodeIgniter(Object(CodeIgniter\CodeIgniter))
13 FCPATH\index.php(59): CodeIgniter\Boot::bootWeb(Object(Config\Paths))
DEBUG - 2026-04-18 17:32:15 --> Session: Class initialized using 'CodeIgniter\Session\Handlers\FileHandler' driver.
CRITICAL - 2026-04-18 17:32:15 --> ErrorException: Undefined variable $p
[Method: GET, Route: /]
in APPPATH\Views\layouts\menu.php on line 16.
 1 APPPATH\Views\layouts\menu.php(16): CodeIgniter\Debug\Exceptions->errorHandler(2, 'Undefined variable $p', 'C:\\xampp\\htdocs\\perpus\\app\\Views\\layouts\\menu.php', 16)
 2 APPPATH\Views\layouts\main.php(99): include('C:\\xampp\\htdocs\\perpus\\app\\Views\\layouts\\menu.php')
 3 SYSTEMPATH\View\View.php(226): include('C:\\xampp\\htdocs\\perpus\\app\\Views\\layouts\\main.php')
 4 SYSTEMPATH\View\View.php(229): CodeIgniter\View\View->CodeIgniter\View\{closure}()
 5 SYSTEMPATH\View\View.php(242): CodeIgniter\View\View->render('layouts/main', [], true)
 6 SYSTEMPATH\Common.php(1167): CodeIgniter\View\View->render('layouts/dashboard', [], true)
 7 APPPATH\Controllers\Home.php(9): view('layouts/dashboard')
 8 SYSTEMPATH\CodeIgniter.php(933): App\Controllers\Home->index()
 9 SYSTEMPATH\CodeIgniter.php(507): CodeIgniter\CodeIgniter->runController(Object(App\Controllers\Home))
10 SYSTEMPATH\CodeIgniter.php(354): CodeIgniter\CodeIgniter->handleRequest(null, Object(Config\Cache), false)
11 SYSTEMPATH\Boot.php(363): CodeIgniter\CodeIgniter->run()
12 SYSTEMPATH\Boot.php(68): CodeIgniter\Boot::runCodeIgniter(Object(CodeIgniter\CodeIgniter))
13 FCPATH\index.php(59): CodeIgniter\Boot::bootWeb(Object(Config\Paths))
DEBUG - 2026-04-18 17:32:16 --> Session: Class initialized using 'CodeIgniter\Session\Handlers\FileHandler' driver.
CRITICAL - 2026-04-18 17:32:16 --> ErrorException: Undefined variable $p
[Method: GET, Route: /]
in APPPATH\Views\layouts\menu.php on line 16.
 1 APPPATH\Views\layouts\menu.php(16): CodeIgniter\Debug\Exceptions->errorHandler(2, 'Undefined variable $p', 'C:\\xampp\\htdocs\\perpus\\app\\Views\\layouts\\menu.php', 16)
 2 APPPATH\Views\layouts\main.php(99): include('C:\\xampp\\htdocs\\perpus\\app\\Views\\layouts\\menu.php')
 3 SYSTEMPATH\View\View.php(226): include('C:\\xampp\\htdocs\\perpus\\app\\Views\\layouts\\main.php')
 4 SYSTEMPATH\View\View.php(229): CodeIgniter\View\View->CodeIgniter\View\{closure}()
 5 SYSTEMPATH\View\View.php(242): CodeIgniter\View\View->render('layouts/main', [], true)
 6 SYSTEMPATH\Common.php(1167): CodeIgniter\View\View->render('layouts/dashboard', [], true)
 7 APPPATH\Controllers\Home.php(9): view('layouts/dashboard')
 8 SYSTEMPATH\CodeIgniter.php(933): App\Controllers\Home->index()
 9 SYSTEMPATH\CodeIgniter.php(507): CodeIgniter\CodeIgniter->runController(Object(App\Controllers\Home))
10 SYSTEMPATH\CodeIgniter.php(354): CodeIgniter\CodeIgniter->handleRequest(null, Object(Config\Cache), false)
11 SYSTEMPATH\Boot.php(363): CodeIgniter\CodeIgniter->run()
12 SYSTEMPATH\Boot.php(68): CodeIgniter\Boot::runCodeIgniter(Object(CodeIgniter\CodeIgniter))
13 FCPATH\index.php(59): CodeIgniter\Boot::bootWeb(Object(Config\Paths))
DEBUG - 2026-04-18 17:32:17 --> Session: Class initialized using 'CodeIgniter\Session\Handlers\FileHandler' driver.
CRITICAL - 2026-04-18 17:32:17 --> ErrorException: Undefined variable $p
[Method: GET, Route: /]
in APPPATH\Views\layouts\menu.php on line 16.
 1 APPPATH\Views\layouts\menu.php(16): CodeIgniter\Debug\Exceptions->errorHandler(2, 'Undefined variable $p', 'C:\\xampp\\htdocs\\perpus\\app\\Views\\layouts\\menu.php', 16)
 2 APPPATH\Views\layouts\main.php(99): include('C:\\xampp\\htdocs\\perpus\\app\\Views\\layouts\\menu.php')
 3 SYSTEMPATH\View\View.php(226): include('C:\\xampp\\htdocs\\perpus\\app\\Views\\layouts\\main.php')
 4 SYSTEMPATH\View\View.php(229): CodeIgniter\View\View->CodeIgniter\View\{closure}()
 5 SYSTEMPATH\View\View.php(242): CodeIgniter\View\View->render('layouts/main', [], true)
 6 SYSTEMPATH\Common.php(1167): CodeIgniter\View\View->render('layouts/dashboard', [], true)
 7 APPPATH\Controllers\Home.php(9): view('layouts/dashboard')
 8 SYSTEMPATH\CodeIgniter.php(933): App\Controllers\Home->index()
 9 SYSTEMPATH\CodeIgniter.php(507): CodeIgniter\CodeIgniter->runController(Object(App\Controllers\Home))
10 SYSTEMPATH\CodeIgniter.php(354): CodeIgniter\CodeIgniter->handleRequest(null, Object(Config\Cache), false)
11 SYSTEMPATH\Boot.php(363): CodeIgniter\CodeIgniter->run()
12 SYSTEMPATH\Boot.php(68): CodeIgniter\Boot::runCodeIgniter(Object(CodeIgniter\CodeIgniter))
13 FCPATH\index.php(59): CodeIgniter\Boot::bootWeb(Object(Config\Paths))
DEBUG - 2026-04-18 17:32:17 --> Session: Class initialized using 'CodeIgniter\Session\Handlers\FileHandler' driver.
CRITICAL - 2026-04-18 17:32:17 --> ErrorException: Undefined variable $p
[Method: GET, Route: /]
in APPPATH\Views\layouts\menu.php on line 16.
 1 APPPATH\Views\layouts\menu.php(16): CodeIgniter\Debug\Exceptions->errorHandler(2, 'Undefined variable $p', 'C:\\xampp\\htdocs\\perpus\\app\\Views\\layouts\\menu.php', 16)
 2 APPPATH\Views\layouts\main.php(99): include('C:\\xampp\\htdocs\\perpus\\app\\Views\\layouts\\menu.php')
 3 SYSTEMPATH\View\View.php(226): include('C:\\xampp\\htdocs\\perpus\\app\\Views\\layouts\\main.php')
 4 SYSTEMPATH\View\View.php(229): CodeIgniter\View\View->CodeIgniter\View\{closure}()
 5 SYSTEMPATH\View\View.php(242): CodeIgniter\View\View->render('layouts/main', [], true)
 6 SYSTEMPATH\Common.php(1167): CodeIgniter\View\View->render('layouts/dashboard', [], true)
 7 APPPATH\Controllers\Home.php(9): view('layouts/dashboard')
 8 SYSTEMPATH\CodeIgniter.php(933): App\Controllers\Home->index()
 9 SYSTEMPATH\CodeIgniter.php(507): CodeIgniter\CodeIgniter->runController(Object(App\Controllers\Home))
10 SYSTEMPATH\CodeIgniter.php(354): CodeIgniter\CodeIgniter->handleRequest(null, Object(Config\Cache), false)
11 SYSTEMPATH\Boot.php(363): CodeIgniter\CodeIgniter->run()
12 SYSTEMPATH\Boot.php(68): CodeIgniter\Boot::runCodeIgniter(Object(CodeIgniter\CodeIgniter))
13 FCPATH\index.php(59): CodeIgniter\Boot::bootWeb(Object(Config\Paths))
DEBUG - 2026-04-18 17:32:29 --> Session: Class initialized using 'CodeIgniter\Session\Handlers\FileHandler' driver.
DEBUG - 2026-04-18 17:34:23 --> Session: Class initialized using 'CodeIgniter\Session\Handlers\FileHandler' driver.
CRITICAL - 2026-04-18 17:34:25 --> ErrorException: Undefined variable $p
[Method: GET, Route: peminjaman]
in APPPATH\Views\peminjaman\index.php on line 6.
 1 APPPATH\Views\peminjaman\index.php(6): CodeIgniter\Debug\Exceptions->errorHandler(2, 'Undefined variable $p', 'C:\\xampp\\htdocs\\perpus\\app\\Views\\peminjaman\\index.php', 6)
 2 SYSTEMPATH\View\View.php(226): include('C:\\xampp\\htdocs\\perpus\\app\\Views\\peminjaman\\index.php')
 3 SYSTEMPATH\View\View.php(229): CodeIgniter\View\View->CodeIgniter\View\{closure}()
 4 SYSTEMPATH\Common.php(1167): CodeIgniter\View\View->render('peminjaman/index', [], true)
 5 APPPATH\Controllers\peminjaman.php(15): view('peminjaman/index', [...])
 6 SYSTEMPATH\CodeIgniter.php(933): App\Controllers\Peminjaman->index()
 7 SYSTEMPATH\CodeIgniter.php(507): CodeIgniter\CodeIgniter->runController(Object(App\Controllers\Peminjaman))
 8 SYSTEMPATH\CodeIgniter.php(354): CodeIgniter\CodeIgniter->handleRequest(null, Object(Config\Cache), false)
 9 SYSTEMPATH\Boot.php(363): CodeIgniter\CodeIgniter->run()
10 SYSTEMPATH\Boot.php(68): CodeIgniter\Boot::runCodeIgniter(Object(CodeIgniter\CodeIgniter))
11 FCPATH\index.php(59): CodeIgniter\Boot::bootWeb(Object(Config\Paths))
DEBUG - 2026-04-18 17:34:50 --> Session: Class initialized using 'CodeIgniter\Session\Handlers\FileHandler' driver.
DEBUG - 2026-04-18 17:35:18 --> Session: Class initialized using 'CodeIgniter\Session\Handlers\FileHandler' driver.
DEBUG - 2026-04-18 17:35:40 --> Session: Class initialized using 'CodeIgniter\Session\Handlers\FileHandler' driver.
DEBUG - 2026-04-18 17:36:16 --> Session: Class initialized using 'CodeIgniter\Session\Handlers\FileHandler' driver.
DEBUG - 2026-04-18 17:37:18 --> Session: Class initialized using 'CodeIgniter\Session\Handlers\FileHandler' driver.
DEBUG - 2026-04-18 17:37:54 --> Session: Class initialized using 'CodeIgniter\Session\Handlers\FileHandler' driver.
DEBUG - 2026-04-18 17:38:29 --> Session: Class initialized using 'CodeIgniter\Session\Handlers\FileHandler' driver.
DEBUG - 2026-04-18 17:39:07 --> Session: Class initialized using 'CodeIgniter\Session\Handlers\FileHandler' driver.
DEBUG - 2026-04-18 17:39:54 --> Session: Class initialized using 'CodeIgniter\Session\Handlers\FileHandler' driver.
DEBUG - 2026-04-18 17:40:02 --> Session: Class initialized using 'CodeIgniter\Session\Handlers\FileHandler' driver.
DEBUG - 2026-04-18 17:40:07 --> Session: Class initialized using 'CodeIgniter\Session\Handlers\FileHandler' driver.
DEBUG - 2026-04-18 17:40:07 --> Session: Class initialized using 'CodeIgniter\Session\Handlers\FileHandler' driver.
DEBUG - 2026-04-18 17:41:17 --> Session: Class initialized using 'CodeIgniter\Session\Handlers\FileHandler' driver.
DEBUG - 2026-04-18 17:42:39 --> Session: Class initialized using 'CodeIgniter\Session\Handlers\FileHandler' driver.
DEBUG - 2026-04-18 17:49:02 --> Session: Class initialized using 'CodeIgniter\Session\Handlers\FileHandler' driver.
DEBUG - 2026-04-18 17:49:07 --> Session: Class initialized using 'CodeIgniter\Session\Handlers\FileHandler' driver.
DEBUG - 2026-04-18 17:49:09 --> Session: Class initialized using 'CodeIgniter\Session\Handlers\FileHandler' driver.
DEBUG - 2026-04-18 17:55:46 --> Session: Class initialized using 'CodeIgniter\Session\Handlers\FileHandler' driver.
DEBUG - 2026-04-18 17:57:14 --> Session: Class initialized using 'CodeIgniter\Session\Handlers\FileHandler' driver.
DEBUG - 2026-04-18 18:14:53 --> Session: Class initialized using 'CodeIgniter\Session\Handlers\FileHandler' driver.
DEBUG - 2026-04-18 18:14:53 --> Session: Class initialized using 'CodeIgniter\Session\Handlers\FileHandler' driver.
DEBUG - 2026-04-18 18:16:34 --> Session: Class initialized using 'CodeIgniter\Session\Handlers\FileHandler' driver.
DEBUG - 2026-04-18 18:19:34 --> Session: Class initialized using 'CodeIgniter\Session\Handlers\FileHandler' driver.
DEBUG - 2026-04-18 18:19:34 --> Session: Class initialized using 'CodeIgniter\Session\Handlers\FileHandler' driver.
DEBUG - 2026-04-18 18:19:40 --> Session: Class initialized using 'CodeIgniter\Session\Handlers\FileHandler' driver.
DEBUG - 2026-04-18 18:19:42 --> Session: Class initialized using 'CodeIgniter\Session\Handlers\FileHandler' driver.
DEBUG - 2026-04-18 18:19:42 --> Session: Class initialized using 'CodeIgniter\Session\Handlers\FileHandler' driver.
DEBUG - 2026-04-18 18:19:53 --> Session: Class initialized using 'CodeIgniter\Session\Handlers\FileHandler' driver.
DEBUG - 2026-04-18 18:20:04 --> Session: Class initialized using 'CodeIgniter\Session\Handlers\FileHandler' driver.
DEBUG - 2026-04-18 18:20:06 --> Session: Class initialized using 'CodeIgniter\Session\Handlers\FileHandler' driver.
DEBUG - 2026-04-18 18:20:17 --> Session: Class initialized using 'CodeIgniter\Session\Handlers\FileHandler' driver.
DEBUG - 2026-04-18 18:20:17 --> Session: Class initialized using 'CodeIgniter\Session\Handlers\FileHandler' driver.
DEBUG - 2026-04-18 18:20:32 --> Session: Class initialized using 'CodeIgniter\Session\Handlers\FileHandler' driver.
DEBUG - 2026-04-18 18:20:39 --> Session: Class initialized using 'CodeIgniter\Session\Handlers\FileHandler' driver.
DEBUG - 2026-04-18 18:20:40 --> Session: Class initialized using 'CodeIgniter\Session\Handlers\FileHandler' driver.
DEBUG - 2026-04-18 18:20:48 --> Session: Class initialized using 'CodeIgniter\Session\Handlers\FileHandler' driver.
DEBUG - 2026-04-18 18:20:48 --> Session: Class initialized using 'CodeIgniter\Session\Handlers\FileHandler' driver.
DEBUG - 2026-04-18 18:20:52 --> Session: Class initialized using 'CodeIgniter\Session\Handlers\FileHandler' driver.
DEBUG - 2026-04-18 18:21:01 --> Session: Class initialized using 'CodeIgniter\Session\Handlers\FileHandler' driver.
DEBUG - 2026-04-18 18:21:08 --> Session: Class initialized using 'CodeIgniter\Session\Handlers\FileHandler' driver.
DEBUG - 2026-04-18 18:21:08 --> Session: Class initialized using 'CodeIgniter\Session\Handlers\FileHandler' driver.
DEBUG - 2026-04-18 18:21:14 --> Session: Class initialized using 'CodeIgniter\Session\Handlers\FileHandler' driver.
DEBUG - 2026-04-18 18:21:15 --> Session: Class initialized using 'CodeIgniter\Session\Handlers\FileHandler' driver.
DEBUG - 2026-04-18 18:21:26 --> Session: Class initialized using 'CodeIgniter\Session\Handlers\FileHandler' driver.
DEBUG - 2026-04-18 18:21:26 --> Session: Class initialized using 'CodeIgniter\Session\Handlers\FileHandler' driver.
DEBUG - 2026-04-18 18:21:31 --> Session: Class initialized using 'CodeIgniter\Session\Handlers\FileHandler' driver.
DEBUG - 2026-04-18 18:21:32 --> Session: Class initialized using 'CodeIgniter\Session\Handlers\FileHandler' driver.
DEBUG - 2026-04-18 18:21:47 --> Session: Class initialized using 'CodeIgniter\Session\Handlers\FileHandler' driver.
DEBUG - 2026-04-18 18:21:48 --> Session: Class initialized using 'CodeIgniter\Session\Handlers\FileHandler' driver.
DEBUG - 2026-04-18 18:21:59 --> Session: Class initialized using 'CodeIgniter\Session\Handlers\FileHandler' driver.
DEBUG - 2026-04-18 18:22:10 --> Session: Class initialized using 'CodeIgniter\Session\Handlers\FileHandler' driver.
DEBUG - 2026-04-18 18:22:10 --> Session: Class initialized using 'CodeIgniter\Session\Handlers\FileHandler' driver.
DEBUG - 2026-04-18 18:22:14 --> Session: Class initialized using 'CodeIgniter\Session\Handlers\FileHandler' driver.
DEBUG - 2026-04-18 18:22:15 --> Session: Class initialized using 'CodeIgniter\Session\Handlers\FileHandler' driver.
DEBUG - 2026-04-18 18:33:36 --> Session: Class initialized using 'CodeIgniter\Session\Handlers\FileHandler' driver.
DEBUG - 2026-04-18 18:33:38 --> Session: Class initialized using 'CodeIgniter\Session\Handlers\FileHandler' driver.
