DEBUG - 2026-04-17 06:54:57 --> Session: Class initialized using 'CodeIgniter\Session\Handlers\FileHandler' driver.
DEBUG - 2026-04-17 06:55:04 --> Session: Class initialized using 'CodeIgniter\Session\Handlers\FileHandler' driver.
DEBUG - 2026-04-17 06:55:04 --> Session: Class initialized using 'CodeIgniter\Session\Handlers\FileHandler' driver.
DEBUG - 2026-04-17 06:55:14 --> Session: Class initialized using 'CodeIgniter\Session\Handlers\FileHandler' driver.
DEBUG - 2026-04-17 06:55:21 --> Session: Class initialized using 'CodeIgniter\Session\Handlers\FileHandler' driver.
DEBUG - 2026-04-17 06:55:22 --> Session: Class initialized using 'CodeIgniter\Session\Handlers\FileHandler' driver.
DEBUG - 2026-04-17 06:55:26 --> Session: Class initialized using 'CodeIgniter\Session\Handlers\FileHandler' driver.
DEBUG - 2026-04-17 07:06:44 --> Session: Class initialized using 'CodeIgniter\Session\Handlers\FileHandler' driver.
ERROR - 2026-04-17 07:07:13 --> mysqli_sql_exception: Table 'perpus.buku' doesn't exist in C:\xampp\htdocs\perpus\system\Database\MySQLi\Connection.php:327
Stack trace:
#0 C:\xampp\htdocs\perpus\system\Database\MySQLi\Connection.php(327): mysqli->query('SELECT COUNT(*)...', 0)
#1 C:\xampp\htdocs\perpus\system\Database\BaseConnection.php(729): CodeIgniter\Database\MySQLi\Connection->execute('SELECT COUNT(*)...')
#2 C:\xampp\htdocs\perpus\system\Database\BaseConnection.php(646): CodeIgniter\Database\BaseConnection->simpleQuery('SELECT COUNT(*)...')
#3 C:\xampp\htdocs\perpus\system\Database\BaseBuilder.php(1733): CodeIgniter\Database\BaseConnection->query('SELECT COUNT(*)...', Array, false)
#4 C:\xampp\htdocs\perpus\system\Model.php(675): CodeIgniter\Database\BaseBuilder->countAllResults(false)
#5 C:\xampp\htdocs\perpus\system\BaseModel.php(1277): CodeIgniter\Model->countAllResults(false)
#6 C:\xampp\htdocs\perpus\app\Controllers\buku.php(100): CodeIgniter\BaseModel->paginate(10)
#7 C:\xampp\htdocs\perpus\system\CodeIgniter.php(933): App\Controllers\Buku->index()
#8 C:\xampp\htdocs\perpus\system\CodeIgniter.php(507): CodeIgniter\CodeIgniter->runController(Object(App\Controllers\Buku))
#9 C:\xampp\htdocs\perpus\system\CodeIgniter.php(354): CodeIgniter\CodeIgniter->handleRequest(NULL, Object(Config\Cache), false)
#10 C:\xampp\htdocs\perpus\system\Boot.php(363): CodeIgniter\CodeIgniter->run()
#11 C:\xampp\htdocs\perpus\system\Boot.php(68): CodeIgniter\Boot::runCodeIgniter(Object(CodeIgniter\CodeIgniter))
#12 C:\xampp\htdocs\perpus\public\index.php(59): CodeIgniter\Boot::bootWeb(Object(Config\Paths))
#13 {main}
CRITICAL - 2026-04-17 07:07:13 --> CodeIgniter\Database\Exceptions\DatabaseException: Table 'perpus.buku' doesn't exist
[Method: GET, Route: buku]
in SYSTEMPATH\Database\BaseConnection.php on line 684.
 1 SYSTEMPATH\Database\BaseBuilder.php(1733): CodeIgniter\Database\BaseConnection->query('SELECT COUNT(*) AS `numrows`
FROM `buku`', [], false)
 2 SYSTEMPATH\Model.php(675): CodeIgniter\Database\BaseBuilder->countAllResults(false)
 3 SYSTEMPATH\BaseModel.php(1277): CodeIgniter\Model->countAllResults(false)
 4 APPPATH\Controllers\buku.php(100): CodeIgniter\BaseModel->paginate(10)
 5 SYSTEMPATH\CodeIgniter.php(933): App\Controllers\Buku->index()
 6 SYSTEMPATH\CodeIgniter.php(507): CodeIgniter\CodeIgniter->runController(Object(App\Controllers\Buku))
 7 SYSTEMPATH\CodeIgniter.php(354): CodeIgniter\CodeIgniter->handleRequest(null, Object(Config\Cache), false)
 8 SYSTEMPATH\Boot.php(363): CodeIgniter\CodeIgniter->run()
 9 SYSTEMPATH\Boot.php(68): CodeIgniter\Boot::runCodeIgniter(Object(CodeIgniter\CodeIgniter))
10 FCPATH\index.php(59): CodeIgniter\Boot::bootWeb(Object(Config\Paths))
CRITICAL - 2026-04-17 07:07:13 --> [Caused by] CodeIgniter\Database\Exceptions\DatabaseException: Table 'perpus.buku' doesn't exist
in SYSTEMPATH\Database\MySQLi\Connection.php on line 332.
 1 SYSTEMPATH\Database\BaseConnection.php(729): CodeIgniter\Database\MySQLi\Connection->execute('SELECT COUNT(*) AS `numrows`
FROM `buku`')
 2 SYSTEMPATH\Database\BaseConnection.php(646): CodeIgniter\Database\BaseConnection->simpleQuery('SELECT COUNT(*) AS `numrows`
FROM `buku`')
 3 SYSTEMPATH\Database\BaseBuilder.php(1733): CodeIgniter\Database\BaseConnection->query('SELECT COUNT(*) AS `numrows`
FROM `buku`', [], false)
 4 SYSTEMPATH\Model.php(675): CodeIgniter\Database\BaseBuilder->countAllResults(false)
 5 SYSTEMPATH\BaseModel.php(1277): CodeIgniter\Model->countAllResults(false)
 6 APPPATH\Controllers\buku.php(100): CodeIgniter\BaseModel->paginate(10)
 7 SYSTEMPATH\CodeIgniter.php(933): App\Controllers\Buku->index()
 8 SYSTEMPATH\CodeIgniter.php(507): CodeIgniter\CodeIgniter->runController(Object(App\Controllers\Buku))
 9 SYSTEMPATH\CodeIgniter.php(354): CodeIgniter\CodeIgniter->handleRequest(null, Object(Config\Cache), false)
10 SYSTEMPATH\Boot.php(363): CodeIgniter\CodeIgniter->run()
11 SYSTEMPATH\Boot.php(68): CodeIgniter\Boot::runCodeIgniter(Object(CodeIgniter\CodeIgniter))
12 FCPATH\index.php(59): CodeIgniter\Boot::bootWeb(Object(Config\Paths))
CRITICAL - 2026-04-17 07:07:13 --> [Caused by] mysqli_sql_exception: Table 'perpus.buku' doesn't exist
in SYSTEMPATH\Database\MySQLi\Connection.php on line 327.
 1 SYSTEMPATH\Database\MySQLi\Connection.php(327): mysqli->query('SELECT COUNT(*) AS `numrows`
FROM `buku`', 0)
 2 SYSTEMPATH\Database\BaseConnection.php(729): CodeIgniter\Database\MySQLi\Connection->execute('SELECT COUNT(*) AS `numrows`
FROM `buku`')
 3 SYSTEMPATH\Database\BaseConnection.php(646): CodeIgniter\Database\BaseConnection->simpleQuery('SELECT COUNT(*) AS `numrows`
FROM `buku`')
 4 SYSTEMPATH\Database\BaseBuilder.php(1733): CodeIgniter\Database\BaseConnection->query('SELECT COUNT(*) AS `numrows`
FROM `buku`', [], false)
 5 SYSTEMPATH\Model.php(675): CodeIgniter\Database\BaseBuilder->countAllResults(false)
 6 SYSTEMPATH\BaseModel.php(1277): CodeIgniter\Model->countAllResults(false)
 7 APPPATH\Controllers\buku.php(100): CodeIgniter\BaseModel->paginate(10)
 8 SYSTEMPATH\CodeIgniter.php(933): App\Controllers\Buku->index()
 9 SYSTEMPATH\CodeIgniter.php(507): CodeIgniter\CodeIgniter->runController(Object(App\Controllers\Buku))
10 SYSTEMPATH\CodeIgniter.php(354): CodeIgniter\CodeIgniter->handleRequest(null, Object(Config\Cache), false)
11 SYSTEMPATH\Boot.php(363): CodeIgniter\CodeIgniter->run()
12 SYSTEMPATH\Boot.php(68): CodeIgniter\Boot::runCodeIgniter(Object(CodeIgniter\CodeIgniter))
13 FCPATH\index.php(59): CodeIgniter\Boot::bootWeb(Object(Config\Paths))
ERROR - 2026-04-17 07:16:50 --> mysqli_sql_exception: Table 'perpus.buku' doesn't exist in C:\xampp\htdocs\perpus\system\Database\MySQLi\Connection.php:327
Stack trace:
#0 C:\xampp\htdocs\perpus\system\Database\MySQLi\Connection.php(327): mysqli->query('SELECT `buku`.*...', 0)
#1 C:\xampp\htdocs\perpus\system\Database\BaseConnection.php(729): CodeIgniter\Database\MySQLi\Connection->execute('SELECT `buku`.*...')
#2 C:\xampp\htdocs\perpus\system\Database\BaseConnection.php(646): CodeIgniter\Database\BaseConnection->simpleQuery('SELECT `buku`.*...')
#3 C:\xampp\htdocs\perpus\system\Database\BaseBuilder.php(1649): CodeIgniter\Database\BaseConnection->query('SELECT `buku`.*...', Array, false)
#4 C:\xampp\htdocs\perpus\app\Controllers\buku.php(41): CodeIgniter\Database\BaseBuilder->get()
#5 C:\xampp\htdocs\perpus\system\CodeIgniter.php(933): App\Controllers\Buku->index()
#6 C:\xampp\htdocs\perpus\system\CodeIgniter.php(507): CodeIgniter\CodeIgniter->runController(Object(App\Controllers\Buku))
#7 C:\xampp\htdocs\perpus\system\CodeIgniter.php(354): CodeIgniter\CodeIgniter->handleRequest(NULL, Object(Config\Cache), false)
#8 C:\xampp\htdocs\perpus\system\Boot.php(363): CodeIgniter\CodeIgniter->run()
#9 C:\xampp\htdocs\perpus\system\Boot.php(68): CodeIgniter\Boot::runCodeIgniter(Object(CodeIgniter\CodeIgniter))
#10 C:\xampp\htdocs\perpus\public\index.php(59): CodeIgniter\Boot::bootWeb(Object(Config\Paths))
#11 {main}
CRITICAL - 2026-04-17 07:16:50 --> CodeIgniter\Database\Exceptions\DatabaseException: Table 'perpus.buku' doesn't exist
[Method: GET, Route: buku]
in SYSTEMPATH\Database\BaseConnection.php on line 684.
 1 SYSTEMPATH\Database\BaseBuilder.php(1649): CodeIgniter\Database\BaseConnection->query('SELECT `buku`.*, `kategori`.`nama_kategori`, `penulis`.`nama_penulis`, `penerbit`.`nama_penerbit`, `rak`.`nama_rak`, `rak`.`lokasi`
FROM `buku`
LEFT JOIN `kategori` ON `kategori`.`id_kategori` = `buku`.`id_kategori`
LEFT JOIN `penulis` ON `penulis`.`id_penulis` = `buku`.`id_penulis`
LEFT JOIN `penerbit` ON `penerbit`.`id_penerbit` = `buku`.`id_penerbit`
LEFT JOIN `buku_rak` ON `buku_rak`.`id_buku` = `buku`.`id_buku`
LEFT JOIN `rak` ON `rak`.`id_rak` = `buku_rak`.`id_rak`', [], false)
 2 APPPATH\Controllers\buku.php(41): CodeIgniter\Database\BaseBuilder->get()
 3 SYSTEMPATH\CodeIgniter.php(933): App\Controllers\Buku->index()
 4 SYSTEMPATH\CodeIgniter.php(507): CodeIgniter\CodeIgniter->runController(Object(App\Controllers\Buku))
 5 SYSTEMPATH\CodeIgniter.php(354): CodeIgniter\CodeIgniter->handleRequest(null, Object(Config\Cache), false)
 6 SYSTEMPATH\Boot.php(363): CodeIgniter\CodeIgniter->run()
 7 SYSTEMPATH\Boot.php(68): CodeIgniter\Boot::runCodeIgniter(Object(CodeIgniter\CodeIgniter))
 8 FCPATH\index.php(59): CodeIgniter\Boot::bootWeb(Object(Config\Paths))
CRITICAL - 2026-04-17 07:16:50 --> [Caused by] CodeIgniter\Database\Exceptions\DatabaseException: Table 'perpus.buku' doesn't exist
in SYSTEMPATH\Database\MySQLi\Connection.php on line 332.
 1 SYSTEMPATH\Database\BaseConnection.php(729): CodeIgniter\Database\MySQLi\Connection->execute('SELECT `buku`.*, `kategori`.`nama_kategori`, `penulis`.`nama_penulis`, `penerbit`.`nama_penerbit`, `rak`.`nama_rak`, `rak`.`lokasi`
FROM `buku`
LEFT JOIN `kategori` ON `kategori`.`id_kategori` = `buku`.`id_kategori`
LEFT JOIN `penulis` ON `penulis`.`id_penulis` = `buku`.`id_penulis`
LEFT JOIN `penerbit` ON `penerbit`.`id_penerbit` = `buku`.`id_penerbit`
LEFT JOIN `buku_rak` ON `buku_rak`.`id_buku` = `buku`.`id_buku`
LEFT JOIN `rak` ON `rak`.`id_rak` = `buku_rak`.`id_rak`')
 2 SYSTEMPATH\Database\BaseConnection.php(646): CodeIgniter\Database\BaseConnection->simpleQuery('SELECT `buku`.*, `kategori`.`nama_kategori`, `penulis`.`nama_penulis`, `penerbit`.`nama_penerbit`, `rak`.`nama_rak`, `rak`.`lokasi`
FROM `buku`
LEFT JOIN `kategori` ON `kategori`.`id_kategori` = `buku`.`id_kategori`
LEFT JOIN `penulis` ON `penulis`.`id_penulis` = `buku`.`id_penulis`
LEFT JOIN `penerbit` ON `penerbit`.`id_penerbit` = `buku`.`id_penerbit`
LEFT JOIN `buku_rak` ON `buku_rak`.`id_buku` = `buku`.`id_buku`
LEFT JOIN `rak` ON `rak`.`id_rak` = `buku_rak`.`id_rak`')
 3 SYSTEMPATH\Database\BaseBuilder.php(1649): CodeIgniter\Database\BaseConnection->query('SELECT `buku`.*, `kategori`.`nama_kategori`, `penulis`.`nama_penulis`, `penerbit`.`nama_penerbit`, `rak`.`nama_rak`, `rak`.`lokasi`
FROM `buku`
LEFT JOIN `kategori` ON `kategori`.`id_kategori` = `buku`.`id_kategori`
LEFT JOIN `penulis` ON `penulis`.`id_penulis` = `buku`.`id_penulis`
LEFT JOIN `penerbit` ON `penerbit`.`id_penerbit` = `buku`.`id_penerbit`
LEFT JOIN `buku_rak` ON `buku_rak`.`id_buku` = `buku`.`id_buku`
LEFT JOIN `rak` ON `rak`.`id_rak` = `buku_rak`.`id_rak`', [], false)
 4 APPPATH\Controllers\buku.php(41): CodeIgniter\Database\BaseBuilder->get()
 5 SYSTEMPATH\CodeIgniter.php(933): App\Controllers\Buku->index()
 6 SYSTEMPATH\CodeIgniter.php(507): CodeIgniter\CodeIgniter->runController(Object(App\Controllers\Buku))
 7 SYSTEMPATH\CodeIgniter.php(354): CodeIgniter\CodeIgniter->handleRequest(null, Object(Config\Cache), false)
 8 SYSTEMPATH\Boot.php(363): CodeIgniter\CodeIgniter->run()
 9 SYSTEMPATH\Boot.php(68): CodeIgniter\Boot::runCodeIgniter(Object(CodeIgniter\CodeIgniter))
10 FCPATH\index.php(59): CodeIgniter\Boot::bootWeb(Object(Config\Paths))
CRITICAL - 2026-04-17 07:16:50 --> [Caused by] mysqli_sql_exception: Table 'perpus.buku' doesn't exist
in SYSTEMPATH\Database\MySQLi\Connection.php on line 327.
 1 SYSTEMPATH\Database\MySQLi\Connection.php(327): mysqli->query('SELECT `buku`.*, `kategori`.`nama_kategori`, `penulis`.`nama_penulis`, `penerbit`.`nama_penerbit`, `rak`.`nama_rak`, `rak`.`lokasi`
FROM `buku`
LEFT JOIN `kategori` ON `kategori`.`id_kategori` = `buku`.`id_kategori`
LEFT JOIN `penulis` ON `penulis`.`id_penulis` = `buku`.`id_penulis`
LEFT JOIN `penerbit` ON `penerbit`.`id_penerbit` = `buku`.`id_penerbit`
LEFT JOIN `buku_rak` ON `buku_rak`.`id_buku` = `buku`.`id_buku`
LEFT JOIN `rak` ON `rak`.`id_rak` = `buku_rak`.`id_rak`', 0)
 2 SYSTEMPATH\Database\BaseConnection.php(729): CodeIgniter\Database\MySQLi\Connection->execute('SELECT `buku`.*, `kategori`.`nama_kategori`, `penulis`.`nama_penulis`, `penerbit`.`nama_penerbit`, `rak`.`nama_rak`, `rak`.`lokasi`
FROM `buku`
LEFT JOIN `kategori` ON `kategori`.`id_kategori` = `buku`.`id_kategori`
LEFT JOIN `penulis` ON `penulis`.`id_penulis` = `buku`.`id_penulis`
LEFT JOIN `penerbit` ON `penerbit`.`id_penerbit` = `buku`.`id_penerbit`
LEFT JOIN `buku_rak` ON `buku_rak`.`id_buku` = `buku`.`id_buku`
LEFT JOIN `rak` ON `rak`.`id_rak` = `buku_rak`.`id_rak`')
 3 SYSTEMPATH\Database\BaseConnection.php(646): CodeIgniter\Database\BaseConnection->simpleQuery('SELECT `buku`.*, `kategori`.`nama_kategori`, `penulis`.`nama_penulis`, `penerbit`.`nama_penerbit`, `rak`.`nama_rak`, `rak`.`lokasi`
FROM `buku`
LEFT JOIN `kategori` ON `kategori`.`id_kategori` = `buku`.`id_kategori`
LEFT JOIN `penulis` ON `penulis`.`id_penulis` = `buku`.`id_penulis`
LEFT JOIN `penerbit` ON `penerbit`.`id_penerbit` = `buku`.`id_penerbit`
LEFT JOIN `buku_rak` ON `buku_rak`.`id_buku` = `buku`.`id_buku`
LEFT JOIN `rak` ON `rak`.`id_rak` = `buku_rak`.`id_rak`')
 4 SYSTEMPATH\Database\BaseBuilder.php(1649): CodeIgniter\Database\BaseConnection->query('SELECT `buku`.*, `kategori`.`nama_kategori`, `penulis`.`nama_penulis`, `penerbit`.`nama_penerbit`, `rak`.`nama_rak`, `rak`.`lokasi`
FROM `buku`
LEFT JOIN `kategori` ON `kategori`.`id_kategori` = `buku`.`id_kategori`
LEFT JOIN `penulis` ON `penulis`.`id_penulis` = `buku`.`id_penulis`
LEFT JOIN `penerbit` ON `penerbit`.`id_penerbit` = `buku`.`id_penerbit`
LEFT JOIN `buku_rak` ON `buku_rak`.`id_buku` = `buku`.`id_buku`
LEFT JOIN `rak` ON `rak`.`id_rak` = `buku_rak`.`id_rak`', [], false)
 5 APPPATH\Controllers\buku.php(41): CodeIgniter\Database\BaseBuilder->get()
 6 SYSTEMPATH\CodeIgniter.php(933): App\Controllers\Buku->index()
 7 SYSTEMPATH\CodeIgniter.php(507): CodeIgniter\CodeIgniter->runController(Object(App\Controllers\Buku))
 8 SYSTEMPATH\CodeIgniter.php(354): CodeIgniter\CodeIgniter->handleRequest(null, Object(Config\Cache), false)
 9 SYSTEMPATH\Boot.php(363): CodeIgniter\CodeIgniter->run()
10 SYSTEMPATH\Boot.php(68): CodeIgniter\Boot::runCodeIgniter(Object(CodeIgniter\CodeIgniter))
11 FCPATH\index.php(59): CodeIgniter\Boot::bootWeb(Object(Config\Paths))
DEBUG - 2026-04-17 07:20:50 --> Session: Class initialized using 'CodeIgniter\Session\Handlers\FileHandler' driver.
CRITICAL - 2026-04-17 07:21:26 --> CodeIgniter\HTTP\Exceptions\BadRequestException: The URI you submitted has disallowed characters: "buku ✅"
[Method: GET, Route: buku%20%E2%9C%85]
in SYSTEMPATH\Router\Router.php on line 741.
 1 SYSTEMPATH\Router\Router.php(207): CodeIgniter\Router\Router->checkDisallowedChars('buku ✅')
 2 SYSTEMPATH\CodeIgniter.php(832): CodeIgniter\Router\Router->handle('buku ✅')
 3 SYSTEMPATH\CodeIgniter.php(455): CodeIgniter\CodeIgniter->tryToRouteIt(Object(CodeIgniter\Router\RouteCollection))
 4 SYSTEMPATH\CodeIgniter.php(354): CodeIgniter\CodeIgniter->handleRequest(null, Object(Config\Cache), false)
 5 SYSTEMPATH\Boot.php(363): CodeIgniter\CodeIgniter->run()
 6 SYSTEMPATH\Boot.php(68): CodeIgniter\Boot::runCodeIgniter(Object(CodeIgniter\CodeIgniter))
 7 FCPATH\index.php(59): CodeIgniter\Boot::bootWeb(Object(Config\Paths))
ERROR - 2026-04-17 07:21:40 --> mysqli_sql_exception: Table 'perpus.penerbit' doesn't exist in C:\xampp\htdocs\perpus\system\Database\MySQLi\Connection.php:327
Stack trace:
#0 C:\xampp\htdocs\perpus\system\Database\MySQLi\Connection.php(327): mysqli->query('SELECT `buku`.*...', 0)
#1 C:\xampp\htdocs\perpus\system\Database\BaseConnection.php(729): CodeIgniter\Database\MySQLi\Connection->execute('SELECT `buku`.*...')
#2 C:\xampp\htdocs\perpus\system\Database\BaseConnection.php(646): CodeIgniter\Database\BaseConnection->simpleQuery('SELECT `buku`.*...')
#3 C:\xampp\htdocs\perpus\system\Database\BaseBuilder.php(1649): CodeIgniter\Database\BaseConnection->query('SELECT `buku`.*...', Array, false)
#4 C:\xampp\htdocs\perpus\app\Controllers\buku.php(41): CodeIgniter\Database\BaseBuilder->get()
#5 C:\xampp\htdocs\perpus\system\CodeIgniter.php(933): App\Controllers\Buku->index()
#6 C:\xampp\htdocs\perpus\system\CodeIgniter.php(507): CodeIgniter\CodeIgniter->runController(Object(App\Controllers\Buku))
#7 C:\xampp\htdocs\perpus\system\CodeIgniter.php(354): CodeIgniter\CodeIgniter->handleRequest(NULL, Object(Config\Cache), false)
#8 C:\xampp\htdocs\perpus\system\Boot.php(363): CodeIgniter\CodeIgniter->run()
#9 C:\xampp\htdocs\perpus\system\Boot.php(68): CodeIgniter\Boot::runCodeIgniter(Object(CodeIgniter\CodeIgniter))
#10 C:\xampp\htdocs\perpus\public\index.php(59): CodeIgniter\Boot::bootWeb(Object(Config\Paths))
#11 {main}
CRITICAL - 2026-04-17 07:21:40 --> CodeIgniter\Database\Exceptions\DatabaseException: Table 'perpus.penerbit' doesn't exist
[Method: GET, Route: buku]
in SYSTEMPATH\Database\BaseConnection.php on line 684.
 1 SYSTEMPATH\Database\BaseBuilder.php(1649): CodeIgniter\Database\BaseConnection->query('SELECT `buku`.*, `kategori`.`nama_kategori`, `penulis`.`nama_penulis`, `penerbit`.`nama_penerbit`, `rak`.`nama_rak`, `rak`.`lokasi`
FROM `buku`
LEFT JOIN `kategori` ON `kategori`.`id_kategori` = `buku`.`id_kategori`
LEFT JOIN `penulis` ON `penulis`.`id_penulis` = `buku`.`id_penulis`
LEFT JOIN `penerbit` ON `penerbit`.`id_penerbit` = `buku`.`id_penerbit`
LEFT JOIN `buku_rak` ON `buku_rak`.`id_buku` = `buku`.`id_buku`
LEFT JOIN `rak` ON `rak`.`id_rak` = `buku_rak`.`id_rak`', [], false)
 2 APPPATH\Controllers\buku.php(41): CodeIgniter\Database\BaseBuilder->get()
 3 SYSTEMPATH\CodeIgniter.php(933): App\Controllers\Buku->index()
 4 SYSTEMPATH\CodeIgniter.php(507): CodeIgniter\CodeIgniter->runController(Object(App\Controllers\Buku))
 5 SYSTEMPATH\CodeIgniter.php(354): CodeIgniter\CodeIgniter->handleRequest(null, Object(Config\Cache), false)
 6 SYSTEMPATH\Boot.php(363): CodeIgniter\CodeIgniter->run()
 7 SYSTEMPATH\Boot.php(68): CodeIgniter\Boot::runCodeIgniter(Object(CodeIgniter\CodeIgniter))
 8 FCPATH\index.php(59): CodeIgniter\Boot::bootWeb(Object(Config\Paths))
CRITICAL - 2026-04-17 07:21:40 --> [Caused by] CodeIgniter\Database\Exceptions\DatabaseException: Table 'perpus.penerbit' doesn't exist
in SYSTEMPATH\Database\MySQLi\Connection.php on line 332.
 1 SYSTEMPATH\Database\BaseConnection.php(729): CodeIgniter\Database\MySQLi\Connection->execute('SELECT `buku`.*, `kategori`.`nama_kategori`, `penulis`.`nama_penulis`, `penerbit`.`nama_penerbit`, `rak`.`nama_rak`, `rak`.`lokasi`
FROM `buku`
LEFT JOIN `kategori` ON `kategori`.`id_kategori` = `buku`.`id_kategori`
LEFT JOIN `penulis` ON `penulis`.`id_penulis` = `buku`.`id_penulis`
LEFT JOIN `penerbit` ON `penerbit`.`id_penerbit` = `buku`.`id_penerbit`
LEFT JOIN `buku_rak` ON `buku_rak`.`id_buku` = `buku`.`id_buku`
LEFT JOIN `rak` ON `rak`.`id_rak` = `buku_rak`.`id_rak`')
 2 SYSTEMPATH\Database\BaseConnection.php(646): CodeIgniter\Database\BaseConnection->simpleQuery('SELECT `buku`.*, `kategori`.`nama_kategori`, `penulis`.`nama_penulis`, `penerbit`.`nama_penerbit`, `rak`.`nama_rak`, `rak`.`lokasi`
FROM `buku`
LEFT JOIN `kategori` ON `kategori`.`id_kategori` = `buku`.`id_kategori`
LEFT JOIN `penulis` ON `penulis`.`id_penulis` = `buku`.`id_penulis`
LEFT JOIN `penerbit` ON `penerbit`.`id_penerbit` = `buku`.`id_penerbit`
LEFT JOIN `buku_rak` ON `buku_rak`.`id_buku` = `buku`.`id_buku`
LEFT JOIN `rak` ON `rak`.`id_rak` = `buku_rak`.`id_rak`')
 3 SYSTEMPATH\Database\BaseBuilder.php(1649): CodeIgniter\Database\BaseConnection->query('SELECT `buku`.*, `kategori`.`nama_kategori`, `penulis`.`nama_penulis`, `penerbit`.`nama_penerbit`, `rak`.`nama_rak`, `rak`.`lokasi`
FROM `buku`
LEFT JOIN `kategori` ON `kategori`.`id_kategori` = `buku`.`id_kategori`
LEFT JOIN `penulis` ON `penulis`.`id_penulis` = `buku`.`id_penulis`
LEFT JOIN `penerbit` ON `penerbit`.`id_penerbit` = `buku`.`id_penerbit`
LEFT JOIN `buku_rak` ON `buku_rak`.`id_buku` = `buku`.`id_buku`
LEFT JOIN `rak` ON `rak`.`id_rak` = `buku_rak`.`id_rak`', [], false)
 4 APPPATH\Controllers\buku.php(41): CodeIgniter\Database\BaseBuilder->get()
 5 SYSTEMPATH\CodeIgniter.php(933): App\Controllers\Buku->index()
 6 SYSTEMPATH\CodeIgniter.php(507): CodeIgniter\CodeIgniter->runController(Object(App\Controllers\Buku))
 7 SYSTEMPATH\CodeIgniter.php(354): CodeIgniter\CodeIgniter->handleRequest(null, Object(Config\Cache), false)
 8 SYSTEMPATH\Boot.php(363): CodeIgniter\CodeIgniter->run()
 9 SYSTEMPATH\Boot.php(68): CodeIgniter\Boot::runCodeIgniter(Object(CodeIgniter\CodeIgniter))
10 FCPATH\index.php(59): CodeIgniter\Boot::bootWeb(Object(Config\Paths))
CRITICAL - 2026-04-17 07:21:40 --> [Caused by] mysqli_sql_exception: Table 'perpus.penerbit' doesn't exist
in SYSTEMPATH\Database\MySQLi\Connection.php on line 327.
 1 SYSTEMPATH\Database\MySQLi\Connection.php(327): mysqli->query('SELECT `buku`.*, `kategori`.`nama_kategori`, `penulis`.`nama_penulis`, `penerbit`.`nama_penerbit`, `rak`.`nama_rak`, `rak`.`lokasi`
FROM `buku`
LEFT JOIN `kategori` ON `kategori`.`id_kategori` = `buku`.`id_kategori`
LEFT JOIN `penulis` ON `penulis`.`id_penulis` = `buku`.`id_penulis`
LEFT JOIN `penerbit` ON `penerbit`.`id_penerbit` = `buku`.`id_penerbit`
LEFT JOIN `buku_rak` ON `buku_rak`.`id_buku` = `buku`.`id_buku`
LEFT JOIN `rak` ON `rak`.`id_rak` = `buku_rak`.`id_rak`', 0)
 2 SYSTEMPATH\Database\BaseConnection.php(729): CodeIgniter\Database\MySQLi\Connection->execute('SELECT `buku`.*, `kategori`.`nama_kategori`, `penulis`.`nama_penulis`, `penerbit`.`nama_penerbit`, `rak`.`nama_rak`, `rak`.`lokasi`
FROM `buku`
LEFT JOIN `kategori` ON `kategori`.`id_kategori` = `buku`.`id_kategori`
LEFT JOIN `penulis` ON `penulis`.`id_penulis` = `buku`.`id_penulis`
LEFT JOIN `penerbit` ON `penerbit`.`id_penerbit` = `buku`.`id_penerbit`
LEFT JOIN `buku_rak` ON `buku_rak`.`id_buku` = `buku`.`id_buku`
LEFT JOIN `rak` ON `rak`.`id_rak` = `buku_rak`.`id_rak`')
 3 SYSTEMPATH\Database\BaseConnection.php(646): CodeIgniter\Database\BaseConnection->simpleQuery('SELECT `buku`.*, `kategori`.`nama_kategori`, `penulis`.`nama_penulis`, `penerbit`.`nama_penerbit`, `rak`.`nama_rak`, `rak`.`lokasi`
FROM `buku`
LEFT JOIN `kategori` ON `kategori`.`id_kategori` = `buku`.`id_kategori`
LEFT JOIN `penulis` ON `penulis`.`id_penulis` = `buku`.`id_penulis`
LEFT JOIN `penerbit` ON `penerbit`.`id_penerbit` = `buku`.`id_penerbit`
LEFT JOIN `buku_rak` ON `buku_rak`.`id_buku` = `buku`.`id_buku`
LEFT JOIN `rak` ON `rak`.`id_rak` = `buku_rak`.`id_rak`')
 4 SYSTEMPATH\Database\BaseBuilder.php(1649): CodeIgniter\Database\BaseConnection->query('SELECT `buku`.*, `kategori`.`nama_kategori`, `penulis`.`nama_penulis`, `penerbit`.`nama_penerbit`, `rak`.`nama_rak`, `rak`.`lokasi`
FROM `buku`
LEFT JOIN `kategori` ON `kategori`.`id_kategori` = `buku`.`id_kategori`
LEFT JOIN `penulis` ON `penulis`.`id_penulis` = `buku`.`id_penulis`
LEFT JOIN `penerbit` ON `penerbit`.`id_penerbit` = `buku`.`id_penerbit`
LEFT JOIN `buku_rak` ON `buku_rak`.`id_buku` = `buku`.`id_buku`
LEFT JOIN `rak` ON `rak`.`id_rak` = `buku_rak`.`id_rak`', [], false)
 5 APPPATH\Controllers\buku.php(41): CodeIgniter\Database\BaseBuilder->get()
 6 SYSTEMPATH\CodeIgniter.php(933): App\Controllers\Buku->index()
 7 SYSTEMPATH\CodeIgniter.php(507): CodeIgniter\CodeIgniter->runController(Object(App\Controllers\Buku))
 8 SYSTEMPATH\CodeIgniter.php(354): CodeIgniter\CodeIgniter->handleRequest(null, Object(Config\Cache), false)
 9 SYSTEMPATH\Boot.php(363): CodeIgniter\CodeIgniter->run()
10 SYSTEMPATH\Boot.php(68): CodeIgniter\Boot::runCodeIgniter(Object(CodeIgniter\CodeIgniter))
11 FCPATH\index.php(59): CodeIgniter\Boot::bootWeb(Object(Config\Paths))
ERROR - 2026-04-17 07:30:50 --> mysqli_sql_exception: Table 'perpus.rak' doesn't exist in C:\xampp\htdocs\perpus\system\Database\MySQLi\Connection.php:327
Stack trace:
#0 C:\xampp\htdocs\perpus\system\Database\MySQLi\Connection.php(327): mysqli->query('SELECT `buku`.*...', 0)
#1 C:\xampp\htdocs\perpus\system\Database\BaseConnection.php(729): CodeIgniter\Database\MySQLi\Connection->execute('SELECT `buku`.*...')
#2 C:\xampp\htdocs\perpus\system\Database\BaseConnection.php(646): CodeIgniter\Database\BaseConnection->simpleQuery('SELECT `buku`.*...')
#3 C:\xampp\htdocs\perpus\system\Database\BaseBuilder.php(1649): CodeIgniter\Database\BaseConnection->query('SELECT `buku`.*...', Array, false)
#4 C:\xampp\htdocs\perpus\app\Controllers\buku.php(41): CodeIgniter\Database\BaseBuilder->get()
#5 C:\xampp\htdocs\perpus\system\CodeIgniter.php(933): App\Controllers\Buku->index()
#6 C:\xampp\htdocs\perpus\system\CodeIgniter.php(507): CodeIgniter\CodeIgniter->runController(Object(App\Controllers\Buku))
#7 C:\xampp\htdocs\perpus\system\CodeIgniter.php(354): CodeIgniter\CodeIgniter->handleRequest(NULL, Object(Config\Cache), false)
#8 C:\xampp\htdocs\perpus\system\Boot.php(363): CodeIgniter\CodeIgniter->run()
#9 C:\xampp\htdocs\perpus\system\Boot.php(68): CodeIgniter\Boot::runCodeIgniter(Object(CodeIgniter\CodeIgniter))
#10 C:\xampp\htdocs\perpus\public\index.php(59): CodeIgniter\Boot::bootWeb(Object(Config\Paths))
#11 {main}
CRITICAL - 2026-04-17 07:30:50 --> CodeIgniter\Database\Exceptions\DatabaseException: Table 'perpus.rak' doesn't exist
[Method: GET, Route: buku]
in SYSTEMPATH\Database\BaseConnection.php on line 684.
 1 SYSTEMPATH\Database\BaseBuilder.php(1649): CodeIgniter\Database\BaseConnection->query('SELECT `buku`.*, `kategori`.`nama_kategori`, `penulis`.`nama_penulis`, `penerbit`.`nama_penerbit`, `rak`.`nama_rak`, `rak`.`lokasi`
FROM `buku`
LEFT JOIN `kategori` ON `kategori`.`id_kategori` = `buku`.`id_kategori`
LEFT JOIN `penulis` ON `penulis`.`id_penulis` = `buku`.`id_penulis`
LEFT JOIN `penerbit` ON `penerbit`.`id_penerbit` = `buku`.`id_penerbit`
LEFT JOIN `buku_rak` ON `buku_rak`.`id_buku` = `buku`.`id_buku`
LEFT JOIN `rak` ON `rak`.`id_rak` = `buku_rak`.`id_rak`', [], false)
 2 APPPATH\Controllers\buku.php(41): CodeIgniter\Database\BaseBuilder->get()
 3 SYSTEMPATH\CodeIgniter.php(933): App\Controllers\Buku->index()
 4 SYSTEMPATH\CodeIgniter.php(507): CodeIgniter\CodeIgniter->runController(Object(App\Controllers\Buku))
 5 SYSTEMPATH\CodeIgniter.php(354): CodeIgniter\CodeIgniter->handleRequest(null, Object(Config\Cache), false)
 6 SYSTEMPATH\Boot.php(363): CodeIgniter\CodeIgniter->run()
 7 SYSTEMPATH\Boot.php(68): CodeIgniter\Boot::runCodeIgniter(Object(CodeIgniter\CodeIgniter))
 8 FCPATH\index.php(59): CodeIgniter\Boot::bootWeb(Object(Config\Paths))
CRITICAL - 2026-04-17 07:30:50 --> [Caused by] CodeIgniter\Database\Exceptions\DatabaseException: Table 'perpus.rak' doesn't exist
in SYSTEMPATH\Database\MySQLi\Connection.php on line 332.
 1 SYSTEMPATH\Database\BaseConnection.php(729): CodeIgniter\Database\MySQLi\Connection->execute('SELECT `buku`.*, `kategori`.`nama_kategori`, `penulis`.`nama_penulis`, `penerbit`.`nama_penerbit`, `rak`.`nama_rak`, `rak`.`lokasi`
FROM `buku`
LEFT JOIN `kategori` ON `kategori`.`id_kategori` = `buku`.`id_kategori`
LEFT JOIN `penulis` ON `penulis`.`id_penulis` = `buku`.`id_penulis`
LEFT JOIN `penerbit` ON `penerbit`.`id_penerbit` = `buku`.`id_penerbit`
LEFT JOIN `buku_rak` ON `buku_rak`.`id_buku` = `buku`.`id_buku`
LEFT JOIN `rak` ON `rak`.`id_rak` = `buku_rak`.`id_rak`')
 2 SYSTEMPATH\Database\BaseConnection.php(646): CodeIgniter\Database\BaseConnection->simpleQuery('SELECT `buku`.*, `kategori`.`nama_kategori`, `penulis`.`nama_penulis`, `penerbit`.`nama_penerbit`, `rak`.`nama_rak`, `rak`.`lokasi`
FROM `buku`
LEFT JOIN `kategori` ON `kategori`.`id_kategori` = `buku`.`id_kategori`
LEFT JOIN `penulis` ON `penulis`.`id_penulis` = `buku`.`id_penulis`
LEFT JOIN `penerbit` ON `penerbit`.`id_penerbit` = `buku`.`id_penerbit`
LEFT JOIN `buku_rak` ON `buku_rak`.`id_buku` = `buku`.`id_buku`
LEFT JOIN `rak` ON `rak`.`id_rak` = `buku_rak`.`id_rak`')
 3 SYSTEMPATH\Database\BaseBuilder.php(1649): CodeIgniter\Database\BaseConnection->query('SELECT `buku`.*, `kategori`.`nama_kategori`, `penulis`.`nama_penulis`, `penerbit`.`nama_penerbit`, `rak`.`nama_rak`, `rak`.`lokasi`
FROM `buku`
LEFT JOIN `kategori` ON `kategori`.`id_kategori` = `buku`.`id_kategori`
LEFT JOIN `penulis` ON `penulis`.`id_penulis` = `buku`.`id_penulis`
LEFT JOIN `penerbit` ON `penerbit`.`id_penerbit` = `buku`.`id_penerbit`
LEFT JOIN `buku_rak` ON `buku_rak`.`id_buku` = `buku`.`id_buku`
LEFT JOIN `rak` ON `rak`.`id_rak` = `buku_rak`.`id_rak`', [], false)
 4 APPPATH\Controllers\buku.php(41): CodeIgniter\Database\BaseBuilder->get()
 5 SYSTEMPATH\CodeIgniter.php(933): App\Controllers\Buku->index()
 6 SYSTEMPATH\CodeIgniter.php(507): CodeIgniter\CodeIgniter->runController(Object(App\Controllers\Buku))
 7 SYSTEMPATH\CodeIgniter.php(354): CodeIgniter\CodeIgniter->handleRequest(null, Object(Config\Cache), false)
 8 SYSTEMPATH\Boot.php(363): CodeIgniter\CodeIgniter->run()
 9 SYSTEMPATH\Boot.php(68): CodeIgniter\Boot::runCodeIgniter(Object(CodeIgniter\CodeIgniter))
10 FCPATH\index.php(59): CodeIgniter\Boot::bootWeb(Object(Config\Paths))
CRITICAL - 2026-04-17 07:30:50 --> [Caused by] mysqli_sql_exception: Table 'perpus.rak' doesn't exist
in SYSTEMPATH\Database\MySQLi\Connection.php on line 327.
 1 SYSTEMPATH\Database\MySQLi\Connection.php(327): mysqli->query('SELECT `buku`.*, `kategori`.`nama_kategori`, `penulis`.`nama_penulis`, `penerbit`.`nama_penerbit`, `rak`.`nama_rak`, `rak`.`lokasi`
FROM `buku`
LEFT JOIN `kategori` ON `kategori`.`id_kategori` = `buku`.`id_kategori`
LEFT JOIN `penulis` ON `penulis`.`id_penulis` = `buku`.`id_penulis`
LEFT JOIN `penerbit` ON `penerbit`.`id_penerbit` = `buku`.`id_penerbit`
LEFT JOIN `buku_rak` ON `buku_rak`.`id_buku` = `buku`.`id_buku`
LEFT JOIN `rak` ON `rak`.`id_rak` = `buku_rak`.`id_rak`', 0)
 2 SYSTEMPATH\Database\BaseConnection.php(729): CodeIgniter\Database\MySQLi\Connection->execute('SELECT `buku`.*, `kategori`.`nama_kategori`, `penulis`.`nama_penulis`, `penerbit`.`nama_penerbit`, `rak`.`nama_rak`, `rak`.`lokasi`
FROM `buku`
LEFT JOIN `kategori` ON `kategori`.`id_kategori` = `buku`.`id_kategori`
LEFT JOIN `penulis` ON `penulis`.`id_penulis` = `buku`.`id_penulis`
LEFT JOIN `penerbit` ON `penerbit`.`id_penerbit` = `buku`.`id_penerbit`
LEFT JOIN `buku_rak` ON `buku_rak`.`id_buku` = `buku`.`id_buku`
LEFT JOIN `rak` ON `rak`.`id_rak` = `buku_rak`.`id_rak`')
 3 SYSTEMPATH\Database\BaseConnection.php(646): CodeIgniter\Database\BaseConnection->simpleQuery('SELECT `buku`.*, `kategori`.`nama_kategori`, `penulis`.`nama_penulis`, `penerbit`.`nama_penerbit`, `rak`.`nama_rak`, `rak`.`lokasi`
FROM `buku`
LEFT JOIN `kategori` ON `kategori`.`id_kategori` = `buku`.`id_kategori`
LEFT JOIN `penulis` ON `penulis`.`id_penulis` = `buku`.`id_penulis`
LEFT JOIN `penerbit` ON `penerbit`.`id_penerbit` = `buku`.`id_penerbit`
LEFT JOIN `buku_rak` ON `buku_rak`.`id_buku` = `buku`.`id_buku`
LEFT JOIN `rak` ON `rak`.`id_rak` = `buku_rak`.`id_rak`')
 4 SYSTEMPATH\Database\BaseBuilder.php(1649): CodeIgniter\Database\BaseConnection->query('SELECT `buku`.*, `kategori`.`nama_kategori`, `penulis`.`nama_penulis`, `penerbit`.`nama_penerbit`, `rak`.`nama_rak`, `rak`.`lokasi`
FROM `buku`
LEFT JOIN `kategori` ON `kategori`.`id_kategori` = `buku`.`id_kategori`
LEFT JOIN `penulis` ON `penulis`.`id_penulis` = `buku`.`id_penulis`
LEFT JOIN `penerbit` ON `penerbit`.`id_penerbit` = `buku`.`id_penerbit`
LEFT JOIN `buku_rak` ON `buku_rak`.`id_buku` = `buku`.`id_buku`
LEFT JOIN `rak` ON `rak`.`id_rak` = `buku_rak`.`id_rak`', [], false)
 5 APPPATH\Controllers\buku.php(41): CodeIgniter\Database\BaseBuilder->get()
 6 SYSTEMPATH\CodeIgniter.php(933): App\Controllers\Buku->index()
 7 SYSTEMPATH\CodeIgniter.php(507): CodeIgniter\CodeIgniter->runController(Object(App\Controllers\Buku))
 8 SYSTEMPATH\CodeIgniter.php(354): CodeIgniter\CodeIgniter->handleRequest(null, Object(Config\Cache), false)
 9 SYSTEMPATH\Boot.php(363): CodeIgniter\CodeIgniter->run()
10 SYSTEMPATH\Boot.php(68): CodeIgniter\Boot::runCodeIgniter(Object(CodeIgniter\CodeIgniter))
11 FCPATH\index.php(59): CodeIgniter\Boot::bootWeb(Object(Config\Paths))
ERROR - 2026-04-17 07:30:51 --> mysqli_sql_exception: Table 'perpus.rak' doesn't exist in C:\xampp\htdocs\perpus\system\Database\MySQLi\Connection.php:327
Stack trace:
#0 C:\xampp\htdocs\perpus\system\Database\MySQLi\Connection.php(327): mysqli->query('SELECT `buku`.*...', 0)
#1 C:\xampp\htdocs\perpus\system\Database\BaseConnection.php(729): CodeIgniter\Database\MySQLi\Connection->execute('SELECT `buku`.*...')
#2 C:\xampp\htdocs\perpus\system\Database\BaseConnection.php(646): CodeIgniter\Database\BaseConnection->simpleQuery('SELECT `buku`.*...')
#3 C:\xampp\htdocs\perpus\system\Database\BaseBuilder.php(1649): CodeIgniter\Database\BaseConnection->query('SELECT `buku`.*...', Array, false)
#4 C:\xampp\htdocs\perpus\app\Controllers\buku.php(41): CodeIgniter\Database\BaseBuilder->get()
#5 C:\xampp\htdocs\perpus\system\CodeIgniter.php(933): App\Controllers\Buku->index()
#6 C:\xampp\htdocs\perpus\system\CodeIgniter.php(507): CodeIgniter\CodeIgniter->runController(Object(App\Controllers\Buku))
#7 C:\xampp\htdocs\perpus\system\CodeIgniter.php(354): CodeIgniter\CodeIgniter->handleRequest(NULL, Object(Config\Cache), false)
#8 C:\xampp\htdocs\perpus\system\Boot.php(363): CodeIgniter\CodeIgniter->run()
#9 C:\xampp\htdocs\perpus\system\Boot.php(68): CodeIgniter\Boot::runCodeIgniter(Object(CodeIgniter\CodeIgniter))
#10 C:\xampp\htdocs\perpus\public\index.php(59): CodeIgniter\Boot::bootWeb(Object(Config\Paths))
#11 {main}
CRITICAL - 2026-04-17 07:30:51 --> CodeIgniter\Database\Exceptions\DatabaseException: Table 'perpus.rak' doesn't exist
[Method: GET, Route: buku]
in SYSTEMPATH\Database\BaseConnection.php on line 684.
 1 SYSTEMPATH\Database\BaseBuilder.php(1649): CodeIgniter\Database\BaseConnection->query('SELECT `buku`.*, `kategori`.`nama_kategori`, `penulis`.`nama_penulis`, `penerbit`.`nama_penerbit`, `rak`.`nama_rak`, `rak`.`lokasi`
FROM `buku`
LEFT JOIN `kategori` ON `kategori`.`id_kategori` = `buku`.`id_kategori`
LEFT JOIN `penulis` ON `penulis`.`id_penulis` = `buku`.`id_penulis`
LEFT JOIN `penerbit` ON `penerbit`.`id_penerbit` = `buku`.`id_penerbit`
LEFT JOIN `buku_rak` ON `buku_rak`.`id_buku` = `buku`.`id_buku`
LEFT JOIN `rak` ON `rak`.`id_rak` = `buku_rak`.`id_rak`', [], false)
 2 APPPATH\Controllers\buku.php(41): CodeIgniter\Database\BaseBuilder->get()
 3 SYSTEMPATH\CodeIgniter.php(933): App\Controllers\Buku->index()
 4 SYSTEMPATH\CodeIgniter.php(507): CodeIgniter\CodeIgniter->runController(Object(App\Controllers\Buku))
 5 SYSTEMPATH\CodeIgniter.php(354): CodeIgniter\CodeIgniter->handleRequest(null, Object(Config\Cache), false)
 6 SYSTEMPATH\Boot.php(363): CodeIgniter\CodeIgniter->run()
 7 SYSTEMPATH\Boot.php(68): CodeIgniter\Boot::runCodeIgniter(Object(CodeIgniter\CodeIgniter))
 8 FCPATH\index.php(59): CodeIgniter\Boot::bootWeb(Object(Config\Paths))
CRITICAL - 2026-04-17 07:30:51 --> [Caused by] CodeIgniter\Database\Exceptions\DatabaseException: Table 'perpus.rak' doesn't exist
in SYSTEMPATH\Database\MySQLi\Connection.php on line 332.
 1 SYSTEMPATH\Database\BaseConnection.php(729): CodeIgniter\Database\MySQLi\Connection->execute('SELECT `buku`.*, `kategori`.`nama_kategori`, `penulis`.`nama_penulis`, `penerbit`.`nama_penerbit`, `rak`.`nama_rak`, `rak`.`lokasi`
FROM `buku`
LEFT JOIN `kategori` ON `kategori`.`id_kategori` = `buku`.`id_kategori`
LEFT JOIN `penulis` ON `penulis`.`id_penulis` = `buku`.`id_penulis`
LEFT JOIN `penerbit` ON `penerbit`.`id_penerbit` = `buku`.`id_penerbit`
LEFT JOIN `buku_rak` ON `buku_rak`.`id_buku` = `buku`.`id_buku`
LEFT JOIN `rak` ON `rak`.`id_rak` = `buku_rak`.`id_rak`')
 2 SYSTEMPATH\Database\BaseConnection.php(646): CodeIgniter\Database\BaseConnection->simpleQuery('SELECT `buku`.*, `kategori`.`nama_kategori`, `penulis`.`nama_penulis`, `penerbit`.`nama_penerbit`, `rak`.`nama_rak`, `rak`.`lokasi`
FROM `buku`
LEFT JOIN `kategori` ON `kategori`.`id_kategori` = `buku`.`id_kategori`
LEFT JOIN `penulis` ON `penulis`.`id_penulis` = `buku`.`id_penulis`
LEFT JOIN `penerbit` ON `penerbit`.`id_penerbit` = `buku`.`id_penerbit`
LEFT JOIN `buku_rak` ON `buku_rak`.`id_buku` = `buku`.`id_buku`
LEFT JOIN `rak` ON `rak`.`id_rak` = `buku_rak`.`id_rak`')
 3 SYSTEMPATH\Database\BaseBuilder.php(1649): CodeIgniter\Database\BaseConnection->query('SELECT `buku`.*, `kategori`.`nama_kategori`, `penulis`.`nama_penulis`, `penerbit`.`nama_penerbit`, `rak`.`nama_rak`, `rak`.`lokasi`
FROM `buku`
LEFT JOIN `kategori` ON `kategori`.`id_kategori` = `buku`.`id_kategori`
LEFT JOIN `penulis` ON `penulis`.`id_penulis` = `buku`.`id_penulis`
LEFT JOIN `penerbit` ON `penerbit`.`id_penerbit` = `buku`.`id_penerbit`
LEFT JOIN `buku_rak` ON `buku_rak`.`id_buku` = `buku`.`id_buku`
LEFT JOIN `rak` ON `rak`.`id_rak` = `buku_rak`.`id_rak`', [], false)
 4 APPPATH\Controllers\buku.php(41): CodeIgniter\Database\BaseBuilder->get()
 5 SYSTEMPATH\CodeIgniter.php(933): App\Controllers\Buku->index()
 6 SYSTEMPATH\CodeIgniter.php(507): CodeIgniter\CodeIgniter->runController(Object(App\Controllers\Buku))
 7 SYSTEMPATH\CodeIgniter.php(354): CodeIgniter\CodeIgniter->handleRequest(null, Object(Config\Cache), false)
 8 SYSTEMPATH\Boot.php(363): CodeIgniter\CodeIgniter->run()
 9 SYSTEMPATH\Boot.php(68): CodeIgniter\Boot::runCodeIgniter(Object(CodeIgniter\CodeIgniter))
10 FCPATH\index.php(59): CodeIgniter\Boot::bootWeb(Object(Config\Paths))
CRITICAL - 2026-04-17 07:30:51 --> [Caused by] mysqli_sql_exception: Table 'perpus.rak' doesn't exist
in SYSTEMPATH\Database\MySQLi\Connection.php on line 327.
 1 SYSTEMPATH\Database\MySQLi\Connection.php(327): mysqli->query('SELECT `buku`.*, `kategori`.`nama_kategori`, `penulis`.`nama_penulis`, `penerbit`.`nama_penerbit`, `rak`.`nama_rak`, `rak`.`lokasi`
FROM `buku`
LEFT JOIN `kategori` ON `kategori`.`id_kategori` = `buku`.`id_kategori`
LEFT JOIN `penulis` ON `penulis`.`id_penulis` = `buku`.`id_penulis`
LEFT JOIN `penerbit` ON `penerbit`.`id_penerbit` = `buku`.`id_penerbit`
LEFT JOIN `buku_rak` ON `buku_rak`.`id_buku` = `buku`.`id_buku`
LEFT JOIN `rak` ON `rak`.`id_rak` = `buku_rak`.`id_rak`', 0)
 2 SYSTEMPATH\Database\BaseConnection.php(729): CodeIgniter\Database\MySQLi\Connection->execute('SELECT `buku`.*, `kategori`.`nama_kategori`, `penulis`.`nama_penulis`, `penerbit`.`nama_penerbit`, `rak`.`nama_rak`, `rak`.`lokasi`
FROM `buku`
LEFT JOIN `kategori` ON `kategori`.`id_kategori` = `buku`.`id_kategori`
LEFT JOIN `penulis` ON `penulis`.`id_penulis` = `buku`.`id_penulis`
LEFT JOIN `penerbit` ON `penerbit`.`id_penerbit` = `buku`.`id_penerbit`
LEFT JOIN `buku_rak` ON `buku_rak`.`id_buku` = `buku`.`id_buku`
LEFT JOIN `rak` ON `rak`.`id_rak` = `buku_rak`.`id_rak`')
 3 SYSTEMPATH\Database\BaseConnection.php(646): CodeIgniter\Database\BaseConnection->simpleQuery('SELECT `buku`.*, `kategori`.`nama_kategori`, `penulis`.`nama_penulis`, `penerbit`.`nama_penerbit`, `rak`.`nama_rak`, `rak`.`lokasi`
FROM `buku`
LEFT JOIN `kategori` ON `kategori`.`id_kategori` = `buku`.`id_kategori`
LEFT JOIN `penulis` ON `penulis`.`id_penulis` = `buku`.`id_penulis`
LEFT JOIN `penerbit` ON `penerbit`.`id_penerbit` = `buku`.`id_penerbit`
LEFT JOIN `buku_rak` ON `buku_rak`.`id_buku` = `buku`.`id_buku`
LEFT JOIN `rak` ON `rak`.`id_rak` = `buku_rak`.`id_rak`')
 4 SYSTEMPATH\Database\BaseBuilder.php(1649): CodeIgniter\Database\BaseConnection->query('SELECT `buku`.*, `kategori`.`nama_kategori`, `penulis`.`nama_penulis`, `penerbit`.`nama_penerbit`, `rak`.`nama_rak`, `rak`.`lokasi`
FROM `buku`
LEFT JOIN `kategori` ON `kategori`.`id_kategori` = `buku`.`id_kategori`
LEFT JOIN `penulis` ON `penulis`.`id_penulis` = `buku`.`id_penulis`
LEFT JOIN `penerbit` ON `penerbit`.`id_penerbit` = `buku`.`id_penerbit`
LEFT JOIN `buku_rak` ON `buku_rak`.`id_buku` = `buku`.`id_buku`
LEFT JOIN `rak` ON `rak`.`id_rak` = `buku_rak`.`id_rak`', [], false)
 5 APPPATH\Controllers\buku.php(41): CodeIgniter\Database\BaseBuilder->get()
 6 SYSTEMPATH\CodeIgniter.php(933): App\Controllers\Buku->index()
 7 SYSTEMPATH\CodeIgniter.php(507): CodeIgniter\CodeIgniter->runController(Object(App\Controllers\Buku))
 8 SYSTEMPATH\CodeIgniter.php(354): CodeIgniter\CodeIgniter->handleRequest(null, Object(Config\Cache), false)
 9 SYSTEMPATH\Boot.php(363): CodeIgniter\CodeIgniter->run()
10 SYSTEMPATH\Boot.php(68): CodeIgniter\Boot::runCodeIgniter(Object(CodeIgniter\CodeIgniter))
11 FCPATH\index.php(59): CodeIgniter\Boot::bootWeb(Object(Config\Paths))
ERROR - 2026-04-17 07:33:38 --> mysqli_sql_exception: Table 'perpus.rak' doesn't exist in C:\xampp\htdocs\perpus\system\Database\MySQLi\Connection.php:327
Stack trace:
#0 C:\xampp\htdocs\perpus\system\Database\MySQLi\Connection.php(327): mysqli->query('SELECT `buku`.*...', 0)
#1 C:\xampp\htdocs\perpus\system\Database\BaseConnection.php(729): CodeIgniter\Database\MySQLi\Connection->execute('SELECT `buku`.*...')
#2 C:\xampp\htdocs\perpus\system\Database\BaseConnection.php(646): CodeIgniter\Database\BaseConnection->simpleQuery('SELECT `buku`.*...')
#3 C:\xampp\htdocs\perpus\system\Database\BaseBuilder.php(1649): CodeIgniter\Database\BaseConnection->query('SELECT `buku`.*...', Array, false)
#4 C:\xampp\htdocs\perpus\app\Controllers\buku.php(41): CodeIgniter\Database\BaseBuilder->get()
#5 C:\xampp\htdocs\perpus\system\CodeIgniter.php(933): App\Controllers\Buku->index()
#6 C:\xampp\htdocs\perpus\system\CodeIgniter.php(507): CodeIgniter\CodeIgniter->runController(Object(App\Controllers\Buku))
#7 C:\xampp\htdocs\perpus\system\CodeIgniter.php(354): CodeIgniter\CodeIgniter->handleRequest(NULL, Object(Config\Cache), false)
#8 C:\xampp\htdocs\perpus\system\Boot.php(363): CodeIgniter\CodeIgniter->run()
#9 C:\xampp\htdocs\perpus\system\Boot.php(68): CodeIgniter\Boot::runCodeIgniter(Object(CodeIgniter\CodeIgniter))
#10 C:\xampp\htdocs\perpus\public\index.php(59): CodeIgniter\Boot::bootWeb(Object(Config\Paths))
#11 {main}
CRITICAL - 2026-04-17 07:33:38 --> CodeIgniter\Database\Exceptions\DatabaseException: Table 'perpus.rak' doesn't exist
[Method: GET, Route: buku]
in SYSTEMPATH\Database\BaseConnection.php on line 684.
 1 SYSTEMPATH\Database\BaseBuilder.php(1649): CodeIgniter\Database\BaseConnection->query('SELECT `buku`.*, `kategori`.`nama_kategori`, `penulis`.`nama_penulis`, `penerbit`.`nama_penerbit`, `rak`.`nama_rak`, `rak`.`lokasi`
FROM `buku`
LEFT JOIN `kategori` ON `kategori`.`id_kategori` = `buku`.`id_kategori`
LEFT JOIN `penulis` ON `penulis`.`id_penulis` = `buku`.`id_penulis`
LEFT JOIN `penerbit` ON `penerbit`.`id_penerbit` = `buku`.`id_penerbit`
LEFT JOIN `buku_rak` ON `buku_rak`.`id_buku` = `buku`.`id_buku`
LEFT JOIN `rak` ON `rak`.`id_rak` = `buku_rak`.`id_rak`', [], false)
 2 APPPATH\Controllers\buku.php(41): CodeIgniter\Database\BaseBuilder->get()
 3 SYSTEMPATH\CodeIgniter.php(933): App\Controllers\Buku->index()
 4 SYSTEMPATH\CodeIgniter.php(507): CodeIgniter\CodeIgniter->runController(Object(App\Controllers\Buku))
 5 SYSTEMPATH\CodeIgniter.php(354): CodeIgniter\CodeIgniter->handleRequest(null, Object(Config\Cache), false)
 6 SYSTEMPATH\Boot.php(363): CodeIgniter\CodeIgniter->run()
 7 SYSTEMPATH\Boot.php(68): CodeIgniter\Boot::runCodeIgniter(Object(CodeIgniter\CodeIgniter))
 8 FCPATH\index.php(59): CodeIgniter\Boot::bootWeb(Object(Config\Paths))
CRITICAL - 2026-04-17 07:33:38 --> [Caused by] CodeIgniter\Database\Exceptions\DatabaseException: Table 'perpus.rak' doesn't exist
in SYSTEMPATH\Database\MySQLi\Connection.php on line 332.
 1 SYSTEMPATH\Database\BaseConnection.php(729): CodeIgniter\Database\MySQLi\Connection->execute('SELECT `buku`.*, `kategori`.`nama_kategori`, `penulis`.`nama_penulis`, `penerbit`.`nama_penerbit`, `rak`.`nama_rak`, `rak`.`lokasi`
FROM `buku`
LEFT JOIN `kategori` ON `kategori`.`id_kategori` = `buku`.`id_kategori`
LEFT JOIN `penulis` ON `penulis`.`id_penulis` = `buku`.`id_penulis`
LEFT JOIN `penerbit` ON `penerbit`.`id_penerbit` = `buku`.`id_penerbit`
LEFT JOIN `buku_rak` ON `buku_rak`.`id_buku` = `buku`.`id_buku`
LEFT JOIN `rak` ON `rak`.`id_rak` = `buku_rak`.`id_rak`')
 2 SYSTEMPATH\Database\BaseConnection.php(646): CodeIgniter\Database\BaseConnection->simpleQuery('SELECT `buku`.*, `kategori`.`nama_kategori`, `penulis`.`nama_penulis`, `penerbit`.`nama_penerbit`, `rak`.`nama_rak`, `rak`.`lokasi`
FROM `buku`
LEFT JOIN `kategori` ON `kategori`.`id_kategori` = `buku`.`id_kategori`
LEFT JOIN `penulis` ON `penulis`.`id_penulis` = `buku`.`id_penulis`
LEFT JOIN `penerbit` ON `penerbit`.`id_penerbit` = `buku`.`id_penerbit`
LEFT JOIN `buku_rak` ON `buku_rak`.`id_buku` = `buku`.`id_buku`
LEFT JOIN `rak` ON `rak`.`id_rak` = `buku_rak`.`id_rak`')
 3 SYSTEMPATH\Database\BaseBuilder.php(1649): CodeIgniter\Database\BaseConnection->query('SELECT `buku`.*, `kategori`.`nama_kategori`, `penulis`.`nama_penulis`, `penerbit`.`nama_penerbit`, `rak`.`nama_rak`, `rak`.`lokasi`
FROM `buku`
LEFT JOIN `kategori` ON `kategori`.`id_kategori` = `buku`.`id_kategori`
LEFT JOIN `penulis` ON `penulis`.`id_penulis` = `buku`.`id_penulis`
LEFT JOIN `penerbit` ON `penerbit`.`id_penerbit` = `buku`.`id_penerbit`
LEFT JOIN `buku_rak` ON `buku_rak`.`id_buku` = `buku`.`id_buku`
LEFT JOIN `rak` ON `rak`.`id_rak` = `buku_rak`.`id_rak`', [], false)
 4 APPPATH\Controllers\buku.php(41): CodeIgniter\Database\BaseBuilder->get()
 5 SYSTEMPATH\CodeIgniter.php(933): App\Controllers\Buku->index()
 6 SYSTEMPATH\CodeIgniter.php(507): CodeIgniter\CodeIgniter->runController(Object(App\Controllers\Buku))
 7 SYSTEMPATH\CodeIgniter.php(354): CodeIgniter\CodeIgniter->handleRequest(null, Object(Config\Cache), false)
 8 SYSTEMPATH\Boot.php(363): CodeIgniter\CodeIgniter->run()
 9 SYSTEMPATH\Boot.php(68): CodeIgniter\Boot::runCodeIgniter(Object(CodeIgniter\CodeIgniter))
10 FCPATH\index.php(59): CodeIgniter\Boot::bootWeb(Object(Config\Paths))
CRITICAL - 2026-04-17 07:33:38 --> [Caused by] mysqli_sql_exception: Table 'perpus.rak' doesn't exist
in SYSTEMPATH\Database\MySQLi\Connection.php on line 327.
 1 SYSTEMPATH\Database\MySQLi\Connection.php(327): mysqli->query('SELECT `buku`.*, `kategori`.`nama_kategori`, `penulis`.`nama_penulis`, `penerbit`.`nama_penerbit`, `rak`.`nama_rak`, `rak`.`lokasi`
FROM `buku`
LEFT JOIN `kategori` ON `kategori`.`id_kategori` = `buku`.`id_kategori`
LEFT JOIN `penulis` ON `penulis`.`id_penulis` = `buku`.`id_penulis`
LEFT JOIN `penerbit` ON `penerbit`.`id_penerbit` = `buku`.`id_penerbit`
LEFT JOIN `buku_rak` ON `buku_rak`.`id_buku` = `buku`.`id_buku`
LEFT JOIN `rak` ON `rak`.`id_rak` = `buku_rak`.`id_rak`', 0)
 2 SYSTEMPATH\Database\BaseConnection.php(729): CodeIgniter\Database\MySQLi\Connection->execute('SELECT `buku`.*, `kategori`.`nama_kategori`, `penulis`.`nama_penulis`, `penerbit`.`nama_penerbit`, `rak`.`nama_rak`, `rak`.`lokasi`
FROM `buku`
LEFT JOIN `kategori` ON `kategori`.`id_kategori` = `buku`.`id_kategori`
LEFT JOIN `penulis` ON `penulis`.`id_penulis` = `buku`.`id_penulis`
LEFT JOIN `penerbit` ON `penerbit`.`id_penerbit` = `buku`.`id_penerbit`
LEFT JOIN `buku_rak` ON `buku_rak`.`id_buku` = `buku`.`id_buku`
LEFT JOIN `rak` ON `rak`.`id_rak` = `buku_rak`.`id_rak`')
 3 SYSTEMPATH\Database\BaseConnection.php(646): CodeIgniter\Database\BaseConnection->simpleQuery('SELECT `buku`.*, `kategori`.`nama_kategori`, `penulis`.`nama_penulis`, `penerbit`.`nama_penerbit`, `rak`.`nama_rak`, `rak`.`lokasi`
FROM `buku`
LEFT JOIN `kategori` ON `kategori`.`id_kategori` = `buku`.`id_kategori`
LEFT JOIN `penulis` ON `penulis`.`id_penulis` = `buku`.`id_penulis`
LEFT JOIN `penerbit` ON `penerbit`.`id_penerbit` = `buku`.`id_penerbit`
LEFT JOIN `buku_rak` ON `buku_rak`.`id_buku` = `buku`.`id_buku`
LEFT JOIN `rak` ON `rak`.`id_rak` = `buku_rak`.`id_rak`')
 4 SYSTEMPATH\Database\BaseBuilder.php(1649): CodeIgniter\Database\BaseConnection->query('SELECT `buku`.*, `kategori`.`nama_kategori`, `penulis`.`nama_penulis`, `penerbit`.`nama_penerbit`, `rak`.`nama_rak`, `rak`.`lokasi`
FROM `buku`
LEFT JOIN `kategori` ON `kategori`.`id_kategori` = `buku`.`id_kategori`
LEFT JOIN `penulis` ON `penulis`.`id_penulis` = `buku`.`id_penulis`
LEFT JOIN `penerbit` ON `penerbit`.`id_penerbit` = `buku`.`id_penerbit`
LEFT JOIN `buku_rak` ON `buku_rak`.`id_buku` = `buku`.`id_buku`
LEFT JOIN `rak` ON `rak`.`id_rak` = `buku_rak`.`id_rak`', [], false)
 5 APPPATH\Controllers\buku.php(41): CodeIgniter\Database\BaseBuilder->get()
 6 SYSTEMPATH\CodeIgniter.php(933): App\Controllers\Buku->index()
 7 SYSTEMPATH\CodeIgniter.php(507): CodeIgniter\CodeIgniter->runController(Object(App\Controllers\Buku))
 8 SYSTEMPATH\CodeIgniter.php(354): CodeIgniter\CodeIgniter->handleRequest(null, Object(Config\Cache), false)
 9 SYSTEMPATH\Boot.php(363): CodeIgniter\CodeIgniter->run()
10 SYSTEMPATH\Boot.php(68): CodeIgniter\Boot::runCodeIgniter(Object(CodeIgniter\CodeIgniter))
11 FCPATH\index.php(59): CodeIgniter\Boot::bootWeb(Object(Config\Paths))
ERROR - 2026-04-17 07:33:39 --> mysqli_sql_exception: Table 'perpus.rak' doesn't exist in C:\xampp\htdocs\perpus\system\Database\MySQLi\Connection.php:327
Stack trace:
#0 C:\xampp\htdocs\perpus\system\Database\MySQLi\Connection.php(327): mysqli->query('SELECT `buku`.*...', 0)
#1 C:\xampp\htdocs\perpus\system\Database\BaseConnection.php(729): CodeIgniter\Database\MySQLi\Connection->execute('SELECT `buku`.*...')
#2 C:\xampp\htdocs\perpus\system\Database\BaseConnection.php(646): CodeIgniter\Database\BaseConnection->simpleQuery('SELECT `buku`.*...')
#3 C:\xampp\htdocs\perpus\system\Database\BaseBuilder.php(1649): CodeIgniter\Database\BaseConnection->query('SELECT `buku`.*...', Array, false)
#4 C:\xampp\htdocs\perpus\app\Controllers\buku.php(41): CodeIgniter\Database\BaseBuilder->get()
#5 C:\xampp\htdocs\perpus\system\CodeIgniter.php(933): App\Controllers\Buku->index()
#6 C:\xampp\htdocs\perpus\system\CodeIgniter.php(507): CodeIgniter\CodeIgniter->runController(Object(App\Controllers\Buku))
#7 C:\xampp\htdocs\perpus\system\CodeIgniter.php(354): CodeIgniter\CodeIgniter->handleRequest(NULL, Object(Config\Cache), false)
#8 C:\xampp\htdocs\perpus\system\Boot.php(363): CodeIgniter\CodeIgniter->run()
#9 C:\xampp\htdocs\perpus\system\Boot.php(68): CodeIgniter\Boot::runCodeIgniter(Object(CodeIgniter\CodeIgniter))
#10 C:\xampp\htdocs\perpus\public\index.php(59): CodeIgniter\Boot::bootWeb(Object(Config\Paths))
#11 {main}
CRITICAL - 2026-04-17 07:33:39 --> CodeIgniter\Database\Exceptions\DatabaseException: Table 'perpus.rak' doesn't exist
[Method: GET, Route: buku]
in SYSTEMPATH\Database\BaseConnection.php on line 684.
 1 SYSTEMPATH\Database\BaseBuilder.php(1649): CodeIgniter\Database\BaseConnection->query('SELECT `buku`.*, `kategori`.`nama_kategori`, `penulis`.`nama_penulis`, `penerbit`.`nama_penerbit`, `rak`.`nama_rak`, `rak`.`lokasi`
FROM `buku`
LEFT JOIN `kategori` ON `kategori`.`id_kategori` = `buku`.`id_kategori`
LEFT JOIN `penulis` ON `penulis`.`id_penulis` = `buku`.`id_penulis`
LEFT JOIN `penerbit` ON `penerbit`.`id_penerbit` = `buku`.`id_penerbit`
LEFT JOIN `buku_rak` ON `buku_rak`.`id_buku` = `buku`.`id_buku`
LEFT JOIN `rak` ON `rak`.`id_rak` = `buku_rak`.`id_rak`', [], false)
 2 APPPATH\Controllers\buku.php(41): CodeIgniter\Database\BaseBuilder->get()
 3 SYSTEMPATH\CodeIgniter.php(933): App\Controllers\Buku->index()
 4 SYSTEMPATH\CodeIgniter.php(507): CodeIgniter\CodeIgniter->runController(Object(App\Controllers\Buku))
 5 SYSTEMPATH\CodeIgniter.php(354): CodeIgniter\CodeIgniter->handleRequest(null, Object(Config\Cache), false)
 6 SYSTEMPATH\Boot.php(363): CodeIgniter\CodeIgniter->run()
 7 SYSTEMPATH\Boot.php(68): CodeIgniter\Boot::runCodeIgniter(Object(CodeIgniter\CodeIgniter))
 8 FCPATH\index.php(59): CodeIgniter\Boot::bootWeb(Object(Config\Paths))
CRITICAL - 2026-04-17 07:33:39 --> [Caused by] CodeIgniter\Database\Exceptions\DatabaseException: Table 'perpus.rak' doesn't exist
in SYSTEMPATH\Database\MySQLi\Connection.php on line 332.
 1 SYSTEMPATH\Database\BaseConnection.php(729): CodeIgniter\Database\MySQLi\Connection->execute('SELECT `buku`.*, `kategori`.`nama_kategori`, `penulis`.`nama_penulis`, `penerbit`.`nama_penerbit`, `rak`.`nama_rak`, `rak`.`lokasi`
FROM `buku`
LEFT JOIN `kategori` ON `kategori`.`id_kategori` = `buku`.`id_kategori`
LEFT JOIN `penulis` ON `penulis`.`id_penulis` = `buku`.`id_penulis`
LEFT JOIN `penerbit` ON `penerbit`.`id_penerbit` = `buku`.`id_penerbit`
LEFT JOIN `buku_rak` ON `buku_rak`.`id_buku` = `buku`.`id_buku`
LEFT JOIN `rak` ON `rak`.`id_rak` = `buku_rak`.`id_rak`')
 2 SYSTEMPATH\Database\BaseConnection.php(646): CodeIgniter\Database\BaseConnection->simpleQuery('SELECT `buku`.*, `kategori`.`nama_kategori`, `penulis`.`nama_penulis`, `penerbit`.`nama_penerbit`, `rak`.`nama_rak`, `rak`.`lokasi`
FROM `buku`
LEFT JOIN `kategori` ON `kategori`.`id_kategori` = `buku`.`id_kategori`
LEFT JOIN `penulis` ON `penulis`.`id_penulis` = `buku`.`id_penulis`
LEFT JOIN `penerbit` ON `penerbit`.`id_penerbit` = `buku`.`id_penerbit`
LEFT JOIN `buku_rak` ON `buku_rak`.`id_buku` = `buku`.`id_buku`
LEFT JOIN `rak` ON `rak`.`id_rak` = `buku_rak`.`id_rak`')
 3 SYSTEMPATH\Database\BaseBuilder.php(1649): CodeIgniter\Database\BaseConnection->query('SELECT `buku`.*, `kategori`.`nama_kategori`, `penulis`.`nama_penulis`, `penerbit`.`nama_penerbit`, `rak`.`nama_rak`, `rak`.`lokasi`
FROM `buku`
LEFT JOIN `kategori` ON `kategori`.`id_kategori` = `buku`.`id_kategori`
LEFT JOIN `penulis` ON `penulis`.`id_penulis` = `buku`.`id_penulis`
LEFT JOIN `penerbit` ON `penerbit`.`id_penerbit` = `buku`.`id_penerbit`
LEFT JOIN `buku_rak` ON `buku_rak`.`id_buku` = `buku`.`id_buku`
LEFT JOIN `rak` ON `rak`.`id_rak` = `buku_rak`.`id_rak`', [], false)
 4 APPPATH\Controllers\buku.php(41): CodeIgniter\Database\BaseBuilder->get()
 5 SYSTEMPATH\CodeIgniter.php(933): App\Controllers\Buku->index()
 6 SYSTEMPATH\CodeIgniter.php(507): CodeIgniter\CodeIgniter->runController(Object(App\Controllers\Buku))
 7 SYSTEMPATH\CodeIgniter.php(354): CodeIgniter\CodeIgniter->handleRequest(null, Object(Config\Cache), false)
 8 SYSTEMPATH\Boot.php(363): CodeIgniter\CodeIgniter->run()
 9 SYSTEMPATH\Boot.php(68): CodeIgniter\Boot::runCodeIgniter(Object(CodeIgniter\CodeIgniter))
10 FCPATH\index.php(59): CodeIgniter\Boot::bootWeb(Object(Config\Paths))
CRITICAL - 2026-04-17 07:33:39 --> [Caused by] mysqli_sql_exception: Table 'perpus.rak' doesn't exist
in SYSTEMPATH\Database\MySQLi\Connection.php on line 327.
 1 SYSTEMPATH\Database\MySQLi\Connection.php(327): mysqli->query('SELECT `buku`.*, `kategori`.`nama_kategori`, `penulis`.`nama_penulis`, `penerbit`.`nama_penerbit`, `rak`.`nama_rak`, `rak`.`lokasi`
FROM `buku`
LEFT JOIN `kategori` ON `kategori`.`id_kategori` = `buku`.`id_kategori`
LEFT JOIN `penulis` ON `penulis`.`id_penulis` = `buku`.`id_penulis`
LEFT JOIN `penerbit` ON `penerbit`.`id_penerbit` = `buku`.`id_penerbit`
LEFT JOIN `buku_rak` ON `buku_rak`.`id_buku` = `buku`.`id_buku`
LEFT JOIN `rak` ON `rak`.`id_rak` = `buku_rak`.`id_rak`', 0)
 2 SYSTEMPATH\Database\BaseConnection.php(729): CodeIgniter\Database\MySQLi\Connection->execute('SELECT `buku`.*, `kategori`.`nama_kategori`, `penulis`.`nama_penulis`, `penerbit`.`nama_penerbit`, `rak`.`nama_rak`, `rak`.`lokasi`
FROM `buku`
LEFT JOIN `kategori` ON `kategori`.`id_kategori` = `buku`.`id_kategori`
LEFT JOIN `penulis` ON `penulis`.`id_penulis` = `buku`.`id_penulis`
LEFT JOIN `penerbit` ON `penerbit`.`id_penerbit` = `buku`.`id_penerbit`
LEFT JOIN `buku_rak` ON `buku_rak`.`id_buku` = `buku`.`id_buku`
LEFT JOIN `rak` ON `rak`.`id_rak` = `buku_rak`.`id_rak`')
 3 SYSTEMPATH\Database\BaseConnection.php(646): CodeIgniter\Database\BaseConnection->simpleQuery('SELECT `buku`.*, `kategori`.`nama_kategori`, `penulis`.`nama_penulis`, `penerbit`.`nama_penerbit`, `rak`.`nama_rak`, `rak`.`lokasi`
FROM `buku`
LEFT JOIN `kategori` ON `kategori`.`id_kategori` = `buku`.`id_kategori`
LEFT JOIN `penulis` ON `penulis`.`id_penulis` = `buku`.`id_penulis`
LEFT JOIN `penerbit` ON `penerbit`.`id_penerbit` = `buku`.`id_penerbit`
LEFT JOIN `buku_rak` ON `buku_rak`.`id_buku` = `buku`.`id_buku`
LEFT JOIN `rak` ON `rak`.`id_rak` = `buku_rak`.`id_rak`')
 4 SYSTEMPATH\Database\BaseBuilder.php(1649): CodeIgniter\Database\BaseConnection->query('SELECT `buku`.*, `kategori`.`nama_kategori`, `penulis`.`nama_penulis`, `penerbit`.`nama_penerbit`, `rak`.`nama_rak`, `rak`.`lokasi`
FROM `buku`
LEFT JOIN `kategori` ON `kategori`.`id_kategori` = `buku`.`id_kategori`
LEFT JOIN `penulis` ON `penulis`.`id_penulis` = `buku`.`id_penulis`
LEFT JOIN `penerbit` ON `penerbit`.`id_penerbit` = `buku`.`id_penerbit`
LEFT JOIN `buku_rak` ON `buku_rak`.`id_buku` = `buku`.`id_buku`
LEFT JOIN `rak` ON `rak`.`id_rak` = `buku_rak`.`id_rak`', [], false)
 5 APPPATH\Controllers\buku.php(41): CodeIgniter\Database\BaseBuilder->get()
 6 SYSTEMPATH\CodeIgniter.php(933): App\Controllers\Buku->index()
 7 SYSTEMPATH\CodeIgniter.php(507): CodeIgniter\CodeIgniter->runController(Object(App\Controllers\Buku))
 8 SYSTEMPATH\CodeIgniter.php(354): CodeIgniter\CodeIgniter->handleRequest(null, Object(Config\Cache), false)
 9 SYSTEMPATH\Boot.php(363): CodeIgniter\CodeIgniter->run()
10 SYSTEMPATH\Boot.php(68): CodeIgniter\Boot::runCodeIgniter(Object(CodeIgniter\CodeIgniter))
11 FCPATH\index.php(59): CodeIgniter\Boot::bootWeb(Object(Config\Paths))
ERROR - 2026-04-17 07:34:58 --> mysqli_sql_exception: Table 'perpus.rak' doesn't exist in C:\xampp\htdocs\perpus\system\Database\MySQLi\Connection.php:327
Stack trace:
#0 C:\xampp\htdocs\perpus\system\Database\MySQLi\Connection.php(327): mysqli->query('SELECT `buku`.*...', 0)
#1 C:\xampp\htdocs\perpus\system\Database\BaseConnection.php(729): CodeIgniter\Database\MySQLi\Connection->execute('SELECT `buku`.*...')
#2 C:\xampp\htdocs\perpus\system\Database\BaseConnection.php(646): CodeIgniter\Database\BaseConnection->simpleQuery('SELECT `buku`.*...')
#3 C:\xampp\htdocs\perpus\system\Database\BaseBuilder.php(1649): CodeIgniter\Database\BaseConnection->query('SELECT `buku`.*...', Array, false)
#4 C:\xampp\htdocs\perpus\app\Controllers\buku.php(41): CodeIgniter\Database\BaseBuilder->get()
#5 C:\xampp\htdocs\perpus\system\CodeIgniter.php(933): App\Controllers\Buku->index()
#6 C:\xampp\htdocs\perpus\system\CodeIgniter.php(507): CodeIgniter\CodeIgniter->runController(Object(App\Controllers\Buku))
#7 C:\xampp\htdocs\perpus\system\CodeIgniter.php(354): CodeIgniter\CodeIgniter->handleRequest(NULL, Object(Config\Cache), false)
#8 C:\xampp\htdocs\perpus\system\Boot.php(363): CodeIgniter\CodeIgniter->run()
#9 C:\xampp\htdocs\perpus\system\Boot.php(68): CodeIgniter\Boot::runCodeIgniter(Object(CodeIgniter\CodeIgniter))
#10 C:\xampp\htdocs\perpus\public\index.php(59): CodeIgniter\Boot::bootWeb(Object(Config\Paths))
#11 {main}
CRITICAL - 2026-04-17 07:34:58 --> CodeIgniter\Database\Exceptions\DatabaseException: Table 'perpus.rak' doesn't exist
[Method: GET, Route: buku]
in SYSTEMPATH\Database\BaseConnection.php on line 684.
 1 SYSTEMPATH\Database\BaseBuilder.php(1649): CodeIgniter\Database\BaseConnection->query('SELECT `buku`.*, `kategori`.`nama_kategori`, `penulis`.`nama_penulis`, `penerbit`.`nama_penerbit`, `rak`.`nama_rak`, `rak`.`lokasi`
FROM `buku`
LEFT JOIN `kategori` ON `kategori`.`id_kategori` = `buku`.`id_kategori`
LEFT JOIN `penulis` ON `penulis`.`id_penulis` = `buku`.`id_penulis`
LEFT JOIN `penerbit` ON `penerbit`.`id_penerbit` = `buku`.`id_penerbit`
LEFT JOIN `buku_rak` ON `buku_rak`.`id_buku` = `buku`.`id_buku`
LEFT JOIN `rak` ON `rak`.`id_rak` = `buku_rak`.`id_rak`', [], false)
 2 APPPATH\Controllers\buku.php(41): CodeIgniter\Database\BaseBuilder->get()
 3 SYSTEMPATH\CodeIgniter.php(933): App\Controllers\Buku->index()
 4 SYSTEMPATH\CodeIgniter.php(507): CodeIgniter\CodeIgniter->runController(Object(App\Controllers\Buku))
 5 SYSTEMPATH\CodeIgniter.php(354): CodeIgniter\CodeIgniter->handleRequest(null, Object(Config\Cache), false)
 6 SYSTEMPATH\Boot.php(363): CodeIgniter\CodeIgniter->run()
 7 SYSTEMPATH\Boot.php(68): CodeIgniter\Boot::runCodeIgniter(Object(CodeIgniter\CodeIgniter))
 8 FCPATH\index.php(59): CodeIgniter\Boot::bootWeb(Object(Config\Paths))
CRITICAL - 2026-04-17 07:34:58 --> [Caused by] CodeIgniter\Database\Exceptions\DatabaseException: Table 'perpus.rak' doesn't exist
in SYSTEMPATH\Database\MySQLi\Connection.php on line 332.
 1 SYSTEMPATH\Database\BaseConnection.php(729): CodeIgniter\Database\MySQLi\Connection->execute('SELECT `buku`.*, `kategori`.`nama_kategori`, `penulis`.`nama_penulis`, `penerbit`.`nama_penerbit`, `rak`.`nama_rak`, `rak`.`lokasi`
FROM `buku`
LEFT JOIN `kategori` ON `kategori`.`id_kategori` = `buku`.`id_kategori`
LEFT JOIN `penulis` ON `penulis`.`id_penulis` = `buku`.`id_penulis`
LEFT JOIN `penerbit` ON `penerbit`.`id_penerbit` = `buku`.`id_penerbit`
LEFT JOIN `buku_rak` ON `buku_rak`.`id_buku` = `buku`.`id_buku`
LEFT JOIN `rak` ON `rak`.`id_rak` = `buku_rak`.`id_rak`')
 2 SYSTEMPATH\Database\BaseConnection.php(646): CodeIgniter\Database\BaseConnection->simpleQuery('SELECT `buku`.*, `kategori`.`nama_kategori`, `penulis`.`nama_penulis`, `penerbit`.`nama_penerbit`, `rak`.`nama_rak`, `rak`.`lokasi`
FROM `buku`
LEFT JOIN `kategori` ON `kategori`.`id_kategori` = `buku`.`id_kategori`
LEFT JOIN `penulis` ON `penulis`.`id_penulis` = `buku`.`id_penulis`
LEFT JOIN `penerbit` ON `penerbit`.`id_penerbit` = `buku`.`id_penerbit`
LEFT JOIN `buku_rak` ON `buku_rak`.`id_buku` = `buku`.`id_buku`
LEFT JOIN `rak` ON `rak`.`id_rak` = `buku_rak`.`id_rak`')
 3 SYSTEMPATH\Database\BaseBuilder.php(1649): CodeIgniter\Database\BaseConnection->query('SELECT `buku`.*, `kategori`.`nama_kategori`, `penulis`.`nama_penulis`, `penerbit`.`nama_penerbit`, `rak`.`nama_rak`, `rak`.`lokasi`
FROM `buku`
LEFT JOIN `kategori` ON `kategori`.`id_kategori` = `buku`.`id_kategori`
LEFT JOIN `penulis` ON `penulis`.`id_penulis` = `buku`.`id_penulis`
LEFT JOIN `penerbit` ON `penerbit`.`id_penerbit` = `buku`.`id_penerbit`
LEFT JOIN `buku_rak` ON `buku_rak`.`id_buku` = `buku`.`id_buku`
LEFT JOIN `rak` ON `rak`.`id_rak` = `buku_rak`.`id_rak`', [], false)
 4 APPPATH\Controllers\buku.php(41): CodeIgniter\Database\BaseBuilder->get()
 5 SYSTEMPATH\CodeIgniter.php(933): App\Controllers\Buku->index()
 6 SYSTEMPATH\CodeIgniter.php(507): CodeIgniter\CodeIgniter->runController(Object(App\Controllers\Buku))
 7 SYSTEMPATH\CodeIgniter.php(354): CodeIgniter\CodeIgniter->handleRequest(null, Object(Config\Cache), false)
 8 SYSTEMPATH\Boot.php(363): CodeIgniter\CodeIgniter->run()
 9 SYSTEMPATH\Boot.php(68): CodeIgniter\Boot::runCodeIgniter(Object(CodeIgniter\CodeIgniter))
10 FCPATH\index.php(59): CodeIgniter\Boot::bootWeb(Object(Config\Paths))
CRITICAL - 2026-04-17 07:34:58 --> [Caused by] mysqli_sql_exception: Table 'perpus.rak' doesn't exist
in SYSTEMPATH\Database\MySQLi\Connection.php on line 327.
 1 SYSTEMPATH\Database\MySQLi\Connection.php(327): mysqli->query('SELECT `buku`.*, `kategori`.`nama_kategori`, `penulis`.`nama_penulis`, `penerbit`.`nama_penerbit`, `rak`.`nama_rak`, `rak`.`lokasi`
FROM `buku`
LEFT JOIN `kategori` ON `kategori`.`id_kategori` = `buku`.`id_kategori`
LEFT JOIN `penulis` ON `penulis`.`id_penulis` = `buku`.`id_penulis`
LEFT JOIN `penerbit` ON `penerbit`.`id_penerbit` = `buku`.`id_penerbit`
LEFT JOIN `buku_rak` ON `buku_rak`.`id_buku` = `buku`.`id_buku`
LEFT JOIN `rak` ON `rak`.`id_rak` = `buku_rak`.`id_rak`', 0)
 2 SYSTEMPATH\Database\BaseConnection.php(729): CodeIgniter\Database\MySQLi\Connection->execute('SELECT `buku`.*, `kategori`.`nama_kategori`, `penulis`.`nama_penulis`, `penerbit`.`nama_penerbit`, `rak`.`nama_rak`, `rak`.`lokasi`
FROM `buku`
LEFT JOIN `kategori` ON `kategori`.`id_kategori` = `buku`.`id_kategori`
LEFT JOIN `penulis` ON `penulis`.`id_penulis` = `buku`.`id_penulis`
LEFT JOIN `penerbit` ON `penerbit`.`id_penerbit` = `buku`.`id_penerbit`
LEFT JOIN `buku_rak` ON `buku_rak`.`id_buku` = `buku`.`id_buku`
LEFT JOIN `rak` ON `rak`.`id_rak` = `buku_rak`.`id_rak`')
 3 SYSTEMPATH\Database\BaseConnection.php(646): CodeIgniter\Database\BaseConnection->simpleQuery('SELECT `buku`.*, `kategori`.`nama_kategori`, `penulis`.`nama_penulis`, `penerbit`.`nama_penerbit`, `rak`.`nama_rak`, `rak`.`lokasi`
FROM `buku`
LEFT JOIN `kategori` ON `kategori`.`id_kategori` = `buku`.`id_kategori`
LEFT JOIN `penulis` ON `penulis`.`id_penulis` = `buku`.`id_penulis`
LEFT JOIN `penerbit` ON `penerbit`.`id_penerbit` = `buku`.`id_penerbit`
LEFT JOIN `buku_rak` ON `buku_rak`.`id_buku` = `buku`.`id_buku`
LEFT JOIN `rak` ON `rak`.`id_rak` = `buku_rak`.`id_rak`')
 4 SYSTEMPATH\Database\BaseBuilder.php(1649): CodeIgniter\Database\BaseConnection->query('SELECT `buku`.*, `kategori`.`nama_kategori`, `penulis`.`nama_penulis`, `penerbit`.`nama_penerbit`, `rak`.`nama_rak`, `rak`.`lokasi`
FROM `buku`
LEFT JOIN `kategori` ON `kategori`.`id_kategori` = `buku`.`id_kategori`
LEFT JOIN `penulis` ON `penulis`.`id_penulis` = `buku`.`id_penulis`
LEFT JOIN `penerbit` ON `penerbit`.`id_penerbit` = `buku`.`id_penerbit`
LEFT JOIN `buku_rak` ON `buku_rak`.`id_buku` = `buku`.`id_buku`
LEFT JOIN `rak` ON `rak`.`id_rak` = `buku_rak`.`id_rak`', [], false)
 5 APPPATH\Controllers\buku.php(41): CodeIgniter\Database\BaseBuilder->get()
 6 SYSTEMPATH\CodeIgniter.php(933): App\Controllers\Buku->index()
 7 SYSTEMPATH\CodeIgniter.php(507): CodeIgniter\CodeIgniter->runController(Object(App\Controllers\Buku))
 8 SYSTEMPATH\CodeIgniter.php(354): CodeIgniter\CodeIgniter->handleRequest(null, Object(Config\Cache), false)
 9 SYSTEMPATH\Boot.php(363): CodeIgniter\CodeIgniter->run()
10 SYSTEMPATH\Boot.php(68): CodeIgniter\Boot::runCodeIgniter(Object(CodeIgniter\CodeIgniter))
11 FCPATH\index.php(59): CodeIgniter\Boot::bootWeb(Object(Config\Paths))
ERROR - 2026-04-17 07:34:59 --> mysqli_sql_exception: Table 'perpus.rak' doesn't exist in C:\xampp\htdocs\perpus\system\Database\MySQLi\Connection.php:327
Stack trace:
#0 C:\xampp\htdocs\perpus\system\Database\MySQLi\Connection.php(327): mysqli->query('SELECT `buku`.*...', 0)
#1 C:\xampp\htdocs\perpus\system\Database\BaseConnection.php(729): CodeIgniter\Database\MySQLi\Connection->execute('SELECT `buku`.*...')
#2 C:\xampp\htdocs\perpus\system\Database\BaseConnection.php(646): CodeIgniter\Database\BaseConnection->simpleQuery('SELECT `buku`.*...')
#3 C:\xampp\htdocs\perpus\system\Database\BaseBuilder.php(1649): CodeIgniter\Database\BaseConnection->query('SELECT `buku`.*...', Array, false)
#4 C:\xampp\htdocs\perpus\app\Controllers\buku.php(41): CodeIgniter\Database\BaseBuilder->get()
#5 C:\xampp\htdocs\perpus\system\CodeIgniter.php(933): App\Controllers\Buku->index()
#6 C:\xampp\htdocs\perpus\system\CodeIgniter.php(507): CodeIgniter\CodeIgniter->runController(Object(App\Controllers\Buku))
#7 C:\xampp\htdocs\perpus\system\CodeIgniter.php(354): CodeIgniter\CodeIgniter->handleRequest(NULL, Object(Config\Cache), false)
#8 C:\xampp\htdocs\perpus\system\Boot.php(363): CodeIgniter\CodeIgniter->run()
#9 C:\xampp\htdocs\perpus\system\Boot.php(68): CodeIgniter\Boot::runCodeIgniter(Object(CodeIgniter\CodeIgniter))
#10 C:\xampp\htdocs\perpus\public\index.php(59): CodeIgniter\Boot::bootWeb(Object(Config\Paths))
#11 {main}
CRITICAL - 2026-04-17 07:34:59 --> CodeIgniter\Database\Exceptions\DatabaseException: Table 'perpus.rak' doesn't exist
[Method: GET, Route: buku]
in SYSTEMPATH\Database\BaseConnection.php on line 684.
 1 SYSTEMPATH\Database\BaseBuilder.php(1649): CodeIgniter\Database\BaseConnection->query('SELECT `buku`.*, `kategori`.`nama_kategori`, `penulis`.`nama_penulis`, `penerbit`.`nama_penerbit`, `rak`.`nama_rak`, `rak`.`lokasi`
FROM `buku`
LEFT JOIN `kategori` ON `kategori`.`id_kategori` = `buku`.`id_kategori`
LEFT JOIN `penulis` ON `penulis`.`id_penulis` = `buku`.`id_penulis`
LEFT JOIN `penerbit` ON `penerbit`.`id_penerbit` = `buku`.`id_penerbit`
LEFT JOIN `buku_rak` ON `buku_rak`.`id_buku` = `buku`.`id_buku`
LEFT JOIN `rak` ON `rak`.`id_rak` = `buku_rak`.`id_rak`', [], false)
 2 APPPATH\Controllers\buku.php(41): CodeIgniter\Database\BaseBuilder->get()
 3 SYSTEMPATH\CodeIgniter.php(933): App\Controllers\Buku->index()
 4 SYSTEMPATH\CodeIgniter.php(507): CodeIgniter\CodeIgniter->runController(Object(App\Controllers\Buku))
 5 SYSTEMPATH\CodeIgniter.php(354): CodeIgniter\CodeIgniter->handleRequest(null, Object(Config\Cache), false)
 6 SYSTEMPATH\Boot.php(363): CodeIgniter\CodeIgniter->run()
 7 SYSTEMPATH\Boot.php(68): CodeIgniter\Boot::runCodeIgniter(Object(CodeIgniter\CodeIgniter))
 8 FCPATH\index.php(59): CodeIgniter\Boot::bootWeb(Object(Config\Paths))
CRITICAL - 2026-04-17 07:34:59 --> [Caused by] CodeIgniter\Database\Exceptions\DatabaseException: Table 'perpus.rak' doesn't exist
in SYSTEMPATH\Database\MySQLi\Connection.php on line 332.
 1 SYSTEMPATH\Database\BaseConnection.php(729): CodeIgniter\Database\MySQLi\Connection->execute('SELECT `buku`.*, `kategori`.`nama_kategori`, `penulis`.`nama_penulis`, `penerbit`.`nama_penerbit`, `rak`.`nama_rak`, `rak`.`lokasi`
FROM `buku`
LEFT JOIN `kategori` ON `kategori`.`id_kategori` = `buku`.`id_kategori`
LEFT JOIN `penulis` ON `penulis`.`id_penulis` = `buku`.`id_penulis`
LEFT JOIN `penerbit` ON `penerbit`.`id_penerbit` = `buku`.`id_penerbit`
LEFT JOIN `buku_rak` ON `buku_rak`.`id_buku` = `buku`.`id_buku`
LEFT JOIN `rak` ON `rak`.`id_rak` = `buku_rak`.`id_rak`')
 2 SYSTEMPATH\Database\BaseConnection.php(646): CodeIgniter\Database\BaseConnection->simpleQuery('SELECT `buku`.*, `kategori`.`nama_kategori`, `penulis`.`nama_penulis`, `penerbit`.`nama_penerbit`, `rak`.`nama_rak`, `rak`.`lokasi`
FROM `buku`
LEFT JOIN `kategori` ON `kategori`.`id_kategori` = `buku`.`id_kategori`
LEFT JOIN `penulis` ON `penulis`.`id_penulis` = `buku`.`id_penulis`
LEFT JOIN `penerbit` ON `penerbit`.`id_penerbit` = `buku`.`id_penerbit`
LEFT JOIN `buku_rak` ON `buku_rak`.`id_buku` = `buku`.`id_buku`
LEFT JOIN `rak` ON `rak`.`id_rak` = `buku_rak`.`id_rak`')
 3 SYSTEMPATH\Database\BaseBuilder.php(1649): CodeIgniter\Database\BaseConnection->query('SELECT `buku`.*, `kategori`.`nama_kategori`, `penulis`.`nama_penulis`, `penerbit`.`nama_penerbit`, `rak`.`nama_rak`, `rak`.`lokasi`
FROM `buku`
LEFT JOIN `kategori` ON `kategori`.`id_kategori` = `buku`.`id_kategori`
LEFT JOIN `penulis` ON `penulis`.`id_penulis` = `buku`.`id_penulis`
LEFT JOIN `penerbit` ON `penerbit`.`id_penerbit` = `buku`.`id_penerbit`
LEFT JOIN `buku_rak` ON `buku_rak`.`id_buku` = `buku`.`id_buku`
LEFT JOIN `rak` ON `rak`.`id_rak` = `buku_rak`.`id_rak`', [], false)
 4 APPPATH\Controllers\buku.php(41): CodeIgniter\Database\BaseBuilder->get()
 5 SYSTEMPATH\CodeIgniter.php(933): App\Controllers\Buku->index()
 6 SYSTEMPATH\CodeIgniter.php(507): CodeIgniter\CodeIgniter->runController(Object(App\Controllers\Buku))
 7 SYSTEMPATH\CodeIgniter.php(354): CodeIgniter\CodeIgniter->handleRequest(null, Object(Config\Cache), false)
 8 SYSTEMPATH\Boot.php(363): CodeIgniter\CodeIgniter->run()
 9 SYSTEMPATH\Boot.php(68): CodeIgniter\Boot::runCodeIgniter(Object(CodeIgniter\CodeIgniter))
10 FCPATH\index.php(59): CodeIgniter\Boot::bootWeb(Object(Config\Paths))
CRITICAL - 2026-04-17 07:34:59 --> [Caused by] mysqli_sql_exception: Table 'perpus.rak' doesn't exist
in SYSTEMPATH\Database\MySQLi\Connection.php on line 327.
 1 SYSTEMPATH\Database\MySQLi\Connection.php(327): mysqli->query('SELECT `buku`.*, `kategori`.`nama_kategori`, `penulis`.`nama_penulis`, `penerbit`.`nama_penerbit`, `rak`.`nama_rak`, `rak`.`lokasi`
FROM `buku`
LEFT JOIN `kategori` ON `kategori`.`id_kategori` = `buku`.`id_kategori`
LEFT JOIN `penulis` ON `penulis`.`id_penulis` = `buku`.`id_penulis`
LEFT JOIN `penerbit` ON `penerbit`.`id_penerbit` = `buku`.`id_penerbit`
LEFT JOIN `buku_rak` ON `buku_rak`.`id_buku` = `buku`.`id_buku`
LEFT JOIN `rak` ON `rak`.`id_rak` = `buku_rak`.`id_rak`', 0)
 2 SYSTEMPATH\Database\BaseConnection.php(729): CodeIgniter\Database\MySQLi\Connection->execute('SELECT `buku`.*, `kategori`.`nama_kategori`, `penulis`.`nama_penulis`, `penerbit`.`nama_penerbit`, `rak`.`nama_rak`, `rak`.`lokasi`
FROM `buku`
LEFT JOIN `kategori` ON `kategori`.`id_kategori` = `buku`.`id_kategori`
LEFT JOIN `penulis` ON `penulis`.`id_penulis` = `buku`.`id_penulis`
LEFT JOIN `penerbit` ON `penerbit`.`id_penerbit` = `buku`.`id_penerbit`
LEFT JOIN `buku_rak` ON `buku_rak`.`id_buku` = `buku`.`id_buku`
LEFT JOIN `rak` ON `rak`.`id_rak` = `buku_rak`.`id_rak`')
 3 SYSTEMPATH\Database\BaseConnection.php(646): CodeIgniter\Database\BaseConnection->simpleQuery('SELECT `buku`.*, `kategori`.`nama_kategori`, `penulis`.`nama_penulis`, `penerbit`.`nama_penerbit`, `rak`.`nama_rak`, `rak`.`lokasi`
FROM `buku`
LEFT JOIN `kategori` ON `kategori`.`id_kategori` = `buku`.`id_kategori`
LEFT JOIN `penulis` ON `penulis`.`id_penulis` = `buku`.`id_penulis`
LEFT JOIN `penerbit` ON `penerbit`.`id_penerbit` = `buku`.`id_penerbit`
LEFT JOIN `buku_rak` ON `buku_rak`.`id_buku` = `buku`.`id_buku`
LEFT JOIN `rak` ON `rak`.`id_rak` = `buku_rak`.`id_rak`')
 4 SYSTEMPATH\Database\BaseBuilder.php(1649): CodeIgniter\Database\BaseConnection->query('SELECT `buku`.*, `kategori`.`nama_kategori`, `penulis`.`nama_penulis`, `penerbit`.`nama_penerbit`, `rak`.`nama_rak`, `rak`.`lokasi`
FROM `buku`
LEFT JOIN `kategori` ON `kategori`.`id_kategori` = `buku`.`id_kategori`
LEFT JOIN `penulis` ON `penulis`.`id_penulis` = `buku`.`id_penulis`
LEFT JOIN `penerbit` ON `penerbit`.`id_penerbit` = `buku`.`id_penerbit`
LEFT JOIN `buku_rak` ON `buku_rak`.`id_buku` = `buku`.`id_buku`
LEFT JOIN `rak` ON `rak`.`id_rak` = `buku_rak`.`id_rak`', [], false)
 5 APPPATH\Controllers\buku.php(41): CodeIgniter\Database\BaseBuilder->get()
 6 SYSTEMPATH\CodeIgniter.php(933): App\Controllers\Buku->index()
 7 SYSTEMPATH\CodeIgniter.php(507): CodeIgniter\CodeIgniter->runController(Object(App\Controllers\Buku))
 8 SYSTEMPATH\CodeIgniter.php(354): CodeIgniter\CodeIgniter->handleRequest(null, Object(Config\Cache), false)
 9 SYSTEMPATH\Boot.php(363): CodeIgniter\CodeIgniter->run()
10 SYSTEMPATH\Boot.php(68): CodeIgniter\Boot::runCodeIgniter(Object(CodeIgniter\CodeIgniter))
11 FCPATH\index.php(59): CodeIgniter\Boot::bootWeb(Object(Config\Paths))
ERROR - 2026-04-17 07:35:53 --> mysqli_sql_exception: Table 'perpus.rak' doesn't exist in C:\xampp\htdocs\perpus\system\Database\MySQLi\Connection.php:327
Stack trace:
#0 C:\xampp\htdocs\perpus\system\Database\MySQLi\Connection.php(327): mysqli->query('SELECT `buku`.*...', 0)
#1 C:\xampp\htdocs\perpus\system\Database\BaseConnection.php(729): CodeIgniter\Database\MySQLi\Connection->execute('SELECT `buku`.*...')
#2 C:\xampp\htdocs\perpus\system\Database\BaseConnection.php(646): CodeIgniter\Database\BaseConnection->simpleQuery('SELECT `buku`.*...')
#3 C:\xampp\htdocs\perpus\system\Database\BaseBuilder.php(1649): CodeIgniter\Database\BaseConnection->query('SELECT `buku`.*...', Array, false)
#4 C:\xampp\htdocs\perpus\app\Controllers\buku.php(41): CodeIgniter\Database\BaseBuilder->get()
#5 C:\xampp\htdocs\perpus\system\CodeIgniter.php(933): App\Controllers\Buku->index()
#6 C:\xampp\htdocs\perpus\system\CodeIgniter.php(507): CodeIgniter\CodeIgniter->runController(Object(App\Controllers\Buku))
#7 C:\xampp\htdocs\perpus\system\CodeIgniter.php(354): CodeIgniter\CodeIgniter->handleRequest(NULL, Object(Config\Cache), false)
#8 C:\xampp\htdocs\perpus\system\Boot.php(363): CodeIgniter\CodeIgniter->run()
#9 C:\xampp\htdocs\perpus\system\Boot.php(68): CodeIgniter\Boot::runCodeIgniter(Object(CodeIgniter\CodeIgniter))
#10 C:\xampp\htdocs\perpus\public\index.php(59): CodeIgniter\Boot::bootWeb(Object(Config\Paths))
#11 {main}
CRITICAL - 2026-04-17 07:35:53 --> CodeIgniter\Database\Exceptions\DatabaseException: Table 'perpus.rak' doesn't exist
[Method: GET, Route: buku]
in SYSTEMPATH\Database\BaseConnection.php on line 684.
 1 SYSTEMPATH\Database\BaseBuilder.php(1649): CodeIgniter\Database\BaseConnection->query('SELECT `buku`.*, `kategori`.`nama_kategori`, `penulis`.`nama_penulis`, `penerbit`.`nama_penerbit`, `rak`.`nama_rak`, `rak`.`lokasi`
FROM `buku`
LEFT JOIN `kategori` ON `kategori`.`id_kategori` = `buku`.`id_kategori`
LEFT JOIN `penulis` ON `penulis`.`id_penulis` = `buku`.`id_penulis`
LEFT JOIN `penerbit` ON `penerbit`.`id_penerbit` = `buku`.`id_penerbit`
LEFT JOIN `buku_rak` ON `buku_rak`.`id_buku` = `buku`.`id_buku`
LEFT JOIN `rak` ON `rak`.`id_rak` = `buku_rak`.`id_rak`', [], false)
 2 APPPATH\Controllers\buku.php(41): CodeIgniter\Database\BaseBuilder->get()
 3 SYSTEMPATH\CodeIgniter.php(933): App\Controllers\Buku->index()
 4 SYSTEMPATH\CodeIgniter.php(507): CodeIgniter\CodeIgniter->runController(Object(App\Controllers\Buku))
 5 SYSTEMPATH\CodeIgniter.php(354): CodeIgniter\CodeIgniter->handleRequest(null, Object(Config\Cache), false)
 6 SYSTEMPATH\Boot.php(363): CodeIgniter\CodeIgniter->run()
 7 SYSTEMPATH\Boot.php(68): CodeIgniter\Boot::runCodeIgniter(Object(CodeIgniter\CodeIgniter))
 8 FCPATH\index.php(59): CodeIgniter\Boot::bootWeb(Object(Config\Paths))
CRITICAL - 2026-04-17 07:35:53 --> [Caused by] CodeIgniter\Database\Exceptions\DatabaseException: Table 'perpus.rak' doesn't exist
in SYSTEMPATH\Database\MySQLi\Connection.php on line 332.
 1 SYSTEMPATH\Database\BaseConnection.php(729): CodeIgniter\Database\MySQLi\Connection->execute('SELECT `buku`.*, `kategori`.`nama_kategori`, `penulis`.`nama_penulis`, `penerbit`.`nama_penerbit`, `rak`.`nama_rak`, `rak`.`lokasi`
FROM `buku`
LEFT JOIN `kategori` ON `kategori`.`id_kategori` = `buku`.`id_kategori`
LEFT JOIN `penulis` ON `penulis`.`id_penulis` = `buku`.`id_penulis`
LEFT JOIN `penerbit` ON `penerbit`.`id_penerbit` = `buku`.`id_penerbit`
LEFT JOIN `buku_rak` ON `buku_rak`.`id_buku` = `buku`.`id_buku`
LEFT JOIN `rak` ON `rak`.`id_rak` = `buku_rak`.`id_rak`')
 2 SYSTEMPATH\Database\BaseConnection.php(646): CodeIgniter\Database\BaseConnection->simpleQuery('SELECT `buku`.*, `kategori`.`nama_kategori`, `penulis`.`nama_penulis`, `penerbit`.`nama_penerbit`, `rak`.`nama_rak`, `rak`.`lokasi`
FROM `buku`
LEFT JOIN `kategori` ON `kategori`.`id_kategori` = `buku`.`id_kategori`
LEFT JOIN `penulis` ON `penulis`.`id_penulis` = `buku`.`id_penulis`
LEFT JOIN `penerbit` ON `penerbit`.`id_penerbit` = `buku`.`id_penerbit`
LEFT JOIN `buku_rak` ON `buku_rak`.`id_buku` = `buku`.`id_buku`
LEFT JOIN `rak` ON `rak`.`id_rak` = `buku_rak`.`id_rak`')
 3 SYSTEMPATH\Database\BaseBuilder.php(1649): CodeIgniter\Database\BaseConnection->query('SELECT `buku`.*, `kategori`.`nama_kategori`, `penulis`.`nama_penulis`, `penerbit`.`nama_penerbit`, `rak`.`nama_rak`, `rak`.`lokasi`
FROM `buku`
LEFT JOIN `kategori` ON `kategori`.`id_kategori` = `buku`.`id_kategori`
LEFT JOIN `penulis` ON `penulis`.`id_penulis` = `buku`.`id_penulis`
LEFT JOIN `penerbit` ON `penerbit`.`id_penerbit` = `buku`.`id_penerbit`
LEFT JOIN `buku_rak` ON `buku_rak`.`id_buku` = `buku`.`id_buku`
LEFT JOIN `rak` ON `rak`.`id_rak` = `buku_rak`.`id_rak`', [], false)
 4 APPPATH\Controllers\buku.php(41): CodeIgniter\Database\BaseBuilder->get()
 5 SYSTEMPATH\CodeIgniter.php(933): App\Controllers\Buku->index()
 6 SYSTEMPATH\CodeIgniter.php(507): CodeIgniter\CodeIgniter->runController(Object(App\Controllers\Buku))
 7 SYSTEMPATH\CodeIgniter.php(354): CodeIgniter\CodeIgniter->handleRequest(null, Object(Config\Cache), false)
 8 SYSTEMPATH\Boot.php(363): CodeIgniter\CodeIgniter->run()
 9 SYSTEMPATH\Boot.php(68): CodeIgniter\Boot::runCodeIgniter(Object(CodeIgniter\CodeIgniter))
10 FCPATH\index.php(59): CodeIgniter\Boot::bootWeb(Object(Config\Paths))
CRITICAL - 2026-04-17 07:35:53 --> [Caused by] mysqli_sql_exception: Table 'perpus.rak' doesn't exist
in SYSTEMPATH\Database\MySQLi\Connection.php on line 327.
 1 SYSTEMPATH\Database\MySQLi\Connection.php(327): mysqli->query('SELECT `buku`.*, `kategori`.`nama_kategori`, `penulis`.`nama_penulis`, `penerbit`.`nama_penerbit`, `rak`.`nama_rak`, `rak`.`lokasi`
FROM `buku`
LEFT JOIN `kategori` ON `kategori`.`id_kategori` = `buku`.`id_kategori`
LEFT JOIN `penulis` ON `penulis`.`id_penulis` = `buku`.`id_penulis`
LEFT JOIN `penerbit` ON `penerbit`.`id_penerbit` = `buku`.`id_penerbit`
LEFT JOIN `buku_rak` ON `buku_rak`.`id_buku` = `buku`.`id_buku`
LEFT JOIN `rak` ON `rak`.`id_rak` = `buku_rak`.`id_rak`', 0)
 2 SYSTEMPATH\Database\BaseConnection.php(729): CodeIgniter\Database\MySQLi\Connection->execute('SELECT `buku`.*, `kategori`.`nama_kategori`, `penulis`.`nama_penulis`, `penerbit`.`nama_penerbit`, `rak`.`nama_rak`, `rak`.`lokasi`
FROM `buku`
LEFT JOIN `kategori` ON `kategori`.`id_kategori` = `buku`.`id_kategori`
LEFT JOIN `penulis` ON `penulis`.`id_penulis` = `buku`.`id_penulis`
LEFT JOIN `penerbit` ON `penerbit`.`id_penerbit` = `buku`.`id_penerbit`
LEFT JOIN `buku_rak` ON `buku_rak`.`id_buku` = `buku`.`id_buku`
LEFT JOIN `rak` ON `rak`.`id_rak` = `buku_rak`.`id_rak`')
 3 SYSTEMPATH\Database\BaseConnection.php(646): CodeIgniter\Database\BaseConnection->simpleQuery('SELECT `buku`.*, `kategori`.`nama_kategori`, `penulis`.`nama_penulis`, `penerbit`.`nama_penerbit`, `rak`.`nama_rak`, `rak`.`lokasi`
FROM `buku`
LEFT JOIN `kategori` ON `kategori`.`id_kategori` = `buku`.`id_kategori`
LEFT JOIN `penulis` ON `penulis`.`id_penulis` = `buku`.`id_penulis`
LEFT JOIN `penerbit` ON `penerbit`.`id_penerbit` = `buku`.`id_penerbit`
LEFT JOIN `buku_rak` ON `buku_rak`.`id_buku` = `buku`.`id_buku`
LEFT JOIN `rak` ON `rak`.`id_rak` = `buku_rak`.`id_rak`')
 4 SYSTEMPATH\Database\BaseBuilder.php(1649): CodeIgniter\Database\BaseConnection->query('SELECT `buku`.*, `kategori`.`nama_kategori`, `penulis`.`nama_penulis`, `penerbit`.`nama_penerbit`, `rak`.`nama_rak`, `rak`.`lokasi`
FROM `buku`
LEFT JOIN `kategori` ON `kategori`.`id_kategori` = `buku`.`id_kategori`
LEFT JOIN `penulis` ON `penulis`.`id_penulis` = `buku`.`id_penulis`
LEFT JOIN `penerbit` ON `penerbit`.`id_penerbit` = `buku`.`id_penerbit`
LEFT JOIN `buku_rak` ON `buku_rak`.`id_buku` = `buku`.`id_buku`
LEFT JOIN `rak` ON `rak`.`id_rak` = `buku_rak`.`id_rak`', [], false)
 5 APPPATH\Controllers\buku.php(41): CodeIgniter\Database\BaseBuilder->get()
 6 SYSTEMPATH\CodeIgniter.php(933): App\Controllers\Buku->index()
 7 SYSTEMPATH\CodeIgniter.php(507): CodeIgniter\CodeIgniter->runController(Object(App\Controllers\Buku))
 8 SYSTEMPATH\CodeIgniter.php(354): CodeIgniter\CodeIgniter->handleRequest(null, Object(Config\Cache), false)
 9 SYSTEMPATH\Boot.php(363): CodeIgniter\CodeIgniter->run()
10 SYSTEMPATH\Boot.php(68): CodeIgniter\Boot::runCodeIgniter(Object(CodeIgniter\CodeIgniter))
11 FCPATH\index.php(59): CodeIgniter\Boot::bootWeb(Object(Config\Paths))
ERROR - 2026-04-17 07:35:54 --> mysqli_sql_exception: Table 'perpus.rak' doesn't exist in C:\xampp\htdocs\perpus\system\Database\MySQLi\Connection.php:327
Stack trace:
#0 C:\xampp\htdocs\perpus\system\Database\MySQLi\Connection.php(327): mysqli->query('SELECT `buku`.*...', 0)
#1 C:\xampp\htdocs\perpus\system\Database\BaseConnection.php(729): CodeIgniter\Database\MySQLi\Connection->execute('SELECT `buku`.*...')
#2 C:\xampp\htdocs\perpus\system\Database\BaseConnection.php(646): CodeIgniter\Database\BaseConnection->simpleQuery('SELECT `buku`.*...')
#3 C:\xampp\htdocs\perpus\system\Database\BaseBuilder.php(1649): CodeIgniter\Database\BaseConnection->query('SELECT `buku`.*...', Array, false)
#4 C:\xampp\htdocs\perpus\app\Controllers\buku.php(41): CodeIgniter\Database\BaseBuilder->get()
#5 C:\xampp\htdocs\perpus\system\CodeIgniter.php(933): App\Controllers\Buku->index()
#6 C:\xampp\htdocs\perpus\system\CodeIgniter.php(507): CodeIgniter\CodeIgniter->runController(Object(App\Controllers\Buku))
#7 C:\xampp\htdocs\perpus\system\CodeIgniter.php(354): CodeIgniter\CodeIgniter->handleRequest(NULL, Object(Config\Cache), false)
#8 C:\xampp\htdocs\perpus\system\Boot.php(363): CodeIgniter\CodeIgniter->run()
#9 C:\xampp\htdocs\perpus\system\Boot.php(68): CodeIgniter\Boot::runCodeIgniter(Object(CodeIgniter\CodeIgniter))
#10 C:\xampp\htdocs\perpus\public\index.php(59): CodeIgniter\Boot::bootWeb(Object(Config\Paths))
#11 {main}
CRITICAL - 2026-04-17 07:35:54 --> CodeIgniter\Database\Exceptions\DatabaseException: Table 'perpus.rak' doesn't exist
[Method: GET, Route: buku]
in SYSTEMPATH\Database\BaseConnection.php on line 684.
 1 SYSTEMPATH\Database\BaseBuilder.php(1649): CodeIgniter\Database\BaseConnection->query('SELECT `buku`.*, `kategori`.`nama_kategori`, `penulis`.`nama_penulis`, `penerbit`.`nama_penerbit`, `rak`.`nama_rak`, `rak`.`lokasi`
FROM `buku`
LEFT JOIN `kategori` ON `kategori`.`id_kategori` = `buku`.`id_kategori`
LEFT JOIN `penulis` ON `penulis`.`id_penulis` = `buku`.`id_penulis`
LEFT JOIN `penerbit` ON `penerbit`.`id_penerbit` = `buku`.`id_penerbit`
LEFT JOIN `buku_rak` ON `buku_rak`.`id_buku` = `buku`.`id_buku`
LEFT JOIN `rak` ON `rak`.`id_rak` = `buku_rak`.`id_rak`', [], false)
 2 APPPATH\Controllers\buku.php(41): CodeIgniter\Database\BaseBuilder->get()
 3 SYSTEMPATH\CodeIgniter.php(933): App\Controllers\Buku->index()
 4 SYSTEMPATH\CodeIgniter.php(507): CodeIgniter\CodeIgniter->runController(Object(App\Controllers\Buku))
 5 SYSTEMPATH\CodeIgniter.php(354): CodeIgniter\CodeIgniter->handleRequest(null, Object(Config\Cache), false)
 6 SYSTEMPATH\Boot.php(363): CodeIgniter\CodeIgniter->run()
 7 SYSTEMPATH\Boot.php(68): CodeIgniter\Boot::runCodeIgniter(Object(CodeIgniter\CodeIgniter))
 8 FCPATH\index.php(59): CodeIgniter\Boot::bootWeb(Object(Config\Paths))
CRITICAL - 2026-04-17 07:35:54 --> [Caused by] CodeIgniter\Database\Exceptions\DatabaseException: Table 'perpus.rak' doesn't exist
in SYSTEMPATH\Database\MySQLi\Connection.php on line 332.
 1 SYSTEMPATH\Database\BaseConnection.php(729): CodeIgniter\Database\MySQLi\Connection->execute('SELECT `buku`.*, `kategori`.`nama_kategori`, `penulis`.`nama_penulis`, `penerbit`.`nama_penerbit`, `rak`.`nama_rak`, `rak`.`lokasi`
FROM `buku`
LEFT JOIN `kategori` ON `kategori`.`id_kategori` = `buku`.`id_kategori`
LEFT JOIN `penulis` ON `penulis`.`id_penulis` = `buku`.`id_penulis`
LEFT JOIN `penerbit` ON `penerbit`.`id_penerbit` = `buku`.`id_penerbit`
LEFT JOIN `buku_rak` ON `buku_rak`.`id_buku` = `buku`.`id_buku`
LEFT JOIN `rak` ON `rak`.`id_rak` = `buku_rak`.`id_rak`')
 2 SYSTEMPATH\Database\BaseConnection.php(646): CodeIgniter\Database\BaseConnection->simpleQuery('SELECT `buku`.*, `kategori`.`nama_kategori`, `penulis`.`nama_penulis`, `penerbit`.`nama_penerbit`, `rak`.`nama_rak`, `rak`.`lokasi`
FROM `buku`
LEFT JOIN `kategori` ON `kategori`.`id_kategori` = `buku`.`id_kategori`
LEFT JOIN `penulis` ON `penulis`.`id_penulis` = `buku`.`id_penulis`
LEFT JOIN `penerbit` ON `penerbit`.`id_penerbit` = `buku`.`id_penerbit`
LEFT JOIN `buku_rak` ON `buku_rak`.`id_buku` = `buku`.`id_buku`
LEFT JOIN `rak` ON `rak`.`id_rak` = `buku_rak`.`id_rak`')
 3 SYSTEMPATH\Database\BaseBuilder.php(1649): CodeIgniter\Database\BaseConnection->query('SELECT `buku`.*, `kategori`.`nama_kategori`, `penulis`.`nama_penulis`, `penerbit`.`nama_penerbit`, `rak`.`nama_rak`, `rak`.`lokasi`
FROM `buku`
LEFT JOIN `kategori` ON `kategori`.`id_kategori` = `buku`.`id_kategori`
LEFT JOIN `penulis` ON `penulis`.`id_penulis` = `buku`.`id_penulis`
LEFT JOIN `penerbit` ON `penerbit`.`id_penerbit` = `buku`.`id_penerbit`
LEFT JOIN `buku_rak` ON `buku_rak`.`id_buku` = `buku`.`id_buku`
LEFT JOIN `rak` ON `rak`.`id_rak` = `buku_rak`.`id_rak`', [], false)
 4 APPPATH\Controllers\buku.php(41): CodeIgniter\Database\BaseBuilder->get()
 5 SYSTEMPATH\CodeIgniter.php(933): App\Controllers\Buku->index()
 6 SYSTEMPATH\CodeIgniter.php(507): CodeIgniter\CodeIgniter->runController(Object(App\Controllers\Buku))
 7 SYSTEMPATH\CodeIgniter.php(354): CodeIgniter\CodeIgniter->handleRequest(null, Object(Config\Cache), false)
 8 SYSTEMPATH\Boot.php(363): CodeIgniter\CodeIgniter->run()
 9 SYSTEMPATH\Boot.php(68): CodeIgniter\Boot::runCodeIgniter(Object(CodeIgniter\CodeIgniter))
10 FCPATH\index.php(59): CodeIgniter\Boot::bootWeb(Object(Config\Paths))
CRITICAL - 2026-04-17 07:35:54 --> [Caused by] mysqli_sql_exception: Table 'perpus.rak' doesn't exist
in SYSTEMPATH\Database\MySQLi\Connection.php on line 327.
 1 SYSTEMPATH\Database\MySQLi\Connection.php(327): mysqli->query('SELECT `buku`.*, `kategori`.`nama_kategori`, `penulis`.`nama_penulis`, `penerbit`.`nama_penerbit`, `rak`.`nama_rak`, `rak`.`lokasi`
FROM `buku`
LEFT JOIN `kategori` ON `kategori`.`id_kategori` = `buku`.`id_kategori`
LEFT JOIN `penulis` ON `penulis`.`id_penulis` = `buku`.`id_penulis`
LEFT JOIN `penerbit` ON `penerbit`.`id_penerbit` = `buku`.`id_penerbit`
LEFT JOIN `buku_rak` ON `buku_rak`.`id_buku` = `buku`.`id_buku`
LEFT JOIN `rak` ON `rak`.`id_rak` = `buku_rak`.`id_rak`', 0)
 2 SYSTEMPATH\Database\BaseConnection.php(729): CodeIgniter\Database\MySQLi\Connection->execute('SELECT `buku`.*, `kategori`.`nama_kategori`, `penulis`.`nama_penulis`, `penerbit`.`nama_penerbit`, `rak`.`nama_rak`, `rak`.`lokasi`
FROM `buku`
LEFT JOIN `kategori` ON `kategori`.`id_kategori` = `buku`.`id_kategori`
LEFT JOIN `penulis` ON `penulis`.`id_penulis` = `buku`.`id_penulis`
LEFT JOIN `penerbit` ON `penerbit`.`id_penerbit` = `buku`.`id_penerbit`
LEFT JOIN `buku_rak` ON `buku_rak`.`id_buku` = `buku`.`id_buku`
LEFT JOIN `rak` ON `rak`.`id_rak` = `buku_rak`.`id_rak`')
 3 SYSTEMPATH\Database\BaseConnection.php(646): CodeIgniter\Database\BaseConnection->simpleQuery('SELECT `buku`.*, `kategori`.`nama_kategori`, `penulis`.`nama_penulis`, `penerbit`.`nama_penerbit`, `rak`.`nama_rak`, `rak`.`lokasi`
FROM `buku`
LEFT JOIN `kategori` ON `kategori`.`id_kategori` = `buku`.`id_kategori`
LEFT JOIN `penulis` ON `penulis`.`id_penulis` = `buku`.`id_penulis`
LEFT JOIN `penerbit` ON `penerbit`.`id_penerbit` = `buku`.`id_penerbit`
LEFT JOIN `buku_rak` ON `buku_rak`.`id_buku` = `buku`.`id_buku`
LEFT JOIN `rak` ON `rak`.`id_rak` = `buku_rak`.`id_rak`')
 4 SYSTEMPATH\Database\BaseBuilder.php(1649): CodeIgniter\Database\BaseConnection->query('SELECT `buku`.*, `kategori`.`nama_kategori`, `penulis`.`nama_penulis`, `penerbit`.`nama_penerbit`, `rak`.`nama_rak`, `rak`.`lokasi`
FROM `buku`
LEFT JOIN `kategori` ON `kategori`.`id_kategori` = `buku`.`id_kategori`
LEFT JOIN `penulis` ON `penulis`.`id_penulis` = `buku`.`id_penulis`
LEFT JOIN `penerbit` ON `penerbit`.`id_penerbit` = `buku`.`id_penerbit`
LEFT JOIN `buku_rak` ON `buku_rak`.`id_buku` = `buku`.`id_buku`
LEFT JOIN `rak` ON `rak`.`id_rak` = `buku_rak`.`id_rak`', [], false)
 5 APPPATH\Controllers\buku.php(41): CodeIgniter\Database\BaseBuilder->get()
 6 SYSTEMPATH\CodeIgniter.php(933): App\Controllers\Buku->index()
 7 SYSTEMPATH\CodeIgniter.php(507): CodeIgniter\CodeIgniter->runController(Object(App\Controllers\Buku))
 8 SYSTEMPATH\CodeIgniter.php(354): CodeIgniter\CodeIgniter->handleRequest(null, Object(Config\Cache), false)
 9 SYSTEMPATH\Boot.php(363): CodeIgniter\CodeIgniter->run()
10 SYSTEMPATH\Boot.php(68): CodeIgniter\Boot::runCodeIgniter(Object(CodeIgniter\CodeIgniter))
11 FCPATH\index.php(59): CodeIgniter\Boot::bootWeb(Object(Config\Paths))
ERROR - 2026-04-17 07:35:55 --> mysqli_sql_exception: Table 'perpus.rak' doesn't exist in C:\xampp\htdocs\perpus\system\Database\MySQLi\Connection.php:327
Stack trace:
#0 C:\xampp\htdocs\perpus\system\Database\MySQLi\Connection.php(327): mysqli->query('SELECT `buku`.*...', 0)
#1 C:\xampp\htdocs\perpus\system\Database\BaseConnection.php(729): CodeIgniter\Database\MySQLi\Connection->execute('SELECT `buku`.*...')
#2 C:\xampp\htdocs\perpus\system\Database\BaseConnection.php(646): CodeIgniter\Database\BaseConnection->simpleQuery('SELECT `buku`.*...')
#3 C:\xampp\htdocs\perpus\system\Database\BaseBuilder.php(1649): CodeIgniter\Database\BaseConnection->query('SELECT `buku`.*...', Array, false)
#4 C:\xampp\htdocs\perpus\app\Controllers\buku.php(41): CodeIgniter\Database\BaseBuilder->get()
#5 C:\xampp\htdocs\perpus\system\CodeIgniter.php(933): App\Controllers\Buku->index()
#6 C:\xampp\htdocs\perpus\system\CodeIgniter.php(507): CodeIgniter\CodeIgniter->runController(Object(App\Controllers\Buku))
#7 C:\xampp\htdocs\perpus\system\CodeIgniter.php(354): CodeIgniter\CodeIgniter->handleRequest(NULL, Object(Config\Cache), false)
#8 C:\xampp\htdocs\perpus\system\Boot.php(363): CodeIgniter\CodeIgniter->run()
#9 C:\xampp\htdocs\perpus\system\Boot.php(68): CodeIgniter\Boot::runCodeIgniter(Object(CodeIgniter\CodeIgniter))
#10 C:\xampp\htdocs\perpus\public\index.php(59): CodeIgniter\Boot::bootWeb(Object(Config\Paths))
#11 {main}
CRITICAL - 2026-04-17 07:35:55 --> CodeIgniter\Database\Exceptions\DatabaseException: Table 'perpus.rak' doesn't exist
[Method: GET, Route: buku]
in SYSTEMPATH\Database\BaseConnection.php on line 684.
 1 SYSTEMPATH\Database\BaseBuilder.php(1649): CodeIgniter\Database\BaseConnection->query('SELECT `buku`.*, `kategori`.`nama_kategori`, `penulis`.`nama_penulis`, `penerbit`.`nama_penerbit`, `rak`.`nama_rak`, `rak`.`lokasi`
FROM `buku`
LEFT JOIN `kategori` ON `kategori`.`id_kategori` = `buku`.`id_kategori`
LEFT JOIN `penulis` ON `penulis`.`id_penulis` = `buku`.`id_penulis`
LEFT JOIN `penerbit` ON `penerbit`.`id_penerbit` = `buku`.`id_penerbit`
LEFT JOIN `buku_rak` ON `buku_rak`.`id_buku` = `buku`.`id_buku`
LEFT JOIN `rak` ON `rak`.`id_rak` = `buku_rak`.`id_rak`', [], false)
 2 APPPATH\Controllers\buku.php(41): CodeIgniter\Database\BaseBuilder->get()
 3 SYSTEMPATH\CodeIgniter.php(933): App\Controllers\Buku->index()
 4 SYSTEMPATH\CodeIgniter.php(507): CodeIgniter\CodeIgniter->runController(Object(App\Controllers\Buku))
 5 SYSTEMPATH\CodeIgniter.php(354): CodeIgniter\CodeIgniter->handleRequest(null, Object(Config\Cache), false)
 6 SYSTEMPATH\Boot.php(363): CodeIgniter\CodeIgniter->run()
 7 SYSTEMPATH\Boot.php(68): CodeIgniter\Boot::runCodeIgniter(Object(CodeIgniter\CodeIgniter))
 8 FCPATH\index.php(59): CodeIgniter\Boot::bootWeb(Object(Config\Paths))
CRITICAL - 2026-04-17 07:35:55 --> [Caused by] CodeIgniter\Database\Exceptions\DatabaseException: Table 'perpus.rak' doesn't exist
in SYSTEMPATH\Database\MySQLi\Connection.php on line 332.
 1 SYSTEMPATH\Database\BaseConnection.php(729): CodeIgniter\Database\MySQLi\Connection->execute('SELECT `buku`.*, `kategori`.`nama_kategori`, `penulis`.`nama_penulis`, `penerbit`.`nama_penerbit`, `rak`.`nama_rak`, `rak`.`lokasi`
FROM `buku`
LEFT JOIN `kategori` ON `kategori`.`id_kategori` = `buku`.`id_kategori`
LEFT JOIN `penulis` ON `penulis`.`id_penulis` = `buku`.`id_penulis`
LEFT JOIN `penerbit` ON `penerbit`.`id_penerbit` = `buku`.`id_penerbit`
LEFT JOIN `buku_rak` ON `buku_rak`.`id_buku` = `buku`.`id_buku`
LEFT JOIN `rak` ON `rak`.`id_rak` = `buku_rak`.`id_rak`')
 2 SYSTEMPATH\Database\BaseConnection.php(646): CodeIgniter\Database\BaseConnection->simpleQuery('SELECT `buku`.*, `kategori`.`nama_kategori`, `penulis`.`nama_penulis`, `penerbit`.`nama_penerbit`, `rak`.`nama_rak`, `rak`.`lokasi`
FROM `buku`
LEFT JOIN `kategori` ON `kategori`.`id_kategori` = `buku`.`id_kategori`
LEFT JOIN `penulis` ON `penulis`.`id_penulis` = `buku`.`id_penulis`
LEFT JOIN `penerbit` ON `penerbit`.`id_penerbit` = `buku`.`id_penerbit`
LEFT JOIN `buku_rak` ON `buku_rak`.`id_buku` = `buku`.`id_buku`
LEFT JOIN `rak` ON `rak`.`id_rak` = `buku_rak`.`id_rak`')
 3 SYSTEMPATH\Database\BaseBuilder.php(1649): CodeIgniter\Database\BaseConnection->query('SELECT `buku`.*, `kategori`.`nama_kategori`, `penulis`.`nama_penulis`, `penerbit`.`nama_penerbit`, `rak`.`nama_rak`, `rak`.`lokasi`
FROM `buku`
LEFT JOIN `kategori` ON `kategori`.`id_kategori` = `buku`.`id_kategori`
LEFT JOIN `penulis` ON `penulis`.`id_penulis` = `buku`.`id_penulis`
LEFT JOIN `penerbit` ON `penerbit`.`id_penerbit` = `buku`.`id_penerbit`
LEFT JOIN `buku_rak` ON `buku_rak`.`id_buku` = `buku`.`id_buku`
LEFT JOIN `rak` ON `rak`.`id_rak` = `buku_rak`.`id_rak`', [], false)
 4 APPPATH\Controllers\buku.php(41): CodeIgniter\Database\BaseBuilder->get()
 5 SYSTEMPATH\CodeIgniter.php(933): App\Controllers\Buku->index()
 6 SYSTEMPATH\CodeIgniter.php(507): CodeIgniter\CodeIgniter->runController(Object(App\Controllers\Buku))
 7 SYSTEMPATH\CodeIgniter.php(354): CodeIgniter\CodeIgniter->handleRequest(null, Object(Config\Cache), false)
 8 SYSTEMPATH\Boot.php(363): CodeIgniter\CodeIgniter->run()
 9 SYSTEMPATH\Boot.php(68): CodeIgniter\Boot::runCodeIgniter(Object(CodeIgniter\CodeIgniter))
10 FCPATH\index.php(59): CodeIgniter\Boot::bootWeb(Object(Config\Paths))
CRITICAL - 2026-04-17 07:35:55 --> [Caused by] mysqli_sql_exception: Table 'perpus.rak' doesn't exist
in SYSTEMPATH\Database\MySQLi\Connection.php on line 327.
 1 SYSTEMPATH\Database\MySQLi\Connection.php(327): mysqli->query('SELECT `buku`.*, `kategori`.`nama_kategori`, `penulis`.`nama_penulis`, `penerbit`.`nama_penerbit`, `rak`.`nama_rak`, `rak`.`lokasi`
FROM `buku`
LEFT JOIN `kategori` ON `kategori`.`id_kategori` = `buku`.`id_kategori`
LEFT JOIN `penulis` ON `penulis`.`id_penulis` = `buku`.`id_penulis`
LEFT JOIN `penerbit` ON `penerbit`.`id_penerbit` = `buku`.`id_penerbit`
LEFT JOIN `buku_rak` ON `buku_rak`.`id_buku` = `buku`.`id_buku`
LEFT JOIN `rak` ON `rak`.`id_rak` = `buku_rak`.`id_rak`', 0)
 2 SYSTEMPATH\Database\BaseConnection.php(729): CodeIgniter\Database\MySQLi\Connection->execute('SELECT `buku`.*, `kategori`.`nama_kategori`, `penulis`.`nama_penulis`, `penerbit`.`nama_penerbit`, `rak`.`nama_rak`, `rak`.`lokasi`
FROM `buku`
LEFT JOIN `kategori` ON `kategori`.`id_kategori` = `buku`.`id_kategori`
LEFT JOIN `penulis` ON `penulis`.`id_penulis` = `buku`.`id_penulis`
LEFT JOIN `penerbit` ON `penerbit`.`id_penerbit` = `buku`.`id_penerbit`
LEFT JOIN `buku_rak` ON `buku_rak`.`id_buku` = `buku`.`id_buku`
LEFT JOIN `rak` ON `rak`.`id_rak` = `buku_rak`.`id_rak`')
 3 SYSTEMPATH\Database\BaseConnection.php(646): CodeIgniter\Database\BaseConnection->simpleQuery('SELECT `buku`.*, `kategori`.`nama_kategori`, `penulis`.`nama_penulis`, `penerbit`.`nama_penerbit`, `rak`.`nama_rak`, `rak`.`lokasi`
FROM `buku`
LEFT JOIN `kategori` ON `kategori`.`id_kategori` = `buku`.`id_kategori`
LEFT JOIN `penulis` ON `penulis`.`id_penulis` = `buku`.`id_penulis`
LEFT JOIN `penerbit` ON `penerbit`.`id_penerbit` = `buku`.`id_penerbit`
LEFT JOIN `buku_rak` ON `buku_rak`.`id_buku` = `buku`.`id_buku`
LEFT JOIN `rak` ON `rak`.`id_rak` = `buku_rak`.`id_rak`')
 4 SYSTEMPATH\Database\BaseBuilder.php(1649): CodeIgniter\Database\BaseConnection->query('SELECT `buku`.*, `kategori`.`nama_kategori`, `penulis`.`nama_penulis`, `penerbit`.`nama_penerbit`, `rak`.`nama_rak`, `rak`.`lokasi`
FROM `buku`
LEFT JOIN `kategori` ON `kategori`.`id_kategori` = `buku`.`id_kategori`
LEFT JOIN `penulis` ON `penulis`.`id_penulis` = `buku`.`id_penulis`
LEFT JOIN `penerbit` ON `penerbit`.`id_penerbit` = `buku`.`id_penerbit`
LEFT JOIN `buku_rak` ON `buku_rak`.`id_buku` = `buku`.`id_buku`
LEFT JOIN `rak` ON `rak`.`id_rak` = `buku_rak`.`id_rak`', [], false)
 5 APPPATH\Controllers\buku.php(41): CodeIgniter\Database\BaseBuilder->get()
 6 SYSTEMPATH\CodeIgniter.php(933): App\Controllers\Buku->index()
 7 SYSTEMPATH\CodeIgniter.php(507): CodeIgniter\CodeIgniter->runController(Object(App\Controllers\Buku))
 8 SYSTEMPATH\CodeIgniter.php(354): CodeIgniter\CodeIgniter->handleRequest(null, Object(Config\Cache), false)
 9 SYSTEMPATH\Boot.php(363): CodeIgniter\CodeIgniter->run()
10 SYSTEMPATH\Boot.php(68): CodeIgniter\Boot::runCodeIgniter(Object(CodeIgniter\CodeIgniter))
11 FCPATH\index.php(59): CodeIgniter\Boot::bootWeb(Object(Config\Paths))
ERROR - 2026-04-17 07:35:55 --> mysqli_sql_exception: Table 'perpus.rak' doesn't exist in C:\xampp\htdocs\perpus\system\Database\MySQLi\Connection.php:327
Stack trace:
#0 C:\xampp\htdocs\perpus\system\Database\MySQLi\Connection.php(327): mysqli->query('SELECT `buku`.*...', 0)
#1 C:\xampp\htdocs\perpus\system\Database\BaseConnection.php(729): CodeIgniter\Database\MySQLi\Connection->execute('SELECT `buku`.*...')
#2 C:\xampp\htdocs\perpus\system\Database\BaseConnection.php(646): CodeIgniter\Database\BaseConnection->simpleQuery('SELECT `buku`.*...')
#3 C:\xampp\htdocs\perpus\system\Database\BaseBuilder.php(1649): CodeIgniter\Database\BaseConnection->query('SELECT `buku`.*...', Array, false)
#4 C:\xampp\htdocs\perpus\app\Controllers\buku.php(41): CodeIgniter\Database\BaseBuilder->get()
#5 C:\xampp\htdocs\perpus\system\CodeIgniter.php(933): App\Controllers\Buku->index()
#6 C:\xampp\htdocs\perpus\system\CodeIgniter.php(507): CodeIgniter\CodeIgniter->runController(Object(App\Controllers\Buku))
#7 C:\xampp\htdocs\perpus\system\CodeIgniter.php(354): CodeIgniter\CodeIgniter->handleRequest(NULL, Object(Config\Cache), false)
#8 C:\xampp\htdocs\perpus\system\Boot.php(363): CodeIgniter\CodeIgniter->run()
#9 C:\xampp\htdocs\perpus\system\Boot.php(68): CodeIgniter\Boot::runCodeIgniter(Object(CodeIgniter\CodeIgniter))
#10 C:\xampp\htdocs\perpus\public\index.php(59): CodeIgniter\Boot::bootWeb(Object(Config\Paths))
#11 {main}
CRITICAL - 2026-04-17 07:35:55 --> CodeIgniter\Database\Exceptions\DatabaseException: Table 'perpus.rak' doesn't exist
[Method: GET, Route: buku]
in SYSTEMPATH\Database\BaseConnection.php on line 684.
 1 SYSTEMPATH\Database\BaseBuilder.php(1649): CodeIgniter\Database\BaseConnection->query('SELECT `buku`.*, `kategori`.`nama_kategori`, `penulis`.`nama_penulis`, `penerbit`.`nama_penerbit`, `rak`.`nama_rak`, `rak`.`lokasi`
FROM `buku`
LEFT JOIN `kategori` ON `kategori`.`id_kategori` = `buku`.`id_kategori`
LEFT JOIN `penulis` ON `penulis`.`id_penulis` = `buku`.`id_penulis`
LEFT JOIN `penerbit` ON `penerbit`.`id_penerbit` = `buku`.`id_penerbit`
LEFT JOIN `buku_rak` ON `buku_rak`.`id_buku` = `buku`.`id_buku`
LEFT JOIN `rak` ON `rak`.`id_rak` = `buku_rak`.`id_rak`', [], false)
 2 APPPATH\Controllers\buku.php(41): CodeIgniter\Database\BaseBuilder->get()
 3 SYSTEMPATH\CodeIgniter.php(933): App\Controllers\Buku->index()
 4 SYSTEMPATH\CodeIgniter.php(507): CodeIgniter\CodeIgniter->runController(Object(App\Controllers\Buku))
 5 SYSTEMPATH\CodeIgniter.php(354): CodeIgniter\CodeIgniter->handleRequest(null, Object(Config\Cache), false)
 6 SYSTEMPATH\Boot.php(363): CodeIgniter\CodeIgniter->run()
 7 SYSTEMPATH\Boot.php(68): CodeIgniter\Boot::runCodeIgniter(Object(CodeIgniter\CodeIgniter))
 8 FCPATH\index.php(59): CodeIgniter\Boot::bootWeb(Object(Config\Paths))
CRITICAL - 2026-04-17 07:35:55 --> [Caused by] CodeIgniter\Database\Exceptions\DatabaseException: Table 'perpus.rak' doesn't exist
in SYSTEMPATH\Database\MySQLi\Connection.php on line 332.
 1 SYSTEMPATH\Database\BaseConnection.php(729): CodeIgniter\Database\MySQLi\Connection->execute('SELECT `buku`.*, `kategori`.`nama_kategori`, `penulis`.`nama_penulis`, `penerbit`.`nama_penerbit`, `rak`.`nama_rak`, `rak`.`lokasi`
FROM `buku`
LEFT JOIN `kategori` ON `kategori`.`id_kategori` = `buku`.`id_kategori`
LEFT JOIN `penulis` ON `penulis`.`id_penulis` = `buku`.`id_penulis`
LEFT JOIN `penerbit` ON `penerbit`.`id_penerbit` = `buku`.`id_penerbit`
LEFT JOIN `buku_rak` ON `buku_rak`.`id_buku` = `buku`.`id_buku`
LEFT JOIN `rak` ON `rak`.`id_rak` = `buku_rak`.`id_rak`')
 2 SYSTEMPATH\Database\BaseConnection.php(646): CodeIgniter\Database\BaseConnection->simpleQuery('SELECT `buku`.*, `kategori`.`nama_kategori`, `penulis`.`nama_penulis`, `penerbit`.`nama_penerbit`, `rak`.`nama_rak`, `rak`.`lokasi`
FROM `buku`
LEFT JOIN `kategori` ON `kategori`.`id_kategori` = `buku`.`id_kategori`
LEFT JOIN `penulis` ON `penulis`.`id_penulis` = `buku`.`id_penulis`
LEFT JOIN `penerbit` ON `penerbit`.`id_penerbit` = `buku`.`id_penerbit`
LEFT JOIN `buku_rak` ON `buku_rak`.`id_buku` = `buku`.`id_buku`
LEFT JOIN `rak` ON `rak`.`id_rak` = `buku_rak`.`id_rak`')
 3 SYSTEMPATH\Database\BaseBuilder.php(1649): CodeIgniter\Database\BaseConnection->query('SELECT `buku`.*, `kategori`.`nama_kategori`, `penulis`.`nama_penulis`, `penerbit`.`nama_penerbit`, `rak`.`nama_rak`, `rak`.`lokasi`
FROM `buku`
LEFT JOIN `kategori` ON `kategori`.`id_kategori` = `buku`.`id_kategori`
LEFT JOIN `penulis` ON `penulis`.`id_penulis` = `buku`.`id_penulis`
LEFT JOIN `penerbit` ON `penerbit`.`id_penerbit` = `buku`.`id_penerbit`
LEFT JOIN `buku_rak` ON `buku_rak`.`id_buku` = `buku`.`id_buku`
LEFT JOIN `rak` ON `rak`.`id_rak` = `buku_rak`.`id_rak`', [], false)
 4 APPPATH\Controllers\buku.php(41): CodeIgniter\Database\BaseBuilder->get()
 5 SYSTEMPATH\CodeIgniter.php(933): App\Controllers\Buku->index()
 6 SYSTEMPATH\CodeIgniter.php(507): CodeIgniter\CodeIgniter->runController(Object(App\Controllers\Buku))
 7 SYSTEMPATH\CodeIgniter.php(354): CodeIgniter\CodeIgniter->handleRequest(null, Object(Config\Cache), false)
 8 SYSTEMPATH\Boot.php(363): CodeIgniter\CodeIgniter->run()
 9 SYSTEMPATH\Boot.php(68): CodeIgniter\Boot::runCodeIgniter(Object(CodeIgniter\CodeIgniter))
10 FCPATH\index.php(59): CodeIgniter\Boot::bootWeb(Object(Config\Paths))
CRITICAL - 2026-04-17 07:35:55 --> [Caused by] mysqli_sql_exception: Table 'perpus.rak' doesn't exist
in SYSTEMPATH\Database\MySQLi\Connection.php on line 327.
 1 SYSTEMPATH\Database\MySQLi\Connection.php(327): mysqli->query('SELECT `buku`.*, `kategori`.`nama_kategori`, `penulis`.`nama_penulis`, `penerbit`.`nama_penerbit`, `rak`.`nama_rak`, `rak`.`lokasi`
FROM `buku`
LEFT JOIN `kategori` ON `kategori`.`id_kategori` = `buku`.`id_kategori`
LEFT JOIN `penulis` ON `penulis`.`id_penulis` = `buku`.`id_penulis`
LEFT JOIN `penerbit` ON `penerbit`.`id_penerbit` = `buku`.`id_penerbit`
LEFT JOIN `buku_rak` ON `buku_rak`.`id_buku` = `buku`.`id_buku`
LEFT JOIN `rak` ON `rak`.`id_rak` = `buku_rak`.`id_rak`', 0)
 2 SYSTEMPATH\Database\BaseConnection.php(729): CodeIgniter\Database\MySQLi\Connection->execute('SELECT `buku`.*, `kategori`.`nama_kategori`, `penulis`.`nama_penulis`, `penerbit`.`nama_penerbit`, `rak`.`nama_rak`, `rak`.`lokasi`
FROM `buku`
LEFT JOIN `kategori` ON `kategori`.`id_kategori` = `buku`.`id_kategori`
LEFT JOIN `penulis` ON `penulis`.`id_penulis` = `buku`.`id_penulis`
LEFT JOIN `penerbit` ON `penerbit`.`id_penerbit` = `buku`.`id_penerbit`
LEFT JOIN `buku_rak` ON `buku_rak`.`id_buku` = `buku`.`id_buku`
LEFT JOIN `rak` ON `rak`.`id_rak` = `buku_rak`.`id_rak`')
 3 SYSTEMPATH\Database\BaseConnection.php(646): CodeIgniter\Database\BaseConnection->simpleQuery('SELECT `buku`.*, `kategori`.`nama_kategori`, `penulis`.`nama_penulis`, `penerbit`.`nama_penerbit`, `rak`.`nama_rak`, `rak`.`lokasi`
FROM `buku`
LEFT JOIN `kategori` ON `kategori`.`id_kategori` = `buku`.`id_kategori`
LEFT JOIN `penulis` ON `penulis`.`id_penulis` = `buku`.`id_penulis`
LEFT JOIN `penerbit` ON `penerbit`.`id_penerbit` = `buku`.`id_penerbit`
LEFT JOIN `buku_rak` ON `buku_rak`.`id_buku` = `buku`.`id_buku`
LEFT JOIN `rak` ON `rak`.`id_rak` = `buku_rak`.`id_rak`')
 4 SYSTEMPATH\Database\BaseBuilder.php(1649): CodeIgniter\Database\BaseConnection->query('SELECT `buku`.*, `kategori`.`nama_kategori`, `penulis`.`nama_penulis`, `penerbit`.`nama_penerbit`, `rak`.`nama_rak`, `rak`.`lokasi`
FROM `buku`
LEFT JOIN `kategori` ON `kategori`.`id_kategori` = `buku`.`id_kategori`
LEFT JOIN `penulis` ON `penulis`.`id_penulis` = `buku`.`id_penulis`
LEFT JOIN `penerbit` ON `penerbit`.`id_penerbit` = `buku`.`id_penerbit`
LEFT JOIN `buku_rak` ON `buku_rak`.`id_buku` = `buku`.`id_buku`
LEFT JOIN `rak` ON `rak`.`id_rak` = `buku_rak`.`id_rak`', [], false)
 5 APPPATH\Controllers\buku.php(41): CodeIgniter\Database\BaseBuilder->get()
 6 SYSTEMPATH\CodeIgniter.php(933): App\Controllers\Buku->index()
 7 SYSTEMPATH\CodeIgniter.php(507): CodeIgniter\CodeIgniter->runController(Object(App\Controllers\Buku))
 8 SYSTEMPATH\CodeIgniter.php(354): CodeIgniter\CodeIgniter->handleRequest(null, Object(Config\Cache), false)
 9 SYSTEMPATH\Boot.php(363): CodeIgniter\CodeIgniter->run()
10 SYSTEMPATH\Boot.php(68): CodeIgniter\Boot::runCodeIgniter(Object(CodeIgniter\CodeIgniter))
11 FCPATH\index.php(59): CodeIgniter\Boot::bootWeb(Object(Config\Paths))
ERROR - 2026-04-17 07:35:55 --> mysqli_sql_exception: Table 'perpus.rak' doesn't exist in C:\xampp\htdocs\perpus\system\Database\MySQLi\Connection.php:327
Stack trace:
#0 C:\xampp\htdocs\perpus\system\Database\MySQLi\Connection.php(327): mysqli->query('SELECT `buku`.*...', 0)
#1 C:\xampp\htdocs\perpus\system\Database\BaseConnection.php(729): CodeIgniter\Database\MySQLi\Connection->execute('SELECT `buku`.*...')
#2 C:\xampp\htdocs\perpus\system\Database\BaseConnection.php(646): CodeIgniter\Database\BaseConnection->simpleQuery('SELECT `buku`.*...')
#3 C:\xampp\htdocs\perpus\system\Database\BaseBuilder.php(1649): CodeIgniter\Database\BaseConnection->query('SELECT `buku`.*...', Array, false)
#4 C:\xampp\htdocs\perpus\app\Controllers\buku.php(41): CodeIgniter\Database\BaseBuilder->get()
#5 C:\xampp\htdocs\perpus\system\CodeIgniter.php(933): App\Controllers\Buku->index()
#6 C:\xampp\htdocs\perpus\system\CodeIgniter.php(507): CodeIgniter\CodeIgniter->runController(Object(App\Controllers\Buku))
#7 C:\xampp\htdocs\perpus\system\CodeIgniter.php(354): CodeIgniter\CodeIgniter->handleRequest(NULL, Object(Config\Cache), false)
#8 C:\xampp\htdocs\perpus\system\Boot.php(363): CodeIgniter\CodeIgniter->run()
#9 C:\xampp\htdocs\perpus\system\Boot.php(68): CodeIgniter\Boot::runCodeIgniter(Object(CodeIgniter\CodeIgniter))
#10 C:\xampp\htdocs\perpus\public\index.php(59): CodeIgniter\Boot::bootWeb(Object(Config\Paths))
#11 {main}
CRITICAL - 2026-04-17 07:35:55 --> CodeIgniter\Database\Exceptions\DatabaseException: Table 'perpus.rak' doesn't exist
[Method: GET, Route: buku]
in SYSTEMPATH\Database\BaseConnection.php on line 684.
 1 SYSTEMPATH\Database\BaseBuilder.php(1649): CodeIgniter\Database\BaseConnection->query('SELECT `buku`.*, `kategori`.`nama_kategori`, `penulis`.`nama_penulis`, `penerbit`.`nama_penerbit`, `rak`.`nama_rak`, `rak`.`lokasi`
FROM `buku`
LEFT JOIN `kategori` ON `kategori`.`id_kategori` = `buku`.`id_kategori`
LEFT JOIN `penulis` ON `penulis`.`id_penulis` = `buku`.`id_penulis`
LEFT JOIN `penerbit` ON `penerbit`.`id_penerbit` = `buku`.`id_penerbit`
LEFT JOIN `buku_rak` ON `buku_rak`.`id_buku` = `buku`.`id_buku`
LEFT JOIN `rak` ON `rak`.`id_rak` = `buku_rak`.`id_rak`', [], false)
 2 APPPATH\Controllers\buku.php(41): CodeIgniter\Database\BaseBuilder->get()
 3 SYSTEMPATH\CodeIgniter.php(933): App\Controllers\Buku->index()
 4 SYSTEMPATH\CodeIgniter.php(507): CodeIgniter\CodeIgniter->runController(Object(App\Controllers\Buku))
 5 SYSTEMPATH\CodeIgniter.php(354): CodeIgniter\CodeIgniter->handleRequest(null, Object(Config\Cache), false)
 6 SYSTEMPATH\Boot.php(363): CodeIgniter\CodeIgniter->run()
 7 SYSTEMPATH\Boot.php(68): CodeIgniter\Boot::runCodeIgniter(Object(CodeIgniter\CodeIgniter))
 8 FCPATH\index.php(59): CodeIgniter\Boot::bootWeb(Object(Config\Paths))
CRITICAL - 2026-04-17 07:35:55 --> [Caused by] CodeIgniter\Database\Exceptions\DatabaseException: Table 'perpus.rak' doesn't exist
in SYSTEMPATH\Database\MySQLi\Connection.php on line 332.
 1 SYSTEMPATH\Database\BaseConnection.php(729): CodeIgniter\Database\MySQLi\Connection->execute('SELECT `buku`.*, `kategori`.`nama_kategori`, `penulis`.`nama_penulis`, `penerbit`.`nama_penerbit`, `rak`.`nama_rak`, `rak`.`lokasi`
FROM `buku`
LEFT JOIN `kategori` ON `kategori`.`id_kategori` = `buku`.`id_kategori`
LEFT JOIN `penulis` ON `penulis`.`id_penulis` = `buku`.`id_penulis`
LEFT JOIN `penerbit` ON `penerbit`.`id_penerbit` = `buku`.`id_penerbit`
LEFT JOIN `buku_rak` ON `buku_rak`.`id_buku` = `buku`.`id_buku`
LEFT JOIN `rak` ON `rak`.`id_rak` = `buku_rak`.`id_rak`')
 2 SYSTEMPATH\Database\BaseConnection.php(646): CodeIgniter\Database\BaseConnection->simpleQuery('SELECT `buku`.*, `kategori`.`nama_kategori`, `penulis`.`nama_penulis`, `penerbit`.`nama_penerbit`, `rak`.`nama_rak`, `rak`.`lokasi`
FROM `buku`
LEFT JOIN `kategori` ON `kategori`.`id_kategori` = `buku`.`id_kategori`
LEFT JOIN `penulis` ON `penulis`.`id_penulis` = `buku`.`id_penulis`
LEFT JOIN `penerbit` ON `penerbit`.`id_penerbit` = `buku`.`id_penerbit`
LEFT JOIN `buku_rak` ON `buku_rak`.`id_buku` = `buku`.`id_buku`
LEFT JOIN `rak` ON `rak`.`id_rak` = `buku_rak`.`id_rak`')
 3 SYSTEMPATH\Database\BaseBuilder.php(1649): CodeIgniter\Database\BaseConnection->query('SELECT `buku`.*, `kategori`.`nama_kategori`, `penulis`.`nama_penulis`, `penerbit`.`nama_penerbit`, `rak`.`nama_rak`, `rak`.`lokasi`
FROM `buku`
LEFT JOIN `kategori` ON `kategori`.`id_kategori` = `buku`.`id_kategori`
LEFT JOIN `penulis` ON `penulis`.`id_penulis` = `buku`.`id_penulis`
LEFT JOIN `penerbit` ON `penerbit`.`id_penerbit` = `buku`.`id_penerbit`
LEFT JOIN `buku_rak` ON `buku_rak`.`id_buku` = `buku`.`id_buku`
LEFT JOIN `rak` ON `rak`.`id_rak` = `buku_rak`.`id_rak`', [], false)
 4 APPPATH\Controllers\buku.php(41): CodeIgniter\Database\BaseBuilder->get()
 5 SYSTEMPATH\CodeIgniter.php(933): App\Controllers\Buku->index()
 6 SYSTEMPATH\CodeIgniter.php(507): CodeIgniter\CodeIgniter->runController(Object(App\Controllers\Buku))
 7 SYSTEMPATH\CodeIgniter.php(354): CodeIgniter\CodeIgniter->handleRequest(null, Object(Config\Cache), false)
 8 SYSTEMPATH\Boot.php(363): CodeIgniter\CodeIgniter->run()
 9 SYSTEMPATH\Boot.php(68): CodeIgniter\Boot::runCodeIgniter(Object(CodeIgniter\CodeIgniter))
10 FCPATH\index.php(59): CodeIgniter\Boot::bootWeb(Object(Config\Paths))
CRITICAL - 2026-04-17 07:35:55 --> [Caused by] mysqli_sql_exception: Table 'perpus.rak' doesn't exist
in SYSTEMPATH\Database\MySQLi\Connection.php on line 327.
 1 SYSTEMPATH\Database\MySQLi\Connection.php(327): mysqli->query('SELECT `buku`.*, `kategori`.`nama_kategori`, `penulis`.`nama_penulis`, `penerbit`.`nama_penerbit`, `rak`.`nama_rak`, `rak`.`lokasi`
FROM `buku`
LEFT JOIN `kategori` ON `kategori`.`id_kategori` = `buku`.`id_kategori`
LEFT JOIN `penulis` ON `penulis`.`id_penulis` = `buku`.`id_penulis`
LEFT JOIN `penerbit` ON `penerbit`.`id_penerbit` = `buku`.`id_penerbit`
LEFT JOIN `buku_rak` ON `buku_rak`.`id_buku` = `buku`.`id_buku`
LEFT JOIN `rak` ON `rak`.`id_rak` = `buku_rak`.`id_rak`', 0)
 2 SYSTEMPATH\Database\BaseConnection.php(729): CodeIgniter\Database\MySQLi\Connection->execute('SELECT `buku`.*, `kategori`.`nama_kategori`, `penulis`.`nama_penulis`, `penerbit`.`nama_penerbit`, `rak`.`nama_rak`, `rak`.`lokasi`
FROM `buku`
LEFT JOIN `kategori` ON `kategori`.`id_kategori` = `buku`.`id_kategori`
LEFT JOIN `penulis` ON `penulis`.`id_penulis` = `buku`.`id_penulis`
LEFT JOIN `penerbit` ON `penerbit`.`id_penerbit` = `buku`.`id_penerbit`
LEFT JOIN `buku_rak` ON `buku_rak`.`id_buku` = `buku`.`id_buku`
LEFT JOIN `rak` ON `rak`.`id_rak` = `buku_rak`.`id_rak`')
 3 SYSTEMPATH\Database\BaseConnection.php(646): CodeIgniter\Database\BaseConnection->simpleQuery('SELECT `buku`.*, `kategori`.`nama_kategori`, `penulis`.`nama_penulis`, `penerbit`.`nama_penerbit`, `rak`.`nama_rak`, `rak`.`lokasi`
FROM `buku`
LEFT JOIN `kategori` ON `kategori`.`id_kategori` = `buku`.`id_kategori`
LEFT JOIN `penulis` ON `penulis`.`id_penulis` = `buku`.`id_penulis`
LEFT JOIN `penerbit` ON `penerbit`.`id_penerbit` = `buku`.`id_penerbit`
LEFT JOIN `buku_rak` ON `buku_rak`.`id_buku` = `buku`.`id_buku`
LEFT JOIN `rak` ON `rak`.`id_rak` = `buku_rak`.`id_rak`')
 4 SYSTEMPATH\Database\BaseBuilder.php(1649): CodeIgniter\Database\BaseConnection->query('SELECT `buku`.*, `kategori`.`nama_kategori`, `penulis`.`nama_penulis`, `penerbit`.`nama_penerbit`, `rak`.`nama_rak`, `rak`.`lokasi`
FROM `buku`
LEFT JOIN `kategori` ON `kategori`.`id_kategori` = `buku`.`id_kategori`
LEFT JOIN `penulis` ON `penulis`.`id_penulis` = `buku`.`id_penulis`
LEFT JOIN `penerbit` ON `penerbit`.`id_penerbit` = `buku`.`id_penerbit`
LEFT JOIN `buku_rak` ON `buku_rak`.`id_buku` = `buku`.`id_buku`
LEFT JOIN `rak` ON `rak`.`id_rak` = `buku_rak`.`id_rak`', [], false)
 5 APPPATH\Controllers\buku.php(41): CodeIgniter\Database\BaseBuilder->get()
 6 SYSTEMPATH\CodeIgniter.php(933): App\Controllers\Buku->index()
 7 SYSTEMPATH\CodeIgniter.php(507): CodeIgniter\CodeIgniter->runController(Object(App\Controllers\Buku))
 8 SYSTEMPATH\CodeIgniter.php(354): CodeIgniter\CodeIgniter->handleRequest(null, Object(Config\Cache), false)
 9 SYSTEMPATH\Boot.php(363): CodeIgniter\CodeIgniter->run()
10 SYSTEMPATH\Boot.php(68): CodeIgniter\Boot::runCodeIgniter(Object(CodeIgniter\CodeIgniter))
11 FCPATH\index.php(59): CodeIgniter\Boot::bootWeb(Object(Config\Paths))
ERROR - 2026-04-17 07:35:56 --> mysqli_sql_exception: Table 'perpus.rak' doesn't exist in C:\xampp\htdocs\perpus\system\Database\MySQLi\Connection.php:327
Stack trace:
#0 C:\xampp\htdocs\perpus\system\Database\MySQLi\Connection.php(327): mysqli->query('SELECT `buku`.*...', 0)
#1 C:\xampp\htdocs\perpus\system\Database\BaseConnection.php(729): CodeIgniter\Database\MySQLi\Connection->execute('SELECT `buku`.*...')
#2 C:\xampp\htdocs\perpus\system\Database\BaseConnection.php(646): CodeIgniter\Database\BaseConnection->simpleQuery('SELECT `buku`.*...')
#3 C:\xampp\htdocs\perpus\system\Database\BaseBuilder.php(1649): CodeIgniter\Database\BaseConnection->query('SELECT `buku`.*...', Array, false)
#4 C:\xampp\htdocs\perpus\app\Controllers\buku.php(41): CodeIgniter\Database\BaseBuilder->get()
#5 C:\xampp\htdocs\perpus\system\CodeIgniter.php(933): App\Controllers\Buku->index()
#6 C:\xampp\htdocs\perpus\system\CodeIgniter.php(507): CodeIgniter\CodeIgniter->runController(Object(App\Controllers\Buku))
#7 C:\xampp\htdocs\perpus\system\CodeIgniter.php(354): CodeIgniter\CodeIgniter->handleRequest(NULL, Object(Config\Cache), false)
#8 C:\xampp\htdocs\perpus\system\Boot.php(363): CodeIgniter\CodeIgniter->run()
#9 C:\xampp\htdocs\perpus\system\Boot.php(68): CodeIgniter\Boot::runCodeIgniter(Object(CodeIgniter\CodeIgniter))
#10 C:\xampp\htdocs\perpus\public\index.php(59): CodeIgniter\Boot::bootWeb(Object(Config\Paths))
#11 {main}
CRITICAL - 2026-04-17 07:35:56 --> CodeIgniter\Database\Exceptions\DatabaseException: Table 'perpus.rak' doesn't exist
[Method: GET, Route: buku]
in SYSTEMPATH\Database\BaseConnection.php on line 684.
 1 SYSTEMPATH\Database\BaseBuilder.php(1649): CodeIgniter\Database\BaseConnection->query('SELECT `buku`.*, `kategori`.`nama_kategori`, `penulis`.`nama_penulis`, `penerbit`.`nama_penerbit`, `rak`.`nama_rak`, `rak`.`lokasi`
FROM `buku`
LEFT JOIN `kategori` ON `kategori`.`id_kategori` = `buku`.`id_kategori`
LEFT JOIN `penulis` ON `penulis`.`id_penulis` = `buku`.`id_penulis`
LEFT JOIN `penerbit` ON `penerbit`.`id_penerbit` = `buku`.`id_penerbit`
LEFT JOIN `buku_rak` ON `buku_rak`.`id_buku` = `buku`.`id_buku`
LEFT JOIN `rak` ON `rak`.`id_rak` = `buku_rak`.`id_rak`', [], false)
 2 APPPATH\Controllers\buku.php(41): CodeIgniter\Database\BaseBuilder->get()
 3 SYSTEMPATH\CodeIgniter.php(933): App\Controllers\Buku->index()
 4 SYSTEMPATH\CodeIgniter.php(507): CodeIgniter\CodeIgniter->runController(Object(App\Controllers\Buku))
 5 SYSTEMPATH\CodeIgniter.php(354): CodeIgniter\CodeIgniter->handleRequest(null, Object(Config\Cache), false)
 6 SYSTEMPATH\Boot.php(363): CodeIgniter\CodeIgniter->run()
 7 SYSTEMPATH\Boot.php(68): CodeIgniter\Boot::runCodeIgniter(Object(CodeIgniter\CodeIgniter))
 8 FCPATH\index.php(59): CodeIgniter\Boot::bootWeb(Object(Config\Paths))
CRITICAL - 2026-04-17 07:35:56 --> [Caused by] CodeIgniter\Database\Exceptions\DatabaseException: Table 'perpus.rak' doesn't exist
in SYSTEMPATH\Database\MySQLi\Connection.php on line 332.
 1 SYSTEMPATH\Database\BaseConnection.php(729): CodeIgniter\Database\MySQLi\Connection->execute('SELECT `buku`.*, `kategori`.`nama_kategori`, `penulis`.`nama_penulis`, `penerbit`.`nama_penerbit`, `rak`.`nama_rak`, `rak`.`lokasi`
FROM `buku`
LEFT JOIN `kategori` ON `kategori`.`id_kategori` = `buku`.`id_kategori`
LEFT JOIN `penulis` ON `penulis`.`id_penulis` = `buku`.`id_penulis`
LEFT JOIN `penerbit` ON `penerbit`.`id_penerbit` = `buku`.`id_penerbit`
LEFT JOIN `buku_rak` ON `buku_rak`.`id_buku` = `buku`.`id_buku`
LEFT JOIN `rak` ON `rak`.`id_rak` = `buku_rak`.`id_rak`')
 2 SYSTEMPATH\Database\BaseConnection.php(646): CodeIgniter\Database\BaseConnection->simpleQuery('SELECT `buku`.*, `kategori`.`nama_kategori`, `penulis`.`nama_penulis`, `penerbit`.`nama_penerbit`, `rak`.`nama_rak`, `rak`.`lokasi`
FROM `buku`
LEFT JOIN `kategori` ON `kategori`.`id_kategori` = `buku`.`id_kategori`
LEFT JOIN `penulis` ON `penulis`.`id_penulis` = `buku`.`id_penulis`
LEFT JOIN `penerbit` ON `penerbit`.`id_penerbit` = `buku`.`id_penerbit`
LEFT JOIN `buku_rak` ON `buku_rak`.`id_buku` = `buku`.`id_buku`
LEFT JOIN `rak` ON `rak`.`id_rak` = `buku_rak`.`id_rak`')
 3 SYSTEMPATH\Database\BaseBuilder.php(1649): CodeIgniter\Database\BaseConnection->query('SELECT `buku`.*, `kategori`.`nama_kategori`, `penulis`.`nama_penulis`, `penerbit`.`nama_penerbit`, `rak`.`nama_rak`, `rak`.`lokasi`
FROM `buku`
LEFT JOIN `kategori` ON `kategori`.`id_kategori` = `buku`.`id_kategori`
LEFT JOIN `penulis` ON `penulis`.`id_penulis` = `buku`.`id_penulis`
LEFT JOIN `penerbit` ON `penerbit`.`id_penerbit` = `buku`.`id_penerbit`
LEFT JOIN `buku_rak` ON `buku_rak`.`id_buku` = `buku`.`id_buku`
LEFT JOIN `rak` ON `rak`.`id_rak` = `buku_rak`.`id_rak`', [], false)
 4 APPPATH\Controllers\buku.php(41): CodeIgniter\Database\BaseBuilder->get()
 5 SYSTEMPATH\CodeIgniter.php(933): App\Controllers\Buku->index()
 6 SYSTEMPATH\CodeIgniter.php(507): CodeIgniter\CodeIgniter->runController(Object(App\Controllers\Buku))
 7 SYSTEMPATH\CodeIgniter.php(354): CodeIgniter\CodeIgniter->handleRequest(null, Object(Config\Cache), false)
 8 SYSTEMPATH\Boot.php(363): CodeIgniter\CodeIgniter->run()
 9 SYSTEMPATH\Boot.php(68): CodeIgniter\Boot::runCodeIgniter(Object(CodeIgniter\CodeIgniter))
10 FCPATH\index.php(59): CodeIgniter\Boot::bootWeb(Object(Config\Paths))
CRITICAL - 2026-04-17 07:35:56 --> [Caused by] mysqli_sql_exception: Table 'perpus.rak' doesn't exist
in SYSTEMPATH\Database\MySQLi\Connection.php on line 327.
 1 SYSTEMPATH\Database\MySQLi\Connection.php(327): mysqli->query('SELECT `buku`.*, `kategori`.`nama_kategori`, `penulis`.`nama_penulis`, `penerbit`.`nama_penerbit`, `rak`.`nama_rak`, `rak`.`lokasi`
FROM `buku`
LEFT JOIN `kategori` ON `kategori`.`id_kategori` = `buku`.`id_kategori`
LEFT JOIN `penulis` ON `penulis`.`id_penulis` = `buku`.`id_penulis`
LEFT JOIN `penerbit` ON `penerbit`.`id_penerbit` = `buku`.`id_penerbit`
LEFT JOIN `buku_rak` ON `buku_rak`.`id_buku` = `buku`.`id_buku`
LEFT JOIN `rak` ON `rak`.`id_rak` = `buku_rak`.`id_rak`', 0)
 2 SYSTEMPATH\Database\BaseConnection.php(729): CodeIgniter\Database\MySQLi\Connection->execute('SELECT `buku`.*, `kategori`.`nama_kategori`, `penulis`.`nama_penulis`, `penerbit`.`nama_penerbit`, `rak`.`nama_rak`, `rak`.`lokasi`
FROM `buku`
LEFT JOIN `kategori` ON `kategori`.`id_kategori` = `buku`.`id_kategori`
LEFT JOIN `penulis` ON `penulis`.`id_penulis` = `buku`.`id_penulis`
LEFT JOIN `penerbit` ON `penerbit`.`id_penerbit` = `buku`.`id_penerbit`
LEFT JOIN `buku_rak` ON `buku_rak`.`id_buku` = `buku`.`id_buku`
LEFT JOIN `rak` ON `rak`.`id_rak` = `buku_rak`.`id_rak`')
 3 SYSTEMPATH\Database\BaseConnection.php(646): CodeIgniter\Database\BaseConnection->simpleQuery('SELECT `buku`.*, `kategori`.`nama_kategori`, `penulis`.`nama_penulis`, `penerbit`.`nama_penerbit`, `rak`.`nama_rak`, `rak`.`lokasi`
FROM `buku`
LEFT JOIN `kategori` ON `kategori`.`id_kategori` = `buku`.`id_kategori`
LEFT JOIN `penulis` ON `penulis`.`id_penulis` = `buku`.`id_penulis`
LEFT JOIN `penerbit` ON `penerbit`.`id_penerbit` = `buku`.`id_penerbit`
LEFT JOIN `buku_rak` ON `buku_rak`.`id_buku` = `buku`.`id_buku`
LEFT JOIN `rak` ON `rak`.`id_rak` = `buku_rak`.`id_rak`')
 4 SYSTEMPATH\Database\BaseBuilder.php(1649): CodeIgniter\Database\BaseConnection->query('SELECT `buku`.*, `kategori`.`nama_kategori`, `penulis`.`nama_penulis`, `penerbit`.`nama_penerbit`, `rak`.`nama_rak`, `rak`.`lokasi`
FROM `buku`
LEFT JOIN `kategori` ON `kategori`.`id_kategori` = `buku`.`id_kategori`
LEFT JOIN `penulis` ON `penulis`.`id_penulis` = `buku`.`id_penulis`
LEFT JOIN `penerbit` ON `penerbit`.`id_penerbit` = `buku`.`id_penerbit`
LEFT JOIN `buku_rak` ON `buku_rak`.`id_buku` = `buku`.`id_buku`
LEFT JOIN `rak` ON `rak`.`id_rak` = `buku_rak`.`id_rak`', [], false)
 5 APPPATH\Controllers\buku.php(41): CodeIgniter\Database\BaseBuilder->get()
 6 SYSTEMPATH\CodeIgniter.php(933): App\Controllers\Buku->index()
 7 SYSTEMPATH\CodeIgniter.php(507): CodeIgniter\CodeIgniter->runController(Object(App\Controllers\Buku))
 8 SYSTEMPATH\CodeIgniter.php(354): CodeIgniter\CodeIgniter->handleRequest(null, Object(Config\Cache), false)
 9 SYSTEMPATH\Boot.php(363): CodeIgniter\CodeIgniter->run()
10 SYSTEMPATH\Boot.php(68): CodeIgniter\Boot::runCodeIgniter(Object(CodeIgniter\CodeIgniter))
11 FCPATH\index.php(59): CodeIgniter\Boot::bootWeb(Object(Config\Paths))
DEBUG - 2026-04-17 07:40:26 --> Session: Class initialized using 'CodeIgniter\Session\Handlers\FileHandler' driver.
DEBUG - 2026-04-17 07:40:35 --> Session: Class initialized using 'CodeIgniter\Session\Handlers\FileHandler' driver.
DEBUG - 2026-04-17 07:41:01 --> Session: Class initialized using 'CodeIgniter\Session\Handlers\FileHandler' driver.
ERROR - 2026-04-17 07:41:04 --> mysqli_sql_exception: Table 'perpus.rak' doesn't exist in C:\xampp\htdocs\perpus\system\Database\MySQLi\Connection.php:327
Stack trace:
#0 C:\xampp\htdocs\perpus\system\Database\MySQLi\Connection.php(327): mysqli->query('SELECT `buku`.*...', 0)
#1 C:\xampp\htdocs\perpus\system\Database\BaseConnection.php(729): CodeIgniter\Database\MySQLi\Connection->execute('SELECT `buku`.*...')
#2 C:\xampp\htdocs\perpus\system\Database\BaseConnection.php(646): CodeIgniter\Database\BaseConnection->simpleQuery('SELECT `buku`.*...')
#3 C:\xampp\htdocs\perpus\system\Database\BaseBuilder.php(1649): CodeIgniter\Database\BaseConnection->query('SELECT `buku`.*...', Array, false)
#4 C:\xampp\htdocs\perpus\app\Controllers\buku.php(41): CodeIgniter\Database\BaseBuilder->get()
#5 C:\xampp\htdocs\perpus\system\CodeIgniter.php(933): App\Controllers\Buku->index()
#6 C:\xampp\htdocs\perpus\system\CodeIgniter.php(507): CodeIgniter\CodeIgniter->runController(Object(App\Controllers\Buku))
#7 C:\xampp\htdocs\perpus\system\CodeIgniter.php(354): CodeIgniter\CodeIgniter->handleRequest(NULL, Object(Config\Cache), false)
#8 C:\xampp\htdocs\perpus\system\Boot.php(363): CodeIgniter\CodeIgniter->run()
#9 C:\xampp\htdocs\perpus\system\Boot.php(68): CodeIgniter\Boot::runCodeIgniter(Object(CodeIgniter\CodeIgniter))
#10 C:\xampp\htdocs\perpus\index.php(59): CodeIgniter\Boot::bootWeb(Object(Config\Paths))
#11 {main}
CRITICAL - 2026-04-17 07:41:04 --> CodeIgniter\Database\Exceptions\DatabaseException: Table 'perpus.rak' doesn't exist
[Method: GET, Route: buku]
in SYSTEMPATH\Database\BaseConnection.php on line 684.
 1 SYSTEMPATH\Database\BaseBuilder.php(1649): CodeIgniter\Database\BaseConnection->query('SELECT `buku`.*, `kategori`.`nama_kategori`, `penulis`.`nama_penulis`, `penerbit`.`nama_penerbit`, `rak`.`nama_rak`, `rak`.`lokasi`
FROM `buku`
LEFT JOIN `kategori` ON `kategori`.`id_kategori` = `buku`.`id_kategori`
LEFT JOIN `penulis` ON `penulis`.`id_penulis` = `buku`.`id_penulis`
LEFT JOIN `penerbit` ON `penerbit`.`id_penerbit` = `buku`.`id_penerbit`
LEFT JOIN `buku_rak` ON `buku_rak`.`id_buku` = `buku`.`id_buku`
LEFT JOIN `rak` ON `rak`.`id_rak` = `buku_rak`.`id_rak`', [], false)
 2 APPPATH\Controllers\buku.php(41): CodeIgniter\Database\BaseBuilder->get()
 3 SYSTEMPATH\CodeIgniter.php(933): App\Controllers\Buku->index()
 4 SYSTEMPATH\CodeIgniter.php(507): CodeIgniter\CodeIgniter->runController(Object(App\Controllers\Buku))
 5 SYSTEMPATH\CodeIgniter.php(354): CodeIgniter\CodeIgniter->handleRequest(null, Object(Config\Cache), false)
 6 SYSTEMPATH\Boot.php(363): CodeIgniter\CodeIgniter->run()
 7 SYSTEMPATH\Boot.php(68): CodeIgniter\Boot::runCodeIgniter(Object(CodeIgniter\CodeIgniter))
 8 FCPATH\index.php(59): CodeIgniter\Boot::bootWeb(Object(Config\Paths))
CRITICAL - 2026-04-17 07:41:04 --> [Caused by] CodeIgniter\Database\Exceptions\DatabaseException: Table 'perpus.rak' doesn't exist
in SYSTEMPATH\Database\MySQLi\Connection.php on line 332.
 1 SYSTEMPATH\Database\BaseConnection.php(729): CodeIgniter\Database\MySQLi\Connection->execute('SELECT `buku`.*, `kategori`.`nama_kategori`, `penulis`.`nama_penulis`, `penerbit`.`nama_penerbit`, `rak`.`nama_rak`, `rak`.`lokasi`
FROM `buku`
LEFT JOIN `kategori` ON `kategori`.`id_kategori` = `buku`.`id_kategori`
LEFT JOIN `penulis` ON `penulis`.`id_penulis` = `buku`.`id_penulis`
LEFT JOIN `penerbit` ON `penerbit`.`id_penerbit` = `buku`.`id_penerbit`
LEFT JOIN `buku_rak` ON `buku_rak`.`id_buku` = `buku`.`id_buku`
LEFT JOIN `rak` ON `rak`.`id_rak` = `buku_rak`.`id_rak`')
 2 SYSTEMPATH\Database\BaseConnection.php(646): CodeIgniter\Database\BaseConnection->simpleQuery('SELECT `buku`.*, `kategori`.`nama_kategori`, `penulis`.`nama_penulis`, `penerbit`.`nama_penerbit`, `rak`.`nama_rak`, `rak`.`lokasi`
FROM `buku`
LEFT JOIN `kategori` ON `kategori`.`id_kategori` = `buku`.`id_kategori`
LEFT JOIN `penulis` ON `penulis`.`id_penulis` = `buku`.`id_penulis`
LEFT JOIN `penerbit` ON `penerbit`.`id_penerbit` = `buku`.`id_penerbit`
LEFT JOIN `buku_rak` ON `buku_rak`.`id_buku` = `buku`.`id_buku`
LEFT JOIN `rak` ON `rak`.`id_rak` = `buku_rak`.`id_rak`')
 3 SYSTEMPATH\Database\BaseBuilder.php(1649): CodeIgniter\Database\BaseConnection->query('SELECT `buku`.*, `kategori`.`nama_kategori`, `penulis`.`nama_penulis`, `penerbit`.`nama_penerbit`, `rak`.`nama_rak`, `rak`.`lokasi`
FROM `buku`
LEFT JOIN `kategori` ON `kategori`.`id_kategori` = `buku`.`id_kategori`
LEFT JOIN `penulis` ON `penulis`.`id_penulis` = `buku`.`id_penulis`
LEFT JOIN `penerbit` ON `penerbit`.`id_penerbit` = `buku`.`id_penerbit`
LEFT JOIN `buku_rak` ON `buku_rak`.`id_buku` = `buku`.`id_buku`
LEFT JOIN `rak` ON `rak`.`id_rak` = `buku_rak`.`id_rak`', [], false)
 4 APPPATH\Controllers\buku.php(41): CodeIgniter\Database\BaseBuilder->get()
 5 SYSTEMPATH\CodeIgniter.php(933): App\Controllers\Buku->index()
 6 SYSTEMPATH\CodeIgniter.php(507): CodeIgniter\CodeIgniter->runController(Object(App\Controllers\Buku))
 7 SYSTEMPATH\CodeIgniter.php(354): CodeIgniter\CodeIgniter->handleRequest(null, Object(Config\Cache), false)
 8 SYSTEMPATH\Boot.php(363): CodeIgniter\CodeIgniter->run()
 9 SYSTEMPATH\Boot.php(68): CodeIgniter\Boot::runCodeIgniter(Object(CodeIgniter\CodeIgniter))
10 FCPATH\index.php(59): CodeIgniter\Boot::bootWeb(Object(Config\Paths))
CRITICAL - 2026-04-17 07:41:04 --> [Caused by] mysqli_sql_exception: Table 'perpus.rak' doesn't exist
in SYSTEMPATH\Database\MySQLi\Connection.php on line 327.
 1 SYSTEMPATH\Database\MySQLi\Connection.php(327): mysqli->query('SELECT `buku`.*, `kategori`.`nama_kategori`, `penulis`.`nama_penulis`, `penerbit`.`nama_penerbit`, `rak`.`nama_rak`, `rak`.`lokasi`
FROM `buku`
LEFT JOIN `kategori` ON `kategori`.`id_kategori` = `buku`.`id_kategori`
LEFT JOIN `penulis` ON `penulis`.`id_penulis` = `buku`.`id_penulis`
LEFT JOIN `penerbit` ON `penerbit`.`id_penerbit` = `buku`.`id_penerbit`
LEFT JOIN `buku_rak` ON `buku_rak`.`id_buku` = `buku`.`id_buku`
LEFT JOIN `rak` ON `rak`.`id_rak` = `buku_rak`.`id_rak`', 0)
 2 SYSTEMPATH\Database\BaseConnection.php(729): CodeIgniter\Database\MySQLi\Connection->execute('SELECT `buku`.*, `kategori`.`nama_kategori`, `penulis`.`nama_penulis`, `penerbit`.`nama_penerbit`, `rak`.`nama_rak`, `rak`.`lokasi`
FROM `buku`
LEFT JOIN `kategori` ON `kategori`.`id_kategori` = `buku`.`id_kategori`
LEFT JOIN `penulis` ON `penulis`.`id_penulis` = `buku`.`id_penulis`
LEFT JOIN `penerbit` ON `penerbit`.`id_penerbit` = `buku`.`id_penerbit`
LEFT JOIN `buku_rak` ON `buku_rak`.`id_buku` = `buku`.`id_buku`
LEFT JOIN `rak` ON `rak`.`id_rak` = `buku_rak`.`id_rak`')
 3 SYSTEMPATH\Database\BaseConnection.php(646): CodeIgniter\Database\BaseConnection->simpleQuery('SELECT `buku`.*, `kategori`.`nama_kategori`, `penulis`.`nama_penulis`, `penerbit`.`nama_penerbit`, `rak`.`nama_rak`, `rak`.`lokasi`
FROM `buku`
LEFT JOIN `kategori` ON `kategori`.`id_kategori` = `buku`.`id_kategori`
LEFT JOIN `penulis` ON `penulis`.`id_penulis` = `buku`.`id_penulis`
LEFT JOIN `penerbit` ON `penerbit`.`id_penerbit` = `buku`.`id_penerbit`
LEFT JOIN `buku_rak` ON `buku_rak`.`id_buku` = `buku`.`id_buku`
LEFT JOIN `rak` ON `rak`.`id_rak` = `buku_rak`.`id_rak`')
 4 SYSTEMPATH\Database\BaseBuilder.php(1649): CodeIgniter\Database\BaseConnection->query('SELECT `buku`.*, `kategori`.`nama_kategori`, `penulis`.`nama_penulis`, `penerbit`.`nama_penerbit`, `rak`.`nama_rak`, `rak`.`lokasi`
FROM `buku`
LEFT JOIN `kategori` ON `kategori`.`id_kategori` = `buku`.`id_kategori`
LEFT JOIN `penulis` ON `penulis`.`id_penulis` = `buku`.`id_penulis`
LEFT JOIN `penerbit` ON `penerbit`.`id_penerbit` = `buku`.`id_penerbit`
LEFT JOIN `buku_rak` ON `buku_rak`.`id_buku` = `buku`.`id_buku`
LEFT JOIN `rak` ON `rak`.`id_rak` = `buku_rak`.`id_rak`', [], false)
 5 APPPATH\Controllers\buku.php(41): CodeIgniter\Database\BaseBuilder->get()
 6 SYSTEMPATH\CodeIgniter.php(933): App\Controllers\Buku->index()
 7 SYSTEMPATH\CodeIgniter.php(507): CodeIgniter\CodeIgniter->runController(Object(App\Controllers\Buku))
 8 SYSTEMPATH\CodeIgniter.php(354): CodeIgniter\CodeIgniter->handleRequest(null, Object(Config\Cache), false)
 9 SYSTEMPATH\Boot.php(363): CodeIgniter\CodeIgniter->run()
10 SYSTEMPATH\Boot.php(68): CodeIgniter\Boot::runCodeIgniter(Object(CodeIgniter\CodeIgniter))
11 FCPATH\index.php(59): CodeIgniter\Boot::bootWeb(Object(Config\Paths))
ERROR - 2026-04-17 07:41:07 --> mysqli_sql_exception: Table 'perpus.rak' doesn't exist in C:\xampp\htdocs\perpus\system\Database\MySQLi\Connection.php:327
Stack trace:
#0 C:\xampp\htdocs\perpus\system\Database\MySQLi\Connection.php(327): mysqli->query('SELECT `buku`.*...', 0)
#1 C:\xampp\htdocs\perpus\system\Database\BaseConnection.php(729): CodeIgniter\Database\MySQLi\Connection->execute('SELECT `buku`.*...')
#2 C:\xampp\htdocs\perpus\system\Database\BaseConnection.php(646): CodeIgniter\Database\BaseConnection->simpleQuery('SELECT `buku`.*...')
#3 C:\xampp\htdocs\perpus\system\Database\BaseBuilder.php(1649): CodeIgniter\Database\BaseConnection->query('SELECT `buku`.*...', Array, false)
#4 C:\xampp\htdocs\perpus\app\Controllers\buku.php(41): CodeIgniter\Database\BaseBuilder->get()
#5 C:\xampp\htdocs\perpus\system\CodeIgniter.php(933): App\Controllers\Buku->index()
#6 C:\xampp\htdocs\perpus\system\CodeIgniter.php(507): CodeIgniter\CodeIgniter->runController(Object(App\Controllers\Buku))
#7 C:\xampp\htdocs\perpus\system\CodeIgniter.php(354): CodeIgniter\CodeIgniter->handleRequest(NULL, Object(Config\Cache), false)
#8 C:\xampp\htdocs\perpus\system\Boot.php(363): CodeIgniter\CodeIgniter->run()
#9 C:\xampp\htdocs\perpus\system\Boot.php(68): CodeIgniter\Boot::runCodeIgniter(Object(CodeIgniter\CodeIgniter))
#10 C:\xampp\htdocs\perpus\index.php(59): CodeIgniter\Boot::bootWeb(Object(Config\Paths))
#11 {main}
CRITICAL - 2026-04-17 07:41:07 --> CodeIgniter\Database\Exceptions\DatabaseException: Table 'perpus.rak' doesn't exist
[Method: GET, Route: buku]
in SYSTEMPATH\Database\BaseConnection.php on line 684.
 1 SYSTEMPATH\Database\BaseBuilder.php(1649): CodeIgniter\Database\BaseConnection->query('SELECT `buku`.*, `kategori`.`nama_kategori`, `penulis`.`nama_penulis`, `penerbit`.`nama_penerbit`, `rak`.`nama_rak`, `rak`.`lokasi`
FROM `buku`
LEFT JOIN `kategori` ON `kategori`.`id_kategori` = `buku`.`id_kategori`
LEFT JOIN `penulis` ON `penulis`.`id_penulis` = `buku`.`id_penulis`
LEFT JOIN `penerbit` ON `penerbit`.`id_penerbit` = `buku`.`id_penerbit`
LEFT JOIN `buku_rak` ON `buku_rak`.`id_buku` = `buku`.`id_buku`
LEFT JOIN `rak` ON `rak`.`id_rak` = `buku_rak`.`id_rak`', [], false)
 2 APPPATH\Controllers\buku.php(41): CodeIgniter\Database\BaseBuilder->get()
 3 SYSTEMPATH\CodeIgniter.php(933): App\Controllers\Buku->index()
 4 SYSTEMPATH\CodeIgniter.php(507): CodeIgniter\CodeIgniter->runController(Object(App\Controllers\Buku))
 5 SYSTEMPATH\CodeIgniter.php(354): CodeIgniter\CodeIgniter->handleRequest(null, Object(Config\Cache), false)
 6 SYSTEMPATH\Boot.php(363): CodeIgniter\CodeIgniter->run()
 7 SYSTEMPATH\Boot.php(68): CodeIgniter\Boot::runCodeIgniter(Object(CodeIgniter\CodeIgniter))
 8 FCPATH\index.php(59): CodeIgniter\Boot::bootWeb(Object(Config\Paths))
CRITICAL - 2026-04-17 07:41:07 --> [Caused by] CodeIgniter\Database\Exceptions\DatabaseException: Table 'perpus.rak' doesn't exist
in SYSTEMPATH\Database\MySQLi\Connection.php on line 332.
 1 SYSTEMPATH\Database\BaseConnection.php(729): CodeIgniter\Database\MySQLi\Connection->execute('SELECT `buku`.*, `kategori`.`nama_kategori`, `penulis`.`nama_penulis`, `penerbit`.`nama_penerbit`, `rak`.`nama_rak`, `rak`.`lokasi`
FROM `buku`
LEFT JOIN `kategori` ON `kategori`.`id_kategori` = `buku`.`id_kategori`
LEFT JOIN `penulis` ON `penulis`.`id_penulis` = `buku`.`id_penulis`
LEFT JOIN `penerbit` ON `penerbit`.`id_penerbit` = `buku`.`id_penerbit`
LEFT JOIN `buku_rak` ON `buku_rak`.`id_buku` = `buku`.`id_buku`
LEFT JOIN `rak` ON `rak`.`id_rak` = `buku_rak`.`id_rak`')
 2 SYSTEMPATH\Database\BaseConnection.php(646): CodeIgniter\Database\BaseConnection->simpleQuery('SELECT `buku`.*, `kategori`.`nama_kategori`, `penulis`.`nama_penulis`, `penerbit`.`nama_penerbit`, `rak`.`nama_rak`, `rak`.`lokasi`
FROM `buku`
LEFT JOIN `kategori` ON `kategori`.`id_kategori` = `buku`.`id_kategori`
LEFT JOIN `penulis` ON `penulis`.`id_penulis` = `buku`.`id_penulis`
LEFT JOIN `penerbit` ON `penerbit`.`id_penerbit` = `buku`.`id_penerbit`
LEFT JOIN `buku_rak` ON `buku_rak`.`id_buku` = `buku`.`id_buku`
LEFT JOIN `rak` ON `rak`.`id_rak` = `buku_rak`.`id_rak`')
 3 SYSTEMPATH\Database\BaseBuilder.php(1649): CodeIgniter\Database\BaseConnection->query('SELECT `buku`.*, `kategori`.`nama_kategori`, `penulis`.`nama_penulis`, `penerbit`.`nama_penerbit`, `rak`.`nama_rak`, `rak`.`lokasi`
FROM `buku`
LEFT JOIN `kategori` ON `kategori`.`id_kategori` = `buku`.`id_kategori`
LEFT JOIN `penulis` ON `penulis`.`id_penulis` = `buku`.`id_penulis`
LEFT JOIN `penerbit` ON `penerbit`.`id_penerbit` = `buku`.`id_penerbit`
LEFT JOIN `buku_rak` ON `buku_rak`.`id_buku` = `buku`.`id_buku`
LEFT JOIN `rak` ON `rak`.`id_rak` = `buku_rak`.`id_rak`', [], false)
 4 APPPATH\Controllers\buku.php(41): CodeIgniter\Database\BaseBuilder->get()
 5 SYSTEMPATH\CodeIgniter.php(933): App\Controllers\Buku->index()
 6 SYSTEMPATH\CodeIgniter.php(507): CodeIgniter\CodeIgniter->runController(Object(App\Controllers\Buku))
 7 SYSTEMPATH\CodeIgniter.php(354): CodeIgniter\CodeIgniter->handleRequest(null, Object(Config\Cache), false)
 8 SYSTEMPATH\Boot.php(363): CodeIgniter\CodeIgniter->run()
 9 SYSTEMPATH\Boot.php(68): CodeIgniter\Boot::runCodeIgniter(Object(CodeIgniter\CodeIgniter))
10 FCPATH\index.php(59): CodeIgniter\Boot::bootWeb(Object(Config\Paths))
CRITICAL - 2026-04-17 07:41:07 --> [Caused by] mysqli_sql_exception: Table 'perpus.rak' doesn't exist
in SYSTEMPATH\Database\MySQLi\Connection.php on line 327.
 1 SYSTEMPATH\Database\MySQLi\Connection.php(327): mysqli->query('SELECT `buku`.*, `kategori`.`nama_kategori`, `penulis`.`nama_penulis`, `penerbit`.`nama_penerbit`, `rak`.`nama_rak`, `rak`.`lokasi`
FROM `buku`
LEFT JOIN `kategori` ON `kategori`.`id_kategori` = `buku`.`id_kategori`
LEFT JOIN `penulis` ON `penulis`.`id_penulis` = `buku`.`id_penulis`
LEFT JOIN `penerbit` ON `penerbit`.`id_penerbit` = `buku`.`id_penerbit`
LEFT JOIN `buku_rak` ON `buku_rak`.`id_buku` = `buku`.`id_buku`
LEFT JOIN `rak` ON `rak`.`id_rak` = `buku_rak`.`id_rak`', 0)
 2 SYSTEMPATH\Database\BaseConnection.php(729): CodeIgniter\Database\MySQLi\Connection->execute('SELECT `buku`.*, `kategori`.`nama_kategori`, `penulis`.`nama_penulis`, `penerbit`.`nama_penerbit`, `rak`.`nama_rak`, `rak`.`lokasi`
FROM `buku`
LEFT JOIN `kategori` ON `kategori`.`id_kategori` = `buku`.`id_kategori`
LEFT JOIN `penulis` ON `penulis`.`id_penulis` = `buku`.`id_penulis`
LEFT JOIN `penerbit` ON `penerbit`.`id_penerbit` = `buku`.`id_penerbit`
LEFT JOIN `buku_rak` ON `buku_rak`.`id_buku` = `buku`.`id_buku`
LEFT JOIN `rak` ON `rak`.`id_rak` = `buku_rak`.`id_rak`')
 3 SYSTEMPATH\Database\BaseConnection.php(646): CodeIgniter\Database\BaseConnection->simpleQuery('SELECT `buku`.*, `kategori`.`nama_kategori`, `penulis`.`nama_penulis`, `penerbit`.`nama_penerbit`, `rak`.`nama_rak`, `rak`.`lokasi`
FROM `buku`
LEFT JOIN `kategori` ON `kategori`.`id_kategori` = `buku`.`id_kategori`
LEFT JOIN `penulis` ON `penulis`.`id_penulis` = `buku`.`id_penulis`
LEFT JOIN `penerbit` ON `penerbit`.`id_penerbit` = `buku`.`id_penerbit`
LEFT JOIN `buku_rak` ON `buku_rak`.`id_buku` = `buku`.`id_buku`
LEFT JOIN `rak` ON `rak`.`id_rak` = `buku_rak`.`id_rak`')
 4 SYSTEMPATH\Database\BaseBuilder.php(1649): CodeIgniter\Database\BaseConnection->query('SELECT `buku`.*, `kategori`.`nama_kategori`, `penulis`.`nama_penulis`, `penerbit`.`nama_penerbit`, `rak`.`nama_rak`, `rak`.`lokasi`
FROM `buku`
LEFT JOIN `kategori` ON `kategori`.`id_kategori` = `buku`.`id_kategori`
LEFT JOIN `penulis` ON `penulis`.`id_penulis` = `buku`.`id_penulis`
LEFT JOIN `penerbit` ON `penerbit`.`id_penerbit` = `buku`.`id_penerbit`
LEFT JOIN `buku_rak` ON `buku_rak`.`id_buku` = `buku`.`id_buku`
LEFT JOIN `rak` ON `rak`.`id_rak` = `buku_rak`.`id_rak`', [], false)
 5 APPPATH\Controllers\buku.php(41): CodeIgniter\Database\BaseBuilder->get()
 6 SYSTEMPATH\CodeIgniter.php(933): App\Controllers\Buku->index()
 7 SYSTEMPATH\CodeIgniter.php(507): CodeIgniter\CodeIgniter->runController(Object(App\Controllers\Buku))
 8 SYSTEMPATH\CodeIgniter.php(354): CodeIgniter\CodeIgniter->handleRequest(null, Object(Config\Cache), false)
 9 SYSTEMPATH\Boot.php(363): CodeIgniter\CodeIgniter->run()
10 SYSTEMPATH\Boot.php(68): CodeIgniter\Boot::runCodeIgniter(Object(CodeIgniter\CodeIgniter))
11 FCPATH\index.php(59): CodeIgniter\Boot::bootWeb(Object(Config\Paths))
ERROR - 2026-04-17 07:41:08 --> mysqli_sql_exception: Table 'perpus.rak' doesn't exist in C:\xampp\htdocs\perpus\system\Database\MySQLi\Connection.php:327
Stack trace:
#0 C:\xampp\htdocs\perpus\system\Database\MySQLi\Connection.php(327): mysqli->query('SELECT `buku`.*...', 0)
#1 C:\xampp\htdocs\perpus\system\Database\BaseConnection.php(729): CodeIgniter\Database\MySQLi\Connection->execute('SELECT `buku`.*...')
#2 C:\xampp\htdocs\perpus\system\Database\BaseConnection.php(646): CodeIgniter\Database\BaseConnection->simpleQuery('SELECT `buku`.*...')
#3 C:\xampp\htdocs\perpus\system\Database\BaseBuilder.php(1649): CodeIgniter\Database\BaseConnection->query('SELECT `buku`.*...', Array, false)
#4 C:\xampp\htdocs\perpus\app\Controllers\buku.php(41): CodeIgniter\Database\BaseBuilder->get()
#5 C:\xampp\htdocs\perpus\system\CodeIgniter.php(933): App\Controllers\Buku->index()
#6 C:\xampp\htdocs\perpus\system\CodeIgniter.php(507): CodeIgniter\CodeIgniter->runController(Object(App\Controllers\Buku))
#7 C:\xampp\htdocs\perpus\system\CodeIgniter.php(354): CodeIgniter\CodeIgniter->handleRequest(NULL, Object(Config\Cache), false)
#8 C:\xampp\htdocs\perpus\system\Boot.php(363): CodeIgniter\CodeIgniter->run()
#9 C:\xampp\htdocs\perpus\system\Boot.php(68): CodeIgniter\Boot::runCodeIgniter(Object(CodeIgniter\CodeIgniter))
#10 C:\xampp\htdocs\perpus\index.php(59): CodeIgniter\Boot::bootWeb(Object(Config\Paths))
#11 {main}
CRITICAL - 2026-04-17 07:41:08 --> CodeIgniter\Database\Exceptions\DatabaseException: Table 'perpus.rak' doesn't exist
[Method: GET, Route: buku]
in SYSTEMPATH\Database\BaseConnection.php on line 684.
 1 SYSTEMPATH\Database\BaseBuilder.php(1649): CodeIgniter\Database\BaseConnection->query('SELECT `buku`.*, `kategori`.`nama_kategori`, `penulis`.`nama_penulis`, `penerbit`.`nama_penerbit`, `rak`.`nama_rak`, `rak`.`lokasi`
FROM `buku`
LEFT JOIN `kategori` ON `kategori`.`id_kategori` = `buku`.`id_kategori`
LEFT JOIN `penulis` ON `penulis`.`id_penulis` = `buku`.`id_penulis`
LEFT JOIN `penerbit` ON `penerbit`.`id_penerbit` = `buku`.`id_penerbit`
LEFT JOIN `buku_rak` ON `buku_rak`.`id_buku` = `buku`.`id_buku`
LEFT JOIN `rak` ON `rak`.`id_rak` = `buku_rak`.`id_rak`', [], false)
 2 APPPATH\Controllers\buku.php(41): CodeIgniter\Database\BaseBuilder->get()
 3 SYSTEMPATH\CodeIgniter.php(933): App\Controllers\Buku->index()
 4 SYSTEMPATH\CodeIgniter.php(507): CodeIgniter\CodeIgniter->runController(Object(App\Controllers\Buku))
 5 SYSTEMPATH\CodeIgniter.php(354): CodeIgniter\CodeIgniter->handleRequest(null, Object(Config\Cache), false)
 6 SYSTEMPATH\Boot.php(363): CodeIgniter\CodeIgniter->run()
 7 SYSTEMPATH\Boot.php(68): CodeIgniter\Boot::runCodeIgniter(Object(CodeIgniter\CodeIgniter))
 8 FCPATH\index.php(59): CodeIgniter\Boot::bootWeb(Object(Config\Paths))
CRITICAL - 2026-04-17 07:41:08 --> [Caused by] CodeIgniter\Database\Exceptions\DatabaseException: Table 'perpus.rak' doesn't exist
in SYSTEMPATH\Database\MySQLi\Connection.php on line 332.
 1 SYSTEMPATH\Database\BaseConnection.php(729): CodeIgniter\Database\MySQLi\Connection->execute('SELECT `buku`.*, `kategori`.`nama_kategori`, `penulis`.`nama_penulis`, `penerbit`.`nama_penerbit`, `rak`.`nama_rak`, `rak`.`lokasi`
FROM `buku`
LEFT JOIN `kategori` ON `kategori`.`id_kategori` = `buku`.`id_kategori`
LEFT JOIN `penulis` ON `penulis`.`id_penulis` = `buku`.`id_penulis`
LEFT JOIN `penerbit` ON `penerbit`.`id_penerbit` = `buku`.`id_penerbit`
LEFT JOIN `buku_rak` ON `buku_rak`.`id_buku` = `buku`.`id_buku`
LEFT JOIN `rak` ON `rak`.`id_rak` = `buku_rak`.`id_rak`')
 2 SYSTEMPATH\Database\BaseConnection.php(646): CodeIgniter\Database\BaseConnection->simpleQuery('SELECT `buku`.*, `kategori`.`nama_kategori`, `penulis`.`nama_penulis`, `penerbit`.`nama_penerbit`, `rak`.`nama_rak`, `rak`.`lokasi`
FROM `buku`
LEFT JOIN `kategori` ON `kategori`.`id_kategori` = `buku`.`id_kategori`
LEFT JOIN `penulis` ON `penulis`.`id_penulis` = `buku`.`id_penulis`
LEFT JOIN `penerbit` ON `penerbit`.`id_penerbit` = `buku`.`id_penerbit`
LEFT JOIN `buku_rak` ON `buku_rak`.`id_buku` = `buku`.`id_buku`
LEFT JOIN `rak` ON `rak`.`id_rak` = `buku_rak`.`id_rak`')
 3 SYSTEMPATH\Database\BaseBuilder.php(1649): CodeIgniter\Database\BaseConnection->query('SELECT `buku`.*, `kategori`.`nama_kategori`, `penulis`.`nama_penulis`, `penerbit`.`nama_penerbit`, `rak`.`nama_rak`, `rak`.`lokasi`
FROM `buku`
LEFT JOIN `kategori` ON `kategori`.`id_kategori` = `buku`.`id_kategori`
LEFT JOIN `penulis` ON `penulis`.`id_penulis` = `buku`.`id_penulis`
LEFT JOIN `penerbit` ON `penerbit`.`id_penerbit` = `buku`.`id_penerbit`
LEFT JOIN `buku_rak` ON `buku_rak`.`id_buku` = `buku`.`id_buku`
LEFT JOIN `rak` ON `rak`.`id_rak` = `buku_rak`.`id_rak`', [], false)
 4 APPPATH\Controllers\buku.php(41): CodeIgniter\Database\BaseBuilder->get()
 5 SYSTEMPATH\CodeIgniter.php(933): App\Controllers\Buku->index()
 6 SYSTEMPATH\CodeIgniter.php(507): CodeIgniter\CodeIgniter->runController(Object(App\Controllers\Buku))
 7 SYSTEMPATH\CodeIgniter.php(354): CodeIgniter\CodeIgniter->handleRequest(null, Object(Config\Cache), false)
 8 SYSTEMPATH\Boot.php(363): CodeIgniter\CodeIgniter->run()
 9 SYSTEMPATH\Boot.php(68): CodeIgniter\Boot::runCodeIgniter(Object(CodeIgniter\CodeIgniter))
10 FCPATH\index.php(59): CodeIgniter\Boot::bootWeb(Object(Config\Paths))
CRITICAL - 2026-04-17 07:41:08 --> [Caused by] mysqli_sql_exception: Table 'perpus.rak' doesn't exist
in SYSTEMPATH\Database\MySQLi\Connection.php on line 327.
 1 SYSTEMPATH\Database\MySQLi\Connection.php(327): mysqli->query('SELECT `buku`.*, `kategori`.`nama_kategori`, `penulis`.`nama_penulis`, `penerbit`.`nama_penerbit`, `rak`.`nama_rak`, `rak`.`lokasi`
FROM `buku`
LEFT JOIN `kategori` ON `kategori`.`id_kategori` = `buku`.`id_kategori`
LEFT JOIN `penulis` ON `penulis`.`id_penulis` = `buku`.`id_penulis`
LEFT JOIN `penerbit` ON `penerbit`.`id_penerbit` = `buku`.`id_penerbit`
LEFT JOIN `buku_rak` ON `buku_rak`.`id_buku` = `buku`.`id_buku`
LEFT JOIN `rak` ON `rak`.`id_rak` = `buku_rak`.`id_rak`', 0)
 2 SYSTEMPATH\Database\BaseConnection.php(729): CodeIgniter\Database\MySQLi\Connection->execute('SELECT `buku`.*, `kategori`.`nama_kategori`, `penulis`.`nama_penulis`, `penerbit`.`nama_penerbit`, `rak`.`nama_rak`, `rak`.`lokasi`
FROM `buku`
LEFT JOIN `kategori` ON `kategori`.`id_kategori` = `buku`.`id_kategori`
LEFT JOIN `penulis` ON `penulis`.`id_penulis` = `buku`.`id_penulis`
LEFT JOIN `penerbit` ON `penerbit`.`id_penerbit` = `buku`.`id_penerbit`
LEFT JOIN `buku_rak` ON `buku_rak`.`id_buku` = `buku`.`id_buku`
LEFT JOIN `rak` ON `rak`.`id_rak` = `buku_rak`.`id_rak`')
 3 SYSTEMPATH\Database\BaseConnection.php(646): CodeIgniter\Database\BaseConnection->simpleQuery('SELECT `buku`.*, `kategori`.`nama_kategori`, `penulis`.`nama_penulis`, `penerbit`.`nama_penerbit`, `rak`.`nama_rak`, `rak`.`lokasi`
FROM `buku`
LEFT JOIN `kategori` ON `kategori`.`id_kategori` = `buku`.`id_kategori`
LEFT JOIN `penulis` ON `penulis`.`id_penulis` = `buku`.`id_penulis`
LEFT JOIN `penerbit` ON `penerbit`.`id_penerbit` = `buku`.`id_penerbit`
LEFT JOIN `buku_rak` ON `buku_rak`.`id_buku` = `buku`.`id_buku`
LEFT JOIN `rak` ON `rak`.`id_rak` = `buku_rak`.`id_rak`')
 4 SYSTEMPATH\Database\BaseBuilder.php(1649): CodeIgniter\Database\BaseConnection->query('SELECT `buku`.*, `kategori`.`nama_kategori`, `penulis`.`nama_penulis`, `penerbit`.`nama_penerbit`, `rak`.`nama_rak`, `rak`.`lokasi`
FROM `buku`
LEFT JOIN `kategori` ON `kategori`.`id_kategori` = `buku`.`id_kategori`
LEFT JOIN `penulis` ON `penulis`.`id_penulis` = `buku`.`id_penulis`
LEFT JOIN `penerbit` ON `penerbit`.`id_penerbit` = `buku`.`id_penerbit`
LEFT JOIN `buku_rak` ON `buku_rak`.`id_buku` = `buku`.`id_buku`
LEFT JOIN `rak` ON `rak`.`id_rak` = `buku_rak`.`id_rak`', [], false)
 5 APPPATH\Controllers\buku.php(41): CodeIgniter\Database\BaseBuilder->get()
 6 SYSTEMPATH\CodeIgniter.php(933): App\Controllers\Buku->index()
 7 SYSTEMPATH\CodeIgniter.php(507): CodeIgniter\CodeIgniter->runController(Object(App\Controllers\Buku))
 8 SYSTEMPATH\CodeIgniter.php(354): CodeIgniter\CodeIgniter->handleRequest(null, Object(Config\Cache), false)
 9 SYSTEMPATH\Boot.php(363): CodeIgniter\CodeIgniter->run()
10 SYSTEMPATH\Boot.php(68): CodeIgniter\Boot::runCodeIgniter(Object(CodeIgniter\CodeIgniter))
11 FCPATH\index.php(59): CodeIgniter\Boot::bootWeb(Object(Config\Paths))
DEBUG - 2026-04-17 07:45:56 --> Session: Class initialized using 'CodeIgniter\Session\Handlers\FileHandler' driver.
ERROR - 2026-04-17 07:46:08 --> mysqli_sql_exception: Table 'perpus.rak' doesn't exist in C:\xampp\htdocs\perpus\system\Database\MySQLi\Connection.php:327
Stack trace:
#0 C:\xampp\htdocs\perpus\system\Database\MySQLi\Connection.php(327): mysqli->query('SELECT `buku`.*...', 0)
#1 C:\xampp\htdocs\perpus\system\Database\BaseConnection.php(729): CodeIgniter\Database\MySQLi\Connection->execute('SELECT `buku`.*...')
#2 C:\xampp\htdocs\perpus\system\Database\BaseConnection.php(646): CodeIgniter\Database\BaseConnection->simpleQuery('SELECT `buku`.*...')
#3 C:\xampp\htdocs\perpus\system\Database\BaseBuilder.php(1649): CodeIgniter\Database\BaseConnection->query('SELECT `buku`.*...', Array, false)
#4 C:\xampp\htdocs\perpus\app\Controllers\buku.php(41): CodeIgniter\Database\BaseBuilder->get()
#5 C:\xampp\htdocs\perpus\system\CodeIgniter.php(933): App\Controllers\Buku->index()
#6 C:\xampp\htdocs\perpus\system\CodeIgniter.php(507): CodeIgniter\CodeIgniter->runController(Object(App\Controllers\Buku))
#7 C:\xampp\htdocs\perpus\system\CodeIgniter.php(354): CodeIgniter\CodeIgniter->handleRequest(NULL, Object(Config\Cache), false)
#8 C:\xampp\htdocs\perpus\system\Boot.php(363): CodeIgniter\CodeIgniter->run()
#9 C:\xampp\htdocs\perpus\system\Boot.php(68): CodeIgniter\Boot::runCodeIgniter(Object(CodeIgniter\CodeIgniter))
#10 C:\xampp\htdocs\perpus\index.php(59): CodeIgniter\Boot::bootWeb(Object(Config\Paths))
#11 {main}
CRITICAL - 2026-04-17 07:46:08 --> CodeIgniter\Database\Exceptions\DatabaseException: Table 'perpus.rak' doesn't exist
[Method: GET, Route: buku]
in SYSTEMPATH\Database\BaseConnection.php on line 684.
 1 SYSTEMPATH\Database\BaseBuilder.php(1649): CodeIgniter\Database\BaseConnection->query('SELECT `buku`.*, `kategori`.`nama_kategori`, `penulis`.`nama_penulis`, `penerbit`.`nama_penerbit`, `rak`.`nama_rak`, `rak`.`lokasi`
FROM `buku`
LEFT JOIN `kategori` ON `kategori`.`id_kategori` = `buku`.`id_kategori`
LEFT JOIN `penulis` ON `penulis`.`id_penulis` = `buku`.`id_penulis`
LEFT JOIN `penerbit` ON `penerbit`.`id_penerbit` = `buku`.`id_penerbit`
LEFT JOIN `buku_rak` ON `buku_rak`.`id_buku` = `buku`.`id_buku`
LEFT JOIN `rak` ON `rak`.`id_rak` = `buku_rak`.`id_rak`', [], false)
 2 APPPATH\Controllers\buku.php(41): CodeIgniter\Database\BaseBuilder->get()
 3 SYSTEMPATH\CodeIgniter.php(933): App\Controllers\Buku->index()
 4 SYSTEMPATH\CodeIgniter.php(507): CodeIgniter\CodeIgniter->runController(Object(App\Controllers\Buku))
 5 SYSTEMPATH\CodeIgniter.php(354): CodeIgniter\CodeIgniter->handleRequest(null, Object(Config\Cache), false)
 6 SYSTEMPATH\Boot.php(363): CodeIgniter\CodeIgniter->run()
 7 SYSTEMPATH\Boot.php(68): CodeIgniter\Boot::runCodeIgniter(Object(CodeIgniter\CodeIgniter))
 8 FCPATH\index.php(59): CodeIgniter\Boot::bootWeb(Object(Config\Paths))
CRITICAL - 2026-04-17 07:46:08 --> [Caused by] CodeIgniter\Database\Exceptions\DatabaseException: Table 'perpus.rak' doesn't exist
in SYSTEMPATH\Database\MySQLi\Connection.php on line 332.
 1 SYSTEMPATH\Database\BaseConnection.php(729): CodeIgniter\Database\MySQLi\Connection->execute('SELECT `buku`.*, `kategori`.`nama_kategori`, `penulis`.`nama_penulis`, `penerbit`.`nama_penerbit`, `rak`.`nama_rak`, `rak`.`lokasi`
FROM `buku`
LEFT JOIN `kategori` ON `kategori`.`id_kategori` = `buku`.`id_kategori`
LEFT JOIN `penulis` ON `penulis`.`id_penulis` = `buku`.`id_penulis`
LEFT JOIN `penerbit` ON `penerbit`.`id_penerbit` = `buku`.`id_penerbit`
LEFT JOIN `buku_rak` ON `buku_rak`.`id_buku` = `buku`.`id_buku`
LEFT JOIN `rak` ON `rak`.`id_rak` = `buku_rak`.`id_rak`')
 2 SYSTEMPATH\Database\BaseConnection.php(646): CodeIgniter\Database\BaseConnection->simpleQuery('SELECT `buku`.*, `kategori`.`nama_kategori`, `penulis`.`nama_penulis`, `penerbit`.`nama_penerbit`, `rak`.`nama_rak`, `rak`.`lokasi`
FROM `buku`
LEFT JOIN `kategori` ON `kategori`.`id_kategori` = `buku`.`id_kategori`
LEFT JOIN `penulis` ON `penulis`.`id_penulis` = `buku`.`id_penulis`
LEFT JOIN `penerbit` ON `penerbit`.`id_penerbit` = `buku`.`id_penerbit`
LEFT JOIN `buku_rak` ON `buku_rak`.`id_buku` = `buku`.`id_buku`
LEFT JOIN `rak` ON `rak`.`id_rak` = `buku_rak`.`id_rak`')
 3 SYSTEMPATH\Database\BaseBuilder.php(1649): CodeIgniter\Database\BaseConnection->query('SELECT `buku`.*, `kategori`.`nama_kategori`, `penulis`.`nama_penulis`, `penerbit`.`nama_penerbit`, `rak`.`nama_rak`, `rak`.`lokasi`
FROM `buku`
LEFT JOIN `kategori` ON `kategori`.`id_kategori` = `buku`.`id_kategori`
LEFT JOIN `penulis` ON `penulis`.`id_penulis` = `buku`.`id_penulis`
LEFT JOIN `penerbit` ON `penerbit`.`id_penerbit` = `buku`.`id_penerbit`
LEFT JOIN `buku_rak` ON `buku_rak`.`id_buku` = `buku`.`id_buku`
LEFT JOIN `rak` ON `rak`.`id_rak` = `buku_rak`.`id_rak`', [], false)
 4 APPPATH\Controllers\buku.php(41): CodeIgniter\Database\BaseBuilder->get()
 5 SYSTEMPATH\CodeIgniter.php(933): App\Controllers\Buku->index()
 6 SYSTEMPATH\CodeIgniter.php(507): CodeIgniter\CodeIgniter->runController(Object(App\Controllers\Buku))
 7 SYSTEMPATH\CodeIgniter.php(354): CodeIgniter\CodeIgniter->handleRequest(null, Object(Config\Cache), false)
 8 SYSTEMPATH\Boot.php(363): CodeIgniter\CodeIgniter->run()
 9 SYSTEMPATH\Boot.php(68): CodeIgniter\Boot::runCodeIgniter(Object(CodeIgniter\CodeIgniter))
10 FCPATH\index.php(59): CodeIgniter\Boot::bootWeb(Object(Config\Paths))
CRITICAL - 2026-04-17 07:46:08 --> [Caused by] mysqli_sql_exception: Table 'perpus.rak' doesn't exist
in SYSTEMPATH\Database\MySQLi\Connection.php on line 327.
 1 SYSTEMPATH\Database\MySQLi\Connection.php(327): mysqli->query('SELECT `buku`.*, `kategori`.`nama_kategori`, `penulis`.`nama_penulis`, `penerbit`.`nama_penerbit`, `rak`.`nama_rak`, `rak`.`lokasi`
FROM `buku`
LEFT JOIN `kategori` ON `kategori`.`id_kategori` = `buku`.`id_kategori`
LEFT JOIN `penulis` ON `penulis`.`id_penulis` = `buku`.`id_penulis`
LEFT JOIN `penerbit` ON `penerbit`.`id_penerbit` = `buku`.`id_penerbit`
LEFT JOIN `buku_rak` ON `buku_rak`.`id_buku` = `buku`.`id_buku`
LEFT JOIN `rak` ON `rak`.`id_rak` = `buku_rak`.`id_rak`', 0)
 2 SYSTEMPATH\Database\BaseConnection.php(729): CodeIgniter\Database\MySQLi\Connection->execute('SELECT `buku`.*, `kategori`.`nama_kategori`, `penulis`.`nama_penulis`, `penerbit`.`nama_penerbit`, `rak`.`nama_rak`, `rak`.`lokasi`
FROM `buku`
LEFT JOIN `kategori` ON `kategori`.`id_kategori` = `buku`.`id_kategori`
LEFT JOIN `penulis` ON `penulis`.`id_penulis` = `buku`.`id_penulis`
LEFT JOIN `penerbit` ON `penerbit`.`id_penerbit` = `buku`.`id_penerbit`
LEFT JOIN `buku_rak` ON `buku_rak`.`id_buku` = `buku`.`id_buku`
LEFT JOIN `rak` ON `rak`.`id_rak` = `buku_rak`.`id_rak`')
 3 SYSTEMPATH\Database\BaseConnection.php(646): CodeIgniter\Database\BaseConnection->simpleQuery('SELECT `buku`.*, `kategori`.`nama_kategori`, `penulis`.`nama_penulis`, `penerbit`.`nama_penerbit`, `rak`.`nama_rak`, `rak`.`lokasi`
FROM `buku`
LEFT JOIN `kategori` ON `kategori`.`id_kategori` = `buku`.`id_kategori`
LEFT JOIN `penulis` ON `penulis`.`id_penulis` = `buku`.`id_penulis`
LEFT JOIN `penerbit` ON `penerbit`.`id_penerbit` = `buku`.`id_penerbit`
LEFT JOIN `buku_rak` ON `buku_rak`.`id_buku` = `buku`.`id_buku`
LEFT JOIN `rak` ON `rak`.`id_rak` = `buku_rak`.`id_rak`')
 4 SYSTEMPATH\Database\BaseBuilder.php(1649): CodeIgniter\Database\BaseConnection->query('SELECT `buku`.*, `kategori`.`nama_kategori`, `penulis`.`nama_penulis`, `penerbit`.`nama_penerbit`, `rak`.`nama_rak`, `rak`.`lokasi`
FROM `buku`
LEFT JOIN `kategori` ON `kategori`.`id_kategori` = `buku`.`id_kategori`
LEFT JOIN `penulis` ON `penulis`.`id_penulis` = `buku`.`id_penulis`
LEFT JOIN `penerbit` ON `penerbit`.`id_penerbit` = `buku`.`id_penerbit`
LEFT JOIN `buku_rak` ON `buku_rak`.`id_buku` = `buku`.`id_buku`
LEFT JOIN `rak` ON `rak`.`id_rak` = `buku_rak`.`id_rak`', [], false)
 5 APPPATH\Controllers\buku.php(41): CodeIgniter\Database\BaseBuilder->get()
 6 SYSTEMPATH\CodeIgniter.php(933): App\Controllers\Buku->index()
 7 SYSTEMPATH\CodeIgniter.php(507): CodeIgniter\CodeIgniter->runController(Object(App\Controllers\Buku))
 8 SYSTEMPATH\CodeIgniter.php(354): CodeIgniter\CodeIgniter->handleRequest(null, Object(Config\Cache), false)
 9 SYSTEMPATH\Boot.php(363): CodeIgniter\CodeIgniter->run()
10 SYSTEMPATH\Boot.php(68): CodeIgniter\Boot::runCodeIgniter(Object(CodeIgniter\CodeIgniter))
11 FCPATH\index.php(59): CodeIgniter\Boot::bootWeb(Object(Config\Paths))
ERROR - 2026-04-17 07:46:11 --> mysqli_sql_exception: Table 'perpus.rak' doesn't exist in C:\xampp\htdocs\perpus\system\Database\MySQLi\Connection.php:327
Stack trace:
#0 C:\xampp\htdocs\perpus\system\Database\MySQLi\Connection.php(327): mysqli->query('SELECT `buku`.*...', 0)
#1 C:\xampp\htdocs\perpus\system\Database\BaseConnection.php(729): CodeIgniter\Database\MySQLi\Connection->execute('SELECT `buku`.*...')
#2 C:\xampp\htdocs\perpus\system\Database\BaseConnection.php(646): CodeIgniter\Database\BaseConnection->simpleQuery('SELECT `buku`.*...')
#3 C:\xampp\htdocs\perpus\system\Database\BaseBuilder.php(1649): CodeIgniter\Database\BaseConnection->query('SELECT `buku`.*...', Array, false)
#4 C:\xampp\htdocs\perpus\app\Controllers\buku.php(41): CodeIgniter\Database\BaseBuilder->get()
#5 C:\xampp\htdocs\perpus\system\CodeIgniter.php(933): App\Controllers\Buku->index()
#6 C:\xampp\htdocs\perpus\system\CodeIgniter.php(507): CodeIgniter\CodeIgniter->runController(Object(App\Controllers\Buku))
#7 C:\xampp\htdocs\perpus\system\CodeIgniter.php(354): CodeIgniter\CodeIgniter->handleRequest(NULL, Object(Config\Cache), false)
#8 C:\xampp\htdocs\perpus\system\Boot.php(363): CodeIgniter\CodeIgniter->run()
#9 C:\xampp\htdocs\perpus\system\Boot.php(68): CodeIgniter\Boot::runCodeIgniter(Object(CodeIgniter\CodeIgniter))
#10 C:\xampp\htdocs\perpus\index.php(59): CodeIgniter\Boot::bootWeb(Object(Config\Paths))
#11 {main}
CRITICAL - 2026-04-17 07:46:11 --> CodeIgniter\Database\Exceptions\DatabaseException: Table 'perpus.rak' doesn't exist
[Method: GET, Route: buku]
in SYSTEMPATH\Database\BaseConnection.php on line 684.
 1 SYSTEMPATH\Database\BaseBuilder.php(1649): CodeIgniter\Database\BaseConnection->query('SELECT `buku`.*, `kategori`.`nama_kategori`, `penulis`.`nama_penulis`, `penerbit`.`nama_penerbit`, `rak`.`nama_rak`, `rak`.`lokasi`
FROM `buku`
LEFT JOIN `kategori` ON `kategori`.`id_kategori` = `buku`.`id_kategori`
LEFT JOIN `penulis` ON `penulis`.`id_penulis` = `buku`.`id_penulis`
LEFT JOIN `penerbit` ON `penerbit`.`id_penerbit` = `buku`.`id_penerbit`
LEFT JOIN `buku_rak` ON `buku_rak`.`id_buku` = `buku`.`id_buku`
LEFT JOIN `rak` ON `rak`.`id_rak` = `buku_rak`.`id_rak`', [], false)
 2 APPPATH\Controllers\buku.php(41): CodeIgniter\Database\BaseBuilder->get()
 3 SYSTEMPATH\CodeIgniter.php(933): App\Controllers\Buku->index()
 4 SYSTEMPATH\CodeIgniter.php(507): CodeIgniter\CodeIgniter->runController(Object(App\Controllers\Buku))
 5 SYSTEMPATH\CodeIgniter.php(354): CodeIgniter\CodeIgniter->handleRequest(null, Object(Config\Cache), false)
 6 SYSTEMPATH\Boot.php(363): CodeIgniter\CodeIgniter->run()
 7 SYSTEMPATH\Boot.php(68): CodeIgniter\Boot::runCodeIgniter(Object(CodeIgniter\CodeIgniter))
 8 FCPATH\index.php(59): CodeIgniter\Boot::bootWeb(Object(Config\Paths))
CRITICAL - 2026-04-17 07:46:11 --> [Caused by] CodeIgniter\Database\Exceptions\DatabaseException: Table 'perpus.rak' doesn't exist
in SYSTEMPATH\Database\MySQLi\Connection.php on line 332.
 1 SYSTEMPATH\Database\BaseConnection.php(729): CodeIgniter\Database\MySQLi\Connection->execute('SELECT `buku`.*, `kategori`.`nama_kategori`, `penulis`.`nama_penulis`, `penerbit`.`nama_penerbit`, `rak`.`nama_rak`, `rak`.`lokasi`
FROM `buku`
LEFT JOIN `kategori` ON `kategori`.`id_kategori` = `buku`.`id_kategori`
LEFT JOIN `penulis` ON `penulis`.`id_penulis` = `buku`.`id_penulis`
LEFT JOIN `penerbit` ON `penerbit`.`id_penerbit` = `buku`.`id_penerbit`
LEFT JOIN `buku_rak` ON `buku_rak`.`id_buku` = `buku`.`id_buku`
LEFT JOIN `rak` ON `rak`.`id_rak` = `buku_rak`.`id_rak`')
 2 SYSTEMPATH\Database\BaseConnection.php(646): CodeIgniter\Database\BaseConnection->simpleQuery('SELECT `buku`.*, `kategori`.`nama_kategori`, `penulis`.`nama_penulis`, `penerbit`.`nama_penerbit`, `rak`.`nama_rak`, `rak`.`lokasi`
FROM `buku`
LEFT JOIN `kategori` ON `kategori`.`id_kategori` = `buku`.`id_kategori`
LEFT JOIN `penulis` ON `penulis`.`id_penulis` = `buku`.`id_penulis`
LEFT JOIN `penerbit` ON `penerbit`.`id_penerbit` = `buku`.`id_penerbit`
LEFT JOIN `buku_rak` ON `buku_rak`.`id_buku` = `buku`.`id_buku`
LEFT JOIN `rak` ON `rak`.`id_rak` = `buku_rak`.`id_rak`')
 3 SYSTEMPATH\Database\BaseBuilder.php(1649): CodeIgniter\Database\BaseConnection->query('SELECT `buku`.*, `kategori`.`nama_kategori`, `penulis`.`nama_penulis`, `penerbit`.`nama_penerbit`, `rak`.`nama_rak`, `rak`.`lokasi`
FROM `buku`
LEFT JOIN `kategori` ON `kategori`.`id_kategori` = `buku`.`id_kategori`
LEFT JOIN `penulis` ON `penulis`.`id_penulis` = `buku`.`id_penulis`
LEFT JOIN `penerbit` ON `penerbit`.`id_penerbit` = `buku`.`id_penerbit`
LEFT JOIN `buku_rak` ON `buku_rak`.`id_buku` = `buku`.`id_buku`
LEFT JOIN `rak` ON `rak`.`id_rak` = `buku_rak`.`id_rak`', [], false)
 4 APPPATH\Controllers\buku.php(41): CodeIgniter\Database\BaseBuilder->get()
 5 SYSTEMPATH\CodeIgniter.php(933): App\Controllers\Buku->index()
 6 SYSTEMPATH\CodeIgniter.php(507): CodeIgniter\CodeIgniter->runController(Object(App\Controllers\Buku))
 7 SYSTEMPATH\CodeIgniter.php(354): CodeIgniter\CodeIgniter->handleRequest(null, Object(Config\Cache), false)
 8 SYSTEMPATH\Boot.php(363): CodeIgniter\CodeIgniter->run()
 9 SYSTEMPATH\Boot.php(68): CodeIgniter\Boot::runCodeIgniter(Object(CodeIgniter\CodeIgniter))
10 FCPATH\index.php(59): CodeIgniter\Boot::bootWeb(Object(Config\Paths))
CRITICAL - 2026-04-17 07:46:11 --> [Caused by] mysqli_sql_exception: Table 'perpus.rak' doesn't exist
in SYSTEMPATH\Database\MySQLi\Connection.php on line 327.
 1 SYSTEMPATH\Database\MySQLi\Connection.php(327): mysqli->query('SELECT `buku`.*, `kategori`.`nama_kategori`, `penulis`.`nama_penulis`, `penerbit`.`nama_penerbit`, `rak`.`nama_rak`, `rak`.`lokasi`
FROM `buku`
LEFT JOIN `kategori` ON `kategori`.`id_kategori` = `buku`.`id_kategori`
LEFT JOIN `penulis` ON `penulis`.`id_penulis` = `buku`.`id_penulis`
LEFT JOIN `penerbit` ON `penerbit`.`id_penerbit` = `buku`.`id_penerbit`
LEFT JOIN `buku_rak` ON `buku_rak`.`id_buku` = `buku`.`id_buku`
LEFT JOIN `rak` ON `rak`.`id_rak` = `buku_rak`.`id_rak`', 0)
 2 SYSTEMPATH\Database\BaseConnection.php(729): CodeIgniter\Database\MySQLi\Connection->execute('SELECT `buku`.*, `kategori`.`nama_kategori`, `penulis`.`nama_penulis`, `penerbit`.`nama_penerbit`, `rak`.`nama_rak`, `rak`.`lokasi`
FROM `buku`
LEFT JOIN `kategori` ON `kategori`.`id_kategori` = `buku`.`id_kategori`
LEFT JOIN `penulis` ON `penulis`.`id_penulis` = `buku`.`id_penulis`
LEFT JOIN `penerbit` ON `penerbit`.`id_penerbit` = `buku`.`id_penerbit`
LEFT JOIN `buku_rak` ON `buku_rak`.`id_buku` = `buku`.`id_buku`
LEFT JOIN `rak` ON `rak`.`id_rak` = `buku_rak`.`id_rak`')
 3 SYSTEMPATH\Database\BaseConnection.php(646): CodeIgniter\Database\BaseConnection->simpleQuery('SELECT `buku`.*, `kategori`.`nama_kategori`, `penulis`.`nama_penulis`, `penerbit`.`nama_penerbit`, `rak`.`nama_rak`, `rak`.`lokasi`
FROM `buku`
LEFT JOIN `kategori` ON `kategori`.`id_kategori` = `buku`.`id_kategori`
LEFT JOIN `penulis` ON `penulis`.`id_penulis` = `buku`.`id_penulis`
LEFT JOIN `penerbit` ON `penerbit`.`id_penerbit` = `buku`.`id_penerbit`
LEFT JOIN `buku_rak` ON `buku_rak`.`id_buku` = `buku`.`id_buku`
LEFT JOIN `rak` ON `rak`.`id_rak` = `buku_rak`.`id_rak`')
 4 SYSTEMPATH\Database\BaseBuilder.php(1649): CodeIgniter\Database\BaseConnection->query('SELECT `buku`.*, `kategori`.`nama_kategori`, `penulis`.`nama_penulis`, `penerbit`.`nama_penerbit`, `rak`.`nama_rak`, `rak`.`lokasi`
FROM `buku`
LEFT JOIN `kategori` ON `kategori`.`id_kategori` = `buku`.`id_kategori`
LEFT JOIN `penulis` ON `penulis`.`id_penulis` = `buku`.`id_penulis`
LEFT JOIN `penerbit` ON `penerbit`.`id_penerbit` = `buku`.`id_penerbit`
LEFT JOIN `buku_rak` ON `buku_rak`.`id_buku` = `buku`.`id_buku`
LEFT JOIN `rak` ON `rak`.`id_rak` = `buku_rak`.`id_rak`', [], false)
 5 APPPATH\Controllers\buku.php(41): CodeIgniter\Database\BaseBuilder->get()
 6 SYSTEMPATH\CodeIgniter.php(933): App\Controllers\Buku->index()
 7 SYSTEMPATH\CodeIgniter.php(507): CodeIgniter\CodeIgniter->runController(Object(App\Controllers\Buku))
 8 SYSTEMPATH\CodeIgniter.php(354): CodeIgniter\CodeIgniter->handleRequest(null, Object(Config\Cache), false)
 9 SYSTEMPATH\Boot.php(363): CodeIgniter\CodeIgniter->run()
10 SYSTEMPATH\Boot.php(68): CodeIgniter\Boot::runCodeIgniter(Object(CodeIgniter\CodeIgniter))
11 FCPATH\index.php(59): CodeIgniter\Boot::bootWeb(Object(Config\Paths))
ERROR - 2026-04-17 07:46:12 --> mysqli_sql_exception: Table 'perpus.rak' doesn't exist in C:\xampp\htdocs\perpus\system\Database\MySQLi\Connection.php:327
Stack trace:
#0 C:\xampp\htdocs\perpus\system\Database\MySQLi\Connection.php(327): mysqli->query('SELECT `buku`.*...', 0)
#1 C:\xampp\htdocs\perpus\system\Database\BaseConnection.php(729): CodeIgniter\Database\MySQLi\Connection->execute('SELECT `buku`.*...')
#2 C:\xampp\htdocs\perpus\system\Database\BaseConnection.php(646): CodeIgniter\Database\BaseConnection->simpleQuery('SELECT `buku`.*...')
#3 C:\xampp\htdocs\perpus\system\Database\BaseBuilder.php(1649): CodeIgniter\Database\BaseConnection->query('SELECT `buku`.*...', Array, false)
#4 C:\xampp\htdocs\perpus\app\Controllers\buku.php(41): CodeIgniter\Database\BaseBuilder->get()
#5 C:\xampp\htdocs\perpus\system\CodeIgniter.php(933): App\Controllers\Buku->index()
#6 C:\xampp\htdocs\perpus\system\CodeIgniter.php(507): CodeIgniter\CodeIgniter->runController(Object(App\Controllers\Buku))
#7 C:\xampp\htdocs\perpus\system\CodeIgniter.php(354): CodeIgniter\CodeIgniter->handleRequest(NULL, Object(Config\Cache), false)
#8 C:\xampp\htdocs\perpus\system\Boot.php(363): CodeIgniter\CodeIgniter->run()
#9 C:\xampp\htdocs\perpus\system\Boot.php(68): CodeIgniter\Boot::runCodeIgniter(Object(CodeIgniter\CodeIgniter))
#10 C:\xampp\htdocs\perpus\index.php(59): CodeIgniter\Boot::bootWeb(Object(Config\Paths))
#11 {main}
CRITICAL - 2026-04-17 07:46:12 --> CodeIgniter\Database\Exceptions\DatabaseException: Table 'perpus.rak' doesn't exist
[Method: GET, Route: buku]
in SYSTEMPATH\Database\BaseConnection.php on line 684.
 1 SYSTEMPATH\Database\BaseBuilder.php(1649): CodeIgniter\Database\BaseConnection->query('SELECT `buku`.*, `kategori`.`nama_kategori`, `penulis`.`nama_penulis`, `penerbit`.`nama_penerbit`, `rak`.`nama_rak`, `rak`.`lokasi`
FROM `buku`
LEFT JOIN `kategori` ON `kategori`.`id_kategori` = `buku`.`id_kategori`
LEFT JOIN `penulis` ON `penulis`.`id_penulis` = `buku`.`id_penulis`
LEFT JOIN `penerbit` ON `penerbit`.`id_penerbit` = `buku`.`id_penerbit`
LEFT JOIN `buku_rak` ON `buku_rak`.`id_buku` = `buku`.`id_buku`
LEFT JOIN `rak` ON `rak`.`id_rak` = `buku_rak`.`id_rak`', [], false)
 2 APPPATH\Controllers\buku.php(41): CodeIgniter\Database\BaseBuilder->get()
 3 SYSTEMPATH\CodeIgniter.php(933): App\Controllers\Buku->index()
 4 SYSTEMPATH\CodeIgniter.php(507): CodeIgniter\CodeIgniter->runController(Object(App\Controllers\Buku))
 5 SYSTEMPATH\CodeIgniter.php(354): CodeIgniter\CodeIgniter->handleRequest(null, Object(Config\Cache), false)
 6 SYSTEMPATH\Boot.php(363): CodeIgniter\CodeIgniter->run()
 7 SYSTEMPATH\Boot.php(68): CodeIgniter\Boot::runCodeIgniter(Object(CodeIgniter\CodeIgniter))
 8 FCPATH\index.php(59): CodeIgniter\Boot::bootWeb(Object(Config\Paths))
CRITICAL - 2026-04-17 07:46:12 --> [Caused by] CodeIgniter\Database\Exceptions\DatabaseException: Table 'perpus.rak' doesn't exist
in SYSTEMPATH\Database\MySQLi\Connection.php on line 332.
 1 SYSTEMPATH\Database\BaseConnection.php(729): CodeIgniter\Database\MySQLi\Connection->execute('SELECT `buku`.*, `kategori`.`nama_kategori`, `penulis`.`nama_penulis`, `penerbit`.`nama_penerbit`, `rak`.`nama_rak`, `rak`.`lokasi`
FROM `buku`
LEFT JOIN `kategori` ON `kategori`.`id_kategori` = `buku`.`id_kategori`
LEFT JOIN `penulis` ON `penulis`.`id_penulis` = `buku`.`id_penulis`
LEFT JOIN `penerbit` ON `penerbit`.`id_penerbit` = `buku`.`id_penerbit`
LEFT JOIN `buku_rak` ON `buku_rak`.`id_buku` = `buku`.`id_buku`
LEFT JOIN `rak` ON `rak`.`id_rak` = `buku_rak`.`id_rak`')
 2 SYSTEMPATH\Database\BaseConnection.php(646): CodeIgniter\Database\BaseConnection->simpleQuery('SELECT `buku`.*, `kategori`.`nama_kategori`, `penulis`.`nama_penulis`, `penerbit`.`nama_penerbit`, `rak`.`nama_rak`, `rak`.`lokasi`
FROM `buku`
LEFT JOIN `kategori` ON `kategori`.`id_kategori` = `buku`.`id_kategori`
LEFT JOIN `penulis` ON `penulis`.`id_penulis` = `buku`.`id_penulis`
LEFT JOIN `penerbit` ON `penerbit`.`id_penerbit` = `buku`.`id_penerbit`
LEFT JOIN `buku_rak` ON `buku_rak`.`id_buku` = `buku`.`id_buku`
LEFT JOIN `rak` ON `rak`.`id_rak` = `buku_rak`.`id_rak`')
 3 SYSTEMPATH\Database\BaseBuilder.php(1649): CodeIgniter\Database\BaseConnection->query('SELECT `buku`.*, `kategori`.`nama_kategori`, `penulis`.`nama_penulis`, `penerbit`.`nama_penerbit`, `rak`.`nama_rak`, `rak`.`lokasi`
FROM `buku`
LEFT JOIN `kategori` ON `kategori`.`id_kategori` = `buku`.`id_kategori`
LEFT JOIN `penulis` ON `penulis`.`id_penulis` = `buku`.`id_penulis`
LEFT JOIN `penerbit` ON `penerbit`.`id_penerbit` = `buku`.`id_penerbit`
LEFT JOIN `buku_rak` ON `buku_rak`.`id_buku` = `buku`.`id_buku`
LEFT JOIN `rak` ON `rak`.`id_rak` = `buku_rak`.`id_rak`', [], false)
 4 APPPATH\Controllers\buku.php(41): CodeIgniter\Database\BaseBuilder->get()
 5 SYSTEMPATH\CodeIgniter.php(933): App\Controllers\Buku->index()
 6 SYSTEMPATH\CodeIgniter.php(507): CodeIgniter\CodeIgniter->runController(Object(App\Controllers\Buku))
 7 SYSTEMPATH\CodeIgniter.php(354): CodeIgniter\CodeIgniter->handleRequest(null, Object(Config\Cache), false)
 8 SYSTEMPATH\Boot.php(363): CodeIgniter\CodeIgniter->run()
 9 SYSTEMPATH\Boot.php(68): CodeIgniter\Boot::runCodeIgniter(Object(CodeIgniter\CodeIgniter))
10 FCPATH\index.php(59): CodeIgniter\Boot::bootWeb(Object(Config\Paths))
CRITICAL - 2026-04-17 07:46:12 --> [Caused by] mysqli_sql_exception: Table 'perpus.rak' doesn't exist
in SYSTEMPATH\Database\MySQLi\Connection.php on line 327.
 1 SYSTEMPATH\Database\MySQLi\Connection.php(327): mysqli->query('SELECT `buku`.*, `kategori`.`nama_kategori`, `penulis`.`nama_penulis`, `penerbit`.`nama_penerbit`, `rak`.`nama_rak`, `rak`.`lokasi`
FROM `buku`
LEFT JOIN `kategori` ON `kategori`.`id_kategori` = `buku`.`id_kategori`
LEFT JOIN `penulis` ON `penulis`.`id_penulis` = `buku`.`id_penulis`
LEFT JOIN `penerbit` ON `penerbit`.`id_penerbit` = `buku`.`id_penerbit`
LEFT JOIN `buku_rak` ON `buku_rak`.`id_buku` = `buku`.`id_buku`
LEFT JOIN `rak` ON `rak`.`id_rak` = `buku_rak`.`id_rak`', 0)
 2 SYSTEMPATH\Database\BaseConnection.php(729): CodeIgniter\Database\MySQLi\Connection->execute('SELECT `buku`.*, `kategori`.`nama_kategori`, `penulis`.`nama_penulis`, `penerbit`.`nama_penerbit`, `rak`.`nama_rak`, `rak`.`lokasi`
FROM `buku`
LEFT JOIN `kategori` ON `kategori`.`id_kategori` = `buku`.`id_kategori`
LEFT JOIN `penulis` ON `penulis`.`id_penulis` = `buku`.`id_penulis`
LEFT JOIN `penerbit` ON `penerbit`.`id_penerbit` = `buku`.`id_penerbit`
LEFT JOIN `buku_rak` ON `buku_rak`.`id_buku` = `buku`.`id_buku`
LEFT JOIN `rak` ON `rak`.`id_rak` = `buku_rak`.`id_rak`')
 3 SYSTEMPATH\Database\BaseConnection.php(646): CodeIgniter\Database\BaseConnection->simpleQuery('SELECT `buku`.*, `kategori`.`nama_kategori`, `penulis`.`nama_penulis`, `penerbit`.`nama_penerbit`, `rak`.`nama_rak`, `rak`.`lokasi`
FROM `buku`
LEFT JOIN `kategori` ON `kategori`.`id_kategori` = `buku`.`id_kategori`
LEFT JOIN `penulis` ON `penulis`.`id_penulis` = `buku`.`id_penulis`
LEFT JOIN `penerbit` ON `penerbit`.`id_penerbit` = `buku`.`id_penerbit`
LEFT JOIN `buku_rak` ON `buku_rak`.`id_buku` = `buku`.`id_buku`
LEFT JOIN `rak` ON `rak`.`id_rak` = `buku_rak`.`id_rak`')
 4 SYSTEMPATH\Database\BaseBuilder.php(1649): CodeIgniter\Database\BaseConnection->query('SELECT `buku`.*, `kategori`.`nama_kategori`, `penulis`.`nama_penulis`, `penerbit`.`nama_penerbit`, `rak`.`nama_rak`, `rak`.`lokasi`
FROM `buku`
LEFT JOIN `kategori` ON `kategori`.`id_kategori` = `buku`.`id_kategori`
LEFT JOIN `penulis` ON `penulis`.`id_penulis` = `buku`.`id_penulis`
LEFT JOIN `penerbit` ON `penerbit`.`id_penerbit` = `buku`.`id_penerbit`
LEFT JOIN `buku_rak` ON `buku_rak`.`id_buku` = `buku`.`id_buku`
LEFT JOIN `rak` ON `rak`.`id_rak` = `buku_rak`.`id_rak`', [], false)
 5 APPPATH\Controllers\buku.php(41): CodeIgniter\Database\BaseBuilder->get()
 6 SYSTEMPATH\CodeIgniter.php(933): App\Controllers\Buku->index()
 7 SYSTEMPATH\CodeIgniter.php(507): CodeIgniter\CodeIgniter->runController(Object(App\Controllers\Buku))
 8 SYSTEMPATH\CodeIgniter.php(354): CodeIgniter\CodeIgniter->handleRequest(null, Object(Config\Cache), false)
 9 SYSTEMPATH\Boot.php(363): CodeIgniter\CodeIgniter->run()
10 SYSTEMPATH\Boot.php(68): CodeIgniter\Boot::runCodeIgniter(Object(CodeIgniter\CodeIgniter))
11 FCPATH\index.php(59): CodeIgniter\Boot::bootWeb(Object(Config\Paths))
ERROR - 2026-04-17 07:48:58 --> mysqli_sql_exception: Table 'perpus.rak' doesn't exist in C:\xampp\htdocs\perpus\system\Database\MySQLi\Connection.php:327
Stack trace:
#0 C:\xampp\htdocs\perpus\system\Database\MySQLi\Connection.php(327): mysqli->query('SELECT `buku`.*...', 0)
#1 C:\xampp\htdocs\perpus\system\Database\BaseConnection.php(729): CodeIgniter\Database\MySQLi\Connection->execute('SELECT `buku`.*...')
#2 C:\xampp\htdocs\perpus\system\Database\BaseConnection.php(646): CodeIgniter\Database\BaseConnection->simpleQuery('SELECT `buku`.*...')
#3 C:\xampp\htdocs\perpus\system\Database\BaseBuilder.php(1649): CodeIgniter\Database\BaseConnection->query('SELECT `buku`.*...', Array, false)
#4 C:\xampp\htdocs\perpus\app\Controllers\buku.php(41): CodeIgniter\Database\BaseBuilder->get()
#5 C:\xampp\htdocs\perpus\system\CodeIgniter.php(933): App\Controllers\Buku->index()
#6 C:\xampp\htdocs\perpus\system\CodeIgniter.php(507): CodeIgniter\CodeIgniter->runController(Object(App\Controllers\Buku))
#7 C:\xampp\htdocs\perpus\system\CodeIgniter.php(354): CodeIgniter\CodeIgniter->handleRequest(NULL, Object(Config\Cache), false)
#8 C:\xampp\htdocs\perpus\system\Boot.php(363): CodeIgniter\CodeIgniter->run()
#9 C:\xampp\htdocs\perpus\system\Boot.php(68): CodeIgniter\Boot::runCodeIgniter(Object(CodeIgniter\CodeIgniter))
#10 C:\xampp\htdocs\perpus\index.php(59): CodeIgniter\Boot::bootWeb(Object(Config\Paths))
#11 {main}
CRITICAL - 2026-04-17 07:48:58 --> CodeIgniter\Database\Exceptions\DatabaseException: Table 'perpus.rak' doesn't exist
[Method: GET, Route: buku]
in SYSTEMPATH\Database\BaseConnection.php on line 684.
 1 SYSTEMPATH\Database\BaseBuilder.php(1649): CodeIgniter\Database\BaseConnection->query('SELECT `buku`.*, `kategori`.`nama_kategori`, `penulis`.`nama_penulis`, `penerbit`.`nama_penerbit`, `rak`.`nama_rak`, `rak`.`lokasi`
FROM `buku`
LEFT JOIN `kategori` ON `kategori`.`id_kategori` = `buku`.`id_kategori`
LEFT JOIN `penulis` ON `penulis`.`id_penulis` = `buku`.`id_penulis`
LEFT JOIN `penerbit` ON `penerbit`.`id_penerbit` = `buku`.`id_penerbit`
LEFT JOIN `buku_rak` ON `buku_rak`.`id_buku` = `buku`.`id_buku`
LEFT JOIN `rak` ON `rak`.`id_rak` = `buku_rak`.`id_rak`', [], false)
 2 APPPATH\Controllers\buku.php(41): CodeIgniter\Database\BaseBuilder->get()
 3 SYSTEMPATH\CodeIgniter.php(933): App\Controllers\Buku->index()
 4 SYSTEMPATH\CodeIgniter.php(507): CodeIgniter\CodeIgniter->runController(Object(App\Controllers\Buku))
 5 SYSTEMPATH\CodeIgniter.php(354): CodeIgniter\CodeIgniter->handleRequest(null, Object(Config\Cache), false)
 6 SYSTEMPATH\Boot.php(363): CodeIgniter\CodeIgniter->run()
 7 SYSTEMPATH\Boot.php(68): CodeIgniter\Boot::runCodeIgniter(Object(CodeIgniter\CodeIgniter))
 8 FCPATH\index.php(59): CodeIgniter\Boot::bootWeb(Object(Config\Paths))
CRITICAL - 2026-04-17 07:48:58 --> [Caused by] CodeIgniter\Database\Exceptions\DatabaseException: Table 'perpus.rak' doesn't exist
in SYSTEMPATH\Database\MySQLi\Connection.php on line 332.
 1 SYSTEMPATH\Database\BaseConnection.php(729): CodeIgniter\Database\MySQLi\Connection->execute('SELECT `buku`.*, `kategori`.`nama_kategori`, `penulis`.`nama_penulis`, `penerbit`.`nama_penerbit`, `rak`.`nama_rak`, `rak`.`lokasi`
FROM `buku`
LEFT JOIN `kategori` ON `kategori`.`id_kategori` = `buku`.`id_kategori`
LEFT JOIN `penulis` ON `penulis`.`id_penulis` = `buku`.`id_penulis`
LEFT JOIN `penerbit` ON `penerbit`.`id_penerbit` = `buku`.`id_penerbit`
LEFT JOIN `buku_rak` ON `buku_rak`.`id_buku` = `buku`.`id_buku`
LEFT JOIN `rak` ON `rak`.`id_rak` = `buku_rak`.`id_rak`')
 2 SYSTEMPATH\Database\BaseConnection.php(646): CodeIgniter\Database\BaseConnection->simpleQuery('SELECT `buku`.*, `kategori`.`nama_kategori`, `penulis`.`nama_penulis`, `penerbit`.`nama_penerbit`, `rak`.`nama_rak`, `rak`.`lokasi`
FROM `buku`
LEFT JOIN `kategori` ON `kategori`.`id_kategori` = `buku`.`id_kategori`
LEFT JOIN `penulis` ON `penulis`.`id_penulis` = `buku`.`id_penulis`
LEFT JOIN `penerbit` ON `penerbit`.`id_penerbit` = `buku`.`id_penerbit`
LEFT JOIN `buku_rak` ON `buku_rak`.`id_buku` = `buku`.`id_buku`
LEFT JOIN `rak` ON `rak`.`id_rak` = `buku_rak`.`id_rak`')
 3 SYSTEMPATH\Database\BaseBuilder.php(1649): CodeIgniter\Database\BaseConnection->query('SELECT `buku`.*, `kategori`.`nama_kategori`, `penulis`.`nama_penulis`, `penerbit`.`nama_penerbit`, `rak`.`nama_rak`, `rak`.`lokasi`
FROM `buku`
LEFT JOIN `kategori` ON `kategori`.`id_kategori` = `buku`.`id_kategori`
LEFT JOIN `penulis` ON `penulis`.`id_penulis` = `buku`.`id_penulis`
LEFT JOIN `penerbit` ON `penerbit`.`id_penerbit` = `buku`.`id_penerbit`
LEFT JOIN `buku_rak` ON `buku_rak`.`id_buku` = `buku`.`id_buku`
LEFT JOIN `rak` ON `rak`.`id_rak` = `buku_rak`.`id_rak`', [], false)
 4 APPPATH\Controllers\buku.php(41): CodeIgniter\Database\BaseBuilder->get()
 5 SYSTEMPATH\CodeIgniter.php(933): App\Controllers\Buku->index()
 6 SYSTEMPATH\CodeIgniter.php(507): CodeIgniter\CodeIgniter->runController(Object(App\Controllers\Buku))
 7 SYSTEMPATH\CodeIgniter.php(354): CodeIgniter\CodeIgniter->handleRequest(null, Object(Config\Cache), false)
 8 SYSTEMPATH\Boot.php(363): CodeIgniter\CodeIgniter->run()
 9 SYSTEMPATH\Boot.php(68): CodeIgniter\Boot::runCodeIgniter(Object(CodeIgniter\CodeIgniter))
10 FCPATH\index.php(59): CodeIgniter\Boot::bootWeb(Object(Config\Paths))
CRITICAL - 2026-04-17 07:48:58 --> [Caused by] mysqli_sql_exception: Table 'perpus.rak' doesn't exist
in SYSTEMPATH\Database\MySQLi\Connection.php on line 327.
 1 SYSTEMPATH\Database\MySQLi\Connection.php(327): mysqli->query('SELECT `buku`.*, `kategori`.`nama_kategori`, `penulis`.`nama_penulis`, `penerbit`.`nama_penerbit`, `rak`.`nama_rak`, `rak`.`lokasi`
FROM `buku`
LEFT JOIN `kategori` ON `kategori`.`id_kategori` = `buku`.`id_kategori`
LEFT JOIN `penulis` ON `penulis`.`id_penulis` = `buku`.`id_penulis`
LEFT JOIN `penerbit` ON `penerbit`.`id_penerbit` = `buku`.`id_penerbit`
LEFT JOIN `buku_rak` ON `buku_rak`.`id_buku` = `buku`.`id_buku`
LEFT JOIN `rak` ON `rak`.`id_rak` = `buku_rak`.`id_rak`', 0)
 2 SYSTEMPATH\Database\BaseConnection.php(729): CodeIgniter\Database\MySQLi\Connection->execute('SELECT `buku`.*, `kategori`.`nama_kategori`, `penulis`.`nama_penulis`, `penerbit`.`nama_penerbit`, `rak`.`nama_rak`, `rak`.`lokasi`
FROM `buku`
LEFT JOIN `kategori` ON `kategori`.`id_kategori` = `buku`.`id_kategori`
LEFT JOIN `penulis` ON `penulis`.`id_penulis` = `buku`.`id_penulis`
LEFT JOIN `penerbit` ON `penerbit`.`id_penerbit` = `buku`.`id_penerbit`
LEFT JOIN `buku_rak` ON `buku_rak`.`id_buku` = `buku`.`id_buku`
LEFT JOIN `rak` ON `rak`.`id_rak` = `buku_rak`.`id_rak`')
 3 SYSTEMPATH\Database\BaseConnection.php(646): CodeIgniter\Database\BaseConnection->simpleQuery('SELECT `buku`.*, `kategori`.`nama_kategori`, `penulis`.`nama_penulis`, `penerbit`.`nama_penerbit`, `rak`.`nama_rak`, `rak`.`lokasi`
FROM `buku`
LEFT JOIN `kategori` ON `kategori`.`id_kategori` = `buku`.`id_kategori`
LEFT JOIN `penulis` ON `penulis`.`id_penulis` = `buku`.`id_penulis`
LEFT JOIN `penerbit` ON `penerbit`.`id_penerbit` = `buku`.`id_penerbit`
LEFT JOIN `buku_rak` ON `buku_rak`.`id_buku` = `buku`.`id_buku`
LEFT JOIN `rak` ON `rak`.`id_rak` = `buku_rak`.`id_rak`')
 4 SYSTEMPATH\Database\BaseBuilder.php(1649): CodeIgniter\Database\BaseConnection->query('SELECT `buku`.*, `kategori`.`nama_kategori`, `penulis`.`nama_penulis`, `penerbit`.`nama_penerbit`, `rak`.`nama_rak`, `rak`.`lokasi`
FROM `buku`
LEFT JOIN `kategori` ON `kategori`.`id_kategori` = `buku`.`id_kategori`
LEFT JOIN `penulis` ON `penulis`.`id_penulis` = `buku`.`id_penulis`
LEFT JOIN `penerbit` ON `penerbit`.`id_penerbit` = `buku`.`id_penerbit`
LEFT JOIN `buku_rak` ON `buku_rak`.`id_buku` = `buku`.`id_buku`
LEFT JOIN `rak` ON `rak`.`id_rak` = `buku_rak`.`id_rak`', [], false)
 5 APPPATH\Controllers\buku.php(41): CodeIgniter\Database\BaseBuilder->get()
 6 SYSTEMPATH\CodeIgniter.php(933): App\Controllers\Buku->index()
 7 SYSTEMPATH\CodeIgniter.php(507): CodeIgniter\CodeIgniter->runController(Object(App\Controllers\Buku))
 8 SYSTEMPATH\CodeIgniter.php(354): CodeIgniter\CodeIgniter->handleRequest(null, Object(Config\Cache), false)
 9 SYSTEMPATH\Boot.php(363): CodeIgniter\CodeIgniter->run()
10 SYSTEMPATH\Boot.php(68): CodeIgniter\Boot::runCodeIgniter(Object(CodeIgniter\CodeIgniter))
11 FCPATH\index.php(59): CodeIgniter\Boot::bootWeb(Object(Config\Paths))
ERROR - 2026-04-17 07:49:44 --> mysqli_sql_exception: Table 'perpus.rak' doesn't exist in C:\xampp\htdocs\perpus\system\Database\MySQLi\Connection.php:327
Stack trace:
#0 C:\xampp\htdocs\perpus\system\Database\MySQLi\Connection.php(327): mysqli->query('SELECT `buku`.*...', 0)
#1 C:\xampp\htdocs\perpus\system\Database\BaseConnection.php(729): CodeIgniter\Database\MySQLi\Connection->execute('SELECT `buku`.*...')
#2 C:\xampp\htdocs\perpus\system\Database\BaseConnection.php(646): CodeIgniter\Database\BaseConnection->simpleQuery('SELECT `buku`.*...')
#3 C:\xampp\htdocs\perpus\system\Database\BaseBuilder.php(1649): CodeIgniter\Database\BaseConnection->query('SELECT `buku`.*...', Array, false)
#4 C:\xampp\htdocs\perpus\app\Controllers\buku.php(41): CodeIgniter\Database\BaseBuilder->get()
#5 C:\xampp\htdocs\perpus\system\CodeIgniter.php(933): App\Controllers\Buku->index()
#6 C:\xampp\htdocs\perpus\system\CodeIgniter.php(507): CodeIgniter\CodeIgniter->runController(Object(App\Controllers\Buku))
#7 C:\xampp\htdocs\perpus\system\CodeIgniter.php(354): CodeIgniter\CodeIgniter->handleRequest(NULL, Object(Config\Cache), false)
#8 C:\xampp\htdocs\perpus\system\Boot.php(363): CodeIgniter\CodeIgniter->run()
#9 C:\xampp\htdocs\perpus\system\Boot.php(68): CodeIgniter\Boot::runCodeIgniter(Object(CodeIgniter\CodeIgniter))
#10 C:\xampp\htdocs\perpus\index.php(59): CodeIgniter\Boot::bootWeb(Object(Config\Paths))
#11 {main}
CRITICAL - 2026-04-17 07:49:44 --> CodeIgniter\Database\Exceptions\DatabaseException: Table 'perpus.rak' doesn't exist
[Method: GET, Route: buku]
in SYSTEMPATH\Database\BaseConnection.php on line 684.
 1 SYSTEMPATH\Database\BaseBuilder.php(1649): CodeIgniter\Database\BaseConnection->query('SELECT `buku`.*, `kategori`.`nama_kategori`, `penulis`.`nama_penulis`, `penerbit`.`nama_penerbit`, `rak`.`nama_rak`, `rak`.`lokasi`
FROM `buku`
LEFT JOIN `kategori` ON `kategori`.`id_kategori` = `buku`.`id_kategori`
LEFT JOIN `penulis` ON `penulis`.`id_penulis` = `buku`.`id_penulis`
LEFT JOIN `penerbit` ON `penerbit`.`id_penerbit` = `buku`.`id_penerbit`
LEFT JOIN `buku_rak` ON `buku_rak`.`id_buku` = `buku`.`id_buku`
LEFT JOIN `rak` ON `rak`.`id_rak` = `buku_rak`.`id_rak`', [], false)
 2 APPPATH\Controllers\buku.php(41): CodeIgniter\Database\BaseBuilder->get()
 3 SYSTEMPATH\CodeIgniter.php(933): App\Controllers\Buku->index()
 4 SYSTEMPATH\CodeIgniter.php(507): CodeIgniter\CodeIgniter->runController(Object(App\Controllers\Buku))
 5 SYSTEMPATH\CodeIgniter.php(354): CodeIgniter\CodeIgniter->handleRequest(null, Object(Config\Cache), false)
 6 SYSTEMPATH\Boot.php(363): CodeIgniter\CodeIgniter->run()
 7 SYSTEMPATH\Boot.php(68): CodeIgniter\Boot::runCodeIgniter(Object(CodeIgniter\CodeIgniter))
 8 FCPATH\index.php(59): CodeIgniter\Boot::bootWeb(Object(Config\Paths))
CRITICAL - 2026-04-17 07:49:44 --> [Caused by] CodeIgniter\Database\Exceptions\DatabaseException: Table 'perpus.rak' doesn't exist
in SYSTEMPATH\Database\MySQLi\Connection.php on line 332.
 1 SYSTEMPATH\Database\BaseConnection.php(729): CodeIgniter\Database\MySQLi\Connection->execute('SELECT `buku`.*, `kategori`.`nama_kategori`, `penulis`.`nama_penulis`, `penerbit`.`nama_penerbit`, `rak`.`nama_rak`, `rak`.`lokasi`
FROM `buku`
LEFT JOIN `kategori` ON `kategori`.`id_kategori` = `buku`.`id_kategori`
LEFT JOIN `penulis` ON `penulis`.`id_penulis` = `buku`.`id_penulis`
LEFT JOIN `penerbit` ON `penerbit`.`id_penerbit` = `buku`.`id_penerbit`
LEFT JOIN `buku_rak` ON `buku_rak`.`id_buku` = `buku`.`id_buku`
LEFT JOIN `rak` ON `rak`.`id_rak` = `buku_rak`.`id_rak`')
 2 SYSTEMPATH\Database\BaseConnection.php(646): CodeIgniter\Database\BaseConnection->simpleQuery('SELECT `buku`.*, `kategori`.`nama_kategori`, `penulis`.`nama_penulis`, `penerbit`.`nama_penerbit`, `rak`.`nama_rak`, `rak`.`lokasi`
FROM `buku`
LEFT JOIN `kategori` ON `kategori`.`id_kategori` = `buku`.`id_kategori`
LEFT JOIN `penulis` ON `penulis`.`id_penulis` = `buku`.`id_penulis`
LEFT JOIN `penerbit` ON `penerbit`.`id_penerbit` = `buku`.`id_penerbit`
LEFT JOIN `buku_rak` ON `buku_rak`.`id_buku` = `buku`.`id_buku`
LEFT JOIN `rak` ON `rak`.`id_rak` = `buku_rak`.`id_rak`')
 3 SYSTEMPATH\Database\BaseBuilder.php(1649): CodeIgniter\Database\BaseConnection->query('SELECT `buku`.*, `kategori`.`nama_kategori`, `penulis`.`nama_penulis`, `penerbit`.`nama_penerbit`, `rak`.`nama_rak`, `rak`.`lokasi`
FROM `buku`
LEFT JOIN `kategori` ON `kategori`.`id_kategori` = `buku`.`id_kategori`
LEFT JOIN `penulis` ON `penulis`.`id_penulis` = `buku`.`id_penulis`
LEFT JOIN `penerbit` ON `penerbit`.`id_penerbit` = `buku`.`id_penerbit`
LEFT JOIN `buku_rak` ON `buku_rak`.`id_buku` = `buku`.`id_buku`
LEFT JOIN `rak` ON `rak`.`id_rak` = `buku_rak`.`id_rak`', [], false)
 4 APPPATH\Controllers\buku.php(41): CodeIgniter\Database\BaseBuilder->get()
 5 SYSTEMPATH\CodeIgniter.php(933): App\Controllers\Buku->index()
 6 SYSTEMPATH\CodeIgniter.php(507): CodeIgniter\CodeIgniter->runController(Object(App\Controllers\Buku))
 7 SYSTEMPATH\CodeIgniter.php(354): CodeIgniter\CodeIgniter->handleRequest(null, Object(Config\Cache), false)
 8 SYSTEMPATH\Boot.php(363): CodeIgniter\CodeIgniter->run()
 9 SYSTEMPATH\Boot.php(68): CodeIgniter\Boot::runCodeIgniter(Object(CodeIgniter\CodeIgniter))
10 FCPATH\index.php(59): CodeIgniter\Boot::bootWeb(Object(Config\Paths))
CRITICAL - 2026-04-17 07:49:44 --> [Caused by] mysqli_sql_exception: Table 'perpus.rak' doesn't exist
in SYSTEMPATH\Database\MySQLi\Connection.php on line 327.
 1 SYSTEMPATH\Database\MySQLi\Connection.php(327): mysqli->query('SELECT `buku`.*, `kategori`.`nama_kategori`, `penulis`.`nama_penulis`, `penerbit`.`nama_penerbit`, `rak`.`nama_rak`, `rak`.`lokasi`
FROM `buku`
LEFT JOIN `kategori` ON `kategori`.`id_kategori` = `buku`.`id_kategori`
LEFT JOIN `penulis` ON `penulis`.`id_penulis` = `buku`.`id_penulis`
LEFT JOIN `penerbit` ON `penerbit`.`id_penerbit` = `buku`.`id_penerbit`
LEFT JOIN `buku_rak` ON `buku_rak`.`id_buku` = `buku`.`id_buku`
LEFT JOIN `rak` ON `rak`.`id_rak` = `buku_rak`.`id_rak`', 0)
 2 SYSTEMPATH\Database\BaseConnection.php(729): CodeIgniter\Database\MySQLi\Connection->execute('SELECT `buku`.*, `kategori`.`nama_kategori`, `penulis`.`nama_penulis`, `penerbit`.`nama_penerbit`, `rak`.`nama_rak`, `rak`.`lokasi`
FROM `buku`
LEFT JOIN `kategori` ON `kategori`.`id_kategori` = `buku`.`id_kategori`
LEFT JOIN `penulis` ON `penulis`.`id_penulis` = `buku`.`id_penulis`
LEFT JOIN `penerbit` ON `penerbit`.`id_penerbit` = `buku`.`id_penerbit`
LEFT JOIN `buku_rak` ON `buku_rak`.`id_buku` = `buku`.`id_buku`
LEFT JOIN `rak` ON `rak`.`id_rak` = `buku_rak`.`id_rak`')
 3 SYSTEMPATH\Database\BaseConnection.php(646): CodeIgniter\Database\BaseConnection->simpleQuery('SELECT `buku`.*, `kategori`.`nama_kategori`, `penulis`.`nama_penulis`, `penerbit`.`nama_penerbit`, `rak`.`nama_rak`, `rak`.`lokasi`
FROM `buku`
LEFT JOIN `kategori` ON `kategori`.`id_kategori` = `buku`.`id_kategori`
LEFT JOIN `penulis` ON `penulis`.`id_penulis` = `buku`.`id_penulis`
LEFT JOIN `penerbit` ON `penerbit`.`id_penerbit` = `buku`.`id_penerbit`
LEFT JOIN `buku_rak` ON `buku_rak`.`id_buku` = `buku`.`id_buku`
LEFT JOIN `rak` ON `rak`.`id_rak` = `buku_rak`.`id_rak`')
 4 SYSTEMPATH\Database\BaseBuilder.php(1649): CodeIgniter\Database\BaseConnection->query('SELECT `buku`.*, `kategori`.`nama_kategori`, `penulis`.`nama_penulis`, `penerbit`.`nama_penerbit`, `rak`.`nama_rak`, `rak`.`lokasi`
FROM `buku`
LEFT JOIN `kategori` ON `kategori`.`id_kategori` = `buku`.`id_kategori`
LEFT JOIN `penulis` ON `penulis`.`id_penulis` = `buku`.`id_penulis`
LEFT JOIN `penerbit` ON `penerbit`.`id_penerbit` = `buku`.`id_penerbit`
LEFT JOIN `buku_rak` ON `buku_rak`.`id_buku` = `buku`.`id_buku`
LEFT JOIN `rak` ON `rak`.`id_rak` = `buku_rak`.`id_rak`', [], false)
 5 APPPATH\Controllers\buku.php(41): CodeIgniter\Database\BaseBuilder->get()
 6 SYSTEMPATH\CodeIgniter.php(933): App\Controllers\Buku->index()
 7 SYSTEMPATH\CodeIgniter.php(507): CodeIgniter\CodeIgniter->runController(Object(App\Controllers\Buku))
 8 SYSTEMPATH\CodeIgniter.php(354): CodeIgniter\CodeIgniter->handleRequest(null, Object(Config\Cache), false)
 9 SYSTEMPATH\Boot.php(363): CodeIgniter\CodeIgniter->run()
10 SYSTEMPATH\Boot.php(68): CodeIgniter\Boot::runCodeIgniter(Object(CodeIgniter\CodeIgniter))
11 FCPATH\index.php(59): CodeIgniter\Boot::bootWeb(Object(Config\Paths))
ERROR - 2026-04-17 07:49:45 --> mysqli_sql_exception: Table 'perpus.rak' doesn't exist in C:\xampp\htdocs\perpus\system\Database\MySQLi\Connection.php:327
Stack trace:
#0 C:\xampp\htdocs\perpus\system\Database\MySQLi\Connection.php(327): mysqli->query('SELECT `buku`.*...', 0)
#1 C:\xampp\htdocs\perpus\system\Database\BaseConnection.php(729): CodeIgniter\Database\MySQLi\Connection->execute('SELECT `buku`.*...')
#2 C:\xampp\htdocs\perpus\system\Database\BaseConnection.php(646): CodeIgniter\Database\BaseConnection->simpleQuery('SELECT `buku`.*...')
#3 C:\xampp\htdocs\perpus\system\Database\BaseBuilder.php(1649): CodeIgniter\Database\BaseConnection->query('SELECT `buku`.*...', Array, false)
#4 C:\xampp\htdocs\perpus\app\Controllers\buku.php(41): CodeIgniter\Database\BaseBuilder->get()
#5 C:\xampp\htdocs\perpus\system\CodeIgniter.php(933): App\Controllers\Buku->index()
#6 C:\xampp\htdocs\perpus\system\CodeIgniter.php(507): CodeIgniter\CodeIgniter->runController(Object(App\Controllers\Buku))
#7 C:\xampp\htdocs\perpus\system\CodeIgniter.php(354): CodeIgniter\CodeIgniter->handleRequest(NULL, Object(Config\Cache), false)
#8 C:\xampp\htdocs\perpus\system\Boot.php(363): CodeIgniter\CodeIgniter->run()
#9 C:\xampp\htdocs\perpus\system\Boot.php(68): CodeIgniter\Boot::runCodeIgniter(Object(CodeIgniter\CodeIgniter))
#10 C:\xampp\htdocs\perpus\index.php(59): CodeIgniter\Boot::bootWeb(Object(Config\Paths))
#11 {main}
CRITICAL - 2026-04-17 07:49:45 --> CodeIgniter\Database\Exceptions\DatabaseException: Table 'perpus.rak' doesn't exist
[Method: GET, Route: buku]
in SYSTEMPATH\Database\BaseConnection.php on line 684.
 1 SYSTEMPATH\Database\BaseBuilder.php(1649): CodeIgniter\Database\BaseConnection->query('SELECT `buku`.*, `kategori`.`nama_kategori`, `penulis`.`nama_penulis`, `penerbit`.`nama_penerbit`, `rak`.`nama_rak`, `rak`.`lokasi`
FROM `buku`
LEFT JOIN `kategori` ON `kategori`.`id_kategori` = `buku`.`id_kategori`
LEFT JOIN `penulis` ON `penulis`.`id_penulis` = `buku`.`id_penulis`
LEFT JOIN `penerbit` ON `penerbit`.`id_penerbit` = `buku`.`id_penerbit`
LEFT JOIN `buku_rak` ON `buku_rak`.`id_buku` = `buku`.`id_buku`
LEFT JOIN `rak` ON `rak`.`id_rak` = `buku_rak`.`id_rak`', [], false)
 2 APPPATH\Controllers\buku.php(41): CodeIgniter\Database\BaseBuilder->get()
 3 SYSTEMPATH\CodeIgniter.php(933): App\Controllers\Buku->index()
 4 SYSTEMPATH\CodeIgniter.php(507): CodeIgniter\CodeIgniter->runController(Object(App\Controllers\Buku))
 5 SYSTEMPATH\CodeIgniter.php(354): CodeIgniter\CodeIgniter->handleRequest(null, Object(Config\Cache), false)
 6 SYSTEMPATH\Boot.php(363): CodeIgniter\CodeIgniter->run()
 7 SYSTEMPATH\Boot.php(68): CodeIgniter\Boot::runCodeIgniter(Object(CodeIgniter\CodeIgniter))
 8 FCPATH\index.php(59): CodeIgniter\Boot::bootWeb(Object(Config\Paths))
CRITICAL - 2026-04-17 07:49:45 --> [Caused by] CodeIgniter\Database\Exceptions\DatabaseException: Table 'perpus.rak' doesn't exist
in SYSTEMPATH\Database\MySQLi\Connection.php on line 332.
 1 SYSTEMPATH\Database\BaseConnection.php(729): CodeIgniter\Database\MySQLi\Connection->execute('SELECT `buku`.*, `kategori`.`nama_kategori`, `penulis`.`nama_penulis`, `penerbit`.`nama_penerbit`, `rak`.`nama_rak`, `rak`.`lokasi`
FROM `buku`
LEFT JOIN `kategori` ON `kategori`.`id_kategori` = `buku`.`id_kategori`
LEFT JOIN `penulis` ON `penulis`.`id_penulis` = `buku`.`id_penulis`
LEFT JOIN `penerbit` ON `penerbit`.`id_penerbit` = `buku`.`id_penerbit`
LEFT JOIN `buku_rak` ON `buku_rak`.`id_buku` = `buku`.`id_buku`
LEFT JOIN `rak` ON `rak`.`id_rak` = `buku_rak`.`id_rak`')
 2 SYSTEMPATH\Database\BaseConnection.php(646): CodeIgniter\Database\BaseConnection->simpleQuery('SELECT `buku`.*, `kategori`.`nama_kategori`, `penulis`.`nama_penulis`, `penerbit`.`nama_penerbit`, `rak`.`nama_rak`, `rak`.`lokasi`
FROM `buku`
LEFT JOIN `kategori` ON `kategori`.`id_kategori` = `buku`.`id_kategori`
LEFT JOIN `penulis` ON `penulis`.`id_penulis` = `buku`.`id_penulis`
LEFT JOIN `penerbit` ON `penerbit`.`id_penerbit` = `buku`.`id_penerbit`
LEFT JOIN `buku_rak` ON `buku_rak`.`id_buku` = `buku`.`id_buku`
LEFT JOIN `rak` ON `rak`.`id_rak` = `buku_rak`.`id_rak`')
 3 SYSTEMPATH\Database\BaseBuilder.php(1649): CodeIgniter\Database\BaseConnection->query('SELECT `buku`.*, `kategori`.`nama_kategori`, `penulis`.`nama_penulis`, `penerbit`.`nama_penerbit`, `rak`.`nama_rak`, `rak`.`lokasi`
FROM `buku`
LEFT JOIN `kategori` ON `kategori`.`id_kategori` = `buku`.`id_kategori`
LEFT JOIN `penulis` ON `penulis`.`id_penulis` = `buku`.`id_penulis`
LEFT JOIN `penerbit` ON `penerbit`.`id_penerbit` = `buku`.`id_penerbit`
LEFT JOIN `buku_rak` ON `buku_rak`.`id_buku` = `buku`.`id_buku`
LEFT JOIN `rak` ON `rak`.`id_rak` = `buku_rak`.`id_rak`', [], false)
 4 APPPATH\Controllers\buku.php(41): CodeIgniter\Database\BaseBuilder->get()
 5 SYSTEMPATH\CodeIgniter.php(933): App\Controllers\Buku->index()
 6 SYSTEMPATH\CodeIgniter.php(507): CodeIgniter\CodeIgniter->runController(Object(App\Controllers\Buku))
 7 SYSTEMPATH\CodeIgniter.php(354): CodeIgniter\CodeIgniter->handleRequest(null, Object(Config\Cache), false)
 8 SYSTEMPATH\Boot.php(363): CodeIgniter\CodeIgniter->run()
 9 SYSTEMPATH\Boot.php(68): CodeIgniter\Boot::runCodeIgniter(Object(CodeIgniter\CodeIgniter))
10 FCPATH\index.php(59): CodeIgniter\Boot::bootWeb(Object(Config\Paths))
CRITICAL - 2026-04-17 07:49:45 --> [Caused by] mysqli_sql_exception: Table 'perpus.rak' doesn't exist
in SYSTEMPATH\Database\MySQLi\Connection.php on line 327.
 1 SYSTEMPATH\Database\MySQLi\Connection.php(327): mysqli->query('SELECT `buku`.*, `kategori`.`nama_kategori`, `penulis`.`nama_penulis`, `penerbit`.`nama_penerbit`, `rak`.`nama_rak`, `rak`.`lokasi`
FROM `buku`
LEFT JOIN `kategori` ON `kategori`.`id_kategori` = `buku`.`id_kategori`
LEFT JOIN `penulis` ON `penulis`.`id_penulis` = `buku`.`id_penulis`
LEFT JOIN `penerbit` ON `penerbit`.`id_penerbit` = `buku`.`id_penerbit`
LEFT JOIN `buku_rak` ON `buku_rak`.`id_buku` = `buku`.`id_buku`
LEFT JOIN `rak` ON `rak`.`id_rak` = `buku_rak`.`id_rak`', 0)
 2 SYSTEMPATH\Database\BaseConnection.php(729): CodeIgniter\Database\MySQLi\Connection->execute('SELECT `buku`.*, `kategori`.`nama_kategori`, `penulis`.`nama_penulis`, `penerbit`.`nama_penerbit`, `rak`.`nama_rak`, `rak`.`lokasi`
FROM `buku`
LEFT JOIN `kategori` ON `kategori`.`id_kategori` = `buku`.`id_kategori`
LEFT JOIN `penulis` ON `penulis`.`id_penulis` = `buku`.`id_penulis`
LEFT JOIN `penerbit` ON `penerbit`.`id_penerbit` = `buku`.`id_penerbit`
LEFT JOIN `buku_rak` ON `buku_rak`.`id_buku` = `buku`.`id_buku`
LEFT JOIN `rak` ON `rak`.`id_rak` = `buku_rak`.`id_rak`')
 3 SYSTEMPATH\Database\BaseConnection.php(646): CodeIgniter\Database\BaseConnection->simpleQuery('SELECT `buku`.*, `kategori`.`nama_kategori`, `penulis`.`nama_penulis`, `penerbit`.`nama_penerbit`, `rak`.`nama_rak`, `rak`.`lokasi`
FROM `buku`
LEFT JOIN `kategori` ON `kategori`.`id_kategori` = `buku`.`id_kategori`
LEFT JOIN `penulis` ON `penulis`.`id_penulis` = `buku`.`id_penulis`
LEFT JOIN `penerbit` ON `penerbit`.`id_penerbit` = `buku`.`id_penerbit`
LEFT JOIN `buku_rak` ON `buku_rak`.`id_buku` = `buku`.`id_buku`
LEFT JOIN `rak` ON `rak`.`id_rak` = `buku_rak`.`id_rak`')
 4 SYSTEMPATH\Database\BaseBuilder.php(1649): CodeIgniter\Database\BaseConnection->query('SELECT `buku`.*, `kategori`.`nama_kategori`, `penulis`.`nama_penulis`, `penerbit`.`nama_penerbit`, `rak`.`nama_rak`, `rak`.`lokasi`
FROM `buku`
LEFT JOIN `kategori` ON `kategori`.`id_kategori` = `buku`.`id_kategori`
LEFT JOIN `penulis` ON `penulis`.`id_penulis` = `buku`.`id_penulis`
LEFT JOIN `penerbit` ON `penerbit`.`id_penerbit` = `buku`.`id_penerbit`
LEFT JOIN `buku_rak` ON `buku_rak`.`id_buku` = `buku`.`id_buku`
LEFT JOIN `rak` ON `rak`.`id_rak` = `buku_rak`.`id_rak`', [], false)
 5 APPPATH\Controllers\buku.php(41): CodeIgniter\Database\BaseBuilder->get()
 6 SYSTEMPATH\CodeIgniter.php(933): App\Controllers\Buku->index()
 7 SYSTEMPATH\CodeIgniter.php(507): CodeIgniter\CodeIgniter->runController(Object(App\Controllers\Buku))
 8 SYSTEMPATH\CodeIgniter.php(354): CodeIgniter\CodeIgniter->handleRequest(null, Object(Config\Cache), false)
 9 SYSTEMPATH\Boot.php(363): CodeIgniter\CodeIgniter->run()
10 SYSTEMPATH\Boot.php(68): CodeIgniter\Boot::runCodeIgniter(Object(CodeIgniter\CodeIgniter))
11 FCPATH\index.php(59): CodeIgniter\Boot::bootWeb(Object(Config\Paths))
ERROR - 2026-04-17 07:49:45 --> mysqli_sql_exception: Table 'perpus.rak' doesn't exist in C:\xampp\htdocs\perpus\system\Database\MySQLi\Connection.php:327
Stack trace:
#0 C:\xampp\htdocs\perpus\system\Database\MySQLi\Connection.php(327): mysqli->query('SELECT `buku`.*...', 0)
#1 C:\xampp\htdocs\perpus\system\Database\BaseConnection.php(729): CodeIgniter\Database\MySQLi\Connection->execute('SELECT `buku`.*...')
#2 C:\xampp\htdocs\perpus\system\Database\BaseConnection.php(646): CodeIgniter\Database\BaseConnection->simpleQuery('SELECT `buku`.*...')
#3 C:\xampp\htdocs\perpus\system\Database\BaseBuilder.php(1649): CodeIgniter\Database\BaseConnection->query('SELECT `buku`.*...', Array, false)
#4 C:\xampp\htdocs\perpus\app\Controllers\buku.php(41): CodeIgniter\Database\BaseBuilder->get()
#5 C:\xampp\htdocs\perpus\system\CodeIgniter.php(933): App\Controllers\Buku->index()
#6 C:\xampp\htdocs\perpus\system\CodeIgniter.php(507): CodeIgniter\CodeIgniter->runController(Object(App\Controllers\Buku))
#7 C:\xampp\htdocs\perpus\system\CodeIgniter.php(354): CodeIgniter\CodeIgniter->handleRequest(NULL, Object(Config\Cache), false)
#8 C:\xampp\htdocs\perpus\system\Boot.php(363): CodeIgniter\CodeIgniter->run()
#9 C:\xampp\htdocs\perpus\system\Boot.php(68): CodeIgniter\Boot::runCodeIgniter(Object(CodeIgniter\CodeIgniter))
#10 C:\xampp\htdocs\perpus\index.php(59): CodeIgniter\Boot::bootWeb(Object(Config\Paths))
#11 {main}
CRITICAL - 2026-04-17 07:49:45 --> CodeIgniter\Database\Exceptions\DatabaseException: Table 'perpus.rak' doesn't exist
[Method: GET, Route: buku]
in SYSTEMPATH\Database\BaseConnection.php on line 684.
 1 SYSTEMPATH\Database\BaseBuilder.php(1649): CodeIgniter\Database\BaseConnection->query('SELECT `buku`.*, `kategori`.`nama_kategori`, `penulis`.`nama_penulis`, `penerbit`.`nama_penerbit`, `rak`.`nama_rak`, `rak`.`lokasi`
FROM `buku`
LEFT JOIN `kategori` ON `kategori`.`id_kategori` = `buku`.`id_kategori`
LEFT JOIN `penulis` ON `penulis`.`id_penulis` = `buku`.`id_penulis`
LEFT JOIN `penerbit` ON `penerbit`.`id_penerbit` = `buku`.`id_penerbit`
LEFT JOIN `buku_rak` ON `buku_rak`.`id_buku` = `buku`.`id_buku`
LEFT JOIN `rak` ON `rak`.`id_rak` = `buku_rak`.`id_rak`', [], false)
 2 APPPATH\Controllers\buku.php(41): CodeIgniter\Database\BaseBuilder->get()
 3 SYSTEMPATH\CodeIgniter.php(933): App\Controllers\Buku->index()
 4 SYSTEMPATH\CodeIgniter.php(507): CodeIgniter\CodeIgniter->runController(Object(App\Controllers\Buku))
 5 SYSTEMPATH\CodeIgniter.php(354): CodeIgniter\CodeIgniter->handleRequest(null, Object(Config\Cache), false)
 6 SYSTEMPATH\Boot.php(363): CodeIgniter\CodeIgniter->run()
 7 SYSTEMPATH\Boot.php(68): CodeIgniter\Boot::runCodeIgniter(Object(CodeIgniter\CodeIgniter))
 8 FCPATH\index.php(59): CodeIgniter\Boot::bootWeb(Object(Config\Paths))
CRITICAL - 2026-04-17 07:49:45 --> [Caused by] CodeIgniter\Database\Exceptions\DatabaseException: Table 'perpus.rak' doesn't exist
in SYSTEMPATH\Database\MySQLi\Connection.php on line 332.
 1 SYSTEMPATH\Database\BaseConnection.php(729): CodeIgniter\Database\MySQLi\Connection->execute('SELECT `buku`.*, `kategori`.`nama_kategori`, `penulis`.`nama_penulis`, `penerbit`.`nama_penerbit`, `rak`.`nama_rak`, `rak`.`lokasi`
FROM `buku`
LEFT JOIN `kategori` ON `kategori`.`id_kategori` = `buku`.`id_kategori`
LEFT JOIN `penulis` ON `penulis`.`id_penulis` = `buku`.`id_penulis`
LEFT JOIN `penerbit` ON `penerbit`.`id_penerbit` = `buku`.`id_penerbit`
LEFT JOIN `buku_rak` ON `buku_rak`.`id_buku` = `buku`.`id_buku`
LEFT JOIN `rak` ON `rak`.`id_rak` = `buku_rak`.`id_rak`')
 2 SYSTEMPATH\Database\BaseConnection.php(646): CodeIgniter\Database\BaseConnection->simpleQuery('SELECT `buku`.*, `kategori`.`nama_kategori`, `penulis`.`nama_penulis`, `penerbit`.`nama_penerbit`, `rak`.`nama_rak`, `rak`.`lokasi`
FROM `buku`
LEFT JOIN `kategori` ON `kategori`.`id_kategori` = `buku`.`id_kategori`
LEFT JOIN `penulis` ON `penulis`.`id_penulis` = `buku`.`id_penulis`
LEFT JOIN `penerbit` ON `penerbit`.`id_penerbit` = `buku`.`id_penerbit`
LEFT JOIN `buku_rak` ON `buku_rak`.`id_buku` = `buku`.`id_buku`
LEFT JOIN `rak` ON `rak`.`id_rak` = `buku_rak`.`id_rak`')
 3 SYSTEMPATH\Database\BaseBuilder.php(1649): CodeIgniter\Database\BaseConnection->query('SELECT `buku`.*, `kategori`.`nama_kategori`, `penulis`.`nama_penulis`, `penerbit`.`nama_penerbit`, `rak`.`nama_rak`, `rak`.`lokasi`
FROM `buku`
LEFT JOIN `kategori` ON `kategori`.`id_kategori` = `buku`.`id_kategori`
LEFT JOIN `penulis` ON `penulis`.`id_penulis` = `buku`.`id_penulis`
LEFT JOIN `penerbit` ON `penerbit`.`id_penerbit` = `buku`.`id_penerbit`
LEFT JOIN `buku_rak` ON `buku_rak`.`id_buku` = `buku`.`id_buku`
LEFT JOIN `rak` ON `rak`.`id_rak` = `buku_rak`.`id_rak`', [], false)
 4 APPPATH\Controllers\buku.php(41): CodeIgniter\Database\BaseBuilder->get()
 5 SYSTEMPATH\CodeIgniter.php(933): App\Controllers\Buku->index()
 6 SYSTEMPATH\CodeIgniter.php(507): CodeIgniter\CodeIgniter->runController(Object(App\Controllers\Buku))
 7 SYSTEMPATH\CodeIgniter.php(354): CodeIgniter\CodeIgniter->handleRequest(null, Object(Config\Cache), false)
 8 SYSTEMPATH\Boot.php(363): CodeIgniter\CodeIgniter->run()
 9 SYSTEMPATH\Boot.php(68): CodeIgniter\Boot::runCodeIgniter(Object(CodeIgniter\CodeIgniter))
10 FCPATH\index.php(59): CodeIgniter\Boot::bootWeb(Object(Config\Paths))
CRITICAL - 2026-04-17 07:49:45 --> [Caused by] mysqli_sql_exception: Table 'perpus.rak' doesn't exist
in SYSTEMPATH\Database\MySQLi\Connection.php on line 327.
 1 SYSTEMPATH\Database\MySQLi\Connection.php(327): mysqli->query('SELECT `buku`.*, `kategori`.`nama_kategori`, `penulis`.`nama_penulis`, `penerbit`.`nama_penerbit`, `rak`.`nama_rak`, `rak`.`lokasi`
FROM `buku`
LEFT JOIN `kategori` ON `kategori`.`id_kategori` = `buku`.`id_kategori`
LEFT JOIN `penulis` ON `penulis`.`id_penulis` = `buku`.`id_penulis`
LEFT JOIN `penerbit` ON `penerbit`.`id_penerbit` = `buku`.`id_penerbit`
LEFT JOIN `buku_rak` ON `buku_rak`.`id_buku` = `buku`.`id_buku`
LEFT JOIN `rak` ON `rak`.`id_rak` = `buku_rak`.`id_rak`', 0)
 2 SYSTEMPATH\Database\BaseConnection.php(729): CodeIgniter\Database\MySQLi\Connection->execute('SELECT `buku`.*, `kategori`.`nama_kategori`, `penulis`.`nama_penulis`, `penerbit`.`nama_penerbit`, `rak`.`nama_rak`, `rak`.`lokasi`
FROM `buku`
LEFT JOIN `kategori` ON `kategori`.`id_kategori` = `buku`.`id_kategori`
LEFT JOIN `penulis` ON `penulis`.`id_penulis` = `buku`.`id_penulis`
LEFT JOIN `penerbit` ON `penerbit`.`id_penerbit` = `buku`.`id_penerbit`
LEFT JOIN `buku_rak` ON `buku_rak`.`id_buku` = `buku`.`id_buku`
LEFT JOIN `rak` ON `rak`.`id_rak` = `buku_rak`.`id_rak`')
 3 SYSTEMPATH\Database\BaseConnection.php(646): CodeIgniter\Database\BaseConnection->simpleQuery('SELECT `buku`.*, `kategori`.`nama_kategori`, `penulis`.`nama_penulis`, `penerbit`.`nama_penerbit`, `rak`.`nama_rak`, `rak`.`lokasi`
FROM `buku`
LEFT JOIN `kategori` ON `kategori`.`id_kategori` = `buku`.`id_kategori`
LEFT JOIN `penulis` ON `penulis`.`id_penulis` = `buku`.`id_penulis`
LEFT JOIN `penerbit` ON `penerbit`.`id_penerbit` = `buku`.`id_penerbit`
LEFT JOIN `buku_rak` ON `buku_rak`.`id_buku` = `buku`.`id_buku`
LEFT JOIN `rak` ON `rak`.`id_rak` = `buku_rak`.`id_rak`')
 4 SYSTEMPATH\Database\BaseBuilder.php(1649): CodeIgniter\Database\BaseConnection->query('SELECT `buku`.*, `kategori`.`nama_kategori`, `penulis`.`nama_penulis`, `penerbit`.`nama_penerbit`, `rak`.`nama_rak`, `rak`.`lokasi`
FROM `buku`
LEFT JOIN `kategori` ON `kategori`.`id_kategori` = `buku`.`id_kategori`
LEFT JOIN `penulis` ON `penulis`.`id_penulis` = `buku`.`id_penulis`
LEFT JOIN `penerbit` ON `penerbit`.`id_penerbit` = `buku`.`id_penerbit`
LEFT JOIN `buku_rak` ON `buku_rak`.`id_buku` = `buku`.`id_buku`
LEFT JOIN `rak` ON `rak`.`id_rak` = `buku_rak`.`id_rak`', [], false)
 5 APPPATH\Controllers\buku.php(41): CodeIgniter\Database\BaseBuilder->get()
 6 SYSTEMPATH\CodeIgniter.php(933): App\Controllers\Buku->index()
 7 SYSTEMPATH\CodeIgniter.php(507): CodeIgniter\CodeIgniter->runController(Object(App\Controllers\Buku))
 8 SYSTEMPATH\CodeIgniter.php(354): CodeIgniter\CodeIgniter->handleRequest(null, Object(Config\Cache), false)
 9 SYSTEMPATH\Boot.php(363): CodeIgniter\CodeIgniter->run()
10 SYSTEMPATH\Boot.php(68): CodeIgniter\Boot::runCodeIgniter(Object(CodeIgniter\CodeIgniter))
11 FCPATH\index.php(59): CodeIgniter\Boot::bootWeb(Object(Config\Paths))
ERROR - 2026-04-17 07:49:46 --> mysqli_sql_exception: Table 'perpus.rak' doesn't exist in C:\xampp\htdocs\perpus\system\Database\MySQLi\Connection.php:327
Stack trace:
#0 C:\xampp\htdocs\perpus\system\Database\MySQLi\Connection.php(327): mysqli->query('SELECT `buku`.*...', 0)
#1 C:\xampp\htdocs\perpus\system\Database\BaseConnection.php(729): CodeIgniter\Database\MySQLi\Connection->execute('SELECT `buku`.*...')
#2 C:\xampp\htdocs\perpus\system\Database\BaseConnection.php(646): CodeIgniter\Database\BaseConnection->simpleQuery('SELECT `buku`.*...')
#3 C:\xampp\htdocs\perpus\system\Database\BaseBuilder.php(1649): CodeIgniter\Database\BaseConnection->query('SELECT `buku`.*...', Array, false)
#4 C:\xampp\htdocs\perpus\app\Controllers\buku.php(41): CodeIgniter\Database\BaseBuilder->get()
#5 C:\xampp\htdocs\perpus\system\CodeIgniter.php(933): App\Controllers\Buku->index()
#6 C:\xampp\htdocs\perpus\system\CodeIgniter.php(507): CodeIgniter\CodeIgniter->runController(Object(App\Controllers\Buku))
#7 C:\xampp\htdocs\perpus\system\CodeIgniter.php(354): CodeIgniter\CodeIgniter->handleRequest(NULL, Object(Config\Cache), false)
#8 C:\xampp\htdocs\perpus\system\Boot.php(363): CodeIgniter\CodeIgniter->run()
#9 C:\xampp\htdocs\perpus\system\Boot.php(68): CodeIgniter\Boot::runCodeIgniter(Object(CodeIgniter\CodeIgniter))
#10 C:\xampp\htdocs\perpus\index.php(59): CodeIgniter\Boot::bootWeb(Object(Config\Paths))
#11 {main}
CRITICAL - 2026-04-17 07:49:46 --> CodeIgniter\Database\Exceptions\DatabaseException: Table 'perpus.rak' doesn't exist
[Method: GET, Route: buku]
in SYSTEMPATH\Database\BaseConnection.php on line 684.
 1 SYSTEMPATH\Database\BaseBuilder.php(1649): CodeIgniter\Database\BaseConnection->query('SELECT `buku`.*, `kategori`.`nama_kategori`, `penulis`.`nama_penulis`, `penerbit`.`nama_penerbit`, `rak`.`nama_rak`, `rak`.`lokasi`
FROM `buku`
LEFT JOIN `kategori` ON `kategori`.`id_kategori` = `buku`.`id_kategori`
LEFT JOIN `penulis` ON `penulis`.`id_penulis` = `buku`.`id_penulis`
LEFT JOIN `penerbit` ON `penerbit`.`id_penerbit` = `buku`.`id_penerbit`
LEFT JOIN `buku_rak` ON `buku_rak`.`id_buku` = `buku`.`id_buku`
LEFT JOIN `rak` ON `rak`.`id_rak` = `buku_rak`.`id_rak`', [], false)
 2 APPPATH\Controllers\buku.php(41): CodeIgniter\Database\BaseBuilder->get()
 3 SYSTEMPATH\CodeIgniter.php(933): App\Controllers\Buku->index()
 4 SYSTEMPATH\CodeIgniter.php(507): CodeIgniter\CodeIgniter->runController(Object(App\Controllers\Buku))
 5 SYSTEMPATH\CodeIgniter.php(354): CodeIgniter\CodeIgniter->handleRequest(null, Object(Config\Cache), false)
 6 SYSTEMPATH\Boot.php(363): CodeIgniter\CodeIgniter->run()
 7 SYSTEMPATH\Boot.php(68): CodeIgniter\Boot::runCodeIgniter(Object(CodeIgniter\CodeIgniter))
 8 FCPATH\index.php(59): CodeIgniter\Boot::bootWeb(Object(Config\Paths))
CRITICAL - 2026-04-17 07:49:46 --> [Caused by] CodeIgniter\Database\Exceptions\DatabaseException: Table 'perpus.rak' doesn't exist
in SYSTEMPATH\Database\MySQLi\Connection.php on line 332.
 1 SYSTEMPATH\Database\BaseConnection.php(729): CodeIgniter\Database\MySQLi\Connection->execute('SELECT `buku`.*, `kategori`.`nama_kategori`, `penulis`.`nama_penulis`, `penerbit`.`nama_penerbit`, `rak`.`nama_rak`, `rak`.`lokasi`
FROM `buku`
LEFT JOIN `kategori` ON `kategori`.`id_kategori` = `buku`.`id_kategori`
LEFT JOIN `penulis` ON `penulis`.`id_penulis` = `buku`.`id_penulis`
LEFT JOIN `penerbit` ON `penerbit`.`id_penerbit` = `buku`.`id_penerbit`
LEFT JOIN `buku_rak` ON `buku_rak`.`id_buku` = `buku`.`id_buku`
LEFT JOIN `rak` ON `rak`.`id_rak` = `buku_rak`.`id_rak`')
 2 SYSTEMPATH\Database\BaseConnection.php(646): CodeIgniter\Database\BaseConnection->simpleQuery('SELECT `buku`.*, `kategori`.`nama_kategori`, `penulis`.`nama_penulis`, `penerbit`.`nama_penerbit`, `rak`.`nama_rak`, `rak`.`lokasi`
FROM `buku`
LEFT JOIN `kategori` ON `kategori`.`id_kategori` = `buku`.`id_kategori`
LEFT JOIN `penulis` ON `penulis`.`id_penulis` = `buku`.`id_penulis`
LEFT JOIN `penerbit` ON `penerbit`.`id_penerbit` = `buku`.`id_penerbit`
LEFT JOIN `buku_rak` ON `buku_rak`.`id_buku` = `buku`.`id_buku`
LEFT JOIN `rak` ON `rak`.`id_rak` = `buku_rak`.`id_rak`')
 3 SYSTEMPATH\Database\BaseBuilder.php(1649): CodeIgniter\Database\BaseConnection->query('SELECT `buku`.*, `kategori`.`nama_kategori`, `penulis`.`nama_penulis`, `penerbit`.`nama_penerbit`, `rak`.`nama_rak`, `rak`.`lokasi`
FROM `buku`
LEFT JOIN `kategori` ON `kategori`.`id_kategori` = `buku`.`id_kategori`
LEFT JOIN `penulis` ON `penulis`.`id_penulis` = `buku`.`id_penulis`
LEFT JOIN `penerbit` ON `penerbit`.`id_penerbit` = `buku`.`id_penerbit`
LEFT JOIN `buku_rak` ON `buku_rak`.`id_buku` = `buku`.`id_buku`
LEFT JOIN `rak` ON `rak`.`id_rak` = `buku_rak`.`id_rak`', [], false)
 4 APPPATH\Controllers\buku.php(41): CodeIgniter\Database\BaseBuilder->get()
 5 SYSTEMPATH\CodeIgniter.php(933): App\Controllers\Buku->index()
 6 SYSTEMPATH\CodeIgniter.php(507): CodeIgniter\CodeIgniter->runController(Object(App\Controllers\Buku))
 7 SYSTEMPATH\CodeIgniter.php(354): CodeIgniter\CodeIgniter->handleRequest(null, Object(Config\Cache), false)
 8 SYSTEMPATH\Boot.php(363): CodeIgniter\CodeIgniter->run()
 9 SYSTEMPATH\Boot.php(68): CodeIgniter\Boot::runCodeIgniter(Object(CodeIgniter\CodeIgniter))
10 FCPATH\index.php(59): CodeIgniter\Boot::bootWeb(Object(Config\Paths))
CRITICAL - 2026-04-17 07:49:46 --> [Caused by] mysqli_sql_exception: Table 'perpus.rak' doesn't exist
in SYSTEMPATH\Database\MySQLi\Connection.php on line 327.
 1 SYSTEMPATH\Database\MySQLi\Connection.php(327): mysqli->query('SELECT `buku`.*, `kategori`.`nama_kategori`, `penulis`.`nama_penulis`, `penerbit`.`nama_penerbit`, `rak`.`nama_rak`, `rak`.`lokasi`
FROM `buku`
LEFT JOIN `kategori` ON `kategori`.`id_kategori` = `buku`.`id_kategori`
LEFT JOIN `penulis` ON `penulis`.`id_penulis` = `buku`.`id_penulis`
LEFT JOIN `penerbit` ON `penerbit`.`id_penerbit` = `buku`.`id_penerbit`
LEFT JOIN `buku_rak` ON `buku_rak`.`id_buku` = `buku`.`id_buku`
LEFT JOIN `rak` ON `rak`.`id_rak` = `buku_rak`.`id_rak`', 0)
 2 SYSTEMPATH\Database\BaseConnection.php(729): CodeIgniter\Database\MySQLi\Connection->execute('SELECT `buku`.*, `kategori`.`nama_kategori`, `penulis`.`nama_penulis`, `penerbit`.`nama_penerbit`, `rak`.`nama_rak`, `rak`.`lokasi`
FROM `buku`
LEFT JOIN `kategori` ON `kategori`.`id_kategori` = `buku`.`id_kategori`
LEFT JOIN `penulis` ON `penulis`.`id_penulis` = `buku`.`id_penulis`
LEFT JOIN `penerbit` ON `penerbit`.`id_penerbit` = `buku`.`id_penerbit`
LEFT JOIN `buku_rak` ON `buku_rak`.`id_buku` = `buku`.`id_buku`
LEFT JOIN `rak` ON `rak`.`id_rak` = `buku_rak`.`id_rak`')
 3 SYSTEMPATH\Database\BaseConnection.php(646): CodeIgniter\Database\BaseConnection->simpleQuery('SELECT `buku`.*, `kategori`.`nama_kategori`, `penulis`.`nama_penulis`, `penerbit`.`nama_penerbit`, `rak`.`nama_rak`, `rak`.`lokasi`
FROM `buku`
LEFT JOIN `kategori` ON `kategori`.`id_kategori` = `buku`.`id_kategori`
LEFT JOIN `penulis` ON `penulis`.`id_penulis` = `buku`.`id_penulis`
LEFT JOIN `penerbit` ON `penerbit`.`id_penerbit` = `buku`.`id_penerbit`
LEFT JOIN `buku_rak` ON `buku_rak`.`id_buku` = `buku`.`id_buku`
LEFT JOIN `rak` ON `rak`.`id_rak` = `buku_rak`.`id_rak`')
 4 SYSTEMPATH\Database\BaseBuilder.php(1649): CodeIgniter\Database\BaseConnection->query('SELECT `buku`.*, `kategori`.`nama_kategori`, `penulis`.`nama_penulis`, `penerbit`.`nama_penerbit`, `rak`.`nama_rak`, `rak`.`lokasi`
FROM `buku`
LEFT JOIN `kategori` ON `kategori`.`id_kategori` = `buku`.`id_kategori`
LEFT JOIN `penulis` ON `penulis`.`id_penulis` = `buku`.`id_penulis`
LEFT JOIN `penerbit` ON `penerbit`.`id_penerbit` = `buku`.`id_penerbit`
LEFT JOIN `buku_rak` ON `buku_rak`.`id_buku` = `buku`.`id_buku`
LEFT JOIN `rak` ON `rak`.`id_rak` = `buku_rak`.`id_rak`', [], false)
 5 APPPATH\Controllers\buku.php(41): CodeIgniter\Database\BaseBuilder->get()
 6 SYSTEMPATH\CodeIgniter.php(933): App\Controllers\Buku->index()
 7 SYSTEMPATH\CodeIgniter.php(507): CodeIgniter\CodeIgniter->runController(Object(App\Controllers\Buku))
 8 SYSTEMPATH\CodeIgniter.php(354): CodeIgniter\CodeIgniter->handleRequest(null, Object(Config\Cache), false)
 9 SYSTEMPATH\Boot.php(363): CodeIgniter\CodeIgniter->run()
10 SYSTEMPATH\Boot.php(68): CodeIgniter\Boot::runCodeIgniter(Object(CodeIgniter\CodeIgniter))
11 FCPATH\index.php(59): CodeIgniter\Boot::bootWeb(Object(Config\Paths))
ERROR - 2026-04-17 07:49:46 --> mysqli_sql_exception: Table 'perpus.rak' doesn't exist in C:\xampp\htdocs\perpus\system\Database\MySQLi\Connection.php:327
Stack trace:
#0 C:\xampp\htdocs\perpus\system\Database\MySQLi\Connection.php(327): mysqli->query('SELECT `buku`.*...', 0)
#1 C:\xampp\htdocs\perpus\system\Database\BaseConnection.php(729): CodeIgniter\Database\MySQLi\Connection->execute('SELECT `buku`.*...')
#2 C:\xampp\htdocs\perpus\system\Database\BaseConnection.php(646): CodeIgniter\Database\BaseConnection->simpleQuery('SELECT `buku`.*...')
#3 C:\xampp\htdocs\perpus\system\Database\BaseBuilder.php(1649): CodeIgniter\Database\BaseConnection->query('SELECT `buku`.*...', Array, false)
#4 C:\xampp\htdocs\perpus\app\Controllers\buku.php(41): CodeIgniter\Database\BaseBuilder->get()
#5 C:\xampp\htdocs\perpus\system\CodeIgniter.php(933): App\Controllers\Buku->index()
#6 C:\xampp\htdocs\perpus\system\CodeIgniter.php(507): CodeIgniter\CodeIgniter->runController(Object(App\Controllers\Buku))
#7 C:\xampp\htdocs\perpus\system\CodeIgniter.php(354): CodeIgniter\CodeIgniter->handleRequest(NULL, Object(Config\Cache), false)
#8 C:\xampp\htdocs\perpus\system\Boot.php(363): CodeIgniter\CodeIgniter->run()
#9 C:\xampp\htdocs\perpus\system\Boot.php(68): CodeIgniter\Boot::runCodeIgniter(Object(CodeIgniter\CodeIgniter))
#10 C:\xampp\htdocs\perpus\index.php(59): CodeIgniter\Boot::bootWeb(Object(Config\Paths))
#11 {main}
CRITICAL - 2026-04-17 07:49:46 --> CodeIgniter\Database\Exceptions\DatabaseException: Table 'perpus.rak' doesn't exist
[Method: GET, Route: buku]
in SYSTEMPATH\Database\BaseConnection.php on line 684.
 1 SYSTEMPATH\Database\BaseBuilder.php(1649): CodeIgniter\Database\BaseConnection->query('SELECT `buku`.*, `kategori`.`nama_kategori`, `penulis`.`nama_penulis`, `penerbit`.`nama_penerbit`, `rak`.`nama_rak`, `rak`.`lokasi`
FROM `buku`
LEFT JOIN `kategori` ON `kategori`.`id_kategori` = `buku`.`id_kategori`
LEFT JOIN `penulis` ON `penulis`.`id_penulis` = `buku`.`id_penulis`
LEFT JOIN `penerbit` ON `penerbit`.`id_penerbit` = `buku`.`id_penerbit`
LEFT JOIN `buku_rak` ON `buku_rak`.`id_buku` = `buku`.`id_buku`
LEFT JOIN `rak` ON `rak`.`id_rak` = `buku_rak`.`id_rak`', [], false)
 2 APPPATH\Controllers\buku.php(41): CodeIgniter\Database\BaseBuilder->get()
 3 SYSTEMPATH\CodeIgniter.php(933): App\Controllers\Buku->index()
 4 SYSTEMPATH\CodeIgniter.php(507): CodeIgniter\CodeIgniter->runController(Object(App\Controllers\Buku))
 5 SYSTEMPATH\CodeIgniter.php(354): CodeIgniter\CodeIgniter->handleRequest(null, Object(Config\Cache), false)
 6 SYSTEMPATH\Boot.php(363): CodeIgniter\CodeIgniter->run()
 7 SYSTEMPATH\Boot.php(68): CodeIgniter\Boot::runCodeIgniter(Object(CodeIgniter\CodeIgniter))
 8 FCPATH\index.php(59): CodeIgniter\Boot::bootWeb(Object(Config\Paths))
CRITICAL - 2026-04-17 07:49:46 --> [Caused by] CodeIgniter\Database\Exceptions\DatabaseException: Table 'perpus.rak' doesn't exist
in SYSTEMPATH\Database\MySQLi\Connection.php on line 332.
 1 SYSTEMPATH\Database\BaseConnection.php(729): CodeIgniter\Database\MySQLi\Connection->execute('SELECT `buku`.*, `kategori`.`nama_kategori`, `penulis`.`nama_penulis`, `penerbit`.`nama_penerbit`, `rak`.`nama_rak`, `rak`.`lokasi`
FROM `buku`
LEFT JOIN `kategori` ON `kategori`.`id_kategori` = `buku`.`id_kategori`
LEFT JOIN `penulis` ON `penulis`.`id_penulis` = `buku`.`id_penulis`
LEFT JOIN `penerbit` ON `penerbit`.`id_penerbit` = `buku`.`id_penerbit`
LEFT JOIN `buku_rak` ON `buku_rak`.`id_buku` = `buku`.`id_buku`
LEFT JOIN `rak` ON `rak`.`id_rak` = `buku_rak`.`id_rak`')
 2 SYSTEMPATH\Database\BaseConnection.php(646): CodeIgniter\Database\BaseConnection->simpleQuery('SELECT `buku`.*, `kategori`.`nama_kategori`, `penulis`.`nama_penulis`, `penerbit`.`nama_penerbit`, `rak`.`nama_rak`, `rak`.`lokasi`
FROM `buku`
LEFT JOIN `kategori` ON `kategori`.`id_kategori` = `buku`.`id_kategori`
LEFT JOIN `penulis` ON `penulis`.`id_penulis` = `buku`.`id_penulis`
LEFT JOIN `penerbit` ON `penerbit`.`id_penerbit` = `buku`.`id_penerbit`
LEFT JOIN `buku_rak` ON `buku_rak`.`id_buku` = `buku`.`id_buku`
LEFT JOIN `rak` ON `rak`.`id_rak` = `buku_rak`.`id_rak`')
 3 SYSTEMPATH\Database\BaseBuilder.php(1649): CodeIgniter\Database\BaseConnection->query('SELECT `buku`.*, `kategori`.`nama_kategori`, `penulis`.`nama_penulis`, `penerbit`.`nama_penerbit`, `rak`.`nama_rak`, `rak`.`lokasi`
FROM `buku`
LEFT JOIN `kategori` ON `kategori`.`id_kategori` = `buku`.`id_kategori`
LEFT JOIN `penulis` ON `penulis`.`id_penulis` = `buku`.`id_penulis`
LEFT JOIN `penerbit` ON `penerbit`.`id_penerbit` = `buku`.`id_penerbit`
LEFT JOIN `buku_rak` ON `buku_rak`.`id_buku` = `buku`.`id_buku`
LEFT JOIN `rak` ON `rak`.`id_rak` = `buku_rak`.`id_rak`', [], false)
 4 APPPATH\Controllers\buku.php(41): CodeIgniter\Database\BaseBuilder->get()
 5 SYSTEMPATH\CodeIgniter.php(933): App\Controllers\Buku->index()
 6 SYSTEMPATH\CodeIgniter.php(507): CodeIgniter\CodeIgniter->runController(Object(App\Controllers\Buku))
 7 SYSTEMPATH\CodeIgniter.php(354): CodeIgniter\CodeIgniter->handleRequest(null, Object(Config\Cache), false)
 8 SYSTEMPATH\Boot.php(363): CodeIgniter\CodeIgniter->run()
 9 SYSTEMPATH\Boot.php(68): CodeIgniter\Boot::runCodeIgniter(Object(CodeIgniter\CodeIgniter))
10 FCPATH\index.php(59): CodeIgniter\Boot::bootWeb(Object(Config\Paths))
CRITICAL - 2026-04-17 07:49:46 --> [Caused by] mysqli_sql_exception: Table 'perpus.rak' doesn't exist
in SYSTEMPATH\Database\MySQLi\Connection.php on line 327.
 1 SYSTEMPATH\Database\MySQLi\Connection.php(327): mysqli->query('SELECT `buku`.*, `kategori`.`nama_kategori`, `penulis`.`nama_penulis`, `penerbit`.`nama_penerbit`, `rak`.`nama_rak`, `rak`.`lokasi`
FROM `buku`
LEFT JOIN `kategori` ON `kategori`.`id_kategori` = `buku`.`id_kategori`
LEFT JOIN `penulis` ON `penulis`.`id_penulis` = `buku`.`id_penulis`
LEFT JOIN `penerbit` ON `penerbit`.`id_penerbit` = `buku`.`id_penerbit`
LEFT JOIN `buku_rak` ON `buku_rak`.`id_buku` = `buku`.`id_buku`
LEFT JOIN `rak` ON `rak`.`id_rak` = `buku_rak`.`id_rak`', 0)
 2 SYSTEMPATH\Database\BaseConnection.php(729): CodeIgniter\Database\MySQLi\Connection->execute('SELECT `buku`.*, `kategori`.`nama_kategori`, `penulis`.`nama_penulis`, `penerbit`.`nama_penerbit`, `rak`.`nama_rak`, `rak`.`lokasi`
FROM `buku`
LEFT JOIN `kategori` ON `kategori`.`id_kategori` = `buku`.`id_kategori`
LEFT JOIN `penulis` ON `penulis`.`id_penulis` = `buku`.`id_penulis`
LEFT JOIN `penerbit` ON `penerbit`.`id_penerbit` = `buku`.`id_penerbit`
LEFT JOIN `buku_rak` ON `buku_rak`.`id_buku` = `buku`.`id_buku`
LEFT JOIN `rak` ON `rak`.`id_rak` = `buku_rak`.`id_rak`')
 3 SYSTEMPATH\Database\BaseConnection.php(646): CodeIgniter\Database\BaseConnection->simpleQuery('SELECT `buku`.*, `kategori`.`nama_kategori`, `penulis`.`nama_penulis`, `penerbit`.`nama_penerbit`, `rak`.`nama_rak`, `rak`.`lokasi`
FROM `buku`
LEFT JOIN `kategori` ON `kategori`.`id_kategori` = `buku`.`id_kategori`
LEFT JOIN `penulis` ON `penulis`.`id_penulis` = `buku`.`id_penulis`
LEFT JOIN `penerbit` ON `penerbit`.`id_penerbit` = `buku`.`id_penerbit`
LEFT JOIN `buku_rak` ON `buku_rak`.`id_buku` = `buku`.`id_buku`
LEFT JOIN `rak` ON `rak`.`id_rak` = `buku_rak`.`id_rak`')
 4 SYSTEMPATH\Database\BaseBuilder.php(1649): CodeIgniter\Database\BaseConnection->query('SELECT `buku`.*, `kategori`.`nama_kategori`, `penulis`.`nama_penulis`, `penerbit`.`nama_penerbit`, `rak`.`nama_rak`, `rak`.`lokasi`
FROM `buku`
LEFT JOIN `kategori` ON `kategori`.`id_kategori` = `buku`.`id_kategori`
LEFT JOIN `penulis` ON `penulis`.`id_penulis` = `buku`.`id_penulis`
LEFT JOIN `penerbit` ON `penerbit`.`id_penerbit` = `buku`.`id_penerbit`
LEFT JOIN `buku_rak` ON `buku_rak`.`id_buku` = `buku`.`id_buku`
LEFT JOIN `rak` ON `rak`.`id_rak` = `buku_rak`.`id_rak`', [], false)
 5 APPPATH\Controllers\buku.php(41): CodeIgniter\Database\BaseBuilder->get()
 6 SYSTEMPATH\CodeIgniter.php(933): App\Controllers\Buku->index()
 7 SYSTEMPATH\CodeIgniter.php(507): CodeIgniter\CodeIgniter->runController(Object(App\Controllers\Buku))
 8 SYSTEMPATH\CodeIgniter.php(354): CodeIgniter\CodeIgniter->handleRequest(null, Object(Config\Cache), false)
 9 SYSTEMPATH\Boot.php(363): CodeIgniter\CodeIgniter->run()
10 SYSTEMPATH\Boot.php(68): CodeIgniter\Boot::runCodeIgniter(Object(CodeIgniter\CodeIgniter))
11 FCPATH\index.php(59): CodeIgniter\Boot::bootWeb(Object(Config\Paths))
ERROR - 2026-04-17 07:49:46 --> mysqli_sql_exception: Table 'perpus.rak' doesn't exist in C:\xampp\htdocs\perpus\system\Database\MySQLi\Connection.php:327
Stack trace:
#0 C:\xampp\htdocs\perpus\system\Database\MySQLi\Connection.php(327): mysqli->query('SELECT `buku`.*...', 0)
#1 C:\xampp\htdocs\perpus\system\Database\BaseConnection.php(729): CodeIgniter\Database\MySQLi\Connection->execute('SELECT `buku`.*...')
#2 C:\xampp\htdocs\perpus\system\Database\BaseConnection.php(646): CodeIgniter\Database\BaseConnection->simpleQuery('SELECT `buku`.*...')
#3 C:\xampp\htdocs\perpus\system\Database\BaseBuilder.php(1649): CodeIgniter\Database\BaseConnection->query('SELECT `buku`.*...', Array, false)
#4 C:\xampp\htdocs\perpus\app\Controllers\buku.php(41): CodeIgniter\Database\BaseBuilder->get()
#5 C:\xampp\htdocs\perpus\system\CodeIgniter.php(933): App\Controllers\Buku->index()
#6 C:\xampp\htdocs\perpus\system\CodeIgniter.php(507): CodeIgniter\CodeIgniter->runController(Object(App\Controllers\Buku))
#7 C:\xampp\htdocs\perpus\system\CodeIgniter.php(354): CodeIgniter\CodeIgniter->handleRequest(NULL, Object(Config\Cache), false)
#8 C:\xampp\htdocs\perpus\system\Boot.php(363): CodeIgniter\CodeIgniter->run()
#9 C:\xampp\htdocs\perpus\system\Boot.php(68): CodeIgniter\Boot::runCodeIgniter(Object(CodeIgniter\CodeIgniter))
#10 C:\xampp\htdocs\perpus\index.php(59): CodeIgniter\Boot::bootWeb(Object(Config\Paths))
#11 {main}
CRITICAL - 2026-04-17 07:49:46 --> CodeIgniter\Database\Exceptions\DatabaseException: Table 'perpus.rak' doesn't exist
[Method: GET, Route: buku]
in SYSTEMPATH\Database\BaseConnection.php on line 684.
 1 SYSTEMPATH\Database\BaseBuilder.php(1649): CodeIgniter\Database\BaseConnection->query('SELECT `buku`.*, `kategori`.`nama_kategori`, `penulis`.`nama_penulis`, `penerbit`.`nama_penerbit`, `rak`.`nama_rak`, `rak`.`lokasi`
FROM `buku`
LEFT JOIN `kategori` ON `kategori`.`id_kategori` = `buku`.`id_kategori`
LEFT JOIN `penulis` ON `penulis`.`id_penulis` = `buku`.`id_penulis`
LEFT JOIN `penerbit` ON `penerbit`.`id_penerbit` = `buku`.`id_penerbit`
LEFT JOIN `buku_rak` ON `buku_rak`.`id_buku` = `buku`.`id_buku`
LEFT JOIN `rak` ON `rak`.`id_rak` = `buku_rak`.`id_rak`', [], false)
 2 APPPATH\Controllers\buku.php(41): CodeIgniter\Database\BaseBuilder->get()
 3 SYSTEMPATH\CodeIgniter.php(933): App\Controllers\Buku->index()
 4 SYSTEMPATH\CodeIgniter.php(507): CodeIgniter\CodeIgniter->runController(Object(App\Controllers\Buku))
 5 SYSTEMPATH\CodeIgniter.php(354): CodeIgniter\CodeIgniter->handleRequest(null, Object(Config\Cache), false)
 6 SYSTEMPATH\Boot.php(363): CodeIgniter\CodeIgniter->run()
 7 SYSTEMPATH\Boot.php(68): CodeIgniter\Boot::runCodeIgniter(Object(CodeIgniter\CodeIgniter))
 8 FCPATH\index.php(59): CodeIgniter\Boot::bootWeb(Object(Config\Paths))
CRITICAL - 2026-04-17 07:49:46 --> [Caused by] CodeIgniter\Database\Exceptions\DatabaseException: Table 'perpus.rak' doesn't exist
in SYSTEMPATH\Database\MySQLi\Connection.php on line 332.
 1 SYSTEMPATH\Database\BaseConnection.php(729): CodeIgniter\Database\MySQLi\Connection->execute('SELECT `buku`.*, `kategori`.`nama_kategori`, `penulis`.`nama_penulis`, `penerbit`.`nama_penerbit`, `rak`.`nama_rak`, `rak`.`lokasi`
FROM `buku`
LEFT JOIN `kategori` ON `kategori`.`id_kategori` = `buku`.`id_kategori`
LEFT JOIN `penulis` ON `penulis`.`id_penulis` = `buku`.`id_penulis`
LEFT JOIN `penerbit` ON `penerbit`.`id_penerbit` = `buku`.`id_penerbit`
LEFT JOIN `buku_rak` ON `buku_rak`.`id_buku` = `buku`.`id_buku`
LEFT JOIN `rak` ON `rak`.`id_rak` = `buku_rak`.`id_rak`')
 2 SYSTEMPATH\Database\BaseConnection.php(646): CodeIgniter\Database\BaseConnection->simpleQuery('SELECT `buku`.*, `kategori`.`nama_kategori`, `penulis`.`nama_penulis`, `penerbit`.`nama_penerbit`, `rak`.`nama_rak`, `rak`.`lokasi`
FROM `buku`
LEFT JOIN `kategori` ON `kategori`.`id_kategori` = `buku`.`id_kategori`
LEFT JOIN `penulis` ON `penulis`.`id_penulis` = `buku`.`id_penulis`
LEFT JOIN `penerbit` ON `penerbit`.`id_penerbit` = `buku`.`id_penerbit`
LEFT JOIN `buku_rak` ON `buku_rak`.`id_buku` = `buku`.`id_buku`
LEFT JOIN `rak` ON `rak`.`id_rak` = `buku_rak`.`id_rak`')
 3 SYSTEMPATH\Database\BaseBuilder.php(1649): CodeIgniter\Database\BaseConnection->query('SELECT `buku`.*, `kategori`.`nama_kategori`, `penulis`.`nama_penulis`, `penerbit`.`nama_penerbit`, `rak`.`nama_rak`, `rak`.`lokasi`
FROM `buku`
LEFT JOIN `kategori` ON `kategori`.`id_kategori` = `buku`.`id_kategori`
LEFT JOIN `penulis` ON `penulis`.`id_penulis` = `buku`.`id_penulis`
LEFT JOIN `penerbit` ON `penerbit`.`id_penerbit` = `buku`.`id_penerbit`
LEFT JOIN `buku_rak` ON `buku_rak`.`id_buku` = `buku`.`id_buku`
LEFT JOIN `rak` ON `rak`.`id_rak` = `buku_rak`.`id_rak`', [], false)
 4 APPPATH\Controllers\buku.php(41): CodeIgniter\Database\BaseBuilder->get()
 5 SYSTEMPATH\CodeIgniter.php(933): App\Controllers\Buku->index()
 6 SYSTEMPATH\CodeIgniter.php(507): CodeIgniter\CodeIgniter->runController(Object(App\Controllers\Buku))
 7 SYSTEMPATH\CodeIgniter.php(354): CodeIgniter\CodeIgniter->handleRequest(null, Object(Config\Cache), false)
 8 SYSTEMPATH\Boot.php(363): CodeIgniter\CodeIgniter->run()
 9 SYSTEMPATH\Boot.php(68): CodeIgniter\Boot::runCodeIgniter(Object(CodeIgniter\CodeIgniter))
10 FCPATH\index.php(59): CodeIgniter\Boot::bootWeb(Object(Config\Paths))
CRITICAL - 2026-04-17 07:49:46 --> [Caused by] mysqli_sql_exception: Table 'perpus.rak' doesn't exist
in SYSTEMPATH\Database\MySQLi\Connection.php on line 327.
 1 SYSTEMPATH\Database\MySQLi\Connection.php(327): mysqli->query('SELECT `buku`.*, `kategori`.`nama_kategori`, `penulis`.`nama_penulis`, `penerbit`.`nama_penerbit`, `rak`.`nama_rak`, `rak`.`lokasi`
FROM `buku`
LEFT JOIN `kategori` ON `kategori`.`id_kategori` = `buku`.`id_kategori`
LEFT JOIN `penulis` ON `penulis`.`id_penulis` = `buku`.`id_penulis`
LEFT JOIN `penerbit` ON `penerbit`.`id_penerbit` = `buku`.`id_penerbit`
LEFT JOIN `buku_rak` ON `buku_rak`.`id_buku` = `buku`.`id_buku`
LEFT JOIN `rak` ON `rak`.`id_rak` = `buku_rak`.`id_rak`', 0)
 2 SYSTEMPATH\Database\BaseConnection.php(729): CodeIgniter\Database\MySQLi\Connection->execute('SELECT `buku`.*, `kategori`.`nama_kategori`, `penulis`.`nama_penulis`, `penerbit`.`nama_penerbit`, `rak`.`nama_rak`, `rak`.`lokasi`
FROM `buku`
LEFT JOIN `kategori` ON `kategori`.`id_kategori` = `buku`.`id_kategori`
LEFT JOIN `penulis` ON `penulis`.`id_penulis` = `buku`.`id_penulis`
LEFT JOIN `penerbit` ON `penerbit`.`id_penerbit` = `buku`.`id_penerbit`
LEFT JOIN `buku_rak` ON `buku_rak`.`id_buku` = `buku`.`id_buku`
LEFT JOIN `rak` ON `rak`.`id_rak` = `buku_rak`.`id_rak`')
 3 SYSTEMPATH\Database\BaseConnection.php(646): CodeIgniter\Database\BaseConnection->simpleQuery('SELECT `buku`.*, `kategori`.`nama_kategori`, `penulis`.`nama_penulis`, `penerbit`.`nama_penerbit`, `rak`.`nama_rak`, `rak`.`lokasi`
FROM `buku`
LEFT JOIN `kategori` ON `kategori`.`id_kategori` = `buku`.`id_kategori`
LEFT JOIN `penulis` ON `penulis`.`id_penulis` = `buku`.`id_penulis`
LEFT JOIN `penerbit` ON `penerbit`.`id_penerbit` = `buku`.`id_penerbit`
LEFT JOIN `buku_rak` ON `buku_rak`.`id_buku` = `buku`.`id_buku`
LEFT JOIN `rak` ON `rak`.`id_rak` = `buku_rak`.`id_rak`')
 4 SYSTEMPATH\Database\BaseBuilder.php(1649): CodeIgniter\Database\BaseConnection->query('SELECT `buku`.*, `kategori`.`nama_kategori`, `penulis`.`nama_penulis`, `penerbit`.`nama_penerbit`, `rak`.`nama_rak`, `rak`.`lokasi`
FROM `buku`
LEFT JOIN `kategori` ON `kategori`.`id_kategori` = `buku`.`id_kategori`
LEFT JOIN `penulis` ON `penulis`.`id_penulis` = `buku`.`id_penulis`
LEFT JOIN `penerbit` ON `penerbit`.`id_penerbit` = `buku`.`id_penerbit`
LEFT JOIN `buku_rak` ON `buku_rak`.`id_buku` = `buku`.`id_buku`
LEFT JOIN `rak` ON `rak`.`id_rak` = `buku_rak`.`id_rak`', [], false)
 5 APPPATH\Controllers\buku.php(41): CodeIgniter\Database\BaseBuilder->get()
 6 SYSTEMPATH\CodeIgniter.php(933): App\Controllers\Buku->index()
 7 SYSTEMPATH\CodeIgniter.php(507): CodeIgniter\CodeIgniter->runController(Object(App\Controllers\Buku))
 8 SYSTEMPATH\CodeIgniter.php(354): CodeIgniter\CodeIgniter->handleRequest(null, Object(Config\Cache), false)
 9 SYSTEMPATH\Boot.php(363): CodeIgniter\CodeIgniter->run()
10 SYSTEMPATH\Boot.php(68): CodeIgniter\Boot::runCodeIgniter(Object(CodeIgniter\CodeIgniter))
11 FCPATH\index.php(59): CodeIgniter\Boot::bootWeb(Object(Config\Paths))
ERROR - 2026-04-17 07:49:47 --> mysqli_sql_exception: Table 'perpus.rak' doesn't exist in C:\xampp\htdocs\perpus\system\Database\MySQLi\Connection.php:327
Stack trace:
#0 C:\xampp\htdocs\perpus\system\Database\MySQLi\Connection.php(327): mysqli->query('SELECT `buku`.*...', 0)
#1 C:\xampp\htdocs\perpus\system\Database\BaseConnection.php(729): CodeIgniter\Database\MySQLi\Connection->execute('SELECT `buku`.*...')
#2 C:\xampp\htdocs\perpus\system\Database\BaseConnection.php(646): CodeIgniter\Database\BaseConnection->simpleQuery('SELECT `buku`.*...')
#3 C:\xampp\htdocs\perpus\system\Database\BaseBuilder.php(1649): CodeIgniter\Database\BaseConnection->query('SELECT `buku`.*...', Array, false)
#4 C:\xampp\htdocs\perpus\app\Controllers\buku.php(41): CodeIgniter\Database\BaseBuilder->get()
#5 C:\xampp\htdocs\perpus\system\CodeIgniter.php(933): App\Controllers\Buku->index()
#6 C:\xampp\htdocs\perpus\system\CodeIgniter.php(507): CodeIgniter\CodeIgniter->runController(Object(App\Controllers\Buku))
#7 C:\xampp\htdocs\perpus\system\CodeIgniter.php(354): CodeIgniter\CodeIgniter->handleRequest(NULL, Object(Config\Cache), false)
#8 C:\xampp\htdocs\perpus\system\Boot.php(363): CodeIgniter\CodeIgniter->run()
#9 C:\xampp\htdocs\perpus\system\Boot.php(68): CodeIgniter\Boot::runCodeIgniter(Object(CodeIgniter\CodeIgniter))
#10 C:\xampp\htdocs\perpus\index.php(59): CodeIgniter\Boot::bootWeb(Object(Config\Paths))
#11 {main}
CRITICAL - 2026-04-17 07:49:47 --> CodeIgniter\Database\Exceptions\DatabaseException: Table 'perpus.rak' doesn't exist
[Method: GET, Route: buku]
in SYSTEMPATH\Database\BaseConnection.php on line 684.
 1 SYSTEMPATH\Database\BaseBuilder.php(1649): CodeIgniter\Database\BaseConnection->query('SELECT `buku`.*, `kategori`.`nama_kategori`, `penulis`.`nama_penulis`, `penerbit`.`nama_penerbit`, `rak`.`nama_rak`, `rak`.`lokasi`
FROM `buku`
LEFT JOIN `kategori` ON `kategori`.`id_kategori` = `buku`.`id_kategori`
LEFT JOIN `penulis` ON `penulis`.`id_penulis` = `buku`.`id_penulis`
LEFT JOIN `penerbit` ON `penerbit`.`id_penerbit` = `buku`.`id_penerbit`
LEFT JOIN `buku_rak` ON `buku_rak`.`id_buku` = `buku`.`id_buku`
LEFT JOIN `rak` ON `rak`.`id_rak` = `buku_rak`.`id_rak`', [], false)
 2 APPPATH\Controllers\buku.php(41): CodeIgniter\Database\BaseBuilder->get()
 3 SYSTEMPATH\CodeIgniter.php(933): App\Controllers\Buku->index()
 4 SYSTEMPATH\CodeIgniter.php(507): CodeIgniter\CodeIgniter->runController(Object(App\Controllers\Buku))
 5 SYSTEMPATH\CodeIgniter.php(354): CodeIgniter\CodeIgniter->handleRequest(null, Object(Config\Cache), false)
 6 SYSTEMPATH\Boot.php(363): CodeIgniter\CodeIgniter->run()
 7 SYSTEMPATH\Boot.php(68): CodeIgniter\Boot::runCodeIgniter(Object(CodeIgniter\CodeIgniter))
 8 FCPATH\index.php(59): CodeIgniter\Boot::bootWeb(Object(Config\Paths))
CRITICAL - 2026-04-17 07:49:47 --> [Caused by] CodeIgniter\Database\Exceptions\DatabaseException: Table 'perpus.rak' doesn't exist
in SYSTEMPATH\Database\MySQLi\Connection.php on line 332.
 1 SYSTEMPATH\Database\BaseConnection.php(729): CodeIgniter\Database\MySQLi\Connection->execute('SELECT `buku`.*, `kategori`.`nama_kategori`, `penulis`.`nama_penulis`, `penerbit`.`nama_penerbit`, `rak`.`nama_rak`, `rak`.`lokasi`
FROM `buku`
LEFT JOIN `kategori` ON `kategori`.`id_kategori` = `buku`.`id_kategori`
LEFT JOIN `penulis` ON `penulis`.`id_penulis` = `buku`.`id_penulis`
LEFT JOIN `penerbit` ON `penerbit`.`id_penerbit` = `buku`.`id_penerbit`
LEFT JOIN `buku_rak` ON `buku_rak`.`id_buku` = `buku`.`id_buku`
LEFT JOIN `rak` ON `rak`.`id_rak` = `buku_rak`.`id_rak`')
 2 SYSTEMPATH\Database\BaseConnection.php(646): CodeIgniter\Database\BaseConnection->simpleQuery('SELECT `buku`.*, `kategori`.`nama_kategori`, `penulis`.`nama_penulis`, `penerbit`.`nama_penerbit`, `rak`.`nama_rak`, `rak`.`lokasi`
FROM `buku`
LEFT JOIN `kategori` ON `kategori`.`id_kategori` = `buku`.`id_kategori`
LEFT JOIN `penulis` ON `penulis`.`id_penulis` = `buku`.`id_penulis`
LEFT JOIN `penerbit` ON `penerbit`.`id_penerbit` = `buku`.`id_penerbit`
LEFT JOIN `buku_rak` ON `buku_rak`.`id_buku` = `buku`.`id_buku`
LEFT JOIN `rak` ON `rak`.`id_rak` = `buku_rak`.`id_rak`')
 3 SYSTEMPATH\Database\BaseBuilder.php(1649): CodeIgniter\Database\BaseConnection->query('SELECT `buku`.*, `kategori`.`nama_kategori`, `penulis`.`nama_penulis`, `penerbit`.`nama_penerbit`, `rak`.`nama_rak`, `rak`.`lokasi`
FROM `buku`
LEFT JOIN `kategori` ON `kategori`.`id_kategori` = `buku`.`id_kategori`
LEFT JOIN `penulis` ON `penulis`.`id_penulis` = `buku`.`id_penulis`
LEFT JOIN `penerbit` ON `penerbit`.`id_penerbit` = `buku`.`id_penerbit`
LEFT JOIN `buku_rak` ON `buku_rak`.`id_buku` = `buku`.`id_buku`
LEFT JOIN `rak` ON `rak`.`id_rak` = `buku_rak`.`id_rak`', [], false)
 4 APPPATH\Controllers\buku.php(41): CodeIgniter\Database\BaseBuilder->get()
 5 SYSTEMPATH\CodeIgniter.php(933): App\Controllers\Buku->index()
 6 SYSTEMPATH\CodeIgniter.php(507): CodeIgniter\CodeIgniter->runController(Object(App\Controllers\Buku))
 7 SYSTEMPATH\CodeIgniter.php(354): CodeIgniter\CodeIgniter->handleRequest(null, Object(Config\Cache), false)
 8 SYSTEMPATH\Boot.php(363): CodeIgniter\CodeIgniter->run()
 9 SYSTEMPATH\Boot.php(68): CodeIgniter\Boot::runCodeIgniter(Object(CodeIgniter\CodeIgniter))
10 FCPATH\index.php(59): CodeIgniter\Boot::bootWeb(Object(Config\Paths))
CRITICAL - 2026-04-17 07:49:47 --> [Caused by] mysqli_sql_exception: Table 'perpus.rak' doesn't exist
in SYSTEMPATH\Database\MySQLi\Connection.php on line 327.
 1 SYSTEMPATH\Database\MySQLi\Connection.php(327): mysqli->query('SELECT `buku`.*, `kategori`.`nama_kategori`, `penulis`.`nama_penulis`, `penerbit`.`nama_penerbit`, `rak`.`nama_rak`, `rak`.`lokasi`
FROM `buku`
LEFT JOIN `kategori` ON `kategori`.`id_kategori` = `buku`.`id_kategori`
LEFT JOIN `penulis` ON `penulis`.`id_penulis` = `buku`.`id_penulis`
LEFT JOIN `penerbit` ON `penerbit`.`id_penerbit` = `buku`.`id_penerbit`
LEFT JOIN `buku_rak` ON `buku_rak`.`id_buku` = `buku`.`id_buku`
LEFT JOIN `rak` ON `rak`.`id_rak` = `buku_rak`.`id_rak`', 0)
 2 SYSTEMPATH\Database\BaseConnection.php(729): CodeIgniter\Database\MySQLi\Connection->execute('SELECT `buku`.*, `kategori`.`nama_kategori`, `penulis`.`nama_penulis`, `penerbit`.`nama_penerbit`, `rak`.`nama_rak`, `rak`.`lokasi`
FROM `buku`
LEFT JOIN `kategori` ON `kategori`.`id_kategori` = `buku`.`id_kategori`
LEFT JOIN `penulis` ON `penulis`.`id_penulis` = `buku`.`id_penulis`
LEFT JOIN `penerbit` ON `penerbit`.`id_penerbit` = `buku`.`id_penerbit`
LEFT JOIN `buku_rak` ON `buku_rak`.`id_buku` = `buku`.`id_buku`
LEFT JOIN `rak` ON `rak`.`id_rak` = `buku_rak`.`id_rak`')
 3 SYSTEMPATH\Database\BaseConnection.php(646): CodeIgniter\Database\BaseConnection->simpleQuery('SELECT `buku`.*, `kategori`.`nama_kategori`, `penulis`.`nama_penulis`, `penerbit`.`nama_penerbit`, `rak`.`nama_rak`, `rak`.`lokasi`
FROM `buku`
LEFT JOIN `kategori` ON `kategori`.`id_kategori` = `buku`.`id_kategori`
LEFT JOIN `penulis` ON `penulis`.`id_penulis` = `buku`.`id_penulis`
LEFT JOIN `penerbit` ON `penerbit`.`id_penerbit` = `buku`.`id_penerbit`
LEFT JOIN `buku_rak` ON `buku_rak`.`id_buku` = `buku`.`id_buku`
LEFT JOIN `rak` ON `rak`.`id_rak` = `buku_rak`.`id_rak`')
 4 SYSTEMPATH\Database\BaseBuilder.php(1649): CodeIgniter\Database\BaseConnection->query('SELECT `buku`.*, `kategori`.`nama_kategori`, `penulis`.`nama_penulis`, `penerbit`.`nama_penerbit`, `rak`.`nama_rak`, `rak`.`lokasi`
FROM `buku`
LEFT JOIN `kategori` ON `kategori`.`id_kategori` = `buku`.`id_kategori`
LEFT JOIN `penulis` ON `penulis`.`id_penulis` = `buku`.`id_penulis`
LEFT JOIN `penerbit` ON `penerbit`.`id_penerbit` = `buku`.`id_penerbit`
LEFT JOIN `buku_rak` ON `buku_rak`.`id_buku` = `buku`.`id_buku`
LEFT JOIN `rak` ON `rak`.`id_rak` = `buku_rak`.`id_rak`', [], false)
 5 APPPATH\Controllers\buku.php(41): CodeIgniter\Database\BaseBuilder->get()
 6 SYSTEMPATH\CodeIgniter.php(933): App\Controllers\Buku->index()
 7 SYSTEMPATH\CodeIgniter.php(507): CodeIgniter\CodeIgniter->runController(Object(App\Controllers\Buku))
 8 SYSTEMPATH\CodeIgniter.php(354): CodeIgniter\CodeIgniter->handleRequest(null, Object(Config\Cache), false)
 9 SYSTEMPATH\Boot.php(363): CodeIgniter\CodeIgniter->run()
10 SYSTEMPATH\Boot.php(68): CodeIgniter\Boot::runCodeIgniter(Object(CodeIgniter\CodeIgniter))
11 FCPATH\index.php(59): CodeIgniter\Boot::bootWeb(Object(Config\Paths))
ERROR - 2026-04-17 07:51:54 --> mysqli_sql_exception: Table 'perpus.buku_rak' doesn't exist in C:\xampp\htdocs\perpus\system\Database\MySQLi\Connection.php:327
Stack trace:
#0 C:\xampp\htdocs\perpus\system\Database\MySQLi\Connection.php(327): mysqli->query('SELECT `buku`.*...', 0)
#1 C:\xampp\htdocs\perpus\system\Database\BaseConnection.php(729): CodeIgniter\Database\MySQLi\Connection->execute('SELECT `buku`.*...')
#2 C:\xampp\htdocs\perpus\system\Database\BaseConnection.php(646): CodeIgniter\Database\BaseConnection->simpleQuery('SELECT `buku`.*...')
#3 C:\xampp\htdocs\perpus\system\Database\BaseBuilder.php(1649): CodeIgniter\Database\BaseConnection->query('SELECT `buku`.*...', Array, false)
#4 C:\xampp\htdocs\perpus\app\Controllers\buku.php(41): CodeIgniter\Database\BaseBuilder->get()
#5 C:\xampp\htdocs\perpus\system\CodeIgniter.php(933): App\Controllers\Buku->index()
#6 C:\xampp\htdocs\perpus\system\CodeIgniter.php(507): CodeIgniter\CodeIgniter->runController(Object(App\Controllers\Buku))
#7 C:\xampp\htdocs\perpus\system\CodeIgniter.php(354): CodeIgniter\CodeIgniter->handleRequest(NULL, Object(Config\Cache), false)
#8 C:\xampp\htdocs\perpus\system\Boot.php(363): CodeIgniter\CodeIgniter->run()
#9 C:\xampp\htdocs\perpus\system\Boot.php(68): CodeIgniter\Boot::runCodeIgniter(Object(CodeIgniter\CodeIgniter))
#10 C:\xampp\htdocs\perpus\index.php(59): CodeIgniter\Boot::bootWeb(Object(Config\Paths))
#11 {main}
CRITICAL - 2026-04-17 07:51:54 --> CodeIgniter\Database\Exceptions\DatabaseException: Table 'perpus.buku_rak' doesn't exist
[Method: GET, Route: buku]
in SYSTEMPATH\Database\BaseConnection.php on line 684.
 1 SYSTEMPATH\Database\BaseBuilder.php(1649): CodeIgniter\Database\BaseConnection->query('SELECT `buku`.*, `kategori`.`nama_kategori`, `penulis`.`nama_penulis`, `penerbit`.`nama_penerbit`, `rak`.`nama_rak`, `rak`.`lokasi`
FROM `buku`
LEFT JOIN `kategori` ON `kategori`.`id_kategori` = `buku`.`id_kategori`
LEFT JOIN `penulis` ON `penulis`.`id_penulis` = `buku`.`id_penulis`
LEFT JOIN `penerbit` ON `penerbit`.`id_penerbit` = `buku`.`id_penerbit`
LEFT JOIN `buku_rak` ON `buku_rak`.`id_buku` = `buku`.`id_buku`
LEFT JOIN `rak` ON `rak`.`id_rak` = `buku_rak`.`id_rak`', [], false)
 2 APPPATH\Controllers\buku.php(41): CodeIgniter\Database\BaseBuilder->get()
 3 SYSTEMPATH\CodeIgniter.php(933): App\Controllers\Buku->index()
 4 SYSTEMPATH\CodeIgniter.php(507): CodeIgniter\CodeIgniter->runController(Object(App\Controllers\Buku))
 5 SYSTEMPATH\CodeIgniter.php(354): CodeIgniter\CodeIgniter->handleRequest(null, Object(Config\Cache), false)
 6 SYSTEMPATH\Boot.php(363): CodeIgniter\CodeIgniter->run()
 7 SYSTEMPATH\Boot.php(68): CodeIgniter\Boot::runCodeIgniter(Object(CodeIgniter\CodeIgniter))
 8 FCPATH\index.php(59): CodeIgniter\Boot::bootWeb(Object(Config\Paths))
CRITICAL - 2026-04-17 07:51:54 --> [Caused by] CodeIgniter\Database\Exceptions\DatabaseException: Table 'perpus.buku_rak' doesn't exist
in SYSTEMPATH\Database\MySQLi\Connection.php on line 332.
 1 SYSTEMPATH\Database\BaseConnection.php(729): CodeIgniter\Database\MySQLi\Connection->execute('SELECT `buku`.*, `kategori`.`nama_kategori`, `penulis`.`nama_penulis`, `penerbit`.`nama_penerbit`, `rak`.`nama_rak`, `rak`.`lokasi`
FROM `buku`
LEFT JOIN `kategori` ON `kategori`.`id_kategori` = `buku`.`id_kategori`
LEFT JOIN `penulis` ON `penulis`.`id_penulis` = `buku`.`id_penulis`
LEFT JOIN `penerbit` ON `penerbit`.`id_penerbit` = `buku`.`id_penerbit`
LEFT JOIN `buku_rak` ON `buku_rak`.`id_buku` = `buku`.`id_buku`
LEFT JOIN `rak` ON `rak`.`id_rak` = `buku_rak`.`id_rak`')
 2 SYSTEMPATH\Database\BaseConnection.php(646): CodeIgniter\Database\BaseConnection->simpleQuery('SELECT `buku`.*, `kategori`.`nama_kategori`, `penulis`.`nama_penulis`, `penerbit`.`nama_penerbit`, `rak`.`nama_rak`, `rak`.`lokasi`
FROM `buku`
LEFT JOIN `kategori` ON `kategori`.`id_kategori` = `buku`.`id_kategori`
LEFT JOIN `penulis` ON `penulis`.`id_penulis` = `buku`.`id_penulis`
LEFT JOIN `penerbit` ON `penerbit`.`id_penerbit` = `buku`.`id_penerbit`
LEFT JOIN `buku_rak` ON `buku_rak`.`id_buku` = `buku`.`id_buku`
LEFT JOIN `rak` ON `rak`.`id_rak` = `buku_rak`.`id_rak`')
 3 SYSTEMPATH\Database\BaseBuilder.php(1649): CodeIgniter\Database\BaseConnection->query('SELECT `buku`.*, `kategori`.`nama_kategori`, `penulis`.`nama_penulis`, `penerbit`.`nama_penerbit`, `rak`.`nama_rak`, `rak`.`lokasi`
FROM `buku`
LEFT JOIN `kategori` ON `kategori`.`id_kategori` = `buku`.`id_kategori`
LEFT JOIN `penulis` ON `penulis`.`id_penulis` = `buku`.`id_penulis`
LEFT JOIN `penerbit` ON `penerbit`.`id_penerbit` = `buku`.`id_penerbit`
LEFT JOIN `buku_rak` ON `buku_rak`.`id_buku` = `buku`.`id_buku`
LEFT JOIN `rak` ON `rak`.`id_rak` = `buku_rak`.`id_rak`', [], false)
 4 APPPATH\Controllers\buku.php(41): CodeIgniter\Database\BaseBuilder->get()
 5 SYSTEMPATH\CodeIgniter.php(933): App\Controllers\Buku->index()
 6 SYSTEMPATH\CodeIgniter.php(507): CodeIgniter\CodeIgniter->runController(Object(App\Controllers\Buku))
 7 SYSTEMPATH\CodeIgniter.php(354): CodeIgniter\CodeIgniter->handleRequest(null, Object(Config\Cache), false)
 8 SYSTEMPATH\Boot.php(363): CodeIgniter\CodeIgniter->run()
 9 SYSTEMPATH\Boot.php(68): CodeIgniter\Boot::runCodeIgniter(Object(CodeIgniter\CodeIgniter))
10 FCPATH\index.php(59): CodeIgniter\Boot::bootWeb(Object(Config\Paths))
CRITICAL - 2026-04-17 07:51:54 --> [Caused by] mysqli_sql_exception: Table 'perpus.buku_rak' doesn't exist
in SYSTEMPATH\Database\MySQLi\Connection.php on line 327.
 1 SYSTEMPATH\Database\MySQLi\Connection.php(327): mysqli->query('SELECT `buku`.*, `kategori`.`nama_kategori`, `penulis`.`nama_penulis`, `penerbit`.`nama_penerbit`, `rak`.`nama_rak`, `rak`.`lokasi`
FROM `buku`
LEFT JOIN `kategori` ON `kategori`.`id_kategori` = `buku`.`id_kategori`
LEFT JOIN `penulis` ON `penulis`.`id_penulis` = `buku`.`id_penulis`
LEFT JOIN `penerbit` ON `penerbit`.`id_penerbit` = `buku`.`id_penerbit`
LEFT JOIN `buku_rak` ON `buku_rak`.`id_buku` = `buku`.`id_buku`
LEFT JOIN `rak` ON `rak`.`id_rak` = `buku_rak`.`id_rak`', 0)
 2 SYSTEMPATH\Database\BaseConnection.php(729): CodeIgniter\Database\MySQLi\Connection->execute('SELECT `buku`.*, `kategori`.`nama_kategori`, `penulis`.`nama_penulis`, `penerbit`.`nama_penerbit`, `rak`.`nama_rak`, `rak`.`lokasi`
FROM `buku`
LEFT JOIN `kategori` ON `kategori`.`id_kategori` = `buku`.`id_kategori`
LEFT JOIN `penulis` ON `penulis`.`id_penulis` = `buku`.`id_penulis`
LEFT JOIN `penerbit` ON `penerbit`.`id_penerbit` = `buku`.`id_penerbit`
LEFT JOIN `buku_rak` ON `buku_rak`.`id_buku` = `buku`.`id_buku`
LEFT JOIN `rak` ON `rak`.`id_rak` = `buku_rak`.`id_rak`')
 3 SYSTEMPATH\Database\BaseConnection.php(646): CodeIgniter\Database\BaseConnection->simpleQuery('SELECT `buku`.*, `kategori`.`nama_kategori`, `penulis`.`nama_penulis`, `penerbit`.`nama_penerbit`, `rak`.`nama_rak`, `rak`.`lokasi`
FROM `buku`
LEFT JOIN `kategori` ON `kategori`.`id_kategori` = `buku`.`id_kategori`
LEFT JOIN `penulis` ON `penulis`.`id_penulis` = `buku`.`id_penulis`
LEFT JOIN `penerbit` ON `penerbit`.`id_penerbit` = `buku`.`id_penerbit`
LEFT JOIN `buku_rak` ON `buku_rak`.`id_buku` = `buku`.`id_buku`
LEFT JOIN `rak` ON `rak`.`id_rak` = `buku_rak`.`id_rak`')
 4 SYSTEMPATH\Database\BaseBuilder.php(1649): CodeIgniter\Database\BaseConnection->query('SELECT `buku`.*, `kategori`.`nama_kategori`, `penulis`.`nama_penulis`, `penerbit`.`nama_penerbit`, `rak`.`nama_rak`, `rak`.`lokasi`
FROM `buku`
LEFT JOIN `kategori` ON `kategori`.`id_kategori` = `buku`.`id_kategori`
LEFT JOIN `penulis` ON `penulis`.`id_penulis` = `buku`.`id_penulis`
LEFT JOIN `penerbit` ON `penerbit`.`id_penerbit` = `buku`.`id_penerbit`
LEFT JOIN `buku_rak` ON `buku_rak`.`id_buku` = `buku`.`id_buku`
LEFT JOIN `rak` ON `rak`.`id_rak` = `buku_rak`.`id_rak`', [], false)
 5 APPPATH\Controllers\buku.php(41): CodeIgniter\Database\BaseBuilder->get()
 6 SYSTEMPATH\CodeIgniter.php(933): App\Controllers\Buku->index()
 7 SYSTEMPATH\CodeIgniter.php(507): CodeIgniter\CodeIgniter->runController(Object(App\Controllers\Buku))
 8 SYSTEMPATH\CodeIgniter.php(354): CodeIgniter\CodeIgniter->handleRequest(null, Object(Config\Cache), false)
 9 SYSTEMPATH\Boot.php(363): CodeIgniter\CodeIgniter->run()
10 SYSTEMPATH\Boot.php(68): CodeIgniter\Boot::runCodeIgniter(Object(CodeIgniter\CodeIgniter))
11 FCPATH\index.php(59): CodeIgniter\Boot::bootWeb(Object(Config\Paths))
ERROR - 2026-04-17 07:51:55 --> mysqli_sql_exception: Table 'perpus.buku_rak' doesn't exist in C:\xampp\htdocs\perpus\system\Database\MySQLi\Connection.php:327
Stack trace:
#0 C:\xampp\htdocs\perpus\system\Database\MySQLi\Connection.php(327): mysqli->query('SELECT `buku`.*...', 0)
#1 C:\xampp\htdocs\perpus\system\Database\BaseConnection.php(729): CodeIgniter\Database\MySQLi\Connection->execute('SELECT `buku`.*...')
#2 C:\xampp\htdocs\perpus\system\Database\BaseConnection.php(646): CodeIgniter\Database\BaseConnection->simpleQuery('SELECT `buku`.*...')
#3 C:\xampp\htdocs\perpus\system\Database\BaseBuilder.php(1649): CodeIgniter\Database\BaseConnection->query('SELECT `buku`.*...', Array, false)
#4 C:\xampp\htdocs\perpus\app\Controllers\buku.php(41): CodeIgniter\Database\BaseBuilder->get()
#5 C:\xampp\htdocs\perpus\system\CodeIgniter.php(933): App\Controllers\Buku->index()
#6 C:\xampp\htdocs\perpus\system\CodeIgniter.php(507): CodeIgniter\CodeIgniter->runController(Object(App\Controllers\Buku))
#7 C:\xampp\htdocs\perpus\system\CodeIgniter.php(354): CodeIgniter\CodeIgniter->handleRequest(NULL, Object(Config\Cache), false)
#8 C:\xampp\htdocs\perpus\system\Boot.php(363): CodeIgniter\CodeIgniter->run()
#9 C:\xampp\htdocs\perpus\system\Boot.php(68): CodeIgniter\Boot::runCodeIgniter(Object(CodeIgniter\CodeIgniter))
#10 C:\xampp\htdocs\perpus\index.php(59): CodeIgniter\Boot::bootWeb(Object(Config\Paths))
#11 {main}
CRITICAL - 2026-04-17 07:51:55 --> CodeIgniter\Database\Exceptions\DatabaseException: Table 'perpus.buku_rak' doesn't exist
[Method: GET, Route: buku]
in SYSTEMPATH\Database\BaseConnection.php on line 684.
 1 SYSTEMPATH\Database\BaseBuilder.php(1649): CodeIgniter\Database\BaseConnection->query('SELECT `buku`.*, `kategori`.`nama_kategori`, `penulis`.`nama_penulis`, `penerbit`.`nama_penerbit`, `rak`.`nama_rak`, `rak`.`lokasi`
FROM `buku`
LEFT JOIN `kategori` ON `kategori`.`id_kategori` = `buku`.`id_kategori`
LEFT JOIN `penulis` ON `penulis`.`id_penulis` = `buku`.`id_penulis`
LEFT JOIN `penerbit` ON `penerbit`.`id_penerbit` = `buku`.`id_penerbit`
LEFT JOIN `buku_rak` ON `buku_rak`.`id_buku` = `buku`.`id_buku`
LEFT JOIN `rak` ON `rak`.`id_rak` = `buku_rak`.`id_rak`', [], false)
 2 APPPATH\Controllers\buku.php(41): CodeIgniter\Database\BaseBuilder->get()
 3 SYSTEMPATH\CodeIgniter.php(933): App\Controllers\Buku->index()
 4 SYSTEMPATH\CodeIgniter.php(507): CodeIgniter\CodeIgniter->runController(Object(App\Controllers\Buku))
 5 SYSTEMPATH\CodeIgniter.php(354): CodeIgniter\CodeIgniter->handleRequest(null, Object(Config\Cache), false)
 6 SYSTEMPATH\Boot.php(363): CodeIgniter\CodeIgniter->run()
 7 SYSTEMPATH\Boot.php(68): CodeIgniter\Boot::runCodeIgniter(Object(CodeIgniter\CodeIgniter))
 8 FCPATH\index.php(59): CodeIgniter\Boot::bootWeb(Object(Config\Paths))
CRITICAL - 2026-04-17 07:51:55 --> [Caused by] CodeIgniter\Database\Exceptions\DatabaseException: Table 'perpus.buku_rak' doesn't exist
in SYSTEMPATH\Database\MySQLi\Connection.php on line 332.
 1 SYSTEMPATH\Database\BaseConnection.php(729): CodeIgniter\Database\MySQLi\Connection->execute('SELECT `buku`.*, `kategori`.`nama_kategori`, `penulis`.`nama_penulis`, `penerbit`.`nama_penerbit`, `rak`.`nama_rak`, `rak`.`lokasi`
FROM `buku`
LEFT JOIN `kategori` ON `kategori`.`id_kategori` = `buku`.`id_kategori`
LEFT JOIN `penulis` ON `penulis`.`id_penulis` = `buku`.`id_penulis`
LEFT JOIN `penerbit` ON `penerbit`.`id_penerbit` = `buku`.`id_penerbit`
LEFT JOIN `buku_rak` ON `buku_rak`.`id_buku` = `buku`.`id_buku`
LEFT JOIN `rak` ON `rak`.`id_rak` = `buku_rak`.`id_rak`')
 2 SYSTEMPATH\Database\BaseConnection.php(646): CodeIgniter\Database\BaseConnection->simpleQuery('SELECT `buku`.*, `kategori`.`nama_kategori`, `penulis`.`nama_penulis`, `penerbit`.`nama_penerbit`, `rak`.`nama_rak`, `rak`.`lokasi`
FROM `buku`
LEFT JOIN `kategori` ON `kategori`.`id_kategori` = `buku`.`id_kategori`
LEFT JOIN `penulis` ON `penulis`.`id_penulis` = `buku`.`id_penulis`
LEFT JOIN `penerbit` ON `penerbit`.`id_penerbit` = `buku`.`id_penerbit`
LEFT JOIN `buku_rak` ON `buku_rak`.`id_buku` = `buku`.`id_buku`
LEFT JOIN `rak` ON `rak`.`id_rak` = `buku_rak`.`id_rak`')
 3 SYSTEMPATH\Database\BaseBuilder.php(1649): CodeIgniter\Database\BaseConnection->query('SELECT `buku`.*, `kategori`.`nama_kategori`, `penulis`.`nama_penulis`, `penerbit`.`nama_penerbit`, `rak`.`nama_rak`, `rak`.`lokasi`
FROM `buku`
LEFT JOIN `kategori` ON `kategori`.`id_kategori` = `buku`.`id_kategori`
LEFT JOIN `penulis` ON `penulis`.`id_penulis` = `buku`.`id_penulis`
LEFT JOIN `penerbit` ON `penerbit`.`id_penerbit` = `buku`.`id_penerbit`
LEFT JOIN `buku_rak` ON `buku_rak`.`id_buku` = `buku`.`id_buku`
LEFT JOIN `rak` ON `rak`.`id_rak` = `buku_rak`.`id_rak`', [], false)
 4 APPPATH\Controllers\buku.php(41): CodeIgniter\Database\BaseBuilder->get()
 5 SYSTEMPATH\CodeIgniter.php(933): App\Controllers\Buku->index()
 6 SYSTEMPATH\CodeIgniter.php(507): CodeIgniter\CodeIgniter->runController(Object(App\Controllers\Buku))
 7 SYSTEMPATH\CodeIgniter.php(354): CodeIgniter\CodeIgniter->handleRequest(null, Object(Config\Cache), false)
 8 SYSTEMPATH\Boot.php(363): CodeIgniter\CodeIgniter->run()
 9 SYSTEMPATH\Boot.php(68): CodeIgniter\Boot::runCodeIgniter(Object(CodeIgniter\CodeIgniter))
10 FCPATH\index.php(59): CodeIgniter\Boot::bootWeb(Object(Config\Paths))
CRITICAL - 2026-04-17 07:51:55 --> [Caused by] mysqli_sql_exception: Table 'perpus.buku_rak' doesn't exist
in SYSTEMPATH\Database\MySQLi\Connection.php on line 327.
 1 SYSTEMPATH\Database\MySQLi\Connection.php(327): mysqli->query('SELECT `buku`.*, `kategori`.`nama_kategori`, `penulis`.`nama_penulis`, `penerbit`.`nama_penerbit`, `rak`.`nama_rak`, `rak`.`lokasi`
FROM `buku`
LEFT JOIN `kategori` ON `kategori`.`id_kategori` = `buku`.`id_kategori`
LEFT JOIN `penulis` ON `penulis`.`id_penulis` = `buku`.`id_penulis`
LEFT JOIN `penerbit` ON `penerbit`.`id_penerbit` = `buku`.`id_penerbit`
LEFT JOIN `buku_rak` ON `buku_rak`.`id_buku` = `buku`.`id_buku`
LEFT JOIN `rak` ON `rak`.`id_rak` = `buku_rak`.`id_rak`', 0)
 2 SYSTEMPATH\Database\BaseConnection.php(729): CodeIgniter\Database\MySQLi\Connection->execute('SELECT `buku`.*, `kategori`.`nama_kategori`, `penulis`.`nama_penulis`, `penerbit`.`nama_penerbit`, `rak`.`nama_rak`, `rak`.`lokasi`
FROM `buku`
LEFT JOIN `kategori` ON `kategori`.`id_kategori` = `buku`.`id_kategori`
LEFT JOIN `penulis` ON `penulis`.`id_penulis` = `buku`.`id_penulis`
LEFT JOIN `penerbit` ON `penerbit`.`id_penerbit` = `buku`.`id_penerbit`
LEFT JOIN `buku_rak` ON `buku_rak`.`id_buku` = `buku`.`id_buku`
LEFT JOIN `rak` ON `rak`.`id_rak` = `buku_rak`.`id_rak`')
 3 SYSTEMPATH\Database\BaseConnection.php(646): CodeIgniter\Database\BaseConnection->simpleQuery('SELECT `buku`.*, `kategori`.`nama_kategori`, `penulis`.`nama_penulis`, `penerbit`.`nama_penerbit`, `rak`.`nama_rak`, `rak`.`lokasi`
FROM `buku`
LEFT JOIN `kategori` ON `kategori`.`id_kategori` = `buku`.`id_kategori`
LEFT JOIN `penulis` ON `penulis`.`id_penulis` = `buku`.`id_penulis`
LEFT JOIN `penerbit` ON `penerbit`.`id_penerbit` = `buku`.`id_penerbit`
LEFT JOIN `buku_rak` ON `buku_rak`.`id_buku` = `buku`.`id_buku`
LEFT JOIN `rak` ON `rak`.`id_rak` = `buku_rak`.`id_rak`')
 4 SYSTEMPATH\Database\BaseBuilder.php(1649): CodeIgniter\Database\BaseConnection->query('SELECT `buku`.*, `kategori`.`nama_kategori`, `penulis`.`nama_penulis`, `penerbit`.`nama_penerbit`, `rak`.`nama_rak`, `rak`.`lokasi`
FROM `buku`
LEFT JOIN `kategori` ON `kategori`.`id_kategori` = `buku`.`id_kategori`
LEFT JOIN `penulis` ON `penulis`.`id_penulis` = `buku`.`id_penulis`
LEFT JOIN `penerbit` ON `penerbit`.`id_penerbit` = `buku`.`id_penerbit`
LEFT JOIN `buku_rak` ON `buku_rak`.`id_buku` = `buku`.`id_buku`
LEFT JOIN `rak` ON `rak`.`id_rak` = `buku_rak`.`id_rak`', [], false)
 5 APPPATH\Controllers\buku.php(41): CodeIgniter\Database\BaseBuilder->get()
 6 SYSTEMPATH\CodeIgniter.php(933): App\Controllers\Buku->index()
 7 SYSTEMPATH\CodeIgniter.php(507): CodeIgniter\CodeIgniter->runController(Object(App\Controllers\Buku))
 8 SYSTEMPATH\CodeIgniter.php(354): CodeIgniter\CodeIgniter->handleRequest(null, Object(Config\Cache), false)
 9 SYSTEMPATH\Boot.php(363): CodeIgniter\CodeIgniter->run()
10 SYSTEMPATH\Boot.php(68): CodeIgniter\Boot::runCodeIgniter(Object(CodeIgniter\CodeIgniter))
11 FCPATH\index.php(59): CodeIgniter\Boot::bootWeb(Object(Config\Paths))
ERROR - 2026-04-17 07:51:55 --> mysqli_sql_exception: Table 'perpus.buku_rak' doesn't exist in C:\xampp\htdocs\perpus\system\Database\MySQLi\Connection.php:327
Stack trace:
#0 C:\xampp\htdocs\perpus\system\Database\MySQLi\Connection.php(327): mysqli->query('SELECT `buku`.*...', 0)
#1 C:\xampp\htdocs\perpus\system\Database\BaseConnection.php(729): CodeIgniter\Database\MySQLi\Connection->execute('SELECT `buku`.*...')
#2 C:\xampp\htdocs\perpus\system\Database\BaseConnection.php(646): CodeIgniter\Database\BaseConnection->simpleQuery('SELECT `buku`.*...')
#3 C:\xampp\htdocs\perpus\system\Database\BaseBuilder.php(1649): CodeIgniter\Database\BaseConnection->query('SELECT `buku`.*...', Array, false)
#4 C:\xampp\htdocs\perpus\app\Controllers\buku.php(41): CodeIgniter\Database\BaseBuilder->get()
#5 C:\xampp\htdocs\perpus\system\CodeIgniter.php(933): App\Controllers\Buku->index()
#6 C:\xampp\htdocs\perpus\system\CodeIgniter.php(507): CodeIgniter\CodeIgniter->runController(Object(App\Controllers\Buku))
#7 C:\xampp\htdocs\perpus\system\CodeIgniter.php(354): CodeIgniter\CodeIgniter->handleRequest(NULL, Object(Config\Cache), false)
#8 C:\xampp\htdocs\perpus\system\Boot.php(363): CodeIgniter\CodeIgniter->run()
#9 C:\xampp\htdocs\perpus\system\Boot.php(68): CodeIgniter\Boot::runCodeIgniter(Object(CodeIgniter\CodeIgniter))
#10 C:\xampp\htdocs\perpus\index.php(59): CodeIgniter\Boot::bootWeb(Object(Config\Paths))
#11 {main}
CRITICAL - 2026-04-17 07:51:55 --> CodeIgniter\Database\Exceptions\DatabaseException: Table 'perpus.buku_rak' doesn't exist
[Method: GET, Route: buku]
in SYSTEMPATH\Database\BaseConnection.php on line 684.
 1 SYSTEMPATH\Database\BaseBuilder.php(1649): CodeIgniter\Database\BaseConnection->query('SELECT `buku`.*, `kategori`.`nama_kategori`, `penulis`.`nama_penulis`, `penerbit`.`nama_penerbit`, `rak`.`nama_rak`, `rak`.`lokasi`
FROM `buku`
LEFT JOIN `kategori` ON `kategori`.`id_kategori` = `buku`.`id_kategori`
LEFT JOIN `penulis` ON `penulis`.`id_penulis` = `buku`.`id_penulis`
LEFT JOIN `penerbit` ON `penerbit`.`id_penerbit` = `buku`.`id_penerbit`
LEFT JOIN `buku_rak` ON `buku_rak`.`id_buku` = `buku`.`id_buku`
LEFT JOIN `rak` ON `rak`.`id_rak` = `buku_rak`.`id_rak`', [], false)
 2 APPPATH\Controllers\buku.php(41): CodeIgniter\Database\BaseBuilder->get()
 3 SYSTEMPATH\CodeIgniter.php(933): App\Controllers\Buku->index()
 4 SYSTEMPATH\CodeIgniter.php(507): CodeIgniter\CodeIgniter->runController(Object(App\Controllers\Buku))
 5 SYSTEMPATH\CodeIgniter.php(354): CodeIgniter\CodeIgniter->handleRequest(null, Object(Config\Cache), false)
 6 SYSTEMPATH\Boot.php(363): CodeIgniter\CodeIgniter->run()
 7 SYSTEMPATH\Boot.php(68): CodeIgniter\Boot::runCodeIgniter(Object(CodeIgniter\CodeIgniter))
 8 FCPATH\index.php(59): CodeIgniter\Boot::bootWeb(Object(Config\Paths))
CRITICAL - 2026-04-17 07:51:55 --> [Caused by] CodeIgniter\Database\Exceptions\DatabaseException: Table 'perpus.buku_rak' doesn't exist
in SYSTEMPATH\Database\MySQLi\Connection.php on line 332.
 1 SYSTEMPATH\Database\BaseConnection.php(729): CodeIgniter\Database\MySQLi\Connection->execute('SELECT `buku`.*, `kategori`.`nama_kategori`, `penulis`.`nama_penulis`, `penerbit`.`nama_penerbit`, `rak`.`nama_rak`, `rak`.`lokasi`
FROM `buku`
LEFT JOIN `kategori` ON `kategori`.`id_kategori` = `buku`.`id_kategori`
LEFT JOIN `penulis` ON `penulis`.`id_penulis` = `buku`.`id_penulis`
LEFT JOIN `penerbit` ON `penerbit`.`id_penerbit` = `buku`.`id_penerbit`
LEFT JOIN `buku_rak` ON `buku_rak`.`id_buku` = `buku`.`id_buku`
LEFT JOIN `rak` ON `rak`.`id_rak` = `buku_rak`.`id_rak`')
 2 SYSTEMPATH\Database\BaseConnection.php(646): CodeIgniter\Database\BaseConnection->simpleQuery('SELECT `buku`.*, `kategori`.`nama_kategori`, `penulis`.`nama_penulis`, `penerbit`.`nama_penerbit`, `rak`.`nama_rak`, `rak`.`lokasi`
FROM `buku`
LEFT JOIN `kategori` ON `kategori`.`id_kategori` = `buku`.`id_kategori`
LEFT JOIN `penulis` ON `penulis`.`id_penulis` = `buku`.`id_penulis`
LEFT JOIN `penerbit` ON `penerbit`.`id_penerbit` = `buku`.`id_penerbit`
LEFT JOIN `buku_rak` ON `buku_rak`.`id_buku` = `buku`.`id_buku`
LEFT JOIN `rak` ON `rak`.`id_rak` = `buku_rak`.`id_rak`')
 3 SYSTEMPATH\Database\BaseBuilder.php(1649): CodeIgniter\Database\BaseConnection->query('SELECT `buku`.*, `kategori`.`nama_kategori`, `penulis`.`nama_penulis`, `penerbit`.`nama_penerbit`, `rak`.`nama_rak`, `rak`.`lokasi`
FROM `buku`
LEFT JOIN `kategori` ON `kategori`.`id_kategori` = `buku`.`id_kategori`
LEFT JOIN `penulis` ON `penulis`.`id_penulis` = `buku`.`id_penulis`
LEFT JOIN `penerbit` ON `penerbit`.`id_penerbit` = `buku`.`id_penerbit`
LEFT JOIN `buku_rak` ON `buku_rak`.`id_buku` = `buku`.`id_buku`
LEFT JOIN `rak` ON `rak`.`id_rak` = `buku_rak`.`id_rak`', [], false)
 4 APPPATH\Controllers\buku.php(41): CodeIgniter\Database\BaseBuilder->get()
 5 SYSTEMPATH\CodeIgniter.php(933): App\Controllers\Buku->index()
 6 SYSTEMPATH\CodeIgniter.php(507): CodeIgniter\CodeIgniter->runController(Object(App\Controllers\Buku))
 7 SYSTEMPATH\CodeIgniter.php(354): CodeIgniter\CodeIgniter->handleRequest(null, Object(Config\Cache), false)
 8 SYSTEMPATH\Boot.php(363): CodeIgniter\CodeIgniter->run()
 9 SYSTEMPATH\Boot.php(68): CodeIgniter\Boot::runCodeIgniter(Object(CodeIgniter\CodeIgniter))
10 FCPATH\index.php(59): CodeIgniter\Boot::bootWeb(Object(Config\Paths))
CRITICAL - 2026-04-17 07:51:55 --> [Caused by] mysqli_sql_exception: Table 'perpus.buku_rak' doesn't exist
in SYSTEMPATH\Database\MySQLi\Connection.php on line 327.
 1 SYSTEMPATH\Database\MySQLi\Connection.php(327): mysqli->query('SELECT `buku`.*, `kategori`.`nama_kategori`, `penulis`.`nama_penulis`, `penerbit`.`nama_penerbit`, `rak`.`nama_rak`, `rak`.`lokasi`
FROM `buku`
LEFT JOIN `kategori` ON `kategori`.`id_kategori` = `buku`.`id_kategori`
LEFT JOIN `penulis` ON `penulis`.`id_penulis` = `buku`.`id_penulis`
LEFT JOIN `penerbit` ON `penerbit`.`id_penerbit` = `buku`.`id_penerbit`
LEFT JOIN `buku_rak` ON `buku_rak`.`id_buku` = `buku`.`id_buku`
LEFT JOIN `rak` ON `rak`.`id_rak` = `buku_rak`.`id_rak`', 0)
 2 SYSTEMPATH\Database\BaseConnection.php(729): CodeIgniter\Database\MySQLi\Connection->execute('SELECT `buku`.*, `kategori`.`nama_kategori`, `penulis`.`nama_penulis`, `penerbit`.`nama_penerbit`, `rak`.`nama_rak`, `rak`.`lokasi`
FROM `buku`
LEFT JOIN `kategori` ON `kategori`.`id_kategori` = `buku`.`id_kategori`
LEFT JOIN `penulis` ON `penulis`.`id_penulis` = `buku`.`id_penulis`
LEFT JOIN `penerbit` ON `penerbit`.`id_penerbit` = `buku`.`id_penerbit`
LEFT JOIN `buku_rak` ON `buku_rak`.`id_buku` = `buku`.`id_buku`
LEFT JOIN `rak` ON `rak`.`id_rak` = `buku_rak`.`id_rak`')
 3 SYSTEMPATH\Database\BaseConnection.php(646): CodeIgniter\Database\BaseConnection->simpleQuery('SELECT `buku`.*, `kategori`.`nama_kategori`, `penulis`.`nama_penulis`, `penerbit`.`nama_penerbit`, `rak`.`nama_rak`, `rak`.`lokasi`
FROM `buku`
LEFT JOIN `kategori` ON `kategori`.`id_kategori` = `buku`.`id_kategori`
LEFT JOIN `penulis` ON `penulis`.`id_penulis` = `buku`.`id_penulis`
LEFT JOIN `penerbit` ON `penerbit`.`id_penerbit` = `buku`.`id_penerbit`
LEFT JOIN `buku_rak` ON `buku_rak`.`id_buku` = `buku`.`id_buku`
LEFT JOIN `rak` ON `rak`.`id_rak` = `buku_rak`.`id_rak`')
 4 SYSTEMPATH\Database\BaseBuilder.php(1649): CodeIgniter\Database\BaseConnection->query('SELECT `buku`.*, `kategori`.`nama_kategori`, `penulis`.`nama_penulis`, `penerbit`.`nama_penerbit`, `rak`.`nama_rak`, `rak`.`lokasi`
FROM `buku`
LEFT JOIN `kategori` ON `kategori`.`id_kategori` = `buku`.`id_kategori`
LEFT JOIN `penulis` ON `penulis`.`id_penulis` = `buku`.`id_penulis`
LEFT JOIN `penerbit` ON `penerbit`.`id_penerbit` = `buku`.`id_penerbit`
LEFT JOIN `buku_rak` ON `buku_rak`.`id_buku` = `buku`.`id_buku`
LEFT JOIN `rak` ON `rak`.`id_rak` = `buku_rak`.`id_rak`', [], false)
 5 APPPATH\Controllers\buku.php(41): CodeIgniter\Database\BaseBuilder->get()
 6 SYSTEMPATH\CodeIgniter.php(933): App\Controllers\Buku->index()
 7 SYSTEMPATH\CodeIgniter.php(507): CodeIgniter\CodeIgniter->runController(Object(App\Controllers\Buku))
 8 SYSTEMPATH\CodeIgniter.php(354): CodeIgniter\CodeIgniter->handleRequest(null, Object(Config\Cache), false)
 9 SYSTEMPATH\Boot.php(363): CodeIgniter\CodeIgniter->run()
10 SYSTEMPATH\Boot.php(68): CodeIgniter\Boot::runCodeIgniter(Object(CodeIgniter\CodeIgniter))
11 FCPATH\index.php(59): CodeIgniter\Boot::bootWeb(Object(Config\Paths))
ERROR - 2026-04-17 07:51:55 --> mysqli_sql_exception: Table 'perpus.buku_rak' doesn't exist in C:\xampp\htdocs\perpus\system\Database\MySQLi\Connection.php:327
Stack trace:
#0 C:\xampp\htdocs\perpus\system\Database\MySQLi\Connection.php(327): mysqli->query('SELECT `buku`.*...', 0)
#1 C:\xampp\htdocs\perpus\system\Database\BaseConnection.php(729): CodeIgniter\Database\MySQLi\Connection->execute('SELECT `buku`.*...')
#2 C:\xampp\htdocs\perpus\system\Database\BaseConnection.php(646): CodeIgniter\Database\BaseConnection->simpleQuery('SELECT `buku`.*...')
#3 C:\xampp\htdocs\perpus\system\Database\BaseBuilder.php(1649): CodeIgniter\Database\BaseConnection->query('SELECT `buku`.*...', Array, false)
#4 C:\xampp\htdocs\perpus\app\Controllers\buku.php(41): CodeIgniter\Database\BaseBuilder->get()
#5 C:\xampp\htdocs\perpus\system\CodeIgniter.php(933): App\Controllers\Buku->index()
#6 C:\xampp\htdocs\perpus\system\CodeIgniter.php(507): CodeIgniter\CodeIgniter->runController(Object(App\Controllers\Buku))
#7 C:\xampp\htdocs\perpus\system\CodeIgniter.php(354): CodeIgniter\CodeIgniter->handleRequest(NULL, Object(Config\Cache), false)
#8 C:\xampp\htdocs\perpus\system\Boot.php(363): CodeIgniter\CodeIgniter->run()
#9 C:\xampp\htdocs\perpus\system\Boot.php(68): CodeIgniter\Boot::runCodeIgniter(Object(CodeIgniter\CodeIgniter))
#10 C:\xampp\htdocs\perpus\index.php(59): CodeIgniter\Boot::bootWeb(Object(Config\Paths))
#11 {main}
CRITICAL - 2026-04-17 07:51:55 --> CodeIgniter\Database\Exceptions\DatabaseException: Table 'perpus.buku_rak' doesn't exist
[Method: GET, Route: buku]
in SYSTEMPATH\Database\BaseConnection.php on line 684.
 1 SYSTEMPATH\Database\BaseBuilder.php(1649): CodeIgniter\Database\BaseConnection->query('SELECT `buku`.*, `kategori`.`nama_kategori`, `penulis`.`nama_penulis`, `penerbit`.`nama_penerbit`, `rak`.`nama_rak`, `rak`.`lokasi`
FROM `buku`
LEFT JOIN `kategori` ON `kategori`.`id_kategori` = `buku`.`id_kategori`
LEFT JOIN `penulis` ON `penulis`.`id_penulis` = `buku`.`id_penulis`
LEFT JOIN `penerbit` ON `penerbit`.`id_penerbit` = `buku`.`id_penerbit`
LEFT JOIN `buku_rak` ON `buku_rak`.`id_buku` = `buku`.`id_buku`
LEFT JOIN `rak` ON `rak`.`id_rak` = `buku_rak`.`id_rak`', [], false)
 2 APPPATH\Controllers\buku.php(41): CodeIgniter\Database\BaseBuilder->get()
 3 SYSTEMPATH\CodeIgniter.php(933): App\Controllers\Buku->index()
 4 SYSTEMPATH\CodeIgniter.php(507): CodeIgniter\CodeIgniter->runController(Object(App\Controllers\Buku))
 5 SYSTEMPATH\CodeIgniter.php(354): CodeIgniter\CodeIgniter->handleRequest(null, Object(Config\Cache), false)
 6 SYSTEMPATH\Boot.php(363): CodeIgniter\CodeIgniter->run()
 7 SYSTEMPATH\Boot.php(68): CodeIgniter\Boot::runCodeIgniter(Object(CodeIgniter\CodeIgniter))
 8 FCPATH\index.php(59): CodeIgniter\Boot::bootWeb(Object(Config\Paths))
CRITICAL - 2026-04-17 07:51:55 --> [Caused by] CodeIgniter\Database\Exceptions\DatabaseException: Table 'perpus.buku_rak' doesn't exist
in SYSTEMPATH\Database\MySQLi\Connection.php on line 332.
 1 SYSTEMPATH\Database\BaseConnection.php(729): CodeIgniter\Database\MySQLi\Connection->execute('SELECT `buku`.*, `kategori`.`nama_kategori`, `penulis`.`nama_penulis`, `penerbit`.`nama_penerbit`, `rak`.`nama_rak`, `rak`.`lokasi`
FROM `buku`
LEFT JOIN `kategori` ON `kategori`.`id_kategori` = `buku`.`id_kategori`
LEFT JOIN `penulis` ON `penulis`.`id_penulis` = `buku`.`id_penulis`
LEFT JOIN `penerbit` ON `penerbit`.`id_penerbit` = `buku`.`id_penerbit`
LEFT JOIN `buku_rak` ON `buku_rak`.`id_buku` = `buku`.`id_buku`
LEFT JOIN `rak` ON `rak`.`id_rak` = `buku_rak`.`id_rak`')
 2 SYSTEMPATH\Database\BaseConnection.php(646): CodeIgniter\Database\BaseConnection->simpleQuery('SELECT `buku`.*, `kategori`.`nama_kategori`, `penulis`.`nama_penulis`, `penerbit`.`nama_penerbit`, `rak`.`nama_rak`, `rak`.`lokasi`
FROM `buku`
LEFT JOIN `kategori` ON `kategori`.`id_kategori` = `buku`.`id_kategori`
LEFT JOIN `penulis` ON `penulis`.`id_penulis` = `buku`.`id_penulis`
LEFT JOIN `penerbit` ON `penerbit`.`id_penerbit` = `buku`.`id_penerbit`
LEFT JOIN `buku_rak` ON `buku_rak`.`id_buku` = `buku`.`id_buku`
LEFT JOIN `rak` ON `rak`.`id_rak` = `buku_rak`.`id_rak`')
 3 SYSTEMPATH\Database\BaseBuilder.php(1649): CodeIgniter\Database\BaseConnection->query('SELECT `buku`.*, `kategori`.`nama_kategori`, `penulis`.`nama_penulis`, `penerbit`.`nama_penerbit`, `rak`.`nama_rak`, `rak`.`lokasi`
FROM `buku`
LEFT JOIN `kategori` ON `kategori`.`id_kategori` = `buku`.`id_kategori`
LEFT JOIN `penulis` ON `penulis`.`id_penulis` = `buku`.`id_penulis`
LEFT JOIN `penerbit` ON `penerbit`.`id_penerbit` = `buku`.`id_penerbit`
LEFT JOIN `buku_rak` ON `buku_rak`.`id_buku` = `buku`.`id_buku`
LEFT JOIN `rak` ON `rak`.`id_rak` = `buku_rak`.`id_rak`', [], false)
 4 APPPATH\Controllers\buku.php(41): CodeIgniter\Database\BaseBuilder->get()
 5 SYSTEMPATH\CodeIgniter.php(933): App\Controllers\Buku->index()
 6 SYSTEMPATH\CodeIgniter.php(507): CodeIgniter\CodeIgniter->runController(Object(App\Controllers\Buku))
 7 SYSTEMPATH\CodeIgniter.php(354): CodeIgniter\CodeIgniter->handleRequest(null, Object(Config\Cache), false)
 8 SYSTEMPATH\Boot.php(363): CodeIgniter\CodeIgniter->run()
 9 SYSTEMPATH\Boot.php(68): CodeIgniter\Boot::runCodeIgniter(Object(CodeIgniter\CodeIgniter))
10 FCPATH\index.php(59): CodeIgniter\Boot::bootWeb(Object(Config\Paths))
CRITICAL - 2026-04-17 07:51:55 --> [Caused by] mysqli_sql_exception: Table 'perpus.buku_rak' doesn't exist
in SYSTEMPATH\Database\MySQLi\Connection.php on line 327.
 1 SYSTEMPATH\Database\MySQLi\Connection.php(327): mysqli->query('SELECT `buku`.*, `kategori`.`nama_kategori`, `penulis`.`nama_penulis`, `penerbit`.`nama_penerbit`, `rak`.`nama_rak`, `rak`.`lokasi`
FROM `buku`
LEFT JOIN `kategori` ON `kategori`.`id_kategori` = `buku`.`id_kategori`
LEFT JOIN `penulis` ON `penulis`.`id_penulis` = `buku`.`id_penulis`
LEFT JOIN `penerbit` ON `penerbit`.`id_penerbit` = `buku`.`id_penerbit`
LEFT JOIN `buku_rak` ON `buku_rak`.`id_buku` = `buku`.`id_buku`
LEFT JOIN `rak` ON `rak`.`id_rak` = `buku_rak`.`id_rak`', 0)
 2 SYSTEMPATH\Database\BaseConnection.php(729): CodeIgniter\Database\MySQLi\Connection->execute('SELECT `buku`.*, `kategori`.`nama_kategori`, `penulis`.`nama_penulis`, `penerbit`.`nama_penerbit`, `rak`.`nama_rak`, `rak`.`lokasi`
FROM `buku`
LEFT JOIN `kategori` ON `kategori`.`id_kategori` = `buku`.`id_kategori`
LEFT JOIN `penulis` ON `penulis`.`id_penulis` = `buku`.`id_penulis`
LEFT JOIN `penerbit` ON `penerbit`.`id_penerbit` = `buku`.`id_penerbit`
LEFT JOIN `buku_rak` ON `buku_rak`.`id_buku` = `buku`.`id_buku`
LEFT JOIN `rak` ON `rak`.`id_rak` = `buku_rak`.`id_rak`')
 3 SYSTEMPATH\Database\BaseConnection.php(646): CodeIgniter\Database\BaseConnection->simpleQuery('SELECT `buku`.*, `kategori`.`nama_kategori`, `penulis`.`nama_penulis`, `penerbit`.`nama_penerbit`, `rak`.`nama_rak`, `rak`.`lokasi`
FROM `buku`
LEFT JOIN `kategori` ON `kategori`.`id_kategori` = `buku`.`id_kategori`
LEFT JOIN `penulis` ON `penulis`.`id_penulis` = `buku`.`id_penulis`
LEFT JOIN `penerbit` ON `penerbit`.`id_penerbit` = `buku`.`id_penerbit`
LEFT JOIN `buku_rak` ON `buku_rak`.`id_buku` = `buku`.`id_buku`
LEFT JOIN `rak` ON `rak`.`id_rak` = `buku_rak`.`id_rak`')
 4 SYSTEMPATH\Database\BaseBuilder.php(1649): CodeIgniter\Database\BaseConnection->query('SELECT `buku`.*, `kategori`.`nama_kategori`, `penulis`.`nama_penulis`, `penerbit`.`nama_penerbit`, `rak`.`nama_rak`, `rak`.`lokasi`
FROM `buku`
LEFT JOIN `kategori` ON `kategori`.`id_kategori` = `buku`.`id_kategori`
LEFT JOIN `penulis` ON `penulis`.`id_penulis` = `buku`.`id_penulis`
LEFT JOIN `penerbit` ON `penerbit`.`id_penerbit` = `buku`.`id_penerbit`
LEFT JOIN `buku_rak` ON `buku_rak`.`id_buku` = `buku`.`id_buku`
LEFT JOIN `rak` ON `rak`.`id_rak` = `buku_rak`.`id_rak`', [], false)
 5 APPPATH\Controllers\buku.php(41): CodeIgniter\Database\BaseBuilder->get()
 6 SYSTEMPATH\CodeIgniter.php(933): App\Controllers\Buku->index()
 7 SYSTEMPATH\CodeIgniter.php(507): CodeIgniter\CodeIgniter->runController(Object(App\Controllers\Buku))
 8 SYSTEMPATH\CodeIgniter.php(354): CodeIgniter\CodeIgniter->handleRequest(null, Object(Config\Cache), false)
 9 SYSTEMPATH\Boot.php(363): CodeIgniter\CodeIgniter->run()
10 SYSTEMPATH\Boot.php(68): CodeIgniter\Boot::runCodeIgniter(Object(CodeIgniter\CodeIgniter))
11 FCPATH\index.php(59): CodeIgniter\Boot::bootWeb(Object(Config\Paths))
ERROR - 2026-04-17 07:51:56 --> mysqli_sql_exception: Table 'perpus.buku_rak' doesn't exist in C:\xampp\htdocs\perpus\system\Database\MySQLi\Connection.php:327
Stack trace:
#0 C:\xampp\htdocs\perpus\system\Database\MySQLi\Connection.php(327): mysqli->query('SELECT `buku`.*...', 0)
#1 C:\xampp\htdocs\perpus\system\Database\BaseConnection.php(729): CodeIgniter\Database\MySQLi\Connection->execute('SELECT `buku`.*...')
#2 C:\xampp\htdocs\perpus\system\Database\BaseConnection.php(646): CodeIgniter\Database\BaseConnection->simpleQuery('SELECT `buku`.*...')
#3 C:\xampp\htdocs\perpus\system\Database\BaseBuilder.php(1649): CodeIgniter\Database\BaseConnection->query('SELECT `buku`.*...', Array, false)
#4 C:\xampp\htdocs\perpus\app\Controllers\buku.php(41): CodeIgniter\Database\BaseBuilder->get()
#5 C:\xampp\htdocs\perpus\system\CodeIgniter.php(933): App\Controllers\Buku->index()
#6 C:\xampp\htdocs\perpus\system\CodeIgniter.php(507): CodeIgniter\CodeIgniter->runController(Object(App\Controllers\Buku))
#7 C:\xampp\htdocs\perpus\system\CodeIgniter.php(354): CodeIgniter\CodeIgniter->handleRequest(NULL, Object(Config\Cache), false)
#8 C:\xampp\htdocs\perpus\system\Boot.php(363): CodeIgniter\CodeIgniter->run()
#9 C:\xampp\htdocs\perpus\system\Boot.php(68): CodeIgniter\Boot::runCodeIgniter(Object(CodeIgniter\CodeIgniter))
#10 C:\xampp\htdocs\perpus\index.php(59): CodeIgniter\Boot::bootWeb(Object(Config\Paths))
#11 {main}
CRITICAL - 2026-04-17 07:51:56 --> CodeIgniter\Database\Exceptions\DatabaseException: Table 'perpus.buku_rak' doesn't exist
[Method: GET, Route: buku]
in SYSTEMPATH\Database\BaseConnection.php on line 684.
 1 SYSTEMPATH\Database\BaseBuilder.php(1649): CodeIgniter\Database\BaseConnection->query('SELECT `buku`.*, `kategori`.`nama_kategori`, `penulis`.`nama_penulis`, `penerbit`.`nama_penerbit`, `rak`.`nama_rak`, `rak`.`lokasi`
FROM `buku`
LEFT JOIN `kategori` ON `kategori`.`id_kategori` = `buku`.`id_kategori`
LEFT JOIN `penulis` ON `penulis`.`id_penulis` = `buku`.`id_penulis`
LEFT JOIN `penerbit` ON `penerbit`.`id_penerbit` = `buku`.`id_penerbit`
LEFT JOIN `buku_rak` ON `buku_rak`.`id_buku` = `buku`.`id_buku`
LEFT JOIN `rak` ON `rak`.`id_rak` = `buku_rak`.`id_rak`', [], false)
 2 APPPATH\Controllers\buku.php(41): CodeIgniter\Database\BaseBuilder->get()
 3 SYSTEMPATH\CodeIgniter.php(933): App\Controllers\Buku->index()
 4 SYSTEMPATH\CodeIgniter.php(507): CodeIgniter\CodeIgniter->runController(Object(App\Controllers\Buku))
 5 SYSTEMPATH\CodeIgniter.php(354): CodeIgniter\CodeIgniter->handleRequest(null, Object(Config\Cache), false)
 6 SYSTEMPATH\Boot.php(363): CodeIgniter\CodeIgniter->run()
 7 SYSTEMPATH\Boot.php(68): CodeIgniter\Boot::runCodeIgniter(Object(CodeIgniter\CodeIgniter))
 8 FCPATH\index.php(59): CodeIgniter\Boot::bootWeb(Object(Config\Paths))
CRITICAL - 2026-04-17 07:51:56 --> [Caused by] CodeIgniter\Database\Exceptions\DatabaseException: Table 'perpus.buku_rak' doesn't exist
in SYSTEMPATH\Database\MySQLi\Connection.php on line 332.
 1 SYSTEMPATH\Database\BaseConnection.php(729): CodeIgniter\Database\MySQLi\Connection->execute('SELECT `buku`.*, `kategori`.`nama_kategori`, `penulis`.`nama_penulis`, `penerbit`.`nama_penerbit`, `rak`.`nama_rak`, `rak`.`lokasi`
FROM `buku`
LEFT JOIN `kategori` ON `kategori`.`id_kategori` = `buku`.`id_kategori`
LEFT JOIN `penulis` ON `penulis`.`id_penulis` = `buku`.`id_penulis`
LEFT JOIN `penerbit` ON `penerbit`.`id_penerbit` = `buku`.`id_penerbit`
LEFT JOIN `buku_rak` ON `buku_rak`.`id_buku` = `buku`.`id_buku`
LEFT JOIN `rak` ON `rak`.`id_rak` = `buku_rak`.`id_rak`')
 2 SYSTEMPATH\Database\BaseConnection.php(646): CodeIgniter\Database\BaseConnection->simpleQuery('SELECT `buku`.*, `kategori`.`nama_kategori`, `penulis`.`nama_penulis`, `penerbit`.`nama_penerbit`, `rak`.`nama_rak`, `rak`.`lokasi`
FROM `buku`
LEFT JOIN `kategori` ON `kategori`.`id_kategori` = `buku`.`id_kategori`
LEFT JOIN `penulis` ON `penulis`.`id_penulis` = `buku`.`id_penulis`
LEFT JOIN `penerbit` ON `penerbit`.`id_penerbit` = `buku`.`id_penerbit`
LEFT JOIN `buku_rak` ON `buku_rak`.`id_buku` = `buku`.`id_buku`
LEFT JOIN `rak` ON `rak`.`id_rak` = `buku_rak`.`id_rak`')
 3 SYSTEMPATH\Database\BaseBuilder.php(1649): CodeIgniter\Database\BaseConnection->query('SELECT `buku`.*, `kategori`.`nama_kategori`, `penulis`.`nama_penulis`, `penerbit`.`nama_penerbit`, `rak`.`nama_rak`, `rak`.`lokasi`
FROM `buku`
LEFT JOIN `kategori` ON `kategori`.`id_kategori` = `buku`.`id_kategori`
LEFT JOIN `penulis` ON `penulis`.`id_penulis` = `buku`.`id_penulis`
LEFT JOIN `penerbit` ON `penerbit`.`id_penerbit` = `buku`.`id_penerbit`
LEFT JOIN `buku_rak` ON `buku_rak`.`id_buku` = `buku`.`id_buku`
LEFT JOIN `rak` ON `rak`.`id_rak` = `buku_rak`.`id_rak`', [], false)
 4 APPPATH\Controllers\buku.php(41): CodeIgniter\Database\BaseBuilder->get()
 5 SYSTEMPATH\CodeIgniter.php(933): App\Controllers\Buku->index()
 6 SYSTEMPATH\CodeIgniter.php(507): CodeIgniter\CodeIgniter->runController(Object(App\Controllers\Buku))
 7 SYSTEMPATH\CodeIgniter.php(354): CodeIgniter\CodeIgniter->handleRequest(null, Object(Config\Cache), false)
 8 SYSTEMPATH\Boot.php(363): CodeIgniter\CodeIgniter->run()
 9 SYSTEMPATH\Boot.php(68): CodeIgniter\Boot::runCodeIgniter(Object(CodeIgniter\CodeIgniter))
10 FCPATH\index.php(59): CodeIgniter\Boot::bootWeb(Object(Config\Paths))
CRITICAL - 2026-04-17 07:51:56 --> [Caused by] mysqli_sql_exception: Table 'perpus.buku_rak' doesn't exist
in SYSTEMPATH\Database\MySQLi\Connection.php on line 327.
 1 SYSTEMPATH\Database\MySQLi\Connection.php(327): mysqli->query('SELECT `buku`.*, `kategori`.`nama_kategori`, `penulis`.`nama_penulis`, `penerbit`.`nama_penerbit`, `rak`.`nama_rak`, `rak`.`lokasi`
FROM `buku`
LEFT JOIN `kategori` ON `kategori`.`id_kategori` = `buku`.`id_kategori`
LEFT JOIN `penulis` ON `penulis`.`id_penulis` = `buku`.`id_penulis`
LEFT JOIN `penerbit` ON `penerbit`.`id_penerbit` = `buku`.`id_penerbit`
LEFT JOIN `buku_rak` ON `buku_rak`.`id_buku` = `buku`.`id_buku`
LEFT JOIN `rak` ON `rak`.`id_rak` = `buku_rak`.`id_rak`', 0)
 2 SYSTEMPATH\Database\BaseConnection.php(729): CodeIgniter\Database\MySQLi\Connection->execute('SELECT `buku`.*, `kategori`.`nama_kategori`, `penulis`.`nama_penulis`, `penerbit`.`nama_penerbit`, `rak`.`nama_rak`, `rak`.`lokasi`
FROM `buku`
LEFT JOIN `kategori` ON `kategori`.`id_kategori` = `buku`.`id_kategori`
LEFT JOIN `penulis` ON `penulis`.`id_penulis` = `buku`.`id_penulis`
LEFT JOIN `penerbit` ON `penerbit`.`id_penerbit` = `buku`.`id_penerbit`
LEFT JOIN `buku_rak` ON `buku_rak`.`id_buku` = `buku`.`id_buku`
LEFT JOIN `rak` ON `rak`.`id_rak` = `buku_rak`.`id_rak`')
 3 SYSTEMPATH\Database\BaseConnection.php(646): CodeIgniter\Database\BaseConnection->simpleQuery('SELECT `buku`.*, `kategori`.`nama_kategori`, `penulis`.`nama_penulis`, `penerbit`.`nama_penerbit`, `rak`.`nama_rak`, `rak`.`lokasi`
FROM `buku`
LEFT JOIN `kategori` ON `kategori`.`id_kategori` = `buku`.`id_kategori`
LEFT JOIN `penulis` ON `penulis`.`id_penulis` = `buku`.`id_penulis`
LEFT JOIN `penerbit` ON `penerbit`.`id_penerbit` = `buku`.`id_penerbit`
LEFT JOIN `buku_rak` ON `buku_rak`.`id_buku` = `buku`.`id_buku`
LEFT JOIN `rak` ON `rak`.`id_rak` = `buku_rak`.`id_rak`')
 4 SYSTEMPATH\Database\BaseBuilder.php(1649): CodeIgniter\Database\BaseConnection->query('SELECT `buku`.*, `kategori`.`nama_kategori`, `penulis`.`nama_penulis`, `penerbit`.`nama_penerbit`, `rak`.`nama_rak`, `rak`.`lokasi`
FROM `buku`
LEFT JOIN `kategori` ON `kategori`.`id_kategori` = `buku`.`id_kategori`
LEFT JOIN `penulis` ON `penulis`.`id_penulis` = `buku`.`id_penulis`
LEFT JOIN `penerbit` ON `penerbit`.`id_penerbit` = `buku`.`id_penerbit`
LEFT JOIN `buku_rak` ON `buku_rak`.`id_buku` = `buku`.`id_buku`
LEFT JOIN `rak` ON `rak`.`id_rak` = `buku_rak`.`id_rak`', [], false)
 5 APPPATH\Controllers\buku.php(41): CodeIgniter\Database\BaseBuilder->get()
 6 SYSTEMPATH\CodeIgniter.php(933): App\Controllers\Buku->index()
 7 SYSTEMPATH\CodeIgniter.php(507): CodeIgniter\CodeIgniter->runController(Object(App\Controllers\Buku))
 8 SYSTEMPATH\CodeIgniter.php(354): CodeIgniter\CodeIgniter->handleRequest(null, Object(Config\Cache), false)
 9 SYSTEMPATH\Boot.php(363): CodeIgniter\CodeIgniter->run()
10 SYSTEMPATH\Boot.php(68): CodeIgniter\Boot::runCodeIgniter(Object(CodeIgniter\CodeIgniter))
11 FCPATH\index.php(59): CodeIgniter\Boot::bootWeb(Object(Config\Paths))
ERROR - 2026-04-17 07:51:56 --> mysqli_sql_exception: Table 'perpus.buku_rak' doesn't exist in C:\xampp\htdocs\perpus\system\Database\MySQLi\Connection.php:327
Stack trace:
#0 C:\xampp\htdocs\perpus\system\Database\MySQLi\Connection.php(327): mysqli->query('SELECT `buku`.*...', 0)
#1 C:\xampp\htdocs\perpus\system\Database\BaseConnection.php(729): CodeIgniter\Database\MySQLi\Connection->execute('SELECT `buku`.*...')
#2 C:\xampp\htdocs\perpus\system\Database\BaseConnection.php(646): CodeIgniter\Database\BaseConnection->simpleQuery('SELECT `buku`.*...')
#3 C:\xampp\htdocs\perpus\system\Database\BaseBuilder.php(1649): CodeIgniter\Database\BaseConnection->query('SELECT `buku`.*...', Array, false)
#4 C:\xampp\htdocs\perpus\app\Controllers\buku.php(41): CodeIgniter\Database\BaseBuilder->get()
#5 C:\xampp\htdocs\perpus\system\CodeIgniter.php(933): App\Controllers\Buku->index()
#6 C:\xampp\htdocs\perpus\system\CodeIgniter.php(507): CodeIgniter\CodeIgniter->runController(Object(App\Controllers\Buku))
#7 C:\xampp\htdocs\perpus\system\CodeIgniter.php(354): CodeIgniter\CodeIgniter->handleRequest(NULL, Object(Config\Cache), false)
#8 C:\xampp\htdocs\perpus\system\Boot.php(363): CodeIgniter\CodeIgniter->run()
#9 C:\xampp\htdocs\perpus\system\Boot.php(68): CodeIgniter\Boot::runCodeIgniter(Object(CodeIgniter\CodeIgniter))
#10 C:\xampp\htdocs\perpus\index.php(59): CodeIgniter\Boot::bootWeb(Object(Config\Paths))
#11 {main}
CRITICAL - 2026-04-17 07:51:56 --> CodeIgniter\Database\Exceptions\DatabaseException: Table 'perpus.buku_rak' doesn't exist
[Method: GET, Route: buku]
in SYSTEMPATH\Database\BaseConnection.php on line 684.
 1 SYSTEMPATH\Database\BaseBuilder.php(1649): CodeIgniter\Database\BaseConnection->query('SELECT `buku`.*, `kategori`.`nama_kategori`, `penulis`.`nama_penulis`, `penerbit`.`nama_penerbit`, `rak`.`nama_rak`, `rak`.`lokasi`
FROM `buku`
LEFT JOIN `kategori` ON `kategori`.`id_kategori` = `buku`.`id_kategori`
LEFT JOIN `penulis` ON `penulis`.`id_penulis` = `buku`.`id_penulis`
LEFT JOIN `penerbit` ON `penerbit`.`id_penerbit` = `buku`.`id_penerbit`
LEFT JOIN `buku_rak` ON `buku_rak`.`id_buku` = `buku`.`id_buku`
LEFT JOIN `rak` ON `rak`.`id_rak` = `buku_rak`.`id_rak`', [], false)
 2 APPPATH\Controllers\buku.php(41): CodeIgniter\Database\BaseBuilder->get()
 3 SYSTEMPATH\CodeIgniter.php(933): App\Controllers\Buku->index()
 4 SYSTEMPATH\CodeIgniter.php(507): CodeIgniter\CodeIgniter->runController(Object(App\Controllers\Buku))
 5 SYSTEMPATH\CodeIgniter.php(354): CodeIgniter\CodeIgniter->handleRequest(null, Object(Config\Cache), false)
 6 SYSTEMPATH\Boot.php(363): CodeIgniter\CodeIgniter->run()
 7 SYSTEMPATH\Boot.php(68): CodeIgniter\Boot::runCodeIgniter(Object(CodeIgniter\CodeIgniter))
 8 FCPATH\index.php(59): CodeIgniter\Boot::bootWeb(Object(Config\Paths))
CRITICAL - 2026-04-17 07:51:56 --> [Caused by] CodeIgniter\Database\Exceptions\DatabaseException: Table 'perpus.buku_rak' doesn't exist
in SYSTEMPATH\Database\MySQLi\Connection.php on line 332.
 1 SYSTEMPATH\Database\BaseConnection.php(729): CodeIgniter\Database\MySQLi\Connection->execute('SELECT `buku`.*, `kategori`.`nama_kategori`, `penulis`.`nama_penulis`, `penerbit`.`nama_penerbit`, `rak`.`nama_rak`, `rak`.`lokasi`
FROM `buku`
LEFT JOIN `kategori` ON `kategori`.`id_kategori` = `buku`.`id_kategori`
LEFT JOIN `penulis` ON `penulis`.`id_penulis` = `buku`.`id_penulis`
LEFT JOIN `penerbit` ON `penerbit`.`id_penerbit` = `buku`.`id_penerbit`
LEFT JOIN `buku_rak` ON `buku_rak`.`id_buku` = `buku`.`id_buku`
LEFT JOIN `rak` ON `rak`.`id_rak` = `buku_rak`.`id_rak`')
 2 SYSTEMPATH\Database\BaseConnection.php(646): CodeIgniter\Database\BaseConnection->simpleQuery('SELECT `buku`.*, `kategori`.`nama_kategori`, `penulis`.`nama_penulis`, `penerbit`.`nama_penerbit`, `rak`.`nama_rak`, `rak`.`lokasi`
FROM `buku`
LEFT JOIN `kategori` ON `kategori`.`id_kategori` = `buku`.`id_kategori`
LEFT JOIN `penulis` ON `penulis`.`id_penulis` = `buku`.`id_penulis`
LEFT JOIN `penerbit` ON `penerbit`.`id_penerbit` = `buku`.`id_penerbit`
LEFT JOIN `buku_rak` ON `buku_rak`.`id_buku` = `buku`.`id_buku`
LEFT JOIN `rak` ON `rak`.`id_rak` = `buku_rak`.`id_rak`')
 3 SYSTEMPATH\Database\BaseBuilder.php(1649): CodeIgniter\Database\BaseConnection->query('SELECT `buku`.*, `kategori`.`nama_kategori`, `penulis`.`nama_penulis`, `penerbit`.`nama_penerbit`, `rak`.`nama_rak`, `rak`.`lokasi`
FROM `buku`
LEFT JOIN `kategori` ON `kategori`.`id_kategori` = `buku`.`id_kategori`
LEFT JOIN `penulis` ON `penulis`.`id_penulis` = `buku`.`id_penulis`
LEFT JOIN `penerbit` ON `penerbit`.`id_penerbit` = `buku`.`id_penerbit`
LEFT JOIN `buku_rak` ON `buku_rak`.`id_buku` = `buku`.`id_buku`
LEFT JOIN `rak` ON `rak`.`id_rak` = `buku_rak`.`id_rak`', [], false)
 4 APPPATH\Controllers\buku.php(41): CodeIgniter\Database\BaseBuilder->get()
 5 SYSTEMPATH\CodeIgniter.php(933): App\Controllers\Buku->index()
 6 SYSTEMPATH\CodeIgniter.php(507): CodeIgniter\CodeIgniter->runController(Object(App\Controllers\Buku))
 7 SYSTEMPATH\CodeIgniter.php(354): CodeIgniter\CodeIgniter->handleRequest(null, Object(Config\Cache), false)
 8 SYSTEMPATH\Boot.php(363): CodeIgniter\CodeIgniter->run()
 9 SYSTEMPATH\Boot.php(68): CodeIgniter\Boot::runCodeIgniter(Object(CodeIgniter\CodeIgniter))
10 FCPATH\index.php(59): CodeIgniter\Boot::bootWeb(Object(Config\Paths))
CRITICAL - 2026-04-17 07:51:56 --> [Caused by] mysqli_sql_exception: Table 'perpus.buku_rak' doesn't exist
in SYSTEMPATH\Database\MySQLi\Connection.php on line 327.
 1 SYSTEMPATH\Database\MySQLi\Connection.php(327): mysqli->query('SELECT `buku`.*, `kategori`.`nama_kategori`, `penulis`.`nama_penulis`, `penerbit`.`nama_penerbit`, `rak`.`nama_rak`, `rak`.`lokasi`
FROM `buku`
LEFT JOIN `kategori` ON `kategori`.`id_kategori` = `buku`.`id_kategori`
LEFT JOIN `penulis` ON `penulis`.`id_penulis` = `buku`.`id_penulis`
LEFT JOIN `penerbit` ON `penerbit`.`id_penerbit` = `buku`.`id_penerbit`
LEFT JOIN `buku_rak` ON `buku_rak`.`id_buku` = `buku`.`id_buku`
LEFT JOIN `rak` ON `rak`.`id_rak` = `buku_rak`.`id_rak`', 0)
 2 SYSTEMPATH\Database\BaseConnection.php(729): CodeIgniter\Database\MySQLi\Connection->execute('SELECT `buku`.*, `kategori`.`nama_kategori`, `penulis`.`nama_penulis`, `penerbit`.`nama_penerbit`, `rak`.`nama_rak`, `rak`.`lokasi`
FROM `buku`
LEFT JOIN `kategori` ON `kategori`.`id_kategori` = `buku`.`id_kategori`
LEFT JOIN `penulis` ON `penulis`.`id_penulis` = `buku`.`id_penulis`
LEFT JOIN `penerbit` ON `penerbit`.`id_penerbit` = `buku`.`id_penerbit`
LEFT JOIN `buku_rak` ON `buku_rak`.`id_buku` = `buku`.`id_buku`
LEFT JOIN `rak` ON `rak`.`id_rak` = `buku_rak`.`id_rak`')
 3 SYSTEMPATH\Database\BaseConnection.php(646): CodeIgniter\Database\BaseConnection->simpleQuery('SELECT `buku`.*, `kategori`.`nama_kategori`, `penulis`.`nama_penulis`, `penerbit`.`nama_penerbit`, `rak`.`nama_rak`, `rak`.`lokasi`
FROM `buku`
LEFT JOIN `kategori` ON `kategori`.`id_kategori` = `buku`.`id_kategori`
LEFT JOIN `penulis` ON `penulis`.`id_penulis` = `buku`.`id_penulis`
LEFT JOIN `penerbit` ON `penerbit`.`id_penerbit` = `buku`.`id_penerbit`
LEFT JOIN `buku_rak` ON `buku_rak`.`id_buku` = `buku`.`id_buku`
LEFT JOIN `rak` ON `rak`.`id_rak` = `buku_rak`.`id_rak`')
 4 SYSTEMPATH\Database\BaseBuilder.php(1649): CodeIgniter\Database\BaseConnection->query('SELECT `buku`.*, `kategori`.`nama_kategori`, `penulis`.`nama_penulis`, `penerbit`.`nama_penerbit`, `rak`.`nama_rak`, `rak`.`lokasi`
FROM `buku`
LEFT JOIN `kategori` ON `kategori`.`id_kategori` = `buku`.`id_kategori`
LEFT JOIN `penulis` ON `penulis`.`id_penulis` = `buku`.`id_penulis`
LEFT JOIN `penerbit` ON `penerbit`.`id_penerbit` = `buku`.`id_penerbit`
LEFT JOIN `buku_rak` ON `buku_rak`.`id_buku` = `buku`.`id_buku`
LEFT JOIN `rak` ON `rak`.`id_rak` = `buku_rak`.`id_rak`', [], false)
 5 APPPATH\Controllers\buku.php(41): CodeIgniter\Database\BaseBuilder->get()
 6 SYSTEMPATH\CodeIgniter.php(933): App\Controllers\Buku->index()
 7 SYSTEMPATH\CodeIgniter.php(507): CodeIgniter\CodeIgniter->runController(Object(App\Controllers\Buku))
 8 SYSTEMPATH\CodeIgniter.php(354): CodeIgniter\CodeIgniter->handleRequest(null, Object(Config\Cache), false)
 9 SYSTEMPATH\Boot.php(363): CodeIgniter\CodeIgniter->run()
10 SYSTEMPATH\Boot.php(68): CodeIgniter\Boot::runCodeIgniter(Object(CodeIgniter\CodeIgniter))
11 FCPATH\index.php(59): CodeIgniter\Boot::bootWeb(Object(Config\Paths))
ERROR - 2026-04-17 07:51:56 --> mysqli_sql_exception: Table 'perpus.buku_rak' doesn't exist in C:\xampp\htdocs\perpus\system\Database\MySQLi\Connection.php:327
Stack trace:
#0 C:\xampp\htdocs\perpus\system\Database\MySQLi\Connection.php(327): mysqli->query('SELECT `buku`.*...', 0)
#1 C:\xampp\htdocs\perpus\system\Database\BaseConnection.php(729): CodeIgniter\Database\MySQLi\Connection->execute('SELECT `buku`.*...')
#2 C:\xampp\htdocs\perpus\system\Database\BaseConnection.php(646): CodeIgniter\Database\BaseConnection->simpleQuery('SELECT `buku`.*...')
#3 C:\xampp\htdocs\perpus\system\Database\BaseBuilder.php(1649): CodeIgniter\Database\BaseConnection->query('SELECT `buku`.*...', Array, false)
#4 C:\xampp\htdocs\perpus\app\Controllers\buku.php(41): CodeIgniter\Database\BaseBuilder->get()
#5 C:\xampp\htdocs\perpus\system\CodeIgniter.php(933): App\Controllers\Buku->index()
#6 C:\xampp\htdocs\perpus\system\CodeIgniter.php(507): CodeIgniter\CodeIgniter->runController(Object(App\Controllers\Buku))
#7 C:\xampp\htdocs\perpus\system\CodeIgniter.php(354): CodeIgniter\CodeIgniter->handleRequest(NULL, Object(Config\Cache), false)
#8 C:\xampp\htdocs\perpus\system\Boot.php(363): CodeIgniter\CodeIgniter->run()
#9 C:\xampp\htdocs\perpus\system\Boot.php(68): CodeIgniter\Boot::runCodeIgniter(Object(CodeIgniter\CodeIgniter))
#10 C:\xampp\htdocs\perpus\index.php(59): CodeIgniter\Boot::bootWeb(Object(Config\Paths))
#11 {main}
CRITICAL - 2026-04-17 07:51:56 --> CodeIgniter\Database\Exceptions\DatabaseException: Table 'perpus.buku_rak' doesn't exist
[Method: GET, Route: buku]
in SYSTEMPATH\Database\BaseConnection.php on line 684.
 1 SYSTEMPATH\Database\BaseBuilder.php(1649): CodeIgniter\Database\BaseConnection->query('SELECT `buku`.*, `kategori`.`nama_kategori`, `penulis`.`nama_penulis`, `penerbit`.`nama_penerbit`, `rak`.`nama_rak`, `rak`.`lokasi`
FROM `buku`
LEFT JOIN `kategori` ON `kategori`.`id_kategori` = `buku`.`id_kategori`
LEFT JOIN `penulis` ON `penulis`.`id_penulis` = `buku`.`id_penulis`
LEFT JOIN `penerbit` ON `penerbit`.`id_penerbit` = `buku`.`id_penerbit`
LEFT JOIN `buku_rak` ON `buku_rak`.`id_buku` = `buku`.`id_buku`
LEFT JOIN `rak` ON `rak`.`id_rak` = `buku_rak`.`id_rak`', [], false)
 2 APPPATH\Controllers\buku.php(41): CodeIgniter\Database\BaseBuilder->get()
 3 SYSTEMPATH\CodeIgniter.php(933): App\Controllers\Buku->index()
 4 SYSTEMPATH\CodeIgniter.php(507): CodeIgniter\CodeIgniter->runController(Object(App\Controllers\Buku))
 5 SYSTEMPATH\CodeIgniter.php(354): CodeIgniter\CodeIgniter->handleRequest(null, Object(Config\Cache), false)
 6 SYSTEMPATH\Boot.php(363): CodeIgniter\CodeIgniter->run()
 7 SYSTEMPATH\Boot.php(68): CodeIgniter\Boot::runCodeIgniter(Object(CodeIgniter\CodeIgniter))
 8 FCPATH\index.php(59): CodeIgniter\Boot::bootWeb(Object(Config\Paths))
CRITICAL - 2026-04-17 07:51:56 --> [Caused by] CodeIgniter\Database\Exceptions\DatabaseException: Table 'perpus.buku_rak' doesn't exist
in SYSTEMPATH\Database\MySQLi\Connection.php on line 332.
 1 SYSTEMPATH\Database\BaseConnection.php(729): CodeIgniter\Database\MySQLi\Connection->execute('SELECT `buku`.*, `kategori`.`nama_kategori`, `penulis`.`nama_penulis`, `penerbit`.`nama_penerbit`, `rak`.`nama_rak`, `rak`.`lokasi`
FROM `buku`
LEFT JOIN `kategori` ON `kategori`.`id_kategori` = `buku`.`id_kategori`
LEFT JOIN `penulis` ON `penulis`.`id_penulis` = `buku`.`id_penulis`
LEFT JOIN `penerbit` ON `penerbit`.`id_penerbit` = `buku`.`id_penerbit`
LEFT JOIN `buku_rak` ON `buku_rak`.`id_buku` = `buku`.`id_buku`
LEFT JOIN `rak` ON `rak`.`id_rak` = `buku_rak`.`id_rak`')
 2 SYSTEMPATH\Database\BaseConnection.php(646): CodeIgniter\Database\BaseConnection->simpleQuery('SELECT `buku`.*, `kategori`.`nama_kategori`, `penulis`.`nama_penulis`, `penerbit`.`nama_penerbit`, `rak`.`nama_rak`, `rak`.`lokasi`
FROM `buku`
LEFT JOIN `kategori` ON `kategori`.`id_kategori` = `buku`.`id_kategori`
LEFT JOIN `penulis` ON `penulis`.`id_penulis` = `buku`.`id_penulis`
LEFT JOIN `penerbit` ON `penerbit`.`id_penerbit` = `buku`.`id_penerbit`
LEFT JOIN `buku_rak` ON `buku_rak`.`id_buku` = `buku`.`id_buku`
LEFT JOIN `rak` ON `rak`.`id_rak` = `buku_rak`.`id_rak`')
 3 SYSTEMPATH\Database\BaseBuilder.php(1649): CodeIgniter\Database\BaseConnection->query('SELECT `buku`.*, `kategori`.`nama_kategori`, `penulis`.`nama_penulis`, `penerbit`.`nama_penerbit`, `rak`.`nama_rak`, `rak`.`lokasi`
FROM `buku`
LEFT JOIN `kategori` ON `kategori`.`id_kategori` = `buku`.`id_kategori`
LEFT JOIN `penulis` ON `penulis`.`id_penulis` = `buku`.`id_penulis`
LEFT JOIN `penerbit` ON `penerbit`.`id_penerbit` = `buku`.`id_penerbit`
LEFT JOIN `buku_rak` ON `buku_rak`.`id_buku` = `buku`.`id_buku`
LEFT JOIN `rak` ON `rak`.`id_rak` = `buku_rak`.`id_rak`', [], false)
 4 APPPATH\Controllers\buku.php(41): CodeIgniter\Database\BaseBuilder->get()
 5 SYSTEMPATH\CodeIgniter.php(933): App\Controllers\Buku->index()
 6 SYSTEMPATH\CodeIgniter.php(507): CodeIgniter\CodeIgniter->runController(Object(App\Controllers\Buku))
 7 SYSTEMPATH\CodeIgniter.php(354): CodeIgniter\CodeIgniter->handleRequest(null, Object(Config\Cache), false)
 8 SYSTEMPATH\Boot.php(363): CodeIgniter\CodeIgniter->run()
 9 SYSTEMPATH\Boot.php(68): CodeIgniter\Boot::runCodeIgniter(Object(CodeIgniter\CodeIgniter))
10 FCPATH\index.php(59): CodeIgniter\Boot::bootWeb(Object(Config\Paths))
CRITICAL - 2026-04-17 07:51:56 --> [Caused by] mysqli_sql_exception: Table 'perpus.buku_rak' doesn't exist
in SYSTEMPATH\Database\MySQLi\Connection.php on line 327.
 1 SYSTEMPATH\Database\MySQLi\Connection.php(327): mysqli->query('SELECT `buku`.*, `kategori`.`nama_kategori`, `penulis`.`nama_penulis`, `penerbit`.`nama_penerbit`, `rak`.`nama_rak`, `rak`.`lokasi`
FROM `buku`
LEFT JOIN `kategori` ON `kategori`.`id_kategori` = `buku`.`id_kategori`
LEFT JOIN `penulis` ON `penulis`.`id_penulis` = `buku`.`id_penulis`
LEFT JOIN `penerbit` ON `penerbit`.`id_penerbit` = `buku`.`id_penerbit`
LEFT JOIN `buku_rak` ON `buku_rak`.`id_buku` = `buku`.`id_buku`
LEFT JOIN `rak` ON `rak`.`id_rak` = `buku_rak`.`id_rak`', 0)
 2 SYSTEMPATH\Database\BaseConnection.php(729): CodeIgniter\Database\MySQLi\Connection->execute('SELECT `buku`.*, `kategori`.`nama_kategori`, `penulis`.`nama_penulis`, `penerbit`.`nama_penerbit`, `rak`.`nama_rak`, `rak`.`lokasi`
FROM `buku`
LEFT JOIN `kategori` ON `kategori`.`id_kategori` = `buku`.`id_kategori`
LEFT JOIN `penulis` ON `penulis`.`id_penulis` = `buku`.`id_penulis`
LEFT JOIN `penerbit` ON `penerbit`.`id_penerbit` = `buku`.`id_penerbit`
LEFT JOIN `buku_rak` ON `buku_rak`.`id_buku` = `buku`.`id_buku`
LEFT JOIN `rak` ON `rak`.`id_rak` = `buku_rak`.`id_rak`')
 3 SYSTEMPATH\Database\BaseConnection.php(646): CodeIgniter\Database\BaseConnection->simpleQuery('SELECT `buku`.*, `kategori`.`nama_kategori`, `penulis`.`nama_penulis`, `penerbit`.`nama_penerbit`, `rak`.`nama_rak`, `rak`.`lokasi`
FROM `buku`
LEFT JOIN `kategori` ON `kategori`.`id_kategori` = `buku`.`id_kategori`
LEFT JOIN `penulis` ON `penulis`.`id_penulis` = `buku`.`id_penulis`
LEFT JOIN `penerbit` ON `penerbit`.`id_penerbit` = `buku`.`id_penerbit`
LEFT JOIN `buku_rak` ON `buku_rak`.`id_buku` = `buku`.`id_buku`
LEFT JOIN `rak` ON `rak`.`id_rak` = `buku_rak`.`id_rak`')
 4 SYSTEMPATH\Database\BaseBuilder.php(1649): CodeIgniter\Database\BaseConnection->query('SELECT `buku`.*, `kategori`.`nama_kategori`, `penulis`.`nama_penulis`, `penerbit`.`nama_penerbit`, `rak`.`nama_rak`, `rak`.`lokasi`
FROM `buku`
LEFT JOIN `kategori` ON `kategori`.`id_kategori` = `buku`.`id_kategori`
LEFT JOIN `penulis` ON `penulis`.`id_penulis` = `buku`.`id_penulis`
LEFT JOIN `penerbit` ON `penerbit`.`id_penerbit` = `buku`.`id_penerbit`
LEFT JOIN `buku_rak` ON `buku_rak`.`id_buku` = `buku`.`id_buku`
LEFT JOIN `rak` ON `rak`.`id_rak` = `buku_rak`.`id_rak`', [], false)
 5 APPPATH\Controllers\buku.php(41): CodeIgniter\Database\BaseBuilder->get()
 6 SYSTEMPATH\CodeIgniter.php(933): App\Controllers\Buku->index()
 7 SYSTEMPATH\CodeIgniter.php(507): CodeIgniter\CodeIgniter->runController(Object(App\Controllers\Buku))
 8 SYSTEMPATH\CodeIgniter.php(354): CodeIgniter\CodeIgniter->handleRequest(null, Object(Config\Cache), false)
 9 SYSTEMPATH\Boot.php(363): CodeIgniter\CodeIgniter->run()
10 SYSTEMPATH\Boot.php(68): CodeIgniter\Boot::runCodeIgniter(Object(CodeIgniter\CodeIgniter))
11 FCPATH\index.php(59): CodeIgniter\Boot::bootWeb(Object(Config\Paths))
ERROR - 2026-04-17 07:51:57 --> mysqli_sql_exception: Table 'perpus.buku_rak' doesn't exist in C:\xampp\htdocs\perpus\system\Database\MySQLi\Connection.php:327
Stack trace:
#0 C:\xampp\htdocs\perpus\system\Database\MySQLi\Connection.php(327): mysqli->query('SELECT `buku`.*...', 0)
#1 C:\xampp\htdocs\perpus\system\Database\BaseConnection.php(729): CodeIgniter\Database\MySQLi\Connection->execute('SELECT `buku`.*...')
#2 C:\xampp\htdocs\perpus\system\Database\BaseConnection.php(646): CodeIgniter\Database\BaseConnection->simpleQuery('SELECT `buku`.*...')
#3 C:\xampp\htdocs\perpus\system\Database\BaseBuilder.php(1649): CodeIgniter\Database\BaseConnection->query('SELECT `buku`.*...', Array, false)
#4 C:\xampp\htdocs\perpus\app\Controllers\buku.php(41): CodeIgniter\Database\BaseBuilder->get()
#5 C:\xampp\htdocs\perpus\system\CodeIgniter.php(933): App\Controllers\Buku->index()
#6 C:\xampp\htdocs\perpus\system\CodeIgniter.php(507): CodeIgniter\CodeIgniter->runController(Object(App\Controllers\Buku))
#7 C:\xampp\htdocs\perpus\system\CodeIgniter.php(354): CodeIgniter\CodeIgniter->handleRequest(NULL, Object(Config\Cache), false)
#8 C:\xampp\htdocs\perpus\system\Boot.php(363): CodeIgniter\CodeIgniter->run()
#9 C:\xampp\htdocs\perpus\system\Boot.php(68): CodeIgniter\Boot::runCodeIgniter(Object(CodeIgniter\CodeIgniter))
#10 C:\xampp\htdocs\perpus\index.php(59): CodeIgniter\Boot::bootWeb(Object(Config\Paths))
#11 {main}
CRITICAL - 2026-04-17 07:51:57 --> CodeIgniter\Database\Exceptions\DatabaseException: Table 'perpus.buku_rak' doesn't exist
[Method: GET, Route: buku]
in SYSTEMPATH\Database\BaseConnection.php on line 684.
 1 SYSTEMPATH\Database\BaseBuilder.php(1649): CodeIgniter\Database\BaseConnection->query('SELECT `buku`.*, `kategori`.`nama_kategori`, `penulis`.`nama_penulis`, `penerbit`.`nama_penerbit`, `rak`.`nama_rak`, `rak`.`lokasi`
FROM `buku`
LEFT JOIN `kategori` ON `kategori`.`id_kategori` = `buku`.`id_kategori`
LEFT JOIN `penulis` ON `penulis`.`id_penulis` = `buku`.`id_penulis`
LEFT JOIN `penerbit` ON `penerbit`.`id_penerbit` = `buku`.`id_penerbit`
LEFT JOIN `buku_rak` ON `buku_rak`.`id_buku` = `buku`.`id_buku`
LEFT JOIN `rak` ON `rak`.`id_rak` = `buku_rak`.`id_rak`', [], false)
 2 APPPATH\Controllers\buku.php(41): CodeIgniter\Database\BaseBuilder->get()
 3 SYSTEMPATH\CodeIgniter.php(933): App\Controllers\Buku->index()
 4 SYSTEMPATH\CodeIgniter.php(507): CodeIgniter\CodeIgniter->runController(Object(App\Controllers\Buku))
 5 SYSTEMPATH\CodeIgniter.php(354): CodeIgniter\CodeIgniter->handleRequest(null, Object(Config\Cache), false)
 6 SYSTEMPATH\Boot.php(363): CodeIgniter\CodeIgniter->run()
 7 SYSTEMPATH\Boot.php(68): CodeIgniter\Boot::runCodeIgniter(Object(CodeIgniter\CodeIgniter))
 8 FCPATH\index.php(59): CodeIgniter\Boot::bootWeb(Object(Config\Paths))
CRITICAL - 2026-04-17 07:51:57 --> [Caused by] CodeIgniter\Database\Exceptions\DatabaseException: Table 'perpus.buku_rak' doesn't exist
in SYSTEMPATH\Database\MySQLi\Connection.php on line 332.
 1 SYSTEMPATH\Database\BaseConnection.php(729): CodeIgniter\Database\MySQLi\Connection->execute('SELECT `buku`.*, `kategori`.`nama_kategori`, `penulis`.`nama_penulis`, `penerbit`.`nama_penerbit`, `rak`.`nama_rak`, `rak`.`lokasi`
FROM `buku`
LEFT JOIN `kategori` ON `kategori`.`id_kategori` = `buku`.`id_kategori`
LEFT JOIN `penulis` ON `penulis`.`id_penulis` = `buku`.`id_penulis`
LEFT JOIN `penerbit` ON `penerbit`.`id_penerbit` = `buku`.`id_penerbit`
LEFT JOIN `buku_rak` ON `buku_rak`.`id_buku` = `buku`.`id_buku`
LEFT JOIN `rak` ON `rak`.`id_rak` = `buku_rak`.`id_rak`')
 2 SYSTEMPATH\Database\BaseConnection.php(646): CodeIgniter\Database\BaseConnection->simpleQuery('SELECT `buku`.*, `kategori`.`nama_kategori`, `penulis`.`nama_penulis`, `penerbit`.`nama_penerbit`, `rak`.`nama_rak`, `rak`.`lokasi`
FROM `buku`
LEFT JOIN `kategori` ON `kategori`.`id_kategori` = `buku`.`id_kategori`
LEFT JOIN `penulis` ON `penulis`.`id_penulis` = `buku`.`id_penulis`
LEFT JOIN `penerbit` ON `penerbit`.`id_penerbit` = `buku`.`id_penerbit`
LEFT JOIN `buku_rak` ON `buku_rak`.`id_buku` = `buku`.`id_buku`
LEFT JOIN `rak` ON `rak`.`id_rak` = `buku_rak`.`id_rak`')
 3 SYSTEMPATH\Database\BaseBuilder.php(1649): CodeIgniter\Database\BaseConnection->query('SELECT `buku`.*, `kategori`.`nama_kategori`, `penulis`.`nama_penulis`, `penerbit`.`nama_penerbit`, `rak`.`nama_rak`, `rak`.`lokasi`
FROM `buku`
LEFT JOIN `kategori` ON `kategori`.`id_kategori` = `buku`.`id_kategori`
LEFT JOIN `penulis` ON `penulis`.`id_penulis` = `buku`.`id_penulis`
LEFT JOIN `penerbit` ON `penerbit`.`id_penerbit` = `buku`.`id_penerbit`
LEFT JOIN `buku_rak` ON `buku_rak`.`id_buku` = `buku`.`id_buku`
LEFT JOIN `rak` ON `rak`.`id_rak` = `buku_rak`.`id_rak`', [], false)
 4 APPPATH\Controllers\buku.php(41): CodeIgniter\Database\BaseBuilder->get()
 5 SYSTEMPATH\CodeIgniter.php(933): App\Controllers\Buku->index()
 6 SYSTEMPATH\CodeIgniter.php(507): CodeIgniter\CodeIgniter->runController(Object(App\Controllers\Buku))
 7 SYSTEMPATH\CodeIgniter.php(354): CodeIgniter\CodeIgniter->handleRequest(null, Object(Config\Cache), false)
 8 SYSTEMPATH\Boot.php(363): CodeIgniter\CodeIgniter->run()
 9 SYSTEMPATH\Boot.php(68): CodeIgniter\Boot::runCodeIgniter(Object(CodeIgniter\CodeIgniter))
10 FCPATH\index.php(59): CodeIgniter\Boot::bootWeb(Object(Config\Paths))
CRITICAL - 2026-04-17 07:51:57 --> [Caused by] mysqli_sql_exception: Table 'perpus.buku_rak' doesn't exist
in SYSTEMPATH\Database\MySQLi\Connection.php on line 327.
 1 SYSTEMPATH\Database\MySQLi\Connection.php(327): mysqli->query('SELECT `buku`.*, `kategori`.`nama_kategori`, `penulis`.`nama_penulis`, `penerbit`.`nama_penerbit`, `rak`.`nama_rak`, `rak`.`lokasi`
FROM `buku`
LEFT JOIN `kategori` ON `kategori`.`id_kategori` = `buku`.`id_kategori`
LEFT JOIN `penulis` ON `penulis`.`id_penulis` = `buku`.`id_penulis`
LEFT JOIN `penerbit` ON `penerbit`.`id_penerbit` = `buku`.`id_penerbit`
LEFT JOIN `buku_rak` ON `buku_rak`.`id_buku` = `buku`.`id_buku`
LEFT JOIN `rak` ON `rak`.`id_rak` = `buku_rak`.`id_rak`', 0)
 2 SYSTEMPATH\Database\BaseConnection.php(729): CodeIgniter\Database\MySQLi\Connection->execute('SELECT `buku`.*, `kategori`.`nama_kategori`, `penulis`.`nama_penulis`, `penerbit`.`nama_penerbit`, `rak`.`nama_rak`, `rak`.`lokasi`
FROM `buku`
LEFT JOIN `kategori` ON `kategori`.`id_kategori` = `buku`.`id_kategori`
LEFT JOIN `penulis` ON `penulis`.`id_penulis` = `buku`.`id_penulis`
LEFT JOIN `penerbit` ON `penerbit`.`id_penerbit` = `buku`.`id_penerbit`
LEFT JOIN `buku_rak` ON `buku_rak`.`id_buku` = `buku`.`id_buku`
LEFT JOIN `rak` ON `rak`.`id_rak` = `buku_rak`.`id_rak`')
 3 SYSTEMPATH\Database\BaseConnection.php(646): CodeIgniter\Database\BaseConnection->simpleQuery('SELECT `buku`.*, `kategori`.`nama_kategori`, `penulis`.`nama_penulis`, `penerbit`.`nama_penerbit`, `rak`.`nama_rak`, `rak`.`lokasi`
FROM `buku`
LEFT JOIN `kategori` ON `kategori`.`id_kategori` = `buku`.`id_kategori`
LEFT JOIN `penulis` ON `penulis`.`id_penulis` = `buku`.`id_penulis`
LEFT JOIN `penerbit` ON `penerbit`.`id_penerbit` = `buku`.`id_penerbit`
LEFT JOIN `buku_rak` ON `buku_rak`.`id_buku` = `buku`.`id_buku`
LEFT JOIN `rak` ON `rak`.`id_rak` = `buku_rak`.`id_rak`')
 4 SYSTEMPATH\Database\BaseBuilder.php(1649): CodeIgniter\Database\BaseConnection->query('SELECT `buku`.*, `kategori`.`nama_kategori`, `penulis`.`nama_penulis`, `penerbit`.`nama_penerbit`, `rak`.`nama_rak`, `rak`.`lokasi`
FROM `buku`
LEFT JOIN `kategori` ON `kategori`.`id_kategori` = `buku`.`id_kategori`
LEFT JOIN `penulis` ON `penulis`.`id_penulis` = `buku`.`id_penulis`
LEFT JOIN `penerbit` ON `penerbit`.`id_penerbit` = `buku`.`id_penerbit`
LEFT JOIN `buku_rak` ON `buku_rak`.`id_buku` = `buku`.`id_buku`
LEFT JOIN `rak` ON `rak`.`id_rak` = `buku_rak`.`id_rak`', [], false)
 5 APPPATH\Controllers\buku.php(41): CodeIgniter\Database\BaseBuilder->get()
 6 SYSTEMPATH\CodeIgniter.php(933): App\Controllers\Buku->index()
 7 SYSTEMPATH\CodeIgniter.php(507): CodeIgniter\CodeIgniter->runController(Object(App\Controllers\Buku))
 8 SYSTEMPATH\CodeIgniter.php(354): CodeIgniter\CodeIgniter->handleRequest(null, Object(Config\Cache), false)
 9 SYSTEMPATH\Boot.php(363): CodeIgniter\CodeIgniter->run()
10 SYSTEMPATH\Boot.php(68): CodeIgniter\Boot::runCodeIgniter(Object(CodeIgniter\CodeIgniter))
11 FCPATH\index.php(59): CodeIgniter\Boot::bootWeb(Object(Config\Paths))
ERROR - 2026-04-17 07:52:51 --> mysqli_sql_exception: Table 'perpus.buku_rak' doesn't exist in C:\xampp\htdocs\perpus\system\Database\MySQLi\Connection.php:327
Stack trace:
#0 C:\xampp\htdocs\perpus\system\Database\MySQLi\Connection.php(327): mysqli->query('SELECT `buku`.*...', 0)
#1 C:\xampp\htdocs\perpus\system\Database\BaseConnection.php(729): CodeIgniter\Database\MySQLi\Connection->execute('SELECT `buku`.*...')
#2 C:\xampp\htdocs\perpus\system\Database\BaseConnection.php(646): CodeIgniter\Database\BaseConnection->simpleQuery('SELECT `buku`.*...')
#3 C:\xampp\htdocs\perpus\system\Database\BaseBuilder.php(1649): CodeIgniter\Database\BaseConnection->query('SELECT `buku`.*...', Array, false)
#4 C:\xampp\htdocs\perpus\app\Controllers\buku.php(41): CodeIgniter\Database\BaseBuilder->get()
#5 C:\xampp\htdocs\perpus\system\CodeIgniter.php(933): App\Controllers\Buku->index()
#6 C:\xampp\htdocs\perpus\system\CodeIgniter.php(507): CodeIgniter\CodeIgniter->runController(Object(App\Controllers\Buku))
#7 C:\xampp\htdocs\perpus\system\CodeIgniter.php(354): CodeIgniter\CodeIgniter->handleRequest(NULL, Object(Config\Cache), false)
#8 C:\xampp\htdocs\perpus\system\Boot.php(363): CodeIgniter\CodeIgniter->run()
#9 C:\xampp\htdocs\perpus\system\Boot.php(68): CodeIgniter\Boot::runCodeIgniter(Object(CodeIgniter\CodeIgniter))
#10 C:\xampp\htdocs\perpus\public\index.php(59): CodeIgniter\Boot::bootWeb(Object(Config\Paths))
#11 {main}
CRITICAL - 2026-04-17 07:52:51 --> CodeIgniter\Database\Exceptions\DatabaseException: Table 'perpus.buku_rak' doesn't exist
[Method: GET, Route: buku]
in SYSTEMPATH\Database\BaseConnection.php on line 684.
 1 SYSTEMPATH\Database\BaseBuilder.php(1649): CodeIgniter\Database\BaseConnection->query('SELECT `buku`.*, `kategori`.`nama_kategori`, `penulis`.`nama_penulis`, `penerbit`.`nama_penerbit`, `rak`.`nama_rak`, `rak`.`lokasi`
FROM `buku`
LEFT JOIN `kategori` ON `kategori`.`id_kategori` = `buku`.`id_kategori`
LEFT JOIN `penulis` ON `penulis`.`id_penulis` = `buku`.`id_penulis`
LEFT JOIN `penerbit` ON `penerbit`.`id_penerbit` = `buku`.`id_penerbit`
LEFT JOIN `buku_rak` ON `buku_rak`.`id_buku` = `buku`.`id_buku`
LEFT JOIN `rak` ON `rak`.`id_rak` = `buku_rak`.`id_rak`', [], false)
 2 APPPATH\Controllers\buku.php(41): CodeIgniter\Database\BaseBuilder->get()
 3 SYSTEMPATH\CodeIgniter.php(933): App\Controllers\Buku->index()
 4 SYSTEMPATH\CodeIgniter.php(507): CodeIgniter\CodeIgniter->runController(Object(App\Controllers\Buku))
 5 SYSTEMPATH\CodeIgniter.php(354): CodeIgniter\CodeIgniter->handleRequest(null, Object(Config\Cache), false)
 6 SYSTEMPATH\Boot.php(363): CodeIgniter\CodeIgniter->run()
 7 SYSTEMPATH\Boot.php(68): CodeIgniter\Boot::runCodeIgniter(Object(CodeIgniter\CodeIgniter))
 8 FCPATH\index.php(59): CodeIgniter\Boot::bootWeb(Object(Config\Paths))
CRITICAL - 2026-04-17 07:52:51 --> [Caused by] CodeIgniter\Database\Exceptions\DatabaseException: Table 'perpus.buku_rak' doesn't exist
in SYSTEMPATH\Database\MySQLi\Connection.php on line 332.
 1 SYSTEMPATH\Database\BaseConnection.php(729): CodeIgniter\Database\MySQLi\Connection->execute('SELECT `buku`.*, `kategori`.`nama_kategori`, `penulis`.`nama_penulis`, `penerbit`.`nama_penerbit`, `rak`.`nama_rak`, `rak`.`lokasi`
FROM `buku`
LEFT JOIN `kategori` ON `kategori`.`id_kategori` = `buku`.`id_kategori`
LEFT JOIN `penulis` ON `penulis`.`id_penulis` = `buku`.`id_penulis`
LEFT JOIN `penerbit` ON `penerbit`.`id_penerbit` = `buku`.`id_penerbit`
LEFT JOIN `buku_rak` ON `buku_rak`.`id_buku` = `buku`.`id_buku`
LEFT JOIN `rak` ON `rak`.`id_rak` = `buku_rak`.`id_rak`')
 2 SYSTEMPATH\Database\BaseConnection.php(646): CodeIgniter\Database\BaseConnection->simpleQuery('SELECT `buku`.*, `kategori`.`nama_kategori`, `penulis`.`nama_penulis`, `penerbit`.`nama_penerbit`, `rak`.`nama_rak`, `rak`.`lokasi`
FROM `buku`
LEFT JOIN `kategori` ON `kategori`.`id_kategori` = `buku`.`id_kategori`
LEFT JOIN `penulis` ON `penulis`.`id_penulis` = `buku`.`id_penulis`
LEFT JOIN `penerbit` ON `penerbit`.`id_penerbit` = `buku`.`id_penerbit`
LEFT JOIN `buku_rak` ON `buku_rak`.`id_buku` = `buku`.`id_buku`
LEFT JOIN `rak` ON `rak`.`id_rak` = `buku_rak`.`id_rak`')
 3 SYSTEMPATH\Database\BaseBuilder.php(1649): CodeIgniter\Database\BaseConnection->query('SELECT `buku`.*, `kategori`.`nama_kategori`, `penulis`.`nama_penulis`, `penerbit`.`nama_penerbit`, `rak`.`nama_rak`, `rak`.`lokasi`
FROM `buku`
LEFT JOIN `kategori` ON `kategori`.`id_kategori` = `buku`.`id_kategori`
LEFT JOIN `penulis` ON `penulis`.`id_penulis` = `buku`.`id_penulis`
LEFT JOIN `penerbit` ON `penerbit`.`id_penerbit` = `buku`.`id_penerbit`
LEFT JOIN `buku_rak` ON `buku_rak`.`id_buku` = `buku`.`id_buku`
LEFT JOIN `rak` ON `rak`.`id_rak` = `buku_rak`.`id_rak`', [], false)
 4 APPPATH\Controllers\buku.php(41): CodeIgniter\Database\BaseBuilder->get()
 5 SYSTEMPATH\CodeIgniter.php(933): App\Controllers\Buku->index()
 6 SYSTEMPATH\CodeIgniter.php(507): CodeIgniter\CodeIgniter->runController(Object(App\Controllers\Buku))
 7 SYSTEMPATH\CodeIgniter.php(354): CodeIgniter\CodeIgniter->handleRequest(null, Object(Config\Cache), false)
 8 SYSTEMPATH\Boot.php(363): CodeIgniter\CodeIgniter->run()
 9 SYSTEMPATH\Boot.php(68): CodeIgniter\Boot::runCodeIgniter(Object(CodeIgniter\CodeIgniter))
10 FCPATH\index.php(59): CodeIgniter\Boot::bootWeb(Object(Config\Paths))
CRITICAL - 2026-04-17 07:52:51 --> [Caused by] mysqli_sql_exception: Table 'perpus.buku_rak' doesn't exist
in SYSTEMPATH\Database\MySQLi\Connection.php on line 327.
 1 SYSTEMPATH\Database\MySQLi\Connection.php(327): mysqli->query('SELECT `buku`.*, `kategori`.`nama_kategori`, `penulis`.`nama_penulis`, `penerbit`.`nama_penerbit`, `rak`.`nama_rak`, `rak`.`lokasi`
FROM `buku`
LEFT JOIN `kategori` ON `kategori`.`id_kategori` = `buku`.`id_kategori`
LEFT JOIN `penulis` ON `penulis`.`id_penulis` = `buku`.`id_penulis`
LEFT JOIN `penerbit` ON `penerbit`.`id_penerbit` = `buku`.`id_penerbit`
LEFT JOIN `buku_rak` ON `buku_rak`.`id_buku` = `buku`.`id_buku`
LEFT JOIN `rak` ON `rak`.`id_rak` = `buku_rak`.`id_rak`', 0)
 2 SYSTEMPATH\Database\BaseConnection.php(729): CodeIgniter\Database\MySQLi\Connection->execute('SELECT `buku`.*, `kategori`.`nama_kategori`, `penulis`.`nama_penulis`, `penerbit`.`nama_penerbit`, `rak`.`nama_rak`, `rak`.`lokasi`
FROM `buku`
LEFT JOIN `kategori` ON `kategori`.`id_kategori` = `buku`.`id_kategori`
LEFT JOIN `penulis` ON `penulis`.`id_penulis` = `buku`.`id_penulis`
LEFT JOIN `penerbit` ON `penerbit`.`id_penerbit` = `buku`.`id_penerbit`
LEFT JOIN `buku_rak` ON `buku_rak`.`id_buku` = `buku`.`id_buku`
LEFT JOIN `rak` ON `rak`.`id_rak` = `buku_rak`.`id_rak`')
 3 SYSTEMPATH\Database\BaseConnection.php(646): CodeIgniter\Database\BaseConnection->simpleQuery('SELECT `buku`.*, `kategori`.`nama_kategori`, `penulis`.`nama_penulis`, `penerbit`.`nama_penerbit`, `rak`.`nama_rak`, `rak`.`lokasi`
FROM `buku`
LEFT JOIN `kategori` ON `kategori`.`id_kategori` = `buku`.`id_kategori`
LEFT JOIN `penulis` ON `penulis`.`id_penulis` = `buku`.`id_penulis`
LEFT JOIN `penerbit` ON `penerbit`.`id_penerbit` = `buku`.`id_penerbit`
LEFT JOIN `buku_rak` ON `buku_rak`.`id_buku` = `buku`.`id_buku`
LEFT JOIN `rak` ON `rak`.`id_rak` = `buku_rak`.`id_rak`')
 4 SYSTEMPATH\Database\BaseBuilder.php(1649): CodeIgniter\Database\BaseConnection->query('SELECT `buku`.*, `kategori`.`nama_kategori`, `penulis`.`nama_penulis`, `penerbit`.`nama_penerbit`, `rak`.`nama_rak`, `rak`.`lokasi`
FROM `buku`
LEFT JOIN `kategori` ON `kategori`.`id_kategori` = `buku`.`id_kategori`
LEFT JOIN `penulis` ON `penulis`.`id_penulis` = `buku`.`id_penulis`
LEFT JOIN `penerbit` ON `penerbit`.`id_penerbit` = `buku`.`id_penerbit`
LEFT JOIN `buku_rak` ON `buku_rak`.`id_buku` = `buku`.`id_buku`
LEFT JOIN `rak` ON `rak`.`id_rak` = `buku_rak`.`id_rak`', [], false)
 5 APPPATH\Controllers\buku.php(41): CodeIgniter\Database\BaseBuilder->get()
 6 SYSTEMPATH\CodeIgniter.php(933): App\Controllers\Buku->index()
 7 SYSTEMPATH\CodeIgniter.php(507): CodeIgniter\CodeIgniter->runController(Object(App\Controllers\Buku))
 8 SYSTEMPATH\CodeIgniter.php(354): CodeIgniter\CodeIgniter->handleRequest(null, Object(Config\Cache), false)
 9 SYSTEMPATH\Boot.php(363): CodeIgniter\CodeIgniter->run()
10 SYSTEMPATH\Boot.php(68): CodeIgniter\Boot::runCodeIgniter(Object(CodeIgniter\CodeIgniter))
11 FCPATH\index.php(59): CodeIgniter\Boot::bootWeb(Object(Config\Paths))
ERROR - 2026-04-17 07:54:49 --> mysqli_sql_exception: Unknown column 'buku_rak.id_buku' in 'on clause' in C:\xampp\htdocs\perpus\system\Database\MySQLi\Connection.php:327
Stack trace:
#0 C:\xampp\htdocs\perpus\system\Database\MySQLi\Connection.php(327): mysqli->query('SELECT `buku`.*...', 0)
#1 C:\xampp\htdocs\perpus\system\Database\BaseConnection.php(729): CodeIgniter\Database\MySQLi\Connection->execute('SELECT `buku`.*...')
#2 C:\xampp\htdocs\perpus\system\Database\BaseConnection.php(646): CodeIgniter\Database\BaseConnection->simpleQuery('SELECT `buku`.*...')
#3 C:\xampp\htdocs\perpus\system\Database\BaseBuilder.php(1649): CodeIgniter\Database\BaseConnection->query('SELECT `buku`.*...', Array, false)
#4 C:\xampp\htdocs\perpus\app\Controllers\buku.php(41): CodeIgniter\Database\BaseBuilder->get()
#5 C:\xampp\htdocs\perpus\system\CodeIgniter.php(933): App\Controllers\Buku->index()
#6 C:\xampp\htdocs\perpus\system\CodeIgniter.php(507): CodeIgniter\CodeIgniter->runController(Object(App\Controllers\Buku))
#7 C:\xampp\htdocs\perpus\system\CodeIgniter.php(354): CodeIgniter\CodeIgniter->handleRequest(NULL, Object(Config\Cache), false)
#8 C:\xampp\htdocs\perpus\system\Boot.php(363): CodeIgniter\CodeIgniter->run()
#9 C:\xampp\htdocs\perpus\system\Boot.php(68): CodeIgniter\Boot::runCodeIgniter(Object(CodeIgniter\CodeIgniter))
#10 C:\xampp\htdocs\perpus\public\index.php(59): CodeIgniter\Boot::bootWeb(Object(Config\Paths))
#11 {main}
CRITICAL - 2026-04-17 07:54:49 --> CodeIgniter\Database\Exceptions\DatabaseException: Unknown column 'buku_rak.id_buku' in 'on clause'
[Method: GET, Route: buku]
in SYSTEMPATH\Database\BaseConnection.php on line 684.
 1 SYSTEMPATH\Database\BaseBuilder.php(1649): CodeIgniter\Database\BaseConnection->query('SELECT `buku`.*, `kategori`.`nama_kategori`, `penulis`.`nama_penulis`, `penerbit`.`nama_penerbit`, `rak`.`nama_rak`, `rak`.`lokasi`
FROM `buku`
LEFT JOIN `kategori` ON `kategori`.`id_kategori` = `buku`.`id_kategori`
LEFT JOIN `penulis` ON `penulis`.`id_penulis` = `buku`.`id_penulis`
LEFT JOIN `penerbit` ON `penerbit`.`id_penerbit` = `buku`.`id_penerbit`
LEFT JOIN `buku_rak` ON `buku_rak`.`id_buku` = `buku`.`id_buku`
LEFT JOIN `rak` ON `rak`.`id_rak` = `buku_rak`.`id_rak`', [], false)
 2 APPPATH\Controllers\buku.php(41): CodeIgniter\Database\BaseBuilder->get()
 3 SYSTEMPATH\CodeIgniter.php(933): App\Controllers\Buku->index()
 4 SYSTEMPATH\CodeIgniter.php(507): CodeIgniter\CodeIgniter->runController(Object(App\Controllers\Buku))
 5 SYSTEMPATH\CodeIgniter.php(354): CodeIgniter\CodeIgniter->handleRequest(null, Object(Config\Cache), false)
 6 SYSTEMPATH\Boot.php(363): CodeIgniter\CodeIgniter->run()
 7 SYSTEMPATH\Boot.php(68): CodeIgniter\Boot::runCodeIgniter(Object(CodeIgniter\CodeIgniter))
 8 FCPATH\index.php(59): CodeIgniter\Boot::bootWeb(Object(Config\Paths))
CRITICAL - 2026-04-17 07:54:49 --> [Caused by] CodeIgniter\Database\Exceptions\DatabaseException: Unknown column 'buku_rak.id_buku' in 'on clause'
in SYSTEMPATH\Database\MySQLi\Connection.php on line 332.
 1 SYSTEMPATH\Database\BaseConnection.php(729): CodeIgniter\Database\MySQLi\Connection->execute('SELECT `buku`.*, `kategori`.`nama_kategori`, `penulis`.`nama_penulis`, `penerbit`.`nama_penerbit`, `rak`.`nama_rak`, `rak`.`lokasi`
FROM `buku`
LEFT JOIN `kategori` ON `kategori`.`id_kategori` = `buku`.`id_kategori`
LEFT JOIN `penulis` ON `penulis`.`id_penulis` = `buku`.`id_penulis`
LEFT JOIN `penerbit` ON `penerbit`.`id_penerbit` = `buku`.`id_penerbit`
LEFT JOIN `buku_rak` ON `buku_rak`.`id_buku` = `buku`.`id_buku`
LEFT JOIN `rak` ON `rak`.`id_rak` = `buku_rak`.`id_rak`')
 2 SYSTEMPATH\Database\BaseConnection.php(646): CodeIgniter\Database\BaseConnection->simpleQuery('SELECT `buku`.*, `kategori`.`nama_kategori`, `penulis`.`nama_penulis`, `penerbit`.`nama_penerbit`, `rak`.`nama_rak`, `rak`.`lokasi`
FROM `buku`
LEFT JOIN `kategori` ON `kategori`.`id_kategori` = `buku`.`id_kategori`
LEFT JOIN `penulis` ON `penulis`.`id_penulis` = `buku`.`id_penulis`
LEFT JOIN `penerbit` ON `penerbit`.`id_penerbit` = `buku`.`id_penerbit`
LEFT JOIN `buku_rak` ON `buku_rak`.`id_buku` = `buku`.`id_buku`
LEFT JOIN `rak` ON `rak`.`id_rak` = `buku_rak`.`id_rak`')
 3 SYSTEMPATH\Database\BaseBuilder.php(1649): CodeIgniter\Database\BaseConnection->query('SELECT `buku`.*, `kategori`.`nama_kategori`, `penulis`.`nama_penulis`, `penerbit`.`nama_penerbit`, `rak`.`nama_rak`, `rak`.`lokasi`
FROM `buku`
LEFT JOIN `kategori` ON `kategori`.`id_kategori` = `buku`.`id_kategori`
LEFT JOIN `penulis` ON `penulis`.`id_penulis` = `buku`.`id_penulis`
LEFT JOIN `penerbit` ON `penerbit`.`id_penerbit` = `buku`.`id_penerbit`
LEFT JOIN `buku_rak` ON `buku_rak`.`id_buku` = `buku`.`id_buku`
LEFT JOIN `rak` ON `rak`.`id_rak` = `buku_rak`.`id_rak`', [], false)
 4 APPPATH\Controllers\buku.php(41): CodeIgniter\Database\BaseBuilder->get()
 5 SYSTEMPATH\CodeIgniter.php(933): App\Controllers\Buku->index()
 6 SYSTEMPATH\CodeIgniter.php(507): CodeIgniter\CodeIgniter->runController(Object(App\Controllers\Buku))
 7 SYSTEMPATH\CodeIgniter.php(354): CodeIgniter\CodeIgniter->handleRequest(null, Object(Config\Cache), false)
 8 SYSTEMPATH\Boot.php(363): CodeIgniter\CodeIgniter->run()
 9 SYSTEMPATH\Boot.php(68): CodeIgniter\Boot::runCodeIgniter(Object(CodeIgniter\CodeIgniter))
10 FCPATH\index.php(59): CodeIgniter\Boot::bootWeb(Object(Config\Paths))
CRITICAL - 2026-04-17 07:54:49 --> [Caused by] mysqli_sql_exception: Unknown column 'buku_rak.id_buku' in 'on clause'
in SYSTEMPATH\Database\MySQLi\Connection.php on line 327.
 1 SYSTEMPATH\Database\MySQLi\Connection.php(327): mysqli->query('SELECT `buku`.*, `kategori`.`nama_kategori`, `penulis`.`nama_penulis`, `penerbit`.`nama_penerbit`, `rak`.`nama_rak`, `rak`.`lokasi`
FROM `buku`
LEFT JOIN `kategori` ON `kategori`.`id_kategori` = `buku`.`id_kategori`
LEFT JOIN `penulis` ON `penulis`.`id_penulis` = `buku`.`id_penulis`
LEFT JOIN `penerbit` ON `penerbit`.`id_penerbit` = `buku`.`id_penerbit`
LEFT JOIN `buku_rak` ON `buku_rak`.`id_buku` = `buku`.`id_buku`
LEFT JOIN `rak` ON `rak`.`id_rak` = `buku_rak`.`id_rak`', 0)
 2 SYSTEMPATH\Database\BaseConnection.php(729): CodeIgniter\Database\MySQLi\Connection->execute('SELECT `buku`.*, `kategori`.`nama_kategori`, `penulis`.`nama_penulis`, `penerbit`.`nama_penerbit`, `rak`.`nama_rak`, `rak`.`lokasi`
FROM `buku`
LEFT JOIN `kategori` ON `kategori`.`id_kategori` = `buku`.`id_kategori`
LEFT JOIN `penulis` ON `penulis`.`id_penulis` = `buku`.`id_penulis`
LEFT JOIN `penerbit` ON `penerbit`.`id_penerbit` = `buku`.`id_penerbit`
LEFT JOIN `buku_rak` ON `buku_rak`.`id_buku` = `buku`.`id_buku`
LEFT JOIN `rak` ON `rak`.`id_rak` = `buku_rak`.`id_rak`')
 3 SYSTEMPATH\Database\BaseConnection.php(646): CodeIgniter\Database\BaseConnection->simpleQuery('SELECT `buku`.*, `kategori`.`nama_kategori`, `penulis`.`nama_penulis`, `penerbit`.`nama_penerbit`, `rak`.`nama_rak`, `rak`.`lokasi`
FROM `buku`
LEFT JOIN `kategori` ON `kategori`.`id_kategori` = `buku`.`id_kategori`
LEFT JOIN `penulis` ON `penulis`.`id_penulis` = `buku`.`id_penulis`
LEFT JOIN `penerbit` ON `penerbit`.`id_penerbit` = `buku`.`id_penerbit`
LEFT JOIN `buku_rak` ON `buku_rak`.`id_buku` = `buku`.`id_buku`
LEFT JOIN `rak` ON `rak`.`id_rak` = `buku_rak`.`id_rak`')
 4 SYSTEMPATH\Database\BaseBuilder.php(1649): CodeIgniter\Database\BaseConnection->query('SELECT `buku`.*, `kategori`.`nama_kategori`, `penulis`.`nama_penulis`, `penerbit`.`nama_penerbit`, `rak`.`nama_rak`, `rak`.`lokasi`
FROM `buku`
LEFT JOIN `kategori` ON `kategori`.`id_kategori` = `buku`.`id_kategori`
LEFT JOIN `penulis` ON `penulis`.`id_penulis` = `buku`.`id_penulis`
LEFT JOIN `penerbit` ON `penerbit`.`id_penerbit` = `buku`.`id_penerbit`
LEFT JOIN `buku_rak` ON `buku_rak`.`id_buku` = `buku`.`id_buku`
LEFT JOIN `rak` ON `rak`.`id_rak` = `buku_rak`.`id_rak`', [], false)
 5 APPPATH\Controllers\buku.php(41): CodeIgniter\Database\BaseBuilder->get()
 6 SYSTEMPATH\CodeIgniter.php(933): App\Controllers\Buku->index()
 7 SYSTEMPATH\CodeIgniter.php(507): CodeIgniter\CodeIgniter->runController(Object(App\Controllers\Buku))
 8 SYSTEMPATH\CodeIgniter.php(354): CodeIgniter\CodeIgniter->handleRequest(null, Object(Config\Cache), false)
 9 SYSTEMPATH\Boot.php(363): CodeIgniter\CodeIgniter->run()
10 SYSTEMPATH\Boot.php(68): CodeIgniter\Boot::runCodeIgniter(Object(CodeIgniter\CodeIgniter))
11 FCPATH\index.php(59): CodeIgniter\Boot::bootWeb(Object(Config\Paths))
DEBUG - 2026-04-17 07:55:35 --> Session: Class initialized using 'CodeIgniter\Session\Handlers\FileHandler' driver.
DEBUG - 2026-04-17 07:56:14 --> Session: Class initialized using 'CodeIgniter\Session\Handlers\FileHandler' driver.
DEBUG - 2026-04-17 07:56:21 --> Session: Class initialized using 'CodeIgniter\Session\Handlers\FileHandler' driver.
DEBUG - 2026-04-17 07:56:22 --> Session: Class initialized using 'CodeIgniter\Session\Handlers\FileHandler' driver.
DEBUG - 2026-04-17 07:56:23 --> Session: Class initialized using 'CodeIgniter\Session\Handlers\FileHandler' driver.
DEBUG - 2026-04-17 07:56:32 --> Session: Class initialized using 'CodeIgniter\Session\Handlers\FileHandler' driver.
DEBUG - 2026-04-17 07:56:34 --> Session: Class initialized using 'CodeIgniter\Session\Handlers\FileHandler' driver.
DEBUG - 2026-04-17 07:56:50 --> Session: Class initialized using 'CodeIgniter\Session\Handlers\FileHandler' driver.
DEBUG - 2026-04-17 08:00:45 --> Session: Class initialized using 'CodeIgniter\Session\Handlers\FileHandler' driver.
DEBUG - 2026-04-17 08:00:47 --> Session: Class initialized using 'CodeIgniter\Session\Handlers\FileHandler' driver.
DEBUG - 2026-04-17 08:00:48 --> Session: Class initialized using 'CodeIgniter\Session\Handlers\FileHandler' driver.
DEBUG - 2026-04-17 08:00:50 --> Session: Class initialized using 'CodeIgniter\Session\Handlers\FileHandler' driver.
DEBUG - 2026-04-17 08:02:54 --> Session: Class initialized using 'CodeIgniter\Session\Handlers\FileHandler' driver.
DEBUG - 2026-04-17 08:03:26 --> Session: Class initialized using 'CodeIgniter\Session\Handlers\FileHandler' driver.
DEBUG - 2026-04-17 08:03:35 --> Session: Class initialized using 'CodeIgniter\Session\Handlers\FileHandler' driver.
DEBUG - 2026-04-17 08:04:59 --> Session: Class initialized using 'CodeIgniter\Session\Handlers\FileHandler' driver.
DEBUG - 2026-04-17 08:05:14 --> Session: Class initialized using 'CodeIgniter\Session\Handlers\FileHandler' driver.
DEBUG - 2026-04-17 08:05:16 --> Session: Class initialized using 'CodeIgniter\Session\Handlers\FileHandler' driver.
DEBUG - 2026-04-17 08:06:54 --> Session: Class initialized using 'CodeIgniter\Session\Handlers\FileHandler' driver.
DEBUG - 2026-04-17 08:06:55 --> Session: Class initialized using 'CodeIgniter\Session\Handlers\FileHandler' driver.
DEBUG - 2026-04-17 08:07:22 --> Session: Class initialized using 'CodeIgniter\Session\Handlers\FileHandler' driver.
DEBUG - 2026-04-17 08:08:04 --> Session: Class initialized using 'CodeIgniter\Session\Handlers\FileHandler' driver.
CRITICAL - 2026-04-17 08:08:34 --> ErrorException: Undefined array key "deskripsi"
[Method: GET, Route: buku/detail/2]
in APPPATH\Views\buku\detail.php on line 48.
 1 APPPATH\Views\buku\detail.php(48): CodeIgniter\Debug\Exceptions->errorHandler(2, 'Undefined array key "deskripsi"', 'C:\\xampp\\htdocs\\perpus\\app\\Views\\buku\\detail.php', 48)
 2 SYSTEMPATH\View\View.php(226): include('C:\\xampp\\htdocs\\perpus\\app\\Views\\buku\\detail.php')
 3 SYSTEMPATH\View\View.php(229): CodeIgniter\View\View->CodeIgniter\View\{closure}()
 4 SYSTEMPATH\Common.php(1167): CodeIgniter\View\View->render('buku/detail', [], true)
 5 APPPATH\Controllers\buku.php(91): view('buku/detail', [...])
 6 SYSTEMPATH\CodeIgniter.php(933): App\Controllers\Buku->detail('2')
 7 SYSTEMPATH\CodeIgniter.php(507): CodeIgniter\CodeIgniter->runController(Object(App\Controllers\Buku))
 8 SYSTEMPATH\CodeIgniter.php(354): CodeIgniter\CodeIgniter->handleRequest(null, Object(Config\Cache), false)
 9 SYSTEMPATH\Boot.php(363): CodeIgniter\CodeIgniter->run()
10 SYSTEMPATH\Boot.php(68): CodeIgniter\Boot::runCodeIgniter(Object(CodeIgniter\CodeIgniter))
11 FCPATH\index.php(59): CodeIgniter\Boot::bootWeb(Object(Config\Paths))
DEBUG - 2026-04-17 08:14:57 --> Session: Class initialized using 'CodeIgniter\Session\Handlers\FileHandler' driver.
DEBUG - 2026-04-17 08:21:01 --> Session: Class initialized using 'CodeIgniter\Session\Handlers\FileHandler' driver.
DEBUG - 2026-04-17 08:21:05 --> Session: Class initialized using 'CodeIgniter\Session\Handlers\FileHandler' driver.
CRITICAL - 2026-04-17 08:25:06 --> ParseError: Unclosed '{' on line 6
[Method: GET, Route: peminjaman]
in APPPATH\Controllers\peminjaman.php on line 30.
 1 SYSTEMPATH\Autoloader\Autoloader.php(295): CodeIgniter\Autoloader\Autoloader->includeFile('C:\\xampp\\htdocs\\perpus\\app\\Controllers\\Peminjaman.php')
 2 SYSTEMPATH\Autoloader\Autoloader.php(271): CodeIgniter\Autoloader\Autoloader->loadInNamespace('App\\Controllers\\Peminjaman')
 3 [internal function]: CodeIgniter\Autoloader\Autoloader->loadClass('App\\Controllers\\Peminjaman')
 4 SYSTEMPATH\CodeIgniter.php(885): class_exists('\\App\\Controllers\\Peminjaman', true)
 5 SYSTEMPATH\CodeIgniter.php(494): CodeIgniter\CodeIgniter->startController()
 6 SYSTEMPATH\CodeIgniter.php(354): CodeIgniter\CodeIgniter->handleRequest(null, Object(Config\Cache), false)
 7 SYSTEMPATH\Boot.php(363): CodeIgniter\CodeIgniter->run()
 8 SYSTEMPATH\Boot.php(68): CodeIgniter\Boot::runCodeIgniter(Object(CodeIgniter\CodeIgniter))
 9 FCPATH\index.php(59): CodeIgniter\Boot::bootWeb(Object(Config\Paths))
DEBUG - 2026-04-17 08:25:42 --> Session: Class initialized using 'CodeIgniter\Session\Handlers\FileHandler' driver.
DEBUG - 2026-04-17 08:25:46 --> Session: Class initialized using 'CodeIgniter\Session\Handlers\FileHandler' driver.
DEBUG - 2026-04-17 08:25:56 --> Session: Class initialized using 'CodeIgniter\Session\Handlers\FileHandler' driver.
DEBUG - 2026-04-17 08:25:56 --> Session: Class initialized using 'CodeIgniter\Session\Handlers\FileHandler' driver.
DEBUG - 2026-04-17 08:26:18 --> Session: Class initialized using 'CodeIgniter\Session\Handlers\FileHandler' driver.
DEBUG - 2026-04-17 08:26:18 --> Session: Class initialized using 'CodeIgniter\Session\Handlers\FileHandler' driver.
CRITICAL - 2026-04-17 08:29:58 --> ParseError: Unclosed '{' on line 6
[Method: GET, Route: peminjaman]
in APPPATH\Controllers\peminjaman.php on line 30.
 1 SYSTEMPATH\Autoloader\Autoloader.php(295): CodeIgniter\Autoloader\Autoloader->includeFile('C:\\xampp\\htdocs\\perpus\\app\\Controllers\\Peminjaman.php')
 2 SYSTEMPATH\Autoloader\Autoloader.php(271): CodeIgniter\Autoloader\Autoloader->loadInNamespace('App\\Controllers\\Peminjaman')
 3 [internal function]: CodeIgniter\Autoloader\Autoloader->loadClass('App\\Controllers\\Peminjaman')
 4 SYSTEMPATH\CodeIgniter.php(885): class_exists('\\App\\Controllers\\Peminjaman', true)
 5 SYSTEMPATH\CodeIgniter.php(494): CodeIgniter\CodeIgniter->startController()
 6 SYSTEMPATH\CodeIgniter.php(354): CodeIgniter\CodeIgniter->handleRequest(null, Object(Config\Cache), false)
 7 SYSTEMPATH\Boot.php(363): CodeIgniter\CodeIgniter->run()
 8 SYSTEMPATH\Boot.php(68): CodeIgniter\Boot::runCodeIgniter(Object(CodeIgniter\CodeIgniter))
 9 FCPATH\index.php(59): CodeIgniter\Boot::bootWeb(Object(Config\Paths))
ERROR - 2026-04-17 08:34:14 --> mysqli_sql_exception: Table 'perpus.peminjaman' doesn't exist in C:\xampp\htdocs\perpus\system\Database\MySQLi\Connection.php:327
Stack trace:
#0 C:\xampp\htdocs\perpus\system\Database\MySQLi\Connection.php(327): mysqli->query('SELECT *\nFROM `...', 0)
#1 C:\xampp\htdocs\perpus\system\Database\BaseConnection.php(729): CodeIgniter\Database\MySQLi\Connection->execute('SELECT *\nFROM `...')
#2 C:\xampp\htdocs\perpus\system\Database\BaseConnection.php(646): CodeIgniter\Database\BaseConnection->simpleQuery('SELECT *\nFROM `...')
#3 C:\xampp\htdocs\perpus\system\Database\BaseBuilder.php(1649): CodeIgniter\Database\BaseConnection->query('SELECT *\nFROM `...', Array, false)
#4 C:\xampp\htdocs\perpus\app\Controllers\peminjaman.php(16): CodeIgniter\Database\BaseBuilder->get()
#5 C:\xampp\htdocs\perpus\system\CodeIgniter.php(933): App\Controllers\Peminjaman->index()
#6 C:\xampp\htdocs\perpus\system\CodeIgniter.php(507): CodeIgniter\CodeIgniter->runController(Object(App\Controllers\Peminjaman))
#7 C:\xampp\htdocs\perpus\system\CodeIgniter.php(354): CodeIgniter\CodeIgniter->handleRequest(NULL, Object(Config\Cache), false)
#8 C:\xampp\htdocs\perpus\system\Boot.php(363): CodeIgniter\CodeIgniter->run()
#9 C:\xampp\htdocs\perpus\system\Boot.php(68): CodeIgniter\Boot::runCodeIgniter(Object(CodeIgniter\CodeIgniter))
#10 C:\xampp\htdocs\perpus\index.php(59): CodeIgniter\Boot::bootWeb(Object(Config\Paths))
#11 {main}
CRITICAL - 2026-04-17 08:34:14 --> CodeIgniter\Database\Exceptions\DatabaseException: Table 'perpus.peminjaman' doesn't exist
[Method: GET, Route: peminjaman]
in SYSTEMPATH\Database\BaseConnection.php on line 684.
 1 SYSTEMPATH\Database\BaseBuilder.php(1649): CodeIgniter\Database\BaseConnection->query('SELECT *
FROM `peminjaman`', [], false)
 2 APPPATH\Controllers\peminjaman.php(16): CodeIgniter\Database\BaseBuilder->get()
 3 SYSTEMPATH\CodeIgniter.php(933): App\Controllers\Peminjaman->index()
 4 SYSTEMPATH\CodeIgniter.php(507): CodeIgniter\CodeIgniter->runController(Object(App\Controllers\Peminjaman))
 5 SYSTEMPATH\CodeIgniter.php(354): CodeIgniter\CodeIgniter->handleRequest(null, Object(Config\Cache), false)
 6 SYSTEMPATH\Boot.php(363): CodeIgniter\CodeIgniter->run()
 7 SYSTEMPATH\Boot.php(68): CodeIgniter\Boot::runCodeIgniter(Object(CodeIgniter\CodeIgniter))
 8 FCPATH\index.php(59): CodeIgniter\Boot::bootWeb(Object(Config\Paths))
CRITICAL - 2026-04-17 08:34:14 --> [Caused by] CodeIgniter\Database\Exceptions\DatabaseException: Table 'perpus.peminjaman' doesn't exist
in SYSTEMPATH\Database\MySQLi\Connection.php on line 332.
 1 SYSTEMPATH\Database\BaseConnection.php(729): CodeIgniter\Database\MySQLi\Connection->execute('SELECT *
FROM `peminjaman`')
 2 SYSTEMPATH\Database\BaseConnection.php(646): CodeIgniter\Database\BaseConnection->simpleQuery('SELECT *
FROM `peminjaman`')
 3 SYSTEMPATH\Database\BaseBuilder.php(1649): CodeIgniter\Database\BaseConnection->query('SELECT *
FROM `peminjaman`', [], false)
 4 APPPATH\Controllers\peminjaman.php(16): CodeIgniter\Database\BaseBuilder->get()
 5 SYSTEMPATH\CodeIgniter.php(933): App\Controllers\Peminjaman->index()
 6 SYSTEMPATH\CodeIgniter.php(507): CodeIgniter\CodeIgniter->runController(Object(App\Controllers\Peminjaman))
 7 SYSTEMPATH\CodeIgniter.php(354): CodeIgniter\CodeIgniter->handleRequest(null, Object(Config\Cache), false)
 8 SYSTEMPATH\Boot.php(363): CodeIgniter\CodeIgniter->run()
 9 SYSTEMPATH\Boot.php(68): CodeIgniter\Boot::runCodeIgniter(Object(CodeIgniter\CodeIgniter))
10 FCPATH\index.php(59): CodeIgniter\Boot::bootWeb(Object(Config\Paths))
CRITICAL - 2026-04-17 08:34:14 --> [Caused by] mysqli_sql_exception: Table 'perpus.peminjaman' doesn't exist
in SYSTEMPATH\Database\MySQLi\Connection.php on line 327.
 1 SYSTEMPATH\Database\MySQLi\Connection.php(327): mysqli->query('SELECT *
FROM `peminjaman`', 0)
 2 SYSTEMPATH\Database\BaseConnection.php(729): CodeIgniter\Database\MySQLi\Connection->execute('SELECT *
FROM `peminjaman`')
 3 SYSTEMPATH\Database\BaseConnection.php(646): CodeIgniter\Database\BaseConnection->simpleQuery('SELECT *
FROM `peminjaman`')
 4 SYSTEMPATH\Database\BaseBuilder.php(1649): CodeIgniter\Database\BaseConnection->query('SELECT *
FROM `peminjaman`', [], false)
 5 APPPATH\Controllers\peminjaman.php(16): CodeIgniter\Database\BaseBuilder->get()
 6 SYSTEMPATH\CodeIgniter.php(933): App\Controllers\Peminjaman->index()
 7 SYSTEMPATH\CodeIgniter.php(507): CodeIgniter\CodeIgniter->runController(Object(App\Controllers\Peminjaman))
 8 SYSTEMPATH\CodeIgniter.php(354): CodeIgniter\CodeIgniter->handleRequest(null, Object(Config\Cache), false)
 9 SYSTEMPATH\Boot.php(363): CodeIgniter\CodeIgniter->run()
10 SYSTEMPATH\Boot.php(68): CodeIgniter\Boot::runCodeIgniter(Object(CodeIgniter\CodeIgniter))
11 FCPATH\index.php(59): CodeIgniter\Boot::bootWeb(Object(Config\Paths))
ERROR - 2026-04-17 08:36:10 --> mysqli_sql_exception: Table 'perpus.peminjaman' doesn't exist in C:\xampp\htdocs\perpus\system\Database\MySQLi\Connection.php:327
Stack trace:
#0 C:\xampp\htdocs\perpus\system\Database\MySQLi\Connection.php(327): mysqli->query('SELECT *\nFROM `...', 0)
#1 C:\xampp\htdocs\perpus\system\Database\BaseConnection.php(729): CodeIgniter\Database\MySQLi\Connection->execute('SELECT *\nFROM `...')
#2 C:\xampp\htdocs\perpus\system\Database\BaseConnection.php(646): CodeIgniter\Database\BaseConnection->simpleQuery('SELECT *\nFROM `...')
#3 C:\xampp\htdocs\perpus\system\Database\BaseBuilder.php(1649): CodeIgniter\Database\BaseConnection->query('SELECT *\nFROM `...', Array, false)
#4 C:\xampp\htdocs\perpus\app\Controllers\peminjaman.php(16): CodeIgniter\Database\BaseBuilder->get()
#5 C:\xampp\htdocs\perpus\system\CodeIgniter.php(933): App\Controllers\Peminjaman->index()
#6 C:\xampp\htdocs\perpus\system\CodeIgniter.php(507): CodeIgniter\CodeIgniter->runController(Object(App\Controllers\Peminjaman))
#7 C:\xampp\htdocs\perpus\system\CodeIgniter.php(354): CodeIgniter\CodeIgniter->handleRequest(NULL, Object(Config\Cache), false)
#8 C:\xampp\htdocs\perpus\system\Boot.php(363): CodeIgniter\CodeIgniter->run()
#9 C:\xampp\htdocs\perpus\system\Boot.php(68): CodeIgniter\Boot::runCodeIgniter(Object(CodeIgniter\CodeIgniter))
#10 C:\xampp\htdocs\perpus\index.php(59): CodeIgniter\Boot::bootWeb(Object(Config\Paths))
#11 {main}
CRITICAL - 2026-04-17 08:36:10 --> CodeIgniter\Database\Exceptions\DatabaseException: Table 'perpus.peminjaman' doesn't exist
[Method: GET, Route: peminjaman]
in SYSTEMPATH\Database\BaseConnection.php on line 684.
 1 SYSTEMPATH\Database\BaseBuilder.php(1649): CodeIgniter\Database\BaseConnection->query('SELECT *
FROM `peminjaman`', [], false)
 2 APPPATH\Controllers\peminjaman.php(16): CodeIgniter\Database\BaseBuilder->get()
 3 SYSTEMPATH\CodeIgniter.php(933): App\Controllers\Peminjaman->index()
 4 SYSTEMPATH\CodeIgniter.php(507): CodeIgniter\CodeIgniter->runController(Object(App\Controllers\Peminjaman))
 5 SYSTEMPATH\CodeIgniter.php(354): CodeIgniter\CodeIgniter->handleRequest(null, Object(Config\Cache), false)
 6 SYSTEMPATH\Boot.php(363): CodeIgniter\CodeIgniter->run()
 7 SYSTEMPATH\Boot.php(68): CodeIgniter\Boot::runCodeIgniter(Object(CodeIgniter\CodeIgniter))
 8 FCPATH\index.php(59): CodeIgniter\Boot::bootWeb(Object(Config\Paths))
CRITICAL - 2026-04-17 08:36:10 --> [Caused by] CodeIgniter\Database\Exceptions\DatabaseException: Table 'perpus.peminjaman' doesn't exist
in SYSTEMPATH\Database\MySQLi\Connection.php on line 332.
 1 SYSTEMPATH\Database\BaseConnection.php(729): CodeIgniter\Database\MySQLi\Connection->execute('SELECT *
FROM `peminjaman`')
 2 SYSTEMPATH\Database\BaseConnection.php(646): CodeIgniter\Database\BaseConnection->simpleQuery('SELECT *
FROM `peminjaman`')
 3 SYSTEMPATH\Database\BaseBuilder.php(1649): CodeIgniter\Database\BaseConnection->query('SELECT *
FROM `peminjaman`', [], false)
 4 APPPATH\Controllers\peminjaman.php(16): CodeIgniter\Database\BaseBuilder->get()
 5 SYSTEMPATH\CodeIgniter.php(933): App\Controllers\Peminjaman->index()
 6 SYSTEMPATH\CodeIgniter.php(507): CodeIgniter\CodeIgniter->runController(Object(App\Controllers\Peminjaman))
 7 SYSTEMPATH\CodeIgniter.php(354): CodeIgniter\CodeIgniter->handleRequest(null, Object(Config\Cache), false)
 8 SYSTEMPATH\Boot.php(363): CodeIgniter\CodeIgniter->run()
 9 SYSTEMPATH\Boot.php(68): CodeIgniter\Boot::runCodeIgniter(Object(CodeIgniter\CodeIgniter))
10 FCPATH\index.php(59): CodeIgniter\Boot::bootWeb(Object(Config\Paths))
CRITICAL - 2026-04-17 08:36:10 --> [Caused by] mysqli_sql_exception: Table 'perpus.peminjaman' doesn't exist
in SYSTEMPATH\Database\MySQLi\Connection.php on line 327.
 1 SYSTEMPATH\Database\MySQLi\Connection.php(327): mysqli->query('SELECT *
FROM `peminjaman`', 0)
 2 SYSTEMPATH\Database\BaseConnection.php(729): CodeIgniter\Database\MySQLi\Connection->execute('SELECT *
FROM `peminjaman`')
 3 SYSTEMPATH\Database\BaseConnection.php(646): CodeIgniter\Database\BaseConnection->simpleQuery('SELECT *
FROM `peminjaman`')
 4 SYSTEMPATH\Database\BaseBuilder.php(1649): CodeIgniter\Database\BaseConnection->query('SELECT *
FROM `peminjaman`', [], false)
 5 APPPATH\Controllers\peminjaman.php(16): CodeIgniter\Database\BaseBuilder->get()
 6 SYSTEMPATH\CodeIgniter.php(933): App\Controllers\Peminjaman->index()
 7 SYSTEMPATH\CodeIgniter.php(507): CodeIgniter\CodeIgniter->runController(Object(App\Controllers\Peminjaman))
 8 SYSTEMPATH\CodeIgniter.php(354): CodeIgniter\CodeIgniter->handleRequest(null, Object(Config\Cache), false)
 9 SYSTEMPATH\Boot.php(363): CodeIgniter\CodeIgniter->run()
10 SYSTEMPATH\Boot.php(68): CodeIgniter\Boot::runCodeIgniter(Object(CodeIgniter\CodeIgniter))
11 FCPATH\index.php(59): CodeIgniter\Boot::bootWeb(Object(Config\Paths))
ERROR - 2026-04-17 08:36:11 --> mysqli_sql_exception: Table 'perpus.peminjaman' doesn't exist in C:\xampp\htdocs\perpus\system\Database\MySQLi\Connection.php:327
Stack trace:
#0 C:\xampp\htdocs\perpus\system\Database\MySQLi\Connection.php(327): mysqli->query('SELECT *\nFROM `...', 0)
#1 C:\xampp\htdocs\perpus\system\Database\BaseConnection.php(729): CodeIgniter\Database\MySQLi\Connection->execute('SELECT *\nFROM `...')
#2 C:\xampp\htdocs\perpus\system\Database\BaseConnection.php(646): CodeIgniter\Database\BaseConnection->simpleQuery('SELECT *\nFROM `...')
#3 C:\xampp\htdocs\perpus\system\Database\BaseBuilder.php(1649): CodeIgniter\Database\BaseConnection->query('SELECT *\nFROM `...', Array, false)
#4 C:\xampp\htdocs\perpus\app\Controllers\peminjaman.php(16): CodeIgniter\Database\BaseBuilder->get()
#5 C:\xampp\htdocs\perpus\system\CodeIgniter.php(933): App\Controllers\Peminjaman->index()
#6 C:\xampp\htdocs\perpus\system\CodeIgniter.php(507): CodeIgniter\CodeIgniter->runController(Object(App\Controllers\Peminjaman))
#7 C:\xampp\htdocs\perpus\system\CodeIgniter.php(354): CodeIgniter\CodeIgniter->handleRequest(NULL, Object(Config\Cache), false)
#8 C:\xampp\htdocs\perpus\system\Boot.php(363): CodeIgniter\CodeIgniter->run()
#9 C:\xampp\htdocs\perpus\system\Boot.php(68): CodeIgniter\Boot::runCodeIgniter(Object(CodeIgniter\CodeIgniter))
#10 C:\xampp\htdocs\perpus\index.php(59): CodeIgniter\Boot::bootWeb(Object(Config\Paths))
#11 {main}
CRITICAL - 2026-04-17 08:36:11 --> CodeIgniter\Database\Exceptions\DatabaseException: Table 'perpus.peminjaman' doesn't exist
[Method: GET, Route: peminjaman]
in SYSTEMPATH\Database\BaseConnection.php on line 684.
 1 SYSTEMPATH\Database\BaseBuilder.php(1649): CodeIgniter\Database\BaseConnection->query('SELECT *
FROM `peminjaman`', [], false)
 2 APPPATH\Controllers\peminjaman.php(16): CodeIgniter\Database\BaseBuilder->get()
 3 SYSTEMPATH\CodeIgniter.php(933): App\Controllers\Peminjaman->index()
 4 SYSTEMPATH\CodeIgniter.php(507): CodeIgniter\CodeIgniter->runController(Object(App\Controllers\Peminjaman))
 5 SYSTEMPATH\CodeIgniter.php(354): CodeIgniter\CodeIgniter->handleRequest(null, Object(Config\Cache), false)
 6 SYSTEMPATH\Boot.php(363): CodeIgniter\CodeIgniter->run()
 7 SYSTEMPATH\Boot.php(68): CodeIgniter\Boot::runCodeIgniter(Object(CodeIgniter\CodeIgniter))
 8 FCPATH\index.php(59): CodeIgniter\Boot::bootWeb(Object(Config\Paths))
CRITICAL - 2026-04-17 08:36:11 --> [Caused by] CodeIgniter\Database\Exceptions\DatabaseException: Table 'perpus.peminjaman' doesn't exist
in SYSTEMPATH\Database\MySQLi\Connection.php on line 332.
 1 SYSTEMPATH\Database\BaseConnection.php(729): CodeIgniter\Database\MySQLi\Connection->execute('SELECT *
FROM `peminjaman`')
 2 SYSTEMPATH\Database\BaseConnection.php(646): CodeIgniter\Database\BaseConnection->simpleQuery('SELECT *
FROM `peminjaman`')
 3 SYSTEMPATH\Database\BaseBuilder.php(1649): CodeIgniter\Database\BaseConnection->query('SELECT *
FROM `peminjaman`', [], false)
 4 APPPATH\Controllers\peminjaman.php(16): CodeIgniter\Database\BaseBuilder->get()
 5 SYSTEMPATH\CodeIgniter.php(933): App\Controllers\Peminjaman->index()
 6 SYSTEMPATH\CodeIgniter.php(507): CodeIgniter\CodeIgniter->runController(Object(App\Controllers\Peminjaman))
 7 SYSTEMPATH\CodeIgniter.php(354): CodeIgniter\CodeIgniter->handleRequest(null, Object(Config\Cache), false)
 8 SYSTEMPATH\Boot.php(363): CodeIgniter\CodeIgniter->run()
 9 SYSTEMPATH\Boot.php(68): CodeIgniter\Boot::runCodeIgniter(Object(CodeIgniter\CodeIgniter))
10 FCPATH\index.php(59): CodeIgniter\Boot::bootWeb(Object(Config\Paths))
CRITICAL - 2026-04-17 08:36:11 --> [Caused by] mysqli_sql_exception: Table 'perpus.peminjaman' doesn't exist
in SYSTEMPATH\Database\MySQLi\Connection.php on line 327.
 1 SYSTEMPATH\Database\MySQLi\Connection.php(327): mysqli->query('SELECT *
FROM `peminjaman`', 0)
 2 SYSTEMPATH\Database\BaseConnection.php(729): CodeIgniter\Database\MySQLi\Connection->execute('SELECT *
FROM `peminjaman`')
 3 SYSTEMPATH\Database\BaseConnection.php(646): CodeIgniter\Database\BaseConnection->simpleQuery('SELECT *
FROM `peminjaman`')
 4 SYSTEMPATH\Database\BaseBuilder.php(1649): CodeIgniter\Database\BaseConnection->query('SELECT *
FROM `peminjaman`', [], false)
 5 APPPATH\Controllers\peminjaman.php(16): CodeIgniter\Database\BaseBuilder->get()
 6 SYSTEMPATH\CodeIgniter.php(933): App\Controllers\Peminjaman->index()
 7 SYSTEMPATH\CodeIgniter.php(507): CodeIgniter\CodeIgniter->runController(Object(App\Controllers\Peminjaman))
 8 SYSTEMPATH\CodeIgniter.php(354): CodeIgniter\CodeIgniter->handleRequest(null, Object(Config\Cache), false)
 9 SYSTEMPATH\Boot.php(363): CodeIgniter\CodeIgniter->run()
10 SYSTEMPATH\Boot.php(68): CodeIgniter\Boot::runCodeIgniter(Object(CodeIgniter\CodeIgniter))
11 FCPATH\index.php(59): CodeIgniter\Boot::bootWeb(Object(Config\Paths))
DEBUG - 2026-04-17 08:36:54 --> Session: Class initialized using 'CodeIgniter\Session\Handlers\FileHandler' driver.
DEBUG - 2026-04-17 08:36:56 --> Session: Class initialized using 'CodeIgniter\Session\Handlers\FileHandler' driver.
DEBUG - 2026-04-17 08:37:00 --> Session: Class initialized using 'CodeIgniter\Session\Handlers\FileHandler' driver.
ERROR - 2026-04-17 08:37:24 --> mysqli_sql_exception: Table 'perpus.peminjaman' doesn't exist in C:\xampp\htdocs\perpus\system\Database\MySQLi\Connection.php:327
Stack trace:
#0 C:\xampp\htdocs\perpus\system\Database\MySQLi\Connection.php(327): mysqli->query('SELECT *\nFROM `...', 0)
#1 C:\xampp\htdocs\perpus\system\Database\BaseConnection.php(729): CodeIgniter\Database\MySQLi\Connection->execute('SELECT *\nFROM `...')
#2 C:\xampp\htdocs\perpus\system\Database\BaseConnection.php(646): CodeIgniter\Database\BaseConnection->simpleQuery('SELECT *\nFROM `...')
#3 C:\xampp\htdocs\perpus\system\Database\BaseBuilder.php(1649): CodeIgniter\Database\BaseConnection->query('SELECT *\nFROM `...', Array, false)
#4 C:\xampp\htdocs\perpus\app\Controllers\peminjaman.php(16): CodeIgniter\Database\BaseBuilder->get()
#5 C:\xampp\htdocs\perpus\system\CodeIgniter.php(933): App\Controllers\Peminjaman->index()
#6 C:\xampp\htdocs\perpus\system\CodeIgniter.php(507): CodeIgniter\CodeIgniter->runController(Object(App\Controllers\Peminjaman))
#7 C:\xampp\htdocs\perpus\system\CodeIgniter.php(354): CodeIgniter\CodeIgniter->handleRequest(NULL, Object(Config\Cache), false)
#8 C:\xampp\htdocs\perpus\system\Boot.php(363): CodeIgniter\CodeIgniter->run()
#9 C:\xampp\htdocs\perpus\system\Boot.php(68): CodeIgniter\Boot::runCodeIgniter(Object(CodeIgniter\CodeIgniter))
#10 C:\xampp\htdocs\perpus\public\index.php(59): CodeIgniter\Boot::bootWeb(Object(Config\Paths))
#11 {main}
CRITICAL - 2026-04-17 08:37:24 --> CodeIgniter\Database\Exceptions\DatabaseException: Table 'perpus.peminjaman' doesn't exist
[Method: GET, Route: peminjaman]
in SYSTEMPATH\Database\BaseConnection.php on line 684.
 1 SYSTEMPATH\Database\BaseBuilder.php(1649): CodeIgniter\Database\BaseConnection->query('SELECT *
FROM `peminjaman`', [], false)
 2 APPPATH\Controllers\peminjaman.php(16): CodeIgniter\Database\BaseBuilder->get()
 3 SYSTEMPATH\CodeIgniter.php(933): App\Controllers\Peminjaman->index()
 4 SYSTEMPATH\CodeIgniter.php(507): CodeIgniter\CodeIgniter->runController(Object(App\Controllers\Peminjaman))
 5 SYSTEMPATH\CodeIgniter.php(354): CodeIgniter\CodeIgniter->handleRequest(null, Object(Config\Cache), false)
 6 SYSTEMPATH\Boot.php(363): CodeIgniter\CodeIgniter->run()
 7 SYSTEMPATH\Boot.php(68): CodeIgniter\Boot::runCodeIgniter(Object(CodeIgniter\CodeIgniter))
 8 FCPATH\index.php(59): CodeIgniter\Boot::bootWeb(Object(Config\Paths))
CRITICAL - 2026-04-17 08:37:24 --> [Caused by] CodeIgniter\Database\Exceptions\DatabaseException: Table 'perpus.peminjaman' doesn't exist
in SYSTEMPATH\Database\MySQLi\Connection.php on line 332.
 1 SYSTEMPATH\Database\BaseConnection.php(729): CodeIgniter\Database\MySQLi\Connection->execute('SELECT *
FROM `peminjaman`')
 2 SYSTEMPATH\Database\BaseConnection.php(646): CodeIgniter\Database\BaseConnection->simpleQuery('SELECT *
FROM `peminjaman`')
 3 SYSTEMPATH\Database\BaseBuilder.php(1649): CodeIgniter\Database\BaseConnection->query('SELECT *
FROM `peminjaman`', [], false)
 4 APPPATH\Controllers\peminjaman.php(16): CodeIgniter\Database\BaseBuilder->get()
 5 SYSTEMPATH\CodeIgniter.php(933): App\Controllers\Peminjaman->index()
 6 SYSTEMPATH\CodeIgniter.php(507): CodeIgniter\CodeIgniter->runController(Object(App\Controllers\Peminjaman))
 7 SYSTEMPATH\CodeIgniter.php(354): CodeIgniter\CodeIgniter->handleRequest(null, Object(Config\Cache), false)
 8 SYSTEMPATH\Boot.php(363): CodeIgniter\CodeIgniter->run()
 9 SYSTEMPATH\Boot.php(68): CodeIgniter\Boot::runCodeIgniter(Object(CodeIgniter\CodeIgniter))
10 FCPATH\index.php(59): CodeIgniter\Boot::bootWeb(Object(Config\Paths))
CRITICAL - 2026-04-17 08:37:24 --> [Caused by] mysqli_sql_exception: Table 'perpus.peminjaman' doesn't exist
in SYSTEMPATH\Database\MySQLi\Connection.php on line 327.
 1 SYSTEMPATH\Database\MySQLi\Connection.php(327): mysqli->query('SELECT *
FROM `peminjaman`', 0)
 2 SYSTEMPATH\Database\BaseConnection.php(729): CodeIgniter\Database\MySQLi\Connection->execute('SELECT *
FROM `peminjaman`')
 3 SYSTEMPATH\Database\BaseConnection.php(646): CodeIgniter\Database\BaseConnection->simpleQuery('SELECT *
FROM `peminjaman`')
 4 SYSTEMPATH\Database\BaseBuilder.php(1649): CodeIgniter\Database\BaseConnection->query('SELECT *
FROM `peminjaman`', [], false)
 5 APPPATH\Controllers\peminjaman.php(16): CodeIgniter\Database\BaseBuilder->get()
 6 SYSTEMPATH\CodeIgniter.php(933): App\Controllers\Peminjaman->index()
 7 SYSTEMPATH\CodeIgniter.php(507): CodeIgniter\CodeIgniter->runController(Object(App\Controllers\Peminjaman))
 8 SYSTEMPATH\CodeIgniter.php(354): CodeIgniter\CodeIgniter->handleRequest(null, Object(Config\Cache), false)
 9 SYSTEMPATH\Boot.php(363): CodeIgniter\CodeIgniter->run()
10 SYSTEMPATH\Boot.php(68): CodeIgniter\Boot::runCodeIgniter(Object(CodeIgniter\CodeIgniter))
11 FCPATH\index.php(59): CodeIgniter\Boot::bootWeb(Object(Config\Paths))
DEBUG - 2026-04-17 08:37:56 --> Session: Class initialized using 'CodeIgniter\Session\Handlers\FileHandler' driver.
DEBUG - 2026-04-17 14:58:51 --> Session: Class initialized using 'CodeIgniter\Session\Handlers\FileHandler' driver.
DEBUG - 2026-04-17 14:58:52 --> Session: Class initialized using 'CodeIgniter\Session\Handlers\FileHandler' driver.
DEBUG - 2026-04-17 14:59:07 --> Session: Class initialized using 'CodeIgniter\Session\Handlers\FileHandler' driver.
DEBUG - 2026-04-17 14:59:08 --> Session: Class initialized using 'CodeIgniter\Session\Handlers\FileHandler' driver.
DEBUG - 2026-04-17 14:59:10 --> Session: Class initialized using 'CodeIgniter\Session\Handlers\FileHandler' driver.
DEBUG - 2026-04-17 15:00:47 --> Session: Class initialized using 'CodeIgniter\Session\Handlers\FileHandler' driver.
CRITICAL - 2026-04-17 15:01:13 --> ErrorException: Undefined array key "deskripsi"
[Method: GET, Route: buku/detail/2]
in APPPATH\Views\buku\detail.php on line 48.
 1 APPPATH\Views\buku\detail.php(48): CodeIgniter\Debug\Exceptions->errorHandler(2, 'Undefined array key "deskripsi"', 'C:\\xampp\\htdocs\\perpus\\app\\Views\\buku\\detail.php', 48)
 2 SYSTEMPATH\View\View.php(226): include('C:\\xampp\\htdocs\\perpus\\app\\Views\\buku\\detail.php')
 3 SYSTEMPATH\View\View.php(229): CodeIgniter\View\View->CodeIgniter\View\{closure}()
 4 SYSTEMPATH\Common.php(1167): CodeIgniter\View\View->render('buku/detail', [], true)
 5 APPPATH\Controllers\buku.php(91): view('buku/detail', [...])
 6 SYSTEMPATH\CodeIgniter.php(933): App\Controllers\Buku->detail('2')
 7 SYSTEMPATH\CodeIgniter.php(507): CodeIgniter\CodeIgniter->runController(Object(App\Controllers\Buku))
 8 SYSTEMPATH\CodeIgniter.php(354): CodeIgniter\CodeIgniter->handleRequest(null, Object(Config\Cache), false)
 9 SYSTEMPATH\Boot.php(363): CodeIgniter\CodeIgniter->run()
10 SYSTEMPATH\Boot.php(68): CodeIgniter\Boot::runCodeIgniter(Object(CodeIgniter\CodeIgniter))
11 FCPATH\index.php(59): CodeIgniter\Boot::bootWeb(Object(Config\Paths))
CRITICAL - 2026-04-17 15:01:16 --> ErrorException: Undefined array key "deskripsi"
[Method: GET, Route: buku/edit/2]
in APPPATH\Views\buku\edit.php on line 62.
 1 APPPATH\Views\buku\edit.php(62): CodeIgniter\Debug\Exceptions->errorHandler(2, 'Undefined array key "deskripsi"', 'C:\\xampp\\htdocs\\perpus\\app\\Views\\buku\\edit.php', 62)
 2 SYSTEMPATH\View\View.php(226): include('C:\\xampp\\htdocs\\perpus\\app\\Views\\buku\\edit.php')
 3 SYSTEMPATH\View\View.php(229): CodeIgniter\View\View->CodeIgniter\View\{closure}()
 4 SYSTEMPATH\Common.php(1167): CodeIgniter\View\View->render('buku/edit', [], true)
 5 APPPATH\Controllers\buku.php(102): view('buku/edit', [...])
 6 SYSTEMPATH\CodeIgniter.php(933): App\Controllers\Buku->edit('2')
 7 SYSTEMPATH\CodeIgniter.php(507): CodeIgniter\CodeIgniter->runController(Object(App\Controllers\Buku))
 8 SYSTEMPATH\CodeIgniter.php(354): CodeIgniter\CodeIgniter->handleRequest(null, Object(Config\Cache), false)
 9 SYSTEMPATH\Boot.php(363): CodeIgniter\CodeIgniter->run()
10 SYSTEMPATH\Boot.php(68): CodeIgniter\Boot::runCodeIgniter(Object(CodeIgniter\CodeIgniter))
11 FCPATH\index.php(59): CodeIgniter\Boot::bootWeb(Object(Config\Paths))
DEBUG - 2026-04-17 15:04:45 --> Session: Class initialized using 'CodeIgniter\Session\Handlers\FileHandler' driver.
DEBUG - 2026-04-17 15:04:46 --> Session: Class initialized using 'CodeIgniter\Session\Handlers\FileHandler' driver.
DEBUG - 2026-04-17 15:04:55 --> Session: Class initialized using 'CodeIgniter\Session\Handlers\FileHandler' driver.
CRITICAL - 2026-04-17 15:08:23 --> ErrorException: Undefined array key "deskripsi"
[Method: GET, Route: buku/detail/2]
in APPPATH\Views\buku\detail.php on line 48.
 1 APPPATH\Views\buku\detail.php(48): CodeIgniter\Debug\Exceptions->errorHandler(2, 'Undefined array key "deskripsi"', 'C:\\xampp\\htdocs\\perpus\\app\\Views\\buku\\detail.php', 48)
 2 SYSTEMPATH\View\View.php(226): include('C:\\xampp\\htdocs\\perpus\\app\\Views\\buku\\detail.php')
 3 SYSTEMPATH\View\View.php(229): CodeIgniter\View\View->CodeIgniter\View\{closure}()
 4 SYSTEMPATH\Common.php(1167): CodeIgniter\View\View->render('buku/detail', [], true)
 5 APPPATH\Controllers\buku.php(91): view('buku/detail', [...])
 6 SYSTEMPATH\CodeIgniter.php(933): App\Controllers\Buku->detail('2')
 7 SYSTEMPATH\CodeIgniter.php(507): CodeIgniter\CodeIgniter->runController(Object(App\Controllers\Buku))
 8 SYSTEMPATH\CodeIgniter.php(354): CodeIgniter\CodeIgniter->handleRequest(null, Object(Config\Cache), false)
 9 SYSTEMPATH\Boot.php(363): CodeIgniter\CodeIgniter->run()
10 SYSTEMPATH\Boot.php(68): CodeIgniter\Boot::runCodeIgniter(Object(CodeIgniter\CodeIgniter))
11 FCPATH\index.php(59): CodeIgniter\Boot::bootWeb(Object(Config\Paths))
DEBUG - 2026-04-17 15:11:16 --> Session: Class initialized using 'CodeIgniter\Session\Handlers\FileHandler' driver.
DEBUG - 2026-04-17 15:11:35 --> Session: Class initialized using 'CodeIgniter\Session\Handlers\FileHandler' driver.
DEBUG - 2026-04-17 15:11:37 --> Session: Class initialized using 'CodeIgniter\Session\Handlers\FileHandler' driver.
CRITICAL - 2026-04-17 15:11:40 --> ErrorException: Undefined array key "deskripsi"
[Method: GET, Route: buku/edit/2]
in APPPATH\Views\buku\edit.php on line 62.
 1 APPPATH\Views\buku\edit.php(62): CodeIgniter\Debug\Exceptions->errorHandler(2, 'Undefined array key "deskripsi"', 'C:\\xampp\\htdocs\\perpus\\app\\Views\\buku\\edit.php', 62)
 2 SYSTEMPATH\View\View.php(226): include('C:\\xampp\\htdocs\\perpus\\app\\Views\\buku\\edit.php')
 3 SYSTEMPATH\View\View.php(229): CodeIgniter\View\View->CodeIgniter\View\{closure}()
 4 SYSTEMPATH\Common.php(1167): CodeIgniter\View\View->render('buku/edit', [], true)
 5 APPPATH\Controllers\buku.php(102): view('buku/edit', [...])
 6 SYSTEMPATH\CodeIgniter.php(933): App\Controllers\Buku->edit('2')
 7 SYSTEMPATH\CodeIgniter.php(507): CodeIgniter\CodeIgniter->runController(Object(App\Controllers\Buku))
 8 SYSTEMPATH\CodeIgniter.php(354): CodeIgniter\CodeIgniter->handleRequest(null, Object(Config\Cache), false)
 9 SYSTEMPATH\Boot.php(363): CodeIgniter\CodeIgniter->run()
10 SYSTEMPATH\Boot.php(68): CodeIgniter\Boot::runCodeIgniter(Object(CodeIgniter\CodeIgniter))
11 FCPATH\index.php(59): CodeIgniter\Boot::bootWeb(Object(Config\Paths))
CRITICAL - 2026-04-17 15:11:54 --> ErrorException: Undefined array key "deskripsi"
[Method: GET, Route: buku/edit/2]
in APPPATH\Views\buku\edit.php on line 62.
 1 APPPATH\Views\buku\edit.php(62): CodeIgniter\Debug\Exceptions->errorHandler(2, 'Undefined array key "deskripsi"', 'C:\\xampp\\htdocs\\perpus\\app\\Views\\buku\\edit.php', 62)
 2 SYSTEMPATH\View\View.php(226): include('C:\\xampp\\htdocs\\perpus\\app\\Views\\buku\\edit.php')
 3 SYSTEMPATH\View\View.php(229): CodeIgniter\View\View->CodeIgniter\View\{closure}()
 4 SYSTEMPATH\Common.php(1167): CodeIgniter\View\View->render('buku/edit', [], true)
 5 APPPATH\Controllers\buku.php(102): view('buku/edit', [...])
 6 SYSTEMPATH\CodeIgniter.php(933): App\Controllers\Buku->edit('2')
 7 SYSTEMPATH\CodeIgniter.php(507): CodeIgniter\CodeIgniter->runController(Object(App\Controllers\Buku))
 8 SYSTEMPATH\CodeIgniter.php(354): CodeIgniter\CodeIgniter->handleRequest(null, Object(Config\Cache), false)
 9 SYSTEMPATH\Boot.php(363): CodeIgniter\CodeIgniter->run()
10 SYSTEMPATH\Boot.php(68): CodeIgniter\Boot::runCodeIgniter(Object(CodeIgniter\CodeIgniter))
11 FCPATH\index.php(59): CodeIgniter\Boot::bootWeb(Object(Config\Paths))
CRITICAL - 2026-04-17 15:13:04 --> ErrorException: Undefined array key "deskripsi"
[Method: GET, Route: buku/edit/2]
in APPPATH\Views\buku\edit.php on line 62.
 1 APPPATH\Views\buku\edit.php(62): CodeIgniter\Debug\Exceptions->errorHandler(2, 'Undefined array key "deskripsi"', 'C:\\xampp\\htdocs\\perpus\\app\\Views\\buku\\edit.php', 62)
 2 SYSTEMPATH\View\View.php(226): include('C:\\xampp\\htdocs\\perpus\\app\\Views\\buku\\edit.php')
 3 SYSTEMPATH\View\View.php(229): CodeIgniter\View\View->CodeIgniter\View\{closure}()
 4 SYSTEMPATH\Common.php(1167): CodeIgniter\View\View->render('buku/edit', [], true)
 5 APPPATH\Controllers\buku.php(102): view('buku/edit', [...])
 6 SYSTEMPATH\CodeIgniter.php(933): App\Controllers\Buku->edit('2')
 7 SYSTEMPATH\CodeIgniter.php(507): CodeIgniter\CodeIgniter->runController(Object(App\Controllers\Buku))
 8 SYSTEMPATH\CodeIgniter.php(354): CodeIgniter\CodeIgniter->handleRequest(null, Object(Config\Cache), false)
 9 SYSTEMPATH\Boot.php(363): CodeIgniter\CodeIgniter->run()
10 SYSTEMPATH\Boot.php(68): CodeIgniter\Boot::runCodeIgniter(Object(CodeIgniter\CodeIgniter))
11 FCPATH\index.php(59): CodeIgniter\Boot::bootWeb(Object(Config\Paths))
CRITICAL - 2026-04-17 15:13:05 --> ErrorException: Undefined array key "deskripsi"
[Method: GET, Route: buku/edit/2]
in APPPATH\Views\buku\edit.php on line 62.
 1 APPPATH\Views\buku\edit.php(62): CodeIgniter\Debug\Exceptions->errorHandler(2, 'Undefined array key "deskripsi"', 'C:\\xampp\\htdocs\\perpus\\app\\Views\\buku\\edit.php', 62)
 2 SYSTEMPATH\View\View.php(226): include('C:\\xampp\\htdocs\\perpus\\app\\Views\\buku\\edit.php')
 3 SYSTEMPATH\View\View.php(229): CodeIgniter\View\View->CodeIgniter\View\{closure}()
 4 SYSTEMPATH\Common.php(1167): CodeIgniter\View\View->render('buku/edit', [], true)
 5 APPPATH\Controllers\buku.php(102): view('buku/edit', [...])
 6 SYSTEMPATH\CodeIgniter.php(933): App\Controllers\Buku->edit('2')
 7 SYSTEMPATH\CodeIgniter.php(507): CodeIgniter\CodeIgniter->runController(Object(App\Controllers\Buku))
 8 SYSTEMPATH\CodeIgniter.php(354): CodeIgniter\CodeIgniter->handleRequest(null, Object(Config\Cache), false)
 9 SYSTEMPATH\Boot.php(363): CodeIgniter\CodeIgniter->run()
10 SYSTEMPATH\Boot.php(68): CodeIgniter\Boot::runCodeIgniter(Object(CodeIgniter\CodeIgniter))
11 FCPATH\index.php(59): CodeIgniter\Boot::bootWeb(Object(Config\Paths))
CRITICAL - 2026-04-17 15:15:19 --> ErrorException: Undefined array key "deskripsi"
[Method: GET, Route: buku/edit/2]
in APPPATH\Views\buku\edit.php on line 62.
 1 APPPATH\Views\buku\edit.php(62): CodeIgniter\Debug\Exceptions->errorHandler(2, 'Undefined array key "deskripsi"', 'C:\\xampp\\htdocs\\perpus\\app\\Views\\buku\\edit.php', 62)
 2 SYSTEMPATH\View\View.php(226): include('C:\\xampp\\htdocs\\perpus\\app\\Views\\buku\\edit.php')
 3 SYSTEMPATH\View\View.php(229): CodeIgniter\View\View->CodeIgniter\View\{closure}()
 4 SYSTEMPATH\Common.php(1167): CodeIgniter\View\View->render('buku/edit', [], true)
 5 APPPATH\Controllers\buku.php(102): view('buku/edit', [...])
 6 SYSTEMPATH\CodeIgniter.php(933): App\Controllers\Buku->edit('2')
 7 SYSTEMPATH\CodeIgniter.php(507): CodeIgniter\CodeIgniter->runController(Object(App\Controllers\Buku))
 8 SYSTEMPATH\CodeIgniter.php(354): CodeIgniter\CodeIgniter->handleRequest(null, Object(Config\Cache), false)
 9 SYSTEMPATH\Boot.php(363): CodeIgniter\CodeIgniter->run()
10 SYSTEMPATH\Boot.php(68): CodeIgniter\Boot::runCodeIgniter(Object(CodeIgniter\CodeIgniter))
11 FCPATH\index.php(59): CodeIgniter\Boot::bootWeb(Object(Config\Paths))
CRITICAL - 2026-04-17 15:15:22 --> ErrorException: Undefined array key "deskripsi"
[Method: GET, Route: buku/edit/2]
in APPPATH\Views\buku\edit.php on line 62.
 1 APPPATH\Views\buku\edit.php(62): CodeIgniter\Debug\Exceptions->errorHandler(2, 'Undefined array key "deskripsi"', 'C:\\xampp\\htdocs\\perpus\\app\\Views\\buku\\edit.php', 62)
 2 SYSTEMPATH\View\View.php(226): include('C:\\xampp\\htdocs\\perpus\\app\\Views\\buku\\edit.php')
 3 SYSTEMPATH\View\View.php(229): CodeIgniter\View\View->CodeIgniter\View\{closure}()
 4 SYSTEMPATH\Common.php(1167): CodeIgniter\View\View->render('buku/edit', [], true)
 5 APPPATH\Controllers\buku.php(102): view('buku/edit', [...])
 6 SYSTEMPATH\CodeIgniter.php(933): App\Controllers\Buku->edit('2')
 7 SYSTEMPATH\CodeIgniter.php(507): CodeIgniter\CodeIgniter->runController(Object(App\Controllers\Buku))
 8 SYSTEMPATH\CodeIgniter.php(354): CodeIgniter\CodeIgniter->handleRequest(null, Object(Config\Cache), false)
 9 SYSTEMPATH\Boot.php(363): CodeIgniter\CodeIgniter->run()
10 SYSTEMPATH\Boot.php(68): CodeIgniter\Boot::runCodeIgniter(Object(CodeIgniter\CodeIgniter))
11 FCPATH\index.php(59): CodeIgniter\Boot::bootWeb(Object(Config\Paths))
CRITICAL - 2026-04-17 15:18:49 --> ErrorException: Undefined array key "deskripsi"
[Method: GET, Route: buku/edit/2]
in APPPATH\Views\buku\edit.php on line 62.
 1 APPPATH\Views\buku\edit.php(62): CodeIgniter\Debug\Exceptions->errorHandler(2, 'Undefined array key "deskripsi"', 'C:\\xampp\\htdocs\\perpus\\app\\Views\\buku\\edit.php', 62)
 2 SYSTEMPATH\View\View.php(226): include('C:\\xampp\\htdocs\\perpus\\app\\Views\\buku\\edit.php')
 3 SYSTEMPATH\View\View.php(229): CodeIgniter\View\View->CodeIgniter\View\{closure}()
 4 SYSTEMPATH\Common.php(1167): CodeIgniter\View\View->render('buku/edit', [], true)
 5 APPPATH\Controllers\buku.php(102): view('buku/edit', [...])
 6 SYSTEMPATH\CodeIgniter.php(933): App\Controllers\Buku->edit('2')
 7 SYSTEMPATH\CodeIgniter.php(507): CodeIgniter\CodeIgniter->runController(Object(App\Controllers\Buku))
 8 SYSTEMPATH\CodeIgniter.php(354): CodeIgniter\CodeIgniter->handleRequest(null, Object(Config\Cache), false)
 9 SYSTEMPATH\Boot.php(363): CodeIgniter\CodeIgniter->run()
10 SYSTEMPATH\Boot.php(68): CodeIgniter\Boot::runCodeIgniter(Object(CodeIgniter\CodeIgniter))
11 FCPATH\index.php(59): CodeIgniter\Boot::bootWeb(Object(Config\Paths))
CRITICAL - 2026-04-17 15:19:58 --> ErrorException: Undefined array key "deskripsi"
[Method: GET, Route: buku/edit/2]
in APPPATH\Views\buku\edit.php on line 62.
 1 APPPATH\Views\buku\edit.php(62): CodeIgniter\Debug\Exceptions->errorHandler(2, 'Undefined array key "deskripsi"', 'C:\\xampp\\htdocs\\perpus\\app\\Views\\buku\\edit.php', 62)
 2 SYSTEMPATH\View\View.php(226): include('C:\\xampp\\htdocs\\perpus\\app\\Views\\buku\\edit.php')
 3 SYSTEMPATH\View\View.php(229): CodeIgniter\View\View->CodeIgniter\View\{closure}()
 4 SYSTEMPATH\Common.php(1167): CodeIgniter\View\View->render('buku/edit', [], true)
 5 APPPATH\Controllers\buku.php(102): view('buku/edit', [...])
 6 SYSTEMPATH\CodeIgniter.php(933): App\Controllers\Buku->edit('2')
 7 SYSTEMPATH\CodeIgniter.php(507): CodeIgniter\CodeIgniter->runController(Object(App\Controllers\Buku))
 8 SYSTEMPATH\CodeIgniter.php(354): CodeIgniter\CodeIgniter->handleRequest(null, Object(Config\Cache), false)
 9 SYSTEMPATH\Boot.php(363): CodeIgniter\CodeIgniter->run()
10 SYSTEMPATH\Boot.php(68): CodeIgniter\Boot::runCodeIgniter(Object(CodeIgniter\CodeIgniter))
11 FCPATH\index.php(59): CodeIgniter\Boot::bootWeb(Object(Config\Paths))
CRITICAL - 2026-04-17 15:19:59 --> ErrorException: Undefined array key "deskripsi"
[Method: GET, Route: buku/edit/2]
in APPPATH\Views\buku\edit.php on line 62.
 1 APPPATH\Views\buku\edit.php(62): CodeIgniter\Debug\Exceptions->errorHandler(2, 'Undefined array key "deskripsi"', 'C:\\xampp\\htdocs\\perpus\\app\\Views\\buku\\edit.php', 62)
 2 SYSTEMPATH\View\View.php(226): include('C:\\xampp\\htdocs\\perpus\\app\\Views\\buku\\edit.php')
 3 SYSTEMPATH\View\View.php(229): CodeIgniter\View\View->CodeIgniter\View\{closure}()
 4 SYSTEMPATH\Common.php(1167): CodeIgniter\View\View->render('buku/edit', [], true)
 5 APPPATH\Controllers\buku.php(102): view('buku/edit', [...])
 6 SYSTEMPATH\CodeIgniter.php(933): App\Controllers\Buku->edit('2')
 7 SYSTEMPATH\CodeIgniter.php(507): CodeIgniter\CodeIgniter->runController(Object(App\Controllers\Buku))
 8 SYSTEMPATH\CodeIgniter.php(354): CodeIgniter\CodeIgniter->handleRequest(null, Object(Config\Cache), false)
 9 SYSTEMPATH\Boot.php(363): CodeIgniter\CodeIgniter->run()
10 SYSTEMPATH\Boot.php(68): CodeIgniter\Boot::runCodeIgniter(Object(CodeIgniter\CodeIgniter))
11 FCPATH\index.php(59): CodeIgniter\Boot::bootWeb(Object(Config\Paths))
CRITICAL - 2026-04-17 15:20:00 --> ErrorException: Undefined array key "deskripsi"
[Method: GET, Route: buku/edit/2]
in APPPATH\Views\buku\edit.php on line 62.
 1 APPPATH\Views\buku\edit.php(62): CodeIgniter\Debug\Exceptions->errorHandler(2, 'Undefined array key "deskripsi"', 'C:\\xampp\\htdocs\\perpus\\app\\Views\\buku\\edit.php', 62)
 2 SYSTEMPATH\View\View.php(226): include('C:\\xampp\\htdocs\\perpus\\app\\Views\\buku\\edit.php')
 3 SYSTEMPATH\View\View.php(229): CodeIgniter\View\View->CodeIgniter\View\{closure}()
 4 SYSTEMPATH\Common.php(1167): CodeIgniter\View\View->render('buku/edit', [], true)
 5 APPPATH\Controllers\buku.php(102): view('buku/edit', [...])
 6 SYSTEMPATH\CodeIgniter.php(933): App\Controllers\Buku->edit('2')
 7 SYSTEMPATH\CodeIgniter.php(507): CodeIgniter\CodeIgniter->runController(Object(App\Controllers\Buku))
 8 SYSTEMPATH\CodeIgniter.php(354): CodeIgniter\CodeIgniter->handleRequest(null, Object(Config\Cache), false)
 9 SYSTEMPATH\Boot.php(363): CodeIgniter\CodeIgniter->run()
10 SYSTEMPATH\Boot.php(68): CodeIgniter\Boot::runCodeIgniter(Object(CodeIgniter\CodeIgniter))
11 FCPATH\index.php(59): CodeIgniter\Boot::bootWeb(Object(Config\Paths))
CRITICAL - 2026-04-17 15:23:12 --> ErrorException: Undefined array key "deskripsi"
[Method: GET, Route: buku/edit/2]
in APPPATH\Views\buku\edit.php on line 62.
 1 APPPATH\Views\buku\edit.php(62): CodeIgniter\Debug\Exceptions->errorHandler(2, 'Undefined array key "deskripsi"', 'C:\\xampp\\htdocs\\perpus\\app\\Views\\buku\\edit.php', 62)
 2 SYSTEMPATH\View\View.php(226): include('C:\\xampp\\htdocs\\perpus\\app\\Views\\buku\\edit.php')
 3 SYSTEMPATH\View\View.php(229): CodeIgniter\View\View->CodeIgniter\View\{closure}()
 4 SYSTEMPATH\Common.php(1167): CodeIgniter\View\View->render('buku/edit', [], true)
 5 APPPATH\Controllers\buku.php(102): view('buku/edit', [...])
 6 SYSTEMPATH\CodeIgniter.php(933): App\Controllers\Buku->edit('2')
 7 SYSTEMPATH\CodeIgniter.php(507): CodeIgniter\CodeIgniter->runController(Object(App\Controllers\Buku))
 8 SYSTEMPATH\CodeIgniter.php(354): CodeIgniter\CodeIgniter->handleRequest(null, Object(Config\Cache), false)
 9 SYSTEMPATH\Boot.php(363): CodeIgniter\CodeIgniter->run()
10 SYSTEMPATH\Boot.php(68): CodeIgniter\Boot::runCodeIgniter(Object(CodeIgniter\CodeIgniter))
11 FCPATH\index.php(59): CodeIgniter\Boot::bootWeb(Object(Config\Paths))
CRITICAL - 2026-04-17 15:23:13 --> ErrorException: Undefined array key "deskripsi"
[Method: GET, Route: buku/edit/2]
in APPPATH\Views\buku\edit.php on line 62.
 1 APPPATH\Views\buku\edit.php(62): CodeIgniter\Debug\Exceptions->errorHandler(2, 'Undefined array key "deskripsi"', 'C:\\xampp\\htdocs\\perpus\\app\\Views\\buku\\edit.php', 62)
 2 SYSTEMPATH\View\View.php(226): include('C:\\xampp\\htdocs\\perpus\\app\\Views\\buku\\edit.php')
 3 SYSTEMPATH\View\View.php(229): CodeIgniter\View\View->CodeIgniter\View\{closure}()
 4 SYSTEMPATH\Common.php(1167): CodeIgniter\View\View->render('buku/edit', [], true)
 5 APPPATH\Controllers\buku.php(102): view('buku/edit', [...])
 6 SYSTEMPATH\CodeIgniter.php(933): App\Controllers\Buku->edit('2')
 7 SYSTEMPATH\CodeIgniter.php(507): CodeIgniter\CodeIgniter->runController(Object(App\Controllers\Buku))
 8 SYSTEMPATH\CodeIgniter.php(354): CodeIgniter\CodeIgniter->handleRequest(null, Object(Config\Cache), false)
 9 SYSTEMPATH\Boot.php(363): CodeIgniter\CodeIgniter->run()
10 SYSTEMPATH\Boot.php(68): CodeIgniter\Boot::runCodeIgniter(Object(CodeIgniter\CodeIgniter))
11 FCPATH\index.php(59): CodeIgniter\Boot::bootWeb(Object(Config\Paths))
CRITICAL - 2026-04-17 15:23:58 --> ErrorException: Undefined array key "deskripsi"
[Method: GET, Route: buku/edit/2]
in APPPATH\Views\buku\edit.php on line 62.
 1 APPPATH\Views\buku\edit.php(62): CodeIgniter\Debug\Exceptions->errorHandler(2, 'Undefined array key "deskripsi"', 'C:\\xampp\\htdocs\\perpus\\app\\Views\\buku\\edit.php', 62)
 2 SYSTEMPATH\View\View.php(226): include('C:\\xampp\\htdocs\\perpus\\app\\Views\\buku\\edit.php')
 3 SYSTEMPATH\View\View.php(229): CodeIgniter\View\View->CodeIgniter\View\{closure}()
 4 SYSTEMPATH\Common.php(1167): CodeIgniter\View\View->render('buku/edit', [], true)
 5 APPPATH\Controllers\buku.php(102): view('buku/edit', [...])
 6 SYSTEMPATH\CodeIgniter.php(933): App\Controllers\Buku->edit('2')
 7 SYSTEMPATH\CodeIgniter.php(507): CodeIgniter\CodeIgniter->runController(Object(App\Controllers\Buku))
 8 SYSTEMPATH\CodeIgniter.php(354): CodeIgniter\CodeIgniter->handleRequest(null, Object(Config\Cache), false)
 9 SYSTEMPATH\Boot.php(363): CodeIgniter\CodeIgniter->run()
10 SYSTEMPATH\Boot.php(68): CodeIgniter\Boot::runCodeIgniter(Object(CodeIgniter\CodeIgniter))
11 FCPATH\index.php(59): CodeIgniter\Boot::bootWeb(Object(Config\Paths))
CRITICAL - 2026-04-17 15:23:59 --> ErrorException: Undefined array key "deskripsi"
[Method: GET, Route: buku/edit/2]
in APPPATH\Views\buku\edit.php on line 62.
 1 APPPATH\Views\buku\edit.php(62): CodeIgniter\Debug\Exceptions->errorHandler(2, 'Undefined array key "deskripsi"', 'C:\\xampp\\htdocs\\perpus\\app\\Views\\buku\\edit.php', 62)
 2 SYSTEMPATH\View\View.php(226): include('C:\\xampp\\htdocs\\perpus\\app\\Views\\buku\\edit.php')
 3 SYSTEMPATH\View\View.php(229): CodeIgniter\View\View->CodeIgniter\View\{closure}()
 4 SYSTEMPATH\Common.php(1167): CodeIgniter\View\View->render('buku/edit', [], true)
 5 APPPATH\Controllers\buku.php(102): view('buku/edit', [...])
 6 SYSTEMPATH\CodeIgniter.php(933): App\Controllers\Buku->edit('2')
 7 SYSTEMPATH\CodeIgniter.php(507): CodeIgniter\CodeIgniter->runController(Object(App\Controllers\Buku))
 8 SYSTEMPATH\CodeIgniter.php(354): CodeIgniter\CodeIgniter->handleRequest(null, Object(Config\Cache), false)
 9 SYSTEMPATH\Boot.php(363): CodeIgniter\CodeIgniter->run()
10 SYSTEMPATH\Boot.php(68): CodeIgniter\Boot::runCodeIgniter(Object(CodeIgniter\CodeIgniter))
11 FCPATH\index.php(59): CodeIgniter\Boot::bootWeb(Object(Config\Paths))
CRITICAL - 2026-04-17 15:24:00 --> ErrorException: Undefined array key "deskripsi"
[Method: GET, Route: buku/edit/2]
in APPPATH\Views\buku\edit.php on line 62.
 1 APPPATH\Views\buku\edit.php(62): CodeIgniter\Debug\Exceptions->errorHandler(2, 'Undefined array key "deskripsi"', 'C:\\xampp\\htdocs\\perpus\\app\\Views\\buku\\edit.php', 62)
 2 SYSTEMPATH\View\View.php(226): include('C:\\xampp\\htdocs\\perpus\\app\\Views\\buku\\edit.php')
 3 SYSTEMPATH\View\View.php(229): CodeIgniter\View\View->CodeIgniter\View\{closure}()
 4 SYSTEMPATH\Common.php(1167): CodeIgniter\View\View->render('buku/edit', [], true)
 5 APPPATH\Controllers\buku.php(102): view('buku/edit', [...])
 6 SYSTEMPATH\CodeIgniter.php(933): App\Controllers\Buku->edit('2')
 7 SYSTEMPATH\CodeIgniter.php(507): CodeIgniter\CodeIgniter->runController(Object(App\Controllers\Buku))
 8 SYSTEMPATH\CodeIgniter.php(354): CodeIgniter\CodeIgniter->handleRequest(null, Object(Config\Cache), false)
 9 SYSTEMPATH\Boot.php(363): CodeIgniter\CodeIgniter->run()
10 SYSTEMPATH\Boot.php(68): CodeIgniter\Boot::runCodeIgniter(Object(CodeIgniter\CodeIgniter))
11 FCPATH\index.php(59): CodeIgniter\Boot::bootWeb(Object(Config\Paths))
CRITICAL - 2026-04-17 15:24:00 --> ErrorException: Undefined array key "deskripsi"
[Method: GET, Route: buku/edit/2]
in APPPATH\Views\buku\edit.php on line 62.
 1 APPPATH\Views\buku\edit.php(62): CodeIgniter\Debug\Exceptions->errorHandler(2, 'Undefined array key "deskripsi"', 'C:\\xampp\\htdocs\\perpus\\app\\Views\\buku\\edit.php', 62)
 2 SYSTEMPATH\View\View.php(226): include('C:\\xampp\\htdocs\\perpus\\app\\Views\\buku\\edit.php')
 3 SYSTEMPATH\View\View.php(229): CodeIgniter\View\View->CodeIgniter\View\{closure}()
 4 SYSTEMPATH\Common.php(1167): CodeIgniter\View\View->render('buku/edit', [], true)
 5 APPPATH\Controllers\buku.php(102): view('buku/edit', [...])
 6 SYSTEMPATH\CodeIgniter.php(933): App\Controllers\Buku->edit('2')
 7 SYSTEMPATH\CodeIgniter.php(507): CodeIgniter\CodeIgniter->runController(Object(App\Controllers\Buku))
 8 SYSTEMPATH\CodeIgniter.php(354): CodeIgniter\CodeIgniter->handleRequest(null, Object(Config\Cache), false)
 9 SYSTEMPATH\Boot.php(363): CodeIgniter\CodeIgniter->run()
10 SYSTEMPATH\Boot.php(68): CodeIgniter\Boot::runCodeIgniter(Object(CodeIgniter\CodeIgniter))
11 FCPATH\index.php(59): CodeIgniter\Boot::bootWeb(Object(Config\Paths))
CRITICAL - 2026-04-17 15:24:00 --> ErrorException: Undefined array key "deskripsi"
[Method: GET, Route: buku/edit/2]
in APPPATH\Views\buku\edit.php on line 62.
 1 APPPATH\Views\buku\edit.php(62): CodeIgniter\Debug\Exceptions->errorHandler(2, 'Undefined array key "deskripsi"', 'C:\\xampp\\htdocs\\perpus\\app\\Views\\buku\\edit.php', 62)
 2 SYSTEMPATH\View\View.php(226): include('C:\\xampp\\htdocs\\perpus\\app\\Views\\buku\\edit.php')
 3 SYSTEMPATH\View\View.php(229): CodeIgniter\View\View->CodeIgniter\View\{closure}()
 4 SYSTEMPATH\Common.php(1167): CodeIgniter\View\View->render('buku/edit', [], true)
 5 APPPATH\Controllers\buku.php(102): view('buku/edit', [...])
 6 SYSTEMPATH\CodeIgniter.php(933): App\Controllers\Buku->edit('2')
 7 SYSTEMPATH\CodeIgniter.php(507): CodeIgniter\CodeIgniter->runController(Object(App\Controllers\Buku))
 8 SYSTEMPATH\CodeIgniter.php(354): CodeIgniter\CodeIgniter->handleRequest(null, Object(Config\Cache), false)
 9 SYSTEMPATH\Boot.php(363): CodeIgniter\CodeIgniter->run()
10 SYSTEMPATH\Boot.php(68): CodeIgniter\Boot::runCodeIgniter(Object(CodeIgniter\CodeIgniter))
11 FCPATH\index.php(59): CodeIgniter\Boot::bootWeb(Object(Config\Paths))
CRITICAL - 2026-04-17 15:24:01 --> ErrorException: Undefined array key "deskripsi"
[Method: GET, Route: buku/edit/2]
in APPPATH\Views\buku\edit.php on line 62.
 1 APPPATH\Views\buku\edit.php(62): CodeIgniter\Debug\Exceptions->errorHandler(2, 'Undefined array key "deskripsi"', 'C:\\xampp\\htdocs\\perpus\\app\\Views\\buku\\edit.php', 62)
 2 SYSTEMPATH\View\View.php(226): include('C:\\xampp\\htdocs\\perpus\\app\\Views\\buku\\edit.php')
 3 SYSTEMPATH\View\View.php(229): CodeIgniter\View\View->CodeIgniter\View\{closure}()
 4 SYSTEMPATH\Common.php(1167): CodeIgniter\View\View->render('buku/edit', [], true)
 5 APPPATH\Controllers\buku.php(102): view('buku/edit', [...])
 6 SYSTEMPATH\CodeIgniter.php(933): App\Controllers\Buku->edit('2')
 7 SYSTEMPATH\CodeIgniter.php(507): CodeIgniter\CodeIgniter->runController(Object(App\Controllers\Buku))
 8 SYSTEMPATH\CodeIgniter.php(354): CodeIgniter\CodeIgniter->handleRequest(null, Object(Config\Cache), false)
 9 SYSTEMPATH\Boot.php(363): CodeIgniter\CodeIgniter->run()
10 SYSTEMPATH\Boot.php(68): CodeIgniter\Boot::runCodeIgniter(Object(CodeIgniter\CodeIgniter))
11 FCPATH\index.php(59): CodeIgniter\Boot::bootWeb(Object(Config\Paths))
CRITICAL - 2026-04-17 15:24:01 --> ErrorException: Undefined array key "deskripsi"
[Method: GET, Route: buku/edit/2]
in APPPATH\Views\buku\edit.php on line 62.
 1 APPPATH\Views\buku\edit.php(62): CodeIgniter\Debug\Exceptions->errorHandler(2, 'Undefined array key "deskripsi"', 'C:\\xampp\\htdocs\\perpus\\app\\Views\\buku\\edit.php', 62)
 2 SYSTEMPATH\View\View.php(226): include('C:\\xampp\\htdocs\\perpus\\app\\Views\\buku\\edit.php')
 3 SYSTEMPATH\View\View.php(229): CodeIgniter\View\View->CodeIgniter\View\{closure}()
 4 SYSTEMPATH\Common.php(1167): CodeIgniter\View\View->render('buku/edit', [], true)
 5 APPPATH\Controllers\buku.php(102): view('buku/edit', [...])
 6 SYSTEMPATH\CodeIgniter.php(933): App\Controllers\Buku->edit('2')
 7 SYSTEMPATH\CodeIgniter.php(507): CodeIgniter\CodeIgniter->runController(Object(App\Controllers\Buku))
 8 SYSTEMPATH\CodeIgniter.php(354): CodeIgniter\CodeIgniter->handleRequest(null, Object(Config\Cache), false)
 9 SYSTEMPATH\Boot.php(363): CodeIgniter\CodeIgniter->run()
10 SYSTEMPATH\Boot.php(68): CodeIgniter\Boot::runCodeIgniter(Object(CodeIgniter\CodeIgniter))
11 FCPATH\index.php(59): CodeIgniter\Boot::bootWeb(Object(Config\Paths))
CRITICAL - 2026-04-17 15:24:01 --> ErrorException: Undefined array key "deskripsi"
[Method: GET, Route: buku/edit/2]
in APPPATH\Views\buku\edit.php on line 62.
 1 APPPATH\Views\buku\edit.php(62): CodeIgniter\Debug\Exceptions->errorHandler(2, 'Undefined array key "deskripsi"', 'C:\\xampp\\htdocs\\perpus\\app\\Views\\buku\\edit.php', 62)
 2 SYSTEMPATH\View\View.php(226): include('C:\\xampp\\htdocs\\perpus\\app\\Views\\buku\\edit.php')
 3 SYSTEMPATH\View\View.php(229): CodeIgniter\View\View->CodeIgniter\View\{closure}()
 4 SYSTEMPATH\Common.php(1167): CodeIgniter\View\View->render('buku/edit', [], true)
 5 APPPATH\Controllers\buku.php(102): view('buku/edit', [...])
 6 SYSTEMPATH\CodeIgniter.php(933): App\Controllers\Buku->edit('2')
 7 SYSTEMPATH\CodeIgniter.php(507): CodeIgniter\CodeIgniter->runController(Object(App\Controllers\Buku))
 8 SYSTEMPATH\CodeIgniter.php(354): CodeIgniter\CodeIgniter->handleRequest(null, Object(Config\Cache), false)
 9 SYSTEMPATH\Boot.php(363): CodeIgniter\CodeIgniter->run()
10 SYSTEMPATH\Boot.php(68): CodeIgniter\Boot::runCodeIgniter(Object(CodeIgniter\CodeIgniter))
11 FCPATH\index.php(59): CodeIgniter\Boot::bootWeb(Object(Config\Paths))
CRITICAL - 2026-04-17 15:24:02 --> ErrorException: Undefined array key "deskripsi"
[Method: GET, Route: buku/edit/2]
in APPPATH\Views\buku\edit.php on line 62.
 1 APPPATH\Views\buku\edit.php(62): CodeIgniter\Debug\Exceptions->errorHandler(2, 'Undefined array key "deskripsi"', 'C:\\xampp\\htdocs\\perpus\\app\\Views\\buku\\edit.php', 62)
 2 SYSTEMPATH\View\View.php(226): include('C:\\xampp\\htdocs\\perpus\\app\\Views\\buku\\edit.php')
 3 SYSTEMPATH\View\View.php(229): CodeIgniter\View\View->CodeIgniter\View\{closure}()
 4 SYSTEMPATH\Common.php(1167): CodeIgniter\View\View->render('buku/edit', [], true)
 5 APPPATH\Controllers\buku.php(102): view('buku/edit', [...])
 6 SYSTEMPATH\CodeIgniter.php(933): App\Controllers\Buku->edit('2')
 7 SYSTEMPATH\CodeIgniter.php(507): CodeIgniter\CodeIgniter->runController(Object(App\Controllers\Buku))
 8 SYSTEMPATH\CodeIgniter.php(354): CodeIgniter\CodeIgniter->handleRequest(null, Object(Config\Cache), false)
 9 SYSTEMPATH\Boot.php(363): CodeIgniter\CodeIgniter->run()
10 SYSTEMPATH\Boot.php(68): CodeIgniter\Boot::runCodeIgniter(Object(CodeIgniter\CodeIgniter))
11 FCPATH\index.php(59): CodeIgniter\Boot::bootWeb(Object(Config\Paths))
CRITICAL - 2026-04-17 15:24:19 --> ErrorException: Undefined array key "deskripsi"
[Method: GET, Route: buku/edit/2]
in APPPATH\Views\buku\edit.php on line 62.
 1 APPPATH\Views\buku\edit.php(62): CodeIgniter\Debug\Exceptions->errorHandler(2, 'Undefined array key "deskripsi"', 'C:\\xampp\\htdocs\\perpus\\app\\Views\\buku\\edit.php', 62)
 2 SYSTEMPATH\View\View.php(226): include('C:\\xampp\\htdocs\\perpus\\app\\Views\\buku\\edit.php')
 3 SYSTEMPATH\View\View.php(229): CodeIgniter\View\View->CodeIgniter\View\{closure}()
 4 SYSTEMPATH\Common.php(1167): CodeIgniter\View\View->render('buku/edit', [], true)
 5 APPPATH\Controllers\buku.php(102): view('buku/edit', [...])
 6 SYSTEMPATH\CodeIgniter.php(933): App\Controllers\Buku->edit('2')
 7 SYSTEMPATH\CodeIgniter.php(507): CodeIgniter\CodeIgniter->runController(Object(App\Controllers\Buku))
 8 SYSTEMPATH\CodeIgniter.php(354): CodeIgniter\CodeIgniter->handleRequest(null, Object(Config\Cache), false)
 9 SYSTEMPATH\Boot.php(363): CodeIgniter\CodeIgniter->run()
10 SYSTEMPATH\Boot.php(68): CodeIgniter\Boot::runCodeIgniter(Object(CodeIgniter\CodeIgniter))
11 FCPATH\index.php(59): CodeIgniter\Boot::bootWeb(Object(Config\Paths))
CRITICAL - 2026-04-17 15:25:43 --> ErrorException: Undefined array key "deskripsi"
[Method: GET, Route: buku/edit/2]
in APPPATH\Views\buku\edit.php on line 62.
 1 APPPATH\Views\buku\edit.php(62): CodeIgniter\Debug\Exceptions->errorHandler(2, 'Undefined array key "deskripsi"', 'C:\\xampp\\htdocs\\perpus\\app\\Views\\buku\\edit.php', 62)
 2 SYSTEMPATH\View\View.php(226): include('C:\\xampp\\htdocs\\perpus\\app\\Views\\buku\\edit.php')
 3 SYSTEMPATH\View\View.php(229): CodeIgniter\View\View->CodeIgniter\View\{closure}()
 4 SYSTEMPATH\Common.php(1167): CodeIgniter\View\View->render('buku/edit', [], true)
 5 APPPATH\Controllers\buku.php(102): view('buku/edit', [...])
 6 SYSTEMPATH\CodeIgniter.php(933): App\Controllers\Buku->edit('2')
 7 SYSTEMPATH\CodeIgniter.php(507): CodeIgniter\CodeIgniter->runController(Object(App\Controllers\Buku))
 8 SYSTEMPATH\CodeIgniter.php(354): CodeIgniter\CodeIgniter->handleRequest(null, Object(Config\Cache), false)
 9 SYSTEMPATH\Boot.php(363): CodeIgniter\CodeIgniter->run()
10 SYSTEMPATH\Boot.php(68): CodeIgniter\Boot::runCodeIgniter(Object(CodeIgniter\CodeIgniter))
11 FCPATH\index.php(59): CodeIgniter\Boot::bootWeb(Object(Config\Paths))
CRITICAL - 2026-04-17 15:26:56 --> ErrorException: Undefined array key "deskripsi"
[Method: GET, Route: buku/edit/2]
in APPPATH\Views\buku\edit.php on line 62.
 1 APPPATH\Views\buku\edit.php(62): CodeIgniter\Debug\Exceptions->errorHandler(2, 'Undefined array key "deskripsi"', 'C:\\xampp\\htdocs\\perpus\\app\\Views\\buku\\edit.php', 62)
 2 SYSTEMPATH\View\View.php(226): include('C:\\xampp\\htdocs\\perpus\\app\\Views\\buku\\edit.php')
 3 SYSTEMPATH\View\View.php(229): CodeIgniter\View\View->CodeIgniter\View\{closure}()
 4 SYSTEMPATH\Common.php(1167): CodeIgniter\View\View->render('buku/edit', [], true)
 5 APPPATH\Controllers\buku.php(102): view('buku/edit', [...])
 6 SYSTEMPATH\CodeIgniter.php(933): App\Controllers\Buku->edit('2')
 7 SYSTEMPATH\CodeIgniter.php(507): CodeIgniter\CodeIgniter->runController(Object(App\Controllers\Buku))
 8 SYSTEMPATH\CodeIgniter.php(354): CodeIgniter\CodeIgniter->handleRequest(null, Object(Config\Cache), false)
 9 SYSTEMPATH\Boot.php(363): CodeIgniter\CodeIgniter->run()
10 SYSTEMPATH\Boot.php(68): CodeIgniter\Boot::runCodeIgniter(Object(CodeIgniter\CodeIgniter))
11 FCPATH\index.php(59): CodeIgniter\Boot::bootWeb(Object(Config\Paths))
CRITICAL - 2026-04-17 15:26:57 --> ErrorException: Undefined array key "deskripsi"
[Method: GET, Route: buku/edit/2]
in APPPATH\Views\buku\edit.php on line 62.
 1 APPPATH\Views\buku\edit.php(62): CodeIgniter\Debug\Exceptions->errorHandler(2, 'Undefined array key "deskripsi"', 'C:\\xampp\\htdocs\\perpus\\app\\Views\\buku\\edit.php', 62)
 2 SYSTEMPATH\View\View.php(226): include('C:\\xampp\\htdocs\\perpus\\app\\Views\\buku\\edit.php')
 3 SYSTEMPATH\View\View.php(229): CodeIgniter\View\View->CodeIgniter\View\{closure}()
 4 SYSTEMPATH\Common.php(1167): CodeIgniter\View\View->render('buku/edit', [], true)
 5 APPPATH\Controllers\buku.php(102): view('buku/edit', [...])
 6 SYSTEMPATH\CodeIgniter.php(933): App\Controllers\Buku->edit('2')
 7 SYSTEMPATH\CodeIgniter.php(507): CodeIgniter\CodeIgniter->runController(Object(App\Controllers\Buku))
 8 SYSTEMPATH\CodeIgniter.php(354): CodeIgniter\CodeIgniter->handleRequest(null, Object(Config\Cache), false)
 9 SYSTEMPATH\Boot.php(363): CodeIgniter\CodeIgniter->run()
10 SYSTEMPATH\Boot.php(68): CodeIgniter\Boot::runCodeIgniter(Object(CodeIgniter\CodeIgniter))
11 FCPATH\index.php(59): CodeIgniter\Boot::bootWeb(Object(Config\Paths))
CRITICAL - 2026-04-17 15:28:31 --> ErrorException: Undefined array key "deskripsi"
[Method: GET, Route: buku/edit/2]
in APPPATH\Views\buku\edit.php on line 62.
 1 APPPATH\Views\buku\edit.php(62): CodeIgniter\Debug\Exceptions->errorHandler(2, 'Undefined array key "deskripsi"', 'C:\\xampp\\htdocs\\perpus\\app\\Views\\buku\\edit.php', 62)
 2 SYSTEMPATH\View\View.php(226): include('C:\\xampp\\htdocs\\perpus\\app\\Views\\buku\\edit.php')
 3 SYSTEMPATH\View\View.php(229): CodeIgniter\View\View->CodeIgniter\View\{closure}()
 4 SYSTEMPATH\Common.php(1167): CodeIgniter\View\View->render('buku/edit', [], true)
 5 APPPATH\Controllers\buku.php(102): view('buku/edit', [...])
 6 SYSTEMPATH\CodeIgniter.php(933): App\Controllers\Buku->edit('2')
 7 SYSTEMPATH\CodeIgniter.php(507): CodeIgniter\CodeIgniter->runController(Object(App\Controllers\Buku))
 8 SYSTEMPATH\CodeIgniter.php(354): CodeIgniter\CodeIgniter->handleRequest(null, Object(Config\Cache), false)
 9 SYSTEMPATH\Boot.php(363): CodeIgniter\CodeIgniter->run()
10 SYSTEMPATH\Boot.php(68): CodeIgniter\Boot::runCodeIgniter(Object(CodeIgniter\CodeIgniter))
11 FCPATH\index.php(59): CodeIgniter\Boot::bootWeb(Object(Config\Paths))
CRITICAL - 2026-04-17 15:28:55 --> ErrorException: Undefined array key "deskripsi"
[Method: GET, Route: buku/edit/2]
in APPPATH\Views\buku\edit.php on line 62.
 1 APPPATH\Views\buku\edit.php(62): CodeIgniter\Debug\Exceptions->errorHandler(2, 'Undefined array key "deskripsi"', 'C:\\xampp\\htdocs\\perpus\\app\\Views\\buku\\edit.php', 62)
 2 SYSTEMPATH\View\View.php(226): include('C:\\xampp\\htdocs\\perpus\\app\\Views\\buku\\edit.php')
 3 SYSTEMPATH\View\View.php(229): CodeIgniter\View\View->CodeIgniter\View\{closure}()
 4 SYSTEMPATH\Common.php(1167): CodeIgniter\View\View->render('buku/edit', [], true)
 5 APPPATH\Controllers\buku.php(102): view('buku/edit', [...])
 6 SYSTEMPATH\CodeIgniter.php(933): App\Controllers\Buku->edit('2')
 7 SYSTEMPATH\CodeIgniter.php(507): CodeIgniter\CodeIgniter->runController(Object(App\Controllers\Buku))
 8 SYSTEMPATH\CodeIgniter.php(354): CodeIgniter\CodeIgniter->handleRequest(null, Object(Config\Cache), false)
 9 SYSTEMPATH\Boot.php(363): CodeIgniter\CodeIgniter->run()
10 SYSTEMPATH\Boot.php(68): CodeIgniter\Boot::runCodeIgniter(Object(CodeIgniter\CodeIgniter))
11 FCPATH\index.php(59): CodeIgniter\Boot::bootWeb(Object(Config\Paths))
CRITICAL - 2026-04-17 15:28:56 --> ErrorException: Undefined array key "deskripsi"
[Method: GET, Route: buku/edit/2]
in APPPATH\Views\buku\edit.php on line 62.
 1 APPPATH\Views\buku\edit.php(62): CodeIgniter\Debug\Exceptions->errorHandler(2, 'Undefined array key "deskripsi"', 'C:\\xampp\\htdocs\\perpus\\app\\Views\\buku\\edit.php', 62)
 2 SYSTEMPATH\View\View.php(226): include('C:\\xampp\\htdocs\\perpus\\app\\Views\\buku\\edit.php')
 3 SYSTEMPATH\View\View.php(229): CodeIgniter\View\View->CodeIgniter\View\{closure}()
 4 SYSTEMPATH\Common.php(1167): CodeIgniter\View\View->render('buku/edit', [], true)
 5 APPPATH\Controllers\buku.php(102): view('buku/edit', [...])
 6 SYSTEMPATH\CodeIgniter.php(933): App\Controllers\Buku->edit('2')
 7 SYSTEMPATH\CodeIgniter.php(507): CodeIgniter\CodeIgniter->runController(Object(App\Controllers\Buku))
 8 SYSTEMPATH\CodeIgniter.php(354): CodeIgniter\CodeIgniter->handleRequest(null, Object(Config\Cache), false)
 9 SYSTEMPATH\Boot.php(363): CodeIgniter\CodeIgniter->run()
10 SYSTEMPATH\Boot.php(68): CodeIgniter\Boot::runCodeIgniter(Object(CodeIgniter\CodeIgniter))
11 FCPATH\index.php(59): CodeIgniter\Boot::bootWeb(Object(Config\Paths))
CRITICAL - 2026-04-17 15:28:56 --> ErrorException: Undefined array key "deskripsi"
[Method: GET, Route: buku/edit/2]
in APPPATH\Views\buku\edit.php on line 62.
 1 APPPATH\Views\buku\edit.php(62): CodeIgniter\Debug\Exceptions->errorHandler(2, 'Undefined array key "deskripsi"', 'C:\\xampp\\htdocs\\perpus\\app\\Views\\buku\\edit.php', 62)
 2 SYSTEMPATH\View\View.php(226): include('C:\\xampp\\htdocs\\perpus\\app\\Views\\buku\\edit.php')
 3 SYSTEMPATH\View\View.php(229): CodeIgniter\View\View->CodeIgniter\View\{closure}()
 4 SYSTEMPATH\Common.php(1167): CodeIgniter\View\View->render('buku/edit', [], true)
 5 APPPATH\Controllers\buku.php(102): view('buku/edit', [...])
 6 SYSTEMPATH\CodeIgniter.php(933): App\Controllers\Buku->edit('2')
 7 SYSTEMPATH\CodeIgniter.php(507): CodeIgniter\CodeIgniter->runController(Object(App\Controllers\Buku))
 8 SYSTEMPATH\CodeIgniter.php(354): CodeIgniter\CodeIgniter->handleRequest(null, Object(Config\Cache), false)
 9 SYSTEMPATH\Boot.php(363): CodeIgniter\CodeIgniter->run()
10 SYSTEMPATH\Boot.php(68): CodeIgniter\Boot::runCodeIgniter(Object(CodeIgniter\CodeIgniter))
11 FCPATH\index.php(59): CodeIgniter\Boot::bootWeb(Object(Config\Paths))
CRITICAL - 2026-04-17 15:28:56 --> ErrorException: Undefined array key "deskripsi"
[Method: GET, Route: buku/edit/2]
in APPPATH\Views\buku\edit.php on line 62.
 1 APPPATH\Views\buku\edit.php(62): CodeIgniter\Debug\Exceptions->errorHandler(2, 'Undefined array key "deskripsi"', 'C:\\xampp\\htdocs\\perpus\\app\\Views\\buku\\edit.php', 62)
 2 SYSTEMPATH\View\View.php(226): include('C:\\xampp\\htdocs\\perpus\\app\\Views\\buku\\edit.php')
 3 SYSTEMPATH\View\View.php(229): CodeIgniter\View\View->CodeIgniter\View\{closure}()
 4 SYSTEMPATH\Common.php(1167): CodeIgniter\View\View->render('buku/edit', [], true)
 5 APPPATH\Controllers\buku.php(102): view('buku/edit', [...])
 6 SYSTEMPATH\CodeIgniter.php(933): App\Controllers\Buku->edit('2')
 7 SYSTEMPATH\CodeIgniter.php(507): CodeIgniter\CodeIgniter->runController(Object(App\Controllers\Buku))
 8 SYSTEMPATH\CodeIgniter.php(354): CodeIgniter\CodeIgniter->handleRequest(null, Object(Config\Cache), false)
 9 SYSTEMPATH\Boot.php(363): CodeIgniter\CodeIgniter->run()
10 SYSTEMPATH\Boot.php(68): CodeIgniter\Boot::runCodeIgniter(Object(CodeIgniter\CodeIgniter))
11 FCPATH\index.php(59): CodeIgniter\Boot::bootWeb(Object(Config\Paths))
CRITICAL - 2026-04-17 15:28:57 --> ErrorException: Undefined array key "deskripsi"
[Method: GET, Route: buku/edit/2]
in APPPATH\Views\buku\edit.php on line 62.
 1 APPPATH\Views\buku\edit.php(62): CodeIgniter\Debug\Exceptions->errorHandler(2, 'Undefined array key "deskripsi"', 'C:\\xampp\\htdocs\\perpus\\app\\Views\\buku\\edit.php', 62)
 2 SYSTEMPATH\View\View.php(226): include('C:\\xampp\\htdocs\\perpus\\app\\Views\\buku\\edit.php')
 3 SYSTEMPATH\View\View.php(229): CodeIgniter\View\View->CodeIgniter\View\{closure}()
 4 SYSTEMPATH\Common.php(1167): CodeIgniter\View\View->render('buku/edit', [], true)
 5 APPPATH\Controllers\buku.php(102): view('buku/edit', [...])
 6 SYSTEMPATH\CodeIgniter.php(933): App\Controllers\Buku->edit('2')
 7 SYSTEMPATH\CodeIgniter.php(507): CodeIgniter\CodeIgniter->runController(Object(App\Controllers\Buku))
 8 SYSTEMPATH\CodeIgniter.php(354): CodeIgniter\CodeIgniter->handleRequest(null, Object(Config\Cache), false)
 9 SYSTEMPATH\Boot.php(363): CodeIgniter\CodeIgniter->run()
10 SYSTEMPATH\Boot.php(68): CodeIgniter\Boot::runCodeIgniter(Object(CodeIgniter\CodeIgniter))
11 FCPATH\index.php(59): CodeIgniter\Boot::bootWeb(Object(Config\Paths))
CRITICAL - 2026-04-17 15:28:57 --> ErrorException: Undefined array key "deskripsi"
[Method: GET, Route: buku/edit/2]
in APPPATH\Views\buku\edit.php on line 62.
 1 APPPATH\Views\buku\edit.php(62): CodeIgniter\Debug\Exceptions->errorHandler(2, 'Undefined array key "deskripsi"', 'C:\\xampp\\htdocs\\perpus\\app\\Views\\buku\\edit.php', 62)
 2 SYSTEMPATH\View\View.php(226): include('C:\\xampp\\htdocs\\perpus\\app\\Views\\buku\\edit.php')
 3 SYSTEMPATH\View\View.php(229): CodeIgniter\View\View->CodeIgniter\View\{closure}()
 4 SYSTEMPATH\Common.php(1167): CodeIgniter\View\View->render('buku/edit', [], true)
 5 APPPATH\Controllers\buku.php(102): view('buku/edit', [...])
 6 SYSTEMPATH\CodeIgniter.php(933): App\Controllers\Buku->edit('2')
 7 SYSTEMPATH\CodeIgniter.php(507): CodeIgniter\CodeIgniter->runController(Object(App\Controllers\Buku))
 8 SYSTEMPATH\CodeIgniter.php(354): CodeIgniter\CodeIgniter->handleRequest(null, Object(Config\Cache), false)
 9 SYSTEMPATH\Boot.php(363): CodeIgniter\CodeIgniter->run()
10 SYSTEMPATH\Boot.php(68): CodeIgniter\Boot::runCodeIgniter(Object(CodeIgniter\CodeIgniter))
11 FCPATH\index.php(59): CodeIgniter\Boot::bootWeb(Object(Config\Paths))
CRITICAL - 2026-04-17 15:28:57 --> ErrorException: Undefined array key "deskripsi"
[Method: GET, Route: buku/edit/2]
in APPPATH\Views\buku\edit.php on line 62.
 1 APPPATH\Views\buku\edit.php(62): CodeIgniter\Debug\Exceptions->errorHandler(2, 'Undefined array key "deskripsi"', 'C:\\xampp\\htdocs\\perpus\\app\\Views\\buku\\edit.php', 62)
 2 SYSTEMPATH\View\View.php(226): include('C:\\xampp\\htdocs\\perpus\\app\\Views\\buku\\edit.php')
 3 SYSTEMPATH\View\View.php(229): CodeIgniter\View\View->CodeIgniter\View\{closure}()
 4 SYSTEMPATH\Common.php(1167): CodeIgniter\View\View->render('buku/edit', [], true)
 5 APPPATH\Controllers\buku.php(102): view('buku/edit', [...])
 6 SYSTEMPATH\CodeIgniter.php(933): App\Controllers\Buku->edit('2')
 7 SYSTEMPATH\CodeIgniter.php(507): CodeIgniter\CodeIgniter->runController(Object(App\Controllers\Buku))
 8 SYSTEMPATH\CodeIgniter.php(354): CodeIgniter\CodeIgniter->handleRequest(null, Object(Config\Cache), false)
 9 SYSTEMPATH\Boot.php(363): CodeIgniter\CodeIgniter->run()
10 SYSTEMPATH\Boot.php(68): CodeIgniter\Boot::runCodeIgniter(Object(CodeIgniter\CodeIgniter))
11 FCPATH\index.php(59): CodeIgniter\Boot::bootWeb(Object(Config\Paths))
CRITICAL - 2026-04-17 15:28:58 --> ErrorException: Undefined array key "deskripsi"
[Method: GET, Route: buku/edit/2]
in APPPATH\Views\buku\edit.php on line 62.
 1 APPPATH\Views\buku\edit.php(62): CodeIgniter\Debug\Exceptions->errorHandler(2, 'Undefined array key "deskripsi"', 'C:\\xampp\\htdocs\\perpus\\app\\Views\\buku\\edit.php', 62)
 2 SYSTEMPATH\View\View.php(226): include('C:\\xampp\\htdocs\\perpus\\app\\Views\\buku\\edit.php')
 3 SYSTEMPATH\View\View.php(229): CodeIgniter\View\View->CodeIgniter\View\{closure}()
 4 SYSTEMPATH\Common.php(1167): CodeIgniter\View\View->render('buku/edit', [], true)
 5 APPPATH\Controllers\buku.php(102): view('buku/edit', [...])
 6 SYSTEMPATH\CodeIgniter.php(933): App\Controllers\Buku->edit('2')
 7 SYSTEMPATH\CodeIgniter.php(507): CodeIgniter\CodeIgniter->runController(Object(App\Controllers\Buku))
 8 SYSTEMPATH\CodeIgniter.php(354): CodeIgniter\CodeIgniter->handleRequest(null, Object(Config\Cache), false)
 9 SYSTEMPATH\Boot.php(363): CodeIgniter\CodeIgniter->run()
10 SYSTEMPATH\Boot.php(68): CodeIgniter\Boot::runCodeIgniter(Object(CodeIgniter\CodeIgniter))
11 FCPATH\index.php(59): CodeIgniter\Boot::bootWeb(Object(Config\Paths))
CRITICAL - 2026-04-17 15:29:30 --> ErrorException: Undefined array key "deskripsi"
[Method: GET, Route: buku/edit/2]
in APPPATH\Views\buku\edit.php on line 62.
 1 APPPATH\Views\buku\edit.php(62): CodeIgniter\Debug\Exceptions->errorHandler(2, 'Undefined array key "deskripsi"', 'C:\\xampp\\htdocs\\perpus\\app\\Views\\buku\\edit.php', 62)
 2 SYSTEMPATH\View\View.php(226): include('C:\\xampp\\htdocs\\perpus\\app\\Views\\buku\\edit.php')
 3 SYSTEMPATH\View\View.php(229): CodeIgniter\View\View->CodeIgniter\View\{closure}()
 4 SYSTEMPATH\Common.php(1167): CodeIgniter\View\View->render('buku/edit', [], true)
 5 APPPATH\Controllers\buku.php(102): view('buku/edit', [...])
 6 SYSTEMPATH\CodeIgniter.php(933): App\Controllers\Buku->edit('2')
 7 SYSTEMPATH\CodeIgniter.php(507): CodeIgniter\CodeIgniter->runController(Object(App\Controllers\Buku))
 8 SYSTEMPATH\CodeIgniter.php(354): CodeIgniter\CodeIgniter->handleRequest(null, Object(Config\Cache), false)
 9 SYSTEMPATH\Boot.php(363): CodeIgniter\CodeIgniter->run()
10 SYSTEMPATH\Boot.php(68): CodeIgniter\Boot::runCodeIgniter(Object(CodeIgniter\CodeIgniter))
11 FCPATH\index.php(59): CodeIgniter\Boot::bootWeb(Object(Config\Paths))
CRITICAL - 2026-04-17 15:29:30 --> ErrorException: Undefined array key "deskripsi"
[Method: GET, Route: buku/edit/2]
in APPPATH\Views\buku\edit.php on line 62.
 1 APPPATH\Views\buku\edit.php(62): CodeIgniter\Debug\Exceptions->errorHandler(2, 'Undefined array key "deskripsi"', 'C:\\xampp\\htdocs\\perpus\\app\\Views\\buku\\edit.php', 62)
 2 SYSTEMPATH\View\View.php(226): include('C:\\xampp\\htdocs\\perpus\\app\\Views\\buku\\edit.php')
 3 SYSTEMPATH\View\View.php(229): CodeIgniter\View\View->CodeIgniter\View\{closure}()
 4 SYSTEMPATH\Common.php(1167): CodeIgniter\View\View->render('buku/edit', [], true)
 5 APPPATH\Controllers\buku.php(102): view('buku/edit', [...])
 6 SYSTEMPATH\CodeIgniter.php(933): App\Controllers\Buku->edit('2')
 7 SYSTEMPATH\CodeIgniter.php(507): CodeIgniter\CodeIgniter->runController(Object(App\Controllers\Buku))
 8 SYSTEMPATH\CodeIgniter.php(354): CodeIgniter\CodeIgniter->handleRequest(null, Object(Config\Cache), false)
 9 SYSTEMPATH\Boot.php(363): CodeIgniter\CodeIgniter->run()
10 SYSTEMPATH\Boot.php(68): CodeIgniter\Boot::runCodeIgniter(Object(CodeIgniter\CodeIgniter))
11 FCPATH\index.php(59): CodeIgniter\Boot::bootWeb(Object(Config\Paths))
CRITICAL - 2026-04-17 15:29:45 --> ErrorException: Undefined array key "deskripsi"
[Method: GET, Route: buku/edit/2]
in APPPATH\Views\buku\edit.php on line 62.
 1 APPPATH\Views\buku\edit.php(62): CodeIgniter\Debug\Exceptions->errorHandler(2, 'Undefined array key "deskripsi"', 'C:\\xampp\\htdocs\\perpus\\app\\Views\\buku\\edit.php', 62)
 2 SYSTEMPATH\View\View.php(226): include('C:\\xampp\\htdocs\\perpus\\app\\Views\\buku\\edit.php')
 3 SYSTEMPATH\View\View.php(229): CodeIgniter\View\View->CodeIgniter\View\{closure}()
 4 SYSTEMPATH\Common.php(1167): CodeIgniter\View\View->render('buku/edit', [], true)
 5 APPPATH\Controllers\buku.php(102): view('buku/edit', [...])
 6 SYSTEMPATH\CodeIgniter.php(933): App\Controllers\Buku->edit('2')
 7 SYSTEMPATH\CodeIgniter.php(507): CodeIgniter\CodeIgniter->runController(Object(App\Controllers\Buku))
 8 SYSTEMPATH\CodeIgniter.php(354): CodeIgniter\CodeIgniter->handleRequest(null, Object(Config\Cache), false)
 9 SYSTEMPATH\Boot.php(363): CodeIgniter\CodeIgniter->run()
10 SYSTEMPATH\Boot.php(68): CodeIgniter\Boot::runCodeIgniter(Object(CodeIgniter\CodeIgniter))
11 FCPATH\index.php(59): CodeIgniter\Boot::bootWeb(Object(Config\Paths))
CRITICAL - 2026-04-17 15:29:46 --> ErrorException: Undefined array key "deskripsi"
[Method: GET, Route: buku/edit/2]
in APPPATH\Views\buku\edit.php on line 62.
 1 APPPATH\Views\buku\edit.php(62): CodeIgniter\Debug\Exceptions->errorHandler(2, 'Undefined array key "deskripsi"', 'C:\\xampp\\htdocs\\perpus\\app\\Views\\buku\\edit.php', 62)
 2 SYSTEMPATH\View\View.php(226): include('C:\\xampp\\htdocs\\perpus\\app\\Views\\buku\\edit.php')
 3 SYSTEMPATH\View\View.php(229): CodeIgniter\View\View->CodeIgniter\View\{closure}()
 4 SYSTEMPATH\Common.php(1167): CodeIgniter\View\View->render('buku/edit', [], true)
 5 APPPATH\Controllers\buku.php(102): view('buku/edit', [...])
 6 SYSTEMPATH\CodeIgniter.php(933): App\Controllers\Buku->edit('2')
 7 SYSTEMPATH\CodeIgniter.php(507): CodeIgniter\CodeIgniter->runController(Object(App\Controllers\Buku))
 8 SYSTEMPATH\CodeIgniter.php(354): CodeIgniter\CodeIgniter->handleRequest(null, Object(Config\Cache), false)
 9 SYSTEMPATH\Boot.php(363): CodeIgniter\CodeIgniter->run()
10 SYSTEMPATH\Boot.php(68): CodeIgniter\Boot::runCodeIgniter(Object(CodeIgniter\CodeIgniter))
11 FCPATH\index.php(59): CodeIgniter\Boot::bootWeb(Object(Config\Paths))
CRITICAL - 2026-04-17 15:29:47 --> ErrorException: Undefined array key "deskripsi"
[Method: GET, Route: buku/edit/2]
in APPPATH\Views\buku\edit.php on line 62.
 1 APPPATH\Views\buku\edit.php(62): CodeIgniter\Debug\Exceptions->errorHandler(2, 'Undefined array key "deskripsi"', 'C:\\xampp\\htdocs\\perpus\\app\\Views\\buku\\edit.php', 62)
 2 SYSTEMPATH\View\View.php(226): include('C:\\xampp\\htdocs\\perpus\\app\\Views\\buku\\edit.php')
 3 SYSTEMPATH\View\View.php(229): CodeIgniter\View\View->CodeIgniter\View\{closure}()
 4 SYSTEMPATH\Common.php(1167): CodeIgniter\View\View->render('buku/edit', [], true)
 5 APPPATH\Controllers\buku.php(102): view('buku/edit', [...])
 6 SYSTEMPATH\CodeIgniter.php(933): App\Controllers\Buku->edit('2')
 7 SYSTEMPATH\CodeIgniter.php(507): CodeIgniter\CodeIgniter->runController(Object(App\Controllers\Buku))
 8 SYSTEMPATH\CodeIgniter.php(354): CodeIgniter\CodeIgniter->handleRequest(null, Object(Config\Cache), false)
 9 SYSTEMPATH\Boot.php(363): CodeIgniter\CodeIgniter->run()
10 SYSTEMPATH\Boot.php(68): CodeIgniter\Boot::runCodeIgniter(Object(CodeIgniter\CodeIgniter))
11 FCPATH\index.php(59): CodeIgniter\Boot::bootWeb(Object(Config\Paths))
DEBUG - 2026-04-17 15:30:47 --> Session: Class initialized using 'CodeIgniter\Session\Handlers\FileHandler' driver.
DEBUG - 2026-04-17 15:30:58 --> Session: Class initialized using 'CodeIgniter\Session\Handlers\FileHandler' driver.
DEBUG - 2026-04-17 15:31:01 --> Session: Class initialized using 'CodeIgniter\Session\Handlers\FileHandler' driver.
CRITICAL - 2026-04-17 15:31:06 --> ErrorException: foreach() argument must be of type array|object, null given
[Method: GET, Route: buku/wa/2]
in APPPATH\Controllers\buku.php on line 141.
 1 APPPATH\Controllers\buku.php(141): CodeIgniter\Debug\Exceptions->errorHandler(2, 'foreach() argument must be of type array|object, null given', 'C:\\xampp\\htdocs\\perpus\\app\\Controllers\\buku.php', 141)
 2 SYSTEMPATH\CodeIgniter.php(933): App\Controllers\Buku->wa('2')
 3 SYSTEMPATH\CodeIgniter.php(507): CodeIgniter\CodeIgniter->runController(Object(App\Controllers\Buku))
 4 SYSTEMPATH\CodeIgniter.php(354): CodeIgniter\CodeIgniter->handleRequest(null, Object(Config\Cache), false)
 5 SYSTEMPATH\Boot.php(363): CodeIgniter\CodeIgniter->run()
 6 SYSTEMPATH\Boot.php(68): CodeIgniter\Boot::runCodeIgniter(Object(CodeIgniter\CodeIgniter))
 7 FCPATH\index.php(59): CodeIgniter\Boot::bootWeb(Object(Config\Paths))
DEBUG - 2026-04-17 15:32:51 --> Session: Class initialized using 'CodeIgniter\Session\Handlers\FileHandler' driver.
DEBUG - 2026-04-17 15:32:52 --> Session: Class initialized using 'CodeIgniter\Session\Handlers\FileHandler' driver.
DEBUG - 2026-04-17 15:34:08 --> Session: Class initialized using 'CodeIgniter\Session\Handlers\FileHandler' driver.
DEBUG - 2026-04-17 15:34:11 --> Session: Class initialized using 'CodeIgniter\Session\Handlers\FileHandler' driver.
DEBUG - 2026-04-17 15:34:15 --> Session: Class initialized using 'CodeIgniter\Session\Handlers\FileHandler' driver.
DEBUG - 2026-04-17 15:34:34 --> Session: Class initialized using 'CodeIgniter\Session\Handlers\FileHandler' driver.
ERROR - 2026-04-17 15:35:06 --> mysqli_sql_exception: Unknown column 'deskripsi' in 'field list' in C:\xampp\htdocs\perpus\system\Database\MySQLi\Connection.php:327
Stack trace:
#0 C:\xampp\htdocs\perpus\system\Database\MySQLi\Connection.php(327): mysqli->query('INSERT INTO `bu...', 0)
#1 C:\xampp\htdocs\perpus\system\Database\BaseConnection.php(729): CodeIgniter\Database\MySQLi\Connection->execute('INSERT INTO `bu...')
#2 C:\xampp\htdocs\perpus\system\Database\BaseConnection.php(646): CodeIgniter\Database\BaseConnection->simpleQuery('INSERT INTO `bu...')
#3 C:\xampp\htdocs\perpus\system\Database\BaseBuilder.php(2345): CodeIgniter\Database\BaseConnection->query('INSERT INTO `bu...', Array, false)
#4 C:\xampp\htdocs\perpus\system\Model.php(394): CodeIgniter\Database\BaseBuilder->insert()
#5 C:\xampp\htdocs\perpus\system\BaseModel.php(838): CodeIgniter\Model->doInsert(Array)
#6 C:\xampp\htdocs\perpus\system\Model.php(797): CodeIgniter\BaseModel->insert(Array, true)
#7 C:\xampp\htdocs\perpus\app\Controllers\buku.php(60): CodeIgniter\Model->insert(Array)
#8 C:\xampp\htdocs\perpus\system\CodeIgniter.php(933): App\Controllers\Buku->store()
#9 C:\xampp\htdocs\perpus\system\CodeIgniter.php(507): CodeIgniter\CodeIgniter->runController(Object(App\Controllers\Buku))
#10 C:\xampp\htdocs\perpus\system\CodeIgniter.php(354): CodeIgniter\CodeIgniter->handleRequest(NULL, Object(Config\Cache), false)
#11 C:\xampp\htdocs\perpus\system\Boot.php(363): CodeIgniter\CodeIgniter->run()
#12 C:\xampp\htdocs\perpus\system\Boot.php(68): CodeIgniter\Boot::runCodeIgniter(Object(CodeIgniter\CodeIgniter))
#13 C:\xampp\htdocs\perpus\index.php(59): CodeIgniter\Boot::bootWeb(Object(Config\Paths))
#14 {main}
CRITICAL - 2026-04-17 15:35:06 --> CodeIgniter\Database\Exceptions\DatabaseException: Unknown column 'deskripsi' in 'field list'
[Method: POST, Route: buku/store]
in SYSTEMPATH\Database\BaseConnection.php on line 684.
 1 SYSTEMPATH\Database\BaseBuilder.php(2345): CodeIgniter\Database\BaseConnection->query('INSERT INTO `buku` (`judul`, `isbn`, `id_kategori`, `id_penulis`, `id_penerbit`, `tahun_terbit`, `jumlah`, `tersedia`, `deskripsi`) VALUES (:judul:, :isbn:, :id_kategori:, :id_penulis:, :id_penerbit:, :tahun_terbit:, :jumlah:, :tersedia:, :deskripsi:)', [...], false)
 2 SYSTEMPATH\Model.php(394): CodeIgniter\Database\BaseBuilder->insert()
 3 SYSTEMPATH\BaseModel.php(838): CodeIgniter\Model->doInsert([...])
 4 SYSTEMPATH\Model.php(797): CodeIgniter\BaseModel->insert([...], true)
 5 APPPATH\Controllers\buku.php(60): CodeIgniter\Model->insert([...])
 6 SYSTEMPATH\CodeIgniter.php(933): App\Controllers\Buku->store()
 7 SYSTEMPATH\CodeIgniter.php(507): CodeIgniter\CodeIgniter->runController(Object(App\Controllers\Buku))
 8 SYSTEMPATH\CodeIgniter.php(354): CodeIgniter\CodeIgniter->handleRequest(null, Object(Config\Cache), false)
 9 SYSTEMPATH\Boot.php(363): CodeIgniter\CodeIgniter->run()
10 SYSTEMPATH\Boot.php(68): CodeIgniter\Boot::runCodeIgniter(Object(CodeIgniter\CodeIgniter))
11 FCPATH\index.php(59): CodeIgniter\Boot::bootWeb(Object(Config\Paths))
CRITICAL - 2026-04-17 15:35:06 --> [Caused by] CodeIgniter\Database\Exceptions\DatabaseException: Unknown column 'deskripsi' in 'field list'
in SYSTEMPATH\Database\MySQLi\Connection.php on line 332.
 1 SYSTEMPATH\Database\BaseConnection.php(729): CodeIgniter\Database\MySQLi\Connection->execute('INSERT INTO `buku` (`judul`, `isbn`, `id_kategori`, `id_penulis`, `id_penerbit`, `tahun_terbit`, `jumlah`, `tersedia`, `deskripsi`) VALUES (\'langit\', \'1234567\', \'13\', \'2\', \'2\', \'-1\', \'1\', \'1\', \'rteghte\')')
 2 SYSTEMPATH\Database\BaseConnection.php(646): CodeIgniter\Database\BaseConnection->simpleQuery('INSERT INTO `buku` (`judul`, `isbn`, `id_kategori`, `id_penulis`, `id_penerbit`, `tahun_terbit`, `jumlah`, `tersedia`, `deskripsi`) VALUES (\'langit\', \'1234567\', \'13\', \'2\', \'2\', \'-1\', \'1\', \'1\', \'rteghte\')')
 3 SYSTEMPATH\Database\BaseBuilder.php(2345): CodeIgniter\Database\BaseConnection->query('INSERT INTO `buku` (`judul`, `isbn`, `id_kategori`, `id_penulis`, `id_penerbit`, `tahun_terbit`, `jumlah`, `tersedia`, `deskripsi`) VALUES (:judul:, :isbn:, :id_kategori:, :id_penulis:, :id_penerbit:, :tahun_terbit:, :jumlah:, :tersedia:, :deskripsi:)', [...], false)
 4 SYSTEMPATH\Model.php(394): CodeIgniter\Database\BaseBuilder->insert()
 5 SYSTEMPATH\BaseModel.php(838): CodeIgniter\Model->doInsert([...])
 6 SYSTEMPATH\Model.php(797): CodeIgniter\BaseModel->insert([...], true)
 7 APPPATH\Controllers\buku.php(60): CodeIgniter\Model->insert([...])
 8 SYSTEMPATH\CodeIgniter.php(933): App\Controllers\Buku->store()
 9 SYSTEMPATH\CodeIgniter.php(507): CodeIgniter\CodeIgniter->runController(Object(App\Controllers\Buku))
10 SYSTEMPATH\CodeIgniter.php(354): CodeIgniter\CodeIgniter->handleRequest(null, Object(Config\Cache), false)
11 SYSTEMPATH\Boot.php(363): CodeIgniter\CodeIgniter->run()
12 SYSTEMPATH\Boot.php(68): CodeIgniter\Boot::runCodeIgniter(Object(CodeIgniter\CodeIgniter))
13 FCPATH\index.php(59): CodeIgniter\Boot::bootWeb(Object(Config\Paths))
CRITICAL - 2026-04-17 15:35:06 --> [Caused by] mysqli_sql_exception: Unknown column 'deskripsi' in 'field list'
in SYSTEMPATH\Database\MySQLi\Connection.php on line 327.
 1 SYSTEMPATH\Database\MySQLi\Connection.php(327): mysqli->query('INSERT INTO `buku` (`judul`, `isbn`, `id_kategori`, `id_penulis`, `id_penerbit`, `tahun_terbit`, `jumlah`, `tersedia`, `deskripsi`) VALUES (\'langit\', \'1234567\', \'13\', \'2\', \'2\', \'-1\', \'1\', \'1\', \'rteghte\')', 0)
 2 SYSTEMPATH\Database\BaseConnection.php(729): CodeIgniter\Database\MySQLi\Connection->execute('INSERT INTO `buku` (`judul`, `isbn`, `id_kategori`, `id_penulis`, `id_penerbit`, `tahun_terbit`, `jumlah`, `tersedia`, `deskripsi`) VALUES (\'langit\', \'1234567\', \'13\', \'2\', \'2\', \'-1\', \'1\', \'1\', \'rteghte\')')
 3 SYSTEMPATH\Database\BaseConnection.php(646): CodeIgniter\Database\BaseConnection->simpleQuery('INSERT INTO `buku` (`judul`, `isbn`, `id_kategori`, `id_penulis`, `id_penerbit`, `tahun_terbit`, `jumlah`, `tersedia`, `deskripsi`) VALUES (\'langit\', \'1234567\', \'13\', \'2\', \'2\', \'-1\', \'1\', \'1\', \'rteghte\')')
 4 SYSTEMPATH\Database\BaseBuilder.php(2345): CodeIgniter\Database\BaseConnection->query('INSERT INTO `buku` (`judul`, `isbn`, `id_kategori`, `id_penulis`, `id_penerbit`, `tahun_terbit`, `jumlah`, `tersedia`, `deskripsi`) VALUES (:judul:, :isbn:, :id_kategori:, :id_penulis:, :id_penerbit:, :tahun_terbit:, :jumlah:, :tersedia:, :deskripsi:)', [...], false)
 5 SYSTEMPATH\Model.php(394): CodeIgniter\Database\BaseBuilder->insert()
 6 SYSTEMPATH\BaseModel.php(838): CodeIgniter\Model->doInsert([...])
 7 SYSTEMPATH\Model.php(797): CodeIgniter\BaseModel->insert([...], true)
 8 APPPATH\Controllers\buku.php(60): CodeIgniter\Model->insert([...])
 9 SYSTEMPATH\CodeIgniter.php(933): App\Controllers\Buku->store()
10 SYSTEMPATH\CodeIgniter.php(507): CodeIgniter\CodeIgniter->runController(Object(App\Controllers\Buku))
11 SYSTEMPATH\CodeIgniter.php(354): CodeIgniter\CodeIgniter->handleRequest(null, Object(Config\Cache), false)
12 SYSTEMPATH\Boot.php(363): CodeIgniter\CodeIgniter->run()
13 SYSTEMPATH\Boot.php(68): CodeIgniter\Boot::runCodeIgniter(Object(CodeIgniter\CodeIgniter))
14 FCPATH\index.php(59): CodeIgniter\Boot::bootWeb(Object(Config\Paths))
DEBUG - 2026-04-17 15:36:33 --> Session: Class initialized using 'CodeIgniter\Session\Handlers\FileHandler' driver.
DEBUG - 2026-04-17 15:36:34 --> Session: Class initialized using 'CodeIgniter\Session\Handlers\FileHandler' driver.
DEBUG - 2026-04-17 15:41:36 --> Session: Class initialized using 'CodeIgniter\Session\Handlers\FileHandler' driver.
DEBUG - 2026-04-17 15:41:39 --> Session: Class initialized using 'CodeIgniter\Session\Handlers\FileHandler' driver.
DEBUG - 2026-04-17 15:47:07 --> Session: Class initialized using 'CodeIgniter\Session\Handlers\FileHandler' driver.
DEBUG - 2026-04-17 15:51:26 --> Session: Class initialized using 'CodeIgniter\Session\Handlers\FileHandler' driver.
ERROR - 2026-04-17 15:51:30 --> mysqli_sql_exception: Table 'perpus.peminjaman' doesn't exist in C:\xampp\htdocs\perpus\system\Database\MySQLi\Connection.php:327
Stack trace:
#0 C:\xampp\htdocs\perpus\system\Database\MySQLi\Connection.php(327): mysqli->query('SELECT *\nFROM `...', 0)
#1 C:\xampp\htdocs\perpus\system\Database\BaseConnection.php(729): CodeIgniter\Database\MySQLi\Connection->execute('SELECT *\nFROM `...')
#2 C:\xampp\htdocs\perpus\system\Database\BaseConnection.php(646): CodeIgniter\Database\BaseConnection->simpleQuery('SELECT *\nFROM `...')
#3 C:\xampp\htdocs\perpus\system\Database\BaseBuilder.php(1649): CodeIgniter\Database\BaseConnection->query('SELECT *\nFROM `...', Array, false)
#4 C:\xampp\htdocs\perpus\system\Model.php(286): CodeIgniter\Database\BaseBuilder->get()
#5 C:\xampp\htdocs\perpus\system\BaseModel.php(677): CodeIgniter\Model->doFindAll(0, 0)
#6 C:\xampp\htdocs\perpus\app\Controllers\peminjaman.php(12): CodeIgniter\BaseModel->findAll()
#7 C:\xampp\htdocs\perpus\system\CodeIgniter.php(933): App\Controllers\Peminjaman->index()
#8 C:\xampp\htdocs\perpus\system\CodeIgniter.php(507): CodeIgniter\CodeIgniter->runController(Object(App\Controllers\Peminjaman))
#9 C:\xampp\htdocs\perpus\system\CodeIgniter.php(354): CodeIgniter\CodeIgniter->handleRequest(NULL, Object(Config\Cache), false)
#10 C:\xampp\htdocs\perpus\system\Boot.php(363): CodeIgniter\CodeIgniter->run()
#11 C:\xampp\htdocs\perpus\system\Boot.php(68): CodeIgniter\Boot::runCodeIgniter(Object(CodeIgniter\CodeIgniter))
#12 C:\xampp\htdocs\perpus\index.php(59): CodeIgniter\Boot::bootWeb(Object(Config\Paths))
#13 {main}
CRITICAL - 2026-04-17 15:51:30 --> CodeIgniter\Database\Exceptions\DatabaseException: Table 'perpus.peminjaman' doesn't exist
[Method: GET, Route: peminjaman]
in SYSTEMPATH\Database\BaseConnection.php on line 684.
 1 SYSTEMPATH\Database\BaseBuilder.php(1649): CodeIgniter\Database\BaseConnection->query('SELECT *
FROM `peminjaman`', [], false)
 2 SYSTEMPATH\Model.php(286): CodeIgniter\Database\BaseBuilder->get()
 3 SYSTEMPATH\BaseModel.php(677): CodeIgniter\Model->doFindAll(0, 0)
 4 APPPATH\Controllers\peminjaman.php(12): CodeIgniter\BaseModel->findAll()
 5 SYSTEMPATH\CodeIgniter.php(933): App\Controllers\Peminjaman->index()
 6 SYSTEMPATH\CodeIgniter.php(507): CodeIgniter\CodeIgniter->runController(Object(App\Controllers\Peminjaman))
 7 SYSTEMPATH\CodeIgniter.php(354): CodeIgniter\CodeIgniter->handleRequest(null, Object(Config\Cache), false)
 8 SYSTEMPATH\Boot.php(363): CodeIgniter\CodeIgniter->run()
 9 SYSTEMPATH\Boot.php(68): CodeIgniter\Boot::runCodeIgniter(Object(CodeIgniter\CodeIgniter))
10 FCPATH\index.php(59): CodeIgniter\Boot::bootWeb(Object(Config\Paths))
CRITICAL - 2026-04-17 15:51:30 --> [Caused by] CodeIgniter\Database\Exceptions\DatabaseException: Table 'perpus.peminjaman' doesn't exist
in SYSTEMPATH\Database\MySQLi\Connection.php on line 332.
 1 SYSTEMPATH\Database\BaseConnection.php(729): CodeIgniter\Database\MySQLi\Connection->execute('SELECT *
FROM `peminjaman`')
 2 SYSTEMPATH\Database\BaseConnection.php(646): CodeIgniter\Database\BaseConnection->simpleQuery('SELECT *
FROM `peminjaman`')
 3 SYSTEMPATH\Database\BaseBuilder.php(1649): CodeIgniter\Database\BaseConnection->query('SELECT *
FROM `peminjaman`', [], false)
 4 SYSTEMPATH\Model.php(286): CodeIgniter\Database\BaseBuilder->get()
 5 SYSTEMPATH\BaseModel.php(677): CodeIgniter\Model->doFindAll(0, 0)
 6 APPPATH\Controllers\peminjaman.php(12): CodeIgniter\BaseModel->findAll()
 7 SYSTEMPATH\CodeIgniter.php(933): App\Controllers\Peminjaman->index()
 8 SYSTEMPATH\CodeIgniter.php(507): CodeIgniter\CodeIgniter->runController(Object(App\Controllers\Peminjaman))
 9 SYSTEMPATH\CodeIgniter.php(354): CodeIgniter\CodeIgniter->handleRequest(null, Object(Config\Cache), false)
10 SYSTEMPATH\Boot.php(363): CodeIgniter\CodeIgniter->run()
11 SYSTEMPATH\Boot.php(68): CodeIgniter\Boot::runCodeIgniter(Object(CodeIgniter\CodeIgniter))
12 FCPATH\index.php(59): CodeIgniter\Boot::bootWeb(Object(Config\Paths))
CRITICAL - 2026-04-17 15:51:30 --> [Caused by] mysqli_sql_exception: Table 'perpus.peminjaman' doesn't exist
in SYSTEMPATH\Database\MySQLi\Connection.php on line 327.
 1 SYSTEMPATH\Database\MySQLi\Connection.php(327): mysqli->query('SELECT *
FROM `peminjaman`', 0)
 2 SYSTEMPATH\Database\BaseConnection.php(729): CodeIgniter\Database\MySQLi\Connection->execute('SELECT *
FROM `peminjaman`')
 3 SYSTEMPATH\Database\BaseConnection.php(646): CodeIgniter\Database\BaseConnection->simpleQuery('SELECT *
FROM `peminjaman`')
 4 SYSTEMPATH\Database\BaseBuilder.php(1649): CodeIgniter\Database\BaseConnection->query('SELECT *
FROM `peminjaman`', [], false)
 5 SYSTEMPATH\Model.php(286): CodeIgniter\Database\BaseBuilder->get()
 6 SYSTEMPATH\BaseModel.php(677): CodeIgniter\Model->doFindAll(0, 0)
 7 APPPATH\Controllers\peminjaman.php(12): CodeIgniter\BaseModel->findAll()
 8 SYSTEMPATH\CodeIgniter.php(933): App\Controllers\Peminjaman->index()
 9 SYSTEMPATH\CodeIgniter.php(507): CodeIgniter\CodeIgniter->runController(Object(App\Controllers\Peminjaman))
10 SYSTEMPATH\CodeIgniter.php(354): CodeIgniter\CodeIgniter->handleRequest(null, Object(Config\Cache), false)
11 SYSTEMPATH\Boot.php(363): CodeIgniter\CodeIgniter->run()
12 SYSTEMPATH\Boot.php(68): CodeIgniter\Boot::runCodeIgniter(Object(CodeIgniter\CodeIgniter))
13 FCPATH\index.php(59): CodeIgniter\Boot::bootWeb(Object(Config\Paths))
DEBUG - 2026-04-17 15:54:49 --> Session: Class initialized using 'CodeIgniter\Session\Handlers\FileHandler' driver.
DEBUG - 2026-04-17 15:54:54 --> Session: Class initialized using 'CodeIgniter\Session\Handlers\FileHandler' driver.
DEBUG - 2026-04-17 16:00:45 --> Session: Class initialized using 'CodeIgniter\Session\Handlers\FileHandler' driver.
DEBUG - 2026-04-17 16:02:29 --> Session: Class initialized using 'CodeIgniter\Session\Handlers\FileHandler' driver.
DEBUG - 2026-04-17 16:02:31 --> Session: Class initialized using 'CodeIgniter\Session\Handlers\FileHandler' driver.
DEBUG - 2026-04-17 16:03:57 --> Session: Class initialized using 'CodeIgniter\Session\Handlers\FileHandler' driver.
DEBUG - 2026-04-17 16:04:00 --> Session: Class initialized using 'CodeIgniter\Session\Handlers\FileHandler' driver.
DEBUG - 2026-04-17 16:09:16 --> Session: Class initialized using 'CodeIgniter\Session\Handlers\FileHandler' driver.
CRITICAL - 2026-04-17 16:09:27 --> ParseError: syntax error, unexpected token "public", expecting end of file
[Method: GET, Route: peminjaman]
in APPPATH\Controllers\peminjaman.php on line 13.
 1 SYSTEMPATH\Autoloader\Autoloader.php(295): CodeIgniter\Autoloader\Autoloader->includeFile('C:\\xampp\\htdocs\\perpus\\app\\Controllers\\Peminjaman.php')
 2 SYSTEMPATH\Autoloader\Autoloader.php(271): CodeIgniter\Autoloader\Autoloader->loadInNamespace('App\\Controllers\\Peminjaman')
 3 [internal function]: CodeIgniter\Autoloader\Autoloader->loadClass('App\\Controllers\\Peminjaman')
 4 SYSTEMPATH\CodeIgniter.php(885): class_exists('\\App\\Controllers\\Peminjaman', true)
 5 SYSTEMPATH\CodeIgniter.php(494): CodeIgniter\CodeIgniter->startController()
 6 SYSTEMPATH\CodeIgniter.php(354): CodeIgniter\CodeIgniter->handleRequest(null, Object(Config\Cache), false)
 7 SYSTEMPATH\Boot.php(363): CodeIgniter\CodeIgniter->run()
 8 SYSTEMPATH\Boot.php(68): CodeIgniter\Boot::runCodeIgniter(Object(CodeIgniter\CodeIgniter))
 9 FCPATH\index.php(59): CodeIgniter\Boot::bootWeb(Object(Config\Paths))
CRITICAL - 2026-04-17 16:09:28 --> ParseError: syntax error, unexpected token "public", expecting end of file
[Method: GET, Route: peminjaman]
in APPPATH\Controllers\peminjaman.php on line 13.
 1 SYSTEMPATH\Autoloader\Autoloader.php(295): CodeIgniter\Autoloader\Autoloader->includeFile('C:\\xampp\\htdocs\\perpus\\app\\Controllers\\Peminjaman.php')
 2 SYSTEMPATH\Autoloader\Autoloader.php(271): CodeIgniter\Autoloader\Autoloader->loadInNamespace('App\\Controllers\\Peminjaman')
 3 [internal function]: CodeIgniter\Autoloader\Autoloader->loadClass('App\\Controllers\\Peminjaman')
 4 SYSTEMPATH\CodeIgniter.php(885): class_exists('\\App\\Controllers\\Peminjaman', true)
 5 SYSTEMPATH\CodeIgniter.php(494): CodeIgniter\CodeIgniter->startController()
 6 SYSTEMPATH\CodeIgniter.php(354): CodeIgniter\CodeIgniter->handleRequest(null, Object(Config\Cache), false)
 7 SYSTEMPATH\Boot.php(363): CodeIgniter\CodeIgniter->run()
 8 SYSTEMPATH\Boot.php(68): CodeIgniter\Boot::runCodeIgniter(Object(CodeIgniter\CodeIgniter))
 9 FCPATH\index.php(59): CodeIgniter\Boot::bootWeb(Object(Config\Paths))
CRITICAL - 2026-04-17 16:09:38 --> ParseError: syntax error, unexpected token "public", expecting end of file
[Method: GET, Route: peminjaman]
in APPPATH\Controllers\peminjaman.php on line 13.
 1 SYSTEMPATH\Autoloader\Autoloader.php(295): CodeIgniter\Autoloader\Autoloader->includeFile('C:\\xampp\\htdocs\\perpus\\app\\Controllers\\Peminjaman.php')
 2 SYSTEMPATH\Autoloader\Autoloader.php(271): CodeIgniter\Autoloader\Autoloader->loadInNamespace('App\\Controllers\\Peminjaman')
 3 [internal function]: CodeIgniter\Autoloader\Autoloader->loadClass('App\\Controllers\\Peminjaman')
 4 SYSTEMPATH\CodeIgniter.php(885): class_exists('\\App\\Controllers\\Peminjaman', true)
 5 SYSTEMPATH\CodeIgniter.php(494): CodeIgniter\CodeIgniter->startController()
 6 SYSTEMPATH\CodeIgniter.php(354): CodeIgniter\CodeIgniter->handleRequest(null, Object(Config\Cache), false)
 7 SYSTEMPATH\Boot.php(363): CodeIgniter\CodeIgniter->run()
 8 SYSTEMPATH\Boot.php(68): CodeIgniter\Boot::runCodeIgniter(Object(CodeIgniter\CodeIgniter))
 9 FCPATH\index.php(59): CodeIgniter\Boot::bootWeb(Object(Config\Paths))
CRITICAL - 2026-04-17 16:09:39 --> ParseError: syntax error, unexpected token "public", expecting end of file
[Method: GET, Route: peminjaman]
in APPPATH\Controllers\peminjaman.php on line 13.
 1 SYSTEMPATH\Autoloader\Autoloader.php(295): CodeIgniter\Autoloader\Autoloader->includeFile('C:\\xampp\\htdocs\\perpus\\app\\Controllers\\Peminjaman.php')
 2 SYSTEMPATH\Autoloader\Autoloader.php(271): CodeIgniter\Autoloader\Autoloader->loadInNamespace('App\\Controllers\\Peminjaman')
 3 [internal function]: CodeIgniter\Autoloader\Autoloader->loadClass('App\\Controllers\\Peminjaman')
 4 SYSTEMPATH\CodeIgniter.php(885): class_exists('\\App\\Controllers\\Peminjaman', true)
 5 SYSTEMPATH\CodeIgniter.php(494): CodeIgniter\CodeIgniter->startController()
 6 SYSTEMPATH\CodeIgniter.php(354): CodeIgniter\CodeIgniter->handleRequest(null, Object(Config\Cache), false)
 7 SYSTEMPATH\Boot.php(363): CodeIgniter\CodeIgniter->run()
 8 SYSTEMPATH\Boot.php(68): CodeIgniter\Boot::runCodeIgniter(Object(CodeIgniter\CodeIgniter))
 9 FCPATH\index.php(59): CodeIgniter\Boot::bootWeb(Object(Config\Paths))
CRITICAL - 2026-04-17 16:09:39 --> ParseError: syntax error, unexpected token "public", expecting end of file
[Method: GET, Route: peminjaman]
in APPPATH\Controllers\peminjaman.php on line 13.
 1 SYSTEMPATH\Autoloader\Autoloader.php(295): CodeIgniter\Autoloader\Autoloader->includeFile('C:\\xampp\\htdocs\\perpus\\app\\Controllers\\Peminjaman.php')
 2 SYSTEMPATH\Autoloader\Autoloader.php(271): CodeIgniter\Autoloader\Autoloader->loadInNamespace('App\\Controllers\\Peminjaman')
 3 [internal function]: CodeIgniter\Autoloader\Autoloader->loadClass('App\\Controllers\\Peminjaman')
 4 SYSTEMPATH\CodeIgniter.php(885): class_exists('\\App\\Controllers\\Peminjaman', true)
 5 SYSTEMPATH\CodeIgniter.php(494): CodeIgniter\CodeIgniter->startController()
 6 SYSTEMPATH\CodeIgniter.php(354): CodeIgniter\CodeIgniter->handleRequest(null, Object(Config\Cache), false)
 7 SYSTEMPATH\Boot.php(363): CodeIgniter\CodeIgniter->run()
 8 SYSTEMPATH\Boot.php(68): CodeIgniter\Boot::runCodeIgniter(Object(CodeIgniter\CodeIgniter))
 9 FCPATH\index.php(59): CodeIgniter\Boot::bootWeb(Object(Config\Paths))
CRITICAL - 2026-04-17 16:09:40 --> ParseError: syntax error, unexpected token "public", expecting end of file
[Method: GET, Route: peminjaman]
in APPPATH\Controllers\peminjaman.php on line 13.
 1 SYSTEMPATH\Autoloader\Autoloader.php(295): CodeIgniter\Autoloader\Autoloader->includeFile('C:\\xampp\\htdocs\\perpus\\app\\Controllers\\Peminjaman.php')
 2 SYSTEMPATH\Autoloader\Autoloader.php(271): CodeIgniter\Autoloader\Autoloader->loadInNamespace('App\\Controllers\\Peminjaman')
 3 [internal function]: CodeIgniter\Autoloader\Autoloader->loadClass('App\\Controllers\\Peminjaman')
 4 SYSTEMPATH\CodeIgniter.php(885): class_exists('\\App\\Controllers\\Peminjaman', true)
 5 SYSTEMPATH\CodeIgniter.php(494): CodeIgniter\CodeIgniter->startController()
 6 SYSTEMPATH\CodeIgniter.php(354): CodeIgniter\CodeIgniter->handleRequest(null, Object(Config\Cache), false)
 7 SYSTEMPATH\Boot.php(363): CodeIgniter\CodeIgniter->run()
 8 SYSTEMPATH\Boot.php(68): CodeIgniter\Boot::runCodeIgniter(Object(CodeIgniter\CodeIgniter))
 9 FCPATH\index.php(59): CodeIgniter\Boot::bootWeb(Object(Config\Paths))
CRITICAL - 2026-04-17 16:09:40 --> ParseError: syntax error, unexpected token "public", expecting end of file
[Method: GET, Route: peminjaman]
in APPPATH\Controllers\peminjaman.php on line 13.
 1 SYSTEMPATH\Autoloader\Autoloader.php(295): CodeIgniter\Autoloader\Autoloader->includeFile('C:\\xampp\\htdocs\\perpus\\app\\Controllers\\Peminjaman.php')
 2 SYSTEMPATH\Autoloader\Autoloader.php(271): CodeIgniter\Autoloader\Autoloader->loadInNamespace('App\\Controllers\\Peminjaman')
 3 [internal function]: CodeIgniter\Autoloader\Autoloader->loadClass('App\\Controllers\\Peminjaman')
 4 SYSTEMPATH\CodeIgniter.php(885): class_exists('\\App\\Controllers\\Peminjaman', true)
 5 SYSTEMPATH\CodeIgniter.php(494): CodeIgniter\CodeIgniter->startController()
 6 SYSTEMPATH\CodeIgniter.php(354): CodeIgniter\CodeIgniter->handleRequest(null, Object(Config\Cache), false)
 7 SYSTEMPATH\Boot.php(363): CodeIgniter\CodeIgniter->run()
 8 SYSTEMPATH\Boot.php(68): CodeIgniter\Boot::runCodeIgniter(Object(CodeIgniter\CodeIgniter))
 9 FCPATH\index.php(59): CodeIgniter\Boot::bootWeb(Object(Config\Paths))
CRITICAL - 2026-04-17 16:11:25 --> ParseError: syntax error, unexpected token "public", expecting end of file
[Method: GET, Route: peminjaman]
in APPPATH\Controllers\peminjaman.php on line 13.
 1 SYSTEMPATH\Autoloader\Autoloader.php(295): CodeIgniter\Autoloader\Autoloader->includeFile('C:\\xampp\\htdocs\\perpus\\app\\Controllers\\Peminjaman.php')
 2 SYSTEMPATH\Autoloader\Autoloader.php(271): CodeIgniter\Autoloader\Autoloader->loadInNamespace('App\\Controllers\\Peminjaman')
 3 [internal function]: CodeIgniter\Autoloader\Autoloader->loadClass('App\\Controllers\\Peminjaman')
 4 SYSTEMPATH\CodeIgniter.php(885): class_exists('\\App\\Controllers\\Peminjaman', true)
 5 SYSTEMPATH\CodeIgniter.php(494): CodeIgniter\CodeIgniter->startController()
 6 SYSTEMPATH\CodeIgniter.php(354): CodeIgniter\CodeIgniter->handleRequest(null, Object(Config\Cache), false)
 7 SYSTEMPATH\Boot.php(363): CodeIgniter\CodeIgniter->run()
 8 SYSTEMPATH\Boot.php(68): CodeIgniter\Boot::runCodeIgniter(Object(CodeIgniter\CodeIgniter))
 9 FCPATH\index.php(59): CodeIgniter\Boot::bootWeb(Object(Config\Paths))
CRITICAL - 2026-04-17 16:12:11 --> ErrorException: Undefined variable $peminjaman
[Method: GET, Route: peminjaman]
in APPPATH\Views\peminjaman\index.php on line 15.
 1 APPPATH\Views\peminjaman\index.php(15): CodeIgniter\Debug\Exceptions->errorHandler(2, 'Undefined variable $peminjaman', 'C:\\xampp\\htdocs\\perpus\\app\\Views\\peminjaman\\index.php', 15)
 2 SYSTEMPATH\View\View.php(226): include('C:\\xampp\\htdocs\\perpus\\app\\Views\\peminjaman\\index.php')
 3 SYSTEMPATH\View\View.php(229): CodeIgniter\View\View->CodeIgniter\View\{closure}()
 4 SYSTEMPATH\Common.php(1167): CodeIgniter\View\View->render('peminjaman/index', [], true)
 5 APPPATH\Controllers\peminjaman.php(9): view('peminjaman/index')
 6 SYSTEMPATH\CodeIgniter.php(933): App\Controllers\Peminjaman->index()
 7 SYSTEMPATH\CodeIgniter.php(507): CodeIgniter\CodeIgniter->runController(Object(App\Controllers\Peminjaman))
 8 SYSTEMPATH\CodeIgniter.php(354): CodeIgniter\CodeIgniter->handleRequest(null, Object(Config\Cache), false)
 9 SYSTEMPATH\Boot.php(363): CodeIgniter\CodeIgniter->run()
10 SYSTEMPATH\Boot.php(68): CodeIgniter\Boot::runCodeIgniter(Object(CodeIgniter\CodeIgniter))
11 FCPATH\index.php(59): CodeIgniter\Boot::bootWeb(Object(Config\Paths))
CRITICAL - 2026-04-17 16:12:12 --> ErrorException: Undefined variable $peminjaman
[Method: GET, Route: peminjaman]
in APPPATH\Views\peminjaman\index.php on line 15.
 1 APPPATH\Views\peminjaman\index.php(15): CodeIgniter\Debug\Exceptions->errorHandler(2, 'Undefined variable $peminjaman', 'C:\\xampp\\htdocs\\perpus\\app\\Views\\peminjaman\\index.php', 15)
 2 SYSTEMPATH\View\View.php(226): include('C:\\xampp\\htdocs\\perpus\\app\\Views\\peminjaman\\index.php')
 3 SYSTEMPATH\View\View.php(229): CodeIgniter\View\View->CodeIgniter\View\{closure}()
 4 SYSTEMPATH\Common.php(1167): CodeIgniter\View\View->render('peminjaman/index', [], true)
 5 APPPATH\Controllers\peminjaman.php(9): view('peminjaman/index')
 6 SYSTEMPATH\CodeIgniter.php(933): App\Controllers\Peminjaman->index()
 7 SYSTEMPATH\CodeIgniter.php(507): CodeIgniter\CodeIgniter->runController(Object(App\Controllers\Peminjaman))
 8 SYSTEMPATH\CodeIgniter.php(354): CodeIgniter\CodeIgniter->handleRequest(null, Object(Config\Cache), false)
 9 SYSTEMPATH\Boot.php(363): CodeIgniter\CodeIgniter->run()
10 SYSTEMPATH\Boot.php(68): CodeIgniter\Boot::runCodeIgniter(Object(CodeIgniter\CodeIgniter))
11 FCPATH\index.php(59): CodeIgniter\Boot::bootWeb(Object(Config\Paths))
CRITICAL - 2026-04-17 16:19:13 --> ParseError: syntax error, unexpected token "<", expecting end of file
[Method: GET, Route: peminjaman]
in APPPATH\Controllers\peminjaman.php on line 12.
 1 SYSTEMPATH\Autoloader\Autoloader.php(295): CodeIgniter\Autoloader\Autoloader->includeFile('C:\\xampp\\htdocs\\perpus\\app\\Controllers\\Peminjaman.php')
 2 SYSTEMPATH\Autoloader\Autoloader.php(271): CodeIgniter\Autoloader\Autoloader->loadInNamespace('App\\Controllers\\Peminjaman')
 3 [internal function]: CodeIgniter\Autoloader\Autoloader->loadClass('App\\Controllers\\Peminjaman')
 4 SYSTEMPATH\CodeIgniter.php(885): class_exists('\\App\\Controllers\\Peminjaman', true)
 5 SYSTEMPATH\CodeIgniter.php(494): CodeIgniter\CodeIgniter->startController()
 6 SYSTEMPATH\CodeIgniter.php(354): CodeIgniter\CodeIgniter->handleRequest(null, Object(Config\Cache), false)
 7 SYSTEMPATH\Boot.php(363): CodeIgniter\CodeIgniter->run()
 8 SYSTEMPATH\Boot.php(68): CodeIgniter\Boot::runCodeIgniter(Object(CodeIgniter\CodeIgniter))
 9 FCPATH\index.php(59): CodeIgniter\Boot::bootWeb(Object(Config\Paths))
CRITICAL - 2026-04-17 16:20:33 --> ErrorException: Undefined variable $peminjaman
[Method: GET, Route: peminjaman]
in APPPATH\Views\peminjaman\index.php on line 15.
 1 APPPATH\Views\peminjaman\index.php(15): CodeIgniter\Debug\Exceptions->errorHandler(2, 'Undefined variable $peminjaman', 'C:\\xampp\\htdocs\\perpus\\app\\Views\\peminjaman\\index.php', 15)
 2 SYSTEMPATH\View\View.php(226): include('C:\\xampp\\htdocs\\perpus\\app\\Views\\peminjaman\\index.php')
 3 SYSTEMPATH\View\View.php(229): CodeIgniter\View\View->CodeIgniter\View\{closure}()
 4 SYSTEMPATH\Common.php(1167): CodeIgniter\View\View->render('peminjaman/index', [], true)
 5 APPPATH\Controllers\peminjaman.php(9): view('peminjaman/index')
 6 SYSTEMPATH\CodeIgniter.php(933): App\Controllers\Peminjaman->index()
 7 SYSTEMPATH\CodeIgniter.php(507): CodeIgniter\CodeIgniter->runController(Object(App\Controllers\Peminjaman))
 8 SYSTEMPATH\CodeIgniter.php(354): CodeIgniter\CodeIgniter->handleRequest(null, Object(Config\Cache), false)
 9 SYSTEMPATH\Boot.php(363): CodeIgniter\CodeIgniter->run()
10 SYSTEMPATH\Boot.php(68): CodeIgniter\Boot::runCodeIgniter(Object(CodeIgniter\CodeIgniter))
11 FCPATH\index.php(59): CodeIgniter\Boot::bootWeb(Object(Config\Paths))
CRITICAL - 2026-04-17 16:20:34 --> ErrorException: Undefined variable $peminjaman
[Method: GET, Route: peminjaman]
in APPPATH\Views\peminjaman\index.php on line 15.
 1 APPPATH\Views\peminjaman\index.php(15): CodeIgniter\Debug\Exceptions->errorHandler(2, 'Undefined variable $peminjaman', 'C:\\xampp\\htdocs\\perpus\\app\\Views\\peminjaman\\index.php', 15)
 2 SYSTEMPATH\View\View.php(226): include('C:\\xampp\\htdocs\\perpus\\app\\Views\\peminjaman\\index.php')
 3 SYSTEMPATH\View\View.php(229): CodeIgniter\View\View->CodeIgniter\View\{closure}()
 4 SYSTEMPATH\Common.php(1167): CodeIgniter\View\View->render('peminjaman/index', [], true)
 5 APPPATH\Controllers\peminjaman.php(9): view('peminjaman/index')
 6 SYSTEMPATH\CodeIgniter.php(933): App\Controllers\Peminjaman->index()
 7 SYSTEMPATH\CodeIgniter.php(507): CodeIgniter\CodeIgniter->runController(Object(App\Controllers\Peminjaman))
 8 SYSTEMPATH\CodeIgniter.php(354): CodeIgniter\CodeIgniter->handleRequest(null, Object(Config\Cache), false)
 9 SYSTEMPATH\Boot.php(363): CodeIgniter\CodeIgniter->run()
10 SYSTEMPATH\Boot.php(68): CodeIgniter\Boot::runCodeIgniter(Object(CodeIgniter\CodeIgniter))
11 FCPATH\index.php(59): CodeIgniter\Boot::bootWeb(Object(Config\Paths))
CRITICAL - 2026-04-17 16:21:32 --> ParseError: syntax error, unexpected token "<", expecting end of file
[Method: GET, Route: peminjaman]
in APPPATH\Views\peminjaman\index.php on line 14.
 1 SYSTEMPATH\View\View.php(229): CodeIgniter\View\View->CodeIgniter\View\{closure}()
 2 SYSTEMPATH\Common.php(1167): CodeIgniter\View\View->render('peminjaman/index', [], true)
 3 APPPATH\Controllers\peminjaman.php(9): view('peminjaman/index')
 4 SYSTEMPATH\CodeIgniter.php(933): App\Controllers\Peminjaman->index()
 5 SYSTEMPATH\CodeIgniter.php(507): CodeIgniter\CodeIgniter->runController(Object(App\Controllers\Peminjaman))
 6 SYSTEMPATH\CodeIgniter.php(354): CodeIgniter\CodeIgniter->handleRequest(null, Object(Config\Cache), false)
 7 SYSTEMPATH\Boot.php(363): CodeIgniter\CodeIgniter->run()
 8 SYSTEMPATH\Boot.php(68): CodeIgniter\Boot::runCodeIgniter(Object(CodeIgniter\CodeIgniter))
 9 FCPATH\index.php(59): CodeIgniter\Boot::bootWeb(Object(Config\Paths))
CRITICAL - 2026-04-17 16:21:33 --> ParseError: syntax error, unexpected token "<", expecting end of file
[Method: GET, Route: peminjaman]
in APPPATH\Views\peminjaman\index.php on line 14.
 1 SYSTEMPATH\View\View.php(229): CodeIgniter\View\View->CodeIgniter\View\{closure}()
 2 SYSTEMPATH\Common.php(1167): CodeIgniter\View\View->render('peminjaman/index', [], true)
 3 APPPATH\Controllers\peminjaman.php(9): view('peminjaman/index')
 4 SYSTEMPATH\CodeIgniter.php(933): App\Controllers\Peminjaman->index()
 5 SYSTEMPATH\CodeIgniter.php(507): CodeIgniter\CodeIgniter->runController(Object(App\Controllers\Peminjaman))
 6 SYSTEMPATH\CodeIgniter.php(354): CodeIgniter\CodeIgniter->handleRequest(null, Object(Config\Cache), false)
 7 SYSTEMPATH\Boot.php(363): CodeIgniter\CodeIgniter->run()
 8 SYSTEMPATH\Boot.php(68): CodeIgniter\Boot::runCodeIgniter(Object(CodeIgniter\CodeIgniter))
 9 FCPATH\index.php(59): CodeIgniter\Boot::bootWeb(Object(Config\Paths))
CRITICAL - 2026-04-17 16:21:33 --> ParseError: syntax error, unexpected token "<", expecting end of file
[Method: GET, Route: peminjaman]
in APPPATH\Views\peminjaman\index.php on line 14.
 1 SYSTEMPATH\View\View.php(229): CodeIgniter\View\View->CodeIgniter\View\{closure}()
 2 SYSTEMPATH\Common.php(1167): CodeIgniter\View\View->render('peminjaman/index', [], true)
 3 APPPATH\Controllers\peminjaman.php(9): view('peminjaman/index')
 4 SYSTEMPATH\CodeIgniter.php(933): App\Controllers\Peminjaman->index()
 5 SYSTEMPATH\CodeIgniter.php(507): CodeIgniter\CodeIgniter->runController(Object(App\Controllers\Peminjaman))
 6 SYSTEMPATH\CodeIgniter.php(354): CodeIgniter\CodeIgniter->handleRequest(null, Object(Config\Cache), false)
 7 SYSTEMPATH\Boot.php(363): CodeIgniter\CodeIgniter->run()
 8 SYSTEMPATH\Boot.php(68): CodeIgniter\Boot::runCodeIgniter(Object(CodeIgniter\CodeIgniter))
 9 FCPATH\index.php(59): CodeIgniter\Boot::bootWeb(Object(Config\Paths))
CRITICAL - 2026-04-17 16:21:33 --> ParseError: syntax error, unexpected token "<", expecting end of file
[Method: GET, Route: peminjaman]
in APPPATH\Views\peminjaman\index.php on line 14.
 1 SYSTEMPATH\View\View.php(229): CodeIgniter\View\View->CodeIgniter\View\{closure}()
 2 SYSTEMPATH\Common.php(1167): CodeIgniter\View\View->render('peminjaman/index', [], true)
 3 APPPATH\Controllers\peminjaman.php(9): view('peminjaman/index')
 4 SYSTEMPATH\CodeIgniter.php(933): App\Controllers\Peminjaman->index()
 5 SYSTEMPATH\CodeIgniter.php(507): CodeIgniter\CodeIgniter->runController(Object(App\Controllers\Peminjaman))
 6 SYSTEMPATH\CodeIgniter.php(354): CodeIgniter\CodeIgniter->handleRequest(null, Object(Config\Cache), false)
 7 SYSTEMPATH\Boot.php(363): CodeIgniter\CodeIgniter->run()
 8 SYSTEMPATH\Boot.php(68): CodeIgniter\Boot::runCodeIgniter(Object(CodeIgniter\CodeIgniter))
 9 FCPATH\index.php(59): CodeIgniter\Boot::bootWeb(Object(Config\Paths))
CRITICAL - 2026-04-17 16:23:17 --> ParseError: syntax error, unexpected token "<", expecting end of file
[Method: GET, Route: peminjaman]
in APPPATH\Views\peminjaman\index.php on line 14.
 1 SYSTEMPATH\View\View.php(229): CodeIgniter\View\View->CodeIgniter\View\{closure}()
 2 SYSTEMPATH\Common.php(1167): CodeIgniter\View\View->render('peminjaman/index', [], true)
 3 APPPATH\Controllers\peminjaman.php(9): view('peminjaman/index')
 4 SYSTEMPATH\CodeIgniter.php(933): App\Controllers\Peminjaman->index()
 5 SYSTEMPATH\CodeIgniter.php(507): CodeIgniter\CodeIgniter->runController(Object(App\Controllers\Peminjaman))
 6 SYSTEMPATH\CodeIgniter.php(354): CodeIgniter\CodeIgniter->handleRequest(null, Object(Config\Cache), false)
 7 SYSTEMPATH\Boot.php(363): CodeIgniter\CodeIgniter->run()
 8 SYSTEMPATH\Boot.php(68): CodeIgniter\Boot::runCodeIgniter(Object(CodeIgniter\CodeIgniter))
 9 FCPATH\index.php(59): CodeIgniter\Boot::bootWeb(Object(Config\Paths))
CRITICAL - 2026-04-17 16:23:43 --> ErrorException: Undefined variable $peminjaman
[Method: GET, Route: peminjaman]
in APPPATH\Views\peminjaman\index.php on line 39.
 1 APPPATH\Views\peminjaman\index.php(39): CodeIgniter\Debug\Exceptions->errorHandler(2, 'Undefined variable $peminjaman', 'C:\\xampp\\htdocs\\perpus\\app\\Views\\peminjaman\\index.php', 39)
 2 SYSTEMPATH\View\View.php(226): include('C:\\xampp\\htdocs\\perpus\\app\\Views\\peminjaman\\index.php')
 3 SYSTEMPATH\View\View.php(229): CodeIgniter\View\View->CodeIgniter\View\{closure}()
 4 SYSTEMPATH\Common.php(1167): CodeIgniter\View\View->render('peminjaman/index', [], true)
 5 APPPATH\Controllers\peminjaman.php(9): view('peminjaman/index')
 6 SYSTEMPATH\CodeIgniter.php(933): App\Controllers\Peminjaman->index()
 7 SYSTEMPATH\CodeIgniter.php(507): CodeIgniter\CodeIgniter->runController(Object(App\Controllers\Peminjaman))
 8 SYSTEMPATH\CodeIgniter.php(354): CodeIgniter\CodeIgniter->handleRequest(null, Object(Config\Cache), false)
 9 SYSTEMPATH\Boot.php(363): CodeIgniter\CodeIgniter->run()
10 SYSTEMPATH\Boot.php(68): CodeIgniter\Boot::runCodeIgniter(Object(CodeIgniter\CodeIgniter))
11 FCPATH\index.php(59): CodeIgniter\Boot::bootWeb(Object(Config\Paths))
CRITICAL - 2026-04-17 16:23:44 --> ErrorException: Undefined variable $peminjaman
[Method: GET, Route: peminjaman]
in APPPATH\Views\peminjaman\index.php on line 39.
 1 APPPATH\Views\peminjaman\index.php(39): CodeIgniter\Debug\Exceptions->errorHandler(2, 'Undefined variable $peminjaman', 'C:\\xampp\\htdocs\\perpus\\app\\Views\\peminjaman\\index.php', 39)
 2 SYSTEMPATH\View\View.php(226): include('C:\\xampp\\htdocs\\perpus\\app\\Views\\peminjaman\\index.php')
 3 SYSTEMPATH\View\View.php(229): CodeIgniter\View\View->CodeIgniter\View\{closure}()
 4 SYSTEMPATH\Common.php(1167): CodeIgniter\View\View->render('peminjaman/index', [], true)
 5 APPPATH\Controllers\peminjaman.php(9): view('peminjaman/index')
 6 SYSTEMPATH\CodeIgniter.php(933): App\Controllers\Peminjaman->index()
 7 SYSTEMPATH\CodeIgniter.php(507): CodeIgniter\CodeIgniter->runController(Object(App\Controllers\Peminjaman))
 8 SYSTEMPATH\CodeIgniter.php(354): CodeIgniter\CodeIgniter->handleRequest(null, Object(Config\Cache), false)
 9 SYSTEMPATH\Boot.php(363): CodeIgniter\CodeIgniter->run()
10 SYSTEMPATH\Boot.php(68): CodeIgniter\Boot::runCodeIgniter(Object(CodeIgniter\CodeIgniter))
11 FCPATH\index.php(59): CodeIgniter\Boot::bootWeb(Object(Config\Paths))
CRITICAL - 2026-04-17 16:23:44 --> ErrorException: Undefined variable $peminjaman
[Method: GET, Route: peminjaman]
in APPPATH\Views\peminjaman\index.php on line 39.
 1 APPPATH\Views\peminjaman\index.php(39): CodeIgniter\Debug\Exceptions->errorHandler(2, 'Undefined variable $peminjaman', 'C:\\xampp\\htdocs\\perpus\\app\\Views\\peminjaman\\index.php', 39)
 2 SYSTEMPATH\View\View.php(226): include('C:\\xampp\\htdocs\\perpus\\app\\Views\\peminjaman\\index.php')
 3 SYSTEMPATH\View\View.php(229): CodeIgniter\View\View->CodeIgniter\View\{closure}()
 4 SYSTEMPATH\Common.php(1167): CodeIgniter\View\View->render('peminjaman/index', [], true)
 5 APPPATH\Controllers\peminjaman.php(9): view('peminjaman/index')
 6 SYSTEMPATH\CodeIgniter.php(933): App\Controllers\Peminjaman->index()
 7 SYSTEMPATH\CodeIgniter.php(507): CodeIgniter\CodeIgniter->runController(Object(App\Controllers\Peminjaman))
 8 SYSTEMPATH\CodeIgniter.php(354): CodeIgniter\CodeIgniter->handleRequest(null, Object(Config\Cache), false)
 9 SYSTEMPATH\Boot.php(363): CodeIgniter\CodeIgniter->run()
10 SYSTEMPATH\Boot.php(68): CodeIgniter\Boot::runCodeIgniter(Object(CodeIgniter\CodeIgniter))
11 FCPATH\index.php(59): CodeIgniter\Boot::bootWeb(Object(Config\Paths))
CRITICAL - 2026-04-17 16:23:45 --> ErrorException: Undefined variable $peminjaman
[Method: GET, Route: peminjaman]
in APPPATH\Views\peminjaman\index.php on line 39.
 1 APPPATH\Views\peminjaman\index.php(39): CodeIgniter\Debug\Exceptions->errorHandler(2, 'Undefined variable $peminjaman', 'C:\\xampp\\htdocs\\perpus\\app\\Views\\peminjaman\\index.php', 39)
 2 SYSTEMPATH\View\View.php(226): include('C:\\xampp\\htdocs\\perpus\\app\\Views\\peminjaman\\index.php')
 3 SYSTEMPATH\View\View.php(229): CodeIgniter\View\View->CodeIgniter\View\{closure}()
 4 SYSTEMPATH\Common.php(1167): CodeIgniter\View\View->render('peminjaman/index', [], true)
 5 APPPATH\Controllers\peminjaman.php(9): view('peminjaman/index')
 6 SYSTEMPATH\CodeIgniter.php(933): App\Controllers\Peminjaman->index()
 7 SYSTEMPATH\CodeIgniter.php(507): CodeIgniter\CodeIgniter->runController(Object(App\Controllers\Peminjaman))
 8 SYSTEMPATH\CodeIgniter.php(354): CodeIgniter\CodeIgniter->handleRequest(null, Object(Config\Cache), false)
 9 SYSTEMPATH\Boot.php(363): CodeIgniter\CodeIgniter->run()
10 SYSTEMPATH\Boot.php(68): CodeIgniter\Boot::runCodeIgniter(Object(CodeIgniter\CodeIgniter))
11 FCPATH\index.php(59): CodeIgniter\Boot::bootWeb(Object(Config\Paths))
DEBUG - 2026-04-17 16:25:13 --> Session: Class initialized using 'CodeIgniter\Session\Handlers\FileHandler' driver.
DEBUG - 2026-04-17 16:27:01 --> Session: Class initialized using 'CodeIgniter\Session\Handlers\FileHandler' driver.
DEBUG - 2026-04-17 16:27:04 --> Session: Class initialized using 'CodeIgniter\Session\Handlers\FileHandler' driver.
DEBUG - 2026-04-17 16:27:09 --> Session: Class initialized using 'CodeIgniter\Session\Handlers\FileHandler' driver.
DEBUG - 2026-04-17 16:27:11 --> Session: Class initialized using 'CodeIgniter\Session\Handlers\FileHandler' driver.
DEBUG - 2026-04-17 16:27:22 --> Session: Class initialized using 'CodeIgniter\Session\Handlers\FileHandler' driver.
DEBUG - 2026-04-17 16:27:25 --> Session: Class initialized using 'CodeIgniter\Session\Handlers\FileHandler' driver.
DEBUG - 2026-04-17 16:27:29 --> Session: Class initialized using 'CodeIgniter\Session\Handlers\FileHandler' driver.
DEBUG - 2026-04-17 16:27:31 --> Session: Class initialized using 'CodeIgniter\Session\Handlers\FileHandler' driver.
DEBUG - 2026-04-17 16:32:48 --> Session: Class initialized using 'CodeIgniter\Session\Handlers\FileHandler' driver.
DEBUG - 2026-04-17 16:32:57 --> Session: Class initialized using 'CodeIgniter\Session\Handlers\FileHandler' driver.
ERROR - 2026-04-17 16:38:58 --> mysqli_sql_exception: Unknown column 'nama' in 'field list' in C:\xampp\htdocs\perpus\system\Database\MySQLi\Connection.php:327
Stack trace:
#0 C:\xampp\htdocs\perpus\system\Database\MySQLi\Connection.php(327): mysqli->query('INSERT INTO `pe...', 0)
#1 C:\xampp\htdocs\perpus\system\Database\BaseConnection.php(729): CodeIgniter\Database\MySQLi\Connection->execute('INSERT INTO `pe...')
#2 C:\xampp\htdocs\perpus\system\Database\BaseConnection.php(646): CodeIgniter\Database\BaseConnection->simpleQuery('INSERT INTO `pe...')
#3 C:\xampp\htdocs\perpus\system\Database\BaseBuilder.php(2345): CodeIgniter\Database\BaseConnection->query('INSERT INTO `pe...', Array, false)
#4 C:\xampp\htdocs\perpus\system\Model.php(394): CodeIgniter\Database\BaseBuilder->insert()
#5 C:\xampp\htdocs\perpus\system\BaseModel.php(838): CodeIgniter\Model->doInsert(Array)
#6 C:\xampp\htdocs\perpus\system\Model.php(797): CodeIgniter\BaseModel->insert(Array, false)
#7 C:\xampp\htdocs\perpus\system\BaseModel.php(751): CodeIgniter\Model->insert(Array, false)
#8 C:\xampp\htdocs\perpus\app\Controllers\peminjaman.php(23): CodeIgniter\BaseModel->save(Array)
#9 C:\xampp\htdocs\perpus\system\CodeIgniter.php(933): App\Controllers\Peminjaman->store()
#10 C:\xampp\htdocs\perpus\system\CodeIgniter.php(507): CodeIgniter\CodeIgniter->runController(Object(App\Controllers\Peminjaman))
#11 C:\xampp\htdocs\perpus\system\CodeIgniter.php(354): CodeIgniter\CodeIgniter->handleRequest(NULL, Object(Config\Cache), false)
#12 C:\xampp\htdocs\perpus\system\Boot.php(363): CodeIgniter\CodeIgniter->run()
#13 C:\xampp\htdocs\perpus\system\Boot.php(68): CodeIgniter\Boot::runCodeIgniter(Object(CodeIgniter\CodeIgniter))
#14 C:\xampp\htdocs\perpus\index.php(59): CodeIgniter\Boot::bootWeb(Object(Config\Paths))
#15 {main}
CRITICAL - 2026-04-17 16:38:58 --> CodeIgniter\Database\Exceptions\DatabaseException: Unknown column 'nama' in 'field list'
[Method: POST, Route: peminjaman/store]
in SYSTEMPATH\Database\BaseConnection.php on line 684.
 1 SYSTEMPATH\Database\BaseBuilder.php(2345): CodeIgniter\Database\BaseConnection->query('INSERT INTO `peminjaman` (`id_buku`, `nama`, `tanggal_pinjam`, `tanggal_kembali`, `status`) VALUES (:id_buku:, :nama:, :tanggal_pinjam:, :tanggal_kembali:, :status:)', [...], false)
 2 SYSTEMPATH\Model.php(394): CodeIgniter\Database\BaseBuilder->insert()
 3 SYSTEMPATH\BaseModel.php(838): CodeIgniter\Model->doInsert([...])
 4 SYSTEMPATH\Model.php(797): CodeIgniter\BaseModel->insert([...], false)
 5 SYSTEMPATH\BaseModel.php(751): CodeIgniter\Model->insert([...], false)
 6 APPPATH\Controllers\peminjaman.php(23): CodeIgniter\BaseModel->save([...])
 7 SYSTEMPATH\CodeIgniter.php(933): App\Controllers\Peminjaman->store()
 8 SYSTEMPATH\CodeIgniter.php(507): CodeIgniter\CodeIgniter->runController(Object(App\Controllers\Peminjaman))
 9 SYSTEMPATH\CodeIgniter.php(354): CodeIgniter\CodeIgniter->handleRequest(null, Object(Config\Cache), false)
10 SYSTEMPATH\Boot.php(363): CodeIgniter\CodeIgniter->run()
11 SYSTEMPATH\Boot.php(68): CodeIgniter\Boot::runCodeIgniter(Object(CodeIgniter\CodeIgniter))
12 FCPATH\index.php(59): CodeIgniter\Boot::bootWeb(Object(Config\Paths))
CRITICAL - 2026-04-17 16:38:58 --> [Caused by] CodeIgniter\Database\Exceptions\DatabaseException: Unknown column 'nama' in 'field list'
in SYSTEMPATH\Database\MySQLi\Connection.php on line 332.
 1 SYSTEMPATH\Database\BaseConnection.php(729): CodeIgniter\Database\MySQLi\Connection->execute('INSERT INTO `peminjaman` (`id_buku`, `nama`, `tanggal_pinjam`, `tanggal_kembali`, `status`) VALUES (\'\', \'\', \'\', \'\', \'\')')
 2 SYSTEMPATH\Database\BaseConnection.php(646): CodeIgniter\Database\BaseConnection->simpleQuery('INSERT INTO `peminjaman` (`id_buku`, `nama`, `tanggal_pinjam`, `tanggal_kembali`, `status`) VALUES (\'\', \'\', \'\', \'\', \'\')')
 3 SYSTEMPATH\Database\BaseBuilder.php(2345): CodeIgniter\Database\BaseConnection->query('INSERT INTO `peminjaman` (`id_buku`, `nama`, `tanggal_pinjam`, `tanggal_kembali`, `status`) VALUES (:id_buku:, :nama:, :tanggal_pinjam:, :tanggal_kembali:, :status:)', [...], false)
 4 SYSTEMPATH\Model.php(394): CodeIgniter\Database\BaseBuilder->insert()
 5 SYSTEMPATH\BaseModel.php(838): CodeIgniter\Model->doInsert([...])
 6 SYSTEMPATH\Model.php(797): CodeIgniter\BaseModel->insert([...], false)
 7 SYSTEMPATH\BaseModel.php(751): CodeIgniter\Model->insert([...], false)
 8 APPPATH\Controllers\peminjaman.php(23): CodeIgniter\BaseModel->save([...])
 9 SYSTEMPATH\CodeIgniter.php(933): App\Controllers\Peminjaman->store()
10 SYSTEMPATH\CodeIgniter.php(507): CodeIgniter\CodeIgniter->runController(Object(App\Controllers\Peminjaman))
11 SYSTEMPATH\CodeIgniter.php(354): CodeIgniter\CodeIgniter->handleRequest(null, Object(Config\Cache), false)
12 SYSTEMPATH\Boot.php(363): CodeIgniter\CodeIgniter->run()
13 SYSTEMPATH\Boot.php(68): CodeIgniter\Boot::runCodeIgniter(Object(CodeIgniter\CodeIgniter))
14 FCPATH\index.php(59): CodeIgniter\Boot::bootWeb(Object(Config\Paths))
CRITICAL - 2026-04-17 16:38:58 --> [Caused by] mysqli_sql_exception: Unknown column 'nama' in 'field list'
in SYSTEMPATH\Database\MySQLi\Connection.php on line 327.
 1 SYSTEMPATH\Database\MySQLi\Connection.php(327): mysqli->query('INSERT INTO `peminjaman` (`id_buku`, `nama`, `tanggal_pinjam`, `tanggal_kembali`, `status`) VALUES (\'\', \'\', \'\', \'\', \'\')', 0)
 2 SYSTEMPATH\Database\BaseConnection.php(729): CodeIgniter\Database\MySQLi\Connection->execute('INSERT INTO `peminjaman` (`id_buku`, `nama`, `tanggal_pinjam`, `tanggal_kembali`, `status`) VALUES (\'\', \'\', \'\', \'\', \'\')')
 3 SYSTEMPATH\Database\BaseConnection.php(646): CodeIgniter\Database\BaseConnection->simpleQuery('INSERT INTO `peminjaman` (`id_buku`, `nama`, `tanggal_pinjam`, `tanggal_kembali`, `status`) VALUES (\'\', \'\', \'\', \'\', \'\')')
 4 SYSTEMPATH\Database\BaseBuilder.php(2345): CodeIgniter\Database\BaseConnection->query('INSERT INTO `peminjaman` (`id_buku`, `nama`, `tanggal_pinjam`, `tanggal_kembali`, `status`) VALUES (:id_buku:, :nama:, :tanggal_pinjam:, :tanggal_kembali:, :status:)', [...], false)
 5 SYSTEMPATH\Model.php(394): CodeIgniter\Database\BaseBuilder->insert()
 6 SYSTEMPATH\BaseModel.php(838): CodeIgniter\Model->doInsert([...])
 7 SYSTEMPATH\Model.php(797): CodeIgniter\BaseModel->insert([...], false)
 8 SYSTEMPATH\BaseModel.php(751): CodeIgniter\Model->insert([...], false)
 9 APPPATH\Controllers\peminjaman.php(23): CodeIgniter\BaseModel->save([...])
10 SYSTEMPATH\CodeIgniter.php(933): App\Controllers\Peminjaman->store()
11 SYSTEMPATH\CodeIgniter.php(507): CodeIgniter\CodeIgniter->runController(Object(App\Controllers\Peminjaman))
12 SYSTEMPATH\CodeIgniter.php(354): CodeIgniter\CodeIgniter->handleRequest(null, Object(Config\Cache), false)
13 SYSTEMPATH\Boot.php(363): CodeIgniter\CodeIgniter->run()
14 SYSTEMPATH\Boot.php(68): CodeIgniter\Boot::runCodeIgniter(Object(CodeIgniter\CodeIgniter))
15 FCPATH\index.php(59): CodeIgniter\Boot::bootWeb(Object(Config\Paths))
ERROR - 2026-04-17 16:39:19 --> mysqli_sql_exception: Unknown column 'nama' in 'field list' in C:\xampp\htdocs\perpus\system\Database\MySQLi\Connection.php:327
Stack trace:
#0 C:\xampp\htdocs\perpus\system\Database\MySQLi\Connection.php(327): mysqli->query('INSERT INTO `pe...', 0)
#1 C:\xampp\htdocs\perpus\system\Database\BaseConnection.php(729): CodeIgniter\Database\MySQLi\Connection->execute('INSERT INTO `pe...')
#2 C:\xampp\htdocs\perpus\system\Database\BaseConnection.php(646): CodeIgniter\Database\BaseConnection->simpleQuery('INSERT INTO `pe...')
#3 C:\xampp\htdocs\perpus\system\Database\BaseBuilder.php(2345): CodeIgniter\Database\BaseConnection->query('INSERT INTO `pe...', Array, false)
#4 C:\xampp\htdocs\perpus\system\Model.php(394): CodeIgniter\Database\BaseBuilder->insert()
#5 C:\xampp\htdocs\perpus\system\BaseModel.php(838): CodeIgniter\Model->doInsert(Array)
#6 C:\xampp\htdocs\perpus\system\Model.php(797): CodeIgniter\BaseModel->insert(Array, false)
#7 C:\xampp\htdocs\perpus\system\BaseModel.php(751): CodeIgniter\Model->insert(Array, false)
#8 C:\xampp\htdocs\perpus\app\Controllers\peminjaman.php(23): CodeIgniter\BaseModel->save(Array)
#9 C:\xampp\htdocs\perpus\system\CodeIgniter.php(933): App\Controllers\Peminjaman->store()
#10 C:\xampp\htdocs\perpus\system\CodeIgniter.php(507): CodeIgniter\CodeIgniter->runController(Object(App\Controllers\Peminjaman))
#11 C:\xampp\htdocs\perpus\system\CodeIgniter.php(354): CodeIgniter\CodeIgniter->handleRequest(NULL, Object(Config\Cache), false)
#12 C:\xampp\htdocs\perpus\system\Boot.php(363): CodeIgniter\CodeIgniter->run()
#13 C:\xampp\htdocs\perpus\system\Boot.php(68): CodeIgniter\Boot::runCodeIgniter(Object(CodeIgniter\CodeIgniter))
#14 C:\xampp\htdocs\perpus\index.php(59): CodeIgniter\Boot::bootWeb(Object(Config\Paths))
#15 {main}
CRITICAL - 2026-04-17 16:39:19 --> CodeIgniter\Database\Exceptions\DatabaseException: Unknown column 'nama' in 'field list'
[Method: POST, Route: peminjaman/store]
in SYSTEMPATH\Database\BaseConnection.php on line 684.
 1 SYSTEMPATH\Database\BaseBuilder.php(2345): CodeIgniter\Database\BaseConnection->query('INSERT INTO `peminjaman` (`id_buku`, `nama`, `tanggal_pinjam`, `tanggal_kembali`, `status`) VALUES (:id_buku:, :nama:, :tanggal_pinjam:, :tanggal_kembali:, :status:)', [...], false)
 2 SYSTEMPATH\Model.php(394): CodeIgniter\Database\BaseBuilder->insert()
 3 SYSTEMPATH\BaseModel.php(838): CodeIgniter\Model->doInsert([...])
 4 SYSTEMPATH\Model.php(797): CodeIgniter\BaseModel->insert([...], false)
 5 SYSTEMPATH\BaseModel.php(751): CodeIgniter\Model->insert([...], false)
 6 APPPATH\Controllers\peminjaman.php(23): CodeIgniter\BaseModel->save([...])
 7 SYSTEMPATH\CodeIgniter.php(933): App\Controllers\Peminjaman->store()
 8 SYSTEMPATH\CodeIgniter.php(507): CodeIgniter\CodeIgniter->runController(Object(App\Controllers\Peminjaman))
 9 SYSTEMPATH\CodeIgniter.php(354): CodeIgniter\CodeIgniter->handleRequest(null, Object(Config\Cache), false)
10 SYSTEMPATH\Boot.php(363): CodeIgniter\CodeIgniter->run()
11 SYSTEMPATH\Boot.php(68): CodeIgniter\Boot::runCodeIgniter(Object(CodeIgniter\CodeIgniter))
12 FCPATH\index.php(59): CodeIgniter\Boot::bootWeb(Object(Config\Paths))
CRITICAL - 2026-04-17 16:39:19 --> [Caused by] CodeIgniter\Database\Exceptions\DatabaseException: Unknown column 'nama' in 'field list'
in SYSTEMPATH\Database\MySQLi\Connection.php on line 332.
 1 SYSTEMPATH\Database\BaseConnection.php(729): CodeIgniter\Database\MySQLi\Connection->execute('INSERT INTO `peminjaman` (`id_buku`, `nama`, `tanggal_pinjam`, `tanggal_kembali`, `status`) VALUES (\'gffjt\', \'khika\', \'2026-04-12\', \'2026-04-02\', \'rye\')')
 2 SYSTEMPATH\Database\BaseConnection.php(646): CodeIgniter\Database\BaseConnection->simpleQuery('INSERT INTO `peminjaman` (`id_buku`, `nama`, `tanggal_pinjam`, `tanggal_kembali`, `status`) VALUES (\'gffjt\', \'khika\', \'2026-04-12\', \'2026-04-02\', \'rye\')')
 3 SYSTEMPATH\Database\BaseBuilder.php(2345): CodeIgniter\Database\BaseConnection->query('INSERT INTO `peminjaman` (`id_buku`, `nama`, `tanggal_pinjam`, `tanggal_kembali`, `status`) VALUES (:id_buku:, :nama:, :tanggal_pinjam:, :tanggal_kembali:, :status:)', [...], false)
 4 SYSTEMPATH\Model.php(394): CodeIgniter\Database\BaseBuilder->insert()
 5 SYSTEMPATH\BaseModel.php(838): CodeIgniter\Model->doInsert([...])
 6 SYSTEMPATH\Model.php(797): CodeIgniter\BaseModel->insert([...], false)
 7 SYSTEMPATH\BaseModel.php(751): CodeIgniter\Model->insert([...], false)
 8 APPPATH\Controllers\peminjaman.php(23): CodeIgniter\BaseModel->save([...])
 9 SYSTEMPATH\CodeIgniter.php(933): App\Controllers\Peminjaman->store()
10 SYSTEMPATH\CodeIgniter.php(507): CodeIgniter\CodeIgniter->runController(Object(App\Controllers\Peminjaman))
11 SYSTEMPATH\CodeIgniter.php(354): CodeIgniter\CodeIgniter->handleRequest(null, Object(Config\Cache), false)
12 SYSTEMPATH\Boot.php(363): CodeIgniter\CodeIgniter->run()
13 SYSTEMPATH\Boot.php(68): CodeIgniter\Boot::runCodeIgniter(Object(CodeIgniter\CodeIgniter))
14 FCPATH\index.php(59): CodeIgniter\Boot::bootWeb(Object(Config\Paths))
CRITICAL - 2026-04-17 16:39:19 --> [Caused by] mysqli_sql_exception: Unknown column 'nama' in 'field list'
in SYSTEMPATH\Database\MySQLi\Connection.php on line 327.
 1 SYSTEMPATH\Database\MySQLi\Connection.php(327): mysqli->query('INSERT INTO `peminjaman` (`id_buku`, `nama`, `tanggal_pinjam`, `tanggal_kembali`, `status`) VALUES (\'gffjt\', \'khika\', \'2026-04-12\', \'2026-04-02\', \'rye\')', 0)
 2 SYSTEMPATH\Database\BaseConnection.php(729): CodeIgniter\Database\MySQLi\Connection->execute('INSERT INTO `peminjaman` (`id_buku`, `nama`, `tanggal_pinjam`, `tanggal_kembali`, `status`) VALUES (\'gffjt\', \'khika\', \'2026-04-12\', \'2026-04-02\', \'rye\')')
 3 SYSTEMPATH\Database\BaseConnection.php(646): CodeIgniter\Database\BaseConnection->simpleQuery('INSERT INTO `peminjaman` (`id_buku`, `nama`, `tanggal_pinjam`, `tanggal_kembali`, `status`) VALUES (\'gffjt\', \'khika\', \'2026-04-12\', \'2026-04-02\', \'rye\')')
 4 SYSTEMPATH\Database\BaseBuilder.php(2345): CodeIgniter\Database\BaseConnection->query('INSERT INTO `peminjaman` (`id_buku`, `nama`, `tanggal_pinjam`, `tanggal_kembali`, `status`) VALUES (:id_buku:, :nama:, :tanggal_pinjam:, :tanggal_kembali:, :status:)', [...], false)
 5 SYSTEMPATH\Model.php(394): CodeIgniter\Database\BaseBuilder->insert()
 6 SYSTEMPATH\BaseModel.php(838): CodeIgniter\Model->doInsert([...])
 7 SYSTEMPATH\Model.php(797): CodeIgniter\BaseModel->insert([...], false)
 8 SYSTEMPATH\BaseModel.php(751): CodeIgniter\Model->insert([...], false)
 9 APPPATH\Controllers\peminjaman.php(23): CodeIgniter\BaseModel->save([...])
10 SYSTEMPATH\CodeIgniter.php(933): App\Controllers\Peminjaman->store()
11 SYSTEMPATH\CodeIgniter.php(507): CodeIgniter\CodeIgniter->runController(Object(App\Controllers\Peminjaman))
12 SYSTEMPATH\CodeIgniter.php(354): CodeIgniter\CodeIgniter->handleRequest(null, Object(Config\Cache), false)
13 SYSTEMPATH\Boot.php(363): CodeIgniter\CodeIgniter->run()
14 SYSTEMPATH\Boot.php(68): CodeIgniter\Boot::runCodeIgniter(Object(CodeIgniter\CodeIgniter))
15 FCPATH\index.php(59): CodeIgniter\Boot::bootWeb(Object(Config\Paths))
ERROR - 2026-04-17 16:41:08 --> mysqli_sql_exception: Unknown column 'nama' in 'field list' in C:\xampp\htdocs\perpus\system\Database\MySQLi\Connection.php:327
Stack trace:
#0 C:\xampp\htdocs\perpus\system\Database\MySQLi\Connection.php(327): mysqli->query('INSERT INTO `pe...', 0)
#1 C:\xampp\htdocs\perpus\system\Database\BaseConnection.php(729): CodeIgniter\Database\MySQLi\Connection->execute('INSERT INTO `pe...')
#2 C:\xampp\htdocs\perpus\system\Database\BaseConnection.php(646): CodeIgniter\Database\BaseConnection->simpleQuery('INSERT INTO `pe...')
#3 C:\xampp\htdocs\perpus\system\Database\BaseBuilder.php(2345): CodeIgniter\Database\BaseConnection->query('INSERT INTO `pe...', Array, false)
#4 C:\xampp\htdocs\perpus\system\Model.php(394): CodeIgniter\Database\BaseBuilder->insert()
#5 C:\xampp\htdocs\perpus\system\BaseModel.php(838): CodeIgniter\Model->doInsert(Array)
#6 C:\xampp\htdocs\perpus\system\Model.php(797): CodeIgniter\BaseModel->insert(Array, false)
#7 C:\xampp\htdocs\perpus\system\BaseModel.php(751): CodeIgniter\Model->insert(Array, false)
#8 C:\xampp\htdocs\perpus\app\Controllers\peminjaman.php(23): CodeIgniter\BaseModel->save(Array)
#9 C:\xampp\htdocs\perpus\system\CodeIgniter.php(933): App\Controllers\Peminjaman->store()
#10 C:\xampp\htdocs\perpus\system\CodeIgniter.php(507): CodeIgniter\CodeIgniter->runController(Object(App\Controllers\Peminjaman))
#11 C:\xampp\htdocs\perpus\system\CodeIgniter.php(354): CodeIgniter\CodeIgniter->handleRequest(NULL, Object(Config\Cache), false)
#12 C:\xampp\htdocs\perpus\system\Boot.php(363): CodeIgniter\CodeIgniter->run()
#13 C:\xampp\htdocs\perpus\system\Boot.php(68): CodeIgniter\Boot::runCodeIgniter(Object(CodeIgniter\CodeIgniter))
#14 C:\xampp\htdocs\perpus\index.php(59): CodeIgniter\Boot::bootWeb(Object(Config\Paths))
#15 {main}
CRITICAL - 2026-04-17 16:41:08 --> CodeIgniter\Database\Exceptions\DatabaseException: Unknown column 'nama' in 'field list'
[Method: POST, Route: peminjaman/store]
in SYSTEMPATH\Database\BaseConnection.php on line 684.
 1 SYSTEMPATH\Database\BaseBuilder.php(2345): CodeIgniter\Database\BaseConnection->query('INSERT INTO `peminjaman` (`id_buku`, `nama`, `tanggal_pinjam`, `tanggal_kembali`, `status`) VALUES (:id_buku:, :nama:, :tanggal_pinjam:, :tanggal_kembali:, :status:)', [...], false)
 2 SYSTEMPATH\Model.php(394): CodeIgniter\Database\BaseBuilder->insert()
 3 SYSTEMPATH\BaseModel.php(838): CodeIgniter\Model->doInsert([...])
 4 SYSTEMPATH\Model.php(797): CodeIgniter\BaseModel->insert([...], false)
 5 SYSTEMPATH\BaseModel.php(751): CodeIgniter\Model->insert([...], false)
 6 APPPATH\Controllers\peminjaman.php(23): CodeIgniter\BaseModel->save([...])
 7 SYSTEMPATH\CodeIgniter.php(933): App\Controllers\Peminjaman->store()
 8 SYSTEMPATH\CodeIgniter.php(507): CodeIgniter\CodeIgniter->runController(Object(App\Controllers\Peminjaman))
 9 SYSTEMPATH\CodeIgniter.php(354): CodeIgniter\CodeIgniter->handleRequest(null, Object(Config\Cache), false)
10 SYSTEMPATH\Boot.php(363): CodeIgniter\CodeIgniter->run()
11 SYSTEMPATH\Boot.php(68): CodeIgniter\Boot::runCodeIgniter(Object(CodeIgniter\CodeIgniter))
12 FCPATH\index.php(59): CodeIgniter\Boot::bootWeb(Object(Config\Paths))
CRITICAL - 2026-04-17 16:41:08 --> [Caused by] CodeIgniter\Database\Exceptions\DatabaseException: Unknown column 'nama' in 'field list'
in SYSTEMPATH\Database\MySQLi\Connection.php on line 332.
 1 SYSTEMPATH\Database\BaseConnection.php(729): CodeIgniter\Database\MySQLi\Connection->execute('INSERT INTO `peminjaman` (`id_buku`, `nama`, `tanggal_pinjam`, `tanggal_kembali`, `status`) VALUES (\'gffjt\', \'khika\', \'2026-04-12\', \'2026-04-02\', \'rye\')')
 2 SYSTEMPATH\Database\BaseConnection.php(646): CodeIgniter\Database\BaseConnection->simpleQuery('INSERT INTO `peminjaman` (`id_buku`, `nama`, `tanggal_pinjam`, `tanggal_kembali`, `status`) VALUES (\'gffjt\', \'khika\', \'2026-04-12\', \'2026-04-02\', \'rye\')')
 3 SYSTEMPATH\Database\BaseBuilder.php(2345): CodeIgniter\Database\BaseConnection->query('INSERT INTO `peminjaman` (`id_buku`, `nama`, `tanggal_pinjam`, `tanggal_kembali`, `status`) VALUES (:id_buku:, :nama:, :tanggal_pinjam:, :tanggal_kembali:, :status:)', [...], false)
 4 SYSTEMPATH\Model.php(394): CodeIgniter\Database\BaseBuilder->insert()
 5 SYSTEMPATH\BaseModel.php(838): CodeIgniter\Model->doInsert([...])
 6 SYSTEMPATH\Model.php(797): CodeIgniter\BaseModel->insert([...], false)
 7 SYSTEMPATH\BaseModel.php(751): CodeIgniter\Model->insert([...], false)
 8 APPPATH\Controllers\peminjaman.php(23): CodeIgniter\BaseModel->save([...])
 9 SYSTEMPATH\CodeIgniter.php(933): App\Controllers\Peminjaman->store()
10 SYSTEMPATH\CodeIgniter.php(507): CodeIgniter\CodeIgniter->runController(Object(App\Controllers\Peminjaman))
11 SYSTEMPATH\CodeIgniter.php(354): CodeIgniter\CodeIgniter->handleRequest(null, Object(Config\Cache), false)
12 SYSTEMPATH\Boot.php(363): CodeIgniter\CodeIgniter->run()
13 SYSTEMPATH\Boot.php(68): CodeIgniter\Boot::runCodeIgniter(Object(CodeIgniter\CodeIgniter))
14 FCPATH\index.php(59): CodeIgniter\Boot::bootWeb(Object(Config\Paths))
CRITICAL - 2026-04-17 16:41:08 --> [Caused by] mysqli_sql_exception: Unknown column 'nama' in 'field list'
in SYSTEMPATH\Database\MySQLi\Connection.php on line 327.
 1 SYSTEMPATH\Database\MySQLi\Connection.php(327): mysqli->query('INSERT INTO `peminjaman` (`id_buku`, `nama`, `tanggal_pinjam`, `tanggal_kembali`, `status`) VALUES (\'gffjt\', \'khika\', \'2026-04-12\', \'2026-04-02\', \'rye\')', 0)
 2 SYSTEMPATH\Database\BaseConnection.php(729): CodeIgniter\Database\MySQLi\Connection->execute('INSERT INTO `peminjaman` (`id_buku`, `nama`, `tanggal_pinjam`, `tanggal_kembali`, `status`) VALUES (\'gffjt\', \'khika\', \'2026-04-12\', \'2026-04-02\', \'rye\')')
 3 SYSTEMPATH\Database\BaseConnection.php(646): CodeIgniter\Database\BaseConnection->simpleQuery('INSERT INTO `peminjaman` (`id_buku`, `nama`, `tanggal_pinjam`, `tanggal_kembali`, `status`) VALUES (\'gffjt\', \'khika\', \'2026-04-12\', \'2026-04-02\', \'rye\')')
 4 SYSTEMPATH\Database\BaseBuilder.php(2345): CodeIgniter\Database\BaseConnection->query('INSERT INTO `peminjaman` (`id_buku`, `nama`, `tanggal_pinjam`, `tanggal_kembali`, `status`) VALUES (:id_buku:, :nama:, :tanggal_pinjam:, :tanggal_kembali:, :status:)', [...], false)
 5 SYSTEMPATH\Model.php(394): CodeIgniter\Database\BaseBuilder->insert()
 6 SYSTEMPATH\BaseModel.php(838): CodeIgniter\Model->doInsert([...])
 7 SYSTEMPATH\Model.php(797): CodeIgniter\BaseModel->insert([...], false)
 8 SYSTEMPATH\BaseModel.php(751): CodeIgniter\Model->insert([...], false)
 9 APPPATH\Controllers\peminjaman.php(23): CodeIgniter\BaseModel->save([...])
10 SYSTEMPATH\CodeIgniter.php(933): App\Controllers\Peminjaman->store()
11 SYSTEMPATH\CodeIgniter.php(507): CodeIgniter\CodeIgniter->runController(Object(App\Controllers\Peminjaman))
12 SYSTEMPATH\CodeIgniter.php(354): CodeIgniter\CodeIgniter->handleRequest(null, Object(Config\Cache), false)
13 SYSTEMPATH\Boot.php(363): CodeIgniter\CodeIgniter->run()
14 SYSTEMPATH\Boot.php(68): CodeIgniter\Boot::runCodeIgniter(Object(CodeIgniter\CodeIgniter))
15 FCPATH\index.php(59): CodeIgniter\Boot::bootWeb(Object(Config\Paths))
CRITICAL - 2026-04-17 16:42:20 --> ErrorException: Undefined array key "nama_anggota"
[Method: GET, Route: peminjaman]
in APPPATH\Views\peminjaman\index.php on line 16.
 1 APPPATH\Views\peminjaman\index.php(16): CodeIgniter\Debug\Exceptions->errorHandler(2, 'Undefined array key "nama_anggota"', 'C:\\xampp\\htdocs\\perpus\\app\\Views\\peminjaman\\index.php', 16)
 2 SYSTEMPATH\View\View.php(226): include('C:\\xampp\\htdocs\\perpus\\app\\Views\\peminjaman\\index.php')
 3 SYSTEMPATH\View\View.php(229): CodeIgniter\View\View->CodeIgniter\View\{closure}()
 4 SYSTEMPATH\Common.php(1167): CodeIgniter\View\View->render('peminjaman/index', [], true)
 5 APPPATH\Controllers\peminjaman.php(15): view('peminjaman/index', [...])
 6 SYSTEMPATH\CodeIgniter.php(933): App\Controllers\Peminjaman->index()
 7 SYSTEMPATH\CodeIgniter.php(507): CodeIgniter\CodeIgniter->runController(Object(App\Controllers\Peminjaman))
 8 SYSTEMPATH\CodeIgniter.php(354): CodeIgniter\CodeIgniter->handleRequest(null, Object(Config\Cache), false)
 9 SYSTEMPATH\Boot.php(363): CodeIgniter\CodeIgniter->run()
10 SYSTEMPATH\Boot.php(68): CodeIgniter\Boot::runCodeIgniter(Object(CodeIgniter\CodeIgniter))
11 FCPATH\index.php(59): CodeIgniter\Boot::bootWeb(Object(Config\Paths))
CRITICAL - 2026-04-17 16:43:28 --> ErrorException: Undefined array key "nama_anggota"
[Method: GET, Route: peminjaman]
in APPPATH\Views\peminjaman\index.php on line 16.
 1 APPPATH\Views\peminjaman\index.php(16): CodeIgniter\Debug\Exceptions->errorHandler(2, 'Undefined array key "nama_anggota"', 'C:\\xampp\\htdocs\\perpus\\app\\Views\\peminjaman\\index.php', 16)
 2 SYSTEMPATH\View\View.php(226): include('C:\\xampp\\htdocs\\perpus\\app\\Views\\peminjaman\\index.php')
 3 SYSTEMPATH\View\View.php(229): CodeIgniter\View\View->CodeIgniter\View\{closure}()
 4 SYSTEMPATH\Common.php(1167): CodeIgniter\View\View->render('peminjaman/index', [], true)
 5 APPPATH\Controllers\peminjaman.php(15): view('peminjaman/index', [...])
 6 SYSTEMPATH\CodeIgniter.php(933): App\Controllers\Peminjaman->index()
 7 SYSTEMPATH\CodeIgniter.php(507): CodeIgniter\CodeIgniter->runController(Object(App\Controllers\Peminjaman))
 8 SYSTEMPATH\CodeIgniter.php(354): CodeIgniter\CodeIgniter->handleRequest(null, Object(Config\Cache), false)
 9 SYSTEMPATH\Boot.php(363): CodeIgniter\CodeIgniter->run()
10 SYSTEMPATH\Boot.php(68): CodeIgniter\Boot::runCodeIgniter(Object(CodeIgniter\CodeIgniter))
11 FCPATH\index.php(59): CodeIgniter\Boot::bootWeb(Object(Config\Paths))
CRITICAL - 2026-04-17 16:43:29 --> ErrorException: Undefined array key "nama_anggota"
[Method: GET, Route: peminjaman]
in APPPATH\Views\peminjaman\index.php on line 16.
 1 APPPATH\Views\peminjaman\index.php(16): CodeIgniter\Debug\Exceptions->errorHandler(2, 'Undefined array key "nama_anggota"', 'C:\\xampp\\htdocs\\perpus\\app\\Views\\peminjaman\\index.php', 16)
 2 SYSTEMPATH\View\View.php(226): include('C:\\xampp\\htdocs\\perpus\\app\\Views\\peminjaman\\index.php')
 3 SYSTEMPATH\View\View.php(229): CodeIgniter\View\View->CodeIgniter\View\{closure}()
 4 SYSTEMPATH\Common.php(1167): CodeIgniter\View\View->render('peminjaman/index', [], true)
 5 APPPATH\Controllers\peminjaman.php(15): view('peminjaman/index', [...])
 6 SYSTEMPATH\CodeIgniter.php(933): App\Controllers\Peminjaman->index()
 7 SYSTEMPATH\CodeIgniter.php(507): CodeIgniter\CodeIgniter->runController(Object(App\Controllers\Peminjaman))
 8 SYSTEMPATH\CodeIgniter.php(354): CodeIgniter\CodeIgniter->handleRequest(null, Object(Config\Cache), false)
 9 SYSTEMPATH\Boot.php(363): CodeIgniter\CodeIgniter->run()
10 SYSTEMPATH\Boot.php(68): CodeIgniter\Boot::runCodeIgniter(Object(CodeIgniter\CodeIgniter))
11 FCPATH\index.php(59): CodeIgniter\Boot::bootWeb(Object(Config\Paths))
CRITICAL - 2026-04-17 16:43:29 --> ErrorException: Undefined array key "nama_anggota"
[Method: GET, Route: peminjaman]
in APPPATH\Views\peminjaman\index.php on line 16.
 1 APPPATH\Views\peminjaman\index.php(16): CodeIgniter\Debug\Exceptions->errorHandler(2, 'Undefined array key "nama_anggota"', 'C:\\xampp\\htdocs\\perpus\\app\\Views\\peminjaman\\index.php', 16)
 2 SYSTEMPATH\View\View.php(226): include('C:\\xampp\\htdocs\\perpus\\app\\Views\\peminjaman\\index.php')
 3 SYSTEMPATH\View\View.php(229): CodeIgniter\View\View->CodeIgniter\View\{closure}()
 4 SYSTEMPATH\Common.php(1167): CodeIgniter\View\View->render('peminjaman/index', [], true)
 5 APPPATH\Controllers\peminjaman.php(15): view('peminjaman/index', [...])
 6 SYSTEMPATH\CodeIgniter.php(933): App\Controllers\Peminjaman->index()
 7 SYSTEMPATH\CodeIgniter.php(507): CodeIgniter\CodeIgniter->runController(Object(App\Controllers\Peminjaman))
 8 SYSTEMPATH\CodeIgniter.php(354): CodeIgniter\CodeIgniter->handleRequest(null, Object(Config\Cache), false)
 9 SYSTEMPATH\Boot.php(363): CodeIgniter\CodeIgniter->run()
10 SYSTEMPATH\Boot.php(68): CodeIgniter\Boot::runCodeIgniter(Object(CodeIgniter\CodeIgniter))
11 FCPATH\index.php(59): CodeIgniter\Boot::bootWeb(Object(Config\Paths))
CRITICAL - 2026-04-17 16:43:30 --> ErrorException: Undefined array key "nama_anggota"
[Method: GET, Route: peminjaman]
in APPPATH\Views\peminjaman\index.php on line 16.
 1 APPPATH\Views\peminjaman\index.php(16): CodeIgniter\Debug\Exceptions->errorHandler(2, 'Undefined array key "nama_anggota"', 'C:\\xampp\\htdocs\\perpus\\app\\Views\\peminjaman\\index.php', 16)
 2 SYSTEMPATH\View\View.php(226): include('C:\\xampp\\htdocs\\perpus\\app\\Views\\peminjaman\\index.php')
 3 SYSTEMPATH\View\View.php(229): CodeIgniter\View\View->CodeIgniter\View\{closure}()
 4 SYSTEMPATH\Common.php(1167): CodeIgniter\View\View->render('peminjaman/index', [], true)
 5 APPPATH\Controllers\peminjaman.php(15): view('peminjaman/index', [...])
 6 SYSTEMPATH\CodeIgniter.php(933): App\Controllers\Peminjaman->index()
 7 SYSTEMPATH\CodeIgniter.php(507): CodeIgniter\CodeIgniter->runController(Object(App\Controllers\Peminjaman))
 8 SYSTEMPATH\CodeIgniter.php(354): CodeIgniter\CodeIgniter->handleRequest(null, Object(Config\Cache), false)
 9 SYSTEMPATH\Boot.php(363): CodeIgniter\CodeIgniter->run()
10 SYSTEMPATH\Boot.php(68): CodeIgniter\Boot::runCodeIgniter(Object(CodeIgniter\CodeIgniter))
11 FCPATH\index.php(59): CodeIgniter\Boot::bootWeb(Object(Config\Paths))
CRITICAL - 2026-04-17 16:43:30 --> ErrorException: Undefined array key "nama_anggota"
[Method: GET, Route: peminjaman]
in APPPATH\Views\peminjaman\index.php on line 16.
 1 APPPATH\Views\peminjaman\index.php(16): CodeIgniter\Debug\Exceptions->errorHandler(2, 'Undefined array key "nama_anggota"', 'C:\\xampp\\htdocs\\perpus\\app\\Views\\peminjaman\\index.php', 16)
 2 SYSTEMPATH\View\View.php(226): include('C:\\xampp\\htdocs\\perpus\\app\\Views\\peminjaman\\index.php')
 3 SYSTEMPATH\View\View.php(229): CodeIgniter\View\View->CodeIgniter\View\{closure}()
 4 SYSTEMPATH\Common.php(1167): CodeIgniter\View\View->render('peminjaman/index', [], true)
 5 APPPATH\Controllers\peminjaman.php(15): view('peminjaman/index', [...])
 6 SYSTEMPATH\CodeIgniter.php(933): App\Controllers\Peminjaman->index()
 7 SYSTEMPATH\CodeIgniter.php(507): CodeIgniter\CodeIgniter->runController(Object(App\Controllers\Peminjaman))
 8 SYSTEMPATH\CodeIgniter.php(354): CodeIgniter\CodeIgniter->handleRequest(null, Object(Config\Cache), false)
 9 SYSTEMPATH\Boot.php(363): CodeIgniter\CodeIgniter->run()
10 SYSTEMPATH\Boot.php(68): CodeIgniter\Boot::runCodeIgniter(Object(CodeIgniter\CodeIgniter))
11 FCPATH\index.php(59): CodeIgniter\Boot::bootWeb(Object(Config\Paths))
CRITICAL - 2026-04-17 16:44:21 --> ErrorException: Undefined array key "nama_anggota"
[Method: GET, Route: peminjaman]
in APPPATH\Views\peminjaman\index.php on line 16.
 1 APPPATH\Views\peminjaman\index.php(16): CodeIgniter\Debug\Exceptions->errorHandler(2, 'Undefined array key "nama_anggota"', 'C:\\xampp\\htdocs\\perpus\\app\\Views\\peminjaman\\index.php', 16)
 2 SYSTEMPATH\View\View.php(226): include('C:\\xampp\\htdocs\\perpus\\app\\Views\\peminjaman\\index.php')
 3 SYSTEMPATH\View\View.php(229): CodeIgniter\View\View->CodeIgniter\View\{closure}()
 4 SYSTEMPATH\Common.php(1167): CodeIgniter\View\View->render('peminjaman/index', [], true)
 5 APPPATH\Controllers\peminjaman.php(15): view('peminjaman/index', [...])
 6 SYSTEMPATH\CodeIgniter.php(933): App\Controllers\Peminjaman->index()
 7 SYSTEMPATH\CodeIgniter.php(507): CodeIgniter\CodeIgniter->runController(Object(App\Controllers\Peminjaman))
 8 SYSTEMPATH\CodeIgniter.php(354): CodeIgniter\CodeIgniter->handleRequest(null, Object(Config\Cache), false)
 9 SYSTEMPATH\Boot.php(363): CodeIgniter\CodeIgniter->run()
10 SYSTEMPATH\Boot.php(68): CodeIgniter\Boot::runCodeIgniter(Object(CodeIgniter\CodeIgniter))
11 FCPATH\index.php(59): CodeIgniter\Boot::bootWeb(Object(Config\Paths))
CRITICAL - 2026-04-17 16:44:22 --> ErrorException: Undefined array key "nama_anggota"
[Method: GET, Route: peminjaman]
in APPPATH\Views\peminjaman\index.php on line 16.
 1 APPPATH\Views\peminjaman\index.php(16): CodeIgniter\Debug\Exceptions->errorHandler(2, 'Undefined array key "nama_anggota"', 'C:\\xampp\\htdocs\\perpus\\app\\Views\\peminjaman\\index.php', 16)
 2 SYSTEMPATH\View\View.php(226): include('C:\\xampp\\htdocs\\perpus\\app\\Views\\peminjaman\\index.php')
 3 SYSTEMPATH\View\View.php(229): CodeIgniter\View\View->CodeIgniter\View\{closure}()
 4 SYSTEMPATH\Common.php(1167): CodeIgniter\View\View->render('peminjaman/index', [], true)
 5 APPPATH\Controllers\peminjaman.php(15): view('peminjaman/index', [...])
 6 SYSTEMPATH\CodeIgniter.php(933): App\Controllers\Peminjaman->index()
 7 SYSTEMPATH\CodeIgniter.php(507): CodeIgniter\CodeIgniter->runController(Object(App\Controllers\Peminjaman))
 8 SYSTEMPATH\CodeIgniter.php(354): CodeIgniter\CodeIgniter->handleRequest(null, Object(Config\Cache), false)
 9 SYSTEMPATH\Boot.php(363): CodeIgniter\CodeIgniter->run()
10 SYSTEMPATH\Boot.php(68): CodeIgniter\Boot::runCodeIgniter(Object(CodeIgniter\CodeIgniter))
11 FCPATH\index.php(59): CodeIgniter\Boot::bootWeb(Object(Config\Paths))
CRITICAL - 2026-04-17 16:44:23 --> ErrorException: Undefined array key "nama_anggota"
[Method: GET, Route: peminjaman]
in APPPATH\Views\peminjaman\index.php on line 16.
 1 APPPATH\Views\peminjaman\index.php(16): CodeIgniter\Debug\Exceptions->errorHandler(2, 'Undefined array key "nama_anggota"', 'C:\\xampp\\htdocs\\perpus\\app\\Views\\peminjaman\\index.php', 16)
 2 SYSTEMPATH\View\View.php(226): include('C:\\xampp\\htdocs\\perpus\\app\\Views\\peminjaman\\index.php')
 3 SYSTEMPATH\View\View.php(229): CodeIgniter\View\View->CodeIgniter\View\{closure}()
 4 SYSTEMPATH\Common.php(1167): CodeIgniter\View\View->render('peminjaman/index', [], true)
 5 APPPATH\Controllers\peminjaman.php(15): view('peminjaman/index', [...])
 6 SYSTEMPATH\CodeIgniter.php(933): App\Controllers\Peminjaman->index()
 7 SYSTEMPATH\CodeIgniter.php(507): CodeIgniter\CodeIgniter->runController(Object(App\Controllers\Peminjaman))
 8 SYSTEMPATH\CodeIgniter.php(354): CodeIgniter\CodeIgniter->handleRequest(null, Object(Config\Cache), false)
 9 SYSTEMPATH\Boot.php(363): CodeIgniter\CodeIgniter->run()
10 SYSTEMPATH\Boot.php(68): CodeIgniter\Boot::runCodeIgniter(Object(CodeIgniter\CodeIgniter))
11 FCPATH\index.php(59): CodeIgniter\Boot::bootWeb(Object(Config\Paths))
CRITICAL - 2026-04-17 16:44:23 --> ErrorException: Undefined array key "nama_anggota"
[Method: GET, Route: peminjaman]
in APPPATH\Views\peminjaman\index.php on line 16.
 1 APPPATH\Views\peminjaman\index.php(16): CodeIgniter\Debug\Exceptions->errorHandler(2, 'Undefined array key "nama_anggota"', 'C:\\xampp\\htdocs\\perpus\\app\\Views\\peminjaman\\index.php', 16)
 2 SYSTEMPATH\View\View.php(226): include('C:\\xampp\\htdocs\\perpus\\app\\Views\\peminjaman\\index.php')
 3 SYSTEMPATH\View\View.php(229): CodeIgniter\View\View->CodeIgniter\View\{closure}()
 4 SYSTEMPATH\Common.php(1167): CodeIgniter\View\View->render('peminjaman/index', [], true)
 5 APPPATH\Controllers\peminjaman.php(15): view('peminjaman/index', [...])
 6 SYSTEMPATH\CodeIgniter.php(933): App\Controllers\Peminjaman->index()
 7 SYSTEMPATH\CodeIgniter.php(507): CodeIgniter\CodeIgniter->runController(Object(App\Controllers\Peminjaman))
 8 SYSTEMPATH\CodeIgniter.php(354): CodeIgniter\CodeIgniter->handleRequest(null, Object(Config\Cache), false)
 9 SYSTEMPATH\Boot.php(363): CodeIgniter\CodeIgniter->run()
10 SYSTEMPATH\Boot.php(68): CodeIgniter\Boot::runCodeIgniter(Object(CodeIgniter\CodeIgniter))
11 FCPATH\index.php(59): CodeIgniter\Boot::bootWeb(Object(Config\Paths))
CRITICAL - 2026-04-17 16:44:23 --> ErrorException: Undefined array key "nama_anggota"
[Method: GET, Route: peminjaman]
in APPPATH\Views\peminjaman\index.php on line 16.
 1 APPPATH\Views\peminjaman\index.php(16): CodeIgniter\Debug\Exceptions->errorHandler(2, 'Undefined array key "nama_anggota"', 'C:\\xampp\\htdocs\\perpus\\app\\Views\\peminjaman\\index.php', 16)
 2 SYSTEMPATH\View\View.php(226): include('C:\\xampp\\htdocs\\perpus\\app\\Views\\peminjaman\\index.php')
 3 SYSTEMPATH\View\View.php(229): CodeIgniter\View\View->CodeIgniter\View\{closure}()
 4 SYSTEMPATH\Common.php(1167): CodeIgniter\View\View->render('peminjaman/index', [], true)
 5 APPPATH\Controllers\peminjaman.php(15): view('peminjaman/index', [...])
 6 SYSTEMPATH\CodeIgniter.php(933): App\Controllers\Peminjaman->index()
 7 SYSTEMPATH\CodeIgniter.php(507): CodeIgniter\CodeIgniter->runController(Object(App\Controllers\Peminjaman))
 8 SYSTEMPATH\CodeIgniter.php(354): CodeIgniter\CodeIgniter->handleRequest(null, Object(Config\Cache), false)
 9 SYSTEMPATH\Boot.php(363): CodeIgniter\CodeIgniter->run()
10 SYSTEMPATH\Boot.php(68): CodeIgniter\Boot::runCodeIgniter(Object(CodeIgniter\CodeIgniter))
11 FCPATH\index.php(59): CodeIgniter\Boot::bootWeb(Object(Config\Paths))
CRITICAL - 2026-04-17 16:44:24 --> ErrorException: Undefined array key "nama_anggota"
[Method: GET, Route: peminjaman]
in APPPATH\Views\peminjaman\index.php on line 16.
 1 APPPATH\Views\peminjaman\index.php(16): CodeIgniter\Debug\Exceptions->errorHandler(2, 'Undefined array key "nama_anggota"', 'C:\\xampp\\htdocs\\perpus\\app\\Views\\peminjaman\\index.php', 16)
 2 SYSTEMPATH\View\View.php(226): include('C:\\xampp\\htdocs\\perpus\\app\\Views\\peminjaman\\index.php')
 3 SYSTEMPATH\View\View.php(229): CodeIgniter\View\View->CodeIgniter\View\{closure}()
 4 SYSTEMPATH\Common.php(1167): CodeIgniter\View\View->render('peminjaman/index', [], true)
 5 APPPATH\Controllers\peminjaman.php(15): view('peminjaman/index', [...])
 6 SYSTEMPATH\CodeIgniter.php(933): App\Controllers\Peminjaman->index()
 7 SYSTEMPATH\CodeIgniter.php(507): CodeIgniter\CodeIgniter->runController(Object(App\Controllers\Peminjaman))
 8 SYSTEMPATH\CodeIgniter.php(354): CodeIgniter\CodeIgniter->handleRequest(null, Object(Config\Cache), false)
 9 SYSTEMPATH\Boot.php(363): CodeIgniter\CodeIgniter->run()
10 SYSTEMPATH\Boot.php(68): CodeIgniter\Boot::runCodeIgniter(Object(CodeIgniter\CodeIgniter))
11 FCPATH\index.php(59): CodeIgniter\Boot::bootWeb(Object(Config\Paths))
CRITICAL - 2026-04-17 16:45:07 --> ErrorException: Undefined array key "nama_anggota"
[Method: GET, Route: peminjaman]
in APPPATH\Views\peminjaman\index.php on line 16.
 1 APPPATH\Views\peminjaman\index.php(16): CodeIgniter\Debug\Exceptions->errorHandler(2, 'Undefined array key "nama_anggota"', 'C:\\xampp\\htdocs\\perpus\\app\\Views\\peminjaman\\index.php', 16)
 2 SYSTEMPATH\View\View.php(226): include('C:\\xampp\\htdocs\\perpus\\app\\Views\\peminjaman\\index.php')
 3 SYSTEMPATH\View\View.php(229): CodeIgniter\View\View->CodeIgniter\View\{closure}()
 4 SYSTEMPATH\Common.php(1167): CodeIgniter\View\View->render('peminjaman/index', [], true)
 5 APPPATH\Controllers\peminjaman.php(15): view('peminjaman/index', [...])
 6 SYSTEMPATH\CodeIgniter.php(933): App\Controllers\Peminjaman->index()
 7 SYSTEMPATH\CodeIgniter.php(507): CodeIgniter\CodeIgniter->runController(Object(App\Controllers\Peminjaman))
 8 SYSTEMPATH\CodeIgniter.php(354): CodeIgniter\CodeIgniter->handleRequest(null, Object(Config\Cache), false)
 9 SYSTEMPATH\Boot.php(363): CodeIgniter\CodeIgniter->run()
10 SYSTEMPATH\Boot.php(68): CodeIgniter\Boot::runCodeIgniter(Object(CodeIgniter\CodeIgniter))
11 FCPATH\index.php(59): CodeIgniter\Boot::bootWeb(Object(Config\Paths))
CRITICAL - 2026-04-17 16:45:08 --> ErrorException: Undefined array key "nama_anggota"
[Method: GET, Route: peminjaman]
in APPPATH\Views\peminjaman\index.php on line 16.
 1 APPPATH\Views\peminjaman\index.php(16): CodeIgniter\Debug\Exceptions->errorHandler(2, 'Undefined array key "nama_anggota"', 'C:\\xampp\\htdocs\\perpus\\app\\Views\\peminjaman\\index.php', 16)
 2 SYSTEMPATH\View\View.php(226): include('C:\\xampp\\htdocs\\perpus\\app\\Views\\peminjaman\\index.php')
 3 SYSTEMPATH\View\View.php(229): CodeIgniter\View\View->CodeIgniter\View\{closure}()
 4 SYSTEMPATH\Common.php(1167): CodeIgniter\View\View->render('peminjaman/index', [], true)
 5 APPPATH\Controllers\peminjaman.php(15): view('peminjaman/index', [...])
 6 SYSTEMPATH\CodeIgniter.php(933): App\Controllers\Peminjaman->index()
 7 SYSTEMPATH\CodeIgniter.php(507): CodeIgniter\CodeIgniter->runController(Object(App\Controllers\Peminjaman))
 8 SYSTEMPATH\CodeIgniter.php(354): CodeIgniter\CodeIgniter->handleRequest(null, Object(Config\Cache), false)
 9 SYSTEMPATH\Boot.php(363): CodeIgniter\CodeIgniter->run()
10 SYSTEMPATH\Boot.php(68): CodeIgniter\Boot::runCodeIgniter(Object(CodeIgniter\CodeIgniter))
11 FCPATH\index.php(59): CodeIgniter\Boot::bootWeb(Object(Config\Paths))
CRITICAL - 2026-04-17 16:45:08 --> ErrorException: Undefined array key "nama_anggota"
[Method: GET, Route: peminjaman]
in APPPATH\Views\peminjaman\index.php on line 16.
 1 APPPATH\Views\peminjaman\index.php(16): CodeIgniter\Debug\Exceptions->errorHandler(2, 'Undefined array key "nama_anggota"', 'C:\\xampp\\htdocs\\perpus\\app\\Views\\peminjaman\\index.php', 16)
 2 SYSTEMPATH\View\View.php(226): include('C:\\xampp\\htdocs\\perpus\\app\\Views\\peminjaman\\index.php')
 3 SYSTEMPATH\View\View.php(229): CodeIgniter\View\View->CodeIgniter\View\{closure}()
 4 SYSTEMPATH\Common.php(1167): CodeIgniter\View\View->render('peminjaman/index', [], true)
 5 APPPATH\Controllers\peminjaman.php(15): view('peminjaman/index', [...])
 6 SYSTEMPATH\CodeIgniter.php(933): App\Controllers\Peminjaman->index()
 7 SYSTEMPATH\CodeIgniter.php(507): CodeIgniter\CodeIgniter->runController(Object(App\Controllers\Peminjaman))
 8 SYSTEMPATH\CodeIgniter.php(354): CodeIgniter\CodeIgniter->handleRequest(null, Object(Config\Cache), false)
 9 SYSTEMPATH\Boot.php(363): CodeIgniter\CodeIgniter->run()
10 SYSTEMPATH\Boot.php(68): CodeIgniter\Boot::runCodeIgniter(Object(CodeIgniter\CodeIgniter))
11 FCPATH\index.php(59): CodeIgniter\Boot::bootWeb(Object(Config\Paths))
CRITICAL - 2026-04-17 16:45:09 --> ErrorException: Undefined array key "nama_anggota"
[Method: GET, Route: peminjaman]
in APPPATH\Views\peminjaman\index.php on line 16.
 1 APPPATH\Views\peminjaman\index.php(16): CodeIgniter\Debug\Exceptions->errorHandler(2, 'Undefined array key "nama_anggota"', 'C:\\xampp\\htdocs\\perpus\\app\\Views\\peminjaman\\index.php', 16)
 2 SYSTEMPATH\View\View.php(226): include('C:\\xampp\\htdocs\\perpus\\app\\Views\\peminjaman\\index.php')
 3 SYSTEMPATH\View\View.php(229): CodeIgniter\View\View->CodeIgniter\View\{closure}()
 4 SYSTEMPATH\Common.php(1167): CodeIgniter\View\View->render('peminjaman/index', [], true)
 5 APPPATH\Controllers\peminjaman.php(15): view('peminjaman/index', [...])
 6 SYSTEMPATH\CodeIgniter.php(933): App\Controllers\Peminjaman->index()
 7 SYSTEMPATH\CodeIgniter.php(507): CodeIgniter\CodeIgniter->runController(Object(App\Controllers\Peminjaman))
 8 SYSTEMPATH\CodeIgniter.php(354): CodeIgniter\CodeIgniter->handleRequest(null, Object(Config\Cache), false)
 9 SYSTEMPATH\Boot.php(363): CodeIgniter\CodeIgniter->run()
10 SYSTEMPATH\Boot.php(68): CodeIgniter\Boot::runCodeIgniter(Object(CodeIgniter\CodeIgniter))
11 FCPATH\index.php(59): CodeIgniter\Boot::bootWeb(Object(Config\Paths))
CRITICAL - 2026-04-17 16:45:09 --> ErrorException: Undefined array key "nama_anggota"
[Method: GET, Route: peminjaman]
in APPPATH\Views\peminjaman\index.php on line 16.
 1 APPPATH\Views\peminjaman\index.php(16): CodeIgniter\Debug\Exceptions->errorHandler(2, 'Undefined array key "nama_anggota"', 'C:\\xampp\\htdocs\\perpus\\app\\Views\\peminjaman\\index.php', 16)
 2 SYSTEMPATH\View\View.php(226): include('C:\\xampp\\htdocs\\perpus\\app\\Views\\peminjaman\\index.php')
 3 SYSTEMPATH\View\View.php(229): CodeIgniter\View\View->CodeIgniter\View\{closure}()
 4 SYSTEMPATH\Common.php(1167): CodeIgniter\View\View->render('peminjaman/index', [], true)
 5 APPPATH\Controllers\peminjaman.php(15): view('peminjaman/index', [...])
 6 SYSTEMPATH\CodeIgniter.php(933): App\Controllers\Peminjaman->index()
 7 SYSTEMPATH\CodeIgniter.php(507): CodeIgniter\CodeIgniter->runController(Object(App\Controllers\Peminjaman))
 8 SYSTEMPATH\CodeIgniter.php(354): CodeIgniter\CodeIgniter->handleRequest(null, Object(Config\Cache), false)
 9 SYSTEMPATH\Boot.php(363): CodeIgniter\CodeIgniter->run()
10 SYSTEMPATH\Boot.php(68): CodeIgniter\Boot::runCodeIgniter(Object(CodeIgniter\CodeIgniter))
11 FCPATH\index.php(59): CodeIgniter\Boot::bootWeb(Object(Config\Paths))
CRITICAL - 2026-04-17 16:45:09 --> ErrorException: Undefined array key "nama_anggota"
[Method: GET, Route: peminjaman]
in APPPATH\Views\peminjaman\index.php on line 16.
 1 APPPATH\Views\peminjaman\index.php(16): CodeIgniter\Debug\Exceptions->errorHandler(2, 'Undefined array key "nama_anggota"', 'C:\\xampp\\htdocs\\perpus\\app\\Views\\peminjaman\\index.php', 16)
 2 SYSTEMPATH\View\View.php(226): include('C:\\xampp\\htdocs\\perpus\\app\\Views\\peminjaman\\index.php')
 3 SYSTEMPATH\View\View.php(229): CodeIgniter\View\View->CodeIgniter\View\{closure}()
 4 SYSTEMPATH\Common.php(1167): CodeIgniter\View\View->render('peminjaman/index', [], true)
 5 APPPATH\Controllers\peminjaman.php(15): view('peminjaman/index', [...])
 6 SYSTEMPATH\CodeIgniter.php(933): App\Controllers\Peminjaman->index()
 7 SYSTEMPATH\CodeIgniter.php(507): CodeIgniter\CodeIgniter->runController(Object(App\Controllers\Peminjaman))
 8 SYSTEMPATH\CodeIgniter.php(354): CodeIgniter\CodeIgniter->handleRequest(null, Object(Config\Cache), false)
 9 SYSTEMPATH\Boot.php(363): CodeIgniter\CodeIgniter->run()
10 SYSTEMPATH\Boot.php(68): CodeIgniter\Boot::runCodeIgniter(Object(CodeIgniter\CodeIgniter))
11 FCPATH\index.php(59): CodeIgniter\Boot::bootWeb(Object(Config\Paths))
CRITICAL - 2026-04-17 16:45:10 --> ErrorException: Undefined array key "nama_anggota"
[Method: GET, Route: peminjaman]
in APPPATH\Views\peminjaman\index.php on line 16.
 1 APPPATH\Views\peminjaman\index.php(16): CodeIgniter\Debug\Exceptions->errorHandler(2, 'Undefined array key "nama_anggota"', 'C:\\xampp\\htdocs\\perpus\\app\\Views\\peminjaman\\index.php', 16)
 2 SYSTEMPATH\View\View.php(226): include('C:\\xampp\\htdocs\\perpus\\app\\Views\\peminjaman\\index.php')
 3 SYSTEMPATH\View\View.php(229): CodeIgniter\View\View->CodeIgniter\View\{closure}()
 4 SYSTEMPATH\Common.php(1167): CodeIgniter\View\View->render('peminjaman/index', [], true)
 5 APPPATH\Controllers\peminjaman.php(15): view('peminjaman/index', [...])
 6 SYSTEMPATH\CodeIgniter.php(933): App\Controllers\Peminjaman->index()
 7 SYSTEMPATH\CodeIgniter.php(507): CodeIgniter\CodeIgniter->runController(Object(App\Controllers\Peminjaman))
 8 SYSTEMPATH\CodeIgniter.php(354): CodeIgniter\CodeIgniter->handleRequest(null, Object(Config\Cache), false)
 9 SYSTEMPATH\Boot.php(363): CodeIgniter\CodeIgniter->run()
10 SYSTEMPATH\Boot.php(68): CodeIgniter\Boot::runCodeIgniter(Object(CodeIgniter\CodeIgniter))
11 FCPATH\index.php(59): CodeIgniter\Boot::bootWeb(Object(Config\Paths))
CRITICAL - 2026-04-17 16:46:37 --> ParseError: syntax error, unexpected token "<", expecting "]"
[Method: GET, Route: peminjaman]
in APPPATH\Controllers\peminjaman.php on line 25.
 1 SYSTEMPATH\Autoloader\Autoloader.php(295): CodeIgniter\Autoloader\Autoloader->includeFile('C:\\xampp\\htdocs\\perpus\\app\\Controllers\\Peminjaman.php')
 2 SYSTEMPATH\Autoloader\Autoloader.php(271): CodeIgniter\Autoloader\Autoloader->loadInNamespace('App\\Controllers\\Peminjaman')
 3 [internal function]: CodeIgniter\Autoloader\Autoloader->loadClass('App\\Controllers\\Peminjaman')
 4 SYSTEMPATH\CodeIgniter.php(885): class_exists('\\App\\Controllers\\Peminjaman', true)
 5 SYSTEMPATH\CodeIgniter.php(494): CodeIgniter\CodeIgniter->startController()
 6 SYSTEMPATH\CodeIgniter.php(354): CodeIgniter\CodeIgniter->handleRequest(null, Object(Config\Cache), false)
 7 SYSTEMPATH\Boot.php(363): CodeIgniter\CodeIgniter->run()
 8 SYSTEMPATH\Boot.php(68): CodeIgniter\Boot::runCodeIgniter(Object(CodeIgniter\CodeIgniter))
 9 FCPATH\index.php(59): CodeIgniter\Boot::bootWeb(Object(Config\Paths))
CRITICAL - 2026-04-17 16:46:38 --> ParseError: syntax error, unexpected token "<", expecting "]"
[Method: GET, Route: peminjaman]
in APPPATH\Controllers\peminjaman.php on line 25.
 1 SYSTEMPATH\Autoloader\Autoloader.php(295): CodeIgniter\Autoloader\Autoloader->includeFile('C:\\xampp\\htdocs\\perpus\\app\\Controllers\\Peminjaman.php')
 2 SYSTEMPATH\Autoloader\Autoloader.php(271): CodeIgniter\Autoloader\Autoloader->loadInNamespace('App\\Controllers\\Peminjaman')
 3 [internal function]: CodeIgniter\Autoloader\Autoloader->loadClass('App\\Controllers\\Peminjaman')
 4 SYSTEMPATH\CodeIgniter.php(885): class_exists('\\App\\Controllers\\Peminjaman', true)
 5 SYSTEMPATH\CodeIgniter.php(494): CodeIgniter\CodeIgniter->startController()
 6 SYSTEMPATH\CodeIgniter.php(354): CodeIgniter\CodeIgniter->handleRequest(null, Object(Config\Cache), false)
 7 SYSTEMPATH\Boot.php(363): CodeIgniter\CodeIgniter->run()
 8 SYSTEMPATH\Boot.php(68): CodeIgniter\Boot::runCodeIgniter(Object(CodeIgniter\CodeIgniter))
 9 FCPATH\index.php(59): CodeIgniter\Boot::bootWeb(Object(Config\Paths))
CRITICAL - 2026-04-17 16:46:39 --> ParseError: syntax error, unexpected token "<", expecting "]"
[Method: GET, Route: peminjaman]
in APPPATH\Controllers\peminjaman.php on line 25.
 1 SYSTEMPATH\Autoloader\Autoloader.php(295): CodeIgniter\Autoloader\Autoloader->includeFile('C:\\xampp\\htdocs\\perpus\\app\\Controllers\\Peminjaman.php')
 2 SYSTEMPATH\Autoloader\Autoloader.php(271): CodeIgniter\Autoloader\Autoloader->loadInNamespace('App\\Controllers\\Peminjaman')
 3 [internal function]: CodeIgniter\Autoloader\Autoloader->loadClass('App\\Controllers\\Peminjaman')
 4 SYSTEMPATH\CodeIgniter.php(885): class_exists('\\App\\Controllers\\Peminjaman', true)
 5 SYSTEMPATH\CodeIgniter.php(494): CodeIgniter\CodeIgniter->startController()
 6 SYSTEMPATH\CodeIgniter.php(354): CodeIgniter\CodeIgniter->handleRequest(null, Object(Config\Cache), false)
 7 SYSTEMPATH\Boot.php(363): CodeIgniter\CodeIgniter->run()
 8 SYSTEMPATH\Boot.php(68): CodeIgniter\Boot::runCodeIgniter(Object(CodeIgniter\CodeIgniter))
 9 FCPATH\index.php(59): CodeIgniter\Boot::bootWeb(Object(Config\Paths))
CRITICAL - 2026-04-17 16:46:39 --> ParseError: syntax error, unexpected token "<", expecting "]"
[Method: GET, Route: peminjaman]
in APPPATH\Controllers\peminjaman.php on line 25.
 1 SYSTEMPATH\Autoloader\Autoloader.php(295): CodeIgniter\Autoloader\Autoloader->includeFile('C:\\xampp\\htdocs\\perpus\\app\\Controllers\\Peminjaman.php')
 2 SYSTEMPATH\Autoloader\Autoloader.php(271): CodeIgniter\Autoloader\Autoloader->loadInNamespace('App\\Controllers\\Peminjaman')
 3 [internal function]: CodeIgniter\Autoloader\Autoloader->loadClass('App\\Controllers\\Peminjaman')
 4 SYSTEMPATH\CodeIgniter.php(885): class_exists('\\App\\Controllers\\Peminjaman', true)
 5 SYSTEMPATH\CodeIgniter.php(494): CodeIgniter\CodeIgniter->startController()
 6 SYSTEMPATH\CodeIgniter.php(354): CodeIgniter\CodeIgniter->handleRequest(null, Object(Config\Cache), false)
 7 SYSTEMPATH\Boot.php(363): CodeIgniter\CodeIgniter->run()
 8 SYSTEMPATH\Boot.php(68): CodeIgniter\Boot::runCodeIgniter(Object(CodeIgniter\CodeIgniter))
 9 FCPATH\index.php(59): CodeIgniter\Boot::bootWeb(Object(Config\Paths))
CRITICAL - 2026-04-17 16:46:39 --> ParseError: syntax error, unexpected token "<", expecting "]"
[Method: GET, Route: peminjaman]
in APPPATH\Controllers\peminjaman.php on line 25.
 1 SYSTEMPATH\Autoloader\Autoloader.php(295): CodeIgniter\Autoloader\Autoloader->includeFile('C:\\xampp\\htdocs\\perpus\\app\\Controllers\\Peminjaman.php')
 2 SYSTEMPATH\Autoloader\Autoloader.php(271): CodeIgniter\Autoloader\Autoloader->loadInNamespace('App\\Controllers\\Peminjaman')
 3 [internal function]: CodeIgniter\Autoloader\Autoloader->loadClass('App\\Controllers\\Peminjaman')
 4 SYSTEMPATH\CodeIgniter.php(885): class_exists('\\App\\Controllers\\Peminjaman', true)
 5 SYSTEMPATH\CodeIgniter.php(494): CodeIgniter\CodeIgniter->startController()
 6 SYSTEMPATH\CodeIgniter.php(354): CodeIgniter\CodeIgniter->handleRequest(null, Object(Config\Cache), false)
 7 SYSTEMPATH\Boot.php(363): CodeIgniter\CodeIgniter->run()
 8 SYSTEMPATH\Boot.php(68): CodeIgniter\Boot::runCodeIgniter(Object(CodeIgniter\CodeIgniter))
 9 FCPATH\index.php(59): CodeIgniter\Boot::bootWeb(Object(Config\Paths))
CRITICAL - 2026-04-17 16:46:39 --> ParseError: syntax error, unexpected token "<", expecting "]"
[Method: GET, Route: peminjaman]
in APPPATH\Controllers\peminjaman.php on line 25.
 1 SYSTEMPATH\Autoloader\Autoloader.php(295): CodeIgniter\Autoloader\Autoloader->includeFile('C:\\xampp\\htdocs\\perpus\\app\\Controllers\\Peminjaman.php')
 2 SYSTEMPATH\Autoloader\Autoloader.php(271): CodeIgniter\Autoloader\Autoloader->loadInNamespace('App\\Controllers\\Peminjaman')
 3 [internal function]: CodeIgniter\Autoloader\Autoloader->loadClass('App\\Controllers\\Peminjaman')
 4 SYSTEMPATH\CodeIgniter.php(885): class_exists('\\App\\Controllers\\Peminjaman', true)
 5 SYSTEMPATH\CodeIgniter.php(494): CodeIgniter\CodeIgniter->startController()
 6 SYSTEMPATH\CodeIgniter.php(354): CodeIgniter\CodeIgniter->handleRequest(null, Object(Config\Cache), false)
 7 SYSTEMPATH\Boot.php(363): CodeIgniter\CodeIgniter->run()
 8 SYSTEMPATH\Boot.php(68): CodeIgniter\Boot::runCodeIgniter(Object(CodeIgniter\CodeIgniter))
 9 FCPATH\index.php(59): CodeIgniter\Boot::bootWeb(Object(Config\Paths))
CRITICAL - 2026-04-17 16:47:38 --> ErrorException: Undefined array key "nama_anggota"
[Method: GET, Route: peminjaman]
in APPPATH\Views\peminjaman\index.php on line 16.
 1 APPPATH\Views\peminjaman\index.php(16): CodeIgniter\Debug\Exceptions->errorHandler(2, 'Undefined array key "nama_anggota"', 'C:\\xampp\\htdocs\\perpus\\app\\Views\\peminjaman\\index.php', 16)
 2 SYSTEMPATH\View\View.php(226): include('C:\\xampp\\htdocs\\perpus\\app\\Views\\peminjaman\\index.php')
 3 SYSTEMPATH\View\View.php(229): CodeIgniter\View\View->CodeIgniter\View\{closure}()
 4 SYSTEMPATH\Common.php(1167): CodeIgniter\View\View->render('peminjaman/index', [], true)
 5 APPPATH\Controllers\peminjaman.php(17): view('peminjaman/index', [...])
 6 SYSTEMPATH\CodeIgniter.php(933): App\Controllers\Peminjaman->index()
 7 SYSTEMPATH\CodeIgniter.php(507): CodeIgniter\CodeIgniter->runController(Object(App\Controllers\Peminjaman))
 8 SYSTEMPATH\CodeIgniter.php(354): CodeIgniter\CodeIgniter->handleRequest(null, Object(Config\Cache), false)
 9 SYSTEMPATH\Boot.php(363): CodeIgniter\CodeIgniter->run()
10 SYSTEMPATH\Boot.php(68): CodeIgniter\Boot::runCodeIgniter(Object(CodeIgniter\CodeIgniter))
11 FCPATH\index.php(59): CodeIgniter\Boot::bootWeb(Object(Config\Paths))
CRITICAL - 2026-04-17 16:47:39 --> ErrorException: Undefined array key "nama_anggota"
[Method: GET, Route: peminjaman]
in APPPATH\Views\peminjaman\index.php on line 16.
 1 APPPATH\Views\peminjaman\index.php(16): CodeIgniter\Debug\Exceptions->errorHandler(2, 'Undefined array key "nama_anggota"', 'C:\\xampp\\htdocs\\perpus\\app\\Views\\peminjaman\\index.php', 16)
 2 SYSTEMPATH\View\View.php(226): include('C:\\xampp\\htdocs\\perpus\\app\\Views\\peminjaman\\index.php')
 3 SYSTEMPATH\View\View.php(229): CodeIgniter\View\View->CodeIgniter\View\{closure}()
 4 SYSTEMPATH\Common.php(1167): CodeIgniter\View\View->render('peminjaman/index', [], true)
 5 APPPATH\Controllers\peminjaman.php(17): view('peminjaman/index', [...])
 6 SYSTEMPATH\CodeIgniter.php(933): App\Controllers\Peminjaman->index()
 7 SYSTEMPATH\CodeIgniter.php(507): CodeIgniter\CodeIgniter->runController(Object(App\Controllers\Peminjaman))
 8 SYSTEMPATH\CodeIgniter.php(354): CodeIgniter\CodeIgniter->handleRequest(null, Object(Config\Cache), false)
 9 SYSTEMPATH\Boot.php(363): CodeIgniter\CodeIgniter->run()
10 SYSTEMPATH\Boot.php(68): CodeIgniter\Boot::runCodeIgniter(Object(CodeIgniter\CodeIgniter))
11 FCPATH\index.php(59): CodeIgniter\Boot::bootWeb(Object(Config\Paths))
CRITICAL - 2026-04-17 16:47:39 --> ErrorException: Undefined array key "nama_anggota"
[Method: GET, Route: peminjaman]
in APPPATH\Views\peminjaman\index.php on line 16.
 1 APPPATH\Views\peminjaman\index.php(16): CodeIgniter\Debug\Exceptions->errorHandler(2, 'Undefined array key "nama_anggota"', 'C:\\xampp\\htdocs\\perpus\\app\\Views\\peminjaman\\index.php', 16)
 2 SYSTEMPATH\View\View.php(226): include('C:\\xampp\\htdocs\\perpus\\app\\Views\\peminjaman\\index.php')
 3 SYSTEMPATH\View\View.php(229): CodeIgniter\View\View->CodeIgniter\View\{closure}()
 4 SYSTEMPATH\Common.php(1167): CodeIgniter\View\View->render('peminjaman/index', [], true)
 5 APPPATH\Controllers\peminjaman.php(17): view('peminjaman/index', [...])
 6 SYSTEMPATH\CodeIgniter.php(933): App\Controllers\Peminjaman->index()
 7 SYSTEMPATH\CodeIgniter.php(507): CodeIgniter\CodeIgniter->runController(Object(App\Controllers\Peminjaman))
 8 SYSTEMPATH\CodeIgniter.php(354): CodeIgniter\CodeIgniter->handleRequest(null, Object(Config\Cache), false)
 9 SYSTEMPATH\Boot.php(363): CodeIgniter\CodeIgniter->run()
10 SYSTEMPATH\Boot.php(68): CodeIgniter\Boot::runCodeIgniter(Object(CodeIgniter\CodeIgniter))
11 FCPATH\index.php(59): CodeIgniter\Boot::bootWeb(Object(Config\Paths))
CRITICAL - 2026-04-17 16:48:14 --> ParseError: syntax error, unexpected token "<", expecting "]"
[Method: GET, Route: peminjaman]
in APPPATH\Controllers\peminjaman.php on line 25.
 1 SYSTEMPATH\Autoloader\Autoloader.php(295): CodeIgniter\Autoloader\Autoloader->includeFile('C:\\xampp\\htdocs\\perpus\\app\\Controllers\\Peminjaman.php')
 2 SYSTEMPATH\Autoloader\Autoloader.php(271): CodeIgniter\Autoloader\Autoloader->loadInNamespace('App\\Controllers\\Peminjaman')
 3 [internal function]: CodeIgniter\Autoloader\Autoloader->loadClass('App\\Controllers\\Peminjaman')
 4 SYSTEMPATH\CodeIgniter.php(885): class_exists('\\App\\Controllers\\Peminjaman', true)
 5 SYSTEMPATH\CodeIgniter.php(494): CodeIgniter\CodeIgniter->startController()
 6 SYSTEMPATH\CodeIgniter.php(354): CodeIgniter\CodeIgniter->handleRequest(null, Object(Config\Cache), false)
 7 SYSTEMPATH\Boot.php(363): CodeIgniter\CodeIgniter->run()
 8 SYSTEMPATH\Boot.php(68): CodeIgniter\Boot::runCodeIgniter(Object(CodeIgniter\CodeIgniter))
 9 FCPATH\index.php(59): CodeIgniter\Boot::bootWeb(Object(Config\Paths))
DEBUG - 2026-04-17 16:48:15 --> Session: Class initialized using 'CodeIgniter\Session\Handlers\FileHandler' driver.
DEBUG - 2026-04-17 16:48:21 --> Session: Class initialized using 'CodeIgniter\Session\Handlers\FileHandler' driver.
DEBUG - 2026-04-17 16:48:27 --> Session: Class initialized using 'CodeIgniter\Session\Handlers\FileHandler' driver.
DEBUG - 2026-04-17 16:52:00 --> Session: Class initialized using 'CodeIgniter\Session\Handlers\FileHandler' driver.
CRITICAL - 2026-04-17 16:53:01 --> ParseError: syntax error, unexpected token "<", expecting "]"
[Method: GET, Route: peminjaman]
in APPPATH\Controllers\peminjaman.php on line 25.
 1 SYSTEMPATH\Autoloader\Autoloader.php(295): CodeIgniter\Autoloader\Autoloader->includeFile('C:\\xampp\\htdocs\\perpus\\app\\Controllers\\Peminjaman.php')
 2 SYSTEMPATH\Autoloader\Autoloader.php(271): CodeIgniter\Autoloader\Autoloader->loadInNamespace('App\\Controllers\\Peminjaman')
 3 [internal function]: CodeIgniter\Autoloader\Autoloader->loadClass('App\\Controllers\\Peminjaman')
 4 SYSTEMPATH\CodeIgniter.php(885): class_exists('\\App\\Controllers\\Peminjaman', true)
 5 SYSTEMPATH\CodeIgniter.php(494): CodeIgniter\CodeIgniter->startController()
 6 SYSTEMPATH\CodeIgniter.php(354): CodeIgniter\CodeIgniter->handleRequest(null, Object(Config\Cache), false)
 7 SYSTEMPATH\Boot.php(363): CodeIgniter\CodeIgniter->run()
 8 SYSTEMPATH\Boot.php(68): CodeIgniter\Boot::runCodeIgniter(Object(CodeIgniter\CodeIgniter))
 9 FCPATH\index.php(59): CodeIgniter\Boot::bootWeb(Object(Config\Paths))
CRITICAL - 2026-04-17 16:53:02 --> ParseError: syntax error, unexpected token "<", expecting "]"
[Method: GET, Route: peminjaman]
in APPPATH\Controllers\peminjaman.php on line 25.
 1 SYSTEMPATH\Autoloader\Autoloader.php(295): CodeIgniter\Autoloader\Autoloader->includeFile('C:\\xampp\\htdocs\\perpus\\app\\Controllers\\Peminjaman.php')
 2 SYSTEMPATH\Autoloader\Autoloader.php(271): CodeIgniter\Autoloader\Autoloader->loadInNamespace('App\\Controllers\\Peminjaman')
 3 [internal function]: CodeIgniter\Autoloader\Autoloader->loadClass('App\\Controllers\\Peminjaman')
 4 SYSTEMPATH\CodeIgniter.php(885): class_exists('\\App\\Controllers\\Peminjaman', true)
 5 SYSTEMPATH\CodeIgniter.php(494): CodeIgniter\CodeIgniter->startController()
 6 SYSTEMPATH\CodeIgniter.php(354): CodeIgniter\CodeIgniter->handleRequest(null, Object(Config\Cache), false)
 7 SYSTEMPATH\Boot.php(363): CodeIgniter\CodeIgniter->run()
 8 SYSTEMPATH\Boot.php(68): CodeIgniter\Boot::runCodeIgniter(Object(CodeIgniter\CodeIgniter))
 9 FCPATH\index.php(59): CodeIgniter\Boot::bootWeb(Object(Config\Paths))
CRITICAL - 2026-04-17 16:54:13 --> ErrorException: Undefined array key "nama_anggota"
[Method: GET, Route: peminjaman]
in APPPATH\Views\peminjaman\index.php on line 16.
 1 APPPATH\Views\peminjaman\index.php(16): CodeIgniter\Debug\Exceptions->errorHandler(2, 'Undefined array key "nama_anggota"', 'C:\\xampp\\htdocs\\perpus\\app\\Views\\peminjaman\\index.php', 16)
 2 SYSTEMPATH\View\View.php(226): include('C:\\xampp\\htdocs\\perpus\\app\\Views\\peminjaman\\index.php')
 3 SYSTEMPATH\View\View.php(229): CodeIgniter\View\View->CodeIgniter\View\{closure}()
 4 SYSTEMPATH\Common.php(1167): CodeIgniter\View\View->render('peminjaman/index', [], true)
 5 APPPATH\Controllers\peminjaman.php(17): view('peminjaman/index', [...])
 6 SYSTEMPATH\CodeIgniter.php(933): App\Controllers\Peminjaman->index()
 7 SYSTEMPATH\CodeIgniter.php(507): CodeIgniter\CodeIgniter->runController(Object(App\Controllers\Peminjaman))
 8 SYSTEMPATH\CodeIgniter.php(354): CodeIgniter\CodeIgniter->handleRequest(null, Object(Config\Cache), false)
 9 SYSTEMPATH\Boot.php(363): CodeIgniter\CodeIgniter->run()
10 SYSTEMPATH\Boot.php(68): CodeIgniter\Boot::runCodeIgniter(Object(CodeIgniter\CodeIgniter))
11 FCPATH\index.php(59): CodeIgniter\Boot::bootWeb(Object(Config\Paths))
CRITICAL - 2026-04-17 16:54:14 --> ErrorException: Undefined array key "nama_anggota"
[Method: GET, Route: peminjaman]
in APPPATH\Views\peminjaman\index.php on line 16.
 1 APPPATH\Views\peminjaman\index.php(16): CodeIgniter\Debug\Exceptions->errorHandler(2, 'Undefined array key "nama_anggota"', 'C:\\xampp\\htdocs\\perpus\\app\\Views\\peminjaman\\index.php', 16)
 2 SYSTEMPATH\View\View.php(226): include('C:\\xampp\\htdocs\\perpus\\app\\Views\\peminjaman\\index.php')
 3 SYSTEMPATH\View\View.php(229): CodeIgniter\View\View->CodeIgniter\View\{closure}()
 4 SYSTEMPATH\Common.php(1167): CodeIgniter\View\View->render('peminjaman/index', [], true)
 5 APPPATH\Controllers\peminjaman.php(17): view('peminjaman/index', [...])
 6 SYSTEMPATH\CodeIgniter.php(933): App\Controllers\Peminjaman->index()
 7 SYSTEMPATH\CodeIgniter.php(507): CodeIgniter\CodeIgniter->runController(Object(App\Controllers\Peminjaman))
 8 SYSTEMPATH\CodeIgniter.php(354): CodeIgniter\CodeIgniter->handleRequest(null, Object(Config\Cache), false)
 9 SYSTEMPATH\Boot.php(363): CodeIgniter\CodeIgniter->run()
10 SYSTEMPATH\Boot.php(68): CodeIgniter\Boot::runCodeIgniter(Object(CodeIgniter\CodeIgniter))
11 FCPATH\index.php(59): CodeIgniter\Boot::bootWeb(Object(Config\Paths))
CRITICAL - 2026-04-17 16:55:25 --> ErrorException: Undefined array key "nama_anggota"
[Method: GET, Route: peminjaman]
in APPPATH\Views\peminjaman\index.php on line 16.
 1 APPPATH\Views\peminjaman\index.php(16): CodeIgniter\Debug\Exceptions->errorHandler(2, 'Undefined array key "nama_anggota"', 'C:\\xampp\\htdocs\\perpus\\app\\Views\\peminjaman\\index.php', 16)
 2 SYSTEMPATH\View\View.php(226): include('C:\\xampp\\htdocs\\perpus\\app\\Views\\peminjaman\\index.php')
 3 SYSTEMPATH\View\View.php(229): CodeIgniter\View\View->CodeIgniter\View\{closure}()
 4 SYSTEMPATH\Common.php(1167): CodeIgniter\View\View->render('peminjaman/index', [], true)
 5 APPPATH\Controllers\peminjaman.php(15): view('peminjaman/index', [...])
 6 SYSTEMPATH\CodeIgniter.php(933): App\Controllers\Peminjaman->index()
 7 SYSTEMPATH\CodeIgniter.php(507): CodeIgniter\CodeIgniter->runController(Object(App\Controllers\Peminjaman))
 8 SYSTEMPATH\CodeIgniter.php(354): CodeIgniter\CodeIgniter->handleRequest(null, Object(Config\Cache), false)
 9 SYSTEMPATH\Boot.php(363): CodeIgniter\CodeIgniter->run()
10 SYSTEMPATH\Boot.php(68): CodeIgniter\Boot::runCodeIgniter(Object(CodeIgniter\CodeIgniter))
11 FCPATH\index.php(59): CodeIgniter\Boot::bootWeb(Object(Config\Paths))
CRITICAL - 2026-04-17 16:55:26 --> ErrorException: Undefined array key "nama_anggota"
[Method: GET, Route: peminjaman]
in APPPATH\Views\peminjaman\index.php on line 16.
 1 APPPATH\Views\peminjaman\index.php(16): CodeIgniter\Debug\Exceptions->errorHandler(2, 'Undefined array key "nama_anggota"', 'C:\\xampp\\htdocs\\perpus\\app\\Views\\peminjaman\\index.php', 16)
 2 SYSTEMPATH\View\View.php(226): include('C:\\xampp\\htdocs\\perpus\\app\\Views\\peminjaman\\index.php')
 3 SYSTEMPATH\View\View.php(229): CodeIgniter\View\View->CodeIgniter\View\{closure}()
 4 SYSTEMPATH\Common.php(1167): CodeIgniter\View\View->render('peminjaman/index', [], true)
 5 APPPATH\Controllers\peminjaman.php(15): view('peminjaman/index', [...])
 6 SYSTEMPATH\CodeIgniter.php(933): App\Controllers\Peminjaman->index()
 7 SYSTEMPATH\CodeIgniter.php(507): CodeIgniter\CodeIgniter->runController(Object(App\Controllers\Peminjaman))
 8 SYSTEMPATH\CodeIgniter.php(354): CodeIgniter\CodeIgniter->handleRequest(null, Object(Config\Cache), false)
 9 SYSTEMPATH\Boot.php(363): CodeIgniter\CodeIgniter->run()
10 SYSTEMPATH\Boot.php(68): CodeIgniter\Boot::runCodeIgniter(Object(CodeIgniter\CodeIgniter))
11 FCPATH\index.php(59): CodeIgniter\Boot::bootWeb(Object(Config\Paths))
CRITICAL - 2026-04-17 16:55:26 --> ErrorException: Undefined array key "nama_anggota"
[Method: GET, Route: peminjaman]
in APPPATH\Views\peminjaman\index.php on line 16.
 1 APPPATH\Views\peminjaman\index.php(16): CodeIgniter\Debug\Exceptions->errorHandler(2, 'Undefined array key "nama_anggota"', 'C:\\xampp\\htdocs\\perpus\\app\\Views\\peminjaman\\index.php', 16)
 2 SYSTEMPATH\View\View.php(226): include('C:\\xampp\\htdocs\\perpus\\app\\Views\\peminjaman\\index.php')
 3 SYSTEMPATH\View\View.php(229): CodeIgniter\View\View->CodeIgniter\View\{closure}()
 4 SYSTEMPATH\Common.php(1167): CodeIgniter\View\View->render('peminjaman/index', [], true)
 5 APPPATH\Controllers\peminjaman.php(15): view('peminjaman/index', [...])
 6 SYSTEMPATH\CodeIgniter.php(933): App\Controllers\Peminjaman->index()
 7 SYSTEMPATH\CodeIgniter.php(507): CodeIgniter\CodeIgniter->runController(Object(App\Controllers\Peminjaman))
 8 SYSTEMPATH\CodeIgniter.php(354): CodeIgniter\CodeIgniter->handleRequest(null, Object(Config\Cache), false)
 9 SYSTEMPATH\Boot.php(363): CodeIgniter\CodeIgniter->run()
10 SYSTEMPATH\Boot.php(68): CodeIgniter\Boot::runCodeIgniter(Object(CodeIgniter\CodeIgniter))
11 FCPATH\index.php(59): CodeIgniter\Boot::bootWeb(Object(Config\Paths))
CRITICAL - 2026-04-17 16:56:09 --> ParseError: syntax error, unexpected token "<"
[Method: GET, Route: peminjaman]
in APPPATH\Controllers\peminjaman.php on line 21.
 1 SYSTEMPATH\Autoloader\Autoloader.php(295): CodeIgniter\Autoloader\Autoloader->includeFile('C:\\xampp\\htdocs\\perpus\\app\\Controllers\\Peminjaman.php')
 2 SYSTEMPATH\Autoloader\Autoloader.php(271): CodeIgniter\Autoloader\Autoloader->loadInNamespace('App\\Controllers\\Peminjaman')
 3 [internal function]: CodeIgniter\Autoloader\Autoloader->loadClass('App\\Controllers\\Peminjaman')
 4 SYSTEMPATH\CodeIgniter.php(885): class_exists('\\App\\Controllers\\Peminjaman', true)
 5 SYSTEMPATH\CodeIgniter.php(494): CodeIgniter\CodeIgniter->startController()
 6 SYSTEMPATH\CodeIgniter.php(354): CodeIgniter\CodeIgniter->handleRequest(null, Object(Config\Cache), false)
 7 SYSTEMPATH\Boot.php(363): CodeIgniter\CodeIgniter->run()
 8 SYSTEMPATH\Boot.php(68): CodeIgniter\Boot::runCodeIgniter(Object(CodeIgniter\CodeIgniter))
 9 FCPATH\index.php(59): CodeIgniter\Boot::bootWeb(Object(Config\Paths))
CRITICAL - 2026-04-17 16:56:10 --> ParseError: syntax error, unexpected token "<"
[Method: GET, Route: peminjaman]
in APPPATH\Controllers\peminjaman.php on line 21.
 1 SYSTEMPATH\Autoloader\Autoloader.php(295): CodeIgniter\Autoloader\Autoloader->includeFile('C:\\xampp\\htdocs\\perpus\\app\\Controllers\\Peminjaman.php')
 2 SYSTEMPATH\Autoloader\Autoloader.php(271): CodeIgniter\Autoloader\Autoloader->loadInNamespace('App\\Controllers\\Peminjaman')
 3 [internal function]: CodeIgniter\Autoloader\Autoloader->loadClass('App\\Controllers\\Peminjaman')
 4 SYSTEMPATH\CodeIgniter.php(885): class_exists('\\App\\Controllers\\Peminjaman', true)
 5 SYSTEMPATH\CodeIgniter.php(494): CodeIgniter\CodeIgniter->startController()
 6 SYSTEMPATH\CodeIgniter.php(354): CodeIgniter\CodeIgniter->handleRequest(null, Object(Config\Cache), false)
 7 SYSTEMPATH\Boot.php(363): CodeIgniter\CodeIgniter->run()
 8 SYSTEMPATH\Boot.php(68): CodeIgniter\Boot::runCodeIgniter(Object(CodeIgniter\CodeIgniter))
 9 FCPATH\index.php(59): CodeIgniter\Boot::bootWeb(Object(Config\Paths))
CRITICAL - 2026-04-17 16:56:10 --> ParseError: syntax error, unexpected token "<"
[Method: GET, Route: peminjaman]
in APPPATH\Controllers\peminjaman.php on line 21.
 1 SYSTEMPATH\Autoloader\Autoloader.php(295): CodeIgniter\Autoloader\Autoloader->includeFile('C:\\xampp\\htdocs\\perpus\\app\\Controllers\\Peminjaman.php')
 2 SYSTEMPATH\Autoloader\Autoloader.php(271): CodeIgniter\Autoloader\Autoloader->loadInNamespace('App\\Controllers\\Peminjaman')
 3 [internal function]: CodeIgniter\Autoloader\Autoloader->loadClass('App\\Controllers\\Peminjaman')
 4 SYSTEMPATH\CodeIgniter.php(885): class_exists('\\App\\Controllers\\Peminjaman', true)
 5 SYSTEMPATH\CodeIgniter.php(494): CodeIgniter\CodeIgniter->startController()
 6 SYSTEMPATH\CodeIgniter.php(354): CodeIgniter\CodeIgniter->handleRequest(null, Object(Config\Cache), false)
 7 SYSTEMPATH\Boot.php(363): CodeIgniter\CodeIgniter->run()
 8 SYSTEMPATH\Boot.php(68): CodeIgniter\Boot::runCodeIgniter(Object(CodeIgniter\CodeIgniter))
 9 FCPATH\index.php(59): CodeIgniter\Boot::bootWeb(Object(Config\Paths))
CRITICAL - 2026-04-17 16:56:54 --> ErrorException: Undefined array key "nama_anggota"
[Method: GET, Route: peminjaman]
in APPPATH\Views\peminjaman\index.php on line 16.
 1 APPPATH\Views\peminjaman\index.php(16): CodeIgniter\Debug\Exceptions->errorHandler(2, 'Undefined array key "nama_anggota"', 'C:\\xampp\\htdocs\\perpus\\app\\Views\\peminjaman\\index.php', 16)
 2 SYSTEMPATH\View\View.php(226): include('C:\\xampp\\htdocs\\perpus\\app\\Views\\peminjaman\\index.php')
 3 SYSTEMPATH\View\View.php(229): CodeIgniter\View\View->CodeIgniter\View\{closure}()
 4 SYSTEMPATH\Common.php(1167): CodeIgniter\View\View->render('peminjaman/index', [], true)
 5 APPPATH\Controllers\peminjaman.php(17): view('peminjaman/index', [...])
 6 SYSTEMPATH\CodeIgniter.php(933): App\Controllers\Peminjaman->index()
 7 SYSTEMPATH\CodeIgniter.php(507): CodeIgniter\CodeIgniter->runController(Object(App\Controllers\Peminjaman))
 8 SYSTEMPATH\CodeIgniter.php(354): CodeIgniter\CodeIgniter->handleRequest(null, Object(Config\Cache), false)
 9 SYSTEMPATH\Boot.php(363): CodeIgniter\CodeIgniter->run()
10 SYSTEMPATH\Boot.php(68): CodeIgniter\Boot::runCodeIgniter(Object(CodeIgniter\CodeIgniter))
11 FCPATH\index.php(59): CodeIgniter\Boot::bootWeb(Object(Config\Paths))
CRITICAL - 2026-04-17 16:56:55 --> ErrorException: Undefined array key "nama_anggota"
[Method: GET, Route: peminjaman]
in APPPATH\Views\peminjaman\index.php on line 16.
 1 APPPATH\Views\peminjaman\index.php(16): CodeIgniter\Debug\Exceptions->errorHandler(2, 'Undefined array key "nama_anggota"', 'C:\\xampp\\htdocs\\perpus\\app\\Views\\peminjaman\\index.php', 16)
 2 SYSTEMPATH\View\View.php(226): include('C:\\xampp\\htdocs\\perpus\\app\\Views\\peminjaman\\index.php')
 3 SYSTEMPATH\View\View.php(229): CodeIgniter\View\View->CodeIgniter\View\{closure}()
 4 SYSTEMPATH\Common.php(1167): CodeIgniter\View\View->render('peminjaman/index', [], true)
 5 APPPATH\Controllers\peminjaman.php(17): view('peminjaman/index', [...])
 6 SYSTEMPATH\CodeIgniter.php(933): App\Controllers\Peminjaman->index()
 7 SYSTEMPATH\CodeIgniter.php(507): CodeIgniter\CodeIgniter->runController(Object(App\Controllers\Peminjaman))
 8 SYSTEMPATH\CodeIgniter.php(354): CodeIgniter\CodeIgniter->handleRequest(null, Object(Config\Cache), false)
 9 SYSTEMPATH\Boot.php(363): CodeIgniter\CodeIgniter->run()
10 SYSTEMPATH\Boot.php(68): CodeIgniter\Boot::runCodeIgniter(Object(CodeIgniter\CodeIgniter))
11 FCPATH\index.php(59): CodeIgniter\Boot::bootWeb(Object(Config\Paths))
CRITICAL - 2026-04-17 16:56:55 --> ErrorException: Undefined array key "nama_anggota"
[Method: GET, Route: peminjaman]
in APPPATH\Views\peminjaman\index.php on line 16.
 1 APPPATH\Views\peminjaman\index.php(16): CodeIgniter\Debug\Exceptions->errorHandler(2, 'Undefined array key "nama_anggota"', 'C:\\xampp\\htdocs\\perpus\\app\\Views\\peminjaman\\index.php', 16)
 2 SYSTEMPATH\View\View.php(226): include('C:\\xampp\\htdocs\\perpus\\app\\Views\\peminjaman\\index.php')
 3 SYSTEMPATH\View\View.php(229): CodeIgniter\View\View->CodeIgniter\View\{closure}()
 4 SYSTEMPATH\Common.php(1167): CodeIgniter\View\View->render('peminjaman/index', [], true)
 5 APPPATH\Controllers\peminjaman.php(17): view('peminjaman/index', [...])
 6 SYSTEMPATH\CodeIgniter.php(933): App\Controllers\Peminjaman->index()
 7 SYSTEMPATH\CodeIgniter.php(507): CodeIgniter\CodeIgniter->runController(Object(App\Controllers\Peminjaman))
 8 SYSTEMPATH\CodeIgniter.php(354): CodeIgniter\CodeIgniter->handleRequest(null, Object(Config\Cache), false)
 9 SYSTEMPATH\Boot.php(363): CodeIgniter\CodeIgniter->run()
10 SYSTEMPATH\Boot.php(68): CodeIgniter\Boot::runCodeIgniter(Object(CodeIgniter\CodeIgniter))
11 FCPATH\index.php(59): CodeIgniter\Boot::bootWeb(Object(Config\Paths))
CRITICAL - 2026-04-17 16:56:55 --> ErrorException: Undefined array key "nama_anggota"
[Method: GET, Route: peminjaman]
in APPPATH\Views\peminjaman\index.php on line 16.
 1 APPPATH\Views\peminjaman\index.php(16): CodeIgniter\Debug\Exceptions->errorHandler(2, 'Undefined array key "nama_anggota"', 'C:\\xampp\\htdocs\\perpus\\app\\Views\\peminjaman\\index.php', 16)
 2 SYSTEMPATH\View\View.php(226): include('C:\\xampp\\htdocs\\perpus\\app\\Views\\peminjaman\\index.php')
 3 SYSTEMPATH\View\View.php(229): CodeIgniter\View\View->CodeIgniter\View\{closure}()
 4 SYSTEMPATH\Common.php(1167): CodeIgniter\View\View->render('peminjaman/index', [], true)
 5 APPPATH\Controllers\peminjaman.php(17): view('peminjaman/index', [...])
 6 SYSTEMPATH\CodeIgniter.php(933): App\Controllers\Peminjaman->index()
 7 SYSTEMPATH\CodeIgniter.php(507): CodeIgniter\CodeIgniter->runController(Object(App\Controllers\Peminjaman))
 8 SYSTEMPATH\CodeIgniter.php(354): CodeIgniter\CodeIgniter->handleRequest(null, Object(Config\Cache), false)
 9 SYSTEMPATH\Boot.php(363): CodeIgniter\CodeIgniter->run()
10 SYSTEMPATH\Boot.php(68): CodeIgniter\Boot::runCodeIgniter(Object(CodeIgniter\CodeIgniter))
11 FCPATH\index.php(59): CodeIgniter\Boot::bootWeb(Object(Config\Paths))
CRITICAL - 2026-04-17 16:56:56 --> ErrorException: Undefined array key "nama_anggota"
[Method: GET, Route: peminjaman]
in APPPATH\Views\peminjaman\index.php on line 16.
 1 APPPATH\Views\peminjaman\index.php(16): CodeIgniter\Debug\Exceptions->errorHandler(2, 'Undefined array key "nama_anggota"', 'C:\\xampp\\htdocs\\perpus\\app\\Views\\peminjaman\\index.php', 16)
 2 SYSTEMPATH\View\View.php(226): include('C:\\xampp\\htdocs\\perpus\\app\\Views\\peminjaman\\index.php')
 3 SYSTEMPATH\View\View.php(229): CodeIgniter\View\View->CodeIgniter\View\{closure}()
 4 SYSTEMPATH\Common.php(1167): CodeIgniter\View\View->render('peminjaman/index', [], true)
 5 APPPATH\Controllers\peminjaman.php(17): view('peminjaman/index', [...])
 6 SYSTEMPATH\CodeIgniter.php(933): App\Controllers\Peminjaman->index()
 7 SYSTEMPATH\CodeIgniter.php(507): CodeIgniter\CodeIgniter->runController(Object(App\Controllers\Peminjaman))
 8 SYSTEMPATH\CodeIgniter.php(354): CodeIgniter\CodeIgniter->handleRequest(null, Object(Config\Cache), false)
 9 SYSTEMPATH\Boot.php(363): CodeIgniter\CodeIgniter->run()
10 SYSTEMPATH\Boot.php(68): CodeIgniter\Boot::runCodeIgniter(Object(CodeIgniter\CodeIgniter))
11 FCPATH\index.php(59): CodeIgniter\Boot::bootWeb(Object(Config\Paths))
CRITICAL - 2026-04-17 16:56:56 --> ErrorException: Undefined array key "nama_anggota"
[Method: GET, Route: peminjaman]
in APPPATH\Views\peminjaman\index.php on line 16.
 1 APPPATH\Views\peminjaman\index.php(16): CodeIgniter\Debug\Exceptions->errorHandler(2, 'Undefined array key "nama_anggota"', 'C:\\xampp\\htdocs\\perpus\\app\\Views\\peminjaman\\index.php', 16)
 2 SYSTEMPATH\View\View.php(226): include('C:\\xampp\\htdocs\\perpus\\app\\Views\\peminjaman\\index.php')
 3 SYSTEMPATH\View\View.php(229): CodeIgniter\View\View->CodeIgniter\View\{closure}()
 4 SYSTEMPATH\Common.php(1167): CodeIgniter\View\View->render('peminjaman/index', [], true)
 5 APPPATH\Controllers\peminjaman.php(17): view('peminjaman/index', [...])
 6 SYSTEMPATH\CodeIgniter.php(933): App\Controllers\Peminjaman->index()
 7 SYSTEMPATH\CodeIgniter.php(507): CodeIgniter\CodeIgniter->runController(Object(App\Controllers\Peminjaman))
 8 SYSTEMPATH\CodeIgniter.php(354): CodeIgniter\CodeIgniter->handleRequest(null, Object(Config\Cache), false)
 9 SYSTEMPATH\Boot.php(363): CodeIgniter\CodeIgniter->run()
10 SYSTEMPATH\Boot.php(68): CodeIgniter\Boot::runCodeIgniter(Object(CodeIgniter\CodeIgniter))
11 FCPATH\index.php(59): CodeIgniter\Boot::bootWeb(Object(Config\Paths))
CRITICAL - 2026-04-17 16:56:56 --> ErrorException: Undefined array key "nama_anggota"
[Method: GET, Route: peminjaman]
in APPPATH\Views\peminjaman\index.php on line 16.
 1 APPPATH\Views\peminjaman\index.php(16): CodeIgniter\Debug\Exceptions->errorHandler(2, 'Undefined array key "nama_anggota"', 'C:\\xampp\\htdocs\\perpus\\app\\Views\\peminjaman\\index.php', 16)
 2 SYSTEMPATH\View\View.php(226): include('C:\\xampp\\htdocs\\perpus\\app\\Views\\peminjaman\\index.php')
 3 SYSTEMPATH\View\View.php(229): CodeIgniter\View\View->CodeIgniter\View\{closure}()
 4 SYSTEMPATH\Common.php(1167): CodeIgniter\View\View->render('peminjaman/index', [], true)
 5 APPPATH\Controllers\peminjaman.php(17): view('peminjaman/index', [...])
 6 SYSTEMPATH\CodeIgniter.php(933): App\Controllers\Peminjaman->index()
 7 SYSTEMPATH\CodeIgniter.php(507): CodeIgniter\CodeIgniter->runController(Object(App\Controllers\Peminjaman))
 8 SYSTEMPATH\CodeIgniter.php(354): CodeIgniter\CodeIgniter->handleRequest(null, Object(Config\Cache), false)
 9 SYSTEMPATH\Boot.php(363): CodeIgniter\CodeIgniter->run()
10 SYSTEMPATH\Boot.php(68): CodeIgniter\Boot::runCodeIgniter(Object(CodeIgniter\CodeIgniter))
11 FCPATH\index.php(59): CodeIgniter\Boot::bootWeb(Object(Config\Paths))
CRITICAL - 2026-04-17 16:57:21 --> ParseError: syntax error, unexpected token "<"
[Method: GET, Route: peminjaman]
in APPPATH\Controllers\peminjaman.php on line 12.
 1 SYSTEMPATH\Autoloader\Autoloader.php(295): CodeIgniter\Autoloader\Autoloader->includeFile('C:\\xampp\\htdocs\\perpus\\app\\Controllers\\Peminjaman.php')
 2 SYSTEMPATH\Autoloader\Autoloader.php(271): CodeIgniter\Autoloader\Autoloader->loadInNamespace('App\\Controllers\\Peminjaman')
 3 [internal function]: CodeIgniter\Autoloader\Autoloader->loadClass('App\\Controllers\\Peminjaman')
 4 SYSTEMPATH\CodeIgniter.php(885): class_exists('\\App\\Controllers\\Peminjaman', true)
 5 SYSTEMPATH\CodeIgniter.php(494): CodeIgniter\CodeIgniter->startController()
 6 SYSTEMPATH\CodeIgniter.php(354): CodeIgniter\CodeIgniter->handleRequest(null, Object(Config\Cache), false)
 7 SYSTEMPATH\Boot.php(363): CodeIgniter\CodeIgniter->run()
 8 SYSTEMPATH\Boot.php(68): CodeIgniter\Boot::runCodeIgniter(Object(CodeIgniter\CodeIgniter))
 9 FCPATH\index.php(59): CodeIgniter\Boot::bootWeb(Object(Config\Paths))
CRITICAL - 2026-04-17 16:57:22 --> ParseError: syntax error, unexpected token "<"
[Method: GET, Route: peminjaman]
in APPPATH\Controllers\peminjaman.php on line 12.
 1 SYSTEMPATH\Autoloader\Autoloader.php(295): CodeIgniter\Autoloader\Autoloader->includeFile('C:\\xampp\\htdocs\\perpus\\app\\Controllers\\Peminjaman.php')
 2 SYSTEMPATH\Autoloader\Autoloader.php(271): CodeIgniter\Autoloader\Autoloader->loadInNamespace('App\\Controllers\\Peminjaman')
 3 [internal function]: CodeIgniter\Autoloader\Autoloader->loadClass('App\\Controllers\\Peminjaman')
 4 SYSTEMPATH\CodeIgniter.php(885): class_exists('\\App\\Controllers\\Peminjaman', true)
 5 SYSTEMPATH\CodeIgniter.php(494): CodeIgniter\CodeIgniter->startController()
 6 SYSTEMPATH\CodeIgniter.php(354): CodeIgniter\CodeIgniter->handleRequest(null, Object(Config\Cache), false)
 7 SYSTEMPATH\Boot.php(363): CodeIgniter\CodeIgniter->run()
 8 SYSTEMPATH\Boot.php(68): CodeIgniter\Boot::runCodeIgniter(Object(CodeIgniter\CodeIgniter))
 9 FCPATH\index.php(59): CodeIgniter\Boot::bootWeb(Object(Config\Paths))
CRITICAL - 2026-04-17 16:57:22 --> ParseError: syntax error, unexpected token "<"
[Method: GET, Route: peminjaman]
in APPPATH\Controllers\peminjaman.php on line 12.
 1 SYSTEMPATH\Autoloader\Autoloader.php(295): CodeIgniter\Autoloader\Autoloader->includeFile('C:\\xampp\\htdocs\\perpus\\app\\Controllers\\Peminjaman.php')
 2 SYSTEMPATH\Autoloader\Autoloader.php(271): CodeIgniter\Autoloader\Autoloader->loadInNamespace('App\\Controllers\\Peminjaman')
 3 [internal function]: CodeIgniter\Autoloader\Autoloader->loadClass('App\\Controllers\\Peminjaman')
 4 SYSTEMPATH\CodeIgniter.php(885): class_exists('\\App\\Controllers\\Peminjaman', true)
 5 SYSTEMPATH\CodeIgniter.php(494): CodeIgniter\CodeIgniter->startController()
 6 SYSTEMPATH\CodeIgniter.php(354): CodeIgniter\CodeIgniter->handleRequest(null, Object(Config\Cache), false)
 7 SYSTEMPATH\Boot.php(363): CodeIgniter\CodeIgniter->run()
 8 SYSTEMPATH\Boot.php(68): CodeIgniter\Boot::runCodeIgniter(Object(CodeIgniter\CodeIgniter))
 9 FCPATH\index.php(59): CodeIgniter\Boot::bootWeb(Object(Config\Paths))
CRITICAL - 2026-04-17 16:58:21 --> ParseError: syntax error, unexpected token "<"
[Method: GET, Route: peminjaman]
in APPPATH\Controllers\peminjaman.php on line 12.
 1 SYSTEMPATH\Autoloader\Autoloader.php(295): CodeIgniter\Autoloader\Autoloader->includeFile('C:\\xampp\\htdocs\\perpus\\app\\Controllers\\Peminjaman.php')
 2 SYSTEMPATH\Autoloader\Autoloader.php(271): CodeIgniter\Autoloader\Autoloader->loadInNamespace('App\\Controllers\\Peminjaman')
 3 [internal function]: CodeIgniter\Autoloader\Autoloader->loadClass('App\\Controllers\\Peminjaman')
 4 SYSTEMPATH\CodeIgniter.php(885): class_exists('\\App\\Controllers\\Peminjaman', true)
 5 SYSTEMPATH\CodeIgniter.php(494): CodeIgniter\CodeIgniter->startController()
 6 SYSTEMPATH\CodeIgniter.php(354): CodeIgniter\CodeIgniter->handleRequest(null, Object(Config\Cache), false)
 7 SYSTEMPATH\Boot.php(363): CodeIgniter\CodeIgniter->run()
 8 SYSTEMPATH\Boot.php(68): CodeIgniter\Boot::runCodeIgniter(Object(CodeIgniter\CodeIgniter))
 9 FCPATH\index.php(59): CodeIgniter\Boot::bootWeb(Object(Config\Paths))
CRITICAL - 2026-04-17 16:58:22 --> ParseError: syntax error, unexpected token "<"
[Method: GET, Route: peminjaman]
in APPPATH\Controllers\peminjaman.php on line 12.
 1 SYSTEMPATH\Autoloader\Autoloader.php(295): CodeIgniter\Autoloader\Autoloader->includeFile('C:\\xampp\\htdocs\\perpus\\app\\Controllers\\Peminjaman.php')
 2 SYSTEMPATH\Autoloader\Autoloader.php(271): CodeIgniter\Autoloader\Autoloader->loadInNamespace('App\\Controllers\\Peminjaman')
 3 [internal function]: CodeIgniter\Autoloader\Autoloader->loadClass('App\\Controllers\\Peminjaman')
 4 SYSTEMPATH\CodeIgniter.php(885): class_exists('\\App\\Controllers\\Peminjaman', true)
 5 SYSTEMPATH\CodeIgniter.php(494): CodeIgniter\CodeIgniter->startController()
 6 SYSTEMPATH\CodeIgniter.php(354): CodeIgniter\CodeIgniter->handleRequest(null, Object(Config\Cache), false)
 7 SYSTEMPATH\Boot.php(363): CodeIgniter\CodeIgniter->run()
 8 SYSTEMPATH\Boot.php(68): CodeIgniter\Boot::runCodeIgniter(Object(CodeIgniter\CodeIgniter))
 9 FCPATH\index.php(59): CodeIgniter\Boot::bootWeb(Object(Config\Paths))
CRITICAL - 2026-04-17 16:58:22 --> ParseError: syntax error, unexpected token "<"
[Method: GET, Route: peminjaman]
in APPPATH\Controllers\peminjaman.php on line 12.
 1 SYSTEMPATH\Autoloader\Autoloader.php(295): CodeIgniter\Autoloader\Autoloader->includeFile('C:\\xampp\\htdocs\\perpus\\app\\Controllers\\Peminjaman.php')
 2 SYSTEMPATH\Autoloader\Autoloader.php(271): CodeIgniter\Autoloader\Autoloader->loadInNamespace('App\\Controllers\\Peminjaman')
 3 [internal function]: CodeIgniter\Autoloader\Autoloader->loadClass('App\\Controllers\\Peminjaman')
 4 SYSTEMPATH\CodeIgniter.php(885): class_exists('\\App\\Controllers\\Peminjaman', true)
 5 SYSTEMPATH\CodeIgniter.php(494): CodeIgniter\CodeIgniter->startController()
 6 SYSTEMPATH\CodeIgniter.php(354): CodeIgniter\CodeIgniter->handleRequest(null, Object(Config\Cache), false)
 7 SYSTEMPATH\Boot.php(363): CodeIgniter\CodeIgniter->run()
 8 SYSTEMPATH\Boot.php(68): CodeIgniter\Boot::runCodeIgniter(Object(CodeIgniter\CodeIgniter))
 9 FCPATH\index.php(59): CodeIgniter\Boot::bootWeb(Object(Config\Paths))
CRITICAL - 2026-04-17 16:58:22 --> ParseError: syntax error, unexpected token "<"
[Method: GET, Route: peminjaman]
in APPPATH\Controllers\peminjaman.php on line 12.
 1 SYSTEMPATH\Autoloader\Autoloader.php(295): CodeIgniter\Autoloader\Autoloader->includeFile('C:\\xampp\\htdocs\\perpus\\app\\Controllers\\Peminjaman.php')
 2 SYSTEMPATH\Autoloader\Autoloader.php(271): CodeIgniter\Autoloader\Autoloader->loadInNamespace('App\\Controllers\\Peminjaman')
 3 [internal function]: CodeIgniter\Autoloader\Autoloader->loadClass('App\\Controllers\\Peminjaman')
 4 SYSTEMPATH\CodeIgniter.php(885): class_exists('\\App\\Controllers\\Peminjaman', true)
 5 SYSTEMPATH\CodeIgniter.php(494): CodeIgniter\CodeIgniter->startController()
 6 SYSTEMPATH\CodeIgniter.php(354): CodeIgniter\CodeIgniter->handleRequest(null, Object(Config\Cache), false)
 7 SYSTEMPATH\Boot.php(363): CodeIgniter\CodeIgniter->run()
 8 SYSTEMPATH\Boot.php(68): CodeIgniter\Boot::runCodeIgniter(Object(CodeIgniter\CodeIgniter))
 9 FCPATH\index.php(59): CodeIgniter\Boot::bootWeb(Object(Config\Paths))
CRITICAL - 2026-04-17 16:58:22 --> ParseError: syntax error, unexpected token "<"
[Method: GET, Route: peminjaman]
in APPPATH\Controllers\peminjaman.php on line 12.
 1 SYSTEMPATH\Autoloader\Autoloader.php(295): CodeIgniter\Autoloader\Autoloader->includeFile('C:\\xampp\\htdocs\\perpus\\app\\Controllers\\Peminjaman.php')
 2 SYSTEMPATH\Autoloader\Autoloader.php(271): CodeIgniter\Autoloader\Autoloader->loadInNamespace('App\\Controllers\\Peminjaman')
 3 [internal function]: CodeIgniter\Autoloader\Autoloader->loadClass('App\\Controllers\\Peminjaman')
 4 SYSTEMPATH\CodeIgniter.php(885): class_exists('\\App\\Controllers\\Peminjaman', true)
 5 SYSTEMPATH\CodeIgniter.php(494): CodeIgniter\CodeIgniter->startController()
 6 SYSTEMPATH\CodeIgniter.php(354): CodeIgniter\CodeIgniter->handleRequest(null, Object(Config\Cache), false)
 7 SYSTEMPATH\Boot.php(363): CodeIgniter\CodeIgniter->run()
 8 SYSTEMPATH\Boot.php(68): CodeIgniter\Boot::runCodeIgniter(Object(CodeIgniter\CodeIgniter))
 9 FCPATH\index.php(59): CodeIgniter\Boot::bootWeb(Object(Config\Paths))
CRITICAL - 2026-04-17 16:58:23 --> ParseError: syntax error, unexpected token "<"
[Method: GET, Route: peminjaman]
in APPPATH\Controllers\peminjaman.php on line 12.
 1 SYSTEMPATH\Autoloader\Autoloader.php(295): CodeIgniter\Autoloader\Autoloader->includeFile('C:\\xampp\\htdocs\\perpus\\app\\Controllers\\Peminjaman.php')
 2 SYSTEMPATH\Autoloader\Autoloader.php(271): CodeIgniter\Autoloader\Autoloader->loadInNamespace('App\\Controllers\\Peminjaman')
 3 [internal function]: CodeIgniter\Autoloader\Autoloader->loadClass('App\\Controllers\\Peminjaman')
 4 SYSTEMPATH\CodeIgniter.php(885): class_exists('\\App\\Controllers\\Peminjaman', true)
 5 SYSTEMPATH\CodeIgniter.php(494): CodeIgniter\CodeIgniter->startController()
 6 SYSTEMPATH\CodeIgniter.php(354): CodeIgniter\CodeIgniter->handleRequest(null, Object(Config\Cache), false)
 7 SYSTEMPATH\Boot.php(363): CodeIgniter\CodeIgniter->run()
 8 SYSTEMPATH\Boot.php(68): CodeIgniter\Boot::runCodeIgniter(Object(CodeIgniter\CodeIgniter))
 9 FCPATH\index.php(59): CodeIgniter\Boot::bootWeb(Object(Config\Paths))
CRITICAL - 2026-04-17 16:58:23 --> ParseError: syntax error, unexpected token "<"
[Method: GET, Route: peminjaman]
in APPPATH\Controllers\peminjaman.php on line 12.
 1 SYSTEMPATH\Autoloader\Autoloader.php(295): CodeIgniter\Autoloader\Autoloader->includeFile('C:\\xampp\\htdocs\\perpus\\app\\Controllers\\Peminjaman.php')
 2 SYSTEMPATH\Autoloader\Autoloader.php(271): CodeIgniter\Autoloader\Autoloader->loadInNamespace('App\\Controllers\\Peminjaman')
 3 [internal function]: CodeIgniter\Autoloader\Autoloader->loadClass('App\\Controllers\\Peminjaman')
 4 SYSTEMPATH\CodeIgniter.php(885): class_exists('\\App\\Controllers\\Peminjaman', true)
 5 SYSTEMPATH\CodeIgniter.php(494): CodeIgniter\CodeIgniter->startController()
 6 SYSTEMPATH\CodeIgniter.php(354): CodeIgniter\CodeIgniter->handleRequest(null, Object(Config\Cache), false)
 7 SYSTEMPATH\Boot.php(363): CodeIgniter\CodeIgniter->run()
 8 SYSTEMPATH\Boot.php(68): CodeIgniter\Boot::runCodeIgniter(Object(CodeIgniter\CodeIgniter))
 9 FCPATH\index.php(59): CodeIgniter\Boot::bootWeb(Object(Config\Paths))
CRITICAL - 2026-04-17 16:58:23 --> ParseError: syntax error, unexpected token "<"
[Method: GET, Route: peminjaman]
in APPPATH\Controllers\peminjaman.php on line 12.
 1 SYSTEMPATH\Autoloader\Autoloader.php(295): CodeIgniter\Autoloader\Autoloader->includeFile('C:\\xampp\\htdocs\\perpus\\app\\Controllers\\Peminjaman.php')
 2 SYSTEMPATH\Autoloader\Autoloader.php(271): CodeIgniter\Autoloader\Autoloader->loadInNamespace('App\\Controllers\\Peminjaman')
 3 [internal function]: CodeIgniter\Autoloader\Autoloader->loadClass('App\\Controllers\\Peminjaman')
 4 SYSTEMPATH\CodeIgniter.php(885): class_exists('\\App\\Controllers\\Peminjaman', true)
 5 SYSTEMPATH\CodeIgniter.php(494): CodeIgniter\CodeIgniter->startController()
 6 SYSTEMPATH\CodeIgniter.php(354): CodeIgniter\CodeIgniter->handleRequest(null, Object(Config\Cache), false)
 7 SYSTEMPATH\Boot.php(363): CodeIgniter\CodeIgniter->run()
 8 SYSTEMPATH\Boot.php(68): CodeIgniter\Boot::runCodeIgniter(Object(CodeIgniter\CodeIgniter))
 9 FCPATH\index.php(59): CodeIgniter\Boot::bootWeb(Object(Config\Paths))
DEBUG - 2026-04-17 17:09:27 --> Session: Class initialized using 'CodeIgniter\Session\Handlers\FileHandler' driver.
DEBUG - 2026-04-17 17:11:42 --> Session: Class initialized using 'CodeIgniter\Session\Handlers\FileHandler' driver.
DEBUG - 2026-04-17 17:11:43 --> Session: Class initialized using 'CodeIgniter\Session\Handlers\FileHandler' driver.
DEBUG - 2026-04-17 17:13:00 --> Session: Class initialized using 'CodeIgniter\Session\Handlers\FileHandler' driver.
DEBUG - 2026-04-17 17:15:24 --> Session: Class initialized using 'CodeIgniter\Session\Handlers\FileHandler' driver.
DEBUG - 2026-04-17 17:16:15 --> Session: Class initialized using 'CodeIgniter\Session\Handlers\FileHandler' driver.
DEBUG - 2026-04-17 17:16:31 --> Session: Class initialized using 'CodeIgniter\Session\Handlers\FileHandler' driver.
DEBUG - 2026-04-17 17:17:35 --> Session: Class initialized using 'CodeIgniter\Session\Handlers\FileHandler' driver.
DEBUG - 2026-04-17 17:19:01 --> Session: Class initialized using 'CodeIgniter\Session\Handlers\FileHandler' driver.
DEBUG - 2026-04-17 17:19:04 --> Session: Class initialized using 'CodeIgniter\Session\Handlers\FileHandler' driver.
DEBUG - 2026-04-17 17:23:47 --> Session: Class initialized using 'CodeIgniter\Session\Handlers\FileHandler' driver.
CRITICAL - 2026-04-17 17:23:50 --> ErrorException: Undefined variable $p
[Method: GET, Route: peminjaman]
in APPPATH\Views\peminjaman\index.php on line 4.
 1 APPPATH\Views\peminjaman\index.php(4): CodeIgniter\Debug\Exceptions->errorHandler(2, 'Undefined variable $p', 'C:\\xampp\\htdocs\\perpus\\app\\Views\\peminjaman\\index.php', 4)
 2 SYSTEMPATH\View\View.php(226): include('C:\\xampp\\htdocs\\perpus\\app\\Views\\peminjaman\\index.php')
 3 SYSTEMPATH\View\View.php(229): CodeIgniter\View\View->CodeIgniter\View\{closure}()
 4 SYSTEMPATH\Common.php(1167): CodeIgniter\View\View->render('peminjaman/index', [], true)
 5 APPPATH\Controllers\peminjaman.php(17): view('peminjaman/index', [...])
 6 SYSTEMPATH\CodeIgniter.php(933): App\Controllers\Peminjaman->index()
 7 SYSTEMPATH\CodeIgniter.php(507): CodeIgniter\CodeIgniter->runController(Object(App\Controllers\Peminjaman))
 8 SYSTEMPATH\CodeIgniter.php(354): CodeIgniter\CodeIgniter->handleRequest(null, Object(Config\Cache), false)
 9 SYSTEMPATH\Boot.php(363): CodeIgniter\CodeIgniter->run()
10 SYSTEMPATH\Boot.php(68): CodeIgniter\Boot::runCodeIgniter(Object(CodeIgniter\CodeIgniter))
11 FCPATH\index.php(59): CodeIgniter\Boot::bootWeb(Object(Config\Paths))
DEBUG - 2026-04-17 17:24:17 --> Session: Class initialized using 'CodeIgniter\Session\Handlers\FileHandler' driver.
DEBUG - 2026-04-17 17:27:49 --> Session: Class initialized using 'CodeIgniter\Session\Handlers\FileHandler' driver.
DEBUG - 2026-04-17 17:35:31 --> Session: Class initialized using 'CodeIgniter\Session\Handlers\FileHandler' driver.
DEBUG - 2026-04-17 17:35:36 --> Session: Class initialized using 'CodeIgniter\Session\Handlers\FileHandler' driver.
DEBUG - 2026-04-17 17:39:48 --> Session: Class initialized using 'CodeIgniter\Session\Handlers\FileHandler' driver.
DEBUG - 2026-04-17 17:47:51 --> Session: Class initialized using 'CodeIgniter\Session\Handlers\FileHandler' driver.
DEBUG - 2026-04-17 17:52:07 --> Session: Class initialized using 'CodeIgniter\Session\Handlers\FileHandler' driver.
DEBUG - 2026-04-17 18:33:37 --> Session: Class initialized using 'CodeIgniter\Session\Handlers\FileHandler' driver.
DEBUG - 2026-04-17 18:35:37 --> Session: Class initialized using 'CodeIgniter\Session\Handlers\FileHandler' driver.
DEBUG - 2026-04-17 18:43:34 --> Session: Class initialized using 'CodeIgniter\Session\Handlers\FileHandler' driver.
DEBUG - 2026-04-17 18:43:39 --> Session: Class initialized using 'CodeIgniter\Session\Handlers\FileHandler' driver.
DEBUG - 2026-04-17 18:43:41 --> Session: Class initialized using 'CodeIgniter\Session\Handlers\FileHandler' driver.
DEBUG - 2026-04-17 18:43:44 --> Session: Class initialized using 'CodeIgniter\Session\Handlers\FileHandler' driver.
DEBUG - 2026-04-17 18:55:42 --> Session: Class initialized using 'CodeIgniter\Session\Handlers\FileHandler' driver.
