DEBUG - 2026-04-24 16:54:39 --> Session: Class initialized using 'CodeIgniter\Session\Handlers\FileHandler' driver.
DEBUG - 2026-04-24 17:07:24 --> Session: Class initialized using 'CodeIgniter\Session\Handlers\FileHandler' driver.
DEBUG - 2026-04-24 17:07:36 --> Session: Class initialized using 'CodeIgniter\Session\Handlers\FileHandler' driver.
DEBUG - 2026-04-24 17:07:36 --> Session: Class initialized using 'CodeIgniter\Session\Handlers\FileHandler' driver.
DEBUG - 2026-04-24 17:07:54 --> Session: Class initialized using 'CodeIgniter\Session\Handlers\FileHandler' driver.
DEBUG - 2026-04-24 17:07:54 --> Session: Class initialized using 'CodeIgniter\Session\Handlers\FileHandler' driver.
DEBUG - 2026-04-24 17:08:02 --> Session: Class initialized using 'CodeIgniter\Session\Handlers\FileHandler' driver.
DEBUG - 2026-04-24 17:08:08 --> Session: Class initialized using 'CodeIgniter\Session\Handlers\FileHandler' driver.
DEBUG - 2026-04-24 17:08:10 --> Session: Class initialized using 'CodeIgniter\Session\Handlers\FileHandler' driver.
DEBUG - 2026-04-24 17:08:17 --> Session: Class initialized using 'CodeIgniter\Session\Handlers\FileHandler' driver.
DEBUG - 2026-04-24 17:09:24 --> Session: Class initialized using 'CodeIgniter\Session\Handlers\FileHandler' driver.
DEBUG - 2026-04-24 17:09:56 --> Session: Class initialized using 'CodeIgniter\Session\Handlers\FileHandler' driver.
DEBUG - 2026-04-24 17:10:34 --> Session: Class initialized using 'CodeIgniter\Session\Handlers\FileHandler' driver.
DEBUG - 2026-04-24 17:10:35 --> Session: Class initialized using 'CodeIgniter\Session\Handlers\FileHandler' driver.
DEBUG - 2026-04-24 17:10:54 --> Session: Class initialized using 'CodeIgniter\Session\Handlers\FileHandler' driver.
DEBUG - 2026-04-24 17:14:09 --> Session: Class initialized using 'CodeIgniter\Session\Handlers\FileHandler' driver.
DEBUG - 2026-04-24 17:14:10 --> Session: Class initialized using 'CodeIgniter\Session\Handlers\FileHandler' driver.
DEBUG - 2026-04-24 17:14:12 --> Session: Class initialized using 'CodeIgniter\Session\Handlers\FileHandler' driver.
DEBUG - 2026-04-24 17:14:13 --> Session: Class initialized using 'CodeIgniter\Session\Handlers\FileHandler' driver.
DEBUG - 2026-04-24 17:14:14 --> Session: Class initialized using 'CodeIgniter\Session\Handlers\FileHandler' driver.
DEBUG - 2026-04-24 17:14:15 --> Session: Class initialized using 'CodeIgniter\Session\Handlers\FileHandler' driver.
DEBUG - 2026-04-24 17:14:37 --> Session: Class initialized using 'CodeIgniter\Session\Handlers\FileHandler' driver.
DEBUG - 2026-04-24 17:14:38 --> Session: Class initialized using 'CodeIgniter\Session\Handlers\FileHandler' driver.
DEBUG - 2026-04-24 17:14:41 --> Session: Class initialized using 'CodeIgniter\Session\Handlers\FileHandler' driver.
DEBUG - 2026-04-24 17:14:45 --> Session: Class initialized using 'CodeIgniter\Session\Handlers\FileHandler' driver.
DEBUG - 2026-04-24 17:14:51 --> Session: Class initialized using 'CodeIgniter\Session\Handlers\FileHandler' driver.
DEBUG - 2026-04-24 17:14:59 --> Session: Class initialized using 'CodeIgniter\Session\Handlers\FileHandler' driver.
DEBUG - 2026-04-24 17:15:07 --> Session: Class initialized using 'CodeIgniter\Session\Handlers\FileHandler' driver.
DEBUG - 2026-04-24 17:15:15 --> Session: Class initialized using 'CodeIgniter\Session\Handlers\FileHandler' driver.
DEBUG - 2026-04-24 17:15:23 --> Session: Class initialized using 'CodeIgniter\Session\Handlers\FileHandler' driver.
DEBUG - 2026-04-24 17:15:25 --> Session: Class initialized using 'CodeIgniter\Session\Handlers\FileHandler' driver.
DEBUG - 2026-04-24 17:15:26 --> Session: Class initialized using 'CodeIgniter\Session\Handlers\FileHandler' driver.
DEBUG - 2026-04-24 17:15:28 --> Session: Class initialized using 'CodeIgniter\Session\Handlers\FileHandler' driver.
DEBUG - 2026-04-24 17:15:29 --> Session: Class initialized using 'CodeIgniter\Session\Handlers\FileHandler' driver.
DEBUG - 2026-04-24 17:15:30 --> Session: Class initialized using 'CodeIgniter\Session\Handlers\FileHandler' driver.
DEBUG - 2026-04-24 17:15:33 --> Session: Class initialized using 'CodeIgniter\Session\Handlers\FileHandler' driver.
DEBUG - 2026-04-24 17:15:35 --> Session: Class initialized using 'CodeIgniter\Session\Handlers\FileHandler' driver.
DEBUG - 2026-04-24 17:15:38 --> Session: Class initialized using 'CodeIgniter\Session\Handlers\FileHandler' driver.
DEBUG - 2026-04-24 17:15:39 --> Session: Class initialized using 'CodeIgniter\Session\Handlers\FileHandler' driver.
DEBUG - 2026-04-24 17:16:24 --> Session: Class initialized using 'CodeIgniter\Session\Handlers\FileHandler' driver.
DEBUG - 2026-04-24 17:21:35 --> Session: Class initialized using 'CodeIgniter\Session\Handlers\FileHandler' driver.
DEBUG - 2026-04-24 17:21:36 --> Session: Class initialized using 'CodeIgniter\Session\Handlers\FileHandler' driver.
DEBUG - 2026-04-24 17:21:38 --> Session: Class initialized using 'CodeIgniter\Session\Handlers\FileHandler' driver.
DEBUG - 2026-04-24 17:22:04 --> Session: Class initialized using 'CodeIgniter\Session\Handlers\FileHandler' driver.
DEBUG - 2026-04-24 17:22:07 --> Session: Class initialized using 'CodeIgniter\Session\Handlers\FileHandler' driver.
CRITICAL - 2026-04-24 17:22:55 --> ErrorException: Trying to access array offset on value of type null
[Method: GET, Route: buku/detail/0]
in APPPATH\Views\buku\detail.php on line 8.
 1 APPPATH\Views\buku\detail.php(8): CodeIgniter\Debug\Exceptions->errorHandler(2, 'Trying to access array offset on value of type null', 'C:\\xampp\\htdocs\\perpus\\app\\Views\\buku\\detail.php', 8)
 2 SYSTEMPATH\View\View.php(226): include('C:\\xampp\\htdocs\\perpus\\app\\Views\\buku\\detail.php')
 3 SYSTEMPATH\View\View.php(229): CodeIgniter\View\View->CodeIgniter\View\{closure}()
 4 SYSTEMPATH\Common.php(1167): CodeIgniter\View\View->render('buku/detail', [], true)
 5 APPPATH\Controllers\buku.php(110): view('buku/detail', [...])
 6 SYSTEMPATH\CodeIgniter.php(933): App\Controllers\Buku->detail('0')
 7 SYSTEMPATH\CodeIgniter.php(507): CodeIgniter\CodeIgniter->runController(Object(App\Controllers\Buku))
 8 SYSTEMPATH\CodeIgniter.php(354): CodeIgniter\CodeIgniter->handleRequest(null, Object(Config\Cache), false)
 9 SYSTEMPATH\Boot.php(363): CodeIgniter\CodeIgniter->run()
10 SYSTEMPATH\Boot.php(68): CodeIgniter\Boot::runCodeIgniter(Object(CodeIgniter\CodeIgniter))
11 FCPATH\index.php(59): CodeIgniter\Boot::bootWeb(Object(Config\Paths))
DEBUG - 2026-04-24 17:22:58 --> Session: Class initialized using 'CodeIgniter\Session\Handlers\FileHandler' driver.
DEBUG - 2026-04-24 17:22:59 --> Session: Class initialized using 'CodeIgniter\Session\Handlers\FileHandler' driver.
DEBUG - 2026-04-24 17:23:03 --> Session: Class initialized using 'CodeIgniter\Session\Handlers\FileHandler' driver.
DEBUG - 2026-04-24 17:24:33 --> Session: Class initialized using 'CodeIgniter\Session\Handlers\FileHandler' driver.
DEBUG - 2026-04-24 17:24:36 --> Session: Class initialized using 'CodeIgniter\Session\Handlers\FileHandler' driver.
DEBUG - 2026-04-24 17:24:45 --> Session: Class initialized using 'CodeIgniter\Session\Handlers\FileHandler' driver.
DEBUG - 2026-04-24 17:24:48 --> Session: Class initialized using 'CodeIgniter\Session\Handlers\FileHandler' driver.
DEBUG - 2026-04-24 17:24:50 --> Session: Class initialized using 'CodeIgniter\Session\Handlers\FileHandler' driver.
DEBUG - 2026-04-24 17:25:31 --> Session: Class initialized using 'CodeIgniter\Session\Handlers\FileHandler' driver.
DEBUG - 2026-04-24 17:25:32 --> Session: Class initialized using 'CodeIgniter\Session\Handlers\FileHandler' driver.
DEBUG - 2026-04-24 17:25:33 --> Session: Class initialized using 'CodeIgniter\Session\Handlers\FileHandler' driver.
DEBUG - 2026-04-24 17:26:12 --> Session: Class initialized using 'CodeIgniter\Session\Handlers\FileHandler' driver.
ERROR - 2026-04-24 17:28:12 --> mysqli_sql_exception: Table 'perpus.rak_buku' doesn't exist in C:\xampp\htdocs\perpus\system\Database\MySQLi\Connection.php:327
Stack trace:
#0 C:\xampp\htdocs\perpus\system\Database\MySQLi\Connection.php(327): mysqli->query('SELECT *\nFROM `...', 0)
#1 C:\xampp\htdocs\perpus\system\Database\BaseConnection.php(729): CodeIgniter\Database\MySQLi\Connection->execute('SELECT *\nFROM `...')
#2 C:\xampp\htdocs\perpus\system\Database\BaseConnection.php(646): CodeIgniter\Database\BaseConnection->simpleQuery('SELECT *\nFROM `...')
#3 C:\xampp\htdocs\perpus\system\Database\BaseBuilder.php(1649): CodeIgniter\Database\BaseConnection->query('SELECT *\nFROM `...', Array, false)
#4 C:\xampp\htdocs\perpus\system\Model.php(286): CodeIgniter\Database\BaseBuilder->get()
#5 C:\xampp\htdocs\perpus\system\BaseModel.php(677): CodeIgniter\Model->doFindAll(0, 0)
#6 C:\xampp\htdocs\perpus\app\Controllers\RakBuku.php(12): CodeIgniter\BaseModel->findAll()
#7 C:\xampp\htdocs\perpus\system\CodeIgniter.php(933): App\Controllers\RakBuku->index()
#8 C:\xampp\htdocs\perpus\system\CodeIgniter.php(507): CodeIgniter\CodeIgniter->runController(Object(App\Controllers\RakBuku))
#9 C:\xampp\htdocs\perpus\system\CodeIgniter.php(354): CodeIgniter\CodeIgniter->handleRequest(NULL, Object(Config\Cache), false)
#10 C:\xampp\htdocs\perpus\system\Boot.php(363): CodeIgniter\CodeIgniter->run()
#11 C:\xampp\htdocs\perpus\system\Boot.php(68): CodeIgniter\Boot::runCodeIgniter(Object(CodeIgniter\CodeIgniter))
#12 C:\xampp\htdocs\perpus\index.php(59): CodeIgniter\Boot::bootWeb(Object(Config\Paths))
#13 {main}
CRITICAL - 2026-04-24 17:28:12 --> CodeIgniter\Database\Exceptions\DatabaseException: Table 'perpus.rak_buku' doesn't exist
[Method: GET, Route: rak]
in SYSTEMPATH\Database\BaseConnection.php on line 684.
 1 SYSTEMPATH\Database\BaseBuilder.php(1649): CodeIgniter\Database\BaseConnection->query('SELECT *
FROM `rak_buku`', [], false)
 2 SYSTEMPATH\Model.php(286): CodeIgniter\Database\BaseBuilder->get()
 3 SYSTEMPATH\BaseModel.php(677): CodeIgniter\Model->doFindAll(0, 0)
 4 APPPATH\Controllers\RakBuku.php(12): CodeIgniter\BaseModel->findAll()
 5 SYSTEMPATH\CodeIgniter.php(933): App\Controllers\RakBuku->index()
 6 SYSTEMPATH\CodeIgniter.php(507): CodeIgniter\CodeIgniter->runController(Object(App\Controllers\RakBuku))
 7 SYSTEMPATH\CodeIgniter.php(354): CodeIgniter\CodeIgniter->handleRequest(null, Object(Config\Cache), false)
 8 SYSTEMPATH\Boot.php(363): CodeIgniter\CodeIgniter->run()
 9 SYSTEMPATH\Boot.php(68): CodeIgniter\Boot::runCodeIgniter(Object(CodeIgniter\CodeIgniter))
10 FCPATH\index.php(59): CodeIgniter\Boot::bootWeb(Object(Config\Paths))
CRITICAL - 2026-04-24 17:28:12 --> [Caused by] CodeIgniter\Database\Exceptions\DatabaseException: Table 'perpus.rak_buku' doesn't exist
in SYSTEMPATH\Database\MySQLi\Connection.php on line 332.
 1 SYSTEMPATH\Database\BaseConnection.php(729): CodeIgniter\Database\MySQLi\Connection->execute('SELECT *
FROM `rak_buku`')
 2 SYSTEMPATH\Database\BaseConnection.php(646): CodeIgniter\Database\BaseConnection->simpleQuery('SELECT *
FROM `rak_buku`')
 3 SYSTEMPATH\Database\BaseBuilder.php(1649): CodeIgniter\Database\BaseConnection->query('SELECT *
FROM `rak_buku`', [], false)
 4 SYSTEMPATH\Model.php(286): CodeIgniter\Database\BaseBuilder->get()
 5 SYSTEMPATH\BaseModel.php(677): CodeIgniter\Model->doFindAll(0, 0)
 6 APPPATH\Controllers\RakBuku.php(12): CodeIgniter\BaseModel->findAll()
 7 SYSTEMPATH\CodeIgniter.php(933): App\Controllers\RakBuku->index()
 8 SYSTEMPATH\CodeIgniter.php(507): CodeIgniter\CodeIgniter->runController(Object(App\Controllers\RakBuku))
 9 SYSTEMPATH\CodeIgniter.php(354): CodeIgniter\CodeIgniter->handleRequest(null, Object(Config\Cache), false)
10 SYSTEMPATH\Boot.php(363): CodeIgniter\CodeIgniter->run()
11 SYSTEMPATH\Boot.php(68): CodeIgniter\Boot::runCodeIgniter(Object(CodeIgniter\CodeIgniter))
12 FCPATH\index.php(59): CodeIgniter\Boot::bootWeb(Object(Config\Paths))
CRITICAL - 2026-04-24 17:28:12 --> [Caused by] mysqli_sql_exception: Table 'perpus.rak_buku' doesn't exist
in SYSTEMPATH\Database\MySQLi\Connection.php on line 327.
 1 SYSTEMPATH\Database\MySQLi\Connection.php(327): mysqli->query('SELECT *
FROM `rak_buku`', 0)
 2 SYSTEMPATH\Database\BaseConnection.php(729): CodeIgniter\Database\MySQLi\Connection->execute('SELECT *
FROM `rak_buku`')
 3 SYSTEMPATH\Database\BaseConnection.php(646): CodeIgniter\Database\BaseConnection->simpleQuery('SELECT *
FROM `rak_buku`')
 4 SYSTEMPATH\Database\BaseBuilder.php(1649): CodeIgniter\Database\BaseConnection->query('SELECT *
FROM `rak_buku`', [], false)
 5 SYSTEMPATH\Model.php(286): CodeIgniter\Database\BaseBuilder->get()
 6 SYSTEMPATH\BaseModel.php(677): CodeIgniter\Model->doFindAll(0, 0)
 7 APPPATH\Controllers\RakBuku.php(12): CodeIgniter\BaseModel->findAll()
 8 SYSTEMPATH\CodeIgniter.php(933): App\Controllers\RakBuku->index()
 9 SYSTEMPATH\CodeIgniter.php(507): CodeIgniter\CodeIgniter->runController(Object(App\Controllers\RakBuku))
10 SYSTEMPATH\CodeIgniter.php(354): CodeIgniter\CodeIgniter->handleRequest(null, Object(Config\Cache), false)
11 SYSTEMPATH\Boot.php(363): CodeIgniter\CodeIgniter->run()
12 SYSTEMPATH\Boot.php(68): CodeIgniter\Boot::runCodeIgniter(Object(CodeIgniter\CodeIgniter))
13 FCPATH\index.php(59): CodeIgniter\Boot::bootWeb(Object(Config\Paths))
DEBUG - 2026-04-24 17:29:38 --> Session: Class initialized using 'CodeIgniter\Session\Handlers\FileHandler' driver.
DEBUG - 2026-04-24 17:29:39 --> Session: Class initialized using 'CodeIgniter\Session\Handlers\FileHandler' driver.
DEBUG - 2026-04-24 17:29:44 --> Session: Class initialized using 'CodeIgniter\Session\Handlers\FileHandler' driver.
DEBUG - 2026-04-24 17:29:49 --> Session: Class initialized using 'CodeIgniter\Session\Handlers\FileHandler' driver.
DEBUG - 2026-04-24 17:29:57 --> Session: Class initialized using 'CodeIgniter\Session\Handlers\FileHandler' driver.
ERROR - 2026-04-24 17:30:12 --> mysqli_sql_exception: Table 'perpus.rak_buku' doesn't exist in C:\xampp\htdocs\perpus\system\Database\MySQLi\Connection.php:327
Stack trace:
#0 C:\xampp\htdocs\perpus\system\Database\MySQLi\Connection.php(327): mysqli->query('SELECT *\nFROM `...', 0)
#1 C:\xampp\htdocs\perpus\system\Database\BaseConnection.php(729): CodeIgniter\Database\MySQLi\Connection->execute('SELECT *\nFROM `...')
#2 C:\xampp\htdocs\perpus\system\Database\BaseConnection.php(646): CodeIgniter\Database\BaseConnection->simpleQuery('SELECT *\nFROM `...')
#3 C:\xampp\htdocs\perpus\system\Database\BaseBuilder.php(1649): CodeIgniter\Database\BaseConnection->query('SELECT *\nFROM `...', Array, false)
#4 C:\xampp\htdocs\perpus\system\Model.php(286): CodeIgniter\Database\BaseBuilder->get()
#5 C:\xampp\htdocs\perpus\system\BaseModel.php(677): CodeIgniter\Model->doFindAll(0, 0)
#6 C:\xampp\htdocs\perpus\app\Controllers\RakBuku.php(12): CodeIgniter\BaseModel->findAll()
#7 C:\xampp\htdocs\perpus\system\CodeIgniter.php(933): App\Controllers\RakBuku->index()
#8 C:\xampp\htdocs\perpus\system\CodeIgniter.php(507): CodeIgniter\CodeIgniter->runController(Object(App\Controllers\RakBuku))
#9 C:\xampp\htdocs\perpus\system\CodeIgniter.php(354): CodeIgniter\CodeIgniter->handleRequest(NULL, Object(Config\Cache), false)
#10 C:\xampp\htdocs\perpus\system\Boot.php(363): CodeIgniter\CodeIgniter->run()
#11 C:\xampp\htdocs\perpus\system\Boot.php(68): CodeIgniter\Boot::runCodeIgniter(Object(CodeIgniter\CodeIgniter))
#12 C:\xampp\htdocs\perpus\index.php(59): CodeIgniter\Boot::bootWeb(Object(Config\Paths))
#13 {main}
CRITICAL - 2026-04-24 17:30:12 --> CodeIgniter\Database\Exceptions\DatabaseException: Table 'perpus.rak_buku' doesn't exist
[Method: GET, Route: rak]
in SYSTEMPATH\Database\BaseConnection.php on line 684.
 1 SYSTEMPATH\Database\BaseBuilder.php(1649): CodeIgniter\Database\BaseConnection->query('SELECT *
FROM `rak_buku`', [], false)
 2 SYSTEMPATH\Model.php(286): CodeIgniter\Database\BaseBuilder->get()
 3 SYSTEMPATH\BaseModel.php(677): CodeIgniter\Model->doFindAll(0, 0)
 4 APPPATH\Controllers\RakBuku.php(12): CodeIgniter\BaseModel->findAll()
 5 SYSTEMPATH\CodeIgniter.php(933): App\Controllers\RakBuku->index()
 6 SYSTEMPATH\CodeIgniter.php(507): CodeIgniter\CodeIgniter->runController(Object(App\Controllers\RakBuku))
 7 SYSTEMPATH\CodeIgniter.php(354): CodeIgniter\CodeIgniter->handleRequest(null, Object(Config\Cache), false)
 8 SYSTEMPATH\Boot.php(363): CodeIgniter\CodeIgniter->run()
 9 SYSTEMPATH\Boot.php(68): CodeIgniter\Boot::runCodeIgniter(Object(CodeIgniter\CodeIgniter))
10 FCPATH\index.php(59): CodeIgniter\Boot::bootWeb(Object(Config\Paths))
CRITICAL - 2026-04-24 17:30:12 --> [Caused by] CodeIgniter\Database\Exceptions\DatabaseException: Table 'perpus.rak_buku' doesn't exist
in SYSTEMPATH\Database\MySQLi\Connection.php on line 332.
 1 SYSTEMPATH\Database\BaseConnection.php(729): CodeIgniter\Database\MySQLi\Connection->execute('SELECT *
FROM `rak_buku`')
 2 SYSTEMPATH\Database\BaseConnection.php(646): CodeIgniter\Database\BaseConnection->simpleQuery('SELECT *
FROM `rak_buku`')
 3 SYSTEMPATH\Database\BaseBuilder.php(1649): CodeIgniter\Database\BaseConnection->query('SELECT *
FROM `rak_buku`', [], false)
 4 SYSTEMPATH\Model.php(286): CodeIgniter\Database\BaseBuilder->get()
 5 SYSTEMPATH\BaseModel.php(677): CodeIgniter\Model->doFindAll(0, 0)
 6 APPPATH\Controllers\RakBuku.php(12): CodeIgniter\BaseModel->findAll()
 7 SYSTEMPATH\CodeIgniter.php(933): App\Controllers\RakBuku->index()
 8 SYSTEMPATH\CodeIgniter.php(507): CodeIgniter\CodeIgniter->runController(Object(App\Controllers\RakBuku))
 9 SYSTEMPATH\CodeIgniter.php(354): CodeIgniter\CodeIgniter->handleRequest(null, Object(Config\Cache), false)
10 SYSTEMPATH\Boot.php(363): CodeIgniter\CodeIgniter->run()
11 SYSTEMPATH\Boot.php(68): CodeIgniter\Boot::runCodeIgniter(Object(CodeIgniter\CodeIgniter))
12 FCPATH\index.php(59): CodeIgniter\Boot::bootWeb(Object(Config\Paths))
CRITICAL - 2026-04-24 17:30:12 --> [Caused by] mysqli_sql_exception: Table 'perpus.rak_buku' doesn't exist
in SYSTEMPATH\Database\MySQLi\Connection.php on line 327.
 1 SYSTEMPATH\Database\MySQLi\Connection.php(327): mysqli->query('SELECT *
FROM `rak_buku`', 0)
 2 SYSTEMPATH\Database\BaseConnection.php(729): CodeIgniter\Database\MySQLi\Connection->execute('SELECT *
FROM `rak_buku`')
 3 SYSTEMPATH\Database\BaseConnection.php(646): CodeIgniter\Database\BaseConnection->simpleQuery('SELECT *
FROM `rak_buku`')
 4 SYSTEMPATH\Database\BaseBuilder.php(1649): CodeIgniter\Database\BaseConnection->query('SELECT *
FROM `rak_buku`', [], false)
 5 SYSTEMPATH\Model.php(286): CodeIgniter\Database\BaseBuilder->get()
 6 SYSTEMPATH\BaseModel.php(677): CodeIgniter\Model->doFindAll(0, 0)
 7 APPPATH\Controllers\RakBuku.php(12): CodeIgniter\BaseModel->findAll()
 8 SYSTEMPATH\CodeIgniter.php(933): App\Controllers\RakBuku->index()
 9 SYSTEMPATH\CodeIgniter.php(507): CodeIgniter\CodeIgniter->runController(Object(App\Controllers\RakBuku))
10 SYSTEMPATH\CodeIgniter.php(354): CodeIgniter\CodeIgniter->handleRequest(null, Object(Config\Cache), false)
11 SYSTEMPATH\Boot.php(363): CodeIgniter\CodeIgniter->run()
12 SYSTEMPATH\Boot.php(68): CodeIgniter\Boot::runCodeIgniter(Object(CodeIgniter\CodeIgniter))
13 FCPATH\index.php(59): CodeIgniter\Boot::bootWeb(Object(Config\Paths))
ERROR - 2026-04-24 17:30:41 --> mysqli_sql_exception: Table 'perpus.rak_buku' doesn't exist in C:\xampp\htdocs\perpus\system\Database\MySQLi\Connection.php:327
Stack trace:
#0 C:\xampp\htdocs\perpus\system\Database\MySQLi\Connection.php(327): mysqli->query('SELECT *\nFROM `...', 0)
#1 C:\xampp\htdocs\perpus\system\Database\BaseConnection.php(729): CodeIgniter\Database\MySQLi\Connection->execute('SELECT *\nFROM `...')
#2 C:\xampp\htdocs\perpus\system\Database\BaseConnection.php(646): CodeIgniter\Database\BaseConnection->simpleQuery('SELECT *\nFROM `...')
#3 C:\xampp\htdocs\perpus\system\Database\BaseBuilder.php(1649): CodeIgniter\Database\BaseConnection->query('SELECT *\nFROM `...', Array, false)
#4 C:\xampp\htdocs\perpus\system\Model.php(286): CodeIgniter\Database\BaseBuilder->get()
#5 C:\xampp\htdocs\perpus\system\BaseModel.php(677): CodeIgniter\Model->doFindAll(0, 0)
#6 C:\xampp\htdocs\perpus\app\Controllers\RakBuku.php(12): CodeIgniter\BaseModel->findAll()
#7 C:\xampp\htdocs\perpus\system\CodeIgniter.php(933): App\Controllers\RakBuku->index()
#8 C:\xampp\htdocs\perpus\system\CodeIgniter.php(507): CodeIgniter\CodeIgniter->runController(Object(App\Controllers\RakBuku))
#9 C:\xampp\htdocs\perpus\system\CodeIgniter.php(354): CodeIgniter\CodeIgniter->handleRequest(NULL, Object(Config\Cache), false)
#10 C:\xampp\htdocs\perpus\system\Boot.php(363): CodeIgniter\CodeIgniter->run()
#11 C:\xampp\htdocs\perpus\system\Boot.php(68): CodeIgniter\Boot::runCodeIgniter(Object(CodeIgniter\CodeIgniter))
#12 C:\xampp\htdocs\perpus\index.php(59): CodeIgniter\Boot::bootWeb(Object(Config\Paths))
#13 {main}
CRITICAL - 2026-04-24 17:30:41 --> CodeIgniter\Database\Exceptions\DatabaseException: Table 'perpus.rak_buku' doesn't exist
[Method: GET, Route: rak]
in SYSTEMPATH\Database\BaseConnection.php on line 684.
 1 SYSTEMPATH\Database\BaseBuilder.php(1649): CodeIgniter\Database\BaseConnection->query('SELECT *
FROM `rak_buku`', [], false)
 2 SYSTEMPATH\Model.php(286): CodeIgniter\Database\BaseBuilder->get()
 3 SYSTEMPATH\BaseModel.php(677): CodeIgniter\Model->doFindAll(0, 0)
 4 APPPATH\Controllers\RakBuku.php(12): CodeIgniter\BaseModel->findAll()
 5 SYSTEMPATH\CodeIgniter.php(933): App\Controllers\RakBuku->index()
 6 SYSTEMPATH\CodeIgniter.php(507): CodeIgniter\CodeIgniter->runController(Object(App\Controllers\RakBuku))
 7 SYSTEMPATH\CodeIgniter.php(354): CodeIgniter\CodeIgniter->handleRequest(null, Object(Config\Cache), false)
 8 SYSTEMPATH\Boot.php(363): CodeIgniter\CodeIgniter->run()
 9 SYSTEMPATH\Boot.php(68): CodeIgniter\Boot::runCodeIgniter(Object(CodeIgniter\CodeIgniter))
10 FCPATH\index.php(59): CodeIgniter\Boot::bootWeb(Object(Config\Paths))
CRITICAL - 2026-04-24 17:30:41 --> [Caused by] CodeIgniter\Database\Exceptions\DatabaseException: Table 'perpus.rak_buku' doesn't exist
in SYSTEMPATH\Database\MySQLi\Connection.php on line 332.
 1 SYSTEMPATH\Database\BaseConnection.php(729): CodeIgniter\Database\MySQLi\Connection->execute('SELECT *
FROM `rak_buku`')
 2 SYSTEMPATH\Database\BaseConnection.php(646): CodeIgniter\Database\BaseConnection->simpleQuery('SELECT *
FROM `rak_buku`')
 3 SYSTEMPATH\Database\BaseBuilder.php(1649): CodeIgniter\Database\BaseConnection->query('SELECT *
FROM `rak_buku`', [], false)
 4 SYSTEMPATH\Model.php(286): CodeIgniter\Database\BaseBuilder->get()
 5 SYSTEMPATH\BaseModel.php(677): CodeIgniter\Model->doFindAll(0, 0)
 6 APPPATH\Controllers\RakBuku.php(12): CodeIgniter\BaseModel->findAll()
 7 SYSTEMPATH\CodeIgniter.php(933): App\Controllers\RakBuku->index()
 8 SYSTEMPATH\CodeIgniter.php(507): CodeIgniter\CodeIgniter->runController(Object(App\Controllers\RakBuku))
 9 SYSTEMPATH\CodeIgniter.php(354): CodeIgniter\CodeIgniter->handleRequest(null, Object(Config\Cache), false)
10 SYSTEMPATH\Boot.php(363): CodeIgniter\CodeIgniter->run()
11 SYSTEMPATH\Boot.php(68): CodeIgniter\Boot::runCodeIgniter(Object(CodeIgniter\CodeIgniter))
12 FCPATH\index.php(59): CodeIgniter\Boot::bootWeb(Object(Config\Paths))
CRITICAL - 2026-04-24 17:30:41 --> [Caused by] mysqli_sql_exception: Table 'perpus.rak_buku' doesn't exist
in SYSTEMPATH\Database\MySQLi\Connection.php on line 327.
 1 SYSTEMPATH\Database\MySQLi\Connection.php(327): mysqli->query('SELECT *
FROM `rak_buku`', 0)
 2 SYSTEMPATH\Database\BaseConnection.php(729): CodeIgniter\Database\MySQLi\Connection->execute('SELECT *
FROM `rak_buku`')
 3 SYSTEMPATH\Database\BaseConnection.php(646): CodeIgniter\Database\BaseConnection->simpleQuery('SELECT *
FROM `rak_buku`')
 4 SYSTEMPATH\Database\BaseBuilder.php(1649): CodeIgniter\Database\BaseConnection->query('SELECT *
FROM `rak_buku`', [], false)
 5 SYSTEMPATH\Model.php(286): CodeIgniter\Database\BaseBuilder->get()
 6 SYSTEMPATH\BaseModel.php(677): CodeIgniter\Model->doFindAll(0, 0)
 7 APPPATH\Controllers\RakBuku.php(12): CodeIgniter\BaseModel->findAll()
 8 SYSTEMPATH\CodeIgniter.php(933): App\Controllers\RakBuku->index()
 9 SYSTEMPATH\CodeIgniter.php(507): CodeIgniter\CodeIgniter->runController(Object(App\Controllers\RakBuku))
10 SYSTEMPATH\CodeIgniter.php(354): CodeIgniter\CodeIgniter->handleRequest(null, Object(Config\Cache), false)
11 SYSTEMPATH\Boot.php(363): CodeIgniter\CodeIgniter->run()
12 SYSTEMPATH\Boot.php(68): CodeIgniter\Boot::runCodeIgniter(Object(CodeIgniter\CodeIgniter))
13 FCPATH\index.php(59): CodeIgniter\Boot::bootWeb(Object(Config\Paths))
DEBUG - 2026-04-24 17:31:26 --> Session: Class initialized using 'CodeIgniter\Session\Handlers\FileHandler' driver.
DEBUG - 2026-04-24 17:37:38 --> Session: Class initialized using 'CodeIgniter\Session\Handlers\FileHandler' driver.
DEBUG - 2026-04-24 17:37:39 --> Session: Class initialized using 'CodeIgniter\Session\Handlers\FileHandler' driver.
DEBUG - 2026-04-24 17:37:39 --> Session: Class initialized using 'CodeIgniter\Session\Handlers\FileHandler' driver.
DEBUG - 2026-04-24 17:37:40 --> Session: Class initialized using 'CodeIgniter\Session\Handlers\FileHandler' driver.
DEBUG - 2026-04-24 17:37:41 --> Session: Class initialized using 'CodeIgniter\Session\Handlers\FileHandler' driver.
DEBUG - 2026-04-24 17:38:15 --> Session: Class initialized using 'CodeIgniter\Session\Handlers\FileHandler' driver.
DEBUG - 2026-04-24 17:38:58 --> Session: Class initialized using 'CodeIgniter\Session\Handlers\FileHandler' driver.
DEBUG - 2026-04-24 17:39:28 --> Session: Class initialized using 'CodeIgniter\Session\Handlers\FileHandler' driver.
DEBUG - 2026-04-24 17:39:28 --> Session: Class initialized using 'CodeIgniter\Session\Handlers\FileHandler' driver.
DEBUG - 2026-04-24 17:39:37 --> Session: Class initialized using 'CodeIgniter\Session\Handlers\FileHandler' driver.
DEBUG - 2026-04-24 17:39:38 --> Session: Class initialized using 'CodeIgniter\Session\Handlers\FileHandler' driver.
DEBUG - 2026-04-24 17:39:39 --> Session: Class initialized using 'CodeIgniter\Session\Handlers\FileHandler' driver.
DEBUG - 2026-04-24 17:39:51 --> Session: Class initialized using 'CodeIgniter\Session\Handlers\FileHandler' driver.
DEBUG - 2026-04-24 17:39:51 --> Session: Class initialized using 'CodeIgniter\Session\Handlers\FileHandler' driver.
DEBUG - 2026-04-24 17:39:54 --> Session: Class initialized using 'CodeIgniter\Session\Handlers\FileHandler' driver.
DEBUG - 2026-04-24 17:39:57 --> Session: Class initialized using 'CodeIgniter\Session\Handlers\FileHandler' driver.
DEBUG - 2026-04-24 17:40:02 --> Session: Class initialized using 'CodeIgniter\Session\Handlers\FileHandler' driver.
DEBUG - 2026-04-24 17:40:07 --> Session: Class initialized using 'CodeIgniter\Session\Handlers\FileHandler' driver.
DEBUG - 2026-04-24 17:40:09 --> Session: Class initialized using 'CodeIgniter\Session\Handlers\FileHandler' driver.
DEBUG - 2026-04-24 17:40:13 --> Session: Class initialized using 'CodeIgniter\Session\Handlers\FileHandler' driver.
DEBUG - 2026-04-24 17:40:15 --> Session: Class initialized using 'CodeIgniter\Session\Handlers\FileHandler' driver.
DEBUG - 2026-04-24 17:40:41 --> Session: Class initialized using 'CodeIgniter\Session\Handlers\FileHandler' driver.
DEBUG - 2026-04-24 17:40:48 --> Session: Class initialized using 'CodeIgniter\Session\Handlers\FileHandler' driver.
DEBUG - 2026-04-24 17:41:01 --> Session: Class initialized using 'CodeIgniter\Session\Handlers\FileHandler' driver.
DEBUG - 2026-04-24 17:41:02 --> Session: Class initialized using 'CodeIgniter\Session\Handlers\FileHandler' driver.
DEBUG - 2026-04-24 17:41:03 --> Session: Class initialized using 'CodeIgniter\Session\Handlers\FileHandler' driver.
DEBUG - 2026-04-24 17:41:04 --> Session: Class initialized using 'CodeIgniter\Session\Handlers\FileHandler' driver.
DEBUG - 2026-04-24 17:41:18 --> Session: Class initialized using 'CodeIgniter\Session\Handlers\FileHandler' driver.
DEBUG - 2026-04-24 17:41:19 --> Session: Class initialized using 'CodeIgniter\Session\Handlers\FileHandler' driver.
DEBUG - 2026-04-24 17:41:26 --> Session: Class initialized using 'CodeIgniter\Session\Handlers\FileHandler' driver.
DEBUG - 2026-04-24 17:42:41 --> Session: Class initialized using 'CodeIgniter\Session\Handlers\FileHandler' driver.
DEBUG - 2026-04-24 17:42:43 --> Session: Class initialized using 'CodeIgniter\Session\Handlers\FileHandler' driver.
DEBUG - 2026-04-24 17:42:44 --> Session: Class initialized using 'CodeIgniter\Session\Handlers\FileHandler' driver.
DEBUG - 2026-04-24 17:42:44 --> Session: Class initialized using 'CodeIgniter\Session\Handlers\FileHandler' driver.
DEBUG - 2026-04-24 17:42:45 --> Session: Class initialized using 'CodeIgniter\Session\Handlers\FileHandler' driver.
DEBUG - 2026-04-24 17:42:57 --> Session: Class initialized using 'CodeIgniter\Session\Handlers\FileHandler' driver.
DEBUG - 2026-04-24 17:43:31 --> Session: Class initialized using 'CodeIgniter\Session\Handlers\FileHandler' driver.
DEBUG - 2026-04-24 17:43:32 --> Session: Class initialized using 'CodeIgniter\Session\Handlers\FileHandler' driver.
DEBUG - 2026-04-24 17:43:33 --> Session: Class initialized using 'CodeIgniter\Session\Handlers\FileHandler' driver.
DEBUG - 2026-04-24 17:43:35 --> Session: Class initialized using 'CodeIgniter\Session\Handlers\FileHandler' driver.
DEBUG - 2026-04-24 17:43:38 --> Session: Class initialized using 'CodeIgniter\Session\Handlers\FileHandler' driver.
DEBUG - 2026-04-24 17:44:06 --> Session: Class initialized using 'CodeIgniter\Session\Handlers\FileHandler' driver.
DEBUG - 2026-04-24 17:44:13 --> Session: Class initialized using 'CodeIgniter\Session\Handlers\FileHandler' driver.
DEBUG - 2026-04-24 17:44:17 --> Session: Class initialized using 'CodeIgniter\Session\Handlers\FileHandler' driver.
DEBUG - 2026-04-24 17:44:27 --> Session: Class initialized using 'CodeIgniter\Session\Handlers\FileHandler' driver.
DEBUG - 2026-04-24 17:44:29 --> Session: Class initialized using 'CodeIgniter\Session\Handlers\FileHandler' driver.
DEBUG - 2026-04-24 17:44:31 --> Session: Class initialized using 'CodeIgniter\Session\Handlers\FileHandler' driver.
DEBUG - 2026-04-24 17:44:32 --> Session: Class initialized using 'CodeIgniter\Session\Handlers\FileHandler' driver.
DEBUG - 2026-04-24 17:44:55 --> Session: Class initialized using 'CodeIgniter\Session\Handlers\FileHandler' driver.
DEBUG - 2026-04-24 17:46:35 --> Session: Class initialized using 'CodeIgniter\Session\Handlers\FileHandler' driver.
DEBUG - 2026-04-24 17:47:17 --> Session: Class initialized using 'CodeIgniter\Session\Handlers\FileHandler' driver.
ERROR - 2026-04-24 17:48:20 --> mysqli_sql_exception: Table 'perpus.anggota' doesn't exist in C:\xampp\htdocs\perpus\system\Database\MySQLi\Connection.php:327
Stack trace:
#0 C:\xampp\htdocs\perpus\system\Database\MySQLi\Connection.php(327): mysqli->query('SELECT `peminja...', 0)
#1 C:\xampp\htdocs\perpus\system\Database\BaseConnection.php(729): CodeIgniter\Database\MySQLi\Connection->execute('SELECT `peminja...')
#2 C:\xampp\htdocs\perpus\system\Database\BaseConnection.php(646): CodeIgniter\Database\BaseConnection->simpleQuery('SELECT `peminja...')
#3 C:\xampp\htdocs\perpus\system\Database\BaseBuilder.php(1649): CodeIgniter\Database\BaseConnection->query('SELECT `peminja...', Array, false)
#4 C:\xampp\htdocs\perpus\app\Controllers\peminjaman.php(19): CodeIgniter\Database\BaseBuilder->get()
#5 C:\xampp\htdocs\perpus\system\CodeIgniter.php(933): App\Controllers\Peminjaman->index()
#6 C:\xampp\htdocs\perpus\system\CodeIgniter.php(507): CodeIgniter\CodeIgniter->runController(Object(App\Controllers\Peminjaman))
#7 C:\xampp\htdocs\perpus\system\CodeIgniter.php(354): CodeIgniter\CodeIgniter->handleRequest(NULL, Object(Config\Cache), false)
#8 C:\xampp\htdocs\perpus\system\Boot.php(363): CodeIgniter\CodeIgniter->run()
#9 C:\xampp\htdocs\perpus\system\Boot.php(68): CodeIgniter\Boot::runCodeIgniter(Object(CodeIgniter\CodeIgniter))
#10 C:\xampp\htdocs\perpus\index.php(59): CodeIgniter\Boot::bootWeb(Object(Config\Paths))
#11 {main}
CRITICAL - 2026-04-24 17:48:20 --> CodeIgniter\Database\Exceptions\DatabaseException: Table 'perpus.anggota' doesn't exist
[Method: GET, Route: peminjaman]
in SYSTEMPATH\Database\BaseConnection.php on line 684.
 1 SYSTEMPATH\Database\BaseBuilder.php(1649): CodeIgniter\Database\BaseConnection->query('SELECT `peminjaman`.*, `anggota`.`nama_anggota`, `buku`.`judul`, `buku`.`cover`
FROM `peminjaman`
LEFT JOIN `anggota` ON `anggota`.`id_anggota` = `peminjaman`.`id_anggota`
LEFT JOIN `detail_peminjaman` ON `detail_peminjaman`.`id_peminjaman` = `peminjaman`.`id_peminjaman`
LEFT JOIN `buku` ON `buku`.`id_buku` = `detail_peminjaman`.`id_buku`', [], false)
 2 APPPATH\Controllers\peminjaman.php(19): CodeIgniter\Database\BaseBuilder->get()
 3 SYSTEMPATH\CodeIgniter.php(933): App\Controllers\Peminjaman->index()
 4 SYSTEMPATH\CodeIgniter.php(507): CodeIgniter\CodeIgniter->runController(Object(App\Controllers\Peminjaman))
 5 SYSTEMPATH\CodeIgniter.php(354): CodeIgniter\CodeIgniter->handleRequest(null, Object(Config\Cache), false)
 6 SYSTEMPATH\Boot.php(363): CodeIgniter\CodeIgniter->run()
 7 SYSTEMPATH\Boot.php(68): CodeIgniter\Boot::runCodeIgniter(Object(CodeIgniter\CodeIgniter))
 8 FCPATH\index.php(59): CodeIgniter\Boot::bootWeb(Object(Config\Paths))
CRITICAL - 2026-04-24 17:48:20 --> [Caused by] CodeIgniter\Database\Exceptions\DatabaseException: Table 'perpus.anggota' doesn't exist
in SYSTEMPATH\Database\MySQLi\Connection.php on line 332.
 1 SYSTEMPATH\Database\BaseConnection.php(729): CodeIgniter\Database\MySQLi\Connection->execute('SELECT `peminjaman`.*, `anggota`.`nama_anggota`, `buku`.`judul`, `buku`.`cover`
FROM `peminjaman`
LEFT JOIN `anggota` ON `anggota`.`id_anggota` = `peminjaman`.`id_anggota`
LEFT JOIN `detail_peminjaman` ON `detail_peminjaman`.`id_peminjaman` = `peminjaman`.`id_peminjaman`
LEFT JOIN `buku` ON `buku`.`id_buku` = `detail_peminjaman`.`id_buku`')
 2 SYSTEMPATH\Database\BaseConnection.php(646): CodeIgniter\Database\BaseConnection->simpleQuery('SELECT `peminjaman`.*, `anggota`.`nama_anggota`, `buku`.`judul`, `buku`.`cover`
FROM `peminjaman`
LEFT JOIN `anggota` ON `anggota`.`id_anggota` = `peminjaman`.`id_anggota`
LEFT JOIN `detail_peminjaman` ON `detail_peminjaman`.`id_peminjaman` = `peminjaman`.`id_peminjaman`
LEFT JOIN `buku` ON `buku`.`id_buku` = `detail_peminjaman`.`id_buku`')
 3 SYSTEMPATH\Database\BaseBuilder.php(1649): CodeIgniter\Database\BaseConnection->query('SELECT `peminjaman`.*, `anggota`.`nama_anggota`, `buku`.`judul`, `buku`.`cover`
FROM `peminjaman`
LEFT JOIN `anggota` ON `anggota`.`id_anggota` = `peminjaman`.`id_anggota`
LEFT JOIN `detail_peminjaman` ON `detail_peminjaman`.`id_peminjaman` = `peminjaman`.`id_peminjaman`
LEFT JOIN `buku` ON `buku`.`id_buku` = `detail_peminjaman`.`id_buku`', [], false)
 4 APPPATH\Controllers\peminjaman.php(19): CodeIgniter\Database\BaseBuilder->get()
 5 SYSTEMPATH\CodeIgniter.php(933): App\Controllers\Peminjaman->index()
 6 SYSTEMPATH\CodeIgniter.php(507): CodeIgniter\CodeIgniter->runController(Object(App\Controllers\Peminjaman))
 7 SYSTEMPATH\CodeIgniter.php(354): CodeIgniter\CodeIgniter->handleRequest(null, Object(Config\Cache), false)
 8 SYSTEMPATH\Boot.php(363): CodeIgniter\CodeIgniter->run()
 9 SYSTEMPATH\Boot.php(68): CodeIgniter\Boot::runCodeIgniter(Object(CodeIgniter\CodeIgniter))
10 FCPATH\index.php(59): CodeIgniter\Boot::bootWeb(Object(Config\Paths))
CRITICAL - 2026-04-24 17:48:20 --> [Caused by] mysqli_sql_exception: Table 'perpus.anggota' doesn't exist
in SYSTEMPATH\Database\MySQLi\Connection.php on line 327.
 1 SYSTEMPATH\Database\MySQLi\Connection.php(327): mysqli->query('SELECT `peminjaman`.*, `anggota`.`nama_anggota`, `buku`.`judul`, `buku`.`cover`
FROM `peminjaman`
LEFT JOIN `anggota` ON `anggota`.`id_anggota` = `peminjaman`.`id_anggota`
LEFT JOIN `detail_peminjaman` ON `detail_peminjaman`.`id_peminjaman` = `peminjaman`.`id_peminjaman`
LEFT JOIN `buku` ON `buku`.`id_buku` = `detail_peminjaman`.`id_buku`', 0)
 2 SYSTEMPATH\Database\BaseConnection.php(729): CodeIgniter\Database\MySQLi\Connection->execute('SELECT `peminjaman`.*, `anggota`.`nama_anggota`, `buku`.`judul`, `buku`.`cover`
FROM `peminjaman`
LEFT JOIN `anggota` ON `anggota`.`id_anggota` = `peminjaman`.`id_anggota`
LEFT JOIN `detail_peminjaman` ON `detail_peminjaman`.`id_peminjaman` = `peminjaman`.`id_peminjaman`
LEFT JOIN `buku` ON `buku`.`id_buku` = `detail_peminjaman`.`id_buku`')
 3 SYSTEMPATH\Database\BaseConnection.php(646): CodeIgniter\Database\BaseConnection->simpleQuery('SELECT `peminjaman`.*, `anggota`.`nama_anggota`, `buku`.`judul`, `buku`.`cover`
FROM `peminjaman`
LEFT JOIN `anggota` ON `anggota`.`id_anggota` = `peminjaman`.`id_anggota`
LEFT JOIN `detail_peminjaman` ON `detail_peminjaman`.`id_peminjaman` = `peminjaman`.`id_peminjaman`
LEFT JOIN `buku` ON `buku`.`id_buku` = `detail_peminjaman`.`id_buku`')
 4 SYSTEMPATH\Database\BaseBuilder.php(1649): CodeIgniter\Database\BaseConnection->query('SELECT `peminjaman`.*, `anggota`.`nama_anggota`, `buku`.`judul`, `buku`.`cover`
FROM `peminjaman`
LEFT JOIN `anggota` ON `anggota`.`id_anggota` = `peminjaman`.`id_anggota`
LEFT JOIN `detail_peminjaman` ON `detail_peminjaman`.`id_peminjaman` = `peminjaman`.`id_peminjaman`
LEFT JOIN `buku` ON `buku`.`id_buku` = `detail_peminjaman`.`id_buku`', [], false)
 5 APPPATH\Controllers\peminjaman.php(19): CodeIgniter\Database\BaseBuilder->get()
 6 SYSTEMPATH\CodeIgniter.php(933): App\Controllers\Peminjaman->index()
 7 SYSTEMPATH\CodeIgniter.php(507): CodeIgniter\CodeIgniter->runController(Object(App\Controllers\Peminjaman))
 8 SYSTEMPATH\CodeIgniter.php(354): CodeIgniter\CodeIgniter->handleRequest(null, Object(Config\Cache), false)
 9 SYSTEMPATH\Boot.php(363): CodeIgniter\CodeIgniter->run()
10 SYSTEMPATH\Boot.php(68): CodeIgniter\Boot::runCodeIgniter(Object(CodeIgniter\CodeIgniter))
11 FCPATH\index.php(59): CodeIgniter\Boot::bootWeb(Object(Config\Paths))
ERROR - 2026-04-24 17:48:24 --> mysqli_sql_exception: Table 'perpus.anggota' doesn't exist in C:\xampp\htdocs\perpus\system\Database\MySQLi\Connection.php:327
Stack trace:
#0 C:\xampp\htdocs\perpus\system\Database\MySQLi\Connection.php(327): mysqli->query('SELECT *\nFROM `...', 0)
#1 C:\xampp\htdocs\perpus\system\Database\BaseConnection.php(729): CodeIgniter\Database\MySQLi\Connection->execute('SELECT *\nFROM `...')
#2 C:\xampp\htdocs\perpus\system\Database\BaseConnection.php(646): CodeIgniter\Database\BaseConnection->simpleQuery('SELECT *\nFROM `...')
#3 C:\xampp\htdocs\perpus\system\Database\BaseBuilder.php(1649): CodeIgniter\Database\BaseConnection->query('SELECT *\nFROM `...', Array, false)
#4 C:\xampp\htdocs\perpus\app\Controllers\peminjaman.php(29): CodeIgniter\Database\BaseBuilder->get()
#5 C:\xampp\htdocs\perpus\system\CodeIgniter.php(933): App\Controllers\Peminjaman->create()
#6 C:\xampp\htdocs\perpus\system\CodeIgniter.php(507): CodeIgniter\CodeIgniter->runController(Object(App\Controllers\Peminjaman))
#7 C:\xampp\htdocs\perpus\system\CodeIgniter.php(354): CodeIgniter\CodeIgniter->handleRequest(NULL, Object(Config\Cache), false)
#8 C:\xampp\htdocs\perpus\system\Boot.php(363): CodeIgniter\CodeIgniter->run()
#9 C:\xampp\htdocs\perpus\system\Boot.php(68): CodeIgniter\Boot::runCodeIgniter(Object(CodeIgniter\CodeIgniter))
#10 C:\xampp\htdocs\perpus\index.php(59): CodeIgniter\Boot::bootWeb(Object(Config\Paths))
#11 {main}
CRITICAL - 2026-04-24 17:48:24 --> CodeIgniter\Database\Exceptions\DatabaseException: Table 'perpus.anggota' doesn't exist
[Method: GET, Route: peminjaman/create]
in SYSTEMPATH\Database\BaseConnection.php on line 684.
 1 SYSTEMPATH\Database\BaseBuilder.php(1649): CodeIgniter\Database\BaseConnection->query('SELECT *
FROM `anggota`', [], false)
 2 APPPATH\Controllers\peminjaman.php(29): CodeIgniter\Database\BaseBuilder->get()
 3 SYSTEMPATH\CodeIgniter.php(933): App\Controllers\Peminjaman->create()
 4 SYSTEMPATH\CodeIgniter.php(507): CodeIgniter\CodeIgniter->runController(Object(App\Controllers\Peminjaman))
 5 SYSTEMPATH\CodeIgniter.php(354): CodeIgniter\CodeIgniter->handleRequest(null, Object(Config\Cache), false)
 6 SYSTEMPATH\Boot.php(363): CodeIgniter\CodeIgniter->run()
 7 SYSTEMPATH\Boot.php(68): CodeIgniter\Boot::runCodeIgniter(Object(CodeIgniter\CodeIgniter))
 8 FCPATH\index.php(59): CodeIgniter\Boot::bootWeb(Object(Config\Paths))
CRITICAL - 2026-04-24 17:48:24 --> [Caused by] CodeIgniter\Database\Exceptions\DatabaseException: Table 'perpus.anggota' doesn't exist
in SYSTEMPATH\Database\MySQLi\Connection.php on line 332.
 1 SYSTEMPATH\Database\BaseConnection.php(729): CodeIgniter\Database\MySQLi\Connection->execute('SELECT *
FROM `anggota`')
 2 SYSTEMPATH\Database\BaseConnection.php(646): CodeIgniter\Database\BaseConnection->simpleQuery('SELECT *
FROM `anggota`')
 3 SYSTEMPATH\Database\BaseBuilder.php(1649): CodeIgniter\Database\BaseConnection->query('SELECT *
FROM `anggota`', [], false)
 4 APPPATH\Controllers\peminjaman.php(29): CodeIgniter\Database\BaseBuilder->get()
 5 SYSTEMPATH\CodeIgniter.php(933): App\Controllers\Peminjaman->create()
 6 SYSTEMPATH\CodeIgniter.php(507): CodeIgniter\CodeIgniter->runController(Object(App\Controllers\Peminjaman))
 7 SYSTEMPATH\CodeIgniter.php(354): CodeIgniter\CodeIgniter->handleRequest(null, Object(Config\Cache), false)
 8 SYSTEMPATH\Boot.php(363): CodeIgniter\CodeIgniter->run()
 9 SYSTEMPATH\Boot.php(68): CodeIgniter\Boot::runCodeIgniter(Object(CodeIgniter\CodeIgniter))
10 FCPATH\index.php(59): CodeIgniter\Boot::bootWeb(Object(Config\Paths))
CRITICAL - 2026-04-24 17:48:24 --> [Caused by] mysqli_sql_exception: Table 'perpus.anggota' doesn't exist
in SYSTEMPATH\Database\MySQLi\Connection.php on line 327.
 1 SYSTEMPATH\Database\MySQLi\Connection.php(327): mysqli->query('SELECT *
FROM `anggota`', 0)
 2 SYSTEMPATH\Database\BaseConnection.php(729): CodeIgniter\Database\MySQLi\Connection->execute('SELECT *
FROM `anggota`')
 3 SYSTEMPATH\Database\BaseConnection.php(646): CodeIgniter\Database\BaseConnection->simpleQuery('SELECT *
FROM `anggota`')
 4 SYSTEMPATH\Database\BaseBuilder.php(1649): CodeIgniter\Database\BaseConnection->query('SELECT *
FROM `anggota`', [], false)
 5 APPPATH\Controllers\peminjaman.php(29): CodeIgniter\Database\BaseBuilder->get()
 6 SYSTEMPATH\CodeIgniter.php(933): App\Controllers\Peminjaman->create()
 7 SYSTEMPATH\CodeIgniter.php(507): CodeIgniter\CodeIgniter->runController(Object(App\Controllers\Peminjaman))
 8 SYSTEMPATH\CodeIgniter.php(354): CodeIgniter\CodeIgniter->handleRequest(null, Object(Config\Cache), false)
 9 SYSTEMPATH\Boot.php(363): CodeIgniter\CodeIgniter->run()
10 SYSTEMPATH\Boot.php(68): CodeIgniter\Boot::runCodeIgniter(Object(CodeIgniter\CodeIgniter))
11 FCPATH\index.php(59): CodeIgniter\Boot::bootWeb(Object(Config\Paths))
ERROR - 2026-04-24 17:48:25 --> mysqli_sql_exception: Table 'perpus.anggota' doesn't exist in C:\xampp\htdocs\perpus\system\Database\MySQLi\Connection.php:327
Stack trace:
#0 C:\xampp\htdocs\perpus\system\Database\MySQLi\Connection.php(327): mysqli->query('SELECT `peminja...', 0)
#1 C:\xampp\htdocs\perpus\system\Database\BaseConnection.php(729): CodeIgniter\Database\MySQLi\Connection->execute('SELECT `peminja...')
#2 C:\xampp\htdocs\perpus\system\Database\BaseConnection.php(646): CodeIgniter\Database\BaseConnection->simpleQuery('SELECT `peminja...')
#3 C:\xampp\htdocs\perpus\system\Database\BaseBuilder.php(1649): CodeIgniter\Database\BaseConnection->query('SELECT `peminja...', Array, false)
#4 C:\xampp\htdocs\perpus\app\Controllers\peminjaman.php(19): CodeIgniter\Database\BaseBuilder->get()
#5 C:\xampp\htdocs\perpus\system\CodeIgniter.php(933): App\Controllers\Peminjaman->index()
#6 C:\xampp\htdocs\perpus\system\CodeIgniter.php(507): CodeIgniter\CodeIgniter->runController(Object(App\Controllers\Peminjaman))
#7 C:\xampp\htdocs\perpus\system\CodeIgniter.php(354): CodeIgniter\CodeIgniter->handleRequest(NULL, Object(Config\Cache), false)
#8 C:\xampp\htdocs\perpus\system\Boot.php(363): CodeIgniter\CodeIgniter->run()
#9 C:\xampp\htdocs\perpus\system\Boot.php(68): CodeIgniter\Boot::runCodeIgniter(Object(CodeIgniter\CodeIgniter))
#10 C:\xampp\htdocs\perpus\index.php(59): CodeIgniter\Boot::bootWeb(Object(Config\Paths))
#11 {main}
CRITICAL - 2026-04-24 17:48:25 --> CodeIgniter\Database\Exceptions\DatabaseException: Table 'perpus.anggota' doesn't exist
[Method: GET, Route: peminjaman]
in SYSTEMPATH\Database\BaseConnection.php on line 684.
 1 SYSTEMPATH\Database\BaseBuilder.php(1649): CodeIgniter\Database\BaseConnection->query('SELECT `peminjaman`.*, `anggota`.`nama_anggota`, `buku`.`judul`, `buku`.`cover`
FROM `peminjaman`
LEFT JOIN `anggota` ON `anggota`.`id_anggota` = `peminjaman`.`id_anggota`
LEFT JOIN `detail_peminjaman` ON `detail_peminjaman`.`id_peminjaman` = `peminjaman`.`id_peminjaman`
LEFT JOIN `buku` ON `buku`.`id_buku` = `detail_peminjaman`.`id_buku`', [], false)
 2 APPPATH\Controllers\peminjaman.php(19): CodeIgniter\Database\BaseBuilder->get()
 3 SYSTEMPATH\CodeIgniter.php(933): App\Controllers\Peminjaman->index()
 4 SYSTEMPATH\CodeIgniter.php(507): CodeIgniter\CodeIgniter->runController(Object(App\Controllers\Peminjaman))
 5 SYSTEMPATH\CodeIgniter.php(354): CodeIgniter\CodeIgniter->handleRequest(null, Object(Config\Cache), false)
 6 SYSTEMPATH\Boot.php(363): CodeIgniter\CodeIgniter->run()
 7 SYSTEMPATH\Boot.php(68): CodeIgniter\Boot::runCodeIgniter(Object(CodeIgniter\CodeIgniter))
 8 FCPATH\index.php(59): CodeIgniter\Boot::bootWeb(Object(Config\Paths))
CRITICAL - 2026-04-24 17:48:25 --> [Caused by] CodeIgniter\Database\Exceptions\DatabaseException: Table 'perpus.anggota' doesn't exist
in SYSTEMPATH\Database\MySQLi\Connection.php on line 332.
 1 SYSTEMPATH\Database\BaseConnection.php(729): CodeIgniter\Database\MySQLi\Connection->execute('SELECT `peminjaman`.*, `anggota`.`nama_anggota`, `buku`.`judul`, `buku`.`cover`
FROM `peminjaman`
LEFT JOIN `anggota` ON `anggota`.`id_anggota` = `peminjaman`.`id_anggota`
LEFT JOIN `detail_peminjaman` ON `detail_peminjaman`.`id_peminjaman` = `peminjaman`.`id_peminjaman`
LEFT JOIN `buku` ON `buku`.`id_buku` = `detail_peminjaman`.`id_buku`')
 2 SYSTEMPATH\Database\BaseConnection.php(646): CodeIgniter\Database\BaseConnection->simpleQuery('SELECT `peminjaman`.*, `anggota`.`nama_anggota`, `buku`.`judul`, `buku`.`cover`
FROM `peminjaman`
LEFT JOIN `anggota` ON `anggota`.`id_anggota` = `peminjaman`.`id_anggota`
LEFT JOIN `detail_peminjaman` ON `detail_peminjaman`.`id_peminjaman` = `peminjaman`.`id_peminjaman`
LEFT JOIN `buku` ON `buku`.`id_buku` = `detail_peminjaman`.`id_buku`')
 3 SYSTEMPATH\Database\BaseBuilder.php(1649): CodeIgniter\Database\BaseConnection->query('SELECT `peminjaman`.*, `anggota`.`nama_anggota`, `buku`.`judul`, `buku`.`cover`
FROM `peminjaman`
LEFT JOIN `anggota` ON `anggota`.`id_anggota` = `peminjaman`.`id_anggota`
LEFT JOIN `detail_peminjaman` ON `detail_peminjaman`.`id_peminjaman` = `peminjaman`.`id_peminjaman`
LEFT JOIN `buku` ON `buku`.`id_buku` = `detail_peminjaman`.`id_buku`', [], false)
 4 APPPATH\Controllers\peminjaman.php(19): CodeIgniter\Database\BaseBuilder->get()
 5 SYSTEMPATH\CodeIgniter.php(933): App\Controllers\Peminjaman->index()
 6 SYSTEMPATH\CodeIgniter.php(507): CodeIgniter\CodeIgniter->runController(Object(App\Controllers\Peminjaman))
 7 SYSTEMPATH\CodeIgniter.php(354): CodeIgniter\CodeIgniter->handleRequest(null, Object(Config\Cache), false)
 8 SYSTEMPATH\Boot.php(363): CodeIgniter\CodeIgniter->run()
 9 SYSTEMPATH\Boot.php(68): CodeIgniter\Boot::runCodeIgniter(Object(CodeIgniter\CodeIgniter))
10 FCPATH\index.php(59): CodeIgniter\Boot::bootWeb(Object(Config\Paths))
CRITICAL - 2026-04-24 17:48:25 --> [Caused by] mysqli_sql_exception: Table 'perpus.anggota' doesn't exist
in SYSTEMPATH\Database\MySQLi\Connection.php on line 327.
 1 SYSTEMPATH\Database\MySQLi\Connection.php(327): mysqli->query('SELECT `peminjaman`.*, `anggota`.`nama_anggota`, `buku`.`judul`, `buku`.`cover`
FROM `peminjaman`
LEFT JOIN `anggota` ON `anggota`.`id_anggota` = `peminjaman`.`id_anggota`
LEFT JOIN `detail_peminjaman` ON `detail_peminjaman`.`id_peminjaman` = `peminjaman`.`id_peminjaman`
LEFT JOIN `buku` ON `buku`.`id_buku` = `detail_peminjaman`.`id_buku`', 0)
 2 SYSTEMPATH\Database\BaseConnection.php(729): CodeIgniter\Database\MySQLi\Connection->execute('SELECT `peminjaman`.*, `anggota`.`nama_anggota`, `buku`.`judul`, `buku`.`cover`
FROM `peminjaman`
LEFT JOIN `anggota` ON `anggota`.`id_anggota` = `peminjaman`.`id_anggota`
LEFT JOIN `detail_peminjaman` ON `detail_peminjaman`.`id_peminjaman` = `peminjaman`.`id_peminjaman`
LEFT JOIN `buku` ON `buku`.`id_buku` = `detail_peminjaman`.`id_buku`')
 3 SYSTEMPATH\Database\BaseConnection.php(646): CodeIgniter\Database\BaseConnection->simpleQuery('SELECT `peminjaman`.*, `anggota`.`nama_anggota`, `buku`.`judul`, `buku`.`cover`
FROM `peminjaman`
LEFT JOIN `anggota` ON `anggota`.`id_anggota` = `peminjaman`.`id_anggota`
LEFT JOIN `detail_peminjaman` ON `detail_peminjaman`.`id_peminjaman` = `peminjaman`.`id_peminjaman`
LEFT JOIN `buku` ON `buku`.`id_buku` = `detail_peminjaman`.`id_buku`')
 4 SYSTEMPATH\Database\BaseBuilder.php(1649): CodeIgniter\Database\BaseConnection->query('SELECT `peminjaman`.*, `anggota`.`nama_anggota`, `buku`.`judul`, `buku`.`cover`
FROM `peminjaman`
LEFT JOIN `anggota` ON `anggota`.`id_anggota` = `peminjaman`.`id_anggota`
LEFT JOIN `detail_peminjaman` ON `detail_peminjaman`.`id_peminjaman` = `peminjaman`.`id_peminjaman`
LEFT JOIN `buku` ON `buku`.`id_buku` = `detail_peminjaman`.`id_buku`', [], false)
 5 APPPATH\Controllers\peminjaman.php(19): CodeIgniter\Database\BaseBuilder->get()
 6 SYSTEMPATH\CodeIgniter.php(933): App\Controllers\Peminjaman->index()
 7 SYSTEMPATH\CodeIgniter.php(507): CodeIgniter\CodeIgniter->runController(Object(App\Controllers\Peminjaman))
 8 SYSTEMPATH\CodeIgniter.php(354): CodeIgniter\CodeIgniter->handleRequest(null, Object(Config\Cache), false)
 9 SYSTEMPATH\Boot.php(363): CodeIgniter\CodeIgniter->run()
10 SYSTEMPATH\Boot.php(68): CodeIgniter\Boot::runCodeIgniter(Object(CodeIgniter\CodeIgniter))
11 FCPATH\index.php(59): CodeIgniter\Boot::bootWeb(Object(Config\Paths))
DEBUG - 2026-04-24 17:48:26 --> Session: Class initialized using 'CodeIgniter\Session\Handlers\FileHandler' driver.
ERROR - 2026-04-24 17:48:27 --> mysqli_sql_exception: Table 'perpus.anggota' doesn't exist in C:\xampp\htdocs\perpus\system\Database\MySQLi\Connection.php:327
Stack trace:
#0 C:\xampp\htdocs\perpus\system\Database\MySQLi\Connection.php(327): mysqli->query('SELECT `peminja...', 0)
#1 C:\xampp\htdocs\perpus\system\Database\BaseConnection.php(729): CodeIgniter\Database\MySQLi\Connection->execute('SELECT `peminja...')
#2 C:\xampp\htdocs\perpus\system\Database\BaseConnection.php(646): CodeIgniter\Database\BaseConnection->simpleQuery('SELECT `peminja...')
#3 C:\xampp\htdocs\perpus\system\Database\BaseBuilder.php(1649): CodeIgniter\Database\BaseConnection->query('SELECT `peminja...', Array, false)
#4 C:\xampp\htdocs\perpus\app\Controllers\peminjaman.php(19): CodeIgniter\Database\BaseBuilder->get()
#5 C:\xampp\htdocs\perpus\system\CodeIgniter.php(933): App\Controllers\Peminjaman->index()
#6 C:\xampp\htdocs\perpus\system\CodeIgniter.php(507): CodeIgniter\CodeIgniter->runController(Object(App\Controllers\Peminjaman))
#7 C:\xampp\htdocs\perpus\system\CodeIgniter.php(354): CodeIgniter\CodeIgniter->handleRequest(NULL, Object(Config\Cache), false)
#8 C:\xampp\htdocs\perpus\system\Boot.php(363): CodeIgniter\CodeIgniter->run()
#9 C:\xampp\htdocs\perpus\system\Boot.php(68): CodeIgniter\Boot::runCodeIgniter(Object(CodeIgniter\CodeIgniter))
#10 C:\xampp\htdocs\perpus\index.php(59): CodeIgniter\Boot::bootWeb(Object(Config\Paths))
#11 {main}
CRITICAL - 2026-04-24 17:48:27 --> CodeIgniter\Database\Exceptions\DatabaseException: Table 'perpus.anggota' doesn't exist
[Method: GET, Route: peminjaman]
in SYSTEMPATH\Database\BaseConnection.php on line 684.
 1 SYSTEMPATH\Database\BaseBuilder.php(1649): CodeIgniter\Database\BaseConnection->query('SELECT `peminjaman`.*, `anggota`.`nama_anggota`, `buku`.`judul`, `buku`.`cover`
FROM `peminjaman`
LEFT JOIN `anggota` ON `anggota`.`id_anggota` = `peminjaman`.`id_anggota`
LEFT JOIN `detail_peminjaman` ON `detail_peminjaman`.`id_peminjaman` = `peminjaman`.`id_peminjaman`
LEFT JOIN `buku` ON `buku`.`id_buku` = `detail_peminjaman`.`id_buku`', [], false)
 2 APPPATH\Controllers\peminjaman.php(19): CodeIgniter\Database\BaseBuilder->get()
 3 SYSTEMPATH\CodeIgniter.php(933): App\Controllers\Peminjaman->index()
 4 SYSTEMPATH\CodeIgniter.php(507): CodeIgniter\CodeIgniter->runController(Object(App\Controllers\Peminjaman))
 5 SYSTEMPATH\CodeIgniter.php(354): CodeIgniter\CodeIgniter->handleRequest(null, Object(Config\Cache), false)
 6 SYSTEMPATH\Boot.php(363): CodeIgniter\CodeIgniter->run()
 7 SYSTEMPATH\Boot.php(68): CodeIgniter\Boot::runCodeIgniter(Object(CodeIgniter\CodeIgniter))
 8 FCPATH\index.php(59): CodeIgniter\Boot::bootWeb(Object(Config\Paths))
CRITICAL - 2026-04-24 17:48:27 --> [Caused by] CodeIgniter\Database\Exceptions\DatabaseException: Table 'perpus.anggota' doesn't exist
in SYSTEMPATH\Database\MySQLi\Connection.php on line 332.
 1 SYSTEMPATH\Database\BaseConnection.php(729): CodeIgniter\Database\MySQLi\Connection->execute('SELECT `peminjaman`.*, `anggota`.`nama_anggota`, `buku`.`judul`, `buku`.`cover`
FROM `peminjaman`
LEFT JOIN `anggota` ON `anggota`.`id_anggota` = `peminjaman`.`id_anggota`
LEFT JOIN `detail_peminjaman` ON `detail_peminjaman`.`id_peminjaman` = `peminjaman`.`id_peminjaman`
LEFT JOIN `buku` ON `buku`.`id_buku` = `detail_peminjaman`.`id_buku`')
 2 SYSTEMPATH\Database\BaseConnection.php(646): CodeIgniter\Database\BaseConnection->simpleQuery('SELECT `peminjaman`.*, `anggota`.`nama_anggota`, `buku`.`judul`, `buku`.`cover`
FROM `peminjaman`
LEFT JOIN `anggota` ON `anggota`.`id_anggota` = `peminjaman`.`id_anggota`
LEFT JOIN `detail_peminjaman` ON `detail_peminjaman`.`id_peminjaman` = `peminjaman`.`id_peminjaman`
LEFT JOIN `buku` ON `buku`.`id_buku` = `detail_peminjaman`.`id_buku`')
 3 SYSTEMPATH\Database\BaseBuilder.php(1649): CodeIgniter\Database\BaseConnection->query('SELECT `peminjaman`.*, `anggota`.`nama_anggota`, `buku`.`judul`, `buku`.`cover`
FROM `peminjaman`
LEFT JOIN `anggota` ON `anggota`.`id_anggota` = `peminjaman`.`id_anggota`
LEFT JOIN `detail_peminjaman` ON `detail_peminjaman`.`id_peminjaman` = `peminjaman`.`id_peminjaman`
LEFT JOIN `buku` ON `buku`.`id_buku` = `detail_peminjaman`.`id_buku`', [], false)
 4 APPPATH\Controllers\peminjaman.php(19): CodeIgniter\Database\BaseBuilder->get()
 5 SYSTEMPATH\CodeIgniter.php(933): App\Controllers\Peminjaman->index()
 6 SYSTEMPATH\CodeIgniter.php(507): CodeIgniter\CodeIgniter->runController(Object(App\Controllers\Peminjaman))
 7 SYSTEMPATH\CodeIgniter.php(354): CodeIgniter\CodeIgniter->handleRequest(null, Object(Config\Cache), false)
 8 SYSTEMPATH\Boot.php(363): CodeIgniter\CodeIgniter->run()
 9 SYSTEMPATH\Boot.php(68): CodeIgniter\Boot::runCodeIgniter(Object(CodeIgniter\CodeIgniter))
10 FCPATH\index.php(59): CodeIgniter\Boot::bootWeb(Object(Config\Paths))
CRITICAL - 2026-04-24 17:48:27 --> [Caused by] mysqli_sql_exception: Table 'perpus.anggota' doesn't exist
in SYSTEMPATH\Database\MySQLi\Connection.php on line 327.
 1 SYSTEMPATH\Database\MySQLi\Connection.php(327): mysqli->query('SELECT `peminjaman`.*, `anggota`.`nama_anggota`, `buku`.`judul`, `buku`.`cover`
FROM `peminjaman`
LEFT JOIN `anggota` ON `anggota`.`id_anggota` = `peminjaman`.`id_anggota`
LEFT JOIN `detail_peminjaman` ON `detail_peminjaman`.`id_peminjaman` = `peminjaman`.`id_peminjaman`
LEFT JOIN `buku` ON `buku`.`id_buku` = `detail_peminjaman`.`id_buku`', 0)
 2 SYSTEMPATH\Database\BaseConnection.php(729): CodeIgniter\Database\MySQLi\Connection->execute('SELECT `peminjaman`.*, `anggota`.`nama_anggota`, `buku`.`judul`, `buku`.`cover`
FROM `peminjaman`
LEFT JOIN `anggota` ON `anggota`.`id_anggota` = `peminjaman`.`id_anggota`
LEFT JOIN `detail_peminjaman` ON `detail_peminjaman`.`id_peminjaman` = `peminjaman`.`id_peminjaman`
LEFT JOIN `buku` ON `buku`.`id_buku` = `detail_peminjaman`.`id_buku`')
 3 SYSTEMPATH\Database\BaseConnection.php(646): CodeIgniter\Database\BaseConnection->simpleQuery('SELECT `peminjaman`.*, `anggota`.`nama_anggota`, `buku`.`judul`, `buku`.`cover`
FROM `peminjaman`
LEFT JOIN `anggota` ON `anggota`.`id_anggota` = `peminjaman`.`id_anggota`
LEFT JOIN `detail_peminjaman` ON `detail_peminjaman`.`id_peminjaman` = `peminjaman`.`id_peminjaman`
LEFT JOIN `buku` ON `buku`.`id_buku` = `detail_peminjaman`.`id_buku`')
 4 SYSTEMPATH\Database\BaseBuilder.php(1649): CodeIgniter\Database\BaseConnection->query('SELECT `peminjaman`.*, `anggota`.`nama_anggota`, `buku`.`judul`, `buku`.`cover`
FROM `peminjaman`
LEFT JOIN `anggota` ON `anggota`.`id_anggota` = `peminjaman`.`id_anggota`
LEFT JOIN `detail_peminjaman` ON `detail_peminjaman`.`id_peminjaman` = `peminjaman`.`id_peminjaman`
LEFT JOIN `buku` ON `buku`.`id_buku` = `detail_peminjaman`.`id_buku`', [], false)
 5 APPPATH\Controllers\peminjaman.php(19): CodeIgniter\Database\BaseBuilder->get()
 6 SYSTEMPATH\CodeIgniter.php(933): App\Controllers\Peminjaman->index()
 7 SYSTEMPATH\CodeIgniter.php(507): CodeIgniter\CodeIgniter->runController(Object(App\Controllers\Peminjaman))
 8 SYSTEMPATH\CodeIgniter.php(354): CodeIgniter\CodeIgniter->handleRequest(null, Object(Config\Cache), false)
 9 SYSTEMPATH\Boot.php(363): CodeIgniter\CodeIgniter->run()
10 SYSTEMPATH\Boot.php(68): CodeIgniter\Boot::runCodeIgniter(Object(CodeIgniter\CodeIgniter))
11 FCPATH\index.php(59): CodeIgniter\Boot::bootWeb(Object(Config\Paths))
DEBUG - 2026-04-24 17:48:29 --> Session: Class initialized using 'CodeIgniter\Session\Handlers\FileHandler' driver.
DEBUG - 2026-04-24 17:48:31 --> Session: Class initialized using 'CodeIgniter\Session\Handlers\FileHandler' driver.
ERROR - 2026-04-24 17:48:32 --> mysqli_sql_exception: Table 'perpus.anggota' doesn't exist in C:\xampp\htdocs\perpus\system\Database\MySQLi\Connection.php:327
Stack trace:
#0 C:\xampp\htdocs\perpus\system\Database\MySQLi\Connection.php(327): mysqli->query('SELECT `peminja...', 0)
#1 C:\xampp\htdocs\perpus\system\Database\BaseConnection.php(729): CodeIgniter\Database\MySQLi\Connection->execute('SELECT `peminja...')
#2 C:\xampp\htdocs\perpus\system\Database\BaseConnection.php(646): CodeIgniter\Database\BaseConnection->simpleQuery('SELECT `peminja...')
#3 C:\xampp\htdocs\perpus\system\Database\BaseBuilder.php(1649): CodeIgniter\Database\BaseConnection->query('SELECT `peminja...', Array, false)
#4 C:\xampp\htdocs\perpus\app\Controllers\peminjaman.php(19): CodeIgniter\Database\BaseBuilder->get()
#5 C:\xampp\htdocs\perpus\system\CodeIgniter.php(933): App\Controllers\Peminjaman->index()
#6 C:\xampp\htdocs\perpus\system\CodeIgniter.php(507): CodeIgniter\CodeIgniter->runController(Object(App\Controllers\Peminjaman))
#7 C:\xampp\htdocs\perpus\system\CodeIgniter.php(354): CodeIgniter\CodeIgniter->handleRequest(NULL, Object(Config\Cache), false)
#8 C:\xampp\htdocs\perpus\system\Boot.php(363): CodeIgniter\CodeIgniter->run()
#9 C:\xampp\htdocs\perpus\system\Boot.php(68): CodeIgniter\Boot::runCodeIgniter(Object(CodeIgniter\CodeIgniter))
#10 C:\xampp\htdocs\perpus\index.php(59): CodeIgniter\Boot::bootWeb(Object(Config\Paths))
#11 {main}
CRITICAL - 2026-04-24 17:48:32 --> CodeIgniter\Database\Exceptions\DatabaseException: Table 'perpus.anggota' doesn't exist
[Method: GET, Route: peminjaman]
in SYSTEMPATH\Database\BaseConnection.php on line 684.
 1 SYSTEMPATH\Database\BaseBuilder.php(1649): CodeIgniter\Database\BaseConnection->query('SELECT `peminjaman`.*, `anggota`.`nama_anggota`, `buku`.`judul`, `buku`.`cover`
FROM `peminjaman`
LEFT JOIN `anggota` ON `anggota`.`id_anggota` = `peminjaman`.`id_anggota`
LEFT JOIN `detail_peminjaman` ON `detail_peminjaman`.`id_peminjaman` = `peminjaman`.`id_peminjaman`
LEFT JOIN `buku` ON `buku`.`id_buku` = `detail_peminjaman`.`id_buku`', [], false)
 2 APPPATH\Controllers\peminjaman.php(19): CodeIgniter\Database\BaseBuilder->get()
 3 SYSTEMPATH\CodeIgniter.php(933): App\Controllers\Peminjaman->index()
 4 SYSTEMPATH\CodeIgniter.php(507): CodeIgniter\CodeIgniter->runController(Object(App\Controllers\Peminjaman))
 5 SYSTEMPATH\CodeIgniter.php(354): CodeIgniter\CodeIgniter->handleRequest(null, Object(Config\Cache), false)
 6 SYSTEMPATH\Boot.php(363): CodeIgniter\CodeIgniter->run()
 7 SYSTEMPATH\Boot.php(68): CodeIgniter\Boot::runCodeIgniter(Object(CodeIgniter\CodeIgniter))
 8 FCPATH\index.php(59): CodeIgniter\Boot::bootWeb(Object(Config\Paths))
CRITICAL - 2026-04-24 17:48:32 --> [Caused by] CodeIgniter\Database\Exceptions\DatabaseException: Table 'perpus.anggota' doesn't exist
in SYSTEMPATH\Database\MySQLi\Connection.php on line 332.
 1 SYSTEMPATH\Database\BaseConnection.php(729): CodeIgniter\Database\MySQLi\Connection->execute('SELECT `peminjaman`.*, `anggota`.`nama_anggota`, `buku`.`judul`, `buku`.`cover`
FROM `peminjaman`
LEFT JOIN `anggota` ON `anggota`.`id_anggota` = `peminjaman`.`id_anggota`
LEFT JOIN `detail_peminjaman` ON `detail_peminjaman`.`id_peminjaman` = `peminjaman`.`id_peminjaman`
LEFT JOIN `buku` ON `buku`.`id_buku` = `detail_peminjaman`.`id_buku`')
 2 SYSTEMPATH\Database\BaseConnection.php(646): CodeIgniter\Database\BaseConnection->simpleQuery('SELECT `peminjaman`.*, `anggota`.`nama_anggota`, `buku`.`judul`, `buku`.`cover`
FROM `peminjaman`
LEFT JOIN `anggota` ON `anggota`.`id_anggota` = `peminjaman`.`id_anggota`
LEFT JOIN `detail_peminjaman` ON `detail_peminjaman`.`id_peminjaman` = `peminjaman`.`id_peminjaman`
LEFT JOIN `buku` ON `buku`.`id_buku` = `detail_peminjaman`.`id_buku`')
 3 SYSTEMPATH\Database\BaseBuilder.php(1649): CodeIgniter\Database\BaseConnection->query('SELECT `peminjaman`.*, `anggota`.`nama_anggota`, `buku`.`judul`, `buku`.`cover`
FROM `peminjaman`
LEFT JOIN `anggota` ON `anggota`.`id_anggota` = `peminjaman`.`id_anggota`
LEFT JOIN `detail_peminjaman` ON `detail_peminjaman`.`id_peminjaman` = `peminjaman`.`id_peminjaman`
LEFT JOIN `buku` ON `buku`.`id_buku` = `detail_peminjaman`.`id_buku`', [], false)
 4 APPPATH\Controllers\peminjaman.php(19): CodeIgniter\Database\BaseBuilder->get()
 5 SYSTEMPATH\CodeIgniter.php(933): App\Controllers\Peminjaman->index()
 6 SYSTEMPATH\CodeIgniter.php(507): CodeIgniter\CodeIgniter->runController(Object(App\Controllers\Peminjaman))
 7 SYSTEMPATH\CodeIgniter.php(354): CodeIgniter\CodeIgniter->handleRequest(null, Object(Config\Cache), false)
 8 SYSTEMPATH\Boot.php(363): CodeIgniter\CodeIgniter->run()
 9 SYSTEMPATH\Boot.php(68): CodeIgniter\Boot::runCodeIgniter(Object(CodeIgniter\CodeIgniter))
10 FCPATH\index.php(59): CodeIgniter\Boot::bootWeb(Object(Config\Paths))
CRITICAL - 2026-04-24 17:48:32 --> [Caused by] mysqli_sql_exception: Table 'perpus.anggota' doesn't exist
in SYSTEMPATH\Database\MySQLi\Connection.php on line 327.
 1 SYSTEMPATH\Database\MySQLi\Connection.php(327): mysqli->query('SELECT `peminjaman`.*, `anggota`.`nama_anggota`, `buku`.`judul`, `buku`.`cover`
FROM `peminjaman`
LEFT JOIN `anggota` ON `anggota`.`id_anggota` = `peminjaman`.`id_anggota`
LEFT JOIN `detail_peminjaman` ON `detail_peminjaman`.`id_peminjaman` = `peminjaman`.`id_peminjaman`
LEFT JOIN `buku` ON `buku`.`id_buku` = `detail_peminjaman`.`id_buku`', 0)
 2 SYSTEMPATH\Database\BaseConnection.php(729): CodeIgniter\Database\MySQLi\Connection->execute('SELECT `peminjaman`.*, `anggota`.`nama_anggota`, `buku`.`judul`, `buku`.`cover`
FROM `peminjaman`
LEFT JOIN `anggota` ON `anggota`.`id_anggota` = `peminjaman`.`id_anggota`
LEFT JOIN `detail_peminjaman` ON `detail_peminjaman`.`id_peminjaman` = `peminjaman`.`id_peminjaman`
LEFT JOIN `buku` ON `buku`.`id_buku` = `detail_peminjaman`.`id_buku`')
 3 SYSTEMPATH\Database\BaseConnection.php(646): CodeIgniter\Database\BaseConnection->simpleQuery('SELECT `peminjaman`.*, `anggota`.`nama_anggota`, `buku`.`judul`, `buku`.`cover`
FROM `peminjaman`
LEFT JOIN `anggota` ON `anggota`.`id_anggota` = `peminjaman`.`id_anggota`
LEFT JOIN `detail_peminjaman` ON `detail_peminjaman`.`id_peminjaman` = `peminjaman`.`id_peminjaman`
LEFT JOIN `buku` ON `buku`.`id_buku` = `detail_peminjaman`.`id_buku`')
 4 SYSTEMPATH\Database\BaseBuilder.php(1649): CodeIgniter\Database\BaseConnection->query('SELECT `peminjaman`.*, `anggota`.`nama_anggota`, `buku`.`judul`, `buku`.`cover`
FROM `peminjaman`
LEFT JOIN `anggota` ON `anggota`.`id_anggota` = `peminjaman`.`id_anggota`
LEFT JOIN `detail_peminjaman` ON `detail_peminjaman`.`id_peminjaman` = `peminjaman`.`id_peminjaman`
LEFT JOIN `buku` ON `buku`.`id_buku` = `detail_peminjaman`.`id_buku`', [], false)
 5 APPPATH\Controllers\peminjaman.php(19): CodeIgniter\Database\BaseBuilder->get()
 6 SYSTEMPATH\CodeIgniter.php(933): App\Controllers\Peminjaman->index()
 7 SYSTEMPATH\CodeIgniter.php(507): CodeIgniter\CodeIgniter->runController(Object(App\Controllers\Peminjaman))
 8 SYSTEMPATH\CodeIgniter.php(354): CodeIgniter\CodeIgniter->handleRequest(null, Object(Config\Cache), false)
 9 SYSTEMPATH\Boot.php(363): CodeIgniter\CodeIgniter->run()
10 SYSTEMPATH\Boot.php(68): CodeIgniter\Boot::runCodeIgniter(Object(CodeIgniter\CodeIgniter))
11 FCPATH\index.php(59): CodeIgniter\Boot::bootWeb(Object(Config\Paths))
DEBUG - 2026-04-24 17:48:34 --> Session: Class initialized using 'CodeIgniter\Session\Handlers\FileHandler' driver.
DEBUG - 2026-04-24 17:48:36 --> Session: Class initialized using 'CodeIgniter\Session\Handlers\FileHandler' driver.
DEBUG - 2026-04-24 17:48:37 --> Session: Class initialized using 'CodeIgniter\Session\Handlers\FileHandler' driver.
DEBUG - 2026-04-24 17:48:39 --> Session: Class initialized using 'CodeIgniter\Session\Handlers\FileHandler' driver.
ERROR - 2026-04-24 17:48:47 --> mysqli_sql_exception: Table 'perpus.anggota' doesn't exist in C:\xampp\htdocs\perpus\system\Database\MySQLi\Connection.php:327
Stack trace:
#0 C:\xampp\htdocs\perpus\system\Database\MySQLi\Connection.php(327): mysqli->query('SELECT `peminja...', 0)
#1 C:\xampp\htdocs\perpus\system\Database\BaseConnection.php(729): CodeIgniter\Database\MySQLi\Connection->execute('SELECT `peminja...')
#2 C:\xampp\htdocs\perpus\system\Database\BaseConnection.php(646): CodeIgniter\Database\BaseConnection->simpleQuery('SELECT `peminja...')
#3 C:\xampp\htdocs\perpus\system\Database\BaseBuilder.php(1649): CodeIgniter\Database\BaseConnection->query('SELECT `peminja...', Array, false)
#4 C:\xampp\htdocs\perpus\app\Controllers\peminjaman.php(19): CodeIgniter\Database\BaseBuilder->get()
#5 C:\xampp\htdocs\perpus\system\CodeIgniter.php(933): App\Controllers\Peminjaman->index()
#6 C:\xampp\htdocs\perpus\system\CodeIgniter.php(507): CodeIgniter\CodeIgniter->runController(Object(App\Controllers\Peminjaman))
#7 C:\xampp\htdocs\perpus\system\CodeIgniter.php(354): CodeIgniter\CodeIgniter->handleRequest(NULL, Object(Config\Cache), false)
#8 C:\xampp\htdocs\perpus\system\Boot.php(363): CodeIgniter\CodeIgniter->run()
#9 C:\xampp\htdocs\perpus\system\Boot.php(68): CodeIgniter\Boot::runCodeIgniter(Object(CodeIgniter\CodeIgniter))
#10 C:\xampp\htdocs\perpus\index.php(59): CodeIgniter\Boot::bootWeb(Object(Config\Paths))
#11 {main}
CRITICAL - 2026-04-24 17:48:47 --> CodeIgniter\Database\Exceptions\DatabaseException: Table 'perpus.anggota' doesn't exist
[Method: GET, Route: peminjaman]
in SYSTEMPATH\Database\BaseConnection.php on line 684.
 1 SYSTEMPATH\Database\BaseBuilder.php(1649): CodeIgniter\Database\BaseConnection->query('SELECT `peminjaman`.*, `anggota`.`nama_anggota`, `buku`.`judul`, `buku`.`cover`
FROM `peminjaman`
LEFT JOIN `anggota` ON `anggota`.`id_anggota` = `peminjaman`.`id_anggota`
LEFT JOIN `detail_peminjaman` ON `detail_peminjaman`.`id_peminjaman` = `peminjaman`.`id_peminjaman`
LEFT JOIN `buku` ON `buku`.`id_buku` = `detail_peminjaman`.`id_buku`', [], false)
 2 APPPATH\Controllers\peminjaman.php(19): CodeIgniter\Database\BaseBuilder->get()
 3 SYSTEMPATH\CodeIgniter.php(933): App\Controllers\Peminjaman->index()
 4 SYSTEMPATH\CodeIgniter.php(507): CodeIgniter\CodeIgniter->runController(Object(App\Controllers\Peminjaman))
 5 SYSTEMPATH\CodeIgniter.php(354): CodeIgniter\CodeIgniter->handleRequest(null, Object(Config\Cache), false)
 6 SYSTEMPATH\Boot.php(363): CodeIgniter\CodeIgniter->run()
 7 SYSTEMPATH\Boot.php(68): CodeIgniter\Boot::runCodeIgniter(Object(CodeIgniter\CodeIgniter))
 8 FCPATH\index.php(59): CodeIgniter\Boot::bootWeb(Object(Config\Paths))
CRITICAL - 2026-04-24 17:48:47 --> [Caused by] CodeIgniter\Database\Exceptions\DatabaseException: Table 'perpus.anggota' doesn't exist
in SYSTEMPATH\Database\MySQLi\Connection.php on line 332.
 1 SYSTEMPATH\Database\BaseConnection.php(729): CodeIgniter\Database\MySQLi\Connection->execute('SELECT `peminjaman`.*, `anggota`.`nama_anggota`, `buku`.`judul`, `buku`.`cover`
FROM `peminjaman`
LEFT JOIN `anggota` ON `anggota`.`id_anggota` = `peminjaman`.`id_anggota`
LEFT JOIN `detail_peminjaman` ON `detail_peminjaman`.`id_peminjaman` = `peminjaman`.`id_peminjaman`
LEFT JOIN `buku` ON `buku`.`id_buku` = `detail_peminjaman`.`id_buku`')
 2 SYSTEMPATH\Database\BaseConnection.php(646): CodeIgniter\Database\BaseConnection->simpleQuery('SELECT `peminjaman`.*, `anggota`.`nama_anggota`, `buku`.`judul`, `buku`.`cover`
FROM `peminjaman`
LEFT JOIN `anggota` ON `anggota`.`id_anggota` = `peminjaman`.`id_anggota`
LEFT JOIN `detail_peminjaman` ON `detail_peminjaman`.`id_peminjaman` = `peminjaman`.`id_peminjaman`
LEFT JOIN `buku` ON `buku`.`id_buku` = `detail_peminjaman`.`id_buku`')
 3 SYSTEMPATH\Database\BaseBuilder.php(1649): CodeIgniter\Database\BaseConnection->query('SELECT `peminjaman`.*, `anggota`.`nama_anggota`, `buku`.`judul`, `buku`.`cover`
FROM `peminjaman`
LEFT JOIN `anggota` ON `anggota`.`id_anggota` = `peminjaman`.`id_anggota`
LEFT JOIN `detail_peminjaman` ON `detail_peminjaman`.`id_peminjaman` = `peminjaman`.`id_peminjaman`
LEFT JOIN `buku` ON `buku`.`id_buku` = `detail_peminjaman`.`id_buku`', [], false)
 4 APPPATH\Controllers\peminjaman.php(19): CodeIgniter\Database\BaseBuilder->get()
 5 SYSTEMPATH\CodeIgniter.php(933): App\Controllers\Peminjaman->index()
 6 SYSTEMPATH\CodeIgniter.php(507): CodeIgniter\CodeIgniter->runController(Object(App\Controllers\Peminjaman))
 7 SYSTEMPATH\CodeIgniter.php(354): CodeIgniter\CodeIgniter->handleRequest(null, Object(Config\Cache), false)
 8 SYSTEMPATH\Boot.php(363): CodeIgniter\CodeIgniter->run()
 9 SYSTEMPATH\Boot.php(68): CodeIgniter\Boot::runCodeIgniter(Object(CodeIgniter\CodeIgniter))
10 FCPATH\index.php(59): CodeIgniter\Boot::bootWeb(Object(Config\Paths))
CRITICAL - 2026-04-24 17:48:47 --> [Caused by] mysqli_sql_exception: Table 'perpus.anggota' doesn't exist
in SYSTEMPATH\Database\MySQLi\Connection.php on line 327.
 1 SYSTEMPATH\Database\MySQLi\Connection.php(327): mysqli->query('SELECT `peminjaman`.*, `anggota`.`nama_anggota`, `buku`.`judul`, `buku`.`cover`
FROM `peminjaman`
LEFT JOIN `anggota` ON `anggota`.`id_anggota` = `peminjaman`.`id_anggota`
LEFT JOIN `detail_peminjaman` ON `detail_peminjaman`.`id_peminjaman` = `peminjaman`.`id_peminjaman`
LEFT JOIN `buku` ON `buku`.`id_buku` = `detail_peminjaman`.`id_buku`', 0)
 2 SYSTEMPATH\Database\BaseConnection.php(729): CodeIgniter\Database\MySQLi\Connection->execute('SELECT `peminjaman`.*, `anggota`.`nama_anggota`, `buku`.`judul`, `buku`.`cover`
FROM `peminjaman`
LEFT JOIN `anggota` ON `anggota`.`id_anggota` = `peminjaman`.`id_anggota`
LEFT JOIN `detail_peminjaman` ON `detail_peminjaman`.`id_peminjaman` = `peminjaman`.`id_peminjaman`
LEFT JOIN `buku` ON `buku`.`id_buku` = `detail_peminjaman`.`id_buku`')
 3 SYSTEMPATH\Database\BaseConnection.php(646): CodeIgniter\Database\BaseConnection->simpleQuery('SELECT `peminjaman`.*, `anggota`.`nama_anggota`, `buku`.`judul`, `buku`.`cover`
FROM `peminjaman`
LEFT JOIN `anggota` ON `anggota`.`id_anggota` = `peminjaman`.`id_anggota`
LEFT JOIN `detail_peminjaman` ON `detail_peminjaman`.`id_peminjaman` = `peminjaman`.`id_peminjaman`
LEFT JOIN `buku` ON `buku`.`id_buku` = `detail_peminjaman`.`id_buku`')
 4 SYSTEMPATH\Database\BaseBuilder.php(1649): CodeIgniter\Database\BaseConnection->query('SELECT `peminjaman`.*, `anggota`.`nama_anggota`, `buku`.`judul`, `buku`.`cover`
FROM `peminjaman`
LEFT JOIN `anggota` ON `anggota`.`id_anggota` = `peminjaman`.`id_anggota`
LEFT JOIN `detail_peminjaman` ON `detail_peminjaman`.`id_peminjaman` = `peminjaman`.`id_peminjaman`
LEFT JOIN `buku` ON `buku`.`id_buku` = `detail_peminjaman`.`id_buku`', [], false)
 5 APPPATH\Controllers\peminjaman.php(19): CodeIgniter\Database\BaseBuilder->get()
 6 SYSTEMPATH\CodeIgniter.php(933): App\Controllers\Peminjaman->index()
 7 SYSTEMPATH\CodeIgniter.php(507): CodeIgniter\CodeIgniter->runController(Object(App\Controllers\Peminjaman))
 8 SYSTEMPATH\CodeIgniter.php(354): CodeIgniter\CodeIgniter->handleRequest(null, Object(Config\Cache), false)
 9 SYSTEMPATH\Boot.php(363): CodeIgniter\CodeIgniter->run()
10 SYSTEMPATH\Boot.php(68): CodeIgniter\Boot::runCodeIgniter(Object(CodeIgniter\CodeIgniter))
11 FCPATH\index.php(59): CodeIgniter\Boot::bootWeb(Object(Config\Paths))
CRITICAL - 2026-04-24 17:57:58 --> Error: Class "App\Models\UserModel" not found
[Method: GET, Route: peminjaman]
in APPPATH\Controllers\peminjaman.php on line 19.
 1 SYSTEMPATH\CodeIgniter.php(903): App\Controllers\Peminjaman->__construct()
 2 SYSTEMPATH\CodeIgniter.php(498): CodeIgniter\CodeIgniter->createController()
 3 SYSTEMPATH\CodeIgniter.php(354): CodeIgniter\CodeIgniter->handleRequest(null, Object(Config\Cache), false)
 4 SYSTEMPATH\Boot.php(363): CodeIgniter\CodeIgniter->run()
 5 SYSTEMPATH\Boot.php(68): CodeIgniter\Boot::runCodeIgniter(Object(CodeIgniter\CodeIgniter))
 6 FCPATH\index.php(59): CodeIgniter\Boot::bootWeb(Object(Config\Paths))
DEBUG - 2026-04-24 17:57:59 --> Session: Class initialized using 'CodeIgniter\Session\Handlers\FileHandler' driver.
DEBUG - 2026-04-24 17:58:01 --> Session: Class initialized using 'CodeIgniter\Session\Handlers\FileHandler' driver.
CRITICAL - 2026-04-24 17:58:02 --> Error: Class "App\Models\UserModel" not found
[Method: GET, Route: peminjaman]
in APPPATH\Controllers\peminjaman.php on line 19.
 1 SYSTEMPATH\CodeIgniter.php(903): App\Controllers\Peminjaman->__construct()
 2 SYSTEMPATH\CodeIgniter.php(498): CodeIgniter\CodeIgniter->createController()
 3 SYSTEMPATH\CodeIgniter.php(354): CodeIgniter\CodeIgniter->handleRequest(null, Object(Config\Cache), false)
 4 SYSTEMPATH\Boot.php(363): CodeIgniter\CodeIgniter->run()
 5 SYSTEMPATH\Boot.php(68): CodeIgniter\Boot::runCodeIgniter(Object(CodeIgniter\CodeIgniter))
 6 FCPATH\index.php(59): CodeIgniter\Boot::bootWeb(Object(Config\Paths))
ERROR - 2026-04-24 17:58:55 --> mysqli_sql_exception: Unknown column 'anggota.id_user' in 'on clause' in C:\xampp\htdocs\perpus\system\Database\MySQLi\Connection.php:327
Stack trace:
#0 C:\xampp\htdocs\perpus\system\Database\MySQLi\Connection.php(327): mysqli->query('SELECT `peminja...', 0)
#1 C:\xampp\htdocs\perpus\system\Database\BaseConnection.php(729): CodeIgniter\Database\MySQLi\Connection->execute('SELECT `peminja...')
#2 C:\xampp\htdocs\perpus\system\Database\BaseConnection.php(646): CodeIgniter\Database\BaseConnection->simpleQuery('SELECT `peminja...')
#3 C:\xampp\htdocs\perpus\system\Database\BaseBuilder.php(1649): CodeIgniter\Database\BaseConnection->query('SELECT `peminja...', Array, false)
#4 C:\xampp\htdocs\perpus\system\Model.php(286): CodeIgniter\Database\BaseBuilder->get()
#5 C:\xampp\htdocs\perpus\system\BaseModel.php(677): CodeIgniter\Model->doFindAll(0, 0)
#6 C:\xampp\htdocs\perpus\app\Controllers\peminjaman.php(30): CodeIgniter\BaseModel->findAll()
#7 C:\xampp\htdocs\perpus\system\CodeIgniter.php(933): App\Controllers\Peminjaman->index()
#8 C:\xampp\htdocs\perpus\system\CodeIgniter.php(507): CodeIgniter\CodeIgniter->runController(Object(App\Controllers\Peminjaman))
#9 C:\xampp\htdocs\perpus\system\CodeIgniter.php(354): CodeIgniter\CodeIgniter->handleRequest(NULL, Object(Config\Cache), false)
#10 C:\xampp\htdocs\perpus\system\Boot.php(363): CodeIgniter\CodeIgniter->run()
#11 C:\xampp\htdocs\perpus\system\Boot.php(68): CodeIgniter\Boot::runCodeIgniter(Object(CodeIgniter\CodeIgniter))
#12 C:\xampp\htdocs\perpus\index.php(59): CodeIgniter\Boot::bootWeb(Object(Config\Paths))
#13 {main}
CRITICAL - 2026-04-24 17:58:55 --> CodeIgniter\Database\Exceptions\DatabaseException: Unknown column 'anggota.id_user' in 'on clause'
[Method: GET, Route: peminjaman]
in SYSTEMPATH\Database\BaseConnection.php on line 684.
 1 SYSTEMPATH\Database\BaseBuilder.php(1649): CodeIgniter\Database\BaseConnection->query('SELECT `peminjaman`.*, `buku`.`judul`, `anggota`.`nama` as `nama_anggota`, `petugas`.`nama` as `nama_petugas`
FROM `peminjaman`
JOIN `buku` ON `buku`.`id_buku` = `peminjaman`.`id_buku`
JOIN `users` as `anggota` ON `anggota`.`id_user` = `peminjaman`.`id_anggota`
JOIN `users` as `petugas` ON `petugas`.`id_user` = `peminjaman`.`id_petugas`', [], false)
 2 SYSTEMPATH\Model.php(286): CodeIgniter\Database\BaseBuilder->get()
 3 SYSTEMPATH\BaseModel.php(677): CodeIgniter\Model->doFindAll(0, 0)
 4 APPPATH\Controllers\peminjaman.php(30): CodeIgniter\BaseModel->findAll()
 5 SYSTEMPATH\CodeIgniter.php(933): App\Controllers\Peminjaman->index()
 6 SYSTEMPATH\CodeIgniter.php(507): CodeIgniter\CodeIgniter->runController(Object(App\Controllers\Peminjaman))
 7 SYSTEMPATH\CodeIgniter.php(354): CodeIgniter\CodeIgniter->handleRequest(null, Object(Config\Cache), false)
 8 SYSTEMPATH\Boot.php(363): CodeIgniter\CodeIgniter->run()
 9 SYSTEMPATH\Boot.php(68): CodeIgniter\Boot::runCodeIgniter(Object(CodeIgniter\CodeIgniter))
10 FCPATH\index.php(59): CodeIgniter\Boot::bootWeb(Object(Config\Paths))
CRITICAL - 2026-04-24 17:58:55 --> [Caused by] CodeIgniter\Database\Exceptions\DatabaseException: Unknown column 'anggota.id_user' in 'on clause'
in SYSTEMPATH\Database\MySQLi\Connection.php on line 332.
 1 SYSTEMPATH\Database\BaseConnection.php(729): CodeIgniter\Database\MySQLi\Connection->execute('SELECT `peminjaman`.*, `buku`.`judul`, `anggota`.`nama` as `nama_anggota`, `petugas`.`nama` as `nama_petugas`
FROM `peminjaman`
JOIN `buku` ON `buku`.`id_buku` = `peminjaman`.`id_buku`
JOIN `users` as `anggota` ON `anggota`.`id_user` = `peminjaman`.`id_anggota`
JOIN `users` as `petugas` ON `petugas`.`id_user` = `peminjaman`.`id_petugas`')
 2 SYSTEMPATH\Database\BaseConnection.php(646): CodeIgniter\Database\BaseConnection->simpleQuery('SELECT `peminjaman`.*, `buku`.`judul`, `anggota`.`nama` as `nama_anggota`, `petugas`.`nama` as `nama_petugas`
FROM `peminjaman`
JOIN `buku` ON `buku`.`id_buku` = `peminjaman`.`id_buku`
JOIN `users` as `anggota` ON `anggota`.`id_user` = `peminjaman`.`id_anggota`
JOIN `users` as `petugas` ON `petugas`.`id_user` = `peminjaman`.`id_petugas`')
 3 SYSTEMPATH\Database\BaseBuilder.php(1649): CodeIgniter\Database\BaseConnection->query('SELECT `peminjaman`.*, `buku`.`judul`, `anggota`.`nama` as `nama_anggota`, `petugas`.`nama` as `nama_petugas`
FROM `peminjaman`
JOIN `buku` ON `buku`.`id_buku` = `peminjaman`.`id_buku`
JOIN `users` as `anggota` ON `anggota`.`id_user` = `peminjaman`.`id_anggota`
JOIN `users` as `petugas` ON `petugas`.`id_user` = `peminjaman`.`id_petugas`', [], false)
 4 SYSTEMPATH\Model.php(286): CodeIgniter\Database\BaseBuilder->get()
 5 SYSTEMPATH\BaseModel.php(677): CodeIgniter\Model->doFindAll(0, 0)
 6 APPPATH\Controllers\peminjaman.php(30): CodeIgniter\BaseModel->findAll()
 7 SYSTEMPATH\CodeIgniter.php(933): App\Controllers\Peminjaman->index()
 8 SYSTEMPATH\CodeIgniter.php(507): CodeIgniter\CodeIgniter->runController(Object(App\Controllers\Peminjaman))
 9 SYSTEMPATH\CodeIgniter.php(354): CodeIgniter\CodeIgniter->handleRequest(null, Object(Config\Cache), false)
10 SYSTEMPATH\Boot.php(363): CodeIgniter\CodeIgniter->run()
11 SYSTEMPATH\Boot.php(68): CodeIgniter\Boot::runCodeIgniter(Object(CodeIgniter\CodeIgniter))
12 FCPATH\index.php(59): CodeIgniter\Boot::bootWeb(Object(Config\Paths))
CRITICAL - 2026-04-24 17:58:55 --> [Caused by] mysqli_sql_exception: Unknown column 'anggota.id_user' in 'on clause'
in SYSTEMPATH\Database\MySQLi\Connection.php on line 327.
 1 SYSTEMPATH\Database\MySQLi\Connection.php(327): mysqli->query('SELECT `peminjaman`.*, `buku`.`judul`, `anggota`.`nama` as `nama_anggota`, `petugas`.`nama` as `nama_petugas`
FROM `peminjaman`
JOIN `buku` ON `buku`.`id_buku` = `peminjaman`.`id_buku`
JOIN `users` as `anggota` ON `anggota`.`id_user` = `peminjaman`.`id_anggota`
JOIN `users` as `petugas` ON `petugas`.`id_user` = `peminjaman`.`id_petugas`', 0)
 2 SYSTEMPATH\Database\BaseConnection.php(729): CodeIgniter\Database\MySQLi\Connection->execute('SELECT `peminjaman`.*, `buku`.`judul`, `anggota`.`nama` as `nama_anggota`, `petugas`.`nama` as `nama_petugas`
FROM `peminjaman`
JOIN `buku` ON `buku`.`id_buku` = `peminjaman`.`id_buku`
JOIN `users` as `anggota` ON `anggota`.`id_user` = `peminjaman`.`id_anggota`
JOIN `users` as `petugas` ON `petugas`.`id_user` = `peminjaman`.`id_petugas`')
 3 SYSTEMPATH\Database\BaseConnection.php(646): CodeIgniter\Database\BaseConnection->simpleQuery('SELECT `peminjaman`.*, `buku`.`judul`, `anggota`.`nama` as `nama_anggota`, `petugas`.`nama` as `nama_petugas`
FROM `peminjaman`
JOIN `buku` ON `buku`.`id_buku` = `peminjaman`.`id_buku`
JOIN `users` as `anggota` ON `anggota`.`id_user` = `peminjaman`.`id_anggota`
JOIN `users` as `petugas` ON `petugas`.`id_user` = `peminjaman`.`id_petugas`')
 4 SYSTEMPATH\Database\BaseBuilder.php(1649): CodeIgniter\Database\BaseConnection->query('SELECT `peminjaman`.*, `buku`.`judul`, `anggota`.`nama` as `nama_anggota`, `petugas`.`nama` as `nama_petugas`
FROM `peminjaman`
JOIN `buku` ON `buku`.`id_buku` = `peminjaman`.`id_buku`
JOIN `users` as `anggota` ON `anggota`.`id_user` = `peminjaman`.`id_anggota`
JOIN `users` as `petugas` ON `petugas`.`id_user` = `peminjaman`.`id_petugas`', [], false)
 5 SYSTEMPATH\Model.php(286): CodeIgniter\Database\BaseBuilder->get()
 6 SYSTEMPATH\BaseModel.php(677): CodeIgniter\Model->doFindAll(0, 0)
 7 APPPATH\Controllers\peminjaman.php(30): CodeIgniter\BaseModel->findAll()
 8 SYSTEMPATH\CodeIgniter.php(933): App\Controllers\Peminjaman->index()
 9 SYSTEMPATH\CodeIgniter.php(507): CodeIgniter\CodeIgniter->runController(Object(App\Controllers\Peminjaman))
10 SYSTEMPATH\CodeIgniter.php(354): CodeIgniter\CodeIgniter->handleRequest(null, Object(Config\Cache), false)
11 SYSTEMPATH\Boot.php(363): CodeIgniter\CodeIgniter->run()
12 SYSTEMPATH\Boot.php(68): CodeIgniter\Boot::runCodeIgniter(Object(CodeIgniter\CodeIgniter))
13 FCPATH\index.php(59): CodeIgniter\Boot::bootWeb(Object(Config\Paths))
ERROR - 2026-04-24 18:00:06 --> mysqli_sql_exception: Unknown column 'anggota.id_user' in 'on clause' in C:\xampp\htdocs\perpus\system\Database\MySQLi\Connection.php:327
Stack trace:
#0 C:\xampp\htdocs\perpus\system\Database\MySQLi\Connection.php(327): mysqli->query('SELECT `peminja...', 0)
#1 C:\xampp\htdocs\perpus\system\Database\BaseConnection.php(729): CodeIgniter\Database\MySQLi\Connection->execute('SELECT `peminja...')
#2 C:\xampp\htdocs\perpus\system\Database\BaseConnection.php(646): CodeIgniter\Database\BaseConnection->simpleQuery('SELECT `peminja...')
#3 C:\xampp\htdocs\perpus\system\Database\BaseBuilder.php(1649): CodeIgniter\Database\BaseConnection->query('SELECT `peminja...', Array, false)
#4 C:\xampp\htdocs\perpus\system\Model.php(286): CodeIgniter\Database\BaseBuilder->get()
#5 C:\xampp\htdocs\perpus\system\BaseModel.php(677): CodeIgniter\Model->doFindAll(0, 0)
#6 C:\xampp\htdocs\perpus\app\Controllers\peminjaman.php(30): CodeIgniter\BaseModel->findAll()
#7 C:\xampp\htdocs\perpus\system\CodeIgniter.php(933): App\Controllers\Peminjaman->index()
#8 C:\xampp\htdocs\perpus\system\CodeIgniter.php(507): CodeIgniter\CodeIgniter->runController(Object(App\Controllers\Peminjaman))
#9 C:\xampp\htdocs\perpus\system\CodeIgniter.php(354): CodeIgniter\CodeIgniter->handleRequest(NULL, Object(Config\Cache), false)
#10 C:\xampp\htdocs\perpus\system\Boot.php(363): CodeIgniter\CodeIgniter->run()
#11 C:\xampp\htdocs\perpus\system\Boot.php(68): CodeIgniter\Boot::runCodeIgniter(Object(CodeIgniter\CodeIgniter))
#12 C:\xampp\htdocs\perpus\index.php(59): CodeIgniter\Boot::bootWeb(Object(Config\Paths))
#13 {main}
CRITICAL - 2026-04-24 18:00:06 --> CodeIgniter\Database\Exceptions\DatabaseException: Unknown column 'anggota.id_user' in 'on clause'
[Method: GET, Route: peminjaman]
in SYSTEMPATH\Database\BaseConnection.php on line 684.
 1 SYSTEMPATH\Database\BaseBuilder.php(1649): CodeIgniter\Database\BaseConnection->query('SELECT `peminjaman`.*, `buku`.`judul`, `anggota`.`nama` as `nama_anggota`, `petugas`.`nama` as `nama_petugas`
FROM `peminjaman`
JOIN `buku` ON `buku`.`id_buku` = `peminjaman`.`id_buku`
JOIN `users` as `anggota` ON `anggota`.`id_user` = `peminjaman`.`id_anggota`
JOIN `users` as `petugas` ON `petugas`.`id_user` = `peminjaman`.`id_petugas`', [], false)
 2 SYSTEMPATH\Model.php(286): CodeIgniter\Database\BaseBuilder->get()
 3 SYSTEMPATH\BaseModel.php(677): CodeIgniter\Model->doFindAll(0, 0)
 4 APPPATH\Controllers\peminjaman.php(30): CodeIgniter\BaseModel->findAll()
 5 SYSTEMPATH\CodeIgniter.php(933): App\Controllers\Peminjaman->index()
 6 SYSTEMPATH\CodeIgniter.php(507): CodeIgniter\CodeIgniter->runController(Object(App\Controllers\Peminjaman))
 7 SYSTEMPATH\CodeIgniter.php(354): CodeIgniter\CodeIgniter->handleRequest(null, Object(Config\Cache), false)
 8 SYSTEMPATH\Boot.php(363): CodeIgniter\CodeIgniter->run()
 9 SYSTEMPATH\Boot.php(68): CodeIgniter\Boot::runCodeIgniter(Object(CodeIgniter\CodeIgniter))
10 FCPATH\index.php(59): CodeIgniter\Boot::bootWeb(Object(Config\Paths))
CRITICAL - 2026-04-24 18:00:06 --> [Caused by] CodeIgniter\Database\Exceptions\DatabaseException: Unknown column 'anggota.id_user' in 'on clause'
in SYSTEMPATH\Database\MySQLi\Connection.php on line 332.
 1 SYSTEMPATH\Database\BaseConnection.php(729): CodeIgniter\Database\MySQLi\Connection->execute('SELECT `peminjaman`.*, `buku`.`judul`, `anggota`.`nama` as `nama_anggota`, `petugas`.`nama` as `nama_petugas`
FROM `peminjaman`
JOIN `buku` ON `buku`.`id_buku` = `peminjaman`.`id_buku`
JOIN `users` as `anggota` ON `anggota`.`id_user` = `peminjaman`.`id_anggota`
JOIN `users` as `petugas` ON `petugas`.`id_user` = `peminjaman`.`id_petugas`')
 2 SYSTEMPATH\Database\BaseConnection.php(646): CodeIgniter\Database\BaseConnection->simpleQuery('SELECT `peminjaman`.*, `buku`.`judul`, `anggota`.`nama` as `nama_anggota`, `petugas`.`nama` as `nama_petugas`
FROM `peminjaman`
JOIN `buku` ON `buku`.`id_buku` = `peminjaman`.`id_buku`
JOIN `users` as `anggota` ON `anggota`.`id_user` = `peminjaman`.`id_anggota`
JOIN `users` as `petugas` ON `petugas`.`id_user` = `peminjaman`.`id_petugas`')
 3 SYSTEMPATH\Database\BaseBuilder.php(1649): CodeIgniter\Database\BaseConnection->query('SELECT `peminjaman`.*, `buku`.`judul`, `anggota`.`nama` as `nama_anggota`, `petugas`.`nama` as `nama_petugas`
FROM `peminjaman`
JOIN `buku` ON `buku`.`id_buku` = `peminjaman`.`id_buku`
JOIN `users` as `anggota` ON `anggota`.`id_user` = `peminjaman`.`id_anggota`
JOIN `users` as `petugas` ON `petugas`.`id_user` = `peminjaman`.`id_petugas`', [], false)
 4 SYSTEMPATH\Model.php(286): CodeIgniter\Database\BaseBuilder->get()
 5 SYSTEMPATH\BaseModel.php(677): CodeIgniter\Model->doFindAll(0, 0)
 6 APPPATH\Controllers\peminjaman.php(30): CodeIgniter\BaseModel->findAll()
 7 SYSTEMPATH\CodeIgniter.php(933): App\Controllers\Peminjaman->index()
 8 SYSTEMPATH\CodeIgniter.php(507): CodeIgniter\CodeIgniter->runController(Object(App\Controllers\Peminjaman))
 9 SYSTEMPATH\CodeIgniter.php(354): CodeIgniter\CodeIgniter->handleRequest(null, Object(Config\Cache), false)
10 SYSTEMPATH\Boot.php(363): CodeIgniter\CodeIgniter->run()
11 SYSTEMPATH\Boot.php(68): CodeIgniter\Boot::runCodeIgniter(Object(CodeIgniter\CodeIgniter))
12 FCPATH\index.php(59): CodeIgniter\Boot::bootWeb(Object(Config\Paths))
CRITICAL - 2026-04-24 18:00:06 --> [Caused by] mysqli_sql_exception: Unknown column 'anggota.id_user' in 'on clause'
in SYSTEMPATH\Database\MySQLi\Connection.php on line 327.
 1 SYSTEMPATH\Database\MySQLi\Connection.php(327): mysqli->query('SELECT `peminjaman`.*, `buku`.`judul`, `anggota`.`nama` as `nama_anggota`, `petugas`.`nama` as `nama_petugas`
FROM `peminjaman`
JOIN `buku` ON `buku`.`id_buku` = `peminjaman`.`id_buku`
JOIN `users` as `anggota` ON `anggota`.`id_user` = `peminjaman`.`id_anggota`
JOIN `users` as `petugas` ON `petugas`.`id_user` = `peminjaman`.`id_petugas`', 0)
 2 SYSTEMPATH\Database\BaseConnection.php(729): CodeIgniter\Database\MySQLi\Connection->execute('SELECT `peminjaman`.*, `buku`.`judul`, `anggota`.`nama` as `nama_anggota`, `petugas`.`nama` as `nama_petugas`
FROM `peminjaman`
JOIN `buku` ON `buku`.`id_buku` = `peminjaman`.`id_buku`
JOIN `users` as `anggota` ON `anggota`.`id_user` = `peminjaman`.`id_anggota`
JOIN `users` as `petugas` ON `petugas`.`id_user` = `peminjaman`.`id_petugas`')
 3 SYSTEMPATH\Database\BaseConnection.php(646): CodeIgniter\Database\BaseConnection->simpleQuery('SELECT `peminjaman`.*, `buku`.`judul`, `anggota`.`nama` as `nama_anggota`, `petugas`.`nama` as `nama_petugas`
FROM `peminjaman`
JOIN `buku` ON `buku`.`id_buku` = `peminjaman`.`id_buku`
JOIN `users` as `anggota` ON `anggota`.`id_user` = `peminjaman`.`id_anggota`
JOIN `users` as `petugas` ON `petugas`.`id_user` = `peminjaman`.`id_petugas`')
 4 SYSTEMPATH\Database\BaseBuilder.php(1649): CodeIgniter\Database\BaseConnection->query('SELECT `peminjaman`.*, `buku`.`judul`, `anggota`.`nama` as `nama_anggota`, `petugas`.`nama` as `nama_petugas`
FROM `peminjaman`
JOIN `buku` ON `buku`.`id_buku` = `peminjaman`.`id_buku`
JOIN `users` as `anggota` ON `anggota`.`id_user` = `peminjaman`.`id_anggota`
JOIN `users` as `petugas` ON `petugas`.`id_user` = `peminjaman`.`id_petugas`', [], false)
 5 SYSTEMPATH\Model.php(286): CodeIgniter\Database\BaseBuilder->get()
 6 SYSTEMPATH\BaseModel.php(677): CodeIgniter\Model->doFindAll(0, 0)
 7 APPPATH\Controllers\peminjaman.php(30): CodeIgniter\BaseModel->findAll()
 8 SYSTEMPATH\CodeIgniter.php(933): App\Controllers\Peminjaman->index()
 9 SYSTEMPATH\CodeIgniter.php(507): CodeIgniter\CodeIgniter->runController(Object(App\Controllers\Peminjaman))
10 SYSTEMPATH\CodeIgniter.php(354): CodeIgniter\CodeIgniter->handleRequest(null, Object(Config\Cache), false)
11 SYSTEMPATH\Boot.php(363): CodeIgniter\CodeIgniter->run()
12 SYSTEMPATH\Boot.php(68): CodeIgniter\Boot::runCodeIgniter(Object(CodeIgniter\CodeIgniter))
13 FCPATH\index.php(59): CodeIgniter\Boot::bootWeb(Object(Config\Paths))
DEBUG - 2026-04-24 18:00:09 --> Session: Class initialized using 'CodeIgniter\Session\Handlers\FileHandler' driver.
ERROR - 2026-04-24 18:00:10 --> mysqli_sql_exception: Unknown column 'anggota.id_user' in 'on clause' in C:\xampp\htdocs\perpus\system\Database\MySQLi\Connection.php:327
Stack trace:
#0 C:\xampp\htdocs\perpus\system\Database\MySQLi\Connection.php(327): mysqli->query('SELECT `peminja...', 0)
#1 C:\xampp\htdocs\perpus\system\Database\BaseConnection.php(729): CodeIgniter\Database\MySQLi\Connection->execute('SELECT `peminja...')
#2 C:\xampp\htdocs\perpus\system\Database\BaseConnection.php(646): CodeIgniter\Database\BaseConnection->simpleQuery('SELECT `peminja...')
#3 C:\xampp\htdocs\perpus\system\Database\BaseBuilder.php(1649): CodeIgniter\Database\BaseConnection->query('SELECT `peminja...', Array, false)
#4 C:\xampp\htdocs\perpus\system\Model.php(286): CodeIgniter\Database\BaseBuilder->get()
#5 C:\xampp\htdocs\perpus\system\BaseModel.php(677): CodeIgniter\Model->doFindAll(0, 0)
#6 C:\xampp\htdocs\perpus\app\Controllers\peminjaman.php(30): CodeIgniter\BaseModel->findAll()
#7 C:\xampp\htdocs\perpus\system\CodeIgniter.php(933): App\Controllers\Peminjaman->index()
#8 C:\xampp\htdocs\perpus\system\CodeIgniter.php(507): CodeIgniter\CodeIgniter->runController(Object(App\Controllers\Peminjaman))
#9 C:\xampp\htdocs\perpus\system\CodeIgniter.php(354): CodeIgniter\CodeIgniter->handleRequest(NULL, Object(Config\Cache), false)
#10 C:\xampp\htdocs\perpus\system\Boot.php(363): CodeIgniter\CodeIgniter->run()
#11 C:\xampp\htdocs\perpus\system\Boot.php(68): CodeIgniter\Boot::runCodeIgniter(Object(CodeIgniter\CodeIgniter))
#12 C:\xampp\htdocs\perpus\index.php(59): CodeIgniter\Boot::bootWeb(Object(Config\Paths))
#13 {main}
CRITICAL - 2026-04-24 18:00:10 --> CodeIgniter\Database\Exceptions\DatabaseException: Unknown column 'anggota.id_user' in 'on clause'
[Method: GET, Route: peminjaman]
in SYSTEMPATH\Database\BaseConnection.php on line 684.
 1 SYSTEMPATH\Database\BaseBuilder.php(1649): CodeIgniter\Database\BaseConnection->query('SELECT `peminjaman`.*, `buku`.`judul`, `anggota`.`nama` as `nama_anggota`, `petugas`.`nama` as `nama_petugas`
FROM `peminjaman`
JOIN `buku` ON `buku`.`id_buku` = `peminjaman`.`id_buku`
JOIN `users` as `anggota` ON `anggota`.`id_user` = `peminjaman`.`id_anggota`
JOIN `users` as `petugas` ON `petugas`.`id_user` = `peminjaman`.`id_petugas`', [], false)
 2 SYSTEMPATH\Model.php(286): CodeIgniter\Database\BaseBuilder->get()
 3 SYSTEMPATH\BaseModel.php(677): CodeIgniter\Model->doFindAll(0, 0)
 4 APPPATH\Controllers\peminjaman.php(30): CodeIgniter\BaseModel->findAll()
 5 SYSTEMPATH\CodeIgniter.php(933): App\Controllers\Peminjaman->index()
 6 SYSTEMPATH\CodeIgniter.php(507): CodeIgniter\CodeIgniter->runController(Object(App\Controllers\Peminjaman))
 7 SYSTEMPATH\CodeIgniter.php(354): CodeIgniter\CodeIgniter->handleRequest(null, Object(Config\Cache), false)
 8 SYSTEMPATH\Boot.php(363): CodeIgniter\CodeIgniter->run()
 9 SYSTEMPATH\Boot.php(68): CodeIgniter\Boot::runCodeIgniter(Object(CodeIgniter\CodeIgniter))
10 FCPATH\index.php(59): CodeIgniter\Boot::bootWeb(Object(Config\Paths))
CRITICAL - 2026-04-24 18:00:10 --> [Caused by] CodeIgniter\Database\Exceptions\DatabaseException: Unknown column 'anggota.id_user' in 'on clause'
in SYSTEMPATH\Database\MySQLi\Connection.php on line 332.
 1 SYSTEMPATH\Database\BaseConnection.php(729): CodeIgniter\Database\MySQLi\Connection->execute('SELECT `peminjaman`.*, `buku`.`judul`, `anggota`.`nama` as `nama_anggota`, `petugas`.`nama` as `nama_petugas`
FROM `peminjaman`
JOIN `buku` ON `buku`.`id_buku` = `peminjaman`.`id_buku`
JOIN `users` as `anggota` ON `anggota`.`id_user` = `peminjaman`.`id_anggota`
JOIN `users` as `petugas` ON `petugas`.`id_user` = `peminjaman`.`id_petugas`')
 2 SYSTEMPATH\Database\BaseConnection.php(646): CodeIgniter\Database\BaseConnection->simpleQuery('SELECT `peminjaman`.*, `buku`.`judul`, `anggota`.`nama` as `nama_anggota`, `petugas`.`nama` as `nama_petugas`
FROM `peminjaman`
JOIN `buku` ON `buku`.`id_buku` = `peminjaman`.`id_buku`
JOIN `users` as `anggota` ON `anggota`.`id_user` = `peminjaman`.`id_anggota`
JOIN `users` as `petugas` ON `petugas`.`id_user` = `peminjaman`.`id_petugas`')
 3 SYSTEMPATH\Database\BaseBuilder.php(1649): CodeIgniter\Database\BaseConnection->query('SELECT `peminjaman`.*, `buku`.`judul`, `anggota`.`nama` as `nama_anggota`, `petugas`.`nama` as `nama_petugas`
FROM `peminjaman`
JOIN `buku` ON `buku`.`id_buku` = `peminjaman`.`id_buku`
JOIN `users` as `anggota` ON `anggota`.`id_user` = `peminjaman`.`id_anggota`
JOIN `users` as `petugas` ON `petugas`.`id_user` = `peminjaman`.`id_petugas`', [], false)
 4 SYSTEMPATH\Model.php(286): CodeIgniter\Database\BaseBuilder->get()
 5 SYSTEMPATH\BaseModel.php(677): CodeIgniter\Model->doFindAll(0, 0)
 6 APPPATH\Controllers\peminjaman.php(30): CodeIgniter\BaseModel->findAll()
 7 SYSTEMPATH\CodeIgniter.php(933): App\Controllers\Peminjaman->index()
 8 SYSTEMPATH\CodeIgniter.php(507): CodeIgniter\CodeIgniter->runController(Object(App\Controllers\Peminjaman))
 9 SYSTEMPATH\CodeIgniter.php(354): CodeIgniter\CodeIgniter->handleRequest(null, Object(Config\Cache), false)
10 SYSTEMPATH\Boot.php(363): CodeIgniter\CodeIgniter->run()
11 SYSTEMPATH\Boot.php(68): CodeIgniter\Boot::runCodeIgniter(Object(CodeIgniter\CodeIgniter))
12 FCPATH\index.php(59): CodeIgniter\Boot::bootWeb(Object(Config\Paths))
CRITICAL - 2026-04-24 18:00:10 --> [Caused by] mysqli_sql_exception: Unknown column 'anggota.id_user' in 'on clause'
in SYSTEMPATH\Database\MySQLi\Connection.php on line 327.
 1 SYSTEMPATH\Database\MySQLi\Connection.php(327): mysqli->query('SELECT `peminjaman`.*, `buku`.`judul`, `anggota`.`nama` as `nama_anggota`, `petugas`.`nama` as `nama_petugas`
FROM `peminjaman`
JOIN `buku` ON `buku`.`id_buku` = `peminjaman`.`id_buku`
JOIN `users` as `anggota` ON `anggota`.`id_user` = `peminjaman`.`id_anggota`
JOIN `users` as `petugas` ON `petugas`.`id_user` = `peminjaman`.`id_petugas`', 0)
 2 SYSTEMPATH\Database\BaseConnection.php(729): CodeIgniter\Database\MySQLi\Connection->execute('SELECT `peminjaman`.*, `buku`.`judul`, `anggota`.`nama` as `nama_anggota`, `petugas`.`nama` as `nama_petugas`
FROM `peminjaman`
JOIN `buku` ON `buku`.`id_buku` = `peminjaman`.`id_buku`
JOIN `users` as `anggota` ON `anggota`.`id_user` = `peminjaman`.`id_anggota`
JOIN `users` as `petugas` ON `petugas`.`id_user` = `peminjaman`.`id_petugas`')
 3 SYSTEMPATH\Database\BaseConnection.php(646): CodeIgniter\Database\BaseConnection->simpleQuery('SELECT `peminjaman`.*, `buku`.`judul`, `anggota`.`nama` as `nama_anggota`, `petugas`.`nama` as `nama_petugas`
FROM `peminjaman`
JOIN `buku` ON `buku`.`id_buku` = `peminjaman`.`id_buku`
JOIN `users` as `anggota` ON `anggota`.`id_user` = `peminjaman`.`id_anggota`
JOIN `users` as `petugas` ON `petugas`.`id_user` = `peminjaman`.`id_petugas`')
 4 SYSTEMPATH\Database\BaseBuilder.php(1649): CodeIgniter\Database\BaseConnection->query('SELECT `peminjaman`.*, `buku`.`judul`, `anggota`.`nama` as `nama_anggota`, `petugas`.`nama` as `nama_petugas`
FROM `peminjaman`
JOIN `buku` ON `buku`.`id_buku` = `peminjaman`.`id_buku`
JOIN `users` as `anggota` ON `anggota`.`id_user` = `peminjaman`.`id_anggota`
JOIN `users` as `petugas` ON `petugas`.`id_user` = `peminjaman`.`id_petugas`', [], false)
 5 SYSTEMPATH\Model.php(286): CodeIgniter\Database\BaseBuilder->get()
 6 SYSTEMPATH\BaseModel.php(677): CodeIgniter\Model->doFindAll(0, 0)
 7 APPPATH\Controllers\peminjaman.php(30): CodeIgniter\BaseModel->findAll()
 8 SYSTEMPATH\CodeIgniter.php(933): App\Controllers\Peminjaman->index()
 9 SYSTEMPATH\CodeIgniter.php(507): CodeIgniter\CodeIgniter->runController(Object(App\Controllers\Peminjaman))
10 SYSTEMPATH\CodeIgniter.php(354): CodeIgniter\CodeIgniter->handleRequest(null, Object(Config\Cache), false)
11 SYSTEMPATH\Boot.php(363): CodeIgniter\CodeIgniter->run()
12 SYSTEMPATH\Boot.php(68): CodeIgniter\Boot::runCodeIgniter(Object(CodeIgniter\CodeIgniter))
13 FCPATH\index.php(59): CodeIgniter\Boot::bootWeb(Object(Config\Paths))
ERROR - 2026-04-24 18:01:35 --> mysqli_sql_exception: Unknown column 'anggota.id_user' in 'on clause' in C:\xampp\htdocs\perpus\system\Database\MySQLi\Connection.php:327
Stack trace:
#0 C:\xampp\htdocs\perpus\system\Database\MySQLi\Connection.php(327): mysqli->query('SELECT `peminja...', 0)
#1 C:\xampp\htdocs\perpus\system\Database\BaseConnection.php(729): CodeIgniter\Database\MySQLi\Connection->execute('SELECT `peminja...')
#2 C:\xampp\htdocs\perpus\system\Database\BaseConnection.php(646): CodeIgniter\Database\BaseConnection->simpleQuery('SELECT `peminja...')
#3 C:\xampp\htdocs\perpus\system\Database\BaseBuilder.php(1649): CodeIgniter\Database\BaseConnection->query('SELECT `peminja...', Array, false)
#4 C:\xampp\htdocs\perpus\system\Model.php(286): CodeIgniter\Database\BaseBuilder->get()
#5 C:\xampp\htdocs\perpus\system\BaseModel.php(677): CodeIgniter\Model->doFindAll(0, 0)
#6 C:\xampp\htdocs\perpus\app\Controllers\peminjaman.php(30): CodeIgniter\BaseModel->findAll()
#7 C:\xampp\htdocs\perpus\system\CodeIgniter.php(933): App\Controllers\Peminjaman->index()
#8 C:\xampp\htdocs\perpus\system\CodeIgniter.php(507): CodeIgniter\CodeIgniter->runController(Object(App\Controllers\Peminjaman))
#9 C:\xampp\htdocs\perpus\system\CodeIgniter.php(354): CodeIgniter\CodeIgniter->handleRequest(NULL, Object(Config\Cache), false)
#10 C:\xampp\htdocs\perpus\system\Boot.php(363): CodeIgniter\CodeIgniter->run()
#11 C:\xampp\htdocs\perpus\system\Boot.php(68): CodeIgniter\Boot::runCodeIgniter(Object(CodeIgniter\CodeIgniter))
#12 C:\xampp\htdocs\perpus\index.php(59): CodeIgniter\Boot::bootWeb(Object(Config\Paths))
#13 {main}
CRITICAL - 2026-04-24 18:01:35 --> CodeIgniter\Database\Exceptions\DatabaseException: Unknown column 'anggota.id_user' in 'on clause'
[Method: GET, Route: peminjaman]
in SYSTEMPATH\Database\BaseConnection.php on line 684.
 1 SYSTEMPATH\Database\BaseBuilder.php(1649): CodeIgniter\Database\BaseConnection->query('SELECT `peminjaman`.*, `buku`.`judul`, `anggota`.`nama` as `nama_anggota`, `petugas`.`nama` as `nama_petugas`
FROM `peminjaman`
JOIN `buku` ON `buku`.`id_buku` = `peminjaman`.`id_buku`
JOIN `users` as `anggota` ON `anggota`.`id_user` = `peminjaman`.`id_anggota`
JOIN `users` as `petugas` ON `petugas`.`id_user` = `peminjaman`.`id_petugas`', [], false)
 2 SYSTEMPATH\Model.php(286): CodeIgniter\Database\BaseBuilder->get()
 3 SYSTEMPATH\BaseModel.php(677): CodeIgniter\Model->doFindAll(0, 0)
 4 APPPATH\Controllers\peminjaman.php(30): CodeIgniter\BaseModel->findAll()
 5 SYSTEMPATH\CodeIgniter.php(933): App\Controllers\Peminjaman->index()
 6 SYSTEMPATH\CodeIgniter.php(507): CodeIgniter\CodeIgniter->runController(Object(App\Controllers\Peminjaman))
 7 SYSTEMPATH\CodeIgniter.php(354): CodeIgniter\CodeIgniter->handleRequest(null, Object(Config\Cache), false)
 8 SYSTEMPATH\Boot.php(363): CodeIgniter\CodeIgniter->run()
 9 SYSTEMPATH\Boot.php(68): CodeIgniter\Boot::runCodeIgniter(Object(CodeIgniter\CodeIgniter))
10 FCPATH\index.php(59): CodeIgniter\Boot::bootWeb(Object(Config\Paths))
CRITICAL - 2026-04-24 18:01:35 --> [Caused by] CodeIgniter\Database\Exceptions\DatabaseException: Unknown column 'anggota.id_user' in 'on clause'
in SYSTEMPATH\Database\MySQLi\Connection.php on line 332.
 1 SYSTEMPATH\Database\BaseConnection.php(729): CodeIgniter\Database\MySQLi\Connection->execute('SELECT `peminjaman`.*, `buku`.`judul`, `anggota`.`nama` as `nama_anggota`, `petugas`.`nama` as `nama_petugas`
FROM `peminjaman`
JOIN `buku` ON `buku`.`id_buku` = `peminjaman`.`id_buku`
JOIN `users` as `anggota` ON `anggota`.`id_user` = `peminjaman`.`id_anggota`
JOIN `users` as `petugas` ON `petugas`.`id_user` = `peminjaman`.`id_petugas`')
 2 SYSTEMPATH\Database\BaseConnection.php(646): CodeIgniter\Database\BaseConnection->simpleQuery('SELECT `peminjaman`.*, `buku`.`judul`, `anggota`.`nama` as `nama_anggota`, `petugas`.`nama` as `nama_petugas`
FROM `peminjaman`
JOIN `buku` ON `buku`.`id_buku` = `peminjaman`.`id_buku`
JOIN `users` as `anggota` ON `anggota`.`id_user` = `peminjaman`.`id_anggota`
JOIN `users` as `petugas` ON `petugas`.`id_user` = `peminjaman`.`id_petugas`')
 3 SYSTEMPATH\Database\BaseBuilder.php(1649): CodeIgniter\Database\BaseConnection->query('SELECT `peminjaman`.*, `buku`.`judul`, `anggota`.`nama` as `nama_anggota`, `petugas`.`nama` as `nama_petugas`
FROM `peminjaman`
JOIN `buku` ON `buku`.`id_buku` = `peminjaman`.`id_buku`
JOIN `users` as `anggota` ON `anggota`.`id_user` = `peminjaman`.`id_anggota`
JOIN `users` as `petugas` ON `petugas`.`id_user` = `peminjaman`.`id_petugas`', [], false)
 4 SYSTEMPATH\Model.php(286): CodeIgniter\Database\BaseBuilder->get()
 5 SYSTEMPATH\BaseModel.php(677): CodeIgniter\Model->doFindAll(0, 0)
 6 APPPATH\Controllers\peminjaman.php(30): CodeIgniter\BaseModel->findAll()
 7 SYSTEMPATH\CodeIgniter.php(933): App\Controllers\Peminjaman->index()
 8 SYSTEMPATH\CodeIgniter.php(507): CodeIgniter\CodeIgniter->runController(Object(App\Controllers\Peminjaman))
 9 SYSTEMPATH\CodeIgniter.php(354): CodeIgniter\CodeIgniter->handleRequest(null, Object(Config\Cache), false)
10 SYSTEMPATH\Boot.php(363): CodeIgniter\CodeIgniter->run()
11 SYSTEMPATH\Boot.php(68): CodeIgniter\Boot::runCodeIgniter(Object(CodeIgniter\CodeIgniter))
12 FCPATH\index.php(59): CodeIgniter\Boot::bootWeb(Object(Config\Paths))
CRITICAL - 2026-04-24 18:01:35 --> [Caused by] mysqli_sql_exception: Unknown column 'anggota.id_user' in 'on clause'
in SYSTEMPATH\Database\MySQLi\Connection.php on line 327.
 1 SYSTEMPATH\Database\MySQLi\Connection.php(327): mysqli->query('SELECT `peminjaman`.*, `buku`.`judul`, `anggota`.`nama` as `nama_anggota`, `petugas`.`nama` as `nama_petugas`
FROM `peminjaman`
JOIN `buku` ON `buku`.`id_buku` = `peminjaman`.`id_buku`
JOIN `users` as `anggota` ON `anggota`.`id_user` = `peminjaman`.`id_anggota`
JOIN `users` as `petugas` ON `petugas`.`id_user` = `peminjaman`.`id_petugas`', 0)
 2 SYSTEMPATH\Database\BaseConnection.php(729): CodeIgniter\Database\MySQLi\Connection->execute('SELECT `peminjaman`.*, `buku`.`judul`, `anggota`.`nama` as `nama_anggota`, `petugas`.`nama` as `nama_petugas`
FROM `peminjaman`
JOIN `buku` ON `buku`.`id_buku` = `peminjaman`.`id_buku`
JOIN `users` as `anggota` ON `anggota`.`id_user` = `peminjaman`.`id_anggota`
JOIN `users` as `petugas` ON `petugas`.`id_user` = `peminjaman`.`id_petugas`')
 3 SYSTEMPATH\Database\BaseConnection.php(646): CodeIgniter\Database\BaseConnection->simpleQuery('SELECT `peminjaman`.*, `buku`.`judul`, `anggota`.`nama` as `nama_anggota`, `petugas`.`nama` as `nama_petugas`
FROM `peminjaman`
JOIN `buku` ON `buku`.`id_buku` = `peminjaman`.`id_buku`
JOIN `users` as `anggota` ON `anggota`.`id_user` = `peminjaman`.`id_anggota`
JOIN `users` as `petugas` ON `petugas`.`id_user` = `peminjaman`.`id_petugas`')
 4 SYSTEMPATH\Database\BaseBuilder.php(1649): CodeIgniter\Database\BaseConnection->query('SELECT `peminjaman`.*, `buku`.`judul`, `anggota`.`nama` as `nama_anggota`, `petugas`.`nama` as `nama_petugas`
FROM `peminjaman`
JOIN `buku` ON `buku`.`id_buku` = `peminjaman`.`id_buku`
JOIN `users` as `anggota` ON `anggota`.`id_user` = `peminjaman`.`id_anggota`
JOIN `users` as `petugas` ON `petugas`.`id_user` = `peminjaman`.`id_petugas`', [], false)
 5 SYSTEMPATH\Model.php(286): CodeIgniter\Database\BaseBuilder->get()
 6 SYSTEMPATH\BaseModel.php(677): CodeIgniter\Model->doFindAll(0, 0)
 7 APPPATH\Controllers\peminjaman.php(30): CodeIgniter\BaseModel->findAll()
 8 SYSTEMPATH\CodeIgniter.php(933): App\Controllers\Peminjaman->index()
 9 SYSTEMPATH\CodeIgniter.php(507): CodeIgniter\CodeIgniter->runController(Object(App\Controllers\Peminjaman))
10 SYSTEMPATH\CodeIgniter.php(354): CodeIgniter\CodeIgniter->handleRequest(null, Object(Config\Cache), false)
11 SYSTEMPATH\Boot.php(363): CodeIgniter\CodeIgniter->run()
12 SYSTEMPATH\Boot.php(68): CodeIgniter\Boot::runCodeIgniter(Object(CodeIgniter\CodeIgniter))
13 FCPATH\index.php(59): CodeIgniter\Boot::bootWeb(Object(Config\Paths))
ERROR - 2026-04-24 18:01:37 --> mysqli_sql_exception: Unknown column 'anggota.id_user' in 'on clause' in C:\xampp\htdocs\perpus\system\Database\MySQLi\Connection.php:327
Stack trace:
#0 C:\xampp\htdocs\perpus\system\Database\MySQLi\Connection.php(327): mysqli->query('SELECT `peminja...', 0)
#1 C:\xampp\htdocs\perpus\system\Database\BaseConnection.php(729): CodeIgniter\Database\MySQLi\Connection->execute('SELECT `peminja...')
#2 C:\xampp\htdocs\perpus\system\Database\BaseConnection.php(646): CodeIgniter\Database\BaseConnection->simpleQuery('SELECT `peminja...')
#3 C:\xampp\htdocs\perpus\system\Database\BaseBuilder.php(1649): CodeIgniter\Database\BaseConnection->query('SELECT `peminja...', Array, false)
#4 C:\xampp\htdocs\perpus\system\Model.php(286): CodeIgniter\Database\BaseBuilder->get()
#5 C:\xampp\htdocs\perpus\system\BaseModel.php(677): CodeIgniter\Model->doFindAll(0, 0)
#6 C:\xampp\htdocs\perpus\app\Controllers\peminjaman.php(30): CodeIgniter\BaseModel->findAll()
#7 C:\xampp\htdocs\perpus\system\CodeIgniter.php(933): App\Controllers\Peminjaman->index()
#8 C:\xampp\htdocs\perpus\system\CodeIgniter.php(507): CodeIgniter\CodeIgniter->runController(Object(App\Controllers\Peminjaman))
#9 C:\xampp\htdocs\perpus\system\CodeIgniter.php(354): CodeIgniter\CodeIgniter->handleRequest(NULL, Object(Config\Cache), false)
#10 C:\xampp\htdocs\perpus\system\Boot.php(363): CodeIgniter\CodeIgniter->run()
#11 C:\xampp\htdocs\perpus\system\Boot.php(68): CodeIgniter\Boot::runCodeIgniter(Object(CodeIgniter\CodeIgniter))
#12 C:\xampp\htdocs\perpus\index.php(59): CodeIgniter\Boot::bootWeb(Object(Config\Paths))
#13 {main}
CRITICAL - 2026-04-24 18:01:37 --> CodeIgniter\Database\Exceptions\DatabaseException: Unknown column 'anggota.id_user' in 'on clause'
[Method: GET, Route: peminjaman]
in SYSTEMPATH\Database\BaseConnection.php on line 684.
 1 SYSTEMPATH\Database\BaseBuilder.php(1649): CodeIgniter\Database\BaseConnection->query('SELECT `peminjaman`.*, `buku`.`judul`, `anggota`.`nama` as `nama_anggota`, `petugas`.`nama` as `nama_petugas`
FROM `peminjaman`
JOIN `buku` ON `buku`.`id_buku` = `peminjaman`.`id_buku`
JOIN `users` as `anggota` ON `anggota`.`id_user` = `peminjaman`.`id_anggota`
JOIN `users` as `petugas` ON `petugas`.`id_user` = `peminjaman`.`id_petugas`', [], false)
 2 SYSTEMPATH\Model.php(286): CodeIgniter\Database\BaseBuilder->get()
 3 SYSTEMPATH\BaseModel.php(677): CodeIgniter\Model->doFindAll(0, 0)
 4 APPPATH\Controllers\peminjaman.php(30): CodeIgniter\BaseModel->findAll()
 5 SYSTEMPATH\CodeIgniter.php(933): App\Controllers\Peminjaman->index()
 6 SYSTEMPATH\CodeIgniter.php(507): CodeIgniter\CodeIgniter->runController(Object(App\Controllers\Peminjaman))
 7 SYSTEMPATH\CodeIgniter.php(354): CodeIgniter\CodeIgniter->handleRequest(null, Object(Config\Cache), false)
 8 SYSTEMPATH\Boot.php(363): CodeIgniter\CodeIgniter->run()
 9 SYSTEMPATH\Boot.php(68): CodeIgniter\Boot::runCodeIgniter(Object(CodeIgniter\CodeIgniter))
10 FCPATH\index.php(59): CodeIgniter\Boot::bootWeb(Object(Config\Paths))
CRITICAL - 2026-04-24 18:01:37 --> [Caused by] CodeIgniter\Database\Exceptions\DatabaseException: Unknown column 'anggota.id_user' in 'on clause'
in SYSTEMPATH\Database\MySQLi\Connection.php on line 332.
 1 SYSTEMPATH\Database\BaseConnection.php(729): CodeIgniter\Database\MySQLi\Connection->execute('SELECT `peminjaman`.*, `buku`.`judul`, `anggota`.`nama` as `nama_anggota`, `petugas`.`nama` as `nama_petugas`
FROM `peminjaman`
JOIN `buku` ON `buku`.`id_buku` = `peminjaman`.`id_buku`
JOIN `users` as `anggota` ON `anggota`.`id_user` = `peminjaman`.`id_anggota`
JOIN `users` as `petugas` ON `petugas`.`id_user` = `peminjaman`.`id_petugas`')
 2 SYSTEMPATH\Database\BaseConnection.php(646): CodeIgniter\Database\BaseConnection->simpleQuery('SELECT `peminjaman`.*, `buku`.`judul`, `anggota`.`nama` as `nama_anggota`, `petugas`.`nama` as `nama_petugas`
FROM `peminjaman`
JOIN `buku` ON `buku`.`id_buku` = `peminjaman`.`id_buku`
JOIN `users` as `anggota` ON `anggota`.`id_user` = `peminjaman`.`id_anggota`
JOIN `users` as `petugas` ON `petugas`.`id_user` = `peminjaman`.`id_petugas`')
 3 SYSTEMPATH\Database\BaseBuilder.php(1649): CodeIgniter\Database\BaseConnection->query('SELECT `peminjaman`.*, `buku`.`judul`, `anggota`.`nama` as `nama_anggota`, `petugas`.`nama` as `nama_petugas`
FROM `peminjaman`
JOIN `buku` ON `buku`.`id_buku` = `peminjaman`.`id_buku`
JOIN `users` as `anggota` ON `anggota`.`id_user` = `peminjaman`.`id_anggota`
JOIN `users` as `petugas` ON `petugas`.`id_user` = `peminjaman`.`id_petugas`', [], false)
 4 SYSTEMPATH\Model.php(286): CodeIgniter\Database\BaseBuilder->get()
 5 SYSTEMPATH\BaseModel.php(677): CodeIgniter\Model->doFindAll(0, 0)
 6 APPPATH\Controllers\peminjaman.php(30): CodeIgniter\BaseModel->findAll()
 7 SYSTEMPATH\CodeIgniter.php(933): App\Controllers\Peminjaman->index()
 8 SYSTEMPATH\CodeIgniter.php(507): CodeIgniter\CodeIgniter->runController(Object(App\Controllers\Peminjaman))
 9 SYSTEMPATH\CodeIgniter.php(354): CodeIgniter\CodeIgniter->handleRequest(null, Object(Config\Cache), false)
10 SYSTEMPATH\Boot.php(363): CodeIgniter\CodeIgniter->run()
11 SYSTEMPATH\Boot.php(68): CodeIgniter\Boot::runCodeIgniter(Object(CodeIgniter\CodeIgniter))
12 FCPATH\index.php(59): CodeIgniter\Boot::bootWeb(Object(Config\Paths))
CRITICAL - 2026-04-24 18:01:37 --> [Caused by] mysqli_sql_exception: Unknown column 'anggota.id_user' in 'on clause'
in SYSTEMPATH\Database\MySQLi\Connection.php on line 327.
 1 SYSTEMPATH\Database\MySQLi\Connection.php(327): mysqli->query('SELECT `peminjaman`.*, `buku`.`judul`, `anggota`.`nama` as `nama_anggota`, `petugas`.`nama` as `nama_petugas`
FROM `peminjaman`
JOIN `buku` ON `buku`.`id_buku` = `peminjaman`.`id_buku`
JOIN `users` as `anggota` ON `anggota`.`id_user` = `peminjaman`.`id_anggota`
JOIN `users` as `petugas` ON `petugas`.`id_user` = `peminjaman`.`id_petugas`', 0)
 2 SYSTEMPATH\Database\BaseConnection.php(729): CodeIgniter\Database\MySQLi\Connection->execute('SELECT `peminjaman`.*, `buku`.`judul`, `anggota`.`nama` as `nama_anggota`, `petugas`.`nama` as `nama_petugas`
FROM `peminjaman`
JOIN `buku` ON `buku`.`id_buku` = `peminjaman`.`id_buku`
JOIN `users` as `anggota` ON `anggota`.`id_user` = `peminjaman`.`id_anggota`
JOIN `users` as `petugas` ON `petugas`.`id_user` = `peminjaman`.`id_petugas`')
 3 SYSTEMPATH\Database\BaseConnection.php(646): CodeIgniter\Database\BaseConnection->simpleQuery('SELECT `peminjaman`.*, `buku`.`judul`, `anggota`.`nama` as `nama_anggota`, `petugas`.`nama` as `nama_petugas`
FROM `peminjaman`
JOIN `buku` ON `buku`.`id_buku` = `peminjaman`.`id_buku`
JOIN `users` as `anggota` ON `anggota`.`id_user` = `peminjaman`.`id_anggota`
JOIN `users` as `petugas` ON `petugas`.`id_user` = `peminjaman`.`id_petugas`')
 4 SYSTEMPATH\Database\BaseBuilder.php(1649): CodeIgniter\Database\BaseConnection->query('SELECT `peminjaman`.*, `buku`.`judul`, `anggota`.`nama` as `nama_anggota`, `petugas`.`nama` as `nama_petugas`
FROM `peminjaman`
JOIN `buku` ON `buku`.`id_buku` = `peminjaman`.`id_buku`
JOIN `users` as `anggota` ON `anggota`.`id_user` = `peminjaman`.`id_anggota`
JOIN `users` as `petugas` ON `petugas`.`id_user` = `peminjaman`.`id_petugas`', [], false)
 5 SYSTEMPATH\Model.php(286): CodeIgniter\Database\BaseBuilder->get()
 6 SYSTEMPATH\BaseModel.php(677): CodeIgniter\Model->doFindAll(0, 0)
 7 APPPATH\Controllers\peminjaman.php(30): CodeIgniter\BaseModel->findAll()
 8 SYSTEMPATH\CodeIgniter.php(933): App\Controllers\Peminjaman->index()
 9 SYSTEMPATH\CodeIgniter.php(507): CodeIgniter\CodeIgniter->runController(Object(App\Controllers\Peminjaman))
10 SYSTEMPATH\CodeIgniter.php(354): CodeIgniter\CodeIgniter->handleRequest(null, Object(Config\Cache), false)
11 SYSTEMPATH\Boot.php(363): CodeIgniter\CodeIgniter->run()
12 SYSTEMPATH\Boot.php(68): CodeIgniter\Boot::runCodeIgniter(Object(CodeIgniter\CodeIgniter))
13 FCPATH\index.php(59): CodeIgniter\Boot::bootWeb(Object(Config\Paths))
ERROR - 2026-04-24 18:01:38 --> mysqli_sql_exception: Unknown column 'anggota.id_user' in 'on clause' in C:\xampp\htdocs\perpus\system\Database\MySQLi\Connection.php:327
Stack trace:
#0 C:\xampp\htdocs\perpus\system\Database\MySQLi\Connection.php(327): mysqli->query('SELECT `peminja...', 0)
#1 C:\xampp\htdocs\perpus\system\Database\BaseConnection.php(729): CodeIgniter\Database\MySQLi\Connection->execute('SELECT `peminja...')
#2 C:\xampp\htdocs\perpus\system\Database\BaseConnection.php(646): CodeIgniter\Database\BaseConnection->simpleQuery('SELECT `peminja...')
#3 C:\xampp\htdocs\perpus\system\Database\BaseBuilder.php(1649): CodeIgniter\Database\BaseConnection->query('SELECT `peminja...', Array, false)
#4 C:\xampp\htdocs\perpus\system\Model.php(286): CodeIgniter\Database\BaseBuilder->get()
#5 C:\xampp\htdocs\perpus\system\BaseModel.php(677): CodeIgniter\Model->doFindAll(0, 0)
#6 C:\xampp\htdocs\perpus\app\Controllers\peminjaman.php(30): CodeIgniter\BaseModel->findAll()
#7 C:\xampp\htdocs\perpus\system\CodeIgniter.php(933): App\Controllers\Peminjaman->index()
#8 C:\xampp\htdocs\perpus\system\CodeIgniter.php(507): CodeIgniter\CodeIgniter->runController(Object(App\Controllers\Peminjaman))
#9 C:\xampp\htdocs\perpus\system\CodeIgniter.php(354): CodeIgniter\CodeIgniter->handleRequest(NULL, Object(Config\Cache), false)
#10 C:\xampp\htdocs\perpus\system\Boot.php(363): CodeIgniter\CodeIgniter->run()
#11 C:\xampp\htdocs\perpus\system\Boot.php(68): CodeIgniter\Boot::runCodeIgniter(Object(CodeIgniter\CodeIgniter))
#12 C:\xampp\htdocs\perpus\index.php(59): CodeIgniter\Boot::bootWeb(Object(Config\Paths))
#13 {main}
CRITICAL - 2026-04-24 18:01:38 --> CodeIgniter\Database\Exceptions\DatabaseException: Unknown column 'anggota.id_user' in 'on clause'
[Method: GET, Route: peminjaman]
in SYSTEMPATH\Database\BaseConnection.php on line 684.
 1 SYSTEMPATH\Database\BaseBuilder.php(1649): CodeIgniter\Database\BaseConnection->query('SELECT `peminjaman`.*, `buku`.`judul`, `anggota`.`nama` as `nama_anggota`, `petugas`.`nama` as `nama_petugas`
FROM `peminjaman`
JOIN `buku` ON `buku`.`id_buku` = `peminjaman`.`id_buku`
JOIN `users` as `anggota` ON `anggota`.`id_user` = `peminjaman`.`id_anggota`
JOIN `users` as `petugas` ON `petugas`.`id_user` = `peminjaman`.`id_petugas`', [], false)
 2 SYSTEMPATH\Model.php(286): CodeIgniter\Database\BaseBuilder->get()
 3 SYSTEMPATH\BaseModel.php(677): CodeIgniter\Model->doFindAll(0, 0)
 4 APPPATH\Controllers\peminjaman.php(30): CodeIgniter\BaseModel->findAll()
 5 SYSTEMPATH\CodeIgniter.php(933): App\Controllers\Peminjaman->index()
 6 SYSTEMPATH\CodeIgniter.php(507): CodeIgniter\CodeIgniter->runController(Object(App\Controllers\Peminjaman))
 7 SYSTEMPATH\CodeIgniter.php(354): CodeIgniter\CodeIgniter->handleRequest(null, Object(Config\Cache), false)
 8 SYSTEMPATH\Boot.php(363): CodeIgniter\CodeIgniter->run()
 9 SYSTEMPATH\Boot.php(68): CodeIgniter\Boot::runCodeIgniter(Object(CodeIgniter\CodeIgniter))
10 FCPATH\index.php(59): CodeIgniter\Boot::bootWeb(Object(Config\Paths))
CRITICAL - 2026-04-24 18:01:38 --> [Caused by] CodeIgniter\Database\Exceptions\DatabaseException: Unknown column 'anggota.id_user' in 'on clause'
in SYSTEMPATH\Database\MySQLi\Connection.php on line 332.
 1 SYSTEMPATH\Database\BaseConnection.php(729): CodeIgniter\Database\MySQLi\Connection->execute('SELECT `peminjaman`.*, `buku`.`judul`, `anggota`.`nama` as `nama_anggota`, `petugas`.`nama` as `nama_petugas`
FROM `peminjaman`
JOIN `buku` ON `buku`.`id_buku` = `peminjaman`.`id_buku`
JOIN `users` as `anggota` ON `anggota`.`id_user` = `peminjaman`.`id_anggota`
JOIN `users` as `petugas` ON `petugas`.`id_user` = `peminjaman`.`id_petugas`')
 2 SYSTEMPATH\Database\BaseConnection.php(646): CodeIgniter\Database\BaseConnection->simpleQuery('SELECT `peminjaman`.*, `buku`.`judul`, `anggota`.`nama` as `nama_anggota`, `petugas`.`nama` as `nama_petugas`
FROM `peminjaman`
JOIN `buku` ON `buku`.`id_buku` = `peminjaman`.`id_buku`
JOIN `users` as `anggota` ON `anggota`.`id_user` = `peminjaman`.`id_anggota`
JOIN `users` as `petugas` ON `petugas`.`id_user` = `peminjaman`.`id_petugas`')
 3 SYSTEMPATH\Database\BaseBuilder.php(1649): CodeIgniter\Database\BaseConnection->query('SELECT `peminjaman`.*, `buku`.`judul`, `anggota`.`nama` as `nama_anggota`, `petugas`.`nama` as `nama_petugas`
FROM `peminjaman`
JOIN `buku` ON `buku`.`id_buku` = `peminjaman`.`id_buku`
JOIN `users` as `anggota` ON `anggota`.`id_user` = `peminjaman`.`id_anggota`
JOIN `users` as `petugas` ON `petugas`.`id_user` = `peminjaman`.`id_petugas`', [], false)
 4 SYSTEMPATH\Model.php(286): CodeIgniter\Database\BaseBuilder->get()
 5 SYSTEMPATH\BaseModel.php(677): CodeIgniter\Model->doFindAll(0, 0)
 6 APPPATH\Controllers\peminjaman.php(30): CodeIgniter\BaseModel->findAll()
 7 SYSTEMPATH\CodeIgniter.php(933): App\Controllers\Peminjaman->index()
 8 SYSTEMPATH\CodeIgniter.php(507): CodeIgniter\CodeIgniter->runController(Object(App\Controllers\Peminjaman))
 9 SYSTEMPATH\CodeIgniter.php(354): CodeIgniter\CodeIgniter->handleRequest(null, Object(Config\Cache), false)
10 SYSTEMPATH\Boot.php(363): CodeIgniter\CodeIgniter->run()
11 SYSTEMPATH\Boot.php(68): CodeIgniter\Boot::runCodeIgniter(Object(CodeIgniter\CodeIgniter))
12 FCPATH\index.php(59): CodeIgniter\Boot::bootWeb(Object(Config\Paths))
CRITICAL - 2026-04-24 18:01:38 --> [Caused by] mysqli_sql_exception: Unknown column 'anggota.id_user' in 'on clause'
in SYSTEMPATH\Database\MySQLi\Connection.php on line 327.
 1 SYSTEMPATH\Database\MySQLi\Connection.php(327): mysqli->query('SELECT `peminjaman`.*, `buku`.`judul`, `anggota`.`nama` as `nama_anggota`, `petugas`.`nama` as `nama_petugas`
FROM `peminjaman`
JOIN `buku` ON `buku`.`id_buku` = `peminjaman`.`id_buku`
JOIN `users` as `anggota` ON `anggota`.`id_user` = `peminjaman`.`id_anggota`
JOIN `users` as `petugas` ON `petugas`.`id_user` = `peminjaman`.`id_petugas`', 0)
 2 SYSTEMPATH\Database\BaseConnection.php(729): CodeIgniter\Database\MySQLi\Connection->execute('SELECT `peminjaman`.*, `buku`.`judul`, `anggota`.`nama` as `nama_anggota`, `petugas`.`nama` as `nama_petugas`
FROM `peminjaman`
JOIN `buku` ON `buku`.`id_buku` = `peminjaman`.`id_buku`
JOIN `users` as `anggota` ON `anggota`.`id_user` = `peminjaman`.`id_anggota`
JOIN `users` as `petugas` ON `petugas`.`id_user` = `peminjaman`.`id_petugas`')
 3 SYSTEMPATH\Database\BaseConnection.php(646): CodeIgniter\Database\BaseConnection->simpleQuery('SELECT `peminjaman`.*, `buku`.`judul`, `anggota`.`nama` as `nama_anggota`, `petugas`.`nama` as `nama_petugas`
FROM `peminjaman`
JOIN `buku` ON `buku`.`id_buku` = `peminjaman`.`id_buku`
JOIN `users` as `anggota` ON `anggota`.`id_user` = `peminjaman`.`id_anggota`
JOIN `users` as `petugas` ON `petugas`.`id_user` = `peminjaman`.`id_petugas`')
 4 SYSTEMPATH\Database\BaseBuilder.php(1649): CodeIgniter\Database\BaseConnection->query('SELECT `peminjaman`.*, `buku`.`judul`, `anggota`.`nama` as `nama_anggota`, `petugas`.`nama` as `nama_petugas`
FROM `peminjaman`
JOIN `buku` ON `buku`.`id_buku` = `peminjaman`.`id_buku`
JOIN `users` as `anggota` ON `anggota`.`id_user` = `peminjaman`.`id_anggota`
JOIN `users` as `petugas` ON `petugas`.`id_user` = `peminjaman`.`id_petugas`', [], false)
 5 SYSTEMPATH\Model.php(286): CodeIgniter\Database\BaseBuilder->get()
 6 SYSTEMPATH\BaseModel.php(677): CodeIgniter\Model->doFindAll(0, 0)
 7 APPPATH\Controllers\peminjaman.php(30): CodeIgniter\BaseModel->findAll()
 8 SYSTEMPATH\CodeIgniter.php(933): App\Controllers\Peminjaman->index()
 9 SYSTEMPATH\CodeIgniter.php(507): CodeIgniter\CodeIgniter->runController(Object(App\Controllers\Peminjaman))
10 SYSTEMPATH\CodeIgniter.php(354): CodeIgniter\CodeIgniter->handleRequest(null, Object(Config\Cache), false)
11 SYSTEMPATH\Boot.php(363): CodeIgniter\CodeIgniter->run()
12 SYSTEMPATH\Boot.php(68): CodeIgniter\Boot::runCodeIgniter(Object(CodeIgniter\CodeIgniter))
13 FCPATH\index.php(59): CodeIgniter\Boot::bootWeb(Object(Config\Paths))
ERROR - 2026-04-24 18:02:48 --> mysqli_sql_exception: Unknown column 'anggota.id_user' in 'on clause' in C:\xampp\htdocs\perpus\system\Database\MySQLi\Connection.php:327
Stack trace:
#0 C:\xampp\htdocs\perpus\system\Database\MySQLi\Connection.php(327): mysqli->query('SELECT `peminja...', 0)
#1 C:\xampp\htdocs\perpus\system\Database\BaseConnection.php(729): CodeIgniter\Database\MySQLi\Connection->execute('SELECT `peminja...')
#2 C:\xampp\htdocs\perpus\system\Database\BaseConnection.php(646): CodeIgniter\Database\BaseConnection->simpleQuery('SELECT `peminja...')
#3 C:\xampp\htdocs\perpus\system\Database\BaseBuilder.php(1649): CodeIgniter\Database\BaseConnection->query('SELECT `peminja...', Array, false)
#4 C:\xampp\htdocs\perpus\system\Model.php(286): CodeIgniter\Database\BaseBuilder->get()
#5 C:\xampp\htdocs\perpus\system\BaseModel.php(677): CodeIgniter\Model->doFindAll(0, 0)
#6 C:\xampp\htdocs\perpus\app\Controllers\peminjaman.php(30): CodeIgniter\BaseModel->findAll()
#7 C:\xampp\htdocs\perpus\system\CodeIgniter.php(933): App\Controllers\Peminjaman->index()
#8 C:\xampp\htdocs\perpus\system\CodeIgniter.php(507): CodeIgniter\CodeIgniter->runController(Object(App\Controllers\Peminjaman))
#9 C:\xampp\htdocs\perpus\system\CodeIgniter.php(354): CodeIgniter\CodeIgniter->handleRequest(NULL, Object(Config\Cache), false)
#10 C:\xampp\htdocs\perpus\system\Boot.php(363): CodeIgniter\CodeIgniter->run()
#11 C:\xampp\htdocs\perpus\system\Boot.php(68): CodeIgniter\Boot::runCodeIgniter(Object(CodeIgniter\CodeIgniter))
#12 C:\xampp\htdocs\perpus\index.php(59): CodeIgniter\Boot::bootWeb(Object(Config\Paths))
#13 {main}
CRITICAL - 2026-04-24 18:02:48 --> CodeIgniter\Database\Exceptions\DatabaseException: Unknown column 'anggota.id_user' in 'on clause'
[Method: GET, Route: peminjaman]
in SYSTEMPATH\Database\BaseConnection.php on line 684.
 1 SYSTEMPATH\Database\BaseBuilder.php(1649): CodeIgniter\Database\BaseConnection->query('SELECT `peminjaman`.*, `buku`.`judul`, `anggota`.`nama` as `nama_anggota`, `petugas`.`nama` as `nama_petugas`
FROM `peminjaman`
JOIN `buku` ON `buku`.`id_buku` = `peminjaman`.`id_buku`
JOIN `users` as `anggota` ON `anggota`.`id_user` = `peminjaman`.`id_anggota`
JOIN `users` as `petugas` ON `petugas`.`id_user` = `peminjaman`.`id_petugas`', [], false)
 2 SYSTEMPATH\Model.php(286): CodeIgniter\Database\BaseBuilder->get()
 3 SYSTEMPATH\BaseModel.php(677): CodeIgniter\Model->doFindAll(0, 0)
 4 APPPATH\Controllers\peminjaman.php(30): CodeIgniter\BaseModel->findAll()
 5 SYSTEMPATH\CodeIgniter.php(933): App\Controllers\Peminjaman->index()
 6 SYSTEMPATH\CodeIgniter.php(507): CodeIgniter\CodeIgniter->runController(Object(App\Controllers\Peminjaman))
 7 SYSTEMPATH\CodeIgniter.php(354): CodeIgniter\CodeIgniter->handleRequest(null, Object(Config\Cache), false)
 8 SYSTEMPATH\Boot.php(363): CodeIgniter\CodeIgniter->run()
 9 SYSTEMPATH\Boot.php(68): CodeIgniter\Boot::runCodeIgniter(Object(CodeIgniter\CodeIgniter))
10 FCPATH\index.php(59): CodeIgniter\Boot::bootWeb(Object(Config\Paths))
CRITICAL - 2026-04-24 18:02:48 --> [Caused by] CodeIgniter\Database\Exceptions\DatabaseException: Unknown column 'anggota.id_user' in 'on clause'
in SYSTEMPATH\Database\MySQLi\Connection.php on line 332.
 1 SYSTEMPATH\Database\BaseConnection.php(729): CodeIgniter\Database\MySQLi\Connection->execute('SELECT `peminjaman`.*, `buku`.`judul`, `anggota`.`nama` as `nama_anggota`, `petugas`.`nama` as `nama_petugas`
FROM `peminjaman`
JOIN `buku` ON `buku`.`id_buku` = `peminjaman`.`id_buku`
JOIN `users` as `anggota` ON `anggota`.`id_user` = `peminjaman`.`id_anggota`
JOIN `users` as `petugas` ON `petugas`.`id_user` = `peminjaman`.`id_petugas`')
 2 SYSTEMPATH\Database\BaseConnection.php(646): CodeIgniter\Database\BaseConnection->simpleQuery('SELECT `peminjaman`.*, `buku`.`judul`, `anggota`.`nama` as `nama_anggota`, `petugas`.`nama` as `nama_petugas`
FROM `peminjaman`
JOIN `buku` ON `buku`.`id_buku` = `peminjaman`.`id_buku`
JOIN `users` as `anggota` ON `anggota`.`id_user` = `peminjaman`.`id_anggota`
JOIN `users` as `petugas` ON `petugas`.`id_user` = `peminjaman`.`id_petugas`')
 3 SYSTEMPATH\Database\BaseBuilder.php(1649): CodeIgniter\Database\BaseConnection->query('SELECT `peminjaman`.*, `buku`.`judul`, `anggota`.`nama` as `nama_anggota`, `petugas`.`nama` as `nama_petugas`
FROM `peminjaman`
JOIN `buku` ON `buku`.`id_buku` = `peminjaman`.`id_buku`
JOIN `users` as `anggota` ON `anggota`.`id_user` = `peminjaman`.`id_anggota`
JOIN `users` as `petugas` ON `petugas`.`id_user` = `peminjaman`.`id_petugas`', [], false)
 4 SYSTEMPATH\Model.php(286): CodeIgniter\Database\BaseBuilder->get()
 5 SYSTEMPATH\BaseModel.php(677): CodeIgniter\Model->doFindAll(0, 0)
 6 APPPATH\Controllers\peminjaman.php(30): CodeIgniter\BaseModel->findAll()
 7 SYSTEMPATH\CodeIgniter.php(933): App\Controllers\Peminjaman->index()
 8 SYSTEMPATH\CodeIgniter.php(507): CodeIgniter\CodeIgniter->runController(Object(App\Controllers\Peminjaman))
 9 SYSTEMPATH\CodeIgniter.php(354): CodeIgniter\CodeIgniter->handleRequest(null, Object(Config\Cache), false)
10 SYSTEMPATH\Boot.php(363): CodeIgniter\CodeIgniter->run()
11 SYSTEMPATH\Boot.php(68): CodeIgniter\Boot::runCodeIgniter(Object(CodeIgniter\CodeIgniter))
12 FCPATH\index.php(59): CodeIgniter\Boot::bootWeb(Object(Config\Paths))
CRITICAL - 2026-04-24 18:02:48 --> [Caused by] mysqli_sql_exception: Unknown column 'anggota.id_user' in 'on clause'
in SYSTEMPATH\Database\MySQLi\Connection.php on line 327.
 1 SYSTEMPATH\Database\MySQLi\Connection.php(327): mysqli->query('SELECT `peminjaman`.*, `buku`.`judul`, `anggota`.`nama` as `nama_anggota`, `petugas`.`nama` as `nama_petugas`
FROM `peminjaman`
JOIN `buku` ON `buku`.`id_buku` = `peminjaman`.`id_buku`
JOIN `users` as `anggota` ON `anggota`.`id_user` = `peminjaman`.`id_anggota`
JOIN `users` as `petugas` ON `petugas`.`id_user` = `peminjaman`.`id_petugas`', 0)
 2 SYSTEMPATH\Database\BaseConnection.php(729): CodeIgniter\Database\MySQLi\Connection->execute('SELECT `peminjaman`.*, `buku`.`judul`, `anggota`.`nama` as `nama_anggota`, `petugas`.`nama` as `nama_petugas`
FROM `peminjaman`
JOIN `buku` ON `buku`.`id_buku` = `peminjaman`.`id_buku`
JOIN `users` as `anggota` ON `anggota`.`id_user` = `peminjaman`.`id_anggota`
JOIN `users` as `petugas` ON `petugas`.`id_user` = `peminjaman`.`id_petugas`')
 3 SYSTEMPATH\Database\BaseConnection.php(646): CodeIgniter\Database\BaseConnection->simpleQuery('SELECT `peminjaman`.*, `buku`.`judul`, `anggota`.`nama` as `nama_anggota`, `petugas`.`nama` as `nama_petugas`
FROM `peminjaman`
JOIN `buku` ON `buku`.`id_buku` = `peminjaman`.`id_buku`
JOIN `users` as `anggota` ON `anggota`.`id_user` = `peminjaman`.`id_anggota`
JOIN `users` as `petugas` ON `petugas`.`id_user` = `peminjaman`.`id_petugas`')
 4 SYSTEMPATH\Database\BaseBuilder.php(1649): CodeIgniter\Database\BaseConnection->query('SELECT `peminjaman`.*, `buku`.`judul`, `anggota`.`nama` as `nama_anggota`, `petugas`.`nama` as `nama_petugas`
FROM `peminjaman`
JOIN `buku` ON `buku`.`id_buku` = `peminjaman`.`id_buku`
JOIN `users` as `anggota` ON `anggota`.`id_user` = `peminjaman`.`id_anggota`
JOIN `users` as `petugas` ON `petugas`.`id_user` = `peminjaman`.`id_petugas`', [], false)
 5 SYSTEMPATH\Model.php(286): CodeIgniter\Database\BaseBuilder->get()
 6 SYSTEMPATH\BaseModel.php(677): CodeIgniter\Model->doFindAll(0, 0)
 7 APPPATH\Controllers\peminjaman.php(30): CodeIgniter\BaseModel->findAll()
 8 SYSTEMPATH\CodeIgniter.php(933): App\Controllers\Peminjaman->index()
 9 SYSTEMPATH\CodeIgniter.php(507): CodeIgniter\CodeIgniter->runController(Object(App\Controllers\Peminjaman))
10 SYSTEMPATH\CodeIgniter.php(354): CodeIgniter\CodeIgniter->handleRequest(null, Object(Config\Cache), false)
11 SYSTEMPATH\Boot.php(363): CodeIgniter\CodeIgniter->run()
12 SYSTEMPATH\Boot.php(68): CodeIgniter\Boot::runCodeIgniter(Object(CodeIgniter\CodeIgniter))
13 FCPATH\index.php(59): CodeIgniter\Boot::bootWeb(Object(Config\Paths))
ERROR - 2026-04-24 18:02:49 --> mysqli_sql_exception: Unknown column 'anggota.id_user' in 'on clause' in C:\xampp\htdocs\perpus\system\Database\MySQLi\Connection.php:327
Stack trace:
#0 C:\xampp\htdocs\perpus\system\Database\MySQLi\Connection.php(327): mysqli->query('SELECT `peminja...', 0)
#1 C:\xampp\htdocs\perpus\system\Database\BaseConnection.php(729): CodeIgniter\Database\MySQLi\Connection->execute('SELECT `peminja...')
#2 C:\xampp\htdocs\perpus\system\Database\BaseConnection.php(646): CodeIgniter\Database\BaseConnection->simpleQuery('SELECT `peminja...')
#3 C:\xampp\htdocs\perpus\system\Database\BaseBuilder.php(1649): CodeIgniter\Database\BaseConnection->query('SELECT `peminja...', Array, false)
#4 C:\xampp\htdocs\perpus\system\Model.php(286): CodeIgniter\Database\BaseBuilder->get()
#5 C:\xampp\htdocs\perpus\system\BaseModel.php(677): CodeIgniter\Model->doFindAll(0, 0)
#6 C:\xampp\htdocs\perpus\app\Controllers\peminjaman.php(30): CodeIgniter\BaseModel->findAll()
#7 C:\xampp\htdocs\perpus\system\CodeIgniter.php(933): App\Controllers\Peminjaman->index()
#8 C:\xampp\htdocs\perpus\system\CodeIgniter.php(507): CodeIgniter\CodeIgniter->runController(Object(App\Controllers\Peminjaman))
#9 C:\xampp\htdocs\perpus\system\CodeIgniter.php(354): CodeIgniter\CodeIgniter->handleRequest(NULL, Object(Config\Cache), false)
#10 C:\xampp\htdocs\perpus\system\Boot.php(363): CodeIgniter\CodeIgniter->run()
#11 C:\xampp\htdocs\perpus\system\Boot.php(68): CodeIgniter\Boot::runCodeIgniter(Object(CodeIgniter\CodeIgniter))
#12 C:\xampp\htdocs\perpus\index.php(59): CodeIgniter\Boot::bootWeb(Object(Config\Paths))
#13 {main}
CRITICAL - 2026-04-24 18:02:49 --> CodeIgniter\Database\Exceptions\DatabaseException: Unknown column 'anggota.id_user' in 'on clause'
[Method: GET, Route: peminjaman]
in SYSTEMPATH\Database\BaseConnection.php on line 684.
 1 SYSTEMPATH\Database\BaseBuilder.php(1649): CodeIgniter\Database\BaseConnection->query('SELECT `peminjaman`.*, `buku`.`judul`, `anggota`.`nama` as `nama_anggota`, `petugas`.`nama` as `nama_petugas`
FROM `peminjaman`
JOIN `buku` ON `buku`.`id_buku` = `peminjaman`.`id_buku`
JOIN `users` as `anggota` ON `anggota`.`id_user` = `peminjaman`.`id_anggota`
JOIN `users` as `petugas` ON `petugas`.`id_user` = `peminjaman`.`id_petugas`', [], false)
 2 SYSTEMPATH\Model.php(286): CodeIgniter\Database\BaseBuilder->get()
 3 SYSTEMPATH\BaseModel.php(677): CodeIgniter\Model->doFindAll(0, 0)
 4 APPPATH\Controllers\peminjaman.php(30): CodeIgniter\BaseModel->findAll()
 5 SYSTEMPATH\CodeIgniter.php(933): App\Controllers\Peminjaman->index()
 6 SYSTEMPATH\CodeIgniter.php(507): CodeIgniter\CodeIgniter->runController(Object(App\Controllers\Peminjaman))
 7 SYSTEMPATH\CodeIgniter.php(354): CodeIgniter\CodeIgniter->handleRequest(null, Object(Config\Cache), false)
 8 SYSTEMPATH\Boot.php(363): CodeIgniter\CodeIgniter->run()
 9 SYSTEMPATH\Boot.php(68): CodeIgniter\Boot::runCodeIgniter(Object(CodeIgniter\CodeIgniter))
10 FCPATH\index.php(59): CodeIgniter\Boot::bootWeb(Object(Config\Paths))
CRITICAL - 2026-04-24 18:02:49 --> [Caused by] CodeIgniter\Database\Exceptions\DatabaseException: Unknown column 'anggota.id_user' in 'on clause'
in SYSTEMPATH\Database\MySQLi\Connection.php on line 332.
 1 SYSTEMPATH\Database\BaseConnection.php(729): CodeIgniter\Database\MySQLi\Connection->execute('SELECT `peminjaman`.*, `buku`.`judul`, `anggota`.`nama` as `nama_anggota`, `petugas`.`nama` as `nama_petugas`
FROM `peminjaman`
JOIN `buku` ON `buku`.`id_buku` = `peminjaman`.`id_buku`
JOIN `users` as `anggota` ON `anggota`.`id_user` = `peminjaman`.`id_anggota`
JOIN `users` as `petugas` ON `petugas`.`id_user` = `peminjaman`.`id_petugas`')
 2 SYSTEMPATH\Database\BaseConnection.php(646): CodeIgniter\Database\BaseConnection->simpleQuery('SELECT `peminjaman`.*, `buku`.`judul`, `anggota`.`nama` as `nama_anggota`, `petugas`.`nama` as `nama_petugas`
FROM `peminjaman`
JOIN `buku` ON `buku`.`id_buku` = `peminjaman`.`id_buku`
JOIN `users` as `anggota` ON `anggota`.`id_user` = `peminjaman`.`id_anggota`
JOIN `users` as `petugas` ON `petugas`.`id_user` = `peminjaman`.`id_petugas`')
 3 SYSTEMPATH\Database\BaseBuilder.php(1649): CodeIgniter\Database\BaseConnection->query('SELECT `peminjaman`.*, `buku`.`judul`, `anggota`.`nama` as `nama_anggota`, `petugas`.`nama` as `nama_petugas`
FROM `peminjaman`
JOIN `buku` ON `buku`.`id_buku` = `peminjaman`.`id_buku`
JOIN `users` as `anggota` ON `anggota`.`id_user` = `peminjaman`.`id_anggota`
JOIN `users` as `petugas` ON `petugas`.`id_user` = `peminjaman`.`id_petugas`', [], false)
 4 SYSTEMPATH\Model.php(286): CodeIgniter\Database\BaseBuilder->get()
 5 SYSTEMPATH\BaseModel.php(677): CodeIgniter\Model->doFindAll(0, 0)
 6 APPPATH\Controllers\peminjaman.php(30): CodeIgniter\BaseModel->findAll()
 7 SYSTEMPATH\CodeIgniter.php(933): App\Controllers\Peminjaman->index()
 8 SYSTEMPATH\CodeIgniter.php(507): CodeIgniter\CodeIgniter->runController(Object(App\Controllers\Peminjaman))
 9 SYSTEMPATH\CodeIgniter.php(354): CodeIgniter\CodeIgniter->handleRequest(null, Object(Config\Cache), false)
10 SYSTEMPATH\Boot.php(363): CodeIgniter\CodeIgniter->run()
11 SYSTEMPATH\Boot.php(68): CodeIgniter\Boot::runCodeIgniter(Object(CodeIgniter\CodeIgniter))
12 FCPATH\index.php(59): CodeIgniter\Boot::bootWeb(Object(Config\Paths))
CRITICAL - 2026-04-24 18:02:49 --> [Caused by] mysqli_sql_exception: Unknown column 'anggota.id_user' in 'on clause'
in SYSTEMPATH\Database\MySQLi\Connection.php on line 327.
 1 SYSTEMPATH\Database\MySQLi\Connection.php(327): mysqli->query('SELECT `peminjaman`.*, `buku`.`judul`, `anggota`.`nama` as `nama_anggota`, `petugas`.`nama` as `nama_petugas`
FROM `peminjaman`
JOIN `buku` ON `buku`.`id_buku` = `peminjaman`.`id_buku`
JOIN `users` as `anggota` ON `anggota`.`id_user` = `peminjaman`.`id_anggota`
JOIN `users` as `petugas` ON `petugas`.`id_user` = `peminjaman`.`id_petugas`', 0)
 2 SYSTEMPATH\Database\BaseConnection.php(729): CodeIgniter\Database\MySQLi\Connection->execute('SELECT `peminjaman`.*, `buku`.`judul`, `anggota`.`nama` as `nama_anggota`, `petugas`.`nama` as `nama_petugas`
FROM `peminjaman`
JOIN `buku` ON `buku`.`id_buku` = `peminjaman`.`id_buku`
JOIN `users` as `anggota` ON `anggota`.`id_user` = `peminjaman`.`id_anggota`
JOIN `users` as `petugas` ON `petugas`.`id_user` = `peminjaman`.`id_petugas`')
 3 SYSTEMPATH\Database\BaseConnection.php(646): CodeIgniter\Database\BaseConnection->simpleQuery('SELECT `peminjaman`.*, `buku`.`judul`, `anggota`.`nama` as `nama_anggota`, `petugas`.`nama` as `nama_petugas`
FROM `peminjaman`
JOIN `buku` ON `buku`.`id_buku` = `peminjaman`.`id_buku`
JOIN `users` as `anggota` ON `anggota`.`id_user` = `peminjaman`.`id_anggota`
JOIN `users` as `petugas` ON `petugas`.`id_user` = `peminjaman`.`id_petugas`')
 4 SYSTEMPATH\Database\BaseBuilder.php(1649): CodeIgniter\Database\BaseConnection->query('SELECT `peminjaman`.*, `buku`.`judul`, `anggota`.`nama` as `nama_anggota`, `petugas`.`nama` as `nama_petugas`
FROM `peminjaman`
JOIN `buku` ON `buku`.`id_buku` = `peminjaman`.`id_buku`
JOIN `users` as `anggota` ON `anggota`.`id_user` = `peminjaman`.`id_anggota`
JOIN `users` as `petugas` ON `petugas`.`id_user` = `peminjaman`.`id_petugas`', [], false)
 5 SYSTEMPATH\Model.php(286): CodeIgniter\Database\BaseBuilder->get()
 6 SYSTEMPATH\BaseModel.php(677): CodeIgniter\Model->doFindAll(0, 0)
 7 APPPATH\Controllers\peminjaman.php(30): CodeIgniter\BaseModel->findAll()
 8 SYSTEMPATH\CodeIgniter.php(933): App\Controllers\Peminjaman->index()
 9 SYSTEMPATH\CodeIgniter.php(507): CodeIgniter\CodeIgniter->runController(Object(App\Controllers\Peminjaman))
10 SYSTEMPATH\CodeIgniter.php(354): CodeIgniter\CodeIgniter->handleRequest(null, Object(Config\Cache), false)
11 SYSTEMPATH\Boot.php(363): CodeIgniter\CodeIgniter->run()
12 SYSTEMPATH\Boot.php(68): CodeIgniter\Boot::runCodeIgniter(Object(CodeIgniter\CodeIgniter))
13 FCPATH\index.php(59): CodeIgniter\Boot::bootWeb(Object(Config\Paths))
DEBUG - 2026-04-24 18:03:26 --> Session: Class initialized using 'CodeIgniter\Session\Handlers\FileHandler' driver.
CRITICAL - 2026-04-24 18:03:28 --> ErrorException: Undefined array key "id_user"
[Method: GET, Route: peminjaman/create]
in APPPATH\Views\peminjaman\create.php on line 25.
 1 APPPATH\Views\peminjaman\create.php(25): CodeIgniter\Debug\Exceptions->errorHandler(2, 'Undefined array key "id_user"', 'C:\\xampp\\htdocs\\perpus\\app\\Views\\peminjaman\\create.php', 25)
 2 SYSTEMPATH\View\View.php(226): include('C:\\xampp\\htdocs\\perpus\\app\\Views\\peminjaman\\create.php')
 3 SYSTEMPATH\View\View.php(229): CodeIgniter\View\View->CodeIgniter\View\{closure}()
 4 SYSTEMPATH\Common.php(1167): CodeIgniter\View\View->render('peminjaman/create', [], true)
 5 APPPATH\Controllers\peminjaman.php(44): view('peminjaman/create', [...])
 6 SYSTEMPATH\CodeIgniter.php(933): App\Controllers\Peminjaman->create()
 7 SYSTEMPATH\CodeIgniter.php(507): CodeIgniter\CodeIgniter->runController(Object(App\Controllers\Peminjaman))
 8 SYSTEMPATH\CodeIgniter.php(354): CodeIgniter\CodeIgniter->handleRequest(null, Object(Config\Cache), false)
 9 SYSTEMPATH\Boot.php(363): CodeIgniter\CodeIgniter->run()
10 SYSTEMPATH\Boot.php(68): CodeIgniter\Boot::runCodeIgniter(Object(CodeIgniter\CodeIgniter))
11 FCPATH\index.php(59): CodeIgniter\Boot::bootWeb(Object(Config\Paths))
DEBUG - 2026-04-24 18:03:53 --> Session: Class initialized using 'CodeIgniter\Session\Handlers\FileHandler' driver.
DEBUG - 2026-04-24 18:04:18 --> Session: Class initialized using 'CodeIgniter\Session\Handlers\FileHandler' driver.
DEBUG - 2026-04-24 18:05:04 --> Session: Class initialized using 'CodeIgniter\Session\Handlers\FileHandler' driver.
DEBUG - 2026-04-24 18:05:05 --> Session: Class initialized using 'CodeIgniter\Session\Handlers\FileHandler' driver.
DEBUG - 2026-04-24 18:05:05 --> Session: Class initialized using 'CodeIgniter\Session\Handlers\FileHandler' driver.
DEBUG - 2026-04-24 18:05:42 --> Session: Class initialized using 'CodeIgniter\Session\Handlers\FileHandler' driver.
DEBUG - 2026-04-24 18:05:52 --> Session: Class initialized using 'CodeIgniter\Session\Handlers\FileHandler' driver.
DEBUG - 2026-04-24 18:05:52 --> Session: Class initialized using 'CodeIgniter\Session\Handlers\FileHandler' driver.
DEBUG - 2026-04-24 18:06:37 --> Session: Class initialized using 'CodeIgniter\Session\Handlers\FileHandler' driver.
DEBUG - 2026-04-24 18:06:45 --> Session: Class initialized using 'CodeIgniter\Session\Handlers\FileHandler' driver.
DEBUG - 2026-04-24 18:07:30 --> Session: Class initialized using 'CodeIgniter\Session\Handlers\FileHandler' driver.
ERROR - 2026-04-24 18:07:31 --> mysqli_sql_exception: Unknown column 'users.nama' in 'field list' in C:\xampp\htdocs\perpus\system\Database\MySQLi\Connection.php:327
Stack trace:
#0 C:\xampp\htdocs\perpus\system\Database\MySQLi\Connection.php(327): mysqli->query('SELECT `peminja...', 0)
#1 C:\xampp\htdocs\perpus\system\Database\BaseConnection.php(729): CodeIgniter\Database\MySQLi\Connection->execute('SELECT `peminja...')
#2 C:\xampp\htdocs\perpus\system\Database\BaseConnection.php(646): CodeIgniter\Database\BaseConnection->simpleQuery('SELECT `peminja...')
#3 C:\xampp\htdocs\perpus\system\Database\BaseBuilder.php(1649): CodeIgniter\Database\BaseConnection->query('SELECT `peminja...', Array, false)
#4 C:\xampp\htdocs\perpus\system\Model.php(330): CodeIgniter\Database\BaseBuilder->get()
#5 C:\xampp\htdocs\perpus\system\BaseModel.php(715): CodeIgniter\Model->doFirst()
#6 C:\xampp\htdocs\perpus\app\Controllers\peminjaman.php(111): CodeIgniter\BaseModel->first()
#7 C:\xampp\htdocs\perpus\system\CodeIgniter.php(933): App\Controllers\Peminjaman->detail('69')
#8 C:\xampp\htdocs\perpus\system\CodeIgniter.php(507): CodeIgniter\CodeIgniter->runController(Object(App\Controllers\Peminjaman))
#9 C:\xampp\htdocs\perpus\system\CodeIgniter.php(354): CodeIgniter\CodeIgniter->handleRequest(NULL, Object(Config\Cache), false)
#10 C:\xampp\htdocs\perpus\system\Boot.php(363): CodeIgniter\CodeIgniter->run()
#11 C:\xampp\htdocs\perpus\system\Boot.php(68): CodeIgniter\Boot::runCodeIgniter(Object(CodeIgniter\CodeIgniter))
#12 C:\xampp\htdocs\perpus\index.php(59): CodeIgniter\Boot::bootWeb(Object(Config\Paths))
#13 {main}
CRITICAL - 2026-04-24 18:07:31 --> CodeIgniter\Database\Exceptions\DatabaseException: Unknown column 'users.nama' in 'field list'
[Method: GET, Route: peminjaman/detail/69]
in SYSTEMPATH\Database\BaseConnection.php on line 684.
 1 SYSTEMPATH\Database\BaseBuilder.php(1649): CodeIgniter\Database\BaseConnection->query('SELECT `peminjaman`.*, `buku`.`judul`, `users`.`nama` as `nama_anggota`, `users`.`nama` as `nama_petugas`
FROM `peminjaman`
JOIN `buku` ON `buku`.`id_buku` = `peminjaman`.`id_buku`
JOIN `users` as `anggota` ON `anggota`.`id` = `peminjaman`.`id_anggota`
JOIN `users` as `petugas` ON `petugas`.`id` = `peminjaman`.`id_petugas`
WHERE `id_peminjaman` = :id_peminjaman:
 LIMIT 1', [...], false)
 2 SYSTEMPATH\Model.php(330): CodeIgniter\Database\BaseBuilder->get()
 3 SYSTEMPATH\BaseModel.php(715): CodeIgniter\Model->doFirst()
 4 APPPATH\Controllers\peminjaman.php(111): CodeIgniter\BaseModel->first()
 5 SYSTEMPATH\CodeIgniter.php(933): App\Controllers\Peminjaman->detail('69')
 6 SYSTEMPATH\CodeIgniter.php(507): CodeIgniter\CodeIgniter->runController(Object(App\Controllers\Peminjaman))
 7 SYSTEMPATH\CodeIgniter.php(354): CodeIgniter\CodeIgniter->handleRequest(null, Object(Config\Cache), false)
 8 SYSTEMPATH\Boot.php(363): CodeIgniter\CodeIgniter->run()
 9 SYSTEMPATH\Boot.php(68): CodeIgniter\Boot::runCodeIgniter(Object(CodeIgniter\CodeIgniter))
10 FCPATH\index.php(59): CodeIgniter\Boot::bootWeb(Object(Config\Paths))
CRITICAL - 2026-04-24 18:07:31 --> [Caused by] CodeIgniter\Database\Exceptions\DatabaseException: Unknown column 'users.nama' in 'field list'
in SYSTEMPATH\Database\MySQLi\Connection.php on line 332.
 1 SYSTEMPATH\Database\BaseConnection.php(729): CodeIgniter\Database\MySQLi\Connection->execute('SELECT `peminjaman`.*, `buku`.`judul`, `users`.`nama` as `nama_anggota`, `users`.`nama` as `nama_petugas`
FROM `peminjaman`
JOIN `buku` ON `buku`.`id_buku` = `peminjaman`.`id_buku`
JOIN `users` as `anggota` ON `anggota`.`id` = `peminjaman`.`id_anggota`
JOIN `users` as `petugas` ON `petugas`.`id` = `peminjaman`.`id_petugas`
WHERE `id_peminjaman` = \'69\'
 LIMIT 1')
 2 SYSTEMPATH\Database\BaseConnection.php(646): CodeIgniter\Database\BaseConnection->simpleQuery('SELECT `peminjaman`.*, `buku`.`judul`, `users`.`nama` as `nama_anggota`, `users`.`nama` as `nama_petugas`
FROM `peminjaman`
JOIN `buku` ON `buku`.`id_buku` = `peminjaman`.`id_buku`
JOIN `users` as `anggota` ON `anggota`.`id` = `peminjaman`.`id_anggota`
JOIN `users` as `petugas` ON `petugas`.`id` = `peminjaman`.`id_petugas`
WHERE `id_peminjaman` = \'69\'
 LIMIT 1')
 3 SYSTEMPATH\Database\BaseBuilder.php(1649): CodeIgniter\Database\BaseConnection->query('SELECT `peminjaman`.*, `buku`.`judul`, `users`.`nama` as `nama_anggota`, `users`.`nama` as `nama_petugas`
FROM `peminjaman`
JOIN `buku` ON `buku`.`id_buku` = `peminjaman`.`id_buku`
JOIN `users` as `anggota` ON `anggota`.`id` = `peminjaman`.`id_anggota`
JOIN `users` as `petugas` ON `petugas`.`id` = `peminjaman`.`id_petugas`
WHERE `id_peminjaman` = :id_peminjaman:
 LIMIT 1', [...], false)
 4 SYSTEMPATH\Model.php(330): CodeIgniter\Database\BaseBuilder->get()
 5 SYSTEMPATH\BaseModel.php(715): CodeIgniter\Model->doFirst()
 6 APPPATH\Controllers\peminjaman.php(111): CodeIgniter\BaseModel->first()
 7 SYSTEMPATH\CodeIgniter.php(933): App\Controllers\Peminjaman->detail('69')
 8 SYSTEMPATH\CodeIgniter.php(507): CodeIgniter\CodeIgniter->runController(Object(App\Controllers\Peminjaman))
 9 SYSTEMPATH\CodeIgniter.php(354): CodeIgniter\CodeIgniter->handleRequest(null, Object(Config\Cache), false)
10 SYSTEMPATH\Boot.php(363): CodeIgniter\CodeIgniter->run()
11 SYSTEMPATH\Boot.php(68): CodeIgniter\Boot::runCodeIgniter(Object(CodeIgniter\CodeIgniter))
12 FCPATH\index.php(59): CodeIgniter\Boot::bootWeb(Object(Config\Paths))
CRITICAL - 2026-04-24 18:07:31 --> [Caused by] mysqli_sql_exception: Unknown column 'users.nama' in 'field list'
in SYSTEMPATH\Database\MySQLi\Connection.php on line 327.
 1 SYSTEMPATH\Database\MySQLi\Connection.php(327): mysqli->query('SELECT `peminjaman`.*, `buku`.`judul`, `users`.`nama` as `nama_anggota`, `users`.`nama` as `nama_petugas`
FROM `peminjaman`
JOIN `buku` ON `buku`.`id_buku` = `peminjaman`.`id_buku`
JOIN `users` as `anggota` ON `anggota`.`id` = `peminjaman`.`id_anggota`
JOIN `users` as `petugas` ON `petugas`.`id` = `peminjaman`.`id_petugas`
WHERE `id_peminjaman` = \'69\'
 LIMIT 1', 0)
 2 SYSTEMPATH\Database\BaseConnection.php(729): CodeIgniter\Database\MySQLi\Connection->execute('SELECT `peminjaman`.*, `buku`.`judul`, `users`.`nama` as `nama_anggota`, `users`.`nama` as `nama_petugas`
FROM `peminjaman`
JOIN `buku` ON `buku`.`id_buku` = `peminjaman`.`id_buku`
JOIN `users` as `anggota` ON `anggota`.`id` = `peminjaman`.`id_anggota`
JOIN `users` as `petugas` ON `petugas`.`id` = `peminjaman`.`id_petugas`
WHERE `id_peminjaman` = \'69\'
 LIMIT 1')
 3 SYSTEMPATH\Database\BaseConnection.php(646): CodeIgniter\Database\BaseConnection->simpleQuery('SELECT `peminjaman`.*, `buku`.`judul`, `users`.`nama` as `nama_anggota`, `users`.`nama` as `nama_petugas`
FROM `peminjaman`
JOIN `buku` ON `buku`.`id_buku` = `peminjaman`.`id_buku`
JOIN `users` as `anggota` ON `anggota`.`id` = `peminjaman`.`id_anggota`
JOIN `users` as `petugas` ON `petugas`.`id` = `peminjaman`.`id_petugas`
WHERE `id_peminjaman` = \'69\'
 LIMIT 1')
 4 SYSTEMPATH\Database\BaseBuilder.php(1649): CodeIgniter\Database\BaseConnection->query('SELECT `peminjaman`.*, `buku`.`judul`, `users`.`nama` as `nama_anggota`, `users`.`nama` as `nama_petugas`
FROM `peminjaman`
JOIN `buku` ON `buku`.`id_buku` = `peminjaman`.`id_buku`
JOIN `users` as `anggota` ON `anggota`.`id` = `peminjaman`.`id_anggota`
JOIN `users` as `petugas` ON `petugas`.`id` = `peminjaman`.`id_petugas`
WHERE `id_peminjaman` = :id_peminjaman:
 LIMIT 1', [...], false)
 5 SYSTEMPATH\Model.php(330): CodeIgniter\Database\BaseBuilder->get()
 6 SYSTEMPATH\BaseModel.php(715): CodeIgniter\Model->doFirst()
 7 APPPATH\Controllers\peminjaman.php(111): CodeIgniter\BaseModel->first()
 8 SYSTEMPATH\CodeIgniter.php(933): App\Controllers\Peminjaman->detail('69')
 9 SYSTEMPATH\CodeIgniter.php(507): CodeIgniter\CodeIgniter->runController(Object(App\Controllers\Peminjaman))
10 SYSTEMPATH\CodeIgniter.php(354): CodeIgniter\CodeIgniter->handleRequest(null, Object(Config\Cache), false)
11 SYSTEMPATH\Boot.php(363): CodeIgniter\CodeIgniter->run()
12 SYSTEMPATH\Boot.php(68): CodeIgniter\Boot::runCodeIgniter(Object(CodeIgniter\CodeIgniter))
13 FCPATH\index.php(59): CodeIgniter\Boot::bootWeb(Object(Config\Paths))
DEBUG - 2026-04-24 18:07:37 --> Session: Class initialized using 'CodeIgniter\Session\Handlers\FileHandler' driver.
ERROR - 2026-04-24 18:07:42 --> mysqli_sql_exception: Unknown column 'users.nama' in 'field list' in C:\xampp\htdocs\perpus\system\Database\MySQLi\Connection.php:327
Stack trace:
#0 C:\xampp\htdocs\perpus\system\Database\MySQLi\Connection.php(327): mysqli->query('SELECT `peminja...', 0)
#1 C:\xampp\htdocs\perpus\system\Database\BaseConnection.php(729): CodeIgniter\Database\MySQLi\Connection->execute('SELECT `peminja...')
#2 C:\xampp\htdocs\perpus\system\Database\BaseConnection.php(646): CodeIgniter\Database\BaseConnection->simpleQuery('SELECT `peminja...')
#3 C:\xampp\htdocs\perpus\system\Database\BaseBuilder.php(1649): CodeIgniter\Database\BaseConnection->query('SELECT `peminja...', Array, false)
#4 C:\xampp\htdocs\perpus\system\Model.php(330): CodeIgniter\Database\BaseBuilder->get()
#5 C:\xampp\htdocs\perpus\system\BaseModel.php(715): CodeIgniter\Model->doFirst()
#6 C:\xampp\htdocs\perpus\app\Controllers\peminjaman.php(111): CodeIgniter\BaseModel->first()
#7 C:\xampp\htdocs\perpus\system\CodeIgniter.php(933): App\Controllers\Peminjaman->detail('69')
#8 C:\xampp\htdocs\perpus\system\CodeIgniter.php(507): CodeIgniter\CodeIgniter->runController(Object(App\Controllers\Peminjaman))
#9 C:\xampp\htdocs\perpus\system\CodeIgniter.php(354): CodeIgniter\CodeIgniter->handleRequest(NULL, Object(Config\Cache), false)
#10 C:\xampp\htdocs\perpus\system\Boot.php(363): CodeIgniter\CodeIgniter->run()
#11 C:\xampp\htdocs\perpus\system\Boot.php(68): CodeIgniter\Boot::runCodeIgniter(Object(CodeIgniter\CodeIgniter))
#12 C:\xampp\htdocs\perpus\index.php(59): CodeIgniter\Boot::bootWeb(Object(Config\Paths))
#13 {main}
CRITICAL - 2026-04-24 18:07:42 --> CodeIgniter\Database\Exceptions\DatabaseException: Unknown column 'users.nama' in 'field list'
[Method: GET, Route: peminjaman/detail/69]
in SYSTEMPATH\Database\BaseConnection.php on line 684.
 1 SYSTEMPATH\Database\BaseBuilder.php(1649): CodeIgniter\Database\BaseConnection->query('SELECT `peminjaman`.*, `buku`.`judul`, `users`.`nama` as `nama_anggota`, `users`.`nama` as `nama_petugas`
FROM `peminjaman`
JOIN `buku` ON `buku`.`id_buku` = `peminjaman`.`id_buku`
JOIN `users` as `anggota` ON `anggota`.`id` = `peminjaman`.`id_anggota`
JOIN `users` as `petugas` ON `petugas`.`id` = `peminjaman`.`id_petugas`
WHERE `id_peminjaman` = :id_peminjaman:
 LIMIT 1', [...], false)
 2 SYSTEMPATH\Model.php(330): CodeIgniter\Database\BaseBuilder->get()
 3 SYSTEMPATH\BaseModel.php(715): CodeIgniter\Model->doFirst()
 4 APPPATH\Controllers\peminjaman.php(111): CodeIgniter\BaseModel->first()
 5 SYSTEMPATH\CodeIgniter.php(933): App\Controllers\Peminjaman->detail('69')
 6 SYSTEMPATH\CodeIgniter.php(507): CodeIgniter\CodeIgniter->runController(Object(App\Controllers\Peminjaman))
 7 SYSTEMPATH\CodeIgniter.php(354): CodeIgniter\CodeIgniter->handleRequest(null, Object(Config\Cache), false)
 8 SYSTEMPATH\Boot.php(363): CodeIgniter\CodeIgniter->run()
 9 SYSTEMPATH\Boot.php(68): CodeIgniter\Boot::runCodeIgniter(Object(CodeIgniter\CodeIgniter))
10 FCPATH\index.php(59): CodeIgniter\Boot::bootWeb(Object(Config\Paths))
CRITICAL - 2026-04-24 18:07:42 --> [Caused by] CodeIgniter\Database\Exceptions\DatabaseException: Unknown column 'users.nama' in 'field list'
in SYSTEMPATH\Database\MySQLi\Connection.php on line 332.
 1 SYSTEMPATH\Database\BaseConnection.php(729): CodeIgniter\Database\MySQLi\Connection->execute('SELECT `peminjaman`.*, `buku`.`judul`, `users`.`nama` as `nama_anggota`, `users`.`nama` as `nama_petugas`
FROM `peminjaman`
JOIN `buku` ON `buku`.`id_buku` = `peminjaman`.`id_buku`
JOIN `users` as `anggota` ON `anggota`.`id` = `peminjaman`.`id_anggota`
JOIN `users` as `petugas` ON `petugas`.`id` = `peminjaman`.`id_petugas`
WHERE `id_peminjaman` = \'69\'
 LIMIT 1')
 2 SYSTEMPATH\Database\BaseConnection.php(646): CodeIgniter\Database\BaseConnection->simpleQuery('SELECT `peminjaman`.*, `buku`.`judul`, `users`.`nama` as `nama_anggota`, `users`.`nama` as `nama_petugas`
FROM `peminjaman`
JOIN `buku` ON `buku`.`id_buku` = `peminjaman`.`id_buku`
JOIN `users` as `anggota` ON `anggota`.`id` = `peminjaman`.`id_anggota`
JOIN `users` as `petugas` ON `petugas`.`id` = `peminjaman`.`id_petugas`
WHERE `id_peminjaman` = \'69\'
 LIMIT 1')
 3 SYSTEMPATH\Database\BaseBuilder.php(1649): CodeIgniter\Database\BaseConnection->query('SELECT `peminjaman`.*, `buku`.`judul`, `users`.`nama` as `nama_anggota`, `users`.`nama` as `nama_petugas`
FROM `peminjaman`
JOIN `buku` ON `buku`.`id_buku` = `peminjaman`.`id_buku`
JOIN `users` as `anggota` ON `anggota`.`id` = `peminjaman`.`id_anggota`
JOIN `users` as `petugas` ON `petugas`.`id` = `peminjaman`.`id_petugas`
WHERE `id_peminjaman` = :id_peminjaman:
 LIMIT 1', [...], false)
 4 SYSTEMPATH\Model.php(330): CodeIgniter\Database\BaseBuilder->get()
 5 SYSTEMPATH\BaseModel.php(715): CodeIgniter\Model->doFirst()
 6 APPPATH\Controllers\peminjaman.php(111): CodeIgniter\BaseModel->first()
 7 SYSTEMPATH\CodeIgniter.php(933): App\Controllers\Peminjaman->detail('69')
 8 SYSTEMPATH\CodeIgniter.php(507): CodeIgniter\CodeIgniter->runController(Object(App\Controllers\Peminjaman))
 9 SYSTEMPATH\CodeIgniter.php(354): CodeIgniter\CodeIgniter->handleRequest(null, Object(Config\Cache), false)
10 SYSTEMPATH\Boot.php(363): CodeIgniter\CodeIgniter->run()
11 SYSTEMPATH\Boot.php(68): CodeIgniter\Boot::runCodeIgniter(Object(CodeIgniter\CodeIgniter))
12 FCPATH\index.php(59): CodeIgniter\Boot::bootWeb(Object(Config\Paths))
CRITICAL - 2026-04-24 18:07:42 --> [Caused by] mysqli_sql_exception: Unknown column 'users.nama' in 'field list'
in SYSTEMPATH\Database\MySQLi\Connection.php on line 327.
 1 SYSTEMPATH\Database\MySQLi\Connection.php(327): mysqli->query('SELECT `peminjaman`.*, `buku`.`judul`, `users`.`nama` as `nama_anggota`, `users`.`nama` as `nama_petugas`
FROM `peminjaman`
JOIN `buku` ON `buku`.`id_buku` = `peminjaman`.`id_buku`
JOIN `users` as `anggota` ON `anggota`.`id` = `peminjaman`.`id_anggota`
JOIN `users` as `petugas` ON `petugas`.`id` = `peminjaman`.`id_petugas`
WHERE `id_peminjaman` = \'69\'
 LIMIT 1', 0)
 2 SYSTEMPATH\Database\BaseConnection.php(729): CodeIgniter\Database\MySQLi\Connection->execute('SELECT `peminjaman`.*, `buku`.`judul`, `users`.`nama` as `nama_anggota`, `users`.`nama` as `nama_petugas`
FROM `peminjaman`
JOIN `buku` ON `buku`.`id_buku` = `peminjaman`.`id_buku`
JOIN `users` as `anggota` ON `anggota`.`id` = `peminjaman`.`id_anggota`
JOIN `users` as `petugas` ON `petugas`.`id` = `peminjaman`.`id_petugas`
WHERE `id_peminjaman` = \'69\'
 LIMIT 1')
 3 SYSTEMPATH\Database\BaseConnection.php(646): CodeIgniter\Database\BaseConnection->simpleQuery('SELECT `peminjaman`.*, `buku`.`judul`, `users`.`nama` as `nama_anggota`, `users`.`nama` as `nama_petugas`
FROM `peminjaman`
JOIN `buku` ON `buku`.`id_buku` = `peminjaman`.`id_buku`
JOIN `users` as `anggota` ON `anggota`.`id` = `peminjaman`.`id_anggota`
JOIN `users` as `petugas` ON `petugas`.`id` = `peminjaman`.`id_petugas`
WHERE `id_peminjaman` = \'69\'
 LIMIT 1')
 4 SYSTEMPATH\Database\BaseBuilder.php(1649): CodeIgniter\Database\BaseConnection->query('SELECT `peminjaman`.*, `buku`.`judul`, `users`.`nama` as `nama_anggota`, `users`.`nama` as `nama_petugas`
FROM `peminjaman`
JOIN `buku` ON `buku`.`id_buku` = `peminjaman`.`id_buku`
JOIN `users` as `anggota` ON `anggota`.`id` = `peminjaman`.`id_anggota`
JOIN `users` as `petugas` ON `petugas`.`id` = `peminjaman`.`id_petugas`
WHERE `id_peminjaman` = :id_peminjaman:
 LIMIT 1', [...], false)
 5 SYSTEMPATH\Model.php(330): CodeIgniter\Database\BaseBuilder->get()
 6 SYSTEMPATH\BaseModel.php(715): CodeIgniter\Model->doFirst()
 7 APPPATH\Controllers\peminjaman.php(111): CodeIgniter\BaseModel->first()
 8 SYSTEMPATH\CodeIgniter.php(933): App\Controllers\Peminjaman->detail('69')
 9 SYSTEMPATH\CodeIgniter.php(507): CodeIgniter\CodeIgniter->runController(Object(App\Controllers\Peminjaman))
10 SYSTEMPATH\CodeIgniter.php(354): CodeIgniter\CodeIgniter->handleRequest(null, Object(Config\Cache), false)
11 SYSTEMPATH\Boot.php(363): CodeIgniter\CodeIgniter->run()
12 SYSTEMPATH\Boot.php(68): CodeIgniter\Boot::runCodeIgniter(Object(CodeIgniter\CodeIgniter))
13 FCPATH\index.php(59): CodeIgniter\Boot::bootWeb(Object(Config\Paths))
ERROR - 2026-04-24 18:08:26 --> mysqli_sql_exception: Unknown column 'users.nama' in 'field list' in C:\xampp\htdocs\perpus\system\Database\MySQLi\Connection.php:327
Stack trace:
#0 C:\xampp\htdocs\perpus\system\Database\MySQLi\Connection.php(327): mysqli->query('SELECT `peminja...', 0)
#1 C:\xampp\htdocs\perpus\system\Database\BaseConnection.php(729): CodeIgniter\Database\MySQLi\Connection->execute('SELECT `peminja...')
#2 C:\xampp\htdocs\perpus\system\Database\BaseConnection.php(646): CodeIgniter\Database\BaseConnection->simpleQuery('SELECT `peminja...')
#3 C:\xampp\htdocs\perpus\system\Database\BaseBuilder.php(1649): CodeIgniter\Database\BaseConnection->query('SELECT `peminja...', Array, false)
#4 C:\xampp\htdocs\perpus\system\Model.php(330): CodeIgniter\Database\BaseBuilder->get()
#5 C:\xampp\htdocs\perpus\system\BaseModel.php(715): CodeIgniter\Model->doFirst()
#6 C:\xampp\htdocs\perpus\app\Controllers\peminjaman.php(111): CodeIgniter\BaseModel->first()
#7 C:\xampp\htdocs\perpus\system\CodeIgniter.php(933): App\Controllers\Peminjaman->detail('69')
#8 C:\xampp\htdocs\perpus\system\CodeIgniter.php(507): CodeIgniter\CodeIgniter->runController(Object(App\Controllers\Peminjaman))
#9 C:\xampp\htdocs\perpus\system\CodeIgniter.php(354): CodeIgniter\CodeIgniter->handleRequest(NULL, Object(Config\Cache), false)
#10 C:\xampp\htdocs\perpus\system\Boot.php(363): CodeIgniter\CodeIgniter->run()
#11 C:\xampp\htdocs\perpus\system\Boot.php(68): CodeIgniter\Boot::runCodeIgniter(Object(CodeIgniter\CodeIgniter))
#12 C:\xampp\htdocs\perpus\index.php(59): CodeIgniter\Boot::bootWeb(Object(Config\Paths))
#13 {main}
CRITICAL - 2026-04-24 18:08:26 --> CodeIgniter\Database\Exceptions\DatabaseException: Unknown column 'users.nama' in 'field list'
[Method: GET, Route: peminjaman/detail/69]
in SYSTEMPATH\Database\BaseConnection.php on line 684.
 1 SYSTEMPATH\Database\BaseBuilder.php(1649): CodeIgniter\Database\BaseConnection->query('SELECT `peminjaman`.*, `buku`.`judul`, `users`.`nama` as `nama_anggota`, `users`.`nama` as `nama_petugas`
FROM `peminjaman`
JOIN `buku` ON `buku`.`id_buku` = `peminjaman`.`id_buku`
JOIN `users` as `anggota` ON `anggota`.`id` = `peminjaman`.`id_anggota`
JOIN `users` as `petugas` ON `petugas`.`id` = `peminjaman`.`id_petugas`
WHERE `id_peminjaman` = :id_peminjaman:
 LIMIT 1', [...], false)
 2 SYSTEMPATH\Model.php(330): CodeIgniter\Database\BaseBuilder->get()
 3 SYSTEMPATH\BaseModel.php(715): CodeIgniter\Model->doFirst()
 4 APPPATH\Controllers\peminjaman.php(111): CodeIgniter\BaseModel->first()
 5 SYSTEMPATH\CodeIgniter.php(933): App\Controllers\Peminjaman->detail('69')
 6 SYSTEMPATH\CodeIgniter.php(507): CodeIgniter\CodeIgniter->runController(Object(App\Controllers\Peminjaman))
 7 SYSTEMPATH\CodeIgniter.php(354): CodeIgniter\CodeIgniter->handleRequest(null, Object(Config\Cache), false)
 8 SYSTEMPATH\Boot.php(363): CodeIgniter\CodeIgniter->run()
 9 SYSTEMPATH\Boot.php(68): CodeIgniter\Boot::runCodeIgniter(Object(CodeIgniter\CodeIgniter))
10 FCPATH\index.php(59): CodeIgniter\Boot::bootWeb(Object(Config\Paths))
CRITICAL - 2026-04-24 18:08:26 --> [Caused by] CodeIgniter\Database\Exceptions\DatabaseException: Unknown column 'users.nama' in 'field list'
in SYSTEMPATH\Database\MySQLi\Connection.php on line 332.
 1 SYSTEMPATH\Database\BaseConnection.php(729): CodeIgniter\Database\MySQLi\Connection->execute('SELECT `peminjaman`.*, `buku`.`judul`, `users`.`nama` as `nama_anggota`, `users`.`nama` as `nama_petugas`
FROM `peminjaman`
JOIN `buku` ON `buku`.`id_buku` = `peminjaman`.`id_buku`
JOIN `users` as `anggota` ON `anggota`.`id` = `peminjaman`.`id_anggota`
JOIN `users` as `petugas` ON `petugas`.`id` = `peminjaman`.`id_petugas`
WHERE `id_peminjaman` = \'69\'
 LIMIT 1')
 2 SYSTEMPATH\Database\BaseConnection.php(646): CodeIgniter\Database\BaseConnection->simpleQuery('SELECT `peminjaman`.*, `buku`.`judul`, `users`.`nama` as `nama_anggota`, `users`.`nama` as `nama_petugas`
FROM `peminjaman`
JOIN `buku` ON `buku`.`id_buku` = `peminjaman`.`id_buku`
JOIN `users` as `anggota` ON `anggota`.`id` = `peminjaman`.`id_anggota`
JOIN `users` as `petugas` ON `petugas`.`id` = `peminjaman`.`id_petugas`
WHERE `id_peminjaman` = \'69\'
 LIMIT 1')
 3 SYSTEMPATH\Database\BaseBuilder.php(1649): CodeIgniter\Database\BaseConnection->query('SELECT `peminjaman`.*, `buku`.`judul`, `users`.`nama` as `nama_anggota`, `users`.`nama` as `nama_petugas`
FROM `peminjaman`
JOIN `buku` ON `buku`.`id_buku` = `peminjaman`.`id_buku`
JOIN `users` as `anggota` ON `anggota`.`id` = `peminjaman`.`id_anggota`
JOIN `users` as `petugas` ON `petugas`.`id` = `peminjaman`.`id_petugas`
WHERE `id_peminjaman` = :id_peminjaman:
 LIMIT 1', [...], false)
 4 SYSTEMPATH\Model.php(330): CodeIgniter\Database\BaseBuilder->get()
 5 SYSTEMPATH\BaseModel.php(715): CodeIgniter\Model->doFirst()
 6 APPPATH\Controllers\peminjaman.php(111): CodeIgniter\BaseModel->first()
 7 SYSTEMPATH\CodeIgniter.php(933): App\Controllers\Peminjaman->detail('69')
 8 SYSTEMPATH\CodeIgniter.php(507): CodeIgniter\CodeIgniter->runController(Object(App\Controllers\Peminjaman))
 9 SYSTEMPATH\CodeIgniter.php(354): CodeIgniter\CodeIgniter->handleRequest(null, Object(Config\Cache), false)
10 SYSTEMPATH\Boot.php(363): CodeIgniter\CodeIgniter->run()
11 SYSTEMPATH\Boot.php(68): CodeIgniter\Boot::runCodeIgniter(Object(CodeIgniter\CodeIgniter))
12 FCPATH\index.php(59): CodeIgniter\Boot::bootWeb(Object(Config\Paths))
CRITICAL - 2026-04-24 18:08:26 --> [Caused by] mysqli_sql_exception: Unknown column 'users.nama' in 'field list'
in SYSTEMPATH\Database\MySQLi\Connection.php on line 327.
 1 SYSTEMPATH\Database\MySQLi\Connection.php(327): mysqli->query('SELECT `peminjaman`.*, `buku`.`judul`, `users`.`nama` as `nama_anggota`, `users`.`nama` as `nama_petugas`
FROM `peminjaman`
JOIN `buku` ON `buku`.`id_buku` = `peminjaman`.`id_buku`
JOIN `users` as `anggota` ON `anggota`.`id` = `peminjaman`.`id_anggota`
JOIN `users` as `petugas` ON `petugas`.`id` = `peminjaman`.`id_petugas`
WHERE `id_peminjaman` = \'69\'
 LIMIT 1', 0)
 2 SYSTEMPATH\Database\BaseConnection.php(729): CodeIgniter\Database\MySQLi\Connection->execute('SELECT `peminjaman`.*, `buku`.`judul`, `users`.`nama` as `nama_anggota`, `users`.`nama` as `nama_petugas`
FROM `peminjaman`
JOIN `buku` ON `buku`.`id_buku` = `peminjaman`.`id_buku`
JOIN `users` as `anggota` ON `anggota`.`id` = `peminjaman`.`id_anggota`
JOIN `users` as `petugas` ON `petugas`.`id` = `peminjaman`.`id_petugas`
WHERE `id_peminjaman` = \'69\'
 LIMIT 1')
 3 SYSTEMPATH\Database\BaseConnection.php(646): CodeIgniter\Database\BaseConnection->simpleQuery('SELECT `peminjaman`.*, `buku`.`judul`, `users`.`nama` as `nama_anggota`, `users`.`nama` as `nama_petugas`
FROM `peminjaman`
JOIN `buku` ON `buku`.`id_buku` = `peminjaman`.`id_buku`
JOIN `users` as `anggota` ON `anggota`.`id` = `peminjaman`.`id_anggota`
JOIN `users` as `petugas` ON `petugas`.`id` = `peminjaman`.`id_petugas`
WHERE `id_peminjaman` = \'69\'
 LIMIT 1')
 4 SYSTEMPATH\Database\BaseBuilder.php(1649): CodeIgniter\Database\BaseConnection->query('SELECT `peminjaman`.*, `buku`.`judul`, `users`.`nama` as `nama_anggota`, `users`.`nama` as `nama_petugas`
FROM `peminjaman`
JOIN `buku` ON `buku`.`id_buku` = `peminjaman`.`id_buku`
JOIN `users` as `anggota` ON `anggota`.`id` = `peminjaman`.`id_anggota`
JOIN `users` as `petugas` ON `petugas`.`id` = `peminjaman`.`id_petugas`
WHERE `id_peminjaman` = :id_peminjaman:
 LIMIT 1', [...], false)
 5 SYSTEMPATH\Model.php(330): CodeIgniter\Database\BaseBuilder->get()
 6 SYSTEMPATH\BaseModel.php(715): CodeIgniter\Model->doFirst()
 7 APPPATH\Controllers\peminjaman.php(111): CodeIgniter\BaseModel->first()
 8 SYSTEMPATH\CodeIgniter.php(933): App\Controllers\Peminjaman->detail('69')
 9 SYSTEMPATH\CodeIgniter.php(507): CodeIgniter\CodeIgniter->runController(Object(App\Controllers\Peminjaman))
10 SYSTEMPATH\CodeIgniter.php(354): CodeIgniter\CodeIgniter->handleRequest(null, Object(Config\Cache), false)
11 SYSTEMPATH\Boot.php(363): CodeIgniter\CodeIgniter->run()
12 SYSTEMPATH\Boot.php(68): CodeIgniter\Boot::runCodeIgniter(Object(CodeIgniter\CodeIgniter))
13 FCPATH\index.php(59): CodeIgniter\Boot::bootWeb(Object(Config\Paths))
ERROR - 2026-04-24 18:09:23 --> mysqli_sql_exception: Unknown column 'users.nama' in 'field list' in C:\xampp\htdocs\perpus\system\Database\MySQLi\Connection.php:327
Stack trace:
#0 C:\xampp\htdocs\perpus\system\Database\MySQLi\Connection.php(327): mysqli->query('SELECT `peminja...', 0)
#1 C:\xampp\htdocs\perpus\system\Database\BaseConnection.php(729): CodeIgniter\Database\MySQLi\Connection->execute('SELECT `peminja...')
#2 C:\xampp\htdocs\perpus\system\Database\BaseConnection.php(646): CodeIgniter\Database\BaseConnection->simpleQuery('SELECT `peminja...')
#3 C:\xampp\htdocs\perpus\system\Database\BaseBuilder.php(1649): CodeIgniter\Database\BaseConnection->query('SELECT `peminja...', Array, false)
#4 C:\xampp\htdocs\perpus\system\Model.php(330): CodeIgniter\Database\BaseBuilder->get()
#5 C:\xampp\htdocs\perpus\system\BaseModel.php(715): CodeIgniter\Model->doFirst()
#6 C:\xampp\htdocs\perpus\app\Controllers\peminjaman.php(111): CodeIgniter\BaseModel->first()
#7 C:\xampp\htdocs\perpus\system\CodeIgniter.php(933): App\Controllers\Peminjaman->detail('69')
#8 C:\xampp\htdocs\perpus\system\CodeIgniter.php(507): CodeIgniter\CodeIgniter->runController(Object(App\Controllers\Peminjaman))
#9 C:\xampp\htdocs\perpus\system\CodeIgniter.php(354): CodeIgniter\CodeIgniter->handleRequest(NULL, Object(Config\Cache), false)
#10 C:\xampp\htdocs\perpus\system\Boot.php(363): CodeIgniter\CodeIgniter->run()
#11 C:\xampp\htdocs\perpus\system\Boot.php(68): CodeIgniter\Boot::runCodeIgniter(Object(CodeIgniter\CodeIgniter))
#12 C:\xampp\htdocs\perpus\index.php(59): CodeIgniter\Boot::bootWeb(Object(Config\Paths))
#13 {main}
CRITICAL - 2026-04-24 18:09:23 --> CodeIgniter\Database\Exceptions\DatabaseException: Unknown column 'users.nama' in 'field list'
[Method: GET, Route: peminjaman/detail/69]
in SYSTEMPATH\Database\BaseConnection.php on line 684.
 1 SYSTEMPATH\Database\BaseBuilder.php(1649): CodeIgniter\Database\BaseConnection->query('SELECT `peminjaman`.*, `buku`.`judul`, `users`.`nama`
FROM `peminjaman`
JOIN `buku` ON `buku`.`id_buku` = `peminjaman`.`id_buku`
JOIN `users` as `anggota` ON `anggota`.`id` = `peminjaman`.`id_anggota`
JOIN `users` as `petugas` ON `petugas`.`id` = `peminjaman`.`id_petugas`
WHERE `id_peminjaman` = :id_peminjaman:
 LIMIT 1', [...], false)
 2 SYSTEMPATH\Model.php(330): CodeIgniter\Database\BaseBuilder->get()
 3 SYSTEMPATH\BaseModel.php(715): CodeIgniter\Model->doFirst()
 4 APPPATH\Controllers\peminjaman.php(111): CodeIgniter\BaseModel->first()
 5 SYSTEMPATH\CodeIgniter.php(933): App\Controllers\Peminjaman->detail('69')
 6 SYSTEMPATH\CodeIgniter.php(507): CodeIgniter\CodeIgniter->runController(Object(App\Controllers\Peminjaman))
 7 SYSTEMPATH\CodeIgniter.php(354): CodeIgniter\CodeIgniter->handleRequest(null, Object(Config\Cache), false)
 8 SYSTEMPATH\Boot.php(363): CodeIgniter\CodeIgniter->run()
 9 SYSTEMPATH\Boot.php(68): CodeIgniter\Boot::runCodeIgniter(Object(CodeIgniter\CodeIgniter))
10 FCPATH\index.php(59): CodeIgniter\Boot::bootWeb(Object(Config\Paths))
CRITICAL - 2026-04-24 18:09:23 --> [Caused by] CodeIgniter\Database\Exceptions\DatabaseException: Unknown column 'users.nama' in 'field list'
in SYSTEMPATH\Database\MySQLi\Connection.php on line 332.
 1 SYSTEMPATH\Database\BaseConnection.php(729): CodeIgniter\Database\MySQLi\Connection->execute('SELECT `peminjaman`.*, `buku`.`judul`, `users`.`nama`
FROM `peminjaman`
JOIN `buku` ON `buku`.`id_buku` = `peminjaman`.`id_buku`
JOIN `users` as `anggota` ON `anggota`.`id` = `peminjaman`.`id_anggota`
JOIN `users` as `petugas` ON `petugas`.`id` = `peminjaman`.`id_petugas`
WHERE `id_peminjaman` = \'69\'
 LIMIT 1')
 2 SYSTEMPATH\Database\BaseConnection.php(646): CodeIgniter\Database\BaseConnection->simpleQuery('SELECT `peminjaman`.*, `buku`.`judul`, `users`.`nama`
FROM `peminjaman`
JOIN `buku` ON `buku`.`id_buku` = `peminjaman`.`id_buku`
JOIN `users` as `anggota` ON `anggota`.`id` = `peminjaman`.`id_anggota`
JOIN `users` as `petugas` ON `petugas`.`id` = `peminjaman`.`id_petugas`
WHERE `id_peminjaman` = \'69\'
 LIMIT 1')
 3 SYSTEMPATH\Database\BaseBuilder.php(1649): CodeIgniter\Database\BaseConnection->query('SELECT `peminjaman`.*, `buku`.`judul`, `users`.`nama`
FROM `peminjaman`
JOIN `buku` ON `buku`.`id_buku` = `peminjaman`.`id_buku`
JOIN `users` as `anggota` ON `anggota`.`id` = `peminjaman`.`id_anggota`
JOIN `users` as `petugas` ON `petugas`.`id` = `peminjaman`.`id_petugas`
WHERE `id_peminjaman` = :id_peminjaman:
 LIMIT 1', [...], false)
 4 SYSTEMPATH\Model.php(330): CodeIgniter\Database\BaseBuilder->get()
 5 SYSTEMPATH\BaseModel.php(715): CodeIgniter\Model->doFirst()
 6 APPPATH\Controllers\peminjaman.php(111): CodeIgniter\BaseModel->first()
 7 SYSTEMPATH\CodeIgniter.php(933): App\Controllers\Peminjaman->detail('69')
 8 SYSTEMPATH\CodeIgniter.php(507): CodeIgniter\CodeIgniter->runController(Object(App\Controllers\Peminjaman))
 9 SYSTEMPATH\CodeIgniter.php(354): CodeIgniter\CodeIgniter->handleRequest(null, Object(Config\Cache), false)
10 SYSTEMPATH\Boot.php(363): CodeIgniter\CodeIgniter->run()
11 SYSTEMPATH\Boot.php(68): CodeIgniter\Boot::runCodeIgniter(Object(CodeIgniter\CodeIgniter))
12 FCPATH\index.php(59): CodeIgniter\Boot::bootWeb(Object(Config\Paths))
CRITICAL - 2026-04-24 18:09:23 --> [Caused by] mysqli_sql_exception: Unknown column 'users.nama' in 'field list'
in SYSTEMPATH\Database\MySQLi\Connection.php on line 327.
 1 SYSTEMPATH\Database\MySQLi\Connection.php(327): mysqli->query('SELECT `peminjaman`.*, `buku`.`judul`, `users`.`nama`
FROM `peminjaman`
JOIN `buku` ON `buku`.`id_buku` = `peminjaman`.`id_buku`
JOIN `users` as `anggota` ON `anggota`.`id` = `peminjaman`.`id_anggota`
JOIN `users` as `petugas` ON `petugas`.`id` = `peminjaman`.`id_petugas`
WHERE `id_peminjaman` = \'69\'
 LIMIT 1', 0)
 2 SYSTEMPATH\Database\BaseConnection.php(729): CodeIgniter\Database\MySQLi\Connection->execute('SELECT `peminjaman`.*, `buku`.`judul`, `users`.`nama`
FROM `peminjaman`
JOIN `buku` ON `buku`.`id_buku` = `peminjaman`.`id_buku`
JOIN `users` as `anggota` ON `anggota`.`id` = `peminjaman`.`id_anggota`
JOIN `users` as `petugas` ON `petugas`.`id` = `peminjaman`.`id_petugas`
WHERE `id_peminjaman` = \'69\'
 LIMIT 1')
 3 SYSTEMPATH\Database\BaseConnection.php(646): CodeIgniter\Database\BaseConnection->simpleQuery('SELECT `peminjaman`.*, `buku`.`judul`, `users`.`nama`
FROM `peminjaman`
JOIN `buku` ON `buku`.`id_buku` = `peminjaman`.`id_buku`
JOIN `users` as `anggota` ON `anggota`.`id` = `peminjaman`.`id_anggota`
JOIN `users` as `petugas` ON `petugas`.`id` = `peminjaman`.`id_petugas`
WHERE `id_peminjaman` = \'69\'
 LIMIT 1')
 4 SYSTEMPATH\Database\BaseBuilder.php(1649): CodeIgniter\Database\BaseConnection->query('SELECT `peminjaman`.*, `buku`.`judul`, `users`.`nama`
FROM `peminjaman`
JOIN `buku` ON `buku`.`id_buku` = `peminjaman`.`id_buku`
JOIN `users` as `anggota` ON `anggota`.`id` = `peminjaman`.`id_anggota`
JOIN `users` as `petugas` ON `petugas`.`id` = `peminjaman`.`id_petugas`
WHERE `id_peminjaman` = :id_peminjaman:
 LIMIT 1', [...], false)
 5 SYSTEMPATH\Model.php(330): CodeIgniter\Database\BaseBuilder->get()
 6 SYSTEMPATH\BaseModel.php(715): CodeIgniter\Model->doFirst()
 7 APPPATH\Controllers\peminjaman.php(111): CodeIgniter\BaseModel->first()
 8 SYSTEMPATH\CodeIgniter.php(933): App\Controllers\Peminjaman->detail('69')
 9 SYSTEMPATH\CodeIgniter.php(507): CodeIgniter\CodeIgniter->runController(Object(App\Controllers\Peminjaman))
10 SYSTEMPATH\CodeIgniter.php(354): CodeIgniter\CodeIgniter->handleRequest(null, Object(Config\Cache), false)
11 SYSTEMPATH\Boot.php(363): CodeIgniter\CodeIgniter->run()
12 SYSTEMPATH\Boot.php(68): CodeIgniter\Boot::runCodeIgniter(Object(CodeIgniter\CodeIgniter))
13 FCPATH\index.php(59): CodeIgniter\Boot::bootWeb(Object(Config\Paths))
ERROR - 2026-04-24 18:09:24 --> mysqli_sql_exception: Unknown column 'users.nama' in 'field list' in C:\xampp\htdocs\perpus\system\Database\MySQLi\Connection.php:327
Stack trace:
#0 C:\xampp\htdocs\perpus\system\Database\MySQLi\Connection.php(327): mysqli->query('SELECT `peminja...', 0)
#1 C:\xampp\htdocs\perpus\system\Database\BaseConnection.php(729): CodeIgniter\Database\MySQLi\Connection->execute('SELECT `peminja...')
#2 C:\xampp\htdocs\perpus\system\Database\BaseConnection.php(646): CodeIgniter\Database\BaseConnection->simpleQuery('SELECT `peminja...')
#3 C:\xampp\htdocs\perpus\system\Database\BaseBuilder.php(1649): CodeIgniter\Database\BaseConnection->query('SELECT `peminja...', Array, false)
#4 C:\xampp\htdocs\perpus\system\Model.php(330): CodeIgniter\Database\BaseBuilder->get()
#5 C:\xampp\htdocs\perpus\system\BaseModel.php(715): CodeIgniter\Model->doFirst()
#6 C:\xampp\htdocs\perpus\app\Controllers\peminjaman.php(111): CodeIgniter\BaseModel->first()
#7 C:\xampp\htdocs\perpus\system\CodeIgniter.php(933): App\Controllers\Peminjaman->detail('69')
#8 C:\xampp\htdocs\perpus\system\CodeIgniter.php(507): CodeIgniter\CodeIgniter->runController(Object(App\Controllers\Peminjaman))
#9 C:\xampp\htdocs\perpus\system\CodeIgniter.php(354): CodeIgniter\CodeIgniter->handleRequest(NULL, Object(Config\Cache), false)
#10 C:\xampp\htdocs\perpus\system\Boot.php(363): CodeIgniter\CodeIgniter->run()
#11 C:\xampp\htdocs\perpus\system\Boot.php(68): CodeIgniter\Boot::runCodeIgniter(Object(CodeIgniter\CodeIgniter))
#12 C:\xampp\htdocs\perpus\index.php(59): CodeIgniter\Boot::bootWeb(Object(Config\Paths))
#13 {main}
CRITICAL - 2026-04-24 18:09:24 --> CodeIgniter\Database\Exceptions\DatabaseException: Unknown column 'users.nama' in 'field list'
[Method: GET, Route: peminjaman/detail/69]
in SYSTEMPATH\Database\BaseConnection.php on line 684.
 1 SYSTEMPATH\Database\BaseBuilder.php(1649): CodeIgniter\Database\BaseConnection->query('SELECT `peminjaman`.*, `buku`.`judul`, `users`.`nama`
FROM `peminjaman`
JOIN `buku` ON `buku`.`id_buku` = `peminjaman`.`id_buku`
JOIN `users` as `anggota` ON `anggota`.`id` = `peminjaman`.`id_anggota`
JOIN `users` as `petugas` ON `petugas`.`id` = `peminjaman`.`id_petugas`
WHERE `id_peminjaman` = :id_peminjaman:
 LIMIT 1', [...], false)
 2 SYSTEMPATH\Model.php(330): CodeIgniter\Database\BaseBuilder->get()
 3 SYSTEMPATH\BaseModel.php(715): CodeIgniter\Model->doFirst()
 4 APPPATH\Controllers\peminjaman.php(111): CodeIgniter\BaseModel->first()
 5 SYSTEMPATH\CodeIgniter.php(933): App\Controllers\Peminjaman->detail('69')
 6 SYSTEMPATH\CodeIgniter.php(507): CodeIgniter\CodeIgniter->runController(Object(App\Controllers\Peminjaman))
 7 SYSTEMPATH\CodeIgniter.php(354): CodeIgniter\CodeIgniter->handleRequest(null, Object(Config\Cache), false)
 8 SYSTEMPATH\Boot.php(363): CodeIgniter\CodeIgniter->run()
 9 SYSTEMPATH\Boot.php(68): CodeIgniter\Boot::runCodeIgniter(Object(CodeIgniter\CodeIgniter))
10 FCPATH\index.php(59): CodeIgniter\Boot::bootWeb(Object(Config\Paths))
CRITICAL - 2026-04-24 18:09:24 --> [Caused by] CodeIgniter\Database\Exceptions\DatabaseException: Unknown column 'users.nama' in 'field list'
in SYSTEMPATH\Database\MySQLi\Connection.php on line 332.
 1 SYSTEMPATH\Database\BaseConnection.php(729): CodeIgniter\Database\MySQLi\Connection->execute('SELECT `peminjaman`.*, `buku`.`judul`, `users`.`nama`
FROM `peminjaman`
JOIN `buku` ON `buku`.`id_buku` = `peminjaman`.`id_buku`
JOIN `users` as `anggota` ON `anggota`.`id` = `peminjaman`.`id_anggota`
JOIN `users` as `petugas` ON `petugas`.`id` = `peminjaman`.`id_petugas`
WHERE `id_peminjaman` = \'69\'
 LIMIT 1')
 2 SYSTEMPATH\Database\BaseConnection.php(646): CodeIgniter\Database\BaseConnection->simpleQuery('SELECT `peminjaman`.*, `buku`.`judul`, `users`.`nama`
FROM `peminjaman`
JOIN `buku` ON `buku`.`id_buku` = `peminjaman`.`id_buku`
JOIN `users` as `anggota` ON `anggota`.`id` = `peminjaman`.`id_anggota`
JOIN `users` as `petugas` ON `petugas`.`id` = `peminjaman`.`id_petugas`
WHERE `id_peminjaman` = \'69\'
 LIMIT 1')
 3 SYSTEMPATH\Database\BaseBuilder.php(1649): CodeIgniter\Database\BaseConnection->query('SELECT `peminjaman`.*, `buku`.`judul`, `users`.`nama`
FROM `peminjaman`
JOIN `buku` ON `buku`.`id_buku` = `peminjaman`.`id_buku`
JOIN `users` as `anggota` ON `anggota`.`id` = `peminjaman`.`id_anggota`
JOIN `users` as `petugas` ON `petugas`.`id` = `peminjaman`.`id_petugas`
WHERE `id_peminjaman` = :id_peminjaman:
 LIMIT 1', [...], false)
 4 SYSTEMPATH\Model.php(330): CodeIgniter\Database\BaseBuilder->get()
 5 SYSTEMPATH\BaseModel.php(715): CodeIgniter\Model->doFirst()
 6 APPPATH\Controllers\peminjaman.php(111): CodeIgniter\BaseModel->first()
 7 SYSTEMPATH\CodeIgniter.php(933): App\Controllers\Peminjaman->detail('69')
 8 SYSTEMPATH\CodeIgniter.php(507): CodeIgniter\CodeIgniter->runController(Object(App\Controllers\Peminjaman))
 9 SYSTEMPATH\CodeIgniter.php(354): CodeIgniter\CodeIgniter->handleRequest(null, Object(Config\Cache), false)
10 SYSTEMPATH\Boot.php(363): CodeIgniter\CodeIgniter->run()
11 SYSTEMPATH\Boot.php(68): CodeIgniter\Boot::runCodeIgniter(Object(CodeIgniter\CodeIgniter))
12 FCPATH\index.php(59): CodeIgniter\Boot::bootWeb(Object(Config\Paths))
CRITICAL - 2026-04-24 18:09:24 --> [Caused by] mysqli_sql_exception: Unknown column 'users.nama' in 'field list'
in SYSTEMPATH\Database\MySQLi\Connection.php on line 327.
 1 SYSTEMPATH\Database\MySQLi\Connection.php(327): mysqli->query('SELECT `peminjaman`.*, `buku`.`judul`, `users`.`nama`
FROM `peminjaman`
JOIN `buku` ON `buku`.`id_buku` = `peminjaman`.`id_buku`
JOIN `users` as `anggota` ON `anggota`.`id` = `peminjaman`.`id_anggota`
JOIN `users` as `petugas` ON `petugas`.`id` = `peminjaman`.`id_petugas`
WHERE `id_peminjaman` = \'69\'
 LIMIT 1', 0)
 2 SYSTEMPATH\Database\BaseConnection.php(729): CodeIgniter\Database\MySQLi\Connection->execute('SELECT `peminjaman`.*, `buku`.`judul`, `users`.`nama`
FROM `peminjaman`
JOIN `buku` ON `buku`.`id_buku` = `peminjaman`.`id_buku`
JOIN `users` as `anggota` ON `anggota`.`id` = `peminjaman`.`id_anggota`
JOIN `users` as `petugas` ON `petugas`.`id` = `peminjaman`.`id_petugas`
WHERE `id_peminjaman` = \'69\'
 LIMIT 1')
 3 SYSTEMPATH\Database\BaseConnection.php(646): CodeIgniter\Database\BaseConnection->simpleQuery('SELECT `peminjaman`.*, `buku`.`judul`, `users`.`nama`
FROM `peminjaman`
JOIN `buku` ON `buku`.`id_buku` = `peminjaman`.`id_buku`
JOIN `users` as `anggota` ON `anggota`.`id` = `peminjaman`.`id_anggota`
JOIN `users` as `petugas` ON `petugas`.`id` = `peminjaman`.`id_petugas`
WHERE `id_peminjaman` = \'69\'
 LIMIT 1')
 4 SYSTEMPATH\Database\BaseBuilder.php(1649): CodeIgniter\Database\BaseConnection->query('SELECT `peminjaman`.*, `buku`.`judul`, `users`.`nama`
FROM `peminjaman`
JOIN `buku` ON `buku`.`id_buku` = `peminjaman`.`id_buku`
JOIN `users` as `anggota` ON `anggota`.`id` = `peminjaman`.`id_anggota`
JOIN `users` as `petugas` ON `petugas`.`id` = `peminjaman`.`id_petugas`
WHERE `id_peminjaman` = :id_peminjaman:
 LIMIT 1', [...], false)
 5 SYSTEMPATH\Model.php(330): CodeIgniter\Database\BaseBuilder->get()
 6 SYSTEMPATH\BaseModel.php(715): CodeIgniter\Model->doFirst()
 7 APPPATH\Controllers\peminjaman.php(111): CodeIgniter\BaseModel->first()
 8 SYSTEMPATH\CodeIgniter.php(933): App\Controllers\Peminjaman->detail('69')
 9 SYSTEMPATH\CodeIgniter.php(507): CodeIgniter\CodeIgniter->runController(Object(App\Controllers\Peminjaman))
10 SYSTEMPATH\CodeIgniter.php(354): CodeIgniter\CodeIgniter->handleRequest(null, Object(Config\Cache), false)
11 SYSTEMPATH\Boot.php(363): CodeIgniter\CodeIgniter->run()
12 SYSTEMPATH\Boot.php(68): CodeIgniter\Boot::runCodeIgniter(Object(CodeIgniter\CodeIgniter))
13 FCPATH\index.php(59): CodeIgniter\Boot::bootWeb(Object(Config\Paths))
ERROR - 2026-04-24 18:09:25 --> mysqli_sql_exception: Unknown column 'users.nama' in 'field list' in C:\xampp\htdocs\perpus\system\Database\MySQLi\Connection.php:327
Stack trace:
#0 C:\xampp\htdocs\perpus\system\Database\MySQLi\Connection.php(327): mysqli->query('SELECT `peminja...', 0)
#1 C:\xampp\htdocs\perpus\system\Database\BaseConnection.php(729): CodeIgniter\Database\MySQLi\Connection->execute('SELECT `peminja...')
#2 C:\xampp\htdocs\perpus\system\Database\BaseConnection.php(646): CodeIgniter\Database\BaseConnection->simpleQuery('SELECT `peminja...')
#3 C:\xampp\htdocs\perpus\system\Database\BaseBuilder.php(1649): CodeIgniter\Database\BaseConnection->query('SELECT `peminja...', Array, false)
#4 C:\xampp\htdocs\perpus\system\Model.php(330): CodeIgniter\Database\BaseBuilder->get()
#5 C:\xampp\htdocs\perpus\system\BaseModel.php(715): CodeIgniter\Model->doFirst()
#6 C:\xampp\htdocs\perpus\app\Controllers\peminjaman.php(111): CodeIgniter\BaseModel->first()
#7 C:\xampp\htdocs\perpus\system\CodeIgniter.php(933): App\Controllers\Peminjaman->detail('69')
#8 C:\xampp\htdocs\perpus\system\CodeIgniter.php(507): CodeIgniter\CodeIgniter->runController(Object(App\Controllers\Peminjaman))
#9 C:\xampp\htdocs\perpus\system\CodeIgniter.php(354): CodeIgniter\CodeIgniter->handleRequest(NULL, Object(Config\Cache), false)
#10 C:\xampp\htdocs\perpus\system\Boot.php(363): CodeIgniter\CodeIgniter->run()
#11 C:\xampp\htdocs\perpus\system\Boot.php(68): CodeIgniter\Boot::runCodeIgniter(Object(CodeIgniter\CodeIgniter))
#12 C:\xampp\htdocs\perpus\index.php(59): CodeIgniter\Boot::bootWeb(Object(Config\Paths))
#13 {main}
CRITICAL - 2026-04-24 18:09:25 --> CodeIgniter\Database\Exceptions\DatabaseException: Unknown column 'users.nama' in 'field list'
[Method: GET, Route: peminjaman/detail/69]
in SYSTEMPATH\Database\BaseConnection.php on line 684.
 1 SYSTEMPATH\Database\BaseBuilder.php(1649): CodeIgniter\Database\BaseConnection->query('SELECT `peminjaman`.*, `buku`.`judul`, `users`.`nama`
FROM `peminjaman`
JOIN `buku` ON `buku`.`id_buku` = `peminjaman`.`id_buku`
JOIN `users` as `anggota` ON `anggota`.`id` = `peminjaman`.`id_anggota`
JOIN `users` as `petugas` ON `petugas`.`id` = `peminjaman`.`id_petugas`
WHERE `id_peminjaman` = :id_peminjaman:
 LIMIT 1', [...], false)
 2 SYSTEMPATH\Model.php(330): CodeIgniter\Database\BaseBuilder->get()
 3 SYSTEMPATH\BaseModel.php(715): CodeIgniter\Model->doFirst()
 4 APPPATH\Controllers\peminjaman.php(111): CodeIgniter\BaseModel->first()
 5 SYSTEMPATH\CodeIgniter.php(933): App\Controllers\Peminjaman->detail('69')
 6 SYSTEMPATH\CodeIgniter.php(507): CodeIgniter\CodeIgniter->runController(Object(App\Controllers\Peminjaman))
 7 SYSTEMPATH\CodeIgniter.php(354): CodeIgniter\CodeIgniter->handleRequest(null, Object(Config\Cache), false)
 8 SYSTEMPATH\Boot.php(363): CodeIgniter\CodeIgniter->run()
 9 SYSTEMPATH\Boot.php(68): CodeIgniter\Boot::runCodeIgniter(Object(CodeIgniter\CodeIgniter))
10 FCPATH\index.php(59): CodeIgniter\Boot::bootWeb(Object(Config\Paths))
CRITICAL - 2026-04-24 18:09:25 --> [Caused by] CodeIgniter\Database\Exceptions\DatabaseException: Unknown column 'users.nama' in 'field list'
in SYSTEMPATH\Database\MySQLi\Connection.php on line 332.
 1 SYSTEMPATH\Database\BaseConnection.php(729): CodeIgniter\Database\MySQLi\Connection->execute('SELECT `peminjaman`.*, `buku`.`judul`, `users`.`nama`
FROM `peminjaman`
JOIN `buku` ON `buku`.`id_buku` = `peminjaman`.`id_buku`
JOIN `users` as `anggota` ON `anggota`.`id` = `peminjaman`.`id_anggota`
JOIN `users` as `petugas` ON `petugas`.`id` = `peminjaman`.`id_petugas`
WHERE `id_peminjaman` = \'69\'
 LIMIT 1')
 2 SYSTEMPATH\Database\BaseConnection.php(646): CodeIgniter\Database\BaseConnection->simpleQuery('SELECT `peminjaman`.*, `buku`.`judul`, `users`.`nama`
FROM `peminjaman`
JOIN `buku` ON `buku`.`id_buku` = `peminjaman`.`id_buku`
JOIN `users` as `anggota` ON `anggota`.`id` = `peminjaman`.`id_anggota`
JOIN `users` as `petugas` ON `petugas`.`id` = `peminjaman`.`id_petugas`
WHERE `id_peminjaman` = \'69\'
 LIMIT 1')
 3 SYSTEMPATH\Database\BaseBuilder.php(1649): CodeIgniter\Database\BaseConnection->query('SELECT `peminjaman`.*, `buku`.`judul`, `users`.`nama`
FROM `peminjaman`
JOIN `buku` ON `buku`.`id_buku` = `peminjaman`.`id_buku`
JOIN `users` as `anggota` ON `anggota`.`id` = `peminjaman`.`id_anggota`
JOIN `users` as `petugas` ON `petugas`.`id` = `peminjaman`.`id_petugas`
WHERE `id_peminjaman` = :id_peminjaman:
 LIMIT 1', [...], false)
 4 SYSTEMPATH\Model.php(330): CodeIgniter\Database\BaseBuilder->get()
 5 SYSTEMPATH\BaseModel.php(715): CodeIgniter\Model->doFirst()
 6 APPPATH\Controllers\peminjaman.php(111): CodeIgniter\BaseModel->first()
 7 SYSTEMPATH\CodeIgniter.php(933): App\Controllers\Peminjaman->detail('69')
 8 SYSTEMPATH\CodeIgniter.php(507): CodeIgniter\CodeIgniter->runController(Object(App\Controllers\Peminjaman))
 9 SYSTEMPATH\CodeIgniter.php(354): CodeIgniter\CodeIgniter->handleRequest(null, Object(Config\Cache), false)
10 SYSTEMPATH\Boot.php(363): CodeIgniter\CodeIgniter->run()
11 SYSTEMPATH\Boot.php(68): CodeIgniter\Boot::runCodeIgniter(Object(CodeIgniter\CodeIgniter))
12 FCPATH\index.php(59): CodeIgniter\Boot::bootWeb(Object(Config\Paths))
CRITICAL - 2026-04-24 18:09:25 --> [Caused by] mysqli_sql_exception: Unknown column 'users.nama' in 'field list'
in SYSTEMPATH\Database\MySQLi\Connection.php on line 327.
 1 SYSTEMPATH\Database\MySQLi\Connection.php(327): mysqli->query('SELECT `peminjaman`.*, `buku`.`judul`, `users`.`nama`
FROM `peminjaman`
JOIN `buku` ON `buku`.`id_buku` = `peminjaman`.`id_buku`
JOIN `users` as `anggota` ON `anggota`.`id` = `peminjaman`.`id_anggota`
JOIN `users` as `petugas` ON `petugas`.`id` = `peminjaman`.`id_petugas`
WHERE `id_peminjaman` = \'69\'
 LIMIT 1', 0)
 2 SYSTEMPATH\Database\BaseConnection.php(729): CodeIgniter\Database\MySQLi\Connection->execute('SELECT `peminjaman`.*, `buku`.`judul`, `users`.`nama`
FROM `peminjaman`
JOIN `buku` ON `buku`.`id_buku` = `peminjaman`.`id_buku`
JOIN `users` as `anggota` ON `anggota`.`id` = `peminjaman`.`id_anggota`
JOIN `users` as `petugas` ON `petugas`.`id` = `peminjaman`.`id_petugas`
WHERE `id_peminjaman` = \'69\'
 LIMIT 1')
 3 SYSTEMPATH\Database\BaseConnection.php(646): CodeIgniter\Database\BaseConnection->simpleQuery('SELECT `peminjaman`.*, `buku`.`judul`, `users`.`nama`
FROM `peminjaman`
JOIN `buku` ON `buku`.`id_buku` = `peminjaman`.`id_buku`
JOIN `users` as `anggota` ON `anggota`.`id` = `peminjaman`.`id_anggota`
JOIN `users` as `petugas` ON `petugas`.`id` = `peminjaman`.`id_petugas`
WHERE `id_peminjaman` = \'69\'
 LIMIT 1')
 4 SYSTEMPATH\Database\BaseBuilder.php(1649): CodeIgniter\Database\BaseConnection->query('SELECT `peminjaman`.*, `buku`.`judul`, `users`.`nama`
FROM `peminjaman`
JOIN `buku` ON `buku`.`id_buku` = `peminjaman`.`id_buku`
JOIN `users` as `anggota` ON `anggota`.`id` = `peminjaman`.`id_anggota`
JOIN `users` as `petugas` ON `petugas`.`id` = `peminjaman`.`id_petugas`
WHERE `id_peminjaman` = :id_peminjaman:
 LIMIT 1', [...], false)
 5 SYSTEMPATH\Model.php(330): CodeIgniter\Database\BaseBuilder->get()
 6 SYSTEMPATH\BaseModel.php(715): CodeIgniter\Model->doFirst()
 7 APPPATH\Controllers\peminjaman.php(111): CodeIgniter\BaseModel->first()
 8 SYSTEMPATH\CodeIgniter.php(933): App\Controllers\Peminjaman->detail('69')
 9 SYSTEMPATH\CodeIgniter.php(507): CodeIgniter\CodeIgniter->runController(Object(App\Controllers\Peminjaman))
10 SYSTEMPATH\CodeIgniter.php(354): CodeIgniter\CodeIgniter->handleRequest(null, Object(Config\Cache), false)
11 SYSTEMPATH\Boot.php(363): CodeIgniter\CodeIgniter->run()
12 SYSTEMPATH\Boot.php(68): CodeIgniter\Boot::runCodeIgniter(Object(CodeIgniter\CodeIgniter))
13 FCPATH\index.php(59): CodeIgniter\Boot::bootWeb(Object(Config\Paths))
ERROR - 2026-04-24 18:10:06 --> mysqli_sql_exception: Unknown column 'users.nama' in 'field list' in C:\xampp\htdocs\perpus\system\Database\MySQLi\Connection.php:327
Stack trace:
#0 C:\xampp\htdocs\perpus\system\Database\MySQLi\Connection.php(327): mysqli->query('SELECT `peminja...', 0)
#1 C:\xampp\htdocs\perpus\system\Database\BaseConnection.php(729): CodeIgniter\Database\MySQLi\Connection->execute('SELECT `peminja...')
#2 C:\xampp\htdocs\perpus\system\Database\BaseConnection.php(646): CodeIgniter\Database\BaseConnection->simpleQuery('SELECT `peminja...')
#3 C:\xampp\htdocs\perpus\system\Database\BaseBuilder.php(1649): CodeIgniter\Database\BaseConnection->query('SELECT `peminja...', Array, false)
#4 C:\xampp\htdocs\perpus\system\Model.php(330): CodeIgniter\Database\BaseBuilder->get()
#5 C:\xampp\htdocs\perpus\system\BaseModel.php(715): CodeIgniter\Model->doFirst()
#6 C:\xampp\htdocs\perpus\app\Controllers\peminjaman.php(111): CodeIgniter\BaseModel->first()
#7 C:\xampp\htdocs\perpus\system\CodeIgniter.php(933): App\Controllers\Peminjaman->detail('69')
#8 C:\xampp\htdocs\perpus\system\CodeIgniter.php(507): CodeIgniter\CodeIgniter->runController(Object(App\Controllers\Peminjaman))
#9 C:\xampp\htdocs\perpus\system\CodeIgniter.php(354): CodeIgniter\CodeIgniter->handleRequest(NULL, Object(Config\Cache), false)
#10 C:\xampp\htdocs\perpus\system\Boot.php(363): CodeIgniter\CodeIgniter->run()
#11 C:\xampp\htdocs\perpus\system\Boot.php(68): CodeIgniter\Boot::runCodeIgniter(Object(CodeIgniter\CodeIgniter))
#12 C:\xampp\htdocs\perpus\index.php(59): CodeIgniter\Boot::bootWeb(Object(Config\Paths))
#13 {main}
CRITICAL - 2026-04-24 18:10:06 --> CodeIgniter\Database\Exceptions\DatabaseException: Unknown column 'users.nama' in 'field list'
[Method: GET, Route: peminjaman/detail/69]
in SYSTEMPATH\Database\BaseConnection.php on line 684.
 1 SYSTEMPATH\Database\BaseBuilder.php(1649): CodeIgniter\Database\BaseConnection->query('SELECT `peminjaman`.*, `buku`.`judul`, `users`.`nama` as `nama_petugas`, `anggota`.`nama` as `nama_anggota`
FROM `peminjaman`
JOIN `buku` ON `buku`.`id_buku` = `peminjaman`.`id_buku`
JOIN `users` as `anggota` ON `anggota`.`id` = `peminjaman`.`id_anggota`
JOIN `users` as `petugas` ON `petugas`.`id` = `peminjaman`.`id_petugas`
WHERE `id_peminjaman` = :id_peminjaman:
 LIMIT 1', [...], false)
 2 SYSTEMPATH\Model.php(330): CodeIgniter\Database\BaseBuilder->get()
 3 SYSTEMPATH\BaseModel.php(715): CodeIgniter\Model->doFirst()
 4 APPPATH\Controllers\peminjaman.php(111): CodeIgniter\BaseModel->first()
 5 SYSTEMPATH\CodeIgniter.php(933): App\Controllers\Peminjaman->detail('69')
 6 SYSTEMPATH\CodeIgniter.php(507): CodeIgniter\CodeIgniter->runController(Object(App\Controllers\Peminjaman))
 7 SYSTEMPATH\CodeIgniter.php(354): CodeIgniter\CodeIgniter->handleRequest(null, Object(Config\Cache), false)
 8 SYSTEMPATH\Boot.php(363): CodeIgniter\CodeIgniter->run()
 9 SYSTEMPATH\Boot.php(68): CodeIgniter\Boot::runCodeIgniter(Object(CodeIgniter\CodeIgniter))
10 FCPATH\index.php(59): CodeIgniter\Boot::bootWeb(Object(Config\Paths))
CRITICAL - 2026-04-24 18:10:06 --> [Caused by] CodeIgniter\Database\Exceptions\DatabaseException: Unknown column 'users.nama' in 'field list'
in SYSTEMPATH\Database\MySQLi\Connection.php on line 332.
 1 SYSTEMPATH\Database\BaseConnection.php(729): CodeIgniter\Database\MySQLi\Connection->execute('SELECT `peminjaman`.*, `buku`.`judul`, `users`.`nama` as `nama_petugas`, `anggota`.`nama` as `nama_anggota`
FROM `peminjaman`
JOIN `buku` ON `buku`.`id_buku` = `peminjaman`.`id_buku`
JOIN `users` as `anggota` ON `anggota`.`id` = `peminjaman`.`id_anggota`
JOIN `users` as `petugas` ON `petugas`.`id` = `peminjaman`.`id_petugas`
WHERE `id_peminjaman` = \'69\'
 LIMIT 1')
 2 SYSTEMPATH\Database\BaseConnection.php(646): CodeIgniter\Database\BaseConnection->simpleQuery('SELECT `peminjaman`.*, `buku`.`judul`, `users`.`nama` as `nama_petugas`, `anggota`.`nama` as `nama_anggota`
FROM `peminjaman`
JOIN `buku` ON `buku`.`id_buku` = `peminjaman`.`id_buku`
JOIN `users` as `anggota` ON `anggota`.`id` = `peminjaman`.`id_anggota`
JOIN `users` as `petugas` ON `petugas`.`id` = `peminjaman`.`id_petugas`
WHERE `id_peminjaman` = \'69\'
 LIMIT 1')
 3 SYSTEMPATH\Database\BaseBuilder.php(1649): CodeIgniter\Database\BaseConnection->query('SELECT `peminjaman`.*, `buku`.`judul`, `users`.`nama` as `nama_petugas`, `anggota`.`nama` as `nama_anggota`
FROM `peminjaman`
JOIN `buku` ON `buku`.`id_buku` = `peminjaman`.`id_buku`
JOIN `users` as `anggota` ON `anggota`.`id` = `peminjaman`.`id_anggota`
JOIN `users` as `petugas` ON `petugas`.`id` = `peminjaman`.`id_petugas`
WHERE `id_peminjaman` = :id_peminjaman:
 LIMIT 1', [...], false)
 4 SYSTEMPATH\Model.php(330): CodeIgniter\Database\BaseBuilder->get()
 5 SYSTEMPATH\BaseModel.php(715): CodeIgniter\Model->doFirst()
 6 APPPATH\Controllers\peminjaman.php(111): CodeIgniter\BaseModel->first()
 7 SYSTEMPATH\CodeIgniter.php(933): App\Controllers\Peminjaman->detail('69')
 8 SYSTEMPATH\CodeIgniter.php(507): CodeIgniter\CodeIgniter->runController(Object(App\Controllers\Peminjaman))
 9 SYSTEMPATH\CodeIgniter.php(354): CodeIgniter\CodeIgniter->handleRequest(null, Object(Config\Cache), false)
10 SYSTEMPATH\Boot.php(363): CodeIgniter\CodeIgniter->run()
11 SYSTEMPATH\Boot.php(68): CodeIgniter\Boot::runCodeIgniter(Object(CodeIgniter\CodeIgniter))
12 FCPATH\index.php(59): CodeIgniter\Boot::bootWeb(Object(Config\Paths))
CRITICAL - 2026-04-24 18:10:06 --> [Caused by] mysqli_sql_exception: Unknown column 'users.nama' in 'field list'
in SYSTEMPATH\Database\MySQLi\Connection.php on line 327.
 1 SYSTEMPATH\Database\MySQLi\Connection.php(327): mysqli->query('SELECT `peminjaman`.*, `buku`.`judul`, `users`.`nama` as `nama_petugas`, `anggota`.`nama` as `nama_anggota`
FROM `peminjaman`
JOIN `buku` ON `buku`.`id_buku` = `peminjaman`.`id_buku`
JOIN `users` as `anggota` ON `anggota`.`id` = `peminjaman`.`id_anggota`
JOIN `users` as `petugas` ON `petugas`.`id` = `peminjaman`.`id_petugas`
WHERE `id_peminjaman` = \'69\'
 LIMIT 1', 0)
 2 SYSTEMPATH\Database\BaseConnection.php(729): CodeIgniter\Database\MySQLi\Connection->execute('SELECT `peminjaman`.*, `buku`.`judul`, `users`.`nama` as `nama_petugas`, `anggota`.`nama` as `nama_anggota`
FROM `peminjaman`
JOIN `buku` ON `buku`.`id_buku` = `peminjaman`.`id_buku`
JOIN `users` as `anggota` ON `anggota`.`id` = `peminjaman`.`id_anggota`
JOIN `users` as `petugas` ON `petugas`.`id` = `peminjaman`.`id_petugas`
WHERE `id_peminjaman` = \'69\'
 LIMIT 1')
 3 SYSTEMPATH\Database\BaseConnection.php(646): CodeIgniter\Database\BaseConnection->simpleQuery('SELECT `peminjaman`.*, `buku`.`judul`, `users`.`nama` as `nama_petugas`, `anggota`.`nama` as `nama_anggota`
FROM `peminjaman`
JOIN `buku` ON `buku`.`id_buku` = `peminjaman`.`id_buku`
JOIN `users` as `anggota` ON `anggota`.`id` = `peminjaman`.`id_anggota`
JOIN `users` as `petugas` ON `petugas`.`id` = `peminjaman`.`id_petugas`
WHERE `id_peminjaman` = \'69\'
 LIMIT 1')
 4 SYSTEMPATH\Database\BaseBuilder.php(1649): CodeIgniter\Database\BaseConnection->query('SELECT `peminjaman`.*, `buku`.`judul`, `users`.`nama` as `nama_petugas`, `anggota`.`nama` as `nama_anggota`
FROM `peminjaman`
JOIN `buku` ON `buku`.`id_buku` = `peminjaman`.`id_buku`
JOIN `users` as `anggota` ON `anggota`.`id` = `peminjaman`.`id_anggota`
JOIN `users` as `petugas` ON `petugas`.`id` = `peminjaman`.`id_petugas`
WHERE `id_peminjaman` = :id_peminjaman:
 LIMIT 1', [...], false)
 5 SYSTEMPATH\Model.php(330): CodeIgniter\Database\BaseBuilder->get()
 6 SYSTEMPATH\BaseModel.php(715): CodeIgniter\Model->doFirst()
 7 APPPATH\Controllers\peminjaman.php(111): CodeIgniter\BaseModel->first()
 8 SYSTEMPATH\CodeIgniter.php(933): App\Controllers\Peminjaman->detail('69')
 9 SYSTEMPATH\CodeIgniter.php(507): CodeIgniter\CodeIgniter->runController(Object(App\Controllers\Peminjaman))
10 SYSTEMPATH\CodeIgniter.php(354): CodeIgniter\CodeIgniter->handleRequest(null, Object(Config\Cache), false)
11 SYSTEMPATH\Boot.php(363): CodeIgniter\CodeIgniter->run()
12 SYSTEMPATH\Boot.php(68): CodeIgniter\Boot::runCodeIgniter(Object(CodeIgniter\CodeIgniter))
13 FCPATH\index.php(59): CodeIgniter\Boot::bootWeb(Object(Config\Paths))
ERROR - 2026-04-24 18:11:57 --> mysqli_sql_exception: Unknown column 'buku.judul' in 'field list' in C:\xampp\htdocs\perpus\system\Database\MySQLi\Connection.php:327
Stack trace:
#0 C:\xampp\htdocs\perpus\system\Database\MySQLi\Connection.php(327): mysqli->query('SELECT `peminja...', 0)
#1 C:\xampp\htdocs\perpus\system\Database\BaseConnection.php(729): CodeIgniter\Database\MySQLi\Connection->execute('SELECT `peminja...')
#2 C:\xampp\htdocs\perpus\system\Database\BaseConnection.php(646): CodeIgniter\Database\BaseConnection->simpleQuery('SELECT `peminja...')
#3 C:\xampp\htdocs\perpus\system\Database\BaseBuilder.php(1649): CodeIgniter\Database\BaseConnection->query('SELECT `peminja...', Array, false)
#4 C:\xampp\htdocs\perpus\system\Model.php(330): CodeIgniter\Database\BaseBuilder->get()
#5 C:\xampp\htdocs\perpus\system\BaseModel.php(715): CodeIgniter\Model->doFirst()
#6 C:\xampp\htdocs\perpus\app\Controllers\peminjaman.php(110): CodeIgniter\BaseModel->first()
#7 C:\xampp\htdocs\perpus\system\CodeIgniter.php(933): App\Controllers\Peminjaman->detail('69')
#8 C:\xampp\htdocs\perpus\system\CodeIgniter.php(507): CodeIgniter\CodeIgniter->runController(Object(App\Controllers\Peminjaman))
#9 C:\xampp\htdocs\perpus\system\CodeIgniter.php(354): CodeIgniter\CodeIgniter->handleRequest(NULL, Object(Config\Cache), false)
#10 C:\xampp\htdocs\perpus\system\Boot.php(363): CodeIgniter\CodeIgniter->run()
#11 C:\xampp\htdocs\perpus\system\Boot.php(68): CodeIgniter\Boot::runCodeIgniter(Object(CodeIgniter\CodeIgniter))
#12 C:\xampp\htdocs\perpus\index.php(59): CodeIgniter\Boot::bootWeb(Object(Config\Paths))
#13 {main}
CRITICAL - 2026-04-24 18:11:57 --> CodeIgniter\Database\Exceptions\DatabaseException: Unknown column 'buku.judul' in 'field list'
[Method: GET, Route: peminjaman/detail/69]
in SYSTEMPATH\Database\BaseConnection.php on line 684.
 1 SYSTEMPATH\Database\BaseBuilder.php(1649): CodeIgniter\Database\BaseConnection->query('SELECT `peminjaman`.*, `buku`.`judul`, `anggota`.`username` as `nama_anggota`, `petugas`.`username` as `nama_petugas`
FROM `peminjaman`
JOIN `users` as `anggota` ON `anggota`.`id_user` = `peminjaman`.`id_anggota`
JOIN `users` as `petugas` ON `petugas`.`id_user` = `peminjaman`.`id_petugas`
WHERE `id_peminjaman` = :id_peminjaman:
 LIMIT 1', [...], false)
 2 SYSTEMPATH\Model.php(330): CodeIgniter\Database\BaseBuilder->get()
 3 SYSTEMPATH\BaseModel.php(715): CodeIgniter\Model->doFirst()
 4 APPPATH\Controllers\peminjaman.php(110): CodeIgniter\BaseModel->first()
 5 SYSTEMPATH\CodeIgniter.php(933): App\Controllers\Peminjaman->detail('69')
 6 SYSTEMPATH\CodeIgniter.php(507): CodeIgniter\CodeIgniter->runController(Object(App\Controllers\Peminjaman))
 7 SYSTEMPATH\CodeIgniter.php(354): CodeIgniter\CodeIgniter->handleRequest(null, Object(Config\Cache), false)
 8 SYSTEMPATH\Boot.php(363): CodeIgniter\CodeIgniter->run()
 9 SYSTEMPATH\Boot.php(68): CodeIgniter\Boot::runCodeIgniter(Object(CodeIgniter\CodeIgniter))
10 FCPATH\index.php(59): CodeIgniter\Boot::bootWeb(Object(Config\Paths))
CRITICAL - 2026-04-24 18:11:57 --> [Caused by] CodeIgniter\Database\Exceptions\DatabaseException: Unknown column 'buku.judul' in 'field list'
in SYSTEMPATH\Database\MySQLi\Connection.php on line 332.
 1 SYSTEMPATH\Database\BaseConnection.php(729): CodeIgniter\Database\MySQLi\Connection->execute('SELECT `peminjaman`.*, `buku`.`judul`, `anggota`.`username` as `nama_anggota`, `petugas`.`username` as `nama_petugas`
FROM `peminjaman`
JOIN `users` as `anggota` ON `anggota`.`id_user` = `peminjaman`.`id_anggota`
JOIN `users` as `petugas` ON `petugas`.`id_user` = `peminjaman`.`id_petugas`
WHERE `id_peminjaman` = \'69\'
 LIMIT 1')
 2 SYSTEMPATH\Database\BaseConnection.php(646): CodeIgniter\Database\BaseConnection->simpleQuery('SELECT `peminjaman`.*, `buku`.`judul`, `anggota`.`username` as `nama_anggota`, `petugas`.`username` as `nama_petugas`
FROM `peminjaman`
JOIN `users` as `anggota` ON `anggota`.`id_user` = `peminjaman`.`id_anggota`
JOIN `users` as `petugas` ON `petugas`.`id_user` = `peminjaman`.`id_petugas`
WHERE `id_peminjaman` = \'69\'
 LIMIT 1')
 3 SYSTEMPATH\Database\BaseBuilder.php(1649): CodeIgniter\Database\BaseConnection->query('SELECT `peminjaman`.*, `buku`.`judul`, `anggota`.`username` as `nama_anggota`, `petugas`.`username` as `nama_petugas`
FROM `peminjaman`
JOIN `users` as `anggota` ON `anggota`.`id_user` = `peminjaman`.`id_anggota`
JOIN `users` as `petugas` ON `petugas`.`id_user` = `peminjaman`.`id_petugas`
WHERE `id_peminjaman` = :id_peminjaman:
 LIMIT 1', [...], false)
 4 SYSTEMPATH\Model.php(330): CodeIgniter\Database\BaseBuilder->get()
 5 SYSTEMPATH\BaseModel.php(715): CodeIgniter\Model->doFirst()
 6 APPPATH\Controllers\peminjaman.php(110): CodeIgniter\BaseModel->first()
 7 SYSTEMPATH\CodeIgniter.php(933): App\Controllers\Peminjaman->detail('69')
 8 SYSTEMPATH\CodeIgniter.php(507): CodeIgniter\CodeIgniter->runController(Object(App\Controllers\Peminjaman))
 9 SYSTEMPATH\CodeIgniter.php(354): CodeIgniter\CodeIgniter->handleRequest(null, Object(Config\Cache), false)
10 SYSTEMPATH\Boot.php(363): CodeIgniter\CodeIgniter->run()
11 SYSTEMPATH\Boot.php(68): CodeIgniter\Boot::runCodeIgniter(Object(CodeIgniter\CodeIgniter))
12 FCPATH\index.php(59): CodeIgniter\Boot::bootWeb(Object(Config\Paths))
CRITICAL - 2026-04-24 18:11:57 --> [Caused by] mysqli_sql_exception: Unknown column 'buku.judul' in 'field list'
in SYSTEMPATH\Database\MySQLi\Connection.php on line 327.
 1 SYSTEMPATH\Database\MySQLi\Connection.php(327): mysqli->query('SELECT `peminjaman`.*, `buku`.`judul`, `anggota`.`username` as `nama_anggota`, `petugas`.`username` as `nama_petugas`
FROM `peminjaman`
JOIN `users` as `anggota` ON `anggota`.`id_user` = `peminjaman`.`id_anggota`
JOIN `users` as `petugas` ON `petugas`.`id_user` = `peminjaman`.`id_petugas`
WHERE `id_peminjaman` = \'69\'
 LIMIT 1', 0)
 2 SYSTEMPATH\Database\BaseConnection.php(729): CodeIgniter\Database\MySQLi\Connection->execute('SELECT `peminjaman`.*, `buku`.`judul`, `anggota`.`username` as `nama_anggota`, `petugas`.`username` as `nama_petugas`
FROM `peminjaman`
JOIN `users` as `anggota` ON `anggota`.`id_user` = `peminjaman`.`id_anggota`
JOIN `users` as `petugas` ON `petugas`.`id_user` = `peminjaman`.`id_petugas`
WHERE `id_peminjaman` = \'69\'
 LIMIT 1')
 3 SYSTEMPATH\Database\BaseConnection.php(646): CodeIgniter\Database\BaseConnection->simpleQuery('SELECT `peminjaman`.*, `buku`.`judul`, `anggota`.`username` as `nama_anggota`, `petugas`.`username` as `nama_petugas`
FROM `peminjaman`
JOIN `users` as `anggota` ON `anggota`.`id_user` = `peminjaman`.`id_anggota`
JOIN `users` as `petugas` ON `petugas`.`id_user` = `peminjaman`.`id_petugas`
WHERE `id_peminjaman` = \'69\'
 LIMIT 1')
 4 SYSTEMPATH\Database\BaseBuilder.php(1649): CodeIgniter\Database\BaseConnection->query('SELECT `peminjaman`.*, `buku`.`judul`, `anggota`.`username` as `nama_anggota`, `petugas`.`username` as `nama_petugas`
FROM `peminjaman`
JOIN `users` as `anggota` ON `anggota`.`id_user` = `peminjaman`.`id_anggota`
JOIN `users` as `petugas` ON `petugas`.`id_user` = `peminjaman`.`id_petugas`
WHERE `id_peminjaman` = :id_peminjaman:
 LIMIT 1', [...], false)
 5 SYSTEMPATH\Model.php(330): CodeIgniter\Database\BaseBuilder->get()
 6 SYSTEMPATH\BaseModel.php(715): CodeIgniter\Model->doFirst()
 7 APPPATH\Controllers\peminjaman.php(110): CodeIgniter\BaseModel->first()
 8 SYSTEMPATH\CodeIgniter.php(933): App\Controllers\Peminjaman->detail('69')
 9 SYSTEMPATH\CodeIgniter.php(507): CodeIgniter\CodeIgniter->runController(Object(App\Controllers\Peminjaman))
10 SYSTEMPATH\CodeIgniter.php(354): CodeIgniter\CodeIgniter->handleRequest(null, Object(Config\Cache), false)
11 SYSTEMPATH\Boot.php(363): CodeIgniter\CodeIgniter->run()
12 SYSTEMPATH\Boot.php(68): CodeIgniter\Boot::runCodeIgniter(Object(CodeIgniter\CodeIgniter))
13 FCPATH\index.php(59): CodeIgniter\Boot::bootWeb(Object(Config\Paths))
ERROR - 2026-04-24 18:11:58 --> mysqli_sql_exception: Unknown column 'buku.judul' in 'field list' in C:\xampp\htdocs\perpus\system\Database\MySQLi\Connection.php:327
Stack trace:
#0 C:\xampp\htdocs\perpus\system\Database\MySQLi\Connection.php(327): mysqli->query('SELECT `peminja...', 0)
#1 C:\xampp\htdocs\perpus\system\Database\BaseConnection.php(729): CodeIgniter\Database\MySQLi\Connection->execute('SELECT `peminja...')
#2 C:\xampp\htdocs\perpus\system\Database\BaseConnection.php(646): CodeIgniter\Database\BaseConnection->simpleQuery('SELECT `peminja...')
#3 C:\xampp\htdocs\perpus\system\Database\BaseBuilder.php(1649): CodeIgniter\Database\BaseConnection->query('SELECT `peminja...', Array, false)
#4 C:\xampp\htdocs\perpus\system\Model.php(330): CodeIgniter\Database\BaseBuilder->get()
#5 C:\xampp\htdocs\perpus\system\BaseModel.php(715): CodeIgniter\Model->doFirst()
#6 C:\xampp\htdocs\perpus\app\Controllers\peminjaman.php(110): CodeIgniter\BaseModel->first()
#7 C:\xampp\htdocs\perpus\system\CodeIgniter.php(933): App\Controllers\Peminjaman->detail('69')
#8 C:\xampp\htdocs\perpus\system\CodeIgniter.php(507): CodeIgniter\CodeIgniter->runController(Object(App\Controllers\Peminjaman))
#9 C:\xampp\htdocs\perpus\system\CodeIgniter.php(354): CodeIgniter\CodeIgniter->handleRequest(NULL, Object(Config\Cache), false)
#10 C:\xampp\htdocs\perpus\system\Boot.php(363): CodeIgniter\CodeIgniter->run()
#11 C:\xampp\htdocs\perpus\system\Boot.php(68): CodeIgniter\Boot::runCodeIgniter(Object(CodeIgniter\CodeIgniter))
#12 C:\xampp\htdocs\perpus\index.php(59): CodeIgniter\Boot::bootWeb(Object(Config\Paths))
#13 {main}
CRITICAL - 2026-04-24 18:11:58 --> CodeIgniter\Database\Exceptions\DatabaseException: Unknown column 'buku.judul' in 'field list'
[Method: GET, Route: peminjaman/detail/69]
in SYSTEMPATH\Database\BaseConnection.php on line 684.
 1 SYSTEMPATH\Database\BaseBuilder.php(1649): CodeIgniter\Database\BaseConnection->query('SELECT `peminjaman`.*, `buku`.`judul`, `anggota`.`username` as `nama_anggota`, `petugas`.`username` as `nama_petugas`
FROM `peminjaman`
JOIN `users` as `anggota` ON `anggota`.`id_user` = `peminjaman`.`id_anggota`
JOIN `users` as `petugas` ON `petugas`.`id_user` = `peminjaman`.`id_petugas`
WHERE `id_peminjaman` = :id_peminjaman:
 LIMIT 1', [...], false)
 2 SYSTEMPATH\Model.php(330): CodeIgniter\Database\BaseBuilder->get()
 3 SYSTEMPATH\BaseModel.php(715): CodeIgniter\Model->doFirst()
 4 APPPATH\Controllers\peminjaman.php(110): CodeIgniter\BaseModel->first()
 5 SYSTEMPATH\CodeIgniter.php(933): App\Controllers\Peminjaman->detail('69')
 6 SYSTEMPATH\CodeIgniter.php(507): CodeIgniter\CodeIgniter->runController(Object(App\Controllers\Peminjaman))
 7 SYSTEMPATH\CodeIgniter.php(354): CodeIgniter\CodeIgniter->handleRequest(null, Object(Config\Cache), false)
 8 SYSTEMPATH\Boot.php(363): CodeIgniter\CodeIgniter->run()
 9 SYSTEMPATH\Boot.php(68): CodeIgniter\Boot::runCodeIgniter(Object(CodeIgniter\CodeIgniter))
10 FCPATH\index.php(59): CodeIgniter\Boot::bootWeb(Object(Config\Paths))
CRITICAL - 2026-04-24 18:11:58 --> [Caused by] CodeIgniter\Database\Exceptions\DatabaseException: Unknown column 'buku.judul' in 'field list'
in SYSTEMPATH\Database\MySQLi\Connection.php on line 332.
 1 SYSTEMPATH\Database\BaseConnection.php(729): CodeIgniter\Database\MySQLi\Connection->execute('SELECT `peminjaman`.*, `buku`.`judul`, `anggota`.`username` as `nama_anggota`, `petugas`.`username` as `nama_petugas`
FROM `peminjaman`
JOIN `users` as `anggota` ON `anggota`.`id_user` = `peminjaman`.`id_anggota`
JOIN `users` as `petugas` ON `petugas`.`id_user` = `peminjaman`.`id_petugas`
WHERE `id_peminjaman` = \'69\'
 LIMIT 1')
 2 SYSTEMPATH\Database\BaseConnection.php(646): CodeIgniter\Database\BaseConnection->simpleQuery('SELECT `peminjaman`.*, `buku`.`judul`, `anggota`.`username` as `nama_anggota`, `petugas`.`username` as `nama_petugas`
FROM `peminjaman`
JOIN `users` as `anggota` ON `anggota`.`id_user` = `peminjaman`.`id_anggota`
JOIN `users` as `petugas` ON `petugas`.`id_user` = `peminjaman`.`id_petugas`
WHERE `id_peminjaman` = \'69\'
 LIMIT 1')
 3 SYSTEMPATH\Database\BaseBuilder.php(1649): CodeIgniter\Database\BaseConnection->query('SELECT `peminjaman`.*, `buku`.`judul`, `anggota`.`username` as `nama_anggota`, `petugas`.`username` as `nama_petugas`
FROM `peminjaman`
JOIN `users` as `anggota` ON `anggota`.`id_user` = `peminjaman`.`id_anggota`
JOIN `users` as `petugas` ON `petugas`.`id_user` = `peminjaman`.`id_petugas`
WHERE `id_peminjaman` = :id_peminjaman:
 LIMIT 1', [...], false)
 4 SYSTEMPATH\Model.php(330): CodeIgniter\Database\BaseBuilder->get()
 5 SYSTEMPATH\BaseModel.php(715): CodeIgniter\Model->doFirst()
 6 APPPATH\Controllers\peminjaman.php(110): CodeIgniter\BaseModel->first()
 7 SYSTEMPATH\CodeIgniter.php(933): App\Controllers\Peminjaman->detail('69')
 8 SYSTEMPATH\CodeIgniter.php(507): CodeIgniter\CodeIgniter->runController(Object(App\Controllers\Peminjaman))
 9 SYSTEMPATH\CodeIgniter.php(354): CodeIgniter\CodeIgniter->handleRequest(null, Object(Config\Cache), false)
10 SYSTEMPATH\Boot.php(363): CodeIgniter\CodeIgniter->run()
11 SYSTEMPATH\Boot.php(68): CodeIgniter\Boot::runCodeIgniter(Object(CodeIgniter\CodeIgniter))
12 FCPATH\index.php(59): CodeIgniter\Boot::bootWeb(Object(Config\Paths))
CRITICAL - 2026-04-24 18:11:58 --> [Caused by] mysqli_sql_exception: Unknown column 'buku.judul' in 'field list'
in SYSTEMPATH\Database\MySQLi\Connection.php on line 327.
 1 SYSTEMPATH\Database\MySQLi\Connection.php(327): mysqli->query('SELECT `peminjaman`.*, `buku`.`judul`, `anggota`.`username` as `nama_anggota`, `petugas`.`username` as `nama_petugas`
FROM `peminjaman`
JOIN `users` as `anggota` ON `anggota`.`id_user` = `peminjaman`.`id_anggota`
JOIN `users` as `petugas` ON `petugas`.`id_user` = `peminjaman`.`id_petugas`
WHERE `id_peminjaman` = \'69\'
 LIMIT 1', 0)
 2 SYSTEMPATH\Database\BaseConnection.php(729): CodeIgniter\Database\MySQLi\Connection->execute('SELECT `peminjaman`.*, `buku`.`judul`, `anggota`.`username` as `nama_anggota`, `petugas`.`username` as `nama_petugas`
FROM `peminjaman`
JOIN `users` as `anggota` ON `anggota`.`id_user` = `peminjaman`.`id_anggota`
JOIN `users` as `petugas` ON `petugas`.`id_user` = `peminjaman`.`id_petugas`
WHERE `id_peminjaman` = \'69\'
 LIMIT 1')
 3 SYSTEMPATH\Database\BaseConnection.php(646): CodeIgniter\Database\BaseConnection->simpleQuery('SELECT `peminjaman`.*, `buku`.`judul`, `anggota`.`username` as `nama_anggota`, `petugas`.`username` as `nama_petugas`
FROM `peminjaman`
JOIN `users` as `anggota` ON `anggota`.`id_user` = `peminjaman`.`id_anggota`
JOIN `users` as `petugas` ON `petugas`.`id_user` = `peminjaman`.`id_petugas`
WHERE `id_peminjaman` = \'69\'
 LIMIT 1')
 4 SYSTEMPATH\Database\BaseBuilder.php(1649): CodeIgniter\Database\BaseConnection->query('SELECT `peminjaman`.*, `buku`.`judul`, `anggota`.`username` as `nama_anggota`, `petugas`.`username` as `nama_petugas`
FROM `peminjaman`
JOIN `users` as `anggota` ON `anggota`.`id_user` = `peminjaman`.`id_anggota`
JOIN `users` as `petugas` ON `petugas`.`id_user` = `peminjaman`.`id_petugas`
WHERE `id_peminjaman` = :id_peminjaman:
 LIMIT 1', [...], false)
 5 SYSTEMPATH\Model.php(330): CodeIgniter\Database\BaseBuilder->get()
 6 SYSTEMPATH\BaseModel.php(715): CodeIgniter\Model->doFirst()
 7 APPPATH\Controllers\peminjaman.php(110): CodeIgniter\BaseModel->first()
 8 SYSTEMPATH\CodeIgniter.php(933): App\Controllers\Peminjaman->detail('69')
 9 SYSTEMPATH\CodeIgniter.php(507): CodeIgniter\CodeIgniter->runController(Object(App\Controllers\Peminjaman))
10 SYSTEMPATH\CodeIgniter.php(354): CodeIgniter\CodeIgniter->handleRequest(null, Object(Config\Cache), false)
11 SYSTEMPATH\Boot.php(363): CodeIgniter\CodeIgniter->run()
12 SYSTEMPATH\Boot.php(68): CodeIgniter\Boot::runCodeIgniter(Object(CodeIgniter\CodeIgniter))
13 FCPATH\index.php(59): CodeIgniter\Boot::bootWeb(Object(Config\Paths))
ERROR - 2026-04-24 18:11:58 --> mysqli_sql_exception: Unknown column 'buku.judul' in 'field list' in C:\xampp\htdocs\perpus\system\Database\MySQLi\Connection.php:327
Stack trace:
#0 C:\xampp\htdocs\perpus\system\Database\MySQLi\Connection.php(327): mysqli->query('SELECT `peminja...', 0)
#1 C:\xampp\htdocs\perpus\system\Database\BaseConnection.php(729): CodeIgniter\Database\MySQLi\Connection->execute('SELECT `peminja...')
#2 C:\xampp\htdocs\perpus\system\Database\BaseConnection.php(646): CodeIgniter\Database\BaseConnection->simpleQuery('SELECT `peminja...')
#3 C:\xampp\htdocs\perpus\system\Database\BaseBuilder.php(1649): CodeIgniter\Database\BaseConnection->query('SELECT `peminja...', Array, false)
#4 C:\xampp\htdocs\perpus\system\Model.php(330): CodeIgniter\Database\BaseBuilder->get()
#5 C:\xampp\htdocs\perpus\system\BaseModel.php(715): CodeIgniter\Model->doFirst()
#6 C:\xampp\htdocs\perpus\app\Controllers\peminjaman.php(110): CodeIgniter\BaseModel->first()
#7 C:\xampp\htdocs\perpus\system\CodeIgniter.php(933): App\Controllers\Peminjaman->detail('69')
#8 C:\xampp\htdocs\perpus\system\CodeIgniter.php(507): CodeIgniter\CodeIgniter->runController(Object(App\Controllers\Peminjaman))
#9 C:\xampp\htdocs\perpus\system\CodeIgniter.php(354): CodeIgniter\CodeIgniter->handleRequest(NULL, Object(Config\Cache), false)
#10 C:\xampp\htdocs\perpus\system\Boot.php(363): CodeIgniter\CodeIgniter->run()
#11 C:\xampp\htdocs\perpus\system\Boot.php(68): CodeIgniter\Boot::runCodeIgniter(Object(CodeIgniter\CodeIgniter))
#12 C:\xampp\htdocs\perpus\index.php(59): CodeIgniter\Boot::bootWeb(Object(Config\Paths))
#13 {main}
CRITICAL - 2026-04-24 18:11:58 --> CodeIgniter\Database\Exceptions\DatabaseException: Unknown column 'buku.judul' in 'field list'
[Method: GET, Route: peminjaman/detail/69]
in SYSTEMPATH\Database\BaseConnection.php on line 684.
 1 SYSTEMPATH\Database\BaseBuilder.php(1649): CodeIgniter\Database\BaseConnection->query('SELECT `peminjaman`.*, `buku`.`judul`, `anggota`.`username` as `nama_anggota`, `petugas`.`username` as `nama_petugas`
FROM `peminjaman`
JOIN `users` as `anggota` ON `anggota`.`id_user` = `peminjaman`.`id_anggota`
JOIN `users` as `petugas` ON `petugas`.`id_user` = `peminjaman`.`id_petugas`
WHERE `id_peminjaman` = :id_peminjaman:
 LIMIT 1', [...], false)
 2 SYSTEMPATH\Model.php(330): CodeIgniter\Database\BaseBuilder->get()
 3 SYSTEMPATH\BaseModel.php(715): CodeIgniter\Model->doFirst()
 4 APPPATH\Controllers\peminjaman.php(110): CodeIgniter\BaseModel->first()
 5 SYSTEMPATH\CodeIgniter.php(933): App\Controllers\Peminjaman->detail('69')
 6 SYSTEMPATH\CodeIgniter.php(507): CodeIgniter\CodeIgniter->runController(Object(App\Controllers\Peminjaman))
 7 SYSTEMPATH\CodeIgniter.php(354): CodeIgniter\CodeIgniter->handleRequest(null, Object(Config\Cache), false)
 8 SYSTEMPATH\Boot.php(363): CodeIgniter\CodeIgniter->run()
 9 SYSTEMPATH\Boot.php(68): CodeIgniter\Boot::runCodeIgniter(Object(CodeIgniter\CodeIgniter))
10 FCPATH\index.php(59): CodeIgniter\Boot::bootWeb(Object(Config\Paths))
CRITICAL - 2026-04-24 18:11:58 --> [Caused by] CodeIgniter\Database\Exceptions\DatabaseException: Unknown column 'buku.judul' in 'field list'
in SYSTEMPATH\Database\MySQLi\Connection.php on line 332.
 1 SYSTEMPATH\Database\BaseConnection.php(729): CodeIgniter\Database\MySQLi\Connection->execute('SELECT `peminjaman`.*, `buku`.`judul`, `anggota`.`username` as `nama_anggota`, `petugas`.`username` as `nama_petugas`
FROM `peminjaman`
JOIN `users` as `anggota` ON `anggota`.`id_user` = `peminjaman`.`id_anggota`
JOIN `users` as `petugas` ON `petugas`.`id_user` = `peminjaman`.`id_petugas`
WHERE `id_peminjaman` = \'69\'
 LIMIT 1')
 2 SYSTEMPATH\Database\BaseConnection.php(646): CodeIgniter\Database\BaseConnection->simpleQuery('SELECT `peminjaman`.*, `buku`.`judul`, `anggota`.`username` as `nama_anggota`, `petugas`.`username` as `nama_petugas`
FROM `peminjaman`
JOIN `users` as `anggota` ON `anggota`.`id_user` = `peminjaman`.`id_anggota`
JOIN `users` as `petugas` ON `petugas`.`id_user` = `peminjaman`.`id_petugas`
WHERE `id_peminjaman` = \'69\'
 LIMIT 1')
 3 SYSTEMPATH\Database\BaseBuilder.php(1649): CodeIgniter\Database\BaseConnection->query('SELECT `peminjaman`.*, `buku`.`judul`, `anggota`.`username` as `nama_anggota`, `petugas`.`username` as `nama_petugas`
FROM `peminjaman`
JOIN `users` as `anggota` ON `anggota`.`id_user` = `peminjaman`.`id_anggota`
JOIN `users` as `petugas` ON `petugas`.`id_user` = `peminjaman`.`id_petugas`
WHERE `id_peminjaman` = :id_peminjaman:
 LIMIT 1', [...], false)
 4 SYSTEMPATH\Model.php(330): CodeIgniter\Database\BaseBuilder->get()
 5 SYSTEMPATH\BaseModel.php(715): CodeIgniter\Model->doFirst()
 6 APPPATH\Controllers\peminjaman.php(110): CodeIgniter\BaseModel->first()
 7 SYSTEMPATH\CodeIgniter.php(933): App\Controllers\Peminjaman->detail('69')
 8 SYSTEMPATH\CodeIgniter.php(507): CodeIgniter\CodeIgniter->runController(Object(App\Controllers\Peminjaman))
 9 SYSTEMPATH\CodeIgniter.php(354): CodeIgniter\CodeIgniter->handleRequest(null, Object(Config\Cache), false)
10 SYSTEMPATH\Boot.php(363): CodeIgniter\CodeIgniter->run()
11 SYSTEMPATH\Boot.php(68): CodeIgniter\Boot::runCodeIgniter(Object(CodeIgniter\CodeIgniter))
12 FCPATH\index.php(59): CodeIgniter\Boot::bootWeb(Object(Config\Paths))
CRITICAL - 2026-04-24 18:11:58 --> [Caused by] mysqli_sql_exception: Unknown column 'buku.judul' in 'field list'
in SYSTEMPATH\Database\MySQLi\Connection.php on line 327.
 1 SYSTEMPATH\Database\MySQLi\Connection.php(327): mysqli->query('SELECT `peminjaman`.*, `buku`.`judul`, `anggota`.`username` as `nama_anggota`, `petugas`.`username` as `nama_petugas`
FROM `peminjaman`
JOIN `users` as `anggota` ON `anggota`.`id_user` = `peminjaman`.`id_anggota`
JOIN `users` as `petugas` ON `petugas`.`id_user` = `peminjaman`.`id_petugas`
WHERE `id_peminjaman` = \'69\'
 LIMIT 1', 0)
 2 SYSTEMPATH\Database\BaseConnection.php(729): CodeIgniter\Database\MySQLi\Connection->execute('SELECT `peminjaman`.*, `buku`.`judul`, `anggota`.`username` as `nama_anggota`, `petugas`.`username` as `nama_petugas`
FROM `peminjaman`
JOIN `users` as `anggota` ON `anggota`.`id_user` = `peminjaman`.`id_anggota`
JOIN `users` as `petugas` ON `petugas`.`id_user` = `peminjaman`.`id_petugas`
WHERE `id_peminjaman` = \'69\'
 LIMIT 1')
 3 SYSTEMPATH\Database\BaseConnection.php(646): CodeIgniter\Database\BaseConnection->simpleQuery('SELECT `peminjaman`.*, `buku`.`judul`, `anggota`.`username` as `nama_anggota`, `petugas`.`username` as `nama_petugas`
FROM `peminjaman`
JOIN `users` as `anggota` ON `anggota`.`id_user` = `peminjaman`.`id_anggota`
JOIN `users` as `petugas` ON `petugas`.`id_user` = `peminjaman`.`id_petugas`
WHERE `id_peminjaman` = \'69\'
 LIMIT 1')
 4 SYSTEMPATH\Database\BaseBuilder.php(1649): CodeIgniter\Database\BaseConnection->query('SELECT `peminjaman`.*, `buku`.`judul`, `anggota`.`username` as `nama_anggota`, `petugas`.`username` as `nama_petugas`
FROM `peminjaman`
JOIN `users` as `anggota` ON `anggota`.`id_user` = `peminjaman`.`id_anggota`
JOIN `users` as `petugas` ON `petugas`.`id_user` = `peminjaman`.`id_petugas`
WHERE `id_peminjaman` = :id_peminjaman:
 LIMIT 1', [...], false)
 5 SYSTEMPATH\Model.php(330): CodeIgniter\Database\BaseBuilder->get()
 6 SYSTEMPATH\BaseModel.php(715): CodeIgniter\Model->doFirst()
 7 APPPATH\Controllers\peminjaman.php(110): CodeIgniter\BaseModel->first()
 8 SYSTEMPATH\CodeIgniter.php(933): App\Controllers\Peminjaman->detail('69')
 9 SYSTEMPATH\CodeIgniter.php(507): CodeIgniter\CodeIgniter->runController(Object(App\Controllers\Peminjaman))
10 SYSTEMPATH\CodeIgniter.php(354): CodeIgniter\CodeIgniter->handleRequest(null, Object(Config\Cache), false)
11 SYSTEMPATH\Boot.php(363): CodeIgniter\CodeIgniter->run()
12 SYSTEMPATH\Boot.php(68): CodeIgniter\Boot::runCodeIgniter(Object(CodeIgniter\CodeIgniter))
13 FCPATH\index.php(59): CodeIgniter\Boot::bootWeb(Object(Config\Paths))
ERROR - 2026-04-24 18:11:58 --> mysqli_sql_exception: Unknown column 'buku.judul' in 'field list' in C:\xampp\htdocs\perpus\system\Database\MySQLi\Connection.php:327
Stack trace:
#0 C:\xampp\htdocs\perpus\system\Database\MySQLi\Connection.php(327): mysqli->query('SELECT `peminja...', 0)
#1 C:\xampp\htdocs\perpus\system\Database\BaseConnection.php(729): CodeIgniter\Database\MySQLi\Connection->execute('SELECT `peminja...')
#2 C:\xampp\htdocs\perpus\system\Database\BaseConnection.php(646): CodeIgniter\Database\BaseConnection->simpleQuery('SELECT `peminja...')
#3 C:\xampp\htdocs\perpus\system\Database\BaseBuilder.php(1649): CodeIgniter\Database\BaseConnection->query('SELECT `peminja...', Array, false)
#4 C:\xampp\htdocs\perpus\system\Model.php(330): CodeIgniter\Database\BaseBuilder->get()
#5 C:\xampp\htdocs\perpus\system\BaseModel.php(715): CodeIgniter\Model->doFirst()
#6 C:\xampp\htdocs\perpus\app\Controllers\peminjaman.php(110): CodeIgniter\BaseModel->first()
#7 C:\xampp\htdocs\perpus\system\CodeIgniter.php(933): App\Controllers\Peminjaman->detail('69')
#8 C:\xampp\htdocs\perpus\system\CodeIgniter.php(507): CodeIgniter\CodeIgniter->runController(Object(App\Controllers\Peminjaman))
#9 C:\xampp\htdocs\perpus\system\CodeIgniter.php(354): CodeIgniter\CodeIgniter->handleRequest(NULL, Object(Config\Cache), false)
#10 C:\xampp\htdocs\perpus\system\Boot.php(363): CodeIgniter\CodeIgniter->run()
#11 C:\xampp\htdocs\perpus\system\Boot.php(68): CodeIgniter\Boot::runCodeIgniter(Object(CodeIgniter\CodeIgniter))
#12 C:\xampp\htdocs\perpus\index.php(59): CodeIgniter\Boot::bootWeb(Object(Config\Paths))
#13 {main}
CRITICAL - 2026-04-24 18:11:58 --> CodeIgniter\Database\Exceptions\DatabaseException: Unknown column 'buku.judul' in 'field list'
[Method: GET, Route: peminjaman/detail/69]
in SYSTEMPATH\Database\BaseConnection.php on line 684.
 1 SYSTEMPATH\Database\BaseBuilder.php(1649): CodeIgniter\Database\BaseConnection->query('SELECT `peminjaman`.*, `buku`.`judul`, `anggota`.`username` as `nama_anggota`, `petugas`.`username` as `nama_petugas`
FROM `peminjaman`
JOIN `users` as `anggota` ON `anggota`.`id_user` = `peminjaman`.`id_anggota`
JOIN `users` as `petugas` ON `petugas`.`id_user` = `peminjaman`.`id_petugas`
WHERE `id_peminjaman` = :id_peminjaman:
 LIMIT 1', [...], false)
 2 SYSTEMPATH\Model.php(330): CodeIgniter\Database\BaseBuilder->get()
 3 SYSTEMPATH\BaseModel.php(715): CodeIgniter\Model->doFirst()
 4 APPPATH\Controllers\peminjaman.php(110): CodeIgniter\BaseModel->first()
 5 SYSTEMPATH\CodeIgniter.php(933): App\Controllers\Peminjaman->detail('69')
 6 SYSTEMPATH\CodeIgniter.php(507): CodeIgniter\CodeIgniter->runController(Object(App\Controllers\Peminjaman))
 7 SYSTEMPATH\CodeIgniter.php(354): CodeIgniter\CodeIgniter->handleRequest(null, Object(Config\Cache), false)
 8 SYSTEMPATH\Boot.php(363): CodeIgniter\CodeIgniter->run()
 9 SYSTEMPATH\Boot.php(68): CodeIgniter\Boot::runCodeIgniter(Object(CodeIgniter\CodeIgniter))
10 FCPATH\index.php(59): CodeIgniter\Boot::bootWeb(Object(Config\Paths))
CRITICAL - 2026-04-24 18:11:58 --> [Caused by] CodeIgniter\Database\Exceptions\DatabaseException: Unknown column 'buku.judul' in 'field list'
in SYSTEMPATH\Database\MySQLi\Connection.php on line 332.
 1 SYSTEMPATH\Database\BaseConnection.php(729): CodeIgniter\Database\MySQLi\Connection->execute('SELECT `peminjaman`.*, `buku`.`judul`, `anggota`.`username` as `nama_anggota`, `petugas`.`username` as `nama_petugas`
FROM `peminjaman`
JOIN `users` as `anggota` ON `anggota`.`id_user` = `peminjaman`.`id_anggota`
JOIN `users` as `petugas` ON `petugas`.`id_user` = `peminjaman`.`id_petugas`
WHERE `id_peminjaman` = \'69\'
 LIMIT 1')
 2 SYSTEMPATH\Database\BaseConnection.php(646): CodeIgniter\Database\BaseConnection->simpleQuery('SELECT `peminjaman`.*, `buku`.`judul`, `anggota`.`username` as `nama_anggota`, `petugas`.`username` as `nama_petugas`
FROM `peminjaman`
JOIN `users` as `anggota` ON `anggota`.`id_user` = `peminjaman`.`id_anggota`
JOIN `users` as `petugas` ON `petugas`.`id_user` = `peminjaman`.`id_petugas`
WHERE `id_peminjaman` = \'69\'
 LIMIT 1')
 3 SYSTEMPATH\Database\BaseBuilder.php(1649): CodeIgniter\Database\BaseConnection->query('SELECT `peminjaman`.*, `buku`.`judul`, `anggota`.`username` as `nama_anggota`, `petugas`.`username` as `nama_petugas`
FROM `peminjaman`
JOIN `users` as `anggota` ON `anggota`.`id_user` = `peminjaman`.`id_anggota`
JOIN `users` as `petugas` ON `petugas`.`id_user` = `peminjaman`.`id_petugas`
WHERE `id_peminjaman` = :id_peminjaman:
 LIMIT 1', [...], false)
 4 SYSTEMPATH\Model.php(330): CodeIgniter\Database\BaseBuilder->get()
 5 SYSTEMPATH\BaseModel.php(715): CodeIgniter\Model->doFirst()
 6 APPPATH\Controllers\peminjaman.php(110): CodeIgniter\BaseModel->first()
 7 SYSTEMPATH\CodeIgniter.php(933): App\Controllers\Peminjaman->detail('69')
 8 SYSTEMPATH\CodeIgniter.php(507): CodeIgniter\CodeIgniter->runController(Object(App\Controllers\Peminjaman))
 9 SYSTEMPATH\CodeIgniter.php(354): CodeIgniter\CodeIgniter->handleRequest(null, Object(Config\Cache), false)
10 SYSTEMPATH\Boot.php(363): CodeIgniter\CodeIgniter->run()
11 SYSTEMPATH\Boot.php(68): CodeIgniter\Boot::runCodeIgniter(Object(CodeIgniter\CodeIgniter))
12 FCPATH\index.php(59): CodeIgniter\Boot::bootWeb(Object(Config\Paths))
CRITICAL - 2026-04-24 18:11:58 --> [Caused by] mysqli_sql_exception: Unknown column 'buku.judul' in 'field list'
in SYSTEMPATH\Database\MySQLi\Connection.php on line 327.
 1 SYSTEMPATH\Database\MySQLi\Connection.php(327): mysqli->query('SELECT `peminjaman`.*, `buku`.`judul`, `anggota`.`username` as `nama_anggota`, `petugas`.`username` as `nama_petugas`
FROM `peminjaman`
JOIN `users` as `anggota` ON `anggota`.`id_user` = `peminjaman`.`id_anggota`
JOIN `users` as `petugas` ON `petugas`.`id_user` = `peminjaman`.`id_petugas`
WHERE `id_peminjaman` = \'69\'
 LIMIT 1', 0)
 2 SYSTEMPATH\Database\BaseConnection.php(729): CodeIgniter\Database\MySQLi\Connection->execute('SELECT `peminjaman`.*, `buku`.`judul`, `anggota`.`username` as `nama_anggota`, `petugas`.`username` as `nama_petugas`
FROM `peminjaman`
JOIN `users` as `anggota` ON `anggota`.`id_user` = `peminjaman`.`id_anggota`
JOIN `users` as `petugas` ON `petugas`.`id_user` = `peminjaman`.`id_petugas`
WHERE `id_peminjaman` = \'69\'
 LIMIT 1')
 3 SYSTEMPATH\Database\BaseConnection.php(646): CodeIgniter\Database\BaseConnection->simpleQuery('SELECT `peminjaman`.*, `buku`.`judul`, `anggota`.`username` as `nama_anggota`, `petugas`.`username` as `nama_petugas`
FROM `peminjaman`
JOIN `users` as `anggota` ON `anggota`.`id_user` = `peminjaman`.`id_anggota`
JOIN `users` as `petugas` ON `petugas`.`id_user` = `peminjaman`.`id_petugas`
WHERE `id_peminjaman` = \'69\'
 LIMIT 1')
 4 SYSTEMPATH\Database\BaseBuilder.php(1649): CodeIgniter\Database\BaseConnection->query('SELECT `peminjaman`.*, `buku`.`judul`, `anggota`.`username` as `nama_anggota`, `petugas`.`username` as `nama_petugas`
FROM `peminjaman`
JOIN `users` as `anggota` ON `anggota`.`id_user` = `peminjaman`.`id_anggota`
JOIN `users` as `petugas` ON `petugas`.`id_user` = `peminjaman`.`id_petugas`
WHERE `id_peminjaman` = :id_peminjaman:
 LIMIT 1', [...], false)
 5 SYSTEMPATH\Model.php(330): CodeIgniter\Database\BaseBuilder->get()
 6 SYSTEMPATH\BaseModel.php(715): CodeIgniter\Model->doFirst()
 7 APPPATH\Controllers\peminjaman.php(110): CodeIgniter\BaseModel->first()
 8 SYSTEMPATH\CodeIgniter.php(933): App\Controllers\Peminjaman->detail('69')
 9 SYSTEMPATH\CodeIgniter.php(507): CodeIgniter\CodeIgniter->runController(Object(App\Controllers\Peminjaman))
10 SYSTEMPATH\CodeIgniter.php(354): CodeIgniter\CodeIgniter->handleRequest(null, Object(Config\Cache), false)
11 SYSTEMPATH\Boot.php(363): CodeIgniter\CodeIgniter->run()
12 SYSTEMPATH\Boot.php(68): CodeIgniter\Boot::runCodeIgniter(Object(CodeIgniter\CodeIgniter))
13 FCPATH\index.php(59): CodeIgniter\Boot::bootWeb(Object(Config\Paths))
ERROR - 2026-04-24 18:11:58 --> mysqli_sql_exception: Unknown column 'buku.judul' in 'field list' in C:\xampp\htdocs\perpus\system\Database\MySQLi\Connection.php:327
Stack trace:
#0 C:\xampp\htdocs\perpus\system\Database\MySQLi\Connection.php(327): mysqli->query('SELECT `peminja...', 0)
#1 C:\xampp\htdocs\perpus\system\Database\BaseConnection.php(729): CodeIgniter\Database\MySQLi\Connection->execute('SELECT `peminja...')
#2 C:\xampp\htdocs\perpus\system\Database\BaseConnection.php(646): CodeIgniter\Database\BaseConnection->simpleQuery('SELECT `peminja...')
#3 C:\xampp\htdocs\perpus\system\Database\BaseBuilder.php(1649): CodeIgniter\Database\BaseConnection->query('SELECT `peminja...', Array, false)
#4 C:\xampp\htdocs\perpus\system\Model.php(330): CodeIgniter\Database\BaseBuilder->get()
#5 C:\xampp\htdocs\perpus\system\BaseModel.php(715): CodeIgniter\Model->doFirst()
#6 C:\xampp\htdocs\perpus\app\Controllers\peminjaman.php(110): CodeIgniter\BaseModel->first()
#7 C:\xampp\htdocs\perpus\system\CodeIgniter.php(933): App\Controllers\Peminjaman->detail('69')
#8 C:\xampp\htdocs\perpus\system\CodeIgniter.php(507): CodeIgniter\CodeIgniter->runController(Object(App\Controllers\Peminjaman))
#9 C:\xampp\htdocs\perpus\system\CodeIgniter.php(354): CodeIgniter\CodeIgniter->handleRequest(NULL, Object(Config\Cache), false)
#10 C:\xampp\htdocs\perpus\system\Boot.php(363): CodeIgniter\CodeIgniter->run()
#11 C:\xampp\htdocs\perpus\system\Boot.php(68): CodeIgniter\Boot::runCodeIgniter(Object(CodeIgniter\CodeIgniter))
#12 C:\xampp\htdocs\perpus\index.php(59): CodeIgniter\Boot::bootWeb(Object(Config\Paths))
#13 {main}
CRITICAL - 2026-04-24 18:11:58 --> CodeIgniter\Database\Exceptions\DatabaseException: Unknown column 'buku.judul' in 'field list'
[Method: GET, Route: peminjaman/detail/69]
in SYSTEMPATH\Database\BaseConnection.php on line 684.
 1 SYSTEMPATH\Database\BaseBuilder.php(1649): CodeIgniter\Database\BaseConnection->query('SELECT `peminjaman`.*, `buku`.`judul`, `anggota`.`username` as `nama_anggota`, `petugas`.`username` as `nama_petugas`
FROM `peminjaman`
JOIN `users` as `anggota` ON `anggota`.`id_user` = `peminjaman`.`id_anggota`
JOIN `users` as `petugas` ON `petugas`.`id_user` = `peminjaman`.`id_petugas`
WHERE `id_peminjaman` = :id_peminjaman:
 LIMIT 1', [...], false)
 2 SYSTEMPATH\Model.php(330): CodeIgniter\Database\BaseBuilder->get()
 3 SYSTEMPATH\BaseModel.php(715): CodeIgniter\Model->doFirst()
 4 APPPATH\Controllers\peminjaman.php(110): CodeIgniter\BaseModel->first()
 5 SYSTEMPATH\CodeIgniter.php(933): App\Controllers\Peminjaman->detail('69')
 6 SYSTEMPATH\CodeIgniter.php(507): CodeIgniter\CodeIgniter->runController(Object(App\Controllers\Peminjaman))
 7 SYSTEMPATH\CodeIgniter.php(354): CodeIgniter\CodeIgniter->handleRequest(null, Object(Config\Cache), false)
 8 SYSTEMPATH\Boot.php(363): CodeIgniter\CodeIgniter->run()
 9 SYSTEMPATH\Boot.php(68): CodeIgniter\Boot::runCodeIgniter(Object(CodeIgniter\CodeIgniter))
10 FCPATH\index.php(59): CodeIgniter\Boot::bootWeb(Object(Config\Paths))
CRITICAL - 2026-04-24 18:11:58 --> [Caused by] CodeIgniter\Database\Exceptions\DatabaseException: Unknown column 'buku.judul' in 'field list'
in SYSTEMPATH\Database\MySQLi\Connection.php on line 332.
 1 SYSTEMPATH\Database\BaseConnection.php(729): CodeIgniter\Database\MySQLi\Connection->execute('SELECT `peminjaman`.*, `buku`.`judul`, `anggota`.`username` as `nama_anggota`, `petugas`.`username` as `nama_petugas`
FROM `peminjaman`
JOIN `users` as `anggota` ON `anggota`.`id_user` = `peminjaman`.`id_anggota`
JOIN `users` as `petugas` ON `petugas`.`id_user` = `peminjaman`.`id_petugas`
WHERE `id_peminjaman` = \'69\'
 LIMIT 1')
 2 SYSTEMPATH\Database\BaseConnection.php(646): CodeIgniter\Database\BaseConnection->simpleQuery('SELECT `peminjaman`.*, `buku`.`judul`, `anggota`.`username` as `nama_anggota`, `petugas`.`username` as `nama_petugas`
FROM `peminjaman`
JOIN `users` as `anggota` ON `anggota`.`id_user` = `peminjaman`.`id_anggota`
JOIN `users` as `petugas` ON `petugas`.`id_user` = `peminjaman`.`id_petugas`
WHERE `id_peminjaman` = \'69\'
 LIMIT 1')
 3 SYSTEMPATH\Database\BaseBuilder.php(1649): CodeIgniter\Database\BaseConnection->query('SELECT `peminjaman`.*, `buku`.`judul`, `anggota`.`username` as `nama_anggota`, `petugas`.`username` as `nama_petugas`
FROM `peminjaman`
JOIN `users` as `anggota` ON `anggota`.`id_user` = `peminjaman`.`id_anggota`
JOIN `users` as `petugas` ON `petugas`.`id_user` = `peminjaman`.`id_petugas`
WHERE `id_peminjaman` = :id_peminjaman:
 LIMIT 1', [...], false)
 4 SYSTEMPATH\Model.php(330): CodeIgniter\Database\BaseBuilder->get()
 5 SYSTEMPATH\BaseModel.php(715): CodeIgniter\Model->doFirst()
 6 APPPATH\Controllers\peminjaman.php(110): CodeIgniter\BaseModel->first()
 7 SYSTEMPATH\CodeIgniter.php(933): App\Controllers\Peminjaman->detail('69')
 8 SYSTEMPATH\CodeIgniter.php(507): CodeIgniter\CodeIgniter->runController(Object(App\Controllers\Peminjaman))
 9 SYSTEMPATH\CodeIgniter.php(354): CodeIgniter\CodeIgniter->handleRequest(null, Object(Config\Cache), false)
10 SYSTEMPATH\Boot.php(363): CodeIgniter\CodeIgniter->run()
11 SYSTEMPATH\Boot.php(68): CodeIgniter\Boot::runCodeIgniter(Object(CodeIgniter\CodeIgniter))
12 FCPATH\index.php(59): CodeIgniter\Boot::bootWeb(Object(Config\Paths))
CRITICAL - 2026-04-24 18:11:58 --> [Caused by] mysqli_sql_exception: Unknown column 'buku.judul' in 'field list'
in SYSTEMPATH\Database\MySQLi\Connection.php on line 327.
 1 SYSTEMPATH\Database\MySQLi\Connection.php(327): mysqli->query('SELECT `peminjaman`.*, `buku`.`judul`, `anggota`.`username` as `nama_anggota`, `petugas`.`username` as `nama_petugas`
FROM `peminjaman`
JOIN `users` as `anggota` ON `anggota`.`id_user` = `peminjaman`.`id_anggota`
JOIN `users` as `petugas` ON `petugas`.`id_user` = `peminjaman`.`id_petugas`
WHERE `id_peminjaman` = \'69\'
 LIMIT 1', 0)
 2 SYSTEMPATH\Database\BaseConnection.php(729): CodeIgniter\Database\MySQLi\Connection->execute('SELECT `peminjaman`.*, `buku`.`judul`, `anggota`.`username` as `nama_anggota`, `petugas`.`username` as `nama_petugas`
FROM `peminjaman`
JOIN `users` as `anggota` ON `anggota`.`id_user` = `peminjaman`.`id_anggota`
JOIN `users` as `petugas` ON `petugas`.`id_user` = `peminjaman`.`id_petugas`
WHERE `id_peminjaman` = \'69\'
 LIMIT 1')
 3 SYSTEMPATH\Database\BaseConnection.php(646): CodeIgniter\Database\BaseConnection->simpleQuery('SELECT `peminjaman`.*, `buku`.`judul`, `anggota`.`username` as `nama_anggota`, `petugas`.`username` as `nama_petugas`
FROM `peminjaman`
JOIN `users` as `anggota` ON `anggota`.`id_user` = `peminjaman`.`id_anggota`
JOIN `users` as `petugas` ON `petugas`.`id_user` = `peminjaman`.`id_petugas`
WHERE `id_peminjaman` = \'69\'
 LIMIT 1')
 4 SYSTEMPATH\Database\BaseBuilder.php(1649): CodeIgniter\Database\BaseConnection->query('SELECT `peminjaman`.*, `buku`.`judul`, `anggota`.`username` as `nama_anggota`, `petugas`.`username` as `nama_petugas`
FROM `peminjaman`
JOIN `users` as `anggota` ON `anggota`.`id_user` = `peminjaman`.`id_anggota`
JOIN `users` as `petugas` ON `petugas`.`id_user` = `peminjaman`.`id_petugas`
WHERE `id_peminjaman` = :id_peminjaman:
 LIMIT 1', [...], false)
 5 SYSTEMPATH\Model.php(330): CodeIgniter\Database\BaseBuilder->get()
 6 SYSTEMPATH\BaseModel.php(715): CodeIgniter\Model->doFirst()
 7 APPPATH\Controllers\peminjaman.php(110): CodeIgniter\BaseModel->first()
 8 SYSTEMPATH\CodeIgniter.php(933): App\Controllers\Peminjaman->detail('69')
 9 SYSTEMPATH\CodeIgniter.php(507): CodeIgniter\CodeIgniter->runController(Object(App\Controllers\Peminjaman))
10 SYSTEMPATH\CodeIgniter.php(354): CodeIgniter\CodeIgniter->handleRequest(null, Object(Config\Cache), false)
11 SYSTEMPATH\Boot.php(363): CodeIgniter\CodeIgniter->run()
12 SYSTEMPATH\Boot.php(68): CodeIgniter\Boot::runCodeIgniter(Object(CodeIgniter\CodeIgniter))
13 FCPATH\index.php(59): CodeIgniter\Boot::bootWeb(Object(Config\Paths))
ERROR - 2026-04-24 18:11:59 --> mysqli_sql_exception: Unknown column 'buku.judul' in 'field list' in C:\xampp\htdocs\perpus\system\Database\MySQLi\Connection.php:327
Stack trace:
#0 C:\xampp\htdocs\perpus\system\Database\MySQLi\Connection.php(327): mysqli->query('SELECT `peminja...', 0)
#1 C:\xampp\htdocs\perpus\system\Database\BaseConnection.php(729): CodeIgniter\Database\MySQLi\Connection->execute('SELECT `peminja...')
#2 C:\xampp\htdocs\perpus\system\Database\BaseConnection.php(646): CodeIgniter\Database\BaseConnection->simpleQuery('SELECT `peminja...')
#3 C:\xampp\htdocs\perpus\system\Database\BaseBuilder.php(1649): CodeIgniter\Database\BaseConnection->query('SELECT `peminja...', Array, false)
#4 C:\xampp\htdocs\perpus\system\Model.php(330): CodeIgniter\Database\BaseBuilder->get()
#5 C:\xampp\htdocs\perpus\system\BaseModel.php(715): CodeIgniter\Model->doFirst()
#6 C:\xampp\htdocs\perpus\app\Controllers\peminjaman.php(110): CodeIgniter\BaseModel->first()
#7 C:\xampp\htdocs\perpus\system\CodeIgniter.php(933): App\Controllers\Peminjaman->detail('69')
#8 C:\xampp\htdocs\perpus\system\CodeIgniter.php(507): CodeIgniter\CodeIgniter->runController(Object(App\Controllers\Peminjaman))
#9 C:\xampp\htdocs\perpus\system\CodeIgniter.php(354): CodeIgniter\CodeIgniter->handleRequest(NULL, Object(Config\Cache), false)
#10 C:\xampp\htdocs\perpus\system\Boot.php(363): CodeIgniter\CodeIgniter->run()
#11 C:\xampp\htdocs\perpus\system\Boot.php(68): CodeIgniter\Boot::runCodeIgniter(Object(CodeIgniter\CodeIgniter))
#12 C:\xampp\htdocs\perpus\index.php(59): CodeIgniter\Boot::bootWeb(Object(Config\Paths))
#13 {main}
CRITICAL - 2026-04-24 18:11:59 --> CodeIgniter\Database\Exceptions\DatabaseException: Unknown column 'buku.judul' in 'field list'
[Method: GET, Route: peminjaman/detail/69]
in SYSTEMPATH\Database\BaseConnection.php on line 684.
 1 SYSTEMPATH\Database\BaseBuilder.php(1649): CodeIgniter\Database\BaseConnection->query('SELECT `peminjaman`.*, `buku`.`judul`, `anggota`.`username` as `nama_anggota`, `petugas`.`username` as `nama_petugas`
FROM `peminjaman`
JOIN `users` as `anggota` ON `anggota`.`id_user` = `peminjaman`.`id_anggota`
JOIN `users` as `petugas` ON `petugas`.`id_user` = `peminjaman`.`id_petugas`
WHERE `id_peminjaman` = :id_peminjaman:
 LIMIT 1', [...], false)
 2 SYSTEMPATH\Model.php(330): CodeIgniter\Database\BaseBuilder->get()
 3 SYSTEMPATH\BaseModel.php(715): CodeIgniter\Model->doFirst()
 4 APPPATH\Controllers\peminjaman.php(110): CodeIgniter\BaseModel->first()
 5 SYSTEMPATH\CodeIgniter.php(933): App\Controllers\Peminjaman->detail('69')
 6 SYSTEMPATH\CodeIgniter.php(507): CodeIgniter\CodeIgniter->runController(Object(App\Controllers\Peminjaman))
 7 SYSTEMPATH\CodeIgniter.php(354): CodeIgniter\CodeIgniter->handleRequest(null, Object(Config\Cache), false)
 8 SYSTEMPATH\Boot.php(363): CodeIgniter\CodeIgniter->run()
 9 SYSTEMPATH\Boot.php(68): CodeIgniter\Boot::runCodeIgniter(Object(CodeIgniter\CodeIgniter))
10 FCPATH\index.php(59): CodeIgniter\Boot::bootWeb(Object(Config\Paths))
CRITICAL - 2026-04-24 18:11:59 --> [Caused by] CodeIgniter\Database\Exceptions\DatabaseException: Unknown column 'buku.judul' in 'field list'
in SYSTEMPATH\Database\MySQLi\Connection.php on line 332.
 1 SYSTEMPATH\Database\BaseConnection.php(729): CodeIgniter\Database\MySQLi\Connection->execute('SELECT `peminjaman`.*, `buku`.`judul`, `anggota`.`username` as `nama_anggota`, `petugas`.`username` as `nama_petugas`
FROM `peminjaman`
JOIN `users` as `anggota` ON `anggota`.`id_user` = `peminjaman`.`id_anggota`
JOIN `users` as `petugas` ON `petugas`.`id_user` = `peminjaman`.`id_petugas`
WHERE `id_peminjaman` = \'69\'
 LIMIT 1')
 2 SYSTEMPATH\Database\BaseConnection.php(646): CodeIgniter\Database\BaseConnection->simpleQuery('SELECT `peminjaman`.*, `buku`.`judul`, `anggota`.`username` as `nama_anggota`, `petugas`.`username` as `nama_petugas`
FROM `peminjaman`
JOIN `users` as `anggota` ON `anggota`.`id_user` = `peminjaman`.`id_anggota`
JOIN `users` as `petugas` ON `petugas`.`id_user` = `peminjaman`.`id_petugas`
WHERE `id_peminjaman` = \'69\'
 LIMIT 1')
 3 SYSTEMPATH\Database\BaseBuilder.php(1649): CodeIgniter\Database\BaseConnection->query('SELECT `peminjaman`.*, `buku`.`judul`, `anggota`.`username` as `nama_anggota`, `petugas`.`username` as `nama_petugas`
FROM `peminjaman`
JOIN `users` as `anggota` ON `anggota`.`id_user` = `peminjaman`.`id_anggota`
JOIN `users` as `petugas` ON `petugas`.`id_user` = `peminjaman`.`id_petugas`
WHERE `id_peminjaman` = :id_peminjaman:
 LIMIT 1', [...], false)
 4 SYSTEMPATH\Model.php(330): CodeIgniter\Database\BaseBuilder->get()
 5 SYSTEMPATH\BaseModel.php(715): CodeIgniter\Model->doFirst()
 6 APPPATH\Controllers\peminjaman.php(110): CodeIgniter\BaseModel->first()
 7 SYSTEMPATH\CodeIgniter.php(933): App\Controllers\Peminjaman->detail('69')
 8 SYSTEMPATH\CodeIgniter.php(507): CodeIgniter\CodeIgniter->runController(Object(App\Controllers\Peminjaman))
 9 SYSTEMPATH\CodeIgniter.php(354): CodeIgniter\CodeIgniter->handleRequest(null, Object(Config\Cache), false)
10 SYSTEMPATH\Boot.php(363): CodeIgniter\CodeIgniter->run()
11 SYSTEMPATH\Boot.php(68): CodeIgniter\Boot::runCodeIgniter(Object(CodeIgniter\CodeIgniter))
12 FCPATH\index.php(59): CodeIgniter\Boot::bootWeb(Object(Config\Paths))
CRITICAL - 2026-04-24 18:11:59 --> [Caused by] mysqli_sql_exception: Unknown column 'buku.judul' in 'field list'
in SYSTEMPATH\Database\MySQLi\Connection.php on line 327.
 1 SYSTEMPATH\Database\MySQLi\Connection.php(327): mysqli->query('SELECT `peminjaman`.*, `buku`.`judul`, `anggota`.`username` as `nama_anggota`, `petugas`.`username` as `nama_petugas`
FROM `peminjaman`
JOIN `users` as `anggota` ON `anggota`.`id_user` = `peminjaman`.`id_anggota`
JOIN `users` as `petugas` ON `petugas`.`id_user` = `peminjaman`.`id_petugas`
WHERE `id_peminjaman` = \'69\'
 LIMIT 1', 0)
 2 SYSTEMPATH\Database\BaseConnection.php(729): CodeIgniter\Database\MySQLi\Connection->execute('SELECT `peminjaman`.*, `buku`.`judul`, `anggota`.`username` as `nama_anggota`, `petugas`.`username` as `nama_petugas`
FROM `peminjaman`
JOIN `users` as `anggota` ON `anggota`.`id_user` = `peminjaman`.`id_anggota`
JOIN `users` as `petugas` ON `petugas`.`id_user` = `peminjaman`.`id_petugas`
WHERE `id_peminjaman` = \'69\'
 LIMIT 1')
 3 SYSTEMPATH\Database\BaseConnection.php(646): CodeIgniter\Database\BaseConnection->simpleQuery('SELECT `peminjaman`.*, `buku`.`judul`, `anggota`.`username` as `nama_anggota`, `petugas`.`username` as `nama_petugas`
FROM `peminjaman`
JOIN `users` as `anggota` ON `anggota`.`id_user` = `peminjaman`.`id_anggota`
JOIN `users` as `petugas` ON `petugas`.`id_user` = `peminjaman`.`id_petugas`
WHERE `id_peminjaman` = \'69\'
 LIMIT 1')
 4 SYSTEMPATH\Database\BaseBuilder.php(1649): CodeIgniter\Database\BaseConnection->query('SELECT `peminjaman`.*, `buku`.`judul`, `anggota`.`username` as `nama_anggota`, `petugas`.`username` as `nama_petugas`
FROM `peminjaman`
JOIN `users` as `anggota` ON `anggota`.`id_user` = `peminjaman`.`id_anggota`
JOIN `users` as `petugas` ON `petugas`.`id_user` = `peminjaman`.`id_petugas`
WHERE `id_peminjaman` = :id_peminjaman:
 LIMIT 1', [...], false)
 5 SYSTEMPATH\Model.php(330): CodeIgniter\Database\BaseBuilder->get()
 6 SYSTEMPATH\BaseModel.php(715): CodeIgniter\Model->doFirst()
 7 APPPATH\Controllers\peminjaman.php(110): CodeIgniter\BaseModel->first()
 8 SYSTEMPATH\CodeIgniter.php(933): App\Controllers\Peminjaman->detail('69')
 9 SYSTEMPATH\CodeIgniter.php(507): CodeIgniter\CodeIgniter->runController(Object(App\Controllers\Peminjaman))
10 SYSTEMPATH\CodeIgniter.php(354): CodeIgniter\CodeIgniter->handleRequest(null, Object(Config\Cache), false)
11 SYSTEMPATH\Boot.php(363): CodeIgniter\CodeIgniter->run()
12 SYSTEMPATH\Boot.php(68): CodeIgniter\Boot::runCodeIgniter(Object(CodeIgniter\CodeIgniter))
13 FCPATH\index.php(59): CodeIgniter\Boot::bootWeb(Object(Config\Paths))
ERROR - 2026-04-24 18:11:59 --> mysqli_sql_exception: Unknown column 'buku.judul' in 'field list' in C:\xampp\htdocs\perpus\system\Database\MySQLi\Connection.php:327
Stack trace:
#0 C:\xampp\htdocs\perpus\system\Database\MySQLi\Connection.php(327): mysqli->query('SELECT `peminja...', 0)
#1 C:\xampp\htdocs\perpus\system\Database\BaseConnection.php(729): CodeIgniter\Database\MySQLi\Connection->execute('SELECT `peminja...')
#2 C:\xampp\htdocs\perpus\system\Database\BaseConnection.php(646): CodeIgniter\Database\BaseConnection->simpleQuery('SELECT `peminja...')
#3 C:\xampp\htdocs\perpus\system\Database\BaseBuilder.php(1649): CodeIgniter\Database\BaseConnection->query('SELECT `peminja...', Array, false)
#4 C:\xampp\htdocs\perpus\system\Model.php(330): CodeIgniter\Database\BaseBuilder->get()
#5 C:\xampp\htdocs\perpus\system\BaseModel.php(715): CodeIgniter\Model->doFirst()
#6 C:\xampp\htdocs\perpus\app\Controllers\peminjaman.php(110): CodeIgniter\BaseModel->first()
#7 C:\xampp\htdocs\perpus\system\CodeIgniter.php(933): App\Controllers\Peminjaman->detail('69')
#8 C:\xampp\htdocs\perpus\system\CodeIgniter.php(507): CodeIgniter\CodeIgniter->runController(Object(App\Controllers\Peminjaman))
#9 C:\xampp\htdocs\perpus\system\CodeIgniter.php(354): CodeIgniter\CodeIgniter->handleRequest(NULL, Object(Config\Cache), false)
#10 C:\xampp\htdocs\perpus\system\Boot.php(363): CodeIgniter\CodeIgniter->run()
#11 C:\xampp\htdocs\perpus\system\Boot.php(68): CodeIgniter\Boot::runCodeIgniter(Object(CodeIgniter\CodeIgniter))
#12 C:\xampp\htdocs\perpus\index.php(59): CodeIgniter\Boot::bootWeb(Object(Config\Paths))
#13 {main}
CRITICAL - 2026-04-24 18:11:59 --> CodeIgniter\Database\Exceptions\DatabaseException: Unknown column 'buku.judul' in 'field list'
[Method: GET, Route: peminjaman/detail/69]
in SYSTEMPATH\Database\BaseConnection.php on line 684.
 1 SYSTEMPATH\Database\BaseBuilder.php(1649): CodeIgniter\Database\BaseConnection->query('SELECT `peminjaman`.*, `buku`.`judul`, `anggota`.`username` as `nama_anggota`, `petugas`.`username` as `nama_petugas`
FROM `peminjaman`
JOIN `users` as `anggota` ON `anggota`.`id_user` = `peminjaman`.`id_anggota`
JOIN `users` as `petugas` ON `petugas`.`id_user` = `peminjaman`.`id_petugas`
WHERE `id_peminjaman` = :id_peminjaman:
 LIMIT 1', [...], false)
 2 SYSTEMPATH\Model.php(330): CodeIgniter\Database\BaseBuilder->get()
 3 SYSTEMPATH\BaseModel.php(715): CodeIgniter\Model->doFirst()
 4 APPPATH\Controllers\peminjaman.php(110): CodeIgniter\BaseModel->first()
 5 SYSTEMPATH\CodeIgniter.php(933): App\Controllers\Peminjaman->detail('69')
 6 SYSTEMPATH\CodeIgniter.php(507): CodeIgniter\CodeIgniter->runController(Object(App\Controllers\Peminjaman))
 7 SYSTEMPATH\CodeIgniter.php(354): CodeIgniter\CodeIgniter->handleRequest(null, Object(Config\Cache), false)
 8 SYSTEMPATH\Boot.php(363): CodeIgniter\CodeIgniter->run()
 9 SYSTEMPATH\Boot.php(68): CodeIgniter\Boot::runCodeIgniter(Object(CodeIgniter\CodeIgniter))
10 FCPATH\index.php(59): CodeIgniter\Boot::bootWeb(Object(Config\Paths))
CRITICAL - 2026-04-24 18:11:59 --> [Caused by] CodeIgniter\Database\Exceptions\DatabaseException: Unknown column 'buku.judul' in 'field list'
in SYSTEMPATH\Database\MySQLi\Connection.php on line 332.
 1 SYSTEMPATH\Database\BaseConnection.php(729): CodeIgniter\Database\MySQLi\Connection->execute('SELECT `peminjaman`.*, `buku`.`judul`, `anggota`.`username` as `nama_anggota`, `petugas`.`username` as `nama_petugas`
FROM `peminjaman`
JOIN `users` as `anggota` ON `anggota`.`id_user` = `peminjaman`.`id_anggota`
JOIN `users` as `petugas` ON `petugas`.`id_user` = `peminjaman`.`id_petugas`
WHERE `id_peminjaman` = \'69\'
 LIMIT 1')
 2 SYSTEMPATH\Database\BaseConnection.php(646): CodeIgniter\Database\BaseConnection->simpleQuery('SELECT `peminjaman`.*, `buku`.`judul`, `anggota`.`username` as `nama_anggota`, `petugas`.`username` as `nama_petugas`
FROM `peminjaman`
JOIN `users` as `anggota` ON `anggota`.`id_user` = `peminjaman`.`id_anggota`
JOIN `users` as `petugas` ON `petugas`.`id_user` = `peminjaman`.`id_petugas`
WHERE `id_peminjaman` = \'69\'
 LIMIT 1')
 3 SYSTEMPATH\Database\BaseBuilder.php(1649): CodeIgniter\Database\BaseConnection->query('SELECT `peminjaman`.*, `buku`.`judul`, `anggota`.`username` as `nama_anggota`, `petugas`.`username` as `nama_petugas`
FROM `peminjaman`
JOIN `users` as `anggota` ON `anggota`.`id_user` = `peminjaman`.`id_anggota`
JOIN `users` as `petugas` ON `petugas`.`id_user` = `peminjaman`.`id_petugas`
WHERE `id_peminjaman` = :id_peminjaman:
 LIMIT 1', [...], false)
 4 SYSTEMPATH\Model.php(330): CodeIgniter\Database\BaseBuilder->get()
 5 SYSTEMPATH\BaseModel.php(715): CodeIgniter\Model->doFirst()
 6 APPPATH\Controllers\peminjaman.php(110): CodeIgniter\BaseModel->first()
 7 SYSTEMPATH\CodeIgniter.php(933): App\Controllers\Peminjaman->detail('69')
 8 SYSTEMPATH\CodeIgniter.php(507): CodeIgniter\CodeIgniter->runController(Object(App\Controllers\Peminjaman))
 9 SYSTEMPATH\CodeIgniter.php(354): CodeIgniter\CodeIgniter->handleRequest(null, Object(Config\Cache), false)
10 SYSTEMPATH\Boot.php(363): CodeIgniter\CodeIgniter->run()
11 SYSTEMPATH\Boot.php(68): CodeIgniter\Boot::runCodeIgniter(Object(CodeIgniter\CodeIgniter))
12 FCPATH\index.php(59): CodeIgniter\Boot::bootWeb(Object(Config\Paths))
CRITICAL - 2026-04-24 18:11:59 --> [Caused by] mysqli_sql_exception: Unknown column 'buku.judul' in 'field list'
in SYSTEMPATH\Database\MySQLi\Connection.php on line 327.
 1 SYSTEMPATH\Database\MySQLi\Connection.php(327): mysqli->query('SELECT `peminjaman`.*, `buku`.`judul`, `anggota`.`username` as `nama_anggota`, `petugas`.`username` as `nama_petugas`
FROM `peminjaman`
JOIN `users` as `anggota` ON `anggota`.`id_user` = `peminjaman`.`id_anggota`
JOIN `users` as `petugas` ON `petugas`.`id_user` = `peminjaman`.`id_petugas`
WHERE `id_peminjaman` = \'69\'
 LIMIT 1', 0)
 2 SYSTEMPATH\Database\BaseConnection.php(729): CodeIgniter\Database\MySQLi\Connection->execute('SELECT `peminjaman`.*, `buku`.`judul`, `anggota`.`username` as `nama_anggota`, `petugas`.`username` as `nama_petugas`
FROM `peminjaman`
JOIN `users` as `anggota` ON `anggota`.`id_user` = `peminjaman`.`id_anggota`
JOIN `users` as `petugas` ON `petugas`.`id_user` = `peminjaman`.`id_petugas`
WHERE `id_peminjaman` = \'69\'
 LIMIT 1')
 3 SYSTEMPATH\Database\BaseConnection.php(646): CodeIgniter\Database\BaseConnection->simpleQuery('SELECT `peminjaman`.*, `buku`.`judul`, `anggota`.`username` as `nama_anggota`, `petugas`.`username` as `nama_petugas`
FROM `peminjaman`
JOIN `users` as `anggota` ON `anggota`.`id_user` = `peminjaman`.`id_anggota`
JOIN `users` as `petugas` ON `petugas`.`id_user` = `peminjaman`.`id_petugas`
WHERE `id_peminjaman` = \'69\'
 LIMIT 1')
 4 SYSTEMPATH\Database\BaseBuilder.php(1649): CodeIgniter\Database\BaseConnection->query('SELECT `peminjaman`.*, `buku`.`judul`, `anggota`.`username` as `nama_anggota`, `petugas`.`username` as `nama_petugas`
FROM `peminjaman`
JOIN `users` as `anggota` ON `anggota`.`id_user` = `peminjaman`.`id_anggota`
JOIN `users` as `petugas` ON `petugas`.`id_user` = `peminjaman`.`id_petugas`
WHERE `id_peminjaman` = :id_peminjaman:
 LIMIT 1', [...], false)
 5 SYSTEMPATH\Model.php(330): CodeIgniter\Database\BaseBuilder->get()
 6 SYSTEMPATH\BaseModel.php(715): CodeIgniter\Model->doFirst()
 7 APPPATH\Controllers\peminjaman.php(110): CodeIgniter\BaseModel->first()
 8 SYSTEMPATH\CodeIgniter.php(933): App\Controllers\Peminjaman->detail('69')
 9 SYSTEMPATH\CodeIgniter.php(507): CodeIgniter\CodeIgniter->runController(Object(App\Controllers\Peminjaman))
10 SYSTEMPATH\CodeIgniter.php(354): CodeIgniter\CodeIgniter->handleRequest(null, Object(Config\Cache), false)
11 SYSTEMPATH\Boot.php(363): CodeIgniter\CodeIgniter->run()
12 SYSTEMPATH\Boot.php(68): CodeIgniter\Boot::runCodeIgniter(Object(CodeIgniter\CodeIgniter))
13 FCPATH\index.php(59): CodeIgniter\Boot::bootWeb(Object(Config\Paths))
ERROR - 2026-04-24 18:11:59 --> mysqli_sql_exception: Unknown column 'buku.judul' in 'field list' in C:\xampp\htdocs\perpus\system\Database\MySQLi\Connection.php:327
Stack trace:
#0 C:\xampp\htdocs\perpus\system\Database\MySQLi\Connection.php(327): mysqli->query('SELECT `peminja...', 0)
#1 C:\xampp\htdocs\perpus\system\Database\BaseConnection.php(729): CodeIgniter\Database\MySQLi\Connection->execute('SELECT `peminja...')
#2 C:\xampp\htdocs\perpus\system\Database\BaseConnection.php(646): CodeIgniter\Database\BaseConnection->simpleQuery('SELECT `peminja...')
#3 C:\xampp\htdocs\perpus\system\Database\BaseBuilder.php(1649): CodeIgniter\Database\BaseConnection->query('SELECT `peminja...', Array, false)
#4 C:\xampp\htdocs\perpus\system\Model.php(330): CodeIgniter\Database\BaseBuilder->get()
#5 C:\xampp\htdocs\perpus\system\BaseModel.php(715): CodeIgniter\Model->doFirst()
#6 C:\xampp\htdocs\perpus\app\Controllers\peminjaman.php(110): CodeIgniter\BaseModel->first()
#7 C:\xampp\htdocs\perpus\system\CodeIgniter.php(933): App\Controllers\Peminjaman->detail('69')
#8 C:\xampp\htdocs\perpus\system\CodeIgniter.php(507): CodeIgniter\CodeIgniter->runController(Object(App\Controllers\Peminjaman))
#9 C:\xampp\htdocs\perpus\system\CodeIgniter.php(354): CodeIgniter\CodeIgniter->handleRequest(NULL, Object(Config\Cache), false)
#10 C:\xampp\htdocs\perpus\system\Boot.php(363): CodeIgniter\CodeIgniter->run()
#11 C:\xampp\htdocs\perpus\system\Boot.php(68): CodeIgniter\Boot::runCodeIgniter(Object(CodeIgniter\CodeIgniter))
#12 C:\xampp\htdocs\perpus\index.php(59): CodeIgniter\Boot::bootWeb(Object(Config\Paths))
#13 {main}
CRITICAL - 2026-04-24 18:11:59 --> CodeIgniter\Database\Exceptions\DatabaseException: Unknown column 'buku.judul' in 'field list'
[Method: GET, Route: peminjaman/detail/69]
in SYSTEMPATH\Database\BaseConnection.php on line 684.
 1 SYSTEMPATH\Database\BaseBuilder.php(1649): CodeIgniter\Database\BaseConnection->query('SELECT `peminjaman`.*, `buku`.`judul`, `anggota`.`username` as `nama_anggota`, `petugas`.`username` as `nama_petugas`
FROM `peminjaman`
JOIN `users` as `anggota` ON `anggota`.`id_user` = `peminjaman`.`id_anggota`
JOIN `users` as `petugas` ON `petugas`.`id_user` = `peminjaman`.`id_petugas`
WHERE `id_peminjaman` = :id_peminjaman:
 LIMIT 1', [...], false)
 2 SYSTEMPATH\Model.php(330): CodeIgniter\Database\BaseBuilder->get()
 3 SYSTEMPATH\BaseModel.php(715): CodeIgniter\Model->doFirst()
 4 APPPATH\Controllers\peminjaman.php(110): CodeIgniter\BaseModel->first()
 5 SYSTEMPATH\CodeIgniter.php(933): App\Controllers\Peminjaman->detail('69')
 6 SYSTEMPATH\CodeIgniter.php(507): CodeIgniter\CodeIgniter->runController(Object(App\Controllers\Peminjaman))
 7 SYSTEMPATH\CodeIgniter.php(354): CodeIgniter\CodeIgniter->handleRequest(null, Object(Config\Cache), false)
 8 SYSTEMPATH\Boot.php(363): CodeIgniter\CodeIgniter->run()
 9 SYSTEMPATH\Boot.php(68): CodeIgniter\Boot::runCodeIgniter(Object(CodeIgniter\CodeIgniter))
10 FCPATH\index.php(59): CodeIgniter\Boot::bootWeb(Object(Config\Paths))
CRITICAL - 2026-04-24 18:11:59 --> [Caused by] CodeIgniter\Database\Exceptions\DatabaseException: Unknown column 'buku.judul' in 'field list'
in SYSTEMPATH\Database\MySQLi\Connection.php on line 332.
 1 SYSTEMPATH\Database\BaseConnection.php(729): CodeIgniter\Database\MySQLi\Connection->execute('SELECT `peminjaman`.*, `buku`.`judul`, `anggota`.`username` as `nama_anggota`, `petugas`.`username` as `nama_petugas`
FROM `peminjaman`
JOIN `users` as `anggota` ON `anggota`.`id_user` = `peminjaman`.`id_anggota`
JOIN `users` as `petugas` ON `petugas`.`id_user` = `peminjaman`.`id_petugas`
WHERE `id_peminjaman` = \'69\'
 LIMIT 1')
 2 SYSTEMPATH\Database\BaseConnection.php(646): CodeIgniter\Database\BaseConnection->simpleQuery('SELECT `peminjaman`.*, `buku`.`judul`, `anggota`.`username` as `nama_anggota`, `petugas`.`username` as `nama_petugas`
FROM `peminjaman`
JOIN `users` as `anggota` ON `anggota`.`id_user` = `peminjaman`.`id_anggota`
JOIN `users` as `petugas` ON `petugas`.`id_user` = `peminjaman`.`id_petugas`
WHERE `id_peminjaman` = \'69\'
 LIMIT 1')
 3 SYSTEMPATH\Database\BaseBuilder.php(1649): CodeIgniter\Database\BaseConnection->query('SELECT `peminjaman`.*, `buku`.`judul`, `anggota`.`username` as `nama_anggota`, `petugas`.`username` as `nama_petugas`
FROM `peminjaman`
JOIN `users` as `anggota` ON `anggota`.`id_user` = `peminjaman`.`id_anggota`
JOIN `users` as `petugas` ON `petugas`.`id_user` = `peminjaman`.`id_petugas`
WHERE `id_peminjaman` = :id_peminjaman:
 LIMIT 1', [...], false)
 4 SYSTEMPATH\Model.php(330): CodeIgniter\Database\BaseBuilder->get()
 5 SYSTEMPATH\BaseModel.php(715): CodeIgniter\Model->doFirst()
 6 APPPATH\Controllers\peminjaman.php(110): CodeIgniter\BaseModel->first()
 7 SYSTEMPATH\CodeIgniter.php(933): App\Controllers\Peminjaman->detail('69')
 8 SYSTEMPATH\CodeIgniter.php(507): CodeIgniter\CodeIgniter->runController(Object(App\Controllers\Peminjaman))
 9 SYSTEMPATH\CodeIgniter.php(354): CodeIgniter\CodeIgniter->handleRequest(null, Object(Config\Cache), false)
10 SYSTEMPATH\Boot.php(363): CodeIgniter\CodeIgniter->run()
11 SYSTEMPATH\Boot.php(68): CodeIgniter\Boot::runCodeIgniter(Object(CodeIgniter\CodeIgniter))
12 FCPATH\index.php(59): CodeIgniter\Boot::bootWeb(Object(Config\Paths))
CRITICAL - 2026-04-24 18:11:59 --> [Caused by] mysqli_sql_exception: Unknown column 'buku.judul' in 'field list'
in SYSTEMPATH\Database\MySQLi\Connection.php on line 327.
 1 SYSTEMPATH\Database\MySQLi\Connection.php(327): mysqli->query('SELECT `peminjaman`.*, `buku`.`judul`, `anggota`.`username` as `nama_anggota`, `petugas`.`username` as `nama_petugas`
FROM `peminjaman`
JOIN `users` as `anggota` ON `anggota`.`id_user` = `peminjaman`.`id_anggota`
JOIN `users` as `petugas` ON `petugas`.`id_user` = `peminjaman`.`id_petugas`
WHERE `id_peminjaman` = \'69\'
 LIMIT 1', 0)
 2 SYSTEMPATH\Database\BaseConnection.php(729): CodeIgniter\Database\MySQLi\Connection->execute('SELECT `peminjaman`.*, `buku`.`judul`, `anggota`.`username` as `nama_anggota`, `petugas`.`username` as `nama_petugas`
FROM `peminjaman`
JOIN `users` as `anggota` ON `anggota`.`id_user` = `peminjaman`.`id_anggota`
JOIN `users` as `petugas` ON `petugas`.`id_user` = `peminjaman`.`id_petugas`
WHERE `id_peminjaman` = \'69\'
 LIMIT 1')
 3 SYSTEMPATH\Database\BaseConnection.php(646): CodeIgniter\Database\BaseConnection->simpleQuery('SELECT `peminjaman`.*, `buku`.`judul`, `anggota`.`username` as `nama_anggota`, `petugas`.`username` as `nama_petugas`
FROM `peminjaman`
JOIN `users` as `anggota` ON `anggota`.`id_user` = `peminjaman`.`id_anggota`
JOIN `users` as `petugas` ON `petugas`.`id_user` = `peminjaman`.`id_petugas`
WHERE `id_peminjaman` = \'69\'
 LIMIT 1')
 4 SYSTEMPATH\Database\BaseBuilder.php(1649): CodeIgniter\Database\BaseConnection->query('SELECT `peminjaman`.*, `buku`.`judul`, `anggota`.`username` as `nama_anggota`, `petugas`.`username` as `nama_petugas`
FROM `peminjaman`
JOIN `users` as `anggota` ON `anggota`.`id_user` = `peminjaman`.`id_anggota`
JOIN `users` as `petugas` ON `petugas`.`id_user` = `peminjaman`.`id_petugas`
WHERE `id_peminjaman` = :id_peminjaman:
 LIMIT 1', [...], false)
 5 SYSTEMPATH\Model.php(330): CodeIgniter\Database\BaseBuilder->get()
 6 SYSTEMPATH\BaseModel.php(715): CodeIgniter\Model->doFirst()
 7 APPPATH\Controllers\peminjaman.php(110): CodeIgniter\BaseModel->first()
 8 SYSTEMPATH\CodeIgniter.php(933): App\Controllers\Peminjaman->detail('69')
 9 SYSTEMPATH\CodeIgniter.php(507): CodeIgniter\CodeIgniter->runController(Object(App\Controllers\Peminjaman))
10 SYSTEMPATH\CodeIgniter.php(354): CodeIgniter\CodeIgniter->handleRequest(null, Object(Config\Cache), false)
11 SYSTEMPATH\Boot.php(363): CodeIgniter\CodeIgniter->run()
12 SYSTEMPATH\Boot.php(68): CodeIgniter\Boot::runCodeIgniter(Object(CodeIgniter\CodeIgniter))
13 FCPATH\index.php(59): CodeIgniter\Boot::bootWeb(Object(Config\Paths))
ERROR - 2026-04-24 18:11:59 --> mysqli_sql_exception: Unknown column 'buku.judul' in 'field list' in C:\xampp\htdocs\perpus\system\Database\MySQLi\Connection.php:327
Stack trace:
#0 C:\xampp\htdocs\perpus\system\Database\MySQLi\Connection.php(327): mysqli->query('SELECT `peminja...', 0)
#1 C:\xampp\htdocs\perpus\system\Database\BaseConnection.php(729): CodeIgniter\Database\MySQLi\Connection->execute('SELECT `peminja...')
#2 C:\xampp\htdocs\perpus\system\Database\BaseConnection.php(646): CodeIgniter\Database\BaseConnection->simpleQuery('SELECT `peminja...')
#3 C:\xampp\htdocs\perpus\system\Database\BaseBuilder.php(1649): CodeIgniter\Database\BaseConnection->query('SELECT `peminja...', Array, false)
#4 C:\xampp\htdocs\perpus\system\Model.php(330): CodeIgniter\Database\BaseBuilder->get()
#5 C:\xampp\htdocs\perpus\system\BaseModel.php(715): CodeIgniter\Model->doFirst()
#6 C:\xampp\htdocs\perpus\app\Controllers\peminjaman.php(110): CodeIgniter\BaseModel->first()
#7 C:\xampp\htdocs\perpus\system\CodeIgniter.php(933): App\Controllers\Peminjaman->detail('69')
#8 C:\xampp\htdocs\perpus\system\CodeIgniter.php(507): CodeIgniter\CodeIgniter->runController(Object(App\Controllers\Peminjaman))
#9 C:\xampp\htdocs\perpus\system\CodeIgniter.php(354): CodeIgniter\CodeIgniter->handleRequest(NULL, Object(Config\Cache), false)
#10 C:\xampp\htdocs\perpus\system\Boot.php(363): CodeIgniter\CodeIgniter->run()
#11 C:\xampp\htdocs\perpus\system\Boot.php(68): CodeIgniter\Boot::runCodeIgniter(Object(CodeIgniter\CodeIgniter))
#12 C:\xampp\htdocs\perpus\index.php(59): CodeIgniter\Boot::bootWeb(Object(Config\Paths))
#13 {main}
CRITICAL - 2026-04-24 18:11:59 --> CodeIgniter\Database\Exceptions\DatabaseException: Unknown column 'buku.judul' in 'field list'
[Method: GET, Route: peminjaman/detail/69]
in SYSTEMPATH\Database\BaseConnection.php on line 684.
 1 SYSTEMPATH\Database\BaseBuilder.php(1649): CodeIgniter\Database\BaseConnection->query('SELECT `peminjaman`.*, `buku`.`judul`, `anggota`.`username` as `nama_anggota`, `petugas`.`username` as `nama_petugas`
FROM `peminjaman`
JOIN `users` as `anggota` ON `anggota`.`id_user` = `peminjaman`.`id_anggota`
JOIN `users` as `petugas` ON `petugas`.`id_user` = `peminjaman`.`id_petugas`
WHERE `id_peminjaman` = :id_peminjaman:
 LIMIT 1', [...], false)
 2 SYSTEMPATH\Model.php(330): CodeIgniter\Database\BaseBuilder->get()
 3 SYSTEMPATH\BaseModel.php(715): CodeIgniter\Model->doFirst()
 4 APPPATH\Controllers\peminjaman.php(110): CodeIgniter\BaseModel->first()
 5 SYSTEMPATH\CodeIgniter.php(933): App\Controllers\Peminjaman->detail('69')
 6 SYSTEMPATH\CodeIgniter.php(507): CodeIgniter\CodeIgniter->runController(Object(App\Controllers\Peminjaman))
 7 SYSTEMPATH\CodeIgniter.php(354): CodeIgniter\CodeIgniter->handleRequest(null, Object(Config\Cache), false)
 8 SYSTEMPATH\Boot.php(363): CodeIgniter\CodeIgniter->run()
 9 SYSTEMPATH\Boot.php(68): CodeIgniter\Boot::runCodeIgniter(Object(CodeIgniter\CodeIgniter))
10 FCPATH\index.php(59): CodeIgniter\Boot::bootWeb(Object(Config\Paths))
CRITICAL - 2026-04-24 18:11:59 --> [Caused by] CodeIgniter\Database\Exceptions\DatabaseException: Unknown column 'buku.judul' in 'field list'
in SYSTEMPATH\Database\MySQLi\Connection.php on line 332.
 1 SYSTEMPATH\Database\BaseConnection.php(729): CodeIgniter\Database\MySQLi\Connection->execute('SELECT `peminjaman`.*, `buku`.`judul`, `anggota`.`username` as `nama_anggota`, `petugas`.`username` as `nama_petugas`
FROM `peminjaman`
JOIN `users` as `anggota` ON `anggota`.`id_user` = `peminjaman`.`id_anggota`
JOIN `users` as `petugas` ON `petugas`.`id_user` = `peminjaman`.`id_petugas`
WHERE `id_peminjaman` = \'69\'
 LIMIT 1')
 2 SYSTEMPATH\Database\BaseConnection.php(646): CodeIgniter\Database\BaseConnection->simpleQuery('SELECT `peminjaman`.*, `buku`.`judul`, `anggota`.`username` as `nama_anggota`, `petugas`.`username` as `nama_petugas`
FROM `peminjaman`
JOIN `users` as `anggota` ON `anggota`.`id_user` = `peminjaman`.`id_anggota`
JOIN `users` as `petugas` ON `petugas`.`id_user` = `peminjaman`.`id_petugas`
WHERE `id_peminjaman` = \'69\'
 LIMIT 1')
 3 SYSTEMPATH\Database\BaseBuilder.php(1649): CodeIgniter\Database\BaseConnection->query('SELECT `peminjaman`.*, `buku`.`judul`, `anggota`.`username` as `nama_anggota`, `petugas`.`username` as `nama_petugas`
FROM `peminjaman`
JOIN `users` as `anggota` ON `anggota`.`id_user` = `peminjaman`.`id_anggota`
JOIN `users` as `petugas` ON `petugas`.`id_user` = `peminjaman`.`id_petugas`
WHERE `id_peminjaman` = :id_peminjaman:
 LIMIT 1', [...], false)
 4 SYSTEMPATH\Model.php(330): CodeIgniter\Database\BaseBuilder->get()
 5 SYSTEMPATH\BaseModel.php(715): CodeIgniter\Model->doFirst()
 6 APPPATH\Controllers\peminjaman.php(110): CodeIgniter\BaseModel->first()
 7 SYSTEMPATH\CodeIgniter.php(933): App\Controllers\Peminjaman->detail('69')
 8 SYSTEMPATH\CodeIgniter.php(507): CodeIgniter\CodeIgniter->runController(Object(App\Controllers\Peminjaman))
 9 SYSTEMPATH\CodeIgniter.php(354): CodeIgniter\CodeIgniter->handleRequest(null, Object(Config\Cache), false)
10 SYSTEMPATH\Boot.php(363): CodeIgniter\CodeIgniter->run()
11 SYSTEMPATH\Boot.php(68): CodeIgniter\Boot::runCodeIgniter(Object(CodeIgniter\CodeIgniter))
12 FCPATH\index.php(59): CodeIgniter\Boot::bootWeb(Object(Config\Paths))
CRITICAL - 2026-04-24 18:11:59 --> [Caused by] mysqli_sql_exception: Unknown column 'buku.judul' in 'field list'
in SYSTEMPATH\Database\MySQLi\Connection.php on line 327.
 1 SYSTEMPATH\Database\MySQLi\Connection.php(327): mysqli->query('SELECT `peminjaman`.*, `buku`.`judul`, `anggota`.`username` as `nama_anggota`, `petugas`.`username` as `nama_petugas`
FROM `peminjaman`
JOIN `users` as `anggota` ON `anggota`.`id_user` = `peminjaman`.`id_anggota`
JOIN `users` as `petugas` ON `petugas`.`id_user` = `peminjaman`.`id_petugas`
WHERE `id_peminjaman` = \'69\'
 LIMIT 1', 0)
 2 SYSTEMPATH\Database\BaseConnection.php(729): CodeIgniter\Database\MySQLi\Connection->execute('SELECT `peminjaman`.*, `buku`.`judul`, `anggota`.`username` as `nama_anggota`, `petugas`.`username` as `nama_petugas`
FROM `peminjaman`
JOIN `users` as `anggota` ON `anggota`.`id_user` = `peminjaman`.`id_anggota`
JOIN `users` as `petugas` ON `petugas`.`id_user` = `peminjaman`.`id_petugas`
WHERE `id_peminjaman` = \'69\'
 LIMIT 1')
 3 SYSTEMPATH\Database\BaseConnection.php(646): CodeIgniter\Database\BaseConnection->simpleQuery('SELECT `peminjaman`.*, `buku`.`judul`, `anggota`.`username` as `nama_anggota`, `petugas`.`username` as `nama_petugas`
FROM `peminjaman`
JOIN `users` as `anggota` ON `anggota`.`id_user` = `peminjaman`.`id_anggota`
JOIN `users` as `petugas` ON `petugas`.`id_user` = `peminjaman`.`id_petugas`
WHERE `id_peminjaman` = \'69\'
 LIMIT 1')
 4 SYSTEMPATH\Database\BaseBuilder.php(1649): CodeIgniter\Database\BaseConnection->query('SELECT `peminjaman`.*, `buku`.`judul`, `anggota`.`username` as `nama_anggota`, `petugas`.`username` as `nama_petugas`
FROM `peminjaman`
JOIN `users` as `anggota` ON `anggota`.`id_user` = `peminjaman`.`id_anggota`
JOIN `users` as `petugas` ON `petugas`.`id_user` = `peminjaman`.`id_petugas`
WHERE `id_peminjaman` = :id_peminjaman:
 LIMIT 1', [...], false)
 5 SYSTEMPATH\Model.php(330): CodeIgniter\Database\BaseBuilder->get()
 6 SYSTEMPATH\BaseModel.php(715): CodeIgniter\Model->doFirst()
 7 APPPATH\Controllers\peminjaman.php(110): CodeIgniter\BaseModel->first()
 8 SYSTEMPATH\CodeIgniter.php(933): App\Controllers\Peminjaman->detail('69')
 9 SYSTEMPATH\CodeIgniter.php(507): CodeIgniter\CodeIgniter->runController(Object(App\Controllers\Peminjaman))
10 SYSTEMPATH\CodeIgniter.php(354): CodeIgniter\CodeIgniter->handleRequest(null, Object(Config\Cache), false)
11 SYSTEMPATH\Boot.php(363): CodeIgniter\CodeIgniter->run()
12 SYSTEMPATH\Boot.php(68): CodeIgniter\Boot::runCodeIgniter(Object(CodeIgniter\CodeIgniter))
13 FCPATH\index.php(59): CodeIgniter\Boot::bootWeb(Object(Config\Paths))
ERROR - 2026-04-24 18:12:00 --> mysqli_sql_exception: Unknown column 'buku.judul' in 'field list' in C:\xampp\htdocs\perpus\system\Database\MySQLi\Connection.php:327
Stack trace:
#0 C:\xampp\htdocs\perpus\system\Database\MySQLi\Connection.php(327): mysqli->query('SELECT `peminja...', 0)
#1 C:\xampp\htdocs\perpus\system\Database\BaseConnection.php(729): CodeIgniter\Database\MySQLi\Connection->execute('SELECT `peminja...')
#2 C:\xampp\htdocs\perpus\system\Database\BaseConnection.php(646): CodeIgniter\Database\BaseConnection->simpleQuery('SELECT `peminja...')
#3 C:\xampp\htdocs\perpus\system\Database\BaseBuilder.php(1649): CodeIgniter\Database\BaseConnection->query('SELECT `peminja...', Array, false)
#4 C:\xampp\htdocs\perpus\system\Model.php(330): CodeIgniter\Database\BaseBuilder->get()
#5 C:\xampp\htdocs\perpus\system\BaseModel.php(715): CodeIgniter\Model->doFirst()
#6 C:\xampp\htdocs\perpus\app\Controllers\peminjaman.php(110): CodeIgniter\BaseModel->first()
#7 C:\xampp\htdocs\perpus\system\CodeIgniter.php(933): App\Controllers\Peminjaman->detail('69')
#8 C:\xampp\htdocs\perpus\system\CodeIgniter.php(507): CodeIgniter\CodeIgniter->runController(Object(App\Controllers\Peminjaman))
#9 C:\xampp\htdocs\perpus\system\CodeIgniter.php(354): CodeIgniter\CodeIgniter->handleRequest(NULL, Object(Config\Cache), false)
#10 C:\xampp\htdocs\perpus\system\Boot.php(363): CodeIgniter\CodeIgniter->run()
#11 C:\xampp\htdocs\perpus\system\Boot.php(68): CodeIgniter\Boot::runCodeIgniter(Object(CodeIgniter\CodeIgniter))
#12 C:\xampp\htdocs\perpus\index.php(59): CodeIgniter\Boot::bootWeb(Object(Config\Paths))
#13 {main}
CRITICAL - 2026-04-24 18:12:00 --> CodeIgniter\Database\Exceptions\DatabaseException: Unknown column 'buku.judul' in 'field list'
[Method: GET, Route: peminjaman/detail/69]
in SYSTEMPATH\Database\BaseConnection.php on line 684.
 1 SYSTEMPATH\Database\BaseBuilder.php(1649): CodeIgniter\Database\BaseConnection->query('SELECT `peminjaman`.*, `buku`.`judul`, `anggota`.`username` as `nama_anggota`, `petugas`.`username` as `nama_petugas`
FROM `peminjaman`
JOIN `users` as `anggota` ON `anggota`.`id_user` = `peminjaman`.`id_anggota`
JOIN `users` as `petugas` ON `petugas`.`id_user` = `peminjaman`.`id_petugas`
WHERE `id_peminjaman` = :id_peminjaman:
 LIMIT 1', [...], false)
 2 SYSTEMPATH\Model.php(330): CodeIgniter\Database\BaseBuilder->get()
 3 SYSTEMPATH\BaseModel.php(715): CodeIgniter\Model->doFirst()
 4 APPPATH\Controllers\peminjaman.php(110): CodeIgniter\BaseModel->first()
 5 SYSTEMPATH\CodeIgniter.php(933): App\Controllers\Peminjaman->detail('69')
 6 SYSTEMPATH\CodeIgniter.php(507): CodeIgniter\CodeIgniter->runController(Object(App\Controllers\Peminjaman))
 7 SYSTEMPATH\CodeIgniter.php(354): CodeIgniter\CodeIgniter->handleRequest(null, Object(Config\Cache), false)
 8 SYSTEMPATH\Boot.php(363): CodeIgniter\CodeIgniter->run()
 9 SYSTEMPATH\Boot.php(68): CodeIgniter\Boot::runCodeIgniter(Object(CodeIgniter\CodeIgniter))
10 FCPATH\index.php(59): CodeIgniter\Boot::bootWeb(Object(Config\Paths))
CRITICAL - 2026-04-24 18:12:00 --> [Caused by] CodeIgniter\Database\Exceptions\DatabaseException: Unknown column 'buku.judul' in 'field list'
in SYSTEMPATH\Database\MySQLi\Connection.php on line 332.
 1 SYSTEMPATH\Database\BaseConnection.php(729): CodeIgniter\Database\MySQLi\Connection->execute('SELECT `peminjaman`.*, `buku`.`judul`, `anggota`.`username` as `nama_anggota`, `petugas`.`username` as `nama_petugas`
FROM `peminjaman`
JOIN `users` as `anggota` ON `anggota`.`id_user` = `peminjaman`.`id_anggota`
JOIN `users` as `petugas` ON `petugas`.`id_user` = `peminjaman`.`id_petugas`
WHERE `id_peminjaman` = \'69\'
 LIMIT 1')
 2 SYSTEMPATH\Database\BaseConnection.php(646): CodeIgniter\Database\BaseConnection->simpleQuery('SELECT `peminjaman`.*, `buku`.`judul`, `anggota`.`username` as `nama_anggota`, `petugas`.`username` as `nama_petugas`
FROM `peminjaman`
JOIN `users` as `anggota` ON `anggota`.`id_user` = `peminjaman`.`id_anggota`
JOIN `users` as `petugas` ON `petugas`.`id_user` = `peminjaman`.`id_petugas`
WHERE `id_peminjaman` = \'69\'
 LIMIT 1')
 3 SYSTEMPATH\Database\BaseBuilder.php(1649): CodeIgniter\Database\BaseConnection->query('SELECT `peminjaman`.*, `buku`.`judul`, `anggota`.`username` as `nama_anggota`, `petugas`.`username` as `nama_petugas`
FROM `peminjaman`
JOIN `users` as `anggota` ON `anggota`.`id_user` = `peminjaman`.`id_anggota`
JOIN `users` as `petugas` ON `petugas`.`id_user` = `peminjaman`.`id_petugas`
WHERE `id_peminjaman` = :id_peminjaman:
 LIMIT 1', [...], false)
 4 SYSTEMPATH\Model.php(330): CodeIgniter\Database\BaseBuilder->get()
 5 SYSTEMPATH\BaseModel.php(715): CodeIgniter\Model->doFirst()
 6 APPPATH\Controllers\peminjaman.php(110): CodeIgniter\BaseModel->first()
 7 SYSTEMPATH\CodeIgniter.php(933): App\Controllers\Peminjaman->detail('69')
 8 SYSTEMPATH\CodeIgniter.php(507): CodeIgniter\CodeIgniter->runController(Object(App\Controllers\Peminjaman))
 9 SYSTEMPATH\CodeIgniter.php(354): CodeIgniter\CodeIgniter->handleRequest(null, Object(Config\Cache), false)
10 SYSTEMPATH\Boot.php(363): CodeIgniter\CodeIgniter->run()
11 SYSTEMPATH\Boot.php(68): CodeIgniter\Boot::runCodeIgniter(Object(CodeIgniter\CodeIgniter))
12 FCPATH\index.php(59): CodeIgniter\Boot::bootWeb(Object(Config\Paths))
CRITICAL - 2026-04-24 18:12:00 --> [Caused by] mysqli_sql_exception: Unknown column 'buku.judul' in 'field list'
in SYSTEMPATH\Database\MySQLi\Connection.php on line 327.
 1 SYSTEMPATH\Database\MySQLi\Connection.php(327): mysqli->query('SELECT `peminjaman`.*, `buku`.`judul`, `anggota`.`username` as `nama_anggota`, `petugas`.`username` as `nama_petugas`
FROM `peminjaman`
JOIN `users` as `anggota` ON `anggota`.`id_user` = `peminjaman`.`id_anggota`
JOIN `users` as `petugas` ON `petugas`.`id_user` = `peminjaman`.`id_petugas`
WHERE `id_peminjaman` = \'69\'
 LIMIT 1', 0)
 2 SYSTEMPATH\Database\BaseConnection.php(729): CodeIgniter\Database\MySQLi\Connection->execute('SELECT `peminjaman`.*, `buku`.`judul`, `anggota`.`username` as `nama_anggota`, `petugas`.`username` as `nama_petugas`
FROM `peminjaman`
JOIN `users` as `anggota` ON `anggota`.`id_user` = `peminjaman`.`id_anggota`
JOIN `users` as `petugas` ON `petugas`.`id_user` = `peminjaman`.`id_petugas`
WHERE `id_peminjaman` = \'69\'
 LIMIT 1')
 3 SYSTEMPATH\Database\BaseConnection.php(646): CodeIgniter\Database\BaseConnection->simpleQuery('SELECT `peminjaman`.*, `buku`.`judul`, `anggota`.`username` as `nama_anggota`, `petugas`.`username` as `nama_petugas`
FROM `peminjaman`
JOIN `users` as `anggota` ON `anggota`.`id_user` = `peminjaman`.`id_anggota`
JOIN `users` as `petugas` ON `petugas`.`id_user` = `peminjaman`.`id_petugas`
WHERE `id_peminjaman` = \'69\'
 LIMIT 1')
 4 SYSTEMPATH\Database\BaseBuilder.php(1649): CodeIgniter\Database\BaseConnection->query('SELECT `peminjaman`.*, `buku`.`judul`, `anggota`.`username` as `nama_anggota`, `petugas`.`username` as `nama_petugas`
FROM `peminjaman`
JOIN `users` as `anggota` ON `anggota`.`id_user` = `peminjaman`.`id_anggota`
JOIN `users` as `petugas` ON `petugas`.`id_user` = `peminjaman`.`id_petugas`
WHERE `id_peminjaman` = :id_peminjaman:
 LIMIT 1', [...], false)
 5 SYSTEMPATH\Model.php(330): CodeIgniter\Database\BaseBuilder->get()
 6 SYSTEMPATH\BaseModel.php(715): CodeIgniter\Model->doFirst()
 7 APPPATH\Controllers\peminjaman.php(110): CodeIgniter\BaseModel->first()
 8 SYSTEMPATH\CodeIgniter.php(933): App\Controllers\Peminjaman->detail('69')
 9 SYSTEMPATH\CodeIgniter.php(507): CodeIgniter\CodeIgniter->runController(Object(App\Controllers\Peminjaman))
10 SYSTEMPATH\CodeIgniter.php(354): CodeIgniter\CodeIgniter->handleRequest(null, Object(Config\Cache), false)
11 SYSTEMPATH\Boot.php(363): CodeIgniter\CodeIgniter->run()
12 SYSTEMPATH\Boot.php(68): CodeIgniter\Boot::runCodeIgniter(Object(CodeIgniter\CodeIgniter))
13 FCPATH\index.php(59): CodeIgniter\Boot::bootWeb(Object(Config\Paths))
ERROR - 2026-04-24 18:12:00 --> mysqli_sql_exception: Unknown column 'buku.judul' in 'field list' in C:\xampp\htdocs\perpus\system\Database\MySQLi\Connection.php:327
Stack trace:
#0 C:\xampp\htdocs\perpus\system\Database\MySQLi\Connection.php(327): mysqli->query('SELECT `peminja...', 0)
#1 C:\xampp\htdocs\perpus\system\Database\BaseConnection.php(729): CodeIgniter\Database\MySQLi\Connection->execute('SELECT `peminja...')
#2 C:\xampp\htdocs\perpus\system\Database\BaseConnection.php(646): CodeIgniter\Database\BaseConnection->simpleQuery('SELECT `peminja...')
#3 C:\xampp\htdocs\perpus\system\Database\BaseBuilder.php(1649): CodeIgniter\Database\BaseConnection->query('SELECT `peminja...', Array, false)
#4 C:\xampp\htdocs\perpus\system\Model.php(330): CodeIgniter\Database\BaseBuilder->get()
#5 C:\xampp\htdocs\perpus\system\BaseModel.php(715): CodeIgniter\Model->doFirst()
#6 C:\xampp\htdocs\perpus\app\Controllers\peminjaman.php(110): CodeIgniter\BaseModel->first()
#7 C:\xampp\htdocs\perpus\system\CodeIgniter.php(933): App\Controllers\Peminjaman->detail('69')
#8 C:\xampp\htdocs\perpus\system\CodeIgniter.php(507): CodeIgniter\CodeIgniter->runController(Object(App\Controllers\Peminjaman))
#9 C:\xampp\htdocs\perpus\system\CodeIgniter.php(354): CodeIgniter\CodeIgniter->handleRequest(NULL, Object(Config\Cache), false)
#10 C:\xampp\htdocs\perpus\system\Boot.php(363): CodeIgniter\CodeIgniter->run()
#11 C:\xampp\htdocs\perpus\system\Boot.php(68): CodeIgniter\Boot::runCodeIgniter(Object(CodeIgniter\CodeIgniter))
#12 C:\xampp\htdocs\perpus\index.php(59): CodeIgniter\Boot::bootWeb(Object(Config\Paths))
#13 {main}
CRITICAL - 2026-04-24 18:12:00 --> CodeIgniter\Database\Exceptions\DatabaseException: Unknown column 'buku.judul' in 'field list'
[Method: GET, Route: peminjaman/detail/69]
in SYSTEMPATH\Database\BaseConnection.php on line 684.
 1 SYSTEMPATH\Database\BaseBuilder.php(1649): CodeIgniter\Database\BaseConnection->query('SELECT `peminjaman`.*, `buku`.`judul`, `anggota`.`username` as `nama_anggota`, `petugas`.`username` as `nama_petugas`
FROM `peminjaman`
JOIN `users` as `anggota` ON `anggota`.`id_user` = `peminjaman`.`id_anggota`
JOIN `users` as `petugas` ON `petugas`.`id_user` = `peminjaman`.`id_petugas`
WHERE `id_peminjaman` = :id_peminjaman:
 LIMIT 1', [...], false)
 2 SYSTEMPATH\Model.php(330): CodeIgniter\Database\BaseBuilder->get()
 3 SYSTEMPATH\BaseModel.php(715): CodeIgniter\Model->doFirst()
 4 APPPATH\Controllers\peminjaman.php(110): CodeIgniter\BaseModel->first()
 5 SYSTEMPATH\CodeIgniter.php(933): App\Controllers\Peminjaman->detail('69')
 6 SYSTEMPATH\CodeIgniter.php(507): CodeIgniter\CodeIgniter->runController(Object(App\Controllers\Peminjaman))
 7 SYSTEMPATH\CodeIgniter.php(354): CodeIgniter\CodeIgniter->handleRequest(null, Object(Config\Cache), false)
 8 SYSTEMPATH\Boot.php(363): CodeIgniter\CodeIgniter->run()
 9 SYSTEMPATH\Boot.php(68): CodeIgniter\Boot::runCodeIgniter(Object(CodeIgniter\CodeIgniter))
10 FCPATH\index.php(59): CodeIgniter\Boot::bootWeb(Object(Config\Paths))
CRITICAL - 2026-04-24 18:12:00 --> [Caused by] CodeIgniter\Database\Exceptions\DatabaseException: Unknown column 'buku.judul' in 'field list'
in SYSTEMPATH\Database\MySQLi\Connection.php on line 332.
 1 SYSTEMPATH\Database\BaseConnection.php(729): CodeIgniter\Database\MySQLi\Connection->execute('SELECT `peminjaman`.*, `buku`.`judul`, `anggota`.`username` as `nama_anggota`, `petugas`.`username` as `nama_petugas`
FROM `peminjaman`
JOIN `users` as `anggota` ON `anggota`.`id_user` = `peminjaman`.`id_anggota`
JOIN `users` as `petugas` ON `petugas`.`id_user` = `peminjaman`.`id_petugas`
WHERE `id_peminjaman` = \'69\'
 LIMIT 1')
 2 SYSTEMPATH\Database\BaseConnection.php(646): CodeIgniter\Database\BaseConnection->simpleQuery('SELECT `peminjaman`.*, `buku`.`judul`, `anggota`.`username` as `nama_anggota`, `petugas`.`username` as `nama_petugas`
FROM `peminjaman`
JOIN `users` as `anggota` ON `anggota`.`id_user` = `peminjaman`.`id_anggota`
JOIN `users` as `petugas` ON `petugas`.`id_user` = `peminjaman`.`id_petugas`
WHERE `id_peminjaman` = \'69\'
 LIMIT 1')
 3 SYSTEMPATH\Database\BaseBuilder.php(1649): CodeIgniter\Database\BaseConnection->query('SELECT `peminjaman`.*, `buku`.`judul`, `anggota`.`username` as `nama_anggota`, `petugas`.`username` as `nama_petugas`
FROM `peminjaman`
JOIN `users` as `anggota` ON `anggota`.`id_user` = `peminjaman`.`id_anggota`
JOIN `users` as `petugas` ON `petugas`.`id_user` = `peminjaman`.`id_petugas`
WHERE `id_peminjaman` = :id_peminjaman:
 LIMIT 1', [...], false)
 4 SYSTEMPATH\Model.php(330): CodeIgniter\Database\BaseBuilder->get()
 5 SYSTEMPATH\BaseModel.php(715): CodeIgniter\Model->doFirst()
 6 APPPATH\Controllers\peminjaman.php(110): CodeIgniter\BaseModel->first()
 7 SYSTEMPATH\CodeIgniter.php(933): App\Controllers\Peminjaman->detail('69')
 8 SYSTEMPATH\CodeIgniter.php(507): CodeIgniter\CodeIgniter->runController(Object(App\Controllers\Peminjaman))
 9 SYSTEMPATH\CodeIgniter.php(354): CodeIgniter\CodeIgniter->handleRequest(null, Object(Config\Cache), false)
10 SYSTEMPATH\Boot.php(363): CodeIgniter\CodeIgniter->run()
11 SYSTEMPATH\Boot.php(68): CodeIgniter\Boot::runCodeIgniter(Object(CodeIgniter\CodeIgniter))
12 FCPATH\index.php(59): CodeIgniter\Boot::bootWeb(Object(Config\Paths))
CRITICAL - 2026-04-24 18:12:00 --> [Caused by] mysqli_sql_exception: Unknown column 'buku.judul' in 'field list'
in SYSTEMPATH\Database\MySQLi\Connection.php on line 327.
 1 SYSTEMPATH\Database\MySQLi\Connection.php(327): mysqli->query('SELECT `peminjaman`.*, `buku`.`judul`, `anggota`.`username` as `nama_anggota`, `petugas`.`username` as `nama_petugas`
FROM `peminjaman`
JOIN `users` as `anggota` ON `anggota`.`id_user` = `peminjaman`.`id_anggota`
JOIN `users` as `petugas` ON `petugas`.`id_user` = `peminjaman`.`id_petugas`
WHERE `id_peminjaman` = \'69\'
 LIMIT 1', 0)
 2 SYSTEMPATH\Database\BaseConnection.php(729): CodeIgniter\Database\MySQLi\Connection->execute('SELECT `peminjaman`.*, `buku`.`judul`, `anggota`.`username` as `nama_anggota`, `petugas`.`username` as `nama_petugas`
FROM `peminjaman`
JOIN `users` as `anggota` ON `anggota`.`id_user` = `peminjaman`.`id_anggota`
JOIN `users` as `petugas` ON `petugas`.`id_user` = `peminjaman`.`id_petugas`
WHERE `id_peminjaman` = \'69\'
 LIMIT 1')
 3 SYSTEMPATH\Database\BaseConnection.php(646): CodeIgniter\Database\BaseConnection->simpleQuery('SELECT `peminjaman`.*, `buku`.`judul`, `anggota`.`username` as `nama_anggota`, `petugas`.`username` as `nama_petugas`
FROM `peminjaman`
JOIN `users` as `anggota` ON `anggota`.`id_user` = `peminjaman`.`id_anggota`
JOIN `users` as `petugas` ON `petugas`.`id_user` = `peminjaman`.`id_petugas`
WHERE `id_peminjaman` = \'69\'
 LIMIT 1')
 4 SYSTEMPATH\Database\BaseBuilder.php(1649): CodeIgniter\Database\BaseConnection->query('SELECT `peminjaman`.*, `buku`.`judul`, `anggota`.`username` as `nama_anggota`, `petugas`.`username` as `nama_petugas`
FROM `peminjaman`
JOIN `users` as `anggota` ON `anggota`.`id_user` = `peminjaman`.`id_anggota`
JOIN `users` as `petugas` ON `petugas`.`id_user` = `peminjaman`.`id_petugas`
WHERE `id_peminjaman` = :id_peminjaman:
 LIMIT 1', [...], false)
 5 SYSTEMPATH\Model.php(330): CodeIgniter\Database\BaseBuilder->get()
 6 SYSTEMPATH\BaseModel.php(715): CodeIgniter\Model->doFirst()
 7 APPPATH\Controllers\peminjaman.php(110): CodeIgniter\BaseModel->first()
 8 SYSTEMPATH\CodeIgniter.php(933): App\Controllers\Peminjaman->detail('69')
 9 SYSTEMPATH\CodeIgniter.php(507): CodeIgniter\CodeIgniter->runController(Object(App\Controllers\Peminjaman))
10 SYSTEMPATH\CodeIgniter.php(354): CodeIgniter\CodeIgniter->handleRequest(null, Object(Config\Cache), false)
11 SYSTEMPATH\Boot.php(363): CodeIgniter\CodeIgniter->run()
12 SYSTEMPATH\Boot.php(68): CodeIgniter\Boot::runCodeIgniter(Object(CodeIgniter\CodeIgniter))
13 FCPATH\index.php(59): CodeIgniter\Boot::bootWeb(Object(Config\Paths))
ERROR - 2026-04-24 18:12:00 --> mysqli_sql_exception: Unknown column 'buku.judul' in 'field list' in C:\xampp\htdocs\perpus\system\Database\MySQLi\Connection.php:327
Stack trace:
#0 C:\xampp\htdocs\perpus\system\Database\MySQLi\Connection.php(327): mysqli->query('SELECT `peminja...', 0)
#1 C:\xampp\htdocs\perpus\system\Database\BaseConnection.php(729): CodeIgniter\Database\MySQLi\Connection->execute('SELECT `peminja...')
#2 C:\xampp\htdocs\perpus\system\Database\BaseConnection.php(646): CodeIgniter\Database\BaseConnection->simpleQuery('SELECT `peminja...')
#3 C:\xampp\htdocs\perpus\system\Database\BaseBuilder.php(1649): CodeIgniter\Database\BaseConnection->query('SELECT `peminja...', Array, false)
#4 C:\xampp\htdocs\perpus\system\Model.php(330): CodeIgniter\Database\BaseBuilder->get()
#5 C:\xampp\htdocs\perpus\system\BaseModel.php(715): CodeIgniter\Model->doFirst()
#6 C:\xampp\htdocs\perpus\app\Controllers\peminjaman.php(110): CodeIgniter\BaseModel->first()
#7 C:\xampp\htdocs\perpus\system\CodeIgniter.php(933): App\Controllers\Peminjaman->detail('69')
#8 C:\xampp\htdocs\perpus\system\CodeIgniter.php(507): CodeIgniter\CodeIgniter->runController(Object(App\Controllers\Peminjaman))
#9 C:\xampp\htdocs\perpus\system\CodeIgniter.php(354): CodeIgniter\CodeIgniter->handleRequest(NULL, Object(Config\Cache), false)
#10 C:\xampp\htdocs\perpus\system\Boot.php(363): CodeIgniter\CodeIgniter->run()
#11 C:\xampp\htdocs\perpus\system\Boot.php(68): CodeIgniter\Boot::runCodeIgniter(Object(CodeIgniter\CodeIgniter))
#12 C:\xampp\htdocs\perpus\index.php(59): CodeIgniter\Boot::bootWeb(Object(Config\Paths))
#13 {main}
CRITICAL - 2026-04-24 18:12:00 --> CodeIgniter\Database\Exceptions\DatabaseException: Unknown column 'buku.judul' in 'field list'
[Method: GET, Route: peminjaman/detail/69]
in SYSTEMPATH\Database\BaseConnection.php on line 684.
 1 SYSTEMPATH\Database\BaseBuilder.php(1649): CodeIgniter\Database\BaseConnection->query('SELECT `peminjaman`.*, `buku`.`judul`, `anggota`.`username` as `nama_anggota`, `petugas`.`username` as `nama_petugas`
FROM `peminjaman`
JOIN `users` as `anggota` ON `anggota`.`id_user` = `peminjaman`.`id_anggota`
JOIN `users` as `petugas` ON `petugas`.`id_user` = `peminjaman`.`id_petugas`
WHERE `id_peminjaman` = :id_peminjaman:
 LIMIT 1', [...], false)
 2 SYSTEMPATH\Model.php(330): CodeIgniter\Database\BaseBuilder->get()
 3 SYSTEMPATH\BaseModel.php(715): CodeIgniter\Model->doFirst()
 4 APPPATH\Controllers\peminjaman.php(110): CodeIgniter\BaseModel->first()
 5 SYSTEMPATH\CodeIgniter.php(933): App\Controllers\Peminjaman->detail('69')
 6 SYSTEMPATH\CodeIgniter.php(507): CodeIgniter\CodeIgniter->runController(Object(App\Controllers\Peminjaman))
 7 SYSTEMPATH\CodeIgniter.php(354): CodeIgniter\CodeIgniter->handleRequest(null, Object(Config\Cache), false)
 8 SYSTEMPATH\Boot.php(363): CodeIgniter\CodeIgniter->run()
 9 SYSTEMPATH\Boot.php(68): CodeIgniter\Boot::runCodeIgniter(Object(CodeIgniter\CodeIgniter))
10 FCPATH\index.php(59): CodeIgniter\Boot::bootWeb(Object(Config\Paths))
CRITICAL - 2026-04-24 18:12:00 --> [Caused by] CodeIgniter\Database\Exceptions\DatabaseException: Unknown column 'buku.judul' in 'field list'
in SYSTEMPATH\Database\MySQLi\Connection.php on line 332.
 1 SYSTEMPATH\Database\BaseConnection.php(729): CodeIgniter\Database\MySQLi\Connection->execute('SELECT `peminjaman`.*, `buku`.`judul`, `anggota`.`username` as `nama_anggota`, `petugas`.`username` as `nama_petugas`
FROM `peminjaman`
JOIN `users` as `anggota` ON `anggota`.`id_user` = `peminjaman`.`id_anggota`
JOIN `users` as `petugas` ON `petugas`.`id_user` = `peminjaman`.`id_petugas`
WHERE `id_peminjaman` = \'69\'
 LIMIT 1')
 2 SYSTEMPATH\Database\BaseConnection.php(646): CodeIgniter\Database\BaseConnection->simpleQuery('SELECT `peminjaman`.*, `buku`.`judul`, `anggota`.`username` as `nama_anggota`, `petugas`.`username` as `nama_petugas`
FROM `peminjaman`
JOIN `users` as `anggota` ON `anggota`.`id_user` = `peminjaman`.`id_anggota`
JOIN `users` as `petugas` ON `petugas`.`id_user` = `peminjaman`.`id_petugas`
WHERE `id_peminjaman` = \'69\'
 LIMIT 1')
 3 SYSTEMPATH\Database\BaseBuilder.php(1649): CodeIgniter\Database\BaseConnection->query('SELECT `peminjaman`.*, `buku`.`judul`, `anggota`.`username` as `nama_anggota`, `petugas`.`username` as `nama_petugas`
FROM `peminjaman`
JOIN `users` as `anggota` ON `anggota`.`id_user` = `peminjaman`.`id_anggota`
JOIN `users` as `petugas` ON `petugas`.`id_user` = `peminjaman`.`id_petugas`
WHERE `id_peminjaman` = :id_peminjaman:
 LIMIT 1', [...], false)
 4 SYSTEMPATH\Model.php(330): CodeIgniter\Database\BaseBuilder->get()
 5 SYSTEMPATH\BaseModel.php(715): CodeIgniter\Model->doFirst()
 6 APPPATH\Controllers\peminjaman.php(110): CodeIgniter\BaseModel->first()
 7 SYSTEMPATH\CodeIgniter.php(933): App\Controllers\Peminjaman->detail('69')
 8 SYSTEMPATH\CodeIgniter.php(507): CodeIgniter\CodeIgniter->runController(Object(App\Controllers\Peminjaman))
 9 SYSTEMPATH\CodeIgniter.php(354): CodeIgniter\CodeIgniter->handleRequest(null, Object(Config\Cache), false)
10 SYSTEMPATH\Boot.php(363): CodeIgniter\CodeIgniter->run()
11 SYSTEMPATH\Boot.php(68): CodeIgniter\Boot::runCodeIgniter(Object(CodeIgniter\CodeIgniter))
12 FCPATH\index.php(59): CodeIgniter\Boot::bootWeb(Object(Config\Paths))
CRITICAL - 2026-04-24 18:12:00 --> [Caused by] mysqli_sql_exception: Unknown column 'buku.judul' in 'field list'
in SYSTEMPATH\Database\MySQLi\Connection.php on line 327.
 1 SYSTEMPATH\Database\MySQLi\Connection.php(327): mysqli->query('SELECT `peminjaman`.*, `buku`.`judul`, `anggota`.`username` as `nama_anggota`, `petugas`.`username` as `nama_petugas`
FROM `peminjaman`
JOIN `users` as `anggota` ON `anggota`.`id_user` = `peminjaman`.`id_anggota`
JOIN `users` as `petugas` ON `petugas`.`id_user` = `peminjaman`.`id_petugas`
WHERE `id_peminjaman` = \'69\'
 LIMIT 1', 0)
 2 SYSTEMPATH\Database\BaseConnection.php(729): CodeIgniter\Database\MySQLi\Connection->execute('SELECT `peminjaman`.*, `buku`.`judul`, `anggota`.`username` as `nama_anggota`, `petugas`.`username` as `nama_petugas`
FROM `peminjaman`
JOIN `users` as `anggota` ON `anggota`.`id_user` = `peminjaman`.`id_anggota`
JOIN `users` as `petugas` ON `petugas`.`id_user` = `peminjaman`.`id_petugas`
WHERE `id_peminjaman` = \'69\'
 LIMIT 1')
 3 SYSTEMPATH\Database\BaseConnection.php(646): CodeIgniter\Database\BaseConnection->simpleQuery('SELECT `peminjaman`.*, `buku`.`judul`, `anggota`.`username` as `nama_anggota`, `petugas`.`username` as `nama_petugas`
FROM `peminjaman`
JOIN `users` as `anggota` ON `anggota`.`id_user` = `peminjaman`.`id_anggota`
JOIN `users` as `petugas` ON `petugas`.`id_user` = `peminjaman`.`id_petugas`
WHERE `id_peminjaman` = \'69\'
 LIMIT 1')
 4 SYSTEMPATH\Database\BaseBuilder.php(1649): CodeIgniter\Database\BaseConnection->query('SELECT `peminjaman`.*, `buku`.`judul`, `anggota`.`username` as `nama_anggota`, `petugas`.`username` as `nama_petugas`
FROM `peminjaman`
JOIN `users` as `anggota` ON `anggota`.`id_user` = `peminjaman`.`id_anggota`
JOIN `users` as `petugas` ON `petugas`.`id_user` = `peminjaman`.`id_petugas`
WHERE `id_peminjaman` = :id_peminjaman:
 LIMIT 1', [...], false)
 5 SYSTEMPATH\Model.php(330): CodeIgniter\Database\BaseBuilder->get()
 6 SYSTEMPATH\BaseModel.php(715): CodeIgniter\Model->doFirst()
 7 APPPATH\Controllers\peminjaman.php(110): CodeIgniter\BaseModel->first()
 8 SYSTEMPATH\CodeIgniter.php(933): App\Controllers\Peminjaman->detail('69')
 9 SYSTEMPATH\CodeIgniter.php(507): CodeIgniter\CodeIgniter->runController(Object(App\Controllers\Peminjaman))
10 SYSTEMPATH\CodeIgniter.php(354): CodeIgniter\CodeIgniter->handleRequest(null, Object(Config\Cache), false)
11 SYSTEMPATH\Boot.php(363): CodeIgniter\CodeIgniter->run()
12 SYSTEMPATH\Boot.php(68): CodeIgniter\Boot::runCodeIgniter(Object(CodeIgniter\CodeIgniter))
13 FCPATH\index.php(59): CodeIgniter\Boot::bootWeb(Object(Config\Paths))
ERROR - 2026-04-24 18:12:33 --> mysqli_sql_exception: Unknown column 'anggota.id_user' in 'on clause' in C:\xampp\htdocs\perpus\system\Database\MySQLi\Connection.php:327
Stack trace:
#0 C:\xampp\htdocs\perpus\system\Database\MySQLi\Connection.php(327): mysqli->query('SELECT `peminja...', 0)
#1 C:\xampp\htdocs\perpus\system\Database\BaseConnection.php(729): CodeIgniter\Database\MySQLi\Connection->execute('SELECT `peminja...')
#2 C:\xampp\htdocs\perpus\system\Database\BaseConnection.php(646): CodeIgniter\Database\BaseConnection->simpleQuery('SELECT `peminja...')
#3 C:\xampp\htdocs\perpus\system\Database\BaseBuilder.php(1649): CodeIgniter\Database\BaseConnection->query('SELECT `peminja...', Array, false)
#4 C:\xampp\htdocs\perpus\system\Model.php(330): CodeIgniter\Database\BaseBuilder->get()
#5 C:\xampp\htdocs\perpus\system\BaseModel.php(715): CodeIgniter\Model->doFirst()
#6 C:\xampp\htdocs\perpus\app\Controllers\peminjaman.php(111): CodeIgniter\BaseModel->first()
#7 C:\xampp\htdocs\perpus\system\CodeIgniter.php(933): App\Controllers\Peminjaman->detail('69')
#8 C:\xampp\htdocs\perpus\system\CodeIgniter.php(507): CodeIgniter\CodeIgniter->runController(Object(App\Controllers\Peminjaman))
#9 C:\xampp\htdocs\perpus\system\CodeIgniter.php(354): CodeIgniter\CodeIgniter->handleRequest(NULL, Object(Config\Cache), false)
#10 C:\xampp\htdocs\perpus\system\Boot.php(363): CodeIgniter\CodeIgniter->run()
#11 C:\xampp\htdocs\perpus\system\Boot.php(68): CodeIgniter\Boot::runCodeIgniter(Object(CodeIgniter\CodeIgniter))
#12 C:\xampp\htdocs\perpus\index.php(59): CodeIgniter\Boot::bootWeb(Object(Config\Paths))
#13 {main}
CRITICAL - 2026-04-24 18:12:33 --> CodeIgniter\Database\Exceptions\DatabaseException: Unknown column 'anggota.id_user' in 'on clause'
[Method: GET, Route: peminjaman/detail/69]
in SYSTEMPATH\Database\BaseConnection.php on line 684.
 1 SYSTEMPATH\Database\BaseBuilder.php(1649): CodeIgniter\Database\BaseConnection->query('SELECT `peminjaman`.*, `buku`.`judul`, `anggota`.`username` as `nama_anggota`, `petugas`.`username` as `nama_petugas`
FROM `peminjaman`
JOIN `buku` ON `buku`.`id_buku` = `peminjaman`.`id_buku`
JOIN `users` as `anggota` ON `anggota`.`id_user` = `peminjaman`.`id_anggota`
JOIN `users` as `petugas` ON `petugas`.`id_user` = `peminjaman`.`id_petugas`
WHERE `id_peminjaman` = :id_peminjaman:
 LIMIT 1', [...], false)
 2 SYSTEMPATH\Model.php(330): CodeIgniter\Database\BaseBuilder->get()
 3 SYSTEMPATH\BaseModel.php(715): CodeIgniter\Model->doFirst()
 4 APPPATH\Controllers\peminjaman.php(111): CodeIgniter\BaseModel->first()
 5 SYSTEMPATH\CodeIgniter.php(933): App\Controllers\Peminjaman->detail('69')
 6 SYSTEMPATH\CodeIgniter.php(507): CodeIgniter\CodeIgniter->runController(Object(App\Controllers\Peminjaman))
 7 SYSTEMPATH\CodeIgniter.php(354): CodeIgniter\CodeIgniter->handleRequest(null, Object(Config\Cache), false)
 8 SYSTEMPATH\Boot.php(363): CodeIgniter\CodeIgniter->run()
 9 SYSTEMPATH\Boot.php(68): CodeIgniter\Boot::runCodeIgniter(Object(CodeIgniter\CodeIgniter))
10 FCPATH\index.php(59): CodeIgniter\Boot::bootWeb(Object(Config\Paths))
CRITICAL - 2026-04-24 18:12:33 --> [Caused by] CodeIgniter\Database\Exceptions\DatabaseException: Unknown column 'anggota.id_user' in 'on clause'
in SYSTEMPATH\Database\MySQLi\Connection.php on line 332.
 1 SYSTEMPATH\Database\BaseConnection.php(729): CodeIgniter\Database\MySQLi\Connection->execute('SELECT `peminjaman`.*, `buku`.`judul`, `anggota`.`username` as `nama_anggota`, `petugas`.`username` as `nama_petugas`
FROM `peminjaman`
JOIN `buku` ON `buku`.`id_buku` = `peminjaman`.`id_buku`
JOIN `users` as `anggota` ON `anggota`.`id_user` = `peminjaman`.`id_anggota`
JOIN `users` as `petugas` ON `petugas`.`id_user` = `peminjaman`.`id_petugas`
WHERE `id_peminjaman` = \'69\'
 LIMIT 1')
 2 SYSTEMPATH\Database\BaseConnection.php(646): CodeIgniter\Database\BaseConnection->simpleQuery('SELECT `peminjaman`.*, `buku`.`judul`, `anggota`.`username` as `nama_anggota`, `petugas`.`username` as `nama_petugas`
FROM `peminjaman`
JOIN `buku` ON `buku`.`id_buku` = `peminjaman`.`id_buku`
JOIN `users` as `anggota` ON `anggota`.`id_user` = `peminjaman`.`id_anggota`
JOIN `users` as `petugas` ON `petugas`.`id_user` = `peminjaman`.`id_petugas`
WHERE `id_peminjaman` = \'69\'
 LIMIT 1')
 3 SYSTEMPATH\Database\BaseBuilder.php(1649): CodeIgniter\Database\BaseConnection->query('SELECT `peminjaman`.*, `buku`.`judul`, `anggota`.`username` as `nama_anggota`, `petugas`.`username` as `nama_petugas`
FROM `peminjaman`
JOIN `buku` ON `buku`.`id_buku` = `peminjaman`.`id_buku`
JOIN `users` as `anggota` ON `anggota`.`id_user` = `peminjaman`.`id_anggota`
JOIN `users` as `petugas` ON `petugas`.`id_user` = `peminjaman`.`id_petugas`
WHERE `id_peminjaman` = :id_peminjaman:
 LIMIT 1', [...], false)
 4 SYSTEMPATH\Model.php(330): CodeIgniter\Database\BaseBuilder->get()
 5 SYSTEMPATH\BaseModel.php(715): CodeIgniter\Model->doFirst()
 6 APPPATH\Controllers\peminjaman.php(111): CodeIgniter\BaseModel->first()
 7 SYSTEMPATH\CodeIgniter.php(933): App\Controllers\Peminjaman->detail('69')
 8 SYSTEMPATH\CodeIgniter.php(507): CodeIgniter\CodeIgniter->runController(Object(App\Controllers\Peminjaman))
 9 SYSTEMPATH\CodeIgniter.php(354): CodeIgniter\CodeIgniter->handleRequest(null, Object(Config\Cache), false)
10 SYSTEMPATH\Boot.php(363): CodeIgniter\CodeIgniter->run()
11 SYSTEMPATH\Boot.php(68): CodeIgniter\Boot::runCodeIgniter(Object(CodeIgniter\CodeIgniter))
12 FCPATH\index.php(59): CodeIgniter\Boot::bootWeb(Object(Config\Paths))
CRITICAL - 2026-04-24 18:12:33 --> [Caused by] mysqli_sql_exception: Unknown column 'anggota.id_user' in 'on clause'
in SYSTEMPATH\Database\MySQLi\Connection.php on line 327.
 1 SYSTEMPATH\Database\MySQLi\Connection.php(327): mysqli->query('SELECT `peminjaman`.*, `buku`.`judul`, `anggota`.`username` as `nama_anggota`, `petugas`.`username` as `nama_petugas`
FROM `peminjaman`
JOIN `buku` ON `buku`.`id_buku` = `peminjaman`.`id_buku`
JOIN `users` as `anggota` ON `anggota`.`id_user` = `peminjaman`.`id_anggota`
JOIN `users` as `petugas` ON `petugas`.`id_user` = `peminjaman`.`id_petugas`
WHERE `id_peminjaman` = \'69\'
 LIMIT 1', 0)
 2 SYSTEMPATH\Database\BaseConnection.php(729): CodeIgniter\Database\MySQLi\Connection->execute('SELECT `peminjaman`.*, `buku`.`judul`, `anggota`.`username` as `nama_anggota`, `petugas`.`username` as `nama_petugas`
FROM `peminjaman`
JOIN `buku` ON `buku`.`id_buku` = `peminjaman`.`id_buku`
JOIN `users` as `anggota` ON `anggota`.`id_user` = `peminjaman`.`id_anggota`
JOIN `users` as `petugas` ON `petugas`.`id_user` = `peminjaman`.`id_petugas`
WHERE `id_peminjaman` = \'69\'
 LIMIT 1')
 3 SYSTEMPATH\Database\BaseConnection.php(646): CodeIgniter\Database\BaseConnection->simpleQuery('SELECT `peminjaman`.*, `buku`.`judul`, `anggota`.`username` as `nama_anggota`, `petugas`.`username` as `nama_petugas`
FROM `peminjaman`
JOIN `buku` ON `buku`.`id_buku` = `peminjaman`.`id_buku`
JOIN `users` as `anggota` ON `anggota`.`id_user` = `peminjaman`.`id_anggota`
JOIN `users` as `petugas` ON `petugas`.`id_user` = `peminjaman`.`id_petugas`
WHERE `id_peminjaman` = \'69\'
 LIMIT 1')
 4 SYSTEMPATH\Database\BaseBuilder.php(1649): CodeIgniter\Database\BaseConnection->query('SELECT `peminjaman`.*, `buku`.`judul`, `anggota`.`username` as `nama_anggota`, `petugas`.`username` as `nama_petugas`
FROM `peminjaman`
JOIN `buku` ON `buku`.`id_buku` = `peminjaman`.`id_buku`
JOIN `users` as `anggota` ON `anggota`.`id_user` = `peminjaman`.`id_anggota`
JOIN `users` as `petugas` ON `petugas`.`id_user` = `peminjaman`.`id_petugas`
WHERE `id_peminjaman` = :id_peminjaman:
 LIMIT 1', [...], false)
 5 SYSTEMPATH\Model.php(330): CodeIgniter\Database\BaseBuilder->get()
 6 SYSTEMPATH\BaseModel.php(715): CodeIgniter\Model->doFirst()
 7 APPPATH\Controllers\peminjaman.php(111): CodeIgniter\BaseModel->first()
 8 SYSTEMPATH\CodeIgniter.php(933): App\Controllers\Peminjaman->detail('69')
 9 SYSTEMPATH\CodeIgniter.php(507): CodeIgniter\CodeIgniter->runController(Object(App\Controllers\Peminjaman))
10 SYSTEMPATH\CodeIgniter.php(354): CodeIgniter\CodeIgniter->handleRequest(null, Object(Config\Cache), false)
11 SYSTEMPATH\Boot.php(363): CodeIgniter\CodeIgniter->run()
12 SYSTEMPATH\Boot.php(68): CodeIgniter\Boot::runCodeIgniter(Object(CodeIgniter\CodeIgniter))
13 FCPATH\index.php(59): CodeIgniter\Boot::bootWeb(Object(Config\Paths))
DEBUG - 2026-04-24 18:12:45 --> Session: Class initialized using 'CodeIgniter\Session\Handlers\FileHandler' driver.
DEBUG - 2026-04-24 18:12:50 --> Session: Class initialized using 'CodeIgniter\Session\Handlers\FileHandler' driver.
DEBUG - 2026-04-24 18:12:52 --> Session: Class initialized using 'CodeIgniter\Session\Handlers\FileHandler' driver.
DEBUG - 2026-04-24 18:13:23 --> Session: Class initialized using 'CodeIgniter\Session\Handlers\FileHandler' driver.
DEBUG - 2026-04-24 18:13:24 --> Session: Class initialized using 'CodeIgniter\Session\Handlers\FileHandler' driver.
DEBUG - 2026-04-24 18:13:29 --> Session: Class initialized using 'CodeIgniter\Session\Handlers\FileHandler' driver.
DEBUG - 2026-04-24 18:13:29 --> Session: Class initialized using 'CodeIgniter\Session\Handlers\FileHandler' driver.
DEBUG - 2026-04-24 18:13:31 --> Session: Class initialized using 'CodeIgniter\Session\Handlers\FileHandler' driver.
DEBUG - 2026-04-24 18:14:14 --> Session: Class initialized using 'CodeIgniter\Session\Handlers\FileHandler' driver.
DEBUG - 2026-04-24 18:14:16 --> Session: Class initialized using 'CodeIgniter\Session\Handlers\FileHandler' driver.
CRITICAL - 2026-04-24 18:14:19 --> CodeIgniter\HTTP\Exceptions\HTTPException: The original file is not a valid file.
[Method: POST, Route: peminjaman/store]
in SYSTEMPATH\HTTP\Files\UploadedFile.php on line 142.
 1 SYSTEMPATH\HTTP\Files\UploadedFile.php(142): CodeIgniter\HTTP\Exceptions\HTTPException::forInvalidFile()
 2 APPPATH\Controllers\peminjaman.php(52): CodeIgniter\HTTP\Files\UploadedFile->move('uploads/', '1777054459_54229d4a00770598d548')
 3 SYSTEMPATH\CodeIgniter.php(933): App\Controllers\Peminjaman->store()
 4 SYSTEMPATH\CodeIgniter.php(507): CodeIgniter\CodeIgniter->runController(Object(App\Controllers\Peminjaman))
 5 SYSTEMPATH\CodeIgniter.php(354): CodeIgniter\CodeIgniter->handleRequest(null, Object(Config\Cache), false)
 6 SYSTEMPATH\Boot.php(363): CodeIgniter\CodeIgniter->run()
 7 SYSTEMPATH\Boot.php(68): CodeIgniter\Boot::runCodeIgniter(Object(CodeIgniter\CodeIgniter))
 8 FCPATH\index.php(59): CodeIgniter\Boot::bootWeb(Object(Config\Paths))
DEBUG - 2026-04-24 18:14:32 --> Session: Class initialized using 'CodeIgniter\Session\Handlers\FileHandler' driver.
DEBUG - 2026-04-24 18:14:32 --> Session: Class initialized using 'CodeIgniter\Session\Handlers\FileHandler' driver.
DEBUG - 2026-04-24 18:14:35 --> Session: Class initialized using 'CodeIgniter\Session\Handlers\FileHandler' driver.
DEBUG - 2026-04-24 18:14:53 --> Session: Class initialized using 'CodeIgniter\Session\Handlers\FileHandler' driver.
DEBUG - 2026-04-24 18:14:54 --> Session: Class initialized using 'CodeIgniter\Session\Handlers\FileHandler' driver.
DEBUG - 2026-04-24 18:14:56 --> Session: Class initialized using 'CodeIgniter\Session\Handlers\FileHandler' driver.
DEBUG - 2026-04-24 18:14:58 --> Session: Class initialized using 'CodeIgniter\Session\Handlers\FileHandler' driver.
DEBUG - 2026-04-24 18:14:58 --> Session: Class initialized using 'CodeIgniter\Session\Handlers\FileHandler' driver.
DEBUG - 2026-04-24 18:15:30 --> Session: Class initialized using 'CodeIgniter\Session\Handlers\FileHandler' driver.
DEBUG - 2026-04-24 18:15:32 --> Session: Class initialized using 'CodeIgniter\Session\Handlers\FileHandler' driver.
DEBUG - 2026-04-24 18:15:43 --> Session: Class initialized using 'CodeIgniter\Session\Handlers\FileHandler' driver.
DEBUG - 2026-04-24 18:15:43 --> Session: Class initialized using 'CodeIgniter\Session\Handlers\FileHandler' driver.
DEBUG - 2026-04-24 18:15:54 --> Session: Class initialized using 'CodeIgniter\Session\Handlers\FileHandler' driver.
DEBUG - 2026-04-24 18:15:55 --> Session: Class initialized using 'CodeIgniter\Session\Handlers\FileHandler' driver.
DEBUG - 2026-04-24 18:15:57 --> Session: Class initialized using 'CodeIgniter\Session\Handlers\FileHandler' driver.
DEBUG - 2026-04-24 18:16:37 --> Session: Class initialized using 'CodeIgniter\Session\Handlers\FileHandler' driver.
DEBUG - 2026-04-24 18:16:37 --> Session: Class initialized using 'CodeIgniter\Session\Handlers\FileHandler' driver.
DEBUG - 2026-04-24 18:17:29 --> Session: Class initialized using 'CodeIgniter\Session\Handlers\FileHandler' driver.
DEBUG - 2026-04-24 18:17:39 --> Session: Class initialized using 'CodeIgniter\Session\Handlers\FileHandler' driver.
DEBUG - 2026-04-24 18:17:39 --> Session: Class initialized using 'CodeIgniter\Session\Handlers\FileHandler' driver.
DEBUG - 2026-04-24 18:17:41 --> Session: Class initialized using 'CodeIgniter\Session\Handlers\FileHandler' driver.
DEBUG - 2026-04-24 18:17:55 --> Session: Class initialized using 'CodeIgniter\Session\Handlers\FileHandler' driver.
DEBUG - 2026-04-24 18:17:55 --> Session: Class initialized using 'CodeIgniter\Session\Handlers\FileHandler' driver.
DEBUG - 2026-04-24 18:17:57 --> Session: Class initialized using 'CodeIgniter\Session\Handlers\FileHandler' driver.
DEBUG - 2026-04-24 18:18:01 --> Session: Class initialized using 'CodeIgniter\Session\Handlers\FileHandler' driver.
DEBUG - 2026-04-24 18:18:03 --> Session: Class initialized using 'CodeIgniter\Session\Handlers\FileHandler' driver.
DEBUG - 2026-04-24 18:18:08 --> Session: Class initialized using 'CodeIgniter\Session\Handlers\FileHandler' driver.
DEBUG - 2026-04-24 18:18:08 --> Session: Class initialized using 'CodeIgniter\Session\Handlers\FileHandler' driver.
DEBUG - 2026-04-24 18:18:09 --> Session: Class initialized using 'CodeIgniter\Session\Handlers\FileHandler' driver.
DEBUG - 2026-04-24 18:18:13 --> Session: Class initialized using 'CodeIgniter\Session\Handlers\FileHandler' driver.
DEBUG - 2026-04-24 18:19:46 --> Session: Class initialized using 'CodeIgniter\Session\Handlers\FileHandler' driver.
DEBUG - 2026-04-24 18:19:47 --> Session: Class initialized using 'CodeIgniter\Session\Handlers\FileHandler' driver.
DEBUG - 2026-04-24 18:19:49 --> Session: Class initialized using 'CodeIgniter\Session\Handlers\FileHandler' driver.
DEBUG - 2026-04-24 18:20:15 --> Session: Class initialized using 'CodeIgniter\Session\Handlers\FileHandler' driver.
DEBUG - 2026-04-24 18:20:15 --> Session: Class initialized using 'CodeIgniter\Session\Handlers\FileHandler' driver.
DEBUG - 2026-04-24 18:20:17 --> Session: Class initialized using 'CodeIgniter\Session\Handlers\FileHandler' driver.
DEBUG - 2026-04-24 18:20:20 --> Session: Class initialized using 'CodeIgniter\Session\Handlers\FileHandler' driver.
DEBUG - 2026-04-24 18:20:36 --> Session: Class initialized using 'CodeIgniter\Session\Handlers\FileHandler' driver.
DEBUG - 2026-04-24 18:20:36 --> Session: Class initialized using 'CodeIgniter\Session\Handlers\FileHandler' driver.
DEBUG - 2026-04-24 18:20:50 --> Session: Class initialized using 'CodeIgniter\Session\Handlers\FileHandler' driver.
DEBUG - 2026-04-24 18:21:00 --> Session: Class initialized using 'CodeIgniter\Session\Handlers\FileHandler' driver.
DEBUG - 2026-04-24 18:21:02 --> Session: Class initialized using 'CodeIgniter\Session\Handlers\FileHandler' driver.
DEBUG - 2026-04-24 18:21:03 --> Session: Class initialized using 'CodeIgniter\Session\Handlers\FileHandler' driver.
DEBUG - 2026-04-24 18:21:03 --> Session: Class initialized using 'CodeIgniter\Session\Handlers\FileHandler' driver.
DEBUG - 2026-04-24 18:21:03 --> Session: Class initialized using 'CodeIgniter\Session\Handlers\FileHandler' driver.
DEBUG - 2026-04-24 18:21:04 --> Session: Class initialized using 'CodeIgniter\Session\Handlers\FileHandler' driver.
DEBUG - 2026-04-24 18:21:04 --> Session: Class initialized using 'CodeIgniter\Session\Handlers\FileHandler' driver.
DEBUG - 2026-04-24 18:21:05 --> Session: Class initialized using 'CodeIgniter\Session\Handlers\FileHandler' driver.
DEBUG - 2026-04-24 18:21:08 --> Session: Class initialized using 'CodeIgniter\Session\Handlers\FileHandler' driver.
DEBUG - 2026-04-24 18:21:08 --> Session: Class initialized using 'CodeIgniter\Session\Handlers\FileHandler' driver.
DEBUG - 2026-04-24 18:21:38 --> Session: Class initialized using 'CodeIgniter\Session\Handlers\FileHandler' driver.
DEBUG - 2026-04-24 18:21:38 --> Session: Class initialized using 'CodeIgniter\Session\Handlers\FileHandler' driver.
DEBUG - 2026-04-24 18:21:47 --> Session: Class initialized using 'CodeIgniter\Session\Handlers\FileHandler' driver.
DEBUG - 2026-04-24 18:21:47 --> Session: Class initialized using 'CodeIgniter\Session\Handlers\FileHandler' driver.
DEBUG - 2026-04-24 18:22:13 --> Session: Class initialized using 'CodeIgniter\Session\Handlers\FileHandler' driver.
DEBUG - 2026-04-24 18:22:13 --> Session: Class initialized using 'CodeIgniter\Session\Handlers\FileHandler' driver.
DEBUG - 2026-04-24 18:22:19 --> Session: Class initialized using 'CodeIgniter\Session\Handlers\FileHandler' driver.
DEBUG - 2026-04-24 18:22:19 --> Session: Class initialized using 'CodeIgniter\Session\Handlers\FileHandler' driver.
DEBUG - 2026-04-24 18:23:13 --> Session: Class initialized using 'CodeIgniter\Session\Handlers\FileHandler' driver.
DEBUG - 2026-04-24 18:23:13 --> Session: Class initialized using 'CodeIgniter\Session\Handlers\FileHandler' driver.
DEBUG - 2026-04-24 18:23:16 --> Session: Class initialized using 'CodeIgniter\Session\Handlers\FileHandler' driver.
DEBUG - 2026-04-24 18:23:19 --> Session: Class initialized using 'CodeIgniter\Session\Handlers\FileHandler' driver.
